date,open,close,high,low,volume,amount,pct_chg,change,turnover,amplitude,outstanding_share
2023-06-26,10.74,10.51,10.78,10.44,3683120.0,42115000.0,,,0.010158834168801494,,362553413.0
2023-06-27,10.56,10.92,10.96,10.56,4413100.0,51753402.0,3.9010466222645146,0.41000000000000014,0.012172275426903786,3.805899143672696,362553413.0
2023-06-28,10.91,10.87,10.95,10.64,3397291.0,39647701.0,-0.45787545787546735,-0.05000000000000071,0.00937045654015123,2.838827838827827,362553413.0
2023-06-29,10.87,11.05,11.13,10.79,3969100.0,47290255.0,1.6559337626494974,0.1800000000000015,0.010947628287807622,3.127874885004615,362553413.0
2023-06-30,11.12,11.17,11.29,11.04,3488500.0,42150479.0,1.0859728506787292,0.11999999999999922,0.009622030506164343,2.262443438914027,362553413.0
2023-07-03,11.17,11.24,11.28,11.11,3552900.0,42977153.0,0.6266786034019756,0.07000000000000028,0.009799659505618832,1.5219337511190683,362553413.0
2023-07-04,11.24,11.24,11.32,11.16,2387120.0,28957889.0,0.0,0.0,0.006584188465493772,1.4234875444839872,362553413.0
2023-07-05,11.21,11.17,11.25,11.11,2387900.0,28831579.0,-0.6227758007117501,-0.07000000000000028,0.006586339872630023,1.2455516014234926,362553413.0
2023-07-06,11.14,11.18,11.24,11.07,2282800.0,27524741.0,0.08952551477170445,0.009999999999999787,0.006296451552091719,1.5219337511190683,362553413.0
2023-07-07,11.18,11.08,11.18,10.95,2518300.0,30122577.0,-0.8944543828264706,-0.09999999999999964,0.00694601101438259,2.0572450805008984,362553413.0
2023-07-10,11.08,11.05,11.2,10.99,2077200.0,24789304.0,-0.27075812274367506,-0.02999999999999936,0.005729362696690432,1.8953068592057678,362553413.0
2023-07-11,11.09,11.29,11.29,11.0,3476000.0,41980234.0,2.1719457013574583,0.23999999999999844,0.009587552827698798,2.6244343891402635,362553413.0
2023-07-12,11.29,11.06,11.35,11.01,2814700.0,33947027.0,-2.037201062887495,-0.22999999999999865,0.007763545726157597,3.0115146147032763,362553413.0
2023-07-13,11.06,11.21,11.25,11.04,2898700.0,35031796.0,1.3562386980108476,0.15000000000000036,0.00799523572544606,1.8987341772151975,362553413.0
2023-07-14,11.32,11.26,11.33,11.11,3174762.0,38498005.0,0.4460303300624302,0.049999999999998934,0.008756673875250486,1.9625334522747604,362553413.0
2023-07-17,11.24,11.24,11.3,11.01,2548100.0,30617394.0,-0.1776198934280604,-0.019999999999999574,0.007028205799844449,2.575488454706935,362553413.0
2023-07-18,11.23,11.17,11.23,11.1,1794600.0,21618114.0,-0.6227758007117501,-0.07000000000000028,0.004949891341941387,1.1565836298932453,362553413.0
2023-07-19,11.17,11.31,11.42,11.12,4209700.0,51495720.0,1.2533572068039511,0.14000000000000057,0.011611254642912437,2.6857654431513045,362553413.0
2023-07-20,11.36,11.16,11.39,11.11,3251602.0,39348656.0,-1.326259946949604,-0.15000000000000036,0.008968615060313885,2.475685234305934,362553413.0
2023-07-21,11.12,11.08,11.25,11.04,2943700.0,35382821.0,-0.7168458781361964,-0.08000000000000007,0.008119355367922023,1.8817204301075345,362553413.0
2023-07-24,11.11,11.09,11.17,10.98,2179380.0,26115931.0,0.09025270758122872,0.009999999999999787,0.006011197031539185,1.7148014440433168,362553413.0
2023-07-25,11.18,11.3,11.32,11.15,3277900.0,39850098.0,1.8935978358882055,0.21000000000000085,0.009041150579376838,1.5329125338142464,362553413.0
2023-07-26,11.33,11.24,11.33,11.16,2756000.0,33395533.0,-0.5309734513274433,-0.0600000000000005,0.007601638548083396,1.5044247787610612,362553413.0
2023-07-27,11.27,11.19,11.29,11.12,2752500.0,33250276.0,-0.4448398576512469,-0.05000000000000071,0.007591984798113044,1.5124555160142341,362553413.0
2023-07-28,11.06,11.29,11.31,11.04,3239500.0,39244975.0,0.8936550491510209,0.09999999999999964,0.008935235151130682,2.4128686327077866,362553413.0
2023-07-31,11.31,11.45,11.48,11.27,4440400.0,54509438.0,1.417183348095663,0.16000000000000014,0.012247574676672538,1.8600531443755612,362553413.0
2023-08-01,11.43,11.42,11.75,11.36,5842600.0,72416269.0,-0.26200873362445254,-0.02999999999999936,0.016115142736223532,3.406113537117909,362553413.0
2023-08-02,11.32,11.35,11.43,11.24,3723000.0,45505909.0,-0.6129597197898407,-0.07000000000000028,0.01026883175417797,1.6637478108581392,362553413.0
2023-08-03,11.26,11.28,11.35,11.17,2591500.0,31462777.0,-0.6167400881057272,-0.07000000000000028,0.007147912299476822,1.5859030837004382,362553413.0
2023-08-04,11.28,11.16,11.35,11.11,4322800.0,52243075.0,-1.0638297872340385,-0.11999999999999922,0.01192320867766869,2.1276595744680873,362553413.0
2023-08-07,11.11,10.89,11.16,10.84,4415000.0,52167016.0,-2.4193548387096753,-0.2699999999999996,0.01217751603403055,2.8673835125448055,362553413.0
2023-08-08,10.91,10.97,11.0,10.76,3622580.0,42703665.0,0.7346189164370909,0.08000000000000007,0.009991851876457167,2.2038567493112966,362553413.0
2023-08-09,10.92,10.72,10.96,10.7,3583700.0,41704769.0,-2.2789425706472244,-0.25,0.009884612505357935,2.3701002734731227,362553413.0
2023-08-10,10.75,10.72,10.79,10.67,2625600.0,30426683.0,0.0,0.0,0.007241967406330829,1.1194029850746194,362553413.0
2023-08-11,10.67,10.5,10.79,10.47,3412800.0,39037450.0,-2.0522388059701524,-0.22000000000000064,0.009413233685377002,2.9850746268656576,362553413.0
2023-08-14,10.45,10.46,10.53,10.31,2860201.0,32233166.0,-0.3809523809523707,-0.03999999999999915,0.007889047233986458,2.0952380952380842,362553413.0
2023-08-15,10.47,10.54,10.57,10.42,2979800.0,33832818.0,0.7648183556405286,0.0799999999999983,0.008218926903330518,1.434034416826007,362553413.0
2023-08-16,10.47,10.45,10.55,10.41,2101700.0,23755661.0,-0.8538899430740043,-0.08999999999999986,0.0057969389464829005,1.3282732447817893,362553413.0
2023-08-17,10.45,10.65,10.65,10.35,2115800.0,24051253.0,1.9138755980861344,0.20000000000000107,0.0058358297677920355,2.8708133971291936,362553413.0
2023-08-18,10.63,10.44,10.69,10.42,2134700.0,24285665.0,-1.9718309859155014,-0.21000000000000085,0.0058879600176319396,2.5352112676056295,362553413.0
2023-08-21,10.44,10.41,10.58,10.39,2019400.0,22845229.0,-0.2873563218390718,-0.02999999999999936,0.0055699379114657515,1.8199233716475047,362553413.0
2023-08-22,10.49,10.39,10.49,10.21,3207902.0,35781923.0,-0.19212295869356355,-0.019999999999999574,0.00884808109639834,2.6897214217098884,362553413.0
2023-08-23,10.52,10.46,10.63,10.37,5588100.0,63542361.0,0.673724735322434,0.07000000000000028,0.015413177202665032,2.5024061597690235,362553413.0
2023-08-24,10.46,10.36,10.49,10.18,4704180.0,52651955.0,-0.9560229445506829,-0.10000000000000142,0.012975136438723858,2.9636711281070793,362553413.0
2023-08-25,10.4,10.16,10.4,10.1,4238901.0,46790601.0,-1.9305019305019266,-0.1999999999999993,0.011691797258022227,2.895752895752903,362553413.0
2023-08-28,10.65,10.42,10.7,10.4,7709000.0,88077451.0,2.5590551181102317,0.2599999999999998,0.02126307386327101,2.9527559055118004,362553413.0
2023-08-29,10.42,10.66,10.66,10.32,3885600.0,44291239.0,2.303262955854124,0.2400000000000002,0.010717317395657781,3.2629558541266785,362553413.0
2023-08-30,10.64,10.74,10.8,10.61,3305900.0,38281147.0,0.7504690431519689,0.08000000000000007,0.009118380579139659,1.7823639774859408,362553413.0
2023-08-31,10.7,10.66,10.76,10.59,2447800.0,28183764.0,-0.7448789571694592,-0.08000000000000007,0.006751556907836915,1.5828677839851018,362553413.0
2023-09-01,10.63,10.77,10.79,10.61,2517186.0,29129419.0,1.0318949343339545,0.10999999999999943,0.006942938363677741,1.6885553470919297,362553413.0
2023-09-04,10.79,11.08,11.11,10.77,5725600.0,67979035.0,2.8783658310120863,0.3100000000000005,0.01579243166578603,3.156917363045496,362553413.0
2023-09-05,11.05,10.97,11.09,10.92,3114601.0,36900517.0,-0.9927797833934937,-0.10999999999999943,0.008590736946117233,1.5342960288808658,362553413.0
2023-09-06,10.99,11.04,11.04,10.89,2960402.0,35127488.0,0.6381039197812077,0.06999999999999851,0.008165423062780546,1.3673655423883186,362553413.0
2023-09-07,11.04,10.92,11.05,10.87,2432679.0,28808547.0,-1.0869565217391242,-0.11999999999999922,0.006709849949750714,1.630434782608709,362553413.0
2023-09-08,10.83,10.88,10.94,10.79,2704500.0,31714887.0,-0.3663003663003539,-0.03999999999999915,0.007459590512805351,1.373626373626377,362553413.0
2023-09-11,10.87,10.93,10.97,10.78,3027800.0,35585784.0,0.4595588235293935,0.049999999999998934,0.008351321188638211,1.7463235294117763,362553413.0
2023-09-12,10.93,10.89,10.97,10.83,2988501.0,35187713.0,-0.36596523330282293,-0.03999999999999915,0.008242926125756814,1.280878316559932,362553413.0
2023-09-13,10.92,10.79,10.92,10.68,1815191.0,21147139.0,-0.9182736455463858,-0.10000000000000142,0.005006685732124111,2.2038567493112966,362553413.0
2023-09-14,10.73,10.74,10.8,10.66,2502400.0,29007531.0,-0.4633920296570837,-0.049999999999998934,0.006902155407374416,1.297497683039857,362553413.0
2023-09-15,10.79,10.79,10.89,10.69,3093300.0,36043222.0,0.4655493482309092,0.049999999999998934,0.008531984223797667,1.8621973929236597,362553413.0
2023-09-18,10.84,10.88,10.92,10.71,2896836.0,33819204.0,0.8341056533827773,0.09000000000000163,0.007990094414033278,1.9462465245597693,362553413.0
2023-09-19,10.91,10.74,10.91,10.7,1807837.0,21009873.0,-1.2867647058823595,-0.14000000000000057,0.004986401824329261,1.9301470588235372,362553413.0
2023-09-20,10.69,10.67,10.78,10.64,1915000.0,22113052.0,-0.6517690875232796,-0.07000000000000028,0.005281980340921518,1.3035381750465436,362553413.0
2023-09-21,10.65,10.62,10.68,10.52,1801200.0,20630462.0,-0.46860356138707093,-0.05000000000000071,0.0049680955561711955,1.4995313964386143,362553413.0
2023-09-22,10.61,10.77,10.79,10.51,2289606.0,26425111.0,1.412429378531077,0.15000000000000036,0.006315223958462639,2.6365348399246646,362553413.0
2023-09-25,10.74,10.7,10.81,10.67,1638439.0,18954772.0,-0.6499535747446661,-0.07000000000000028,0.004519165842192747,1.2999071494893275,362553413.0
2023-09-26,10.75,10.65,10.75,10.57,2341137.0,26902506.0,-0.4672897196261627,-0.049999999999998934,0.0064573574983832795,1.6822429906542031,362553413.0
2023-09-27,10.67,10.6,10.69,10.54,2857000.0,32700912.0,-0.46948356807512415,-0.05000000000000071,0.007880218190085001,1.4084507042253553,362553413.0
2023-09-28,10.64,10.79,10.79,10.57,3100299.0,35921814.0,1.7924528301886733,0.1899999999999995,0.008551288965524095,2.075471698113197,362553413.0
2023-10-09,10.73,10.46,10.78,10.37,5850478.0,66188922.0,-3.0583873957367724,-0.3299999999999983,0.016136871948299658,3.7998146431881388,362553413.0
2023-10-10,10.44,10.35,10.49,10.29,3743400.0,41884916.0,-1.051625239005749,-0.11000000000000121,0.01032509932543374,1.9120458891013485,362553413.0
2023-10-11,10.4,10.4,10.47,10.33,3496161.0,39225858.0,0.48309178743961567,0.05000000000000071,0.009643161185742306,1.3526570048309234,362553413.0
2023-10-12,10.38,10.43,10.47,10.37,2486100.0,27947349.0,0.28846153846153744,0.02999999999999936,0.0068571965146553455,0.9615384615384751,362553413.0
2023-10-13,10.43,10.22,10.43,10.13,4331400.0,47813895.0,-2.0134228187919323,-0.20999999999999908,0.011946929320452984,2.8763183125599134,362553413.0
2023-10-16,10.18,10.26,10.34,10.16,3407618.0,37684180.0,0.3913894324853118,0.03999999999999915,0.009398940618992324,1.76125244618395,362553413.0
2023-10-17,10.31,10.25,10.31,10.13,3503300.0,38573417.0,-0.09746588693957392,-0.009999999999999787,0.009662852077467548,1.7543859649122777,362553413.0
2023-10-18,10.24,10.04,10.24,9.99,3385171.0,36801234.0,-2.048780487804891,-0.21000000000000085,0.009337026983111037,2.4390243902439024,362553413.0
2023-10-19,10.04,9.95,10.06,9.91,2201300.0,23724473.0,-0.8964143426294813,-0.08999999999999986,0.006071657088496364,1.494023904382474,362553413.0
2023-10-20,9.98,9.9,9.99,9.84,2200620.0,23527412.0,-0.5025125628140614,-0.049999999999998934,0.006069781502787839,1.507537688442215,362553413.0
2023-10-23,9.82,9.4,9.88,9.28,7117534.0,72991640.0,-5.05050505050505,-0.5,0.01963168389756684,6.060606060606075,362553413.0
2023-10-24,9.4,9.43,9.49,9.22,7765477.0,78817708.0,0.31914893617019935,0.02999999999999936,0.0214188495310069,2.8723404255319105,362553413.0
2023-10-25,9.45,9.48,9.59,9.37,4506014.0,46243795.0,0.5302226935312904,0.05000000000000071,0.0124285521482596,2.3329798515376523,362553413.0
2023-10-26,9.42,9.52,9.53,9.34,4131771.0,42018479.0,0.42194092827003704,0.03999999999999915,0.011396309762501118,2.004219409282695,362553413.0
2023-10-27,9.49,9.7,9.72,9.43,3952633.0,41085967.0,1.8907563025210017,0.17999999999999972,0.010902208773304252,3.046218487394968,362553413.0
2023-10-30,9.71,9.8,9.81,9.63,4648780.0,48956560.0,1.030927835051565,0.10000000000000142,0.012822331367764561,1.8556701030927807,362553413.0
2023-10-31,9.83,9.85,9.87,9.76,2637200.0,27955759.0,0.5102040816326481,0.049999999999998934,0.007273962691946855,1.1224489795918309,362553413.0
2023-11-01,9.84,9.86,9.87,9.78,2957063.0,31376181.0,0.10152284263960087,0.009999999999999787,0.008156213385308829,0.9137055837563437,362553413.0
2023-11-02,9.85,9.77,9.89,9.72,2955900.0,31210695.0,-0.9127789046653123,-0.08999999999999986,0.008153005582104394,1.724137931034482,362553413.0
2023-11-03,9.76,9.87,9.92,9.65,2421298.0,25718128.0,1.0235414534288667,0.09999999999999964,0.006678458713061405,2.763561924257928,362553413.0
2023-11-06,9.93,10.0,10.01,9.85,2993300.0,32120552.0,1.317122593718345,0.13000000000000078,0.008256162796073305,1.621073961499495,362553413.0
2023-11-07,10.0,11.0,11.0,9.91,21286503.0,244718165.0,10.000000000000009,1.0,0.05871273648718899,10.899999999999999,362553413.0
2023-11-08,10.96,11.04,11.11,10.67,24654050.0,289229853.0,0.363636363636366,0.03999999999999915,0.06800115270187788,3.999999999999995,362553413.0
2023-11-09,11.05,10.83,11.09,10.61,13081700.0,152201066.0,-1.90217391304347,-0.20999999999999908,0.03608213171061777,4.347826086956526,362553413.0
2023-11-10,10.78,11.29,11.65,10.63,23500569.0,284892836.0,4.24746075715603,0.4599999999999991,0.06481960493914865,9.41828254847645,362553413.0
2023-11-13,11.3,11.4,11.6,10.99,16839273.0,205905343.0,0.9743135518157864,0.11000000000000121,0.04644632320700288,5.403011514614699,362553413.0
2023-11-14,11.57,11.42,11.71,11.1,15502307.0,190098841.0,0.17543859649122862,0.019999999999999574,0.042758684497613594,5.350877192982466,362553413.0
2023-11-15,11.42,11.36,11.53,11.33,7916801.0,97394833.0,-0.5253940455341555,-0.0600000000000005,0.02183623354829651,1.7513134851138292,362553413.0
2023-11-16,11.33,11.05,11.38,10.97,12593960.0,151157072.0,-2.7288732394366133,-0.3099999999999987,0.03473684027903497,3.6091549295774663,362553413.0
2023-11-17,11.06,11.21,11.25,10.92,6983900.0,83606214.0,1.4479638009049722,0.16000000000000014,0.019263092690841668,2.9864253393665163,362553413.0
2023-11-20,11.16,11.41,11.49,11.15,6432700.0,78603618.0,1.7841213202497652,0.1999999999999993,0.017742764981224988,3.0330062444246195,362553413.0
2023-11-21,11.44,11.34,11.46,11.29,5246400.0,64382501.0,-0.613496932515345,-0.07000000000000028,0.014470695384130889,1.489921121822977,362553413.0
2023-11-22,11.32,11.26,11.39,11.24,4015900.0,49018201.0,-0.7054673721340388,-0.08000000000000007,0.011076712715982625,1.322751322751326,362553413.0
2023-11-23,11.26,11.29,11.33,11.19,4155700.0,50551378.0,0.2664298401420906,0.02999999999999936,0.01146231107194128,1.2433392539964525,362553413.0
2023-11-24,11.28,11.21,11.48,11.17,4458200.0,54366053.0,-0.7085916740478204,-0.0799999999999983,0.012296670890807474,2.745792736935346,362553413.0
2023-11-27,11.27,11.14,11.28,11.09,3492900.0,42035416.0,-0.6244424620874267,-0.07000000000000028,0.009634166648984215,1.6949152542372836,362553413.0
2023-11-28,11.1,11.12,11.18,11.03,3928652.0,47141012.0,-0.17953321364453378,-0.02000000000000135,0.010836064036721674,1.3464991023339348,362553413.0
2023-11-29,11.15,10.99,11.18,10.92,5941422.0,70899116.0,-1.1690647482014316,-0.129999999999999,0.0163877149875293,2.338129496402876,362553413.0
2023-11-30,11.1,10.87,11.1,10.77,5437900.0,63944589.0,-1.0919017288444133,-0.120000000000001,0.01499889341822304,3.0027297543221114,362553413.0
2023-12-01,10.86,11.01,11.02,10.8,5062500.0,59970436.0,1.28794848206073,0.14000000000000057,0.01396345977854579,2.0239190432382603,362553413.0
2023-12-04,10.97,10.96,11.06,10.91,4282400.0,50802629.0,-0.4541326067211582,-0.049999999999998934,0.011811776820868047,1.362397820163491,362553413.0
2023-12-05,10.92,10.8,10.93,10.77,2770500.0,32425519.0,-1.4598540145985384,-0.16000000000000014,0.007641632655103429,1.4598540145985412,362553413.0
2023-12-06,10.76,10.92,10.94,10.74,3503400.0,41080889.0,1.1111111111111072,0.11999999999999922,0.009663127898895273,1.8518518518518452,362553413.0
2023-12-07,10.92,10.92,10.97,10.79,3301200.0,38810180.0,0.0,0.0,0.009105416972036614,1.648351648351662,362553413.0
2023-12-08,10.94,10.67,10.96,10.65,4196900.0,48774855.0,-2.2893772893772923,-0.25,0.011575949500163718,2.8388278388278434,362553413.0
2023-12-11,10.63,10.77,10.79,10.58,3219100.0,37275521.0,0.9372071227741197,0.09999999999999964,0.008878967579874913,1.9681349578256708,362553413.0
2023-12-12,10.76,10.97,11.04,10.69,3473900.0,40972902.0,1.8570102135561761,0.20000000000000107,0.009581760577716586,3.249767873723302,362553413.0
2023-12-13,10.94,10.78,10.94,10.76,2893836.0,33847860.0,-1.7319963536919003,-0.19000000000000128,0.007981819771201546,1.6408386508659956,362553413.0
2023-12-14,10.81,10.82,10.97,10.77,3769908.0,44327719.0,0.37105751391466324,0.040000000000000924,0.010398214069494913,1.855287569573294,362553413.0
2023-12-15,10.88,10.73,10.88,10.69,2991300.0,34703777.0,-0.8317929759704246,-0.08999999999999986,0.008250646367518818,1.7560073937153537,362553413.0
2023-12-18,10.69,10.59,10.76,10.54,3159700.0,36274663.0,-1.3047530288909703,-0.14000000000000057,0.008715129651806644,2.0503261882572286,362553413.0
2023-12-19,10.64,10.61,10.69,10.51,2463400.0,28123034.0,0.18885741265344258,0.019999999999999574,0.0067945850505619155,1.6997167138810172,362553413.0
2023-12-20,10.62,10.46,10.64,10.45,2178200.0,24809460.0,-1.4137606032045058,-0.14999999999999858,0.006007942338692037,1.7907634307257427,362553413.0
2023-12-21,10.49,10.58,10.6,10.31,2794525.0,31676550.0,1.1472275334607929,0.11999999999999922,0.007707898753114207,2.7724665391969325,362553413.0
2023-12-22,10.57,10.42,10.58,10.38,3099300.0,35033754.0,-1.5122873345935761,-0.16000000000000014,0.008548533509461128,1.8903591682419594,362553413.0
2023-12-25,10.37,10.29,10.44,10.17,3412800.0,37872685.0,-1.247600767754331,-0.13000000000000078,0.009413233685377002,2.5911708253358885,362553413.0
2023-12-26,10.3,10.15,10.3,10.11,2586500.0,28443080.0,-1.3605442176870652,-0.1399999999999988,0.007134121228090604,1.846452866861043,362553413.0
2023-12-27,10.07,10.14,10.27,10.04,3243801.0,35394857.0,-0.09852216748768017,-0.009999999999999787,0.008947098230737109,2.2660098522167527,362553413.0
2023-12-28,10.14,10.13,10.2,10.01,5532198.0,60403492.0,-0.09861932938856066,-0.009999999999999787,0.015258987508138559,1.873767258382638,362553413.0
2023-12-29,10.11,10.15,10.17,10.02,5160300.0,56415720.0,0.19743336623889718,0.019999999999999574,0.014233213134860215,1.480750246791711,362553413.0
2024-01-02,10.15,10.21,10.29,10.14,4892792.0,54049371.0,0.5911330049261032,0.0600000000000005,0.01349536874998333,1.477832512315257,362553413.0
2024-01-03,10.17,10.16,10.21,10.06,3909800.0,42760979.0,-0.48971596474045587,-0.05000000000000071,0.010784066181167076,1.469147894221355,362553413.0
2024-01-04,10.16,10.18,10.21,10.1,3418320.0,37521702.0,0.19685039370078705,0.019999999999999574,0.009428459028187387,1.0826771653543426,362553413.0
2024-01-05,10.17,10.02,10.24,9.92,3864100.0,42199934.0,-1.5717092337917515,-0.16000000000000014,0.010658015788697043,3.1434184675834995,362553413.0
2024-01-08,10.03,9.78,10.03,9.72,3962600.0,42194698.0,-2.395209580838331,-0.2400000000000002,0.01092969989500554,3.093812375249488,362553413.0
2024-01-09,9.76,9.92,9.95,9.73,4053800.0,43200611.0,1.4314928425357865,0.14000000000000057,0.011181249037090156,2.2494887525562257,362553413.0
2024-01-10,9.92,9.92,10.0,9.75,3365400.0,35922815.0,0.0,0.0,0.009282494328635654,2.520161290322581,362553413.0
2024-01-11,9.9,10.07,10.13,9.87,3969900.0,42934028.0,1.5120967741935498,0.15000000000000036,0.010949834859229417,2.6209677419354995,362553413.0
2024-01-12,10.03,9.98,10.18,9.96,3013299.0,32733250.0,-0.8937437934458781,-0.08999999999999986,0.008311324323403901,2.1847070506454704,362553413.0
2024-01-15,9.98,9.98,10.04,9.87,2904130.0,31269829.0,0.0,0.0,0.008010212828971493,1.7034068136272538,362553413.0
2024-01-16,10.01,9.89,10.03,9.73,3008408.0,32083189.0,-0.9018036072144242,-0.08999999999999986,0.008297833897373902,3.0060120240480854,362553413.0
2024-01-17,9.87,9.69,9.93,9.66,3324700.0,35267482.0,-2.0222446916076997,-0.20000000000000107,0.009170235007551838,2.7300303336703697,362553413.0
2024-01-18,9.65,9.47,9.65,9.21,5261662.0,53360914.0,-2.27038183694529,-0.21999999999999886,0.01451279125043018,4.540763673890604,362553413.0
2024-01-19,9.44,9.73,10.42,9.41,15537690.0,167302497.0,2.745512143611406,0.2599999999999998,0.04285627839338531,10.665258711721222,362553413.0
2024-01-22,9.73,9.08,9.92,9.05,15165552.0,155595918.0,-6.680369989722513,-0.6500000000000004,0.04182984204868043,8.941418293936271,362553413.0
2024-01-23,9.07,9.07,9.21,8.78,9304498.0,90150921.0,-0.11013215859030367,-0.009999999999999787,0.025663799226184638,4.7356828193832765,362553413.0
2024-01-24,9.09,9.38,9.39,8.95,7141400.0,70865885.0,3.4178610804851184,0.3100000000000005,0.019697511439507535,4.851157662624049,362553413.0
2024-01-25,9.42,9.91,10.09,9.39,9377264.0,99453237.0,5.6503198294242996,0.5299999999999994,0.02586450344628255,7.462686567164171,362553413.0
2024-01-26,9.94,9.77,10.01,9.74,6270700.0,66728308.0,-1.4127144298688221,-0.14000000000000057,0.01729593426831152,2.724520686175576,362553413.0
2024-01-29,9.77,9.59,10.08,9.58,7450800.0,79156116.0,-1.842374616171949,-0.17999999999999972,0.02055090293688671,5.117707267144319,362553413.0
2024-01-30,9.61,9.33,9.7,9.26,5375382.0,55225400.0,-2.711157455683,-0.2599999999999998,0.014826455378038325,4.588112617309693,362553413.0
2024-01-31,9.3,8.8,9.32,8.76,7919879.0,77056673.0,-5.680600214362263,-0.5299999999999994,0.021844723331841866,6.002143622722406,362553413.0
2024-02-01,8.78,8.5,8.78,8.4,7053879.0,65269844.0,-3.409090909090917,-0.3000000000000007,0.0194561097677489,4.318181818181807,362553413.0
2024-02-02,8.58,8.2,8.68,7.87,7168500.0,64515762.0,-3.529411764705892,-0.3000000000000007,0.019772259046420836,9.529411764705879,362553413.0
2024-02-05,8.1,7.56,8.11,7.39,10593209.0,87246283.0,-7.804878048780484,-0.6399999999999997,0.029218340305625534,8.780487804878048,362553413.0
2024-02-06,7.41,7.91,8.08,7.22,9546739.0,78506739.0,4.629629629629628,0.35000000000000053,0.026331951810918408,11.37566137566138,362553413.0
2024-02-07,7.82,7.68,8.05,7.51,10654595.0,89408554.0,-2.9077117572692823,-0.23000000000000043,0.029387656047248408,6.826801517067016,362553413.0
2024-02-08,7.69,8.32,8.36,7.58,11548001.0,99441102.0,8.333333333333348,0.6400000000000006,0.031851861231823514,10.156249999999991,362553413.0
2024-02-19,8.42,8.58,8.81,8.42,9646582.0,89363887.0,3.125,0.2599999999999998,0.026607340199001243,4.687500000000007,362553413.0
2024-02-20,8.56,8.55,8.56,8.38,3852803.0,35284776.0,-0.34965034965034336,-0.02999999999999936,0.010626856242007023,2.0979020979020944,362553413.0
2024-02-21,8.49,8.58,8.86,8.42,5340700.0,49943980.0,0.35087719298245723,0.02999999999999936,0.014730794990474963,5.146198830409351,362553413.0
2024-02-22,8.52,8.77,8.78,8.52,4214300.0,39432585.0,2.2144522144522005,0.1899999999999995,0.011623942428587757,3.030303030303028,362553413.0
2024-02-23,8.77,8.85,8.85,8.66,4445600.0,42091536.0,0.9122006841505215,0.08000000000000007,0.012261917390914204,2.166476624857463,362553413.0
2024-02-26,8.84,8.88,9.05,8.79,4893100.0,47167661.0,0.3389830508474745,0.030000000000001137,0.013496218279980722,2.9378531073446505,362553413.0
2024-02-27,8.86,9.09,9.09,8.81,4376701.0,42375746.0,2.3648648648648463,0.20999999999999908,0.012071879185426397,3.153153153153146,362553413.0
2024-02-28,9.08,8.63,9.21,8.6,8825501.0,85166868.0,-5.060506050605051,-0.4599999999999991,0.02434262286202778,6.710671067106724,362553413.0
2024-02-29,8.55,8.91,8.91,8.52,5803876.0,54836430.0,3.2444959443800547,0.27999999999999936,0.016008333646551548,4.519119351100817,362553413.0
2024-03-01,8.91,8.93,9.0,8.82,4267376.0,41050033.0,0.22446689113355678,0.019999999999999574,0.011770337409566739,2.020202020202017,362553413.0
2024-03-04,8.9,8.96,8.96,8.78,4037834.0,38707890.0,0.33594624860022737,0.030000000000001137,0.011137211387939685,2.0156774916013602,362553413.0
2024-03-05,8.87,8.84,8.96,8.8,3059500.0,29360873.0,-1.3392857142857206,-0.120000000000001,0.008438756581226833,1.785714285714287,362553413.0
2024-03-06,8.85,8.92,9.02,8.79,3482100.0,33504505.0,0.9049773755656076,0.08000000000000007,0.009604377934789984,2.601809954751136,362553413.0
2024-03-07,8.94,8.94,9.13,8.91,4403400.0,42789129.0,0.22421524663676085,0.019999999999999574,0.012145520748414525,2.4663677130044914,362553413.0
2024-03-08,9.05,9.01,9.09,8.91,2978500.0,28916982.0,0.7829977628635465,0.07000000000000028,0.008215341224770101,2.0134228187919434,362553413.0
2024-03-11,8.97,9.07,9.11,8.93,3676210.0,35802616.0,0.6659267480577213,0.0600000000000005,0.010139774908145742,1.997780244173138,362553413.0
2024-03-12,9.09,9.24,9.24,9.02,4106080.0,40452138.0,1.8743109151047488,0.16999999999999993,0.011325448479504454,2.4255788313120243,362553413.0
2024-03-13,9.23,9.25,9.32,9.05,5878100.0,58284901.0,0.10822510822510178,0.009999999999999787,0.01621305934306568,2.9220779220779174,362553413.0
2024-03-14,9.45,9.42,9.61,9.32,10437862.0,106690344.0,1.8378378378378413,0.16999999999999993,0.02878985999229857,3.135135135135126,362553413.0
2024-03-15,9.42,9.47,9.68,9.35,7012580.0,71522577.0,0.5307855626327074,0.05000000000000071,0.019342198276313012,3.5031847133757967,362553413.0
2024-03-18,9.49,9.6,9.63,9.43,6899006.0,71000113.0,1.372756071805692,0.129999999999999,0.01902893684798935,2.1119324181626298,362553413.0
2024-03-19,9.61,9.77,9.88,9.56,8214188.0,86582798.0,1.7708333333333437,0.16999999999999993,0.022656490617563155,3.3333333333333366,362553413.0
2024-03-20,9.77,10.0,10.17,9.73,7822346.0,83987615.0,2.3541453428863823,0.23000000000000043,0.021575706418739463,4.503582395086996,362553413.0
2024-03-21,9.98,10.06,10.17,9.8,7604800.0,81835399.0,0.6000000000000005,0.0600000000000005,0.020975667935582226,3.699999999999992,362553413.0
2024-03-22,10.08,10.05,10.26,9.89,7450600.0,80907535.0,-0.09940357852882276,-0.009999999999999787,0.02055035129403126,3.6779324055665925,362553413.0
2024-03-25,10.0,9.68,10.04,9.68,7602170.0,80996759.0,-3.681592039801007,-0.370000000000001,0.020968413832033076,3.5820895522388,362553413.0
2024-03-26,9.72,9.81,9.87,9.64,5106102.0,53807745.0,1.342975206611574,0.13000000000000078,0.014083723437462165,2.3760330578512256,362553413.0
2024-03-27,9.84,9.58,9.86,9.56,4101300.0,43066195.0,-2.3445463812436285,-0.23000000000000043,0.011312264215259228,3.058103975535157,362553413.0
2024-03-28,9.58,9.68,9.83,9.55,4722367.0,49593909.0,1.0438413361169019,0.09999999999999964,0.013025300081784087,2.922755741127342,362553413.0
2024-03-29,9.69,9.84,9.9,9.68,4591600.0,48579457.0,1.6528925619834656,0.16000000000000014,0.012664616675391772,2.2727272727272796,362553413.0
2024-04-01,9.84,10.06,10.08,9.84,5331860.0,57359359.0,2.2357723577235866,0.22000000000000064,0.014706412376264128,2.4390243902439046,362553413.0
2024-04-02,9.99,10.08,10.26,9.99,5447567.0,59724242.0,0.1988071570576455,0.019999999999999574,0.015025557075641155,2.683896620278326,362553413.0
2024-04-03,10.07,10.14,10.22,10.03,3744500.0,40980238.0,0.5952380952380931,0.0600000000000005,0.010328133361138707,1.8849206349206478,362553413.0
2024-04-08,10.05,9.92,10.16,9.92,4787333.0,51912866.0,-2.1696252465483346,-0.22000000000000064,0.013204490230519495,2.3668639053254457,362553413.0
2024-04-09,9.89,10.06,10.12,9.86,3223800.0,34819058.0,1.4112903225806495,0.14000000000000057,0.008891931186977958,2.6209677419354818,362553413.0
2024-04-10,10.1,9.96,10.22,9.86,4105700.0,44509462.0,-0.994035785288272,-0.09999999999999964,0.011324400358079101,3.578528827037785,362553413.0
2024-04-11,9.88,9.96,10.04,9.85,3852000.0,41458868.0,0.0,0.0,0.010624641395942396,1.9076305220883483,362553413.0
2024-04-12,9.95,10.04,10.14,9.92,4254800.0,46192878.0,0.8032128514056103,0.0799999999999983,0.011735650106816124,2.208835341365468,362553413.0
2024-04-15,9.95,9.84,9.98,9.58,7181500.0,75892272.0,-1.9920318725099584,-0.1999999999999993,0.019808115832025006,3.9840637450199243,362553413.0
2024-04-16,9.79,9.29,9.79,9.22,7988736.0,81102830.0,-5.589430894308956,-0.5500000000000007,0.02203464569233003,5.7926829268292535,362553413.0
2024-04-17,9.37,9.87,9.89,9.3,6629767.0,69358377.0,6.243272335844985,0.5800000000000001,0.018286317994198553,6.35091496232508,362553413.0
2024-04-18,9.82,9.9,10.06,9.81,5197770.0,55966648.0,0.3039513677811634,0.030000000000001137,0.014336563423828533,2.5329280648429586,362553413.0
2024-04-19,9.91,9.92,10.02,9.84,3215267.0,34452280.0,0.20202020202020332,0.019999999999999574,0.008868395344550238,1.8181818181818152,362553413.0
2024-04-22,9.99,9.97,10.08,9.83,4234100.0,45606755.0,0.504032258064524,0.05000000000000071,0.01167855507127718,2.520161290322581,362553413.0
2024-04-23,9.91,10.07,10.13,9.9,4146967.0,44929656.0,1.0030090270812364,0.09999999999999964,0.011438223586658112,2.3069207622868646,362553413.0
2024-04-24,10.03,10.06,10.08,9.92,3884100.0,42034747.0,-0.09930486593843213,-0.009999999999999787,0.010713180074241916,1.588877855014897,362553413.0
2024-04-25,9.62,9.44,9.62,9.34,11671962.0,118919758.0,-6.163021868787288,-0.620000000000001,0.032193772231844914,2.7833001988071504,362553413.0
2024-04-26,9.46,9.52,9.55,9.35,7610933.0,77812407.0,0.8474576271186418,0.08000000000000007,0.02099258406374456,2.1186440677966214,362553413.0
2024-04-29,9.48,9.62,9.67,9.46,4867500.0,50409107.0,1.0504201680672232,0.09999999999999964,0.013425607994483285,2.205882352941167,362553413.0
2024-04-30,9.62,9.49,9.69,9.45,4395400.0,45230617.0,-1.3513513513513375,-0.129999999999999,0.012123455034196574,2.494802494802497,362553413.0
2024-05-06,9.54,9.59,9.63,9.51,4800767.0,49597678.0,1.0537407797681642,0.09999999999999964,0.013241544081119987,1.2644889357218227,362553413.0
2024-05-07,9.59,9.58,9.6,9.47,3645767.0,37568783.0,-0.10427528675703845,-0.009999999999999787,0.010055806590903615,1.3555787278414912,362553413.0
2024-05-08,9.59,9.37,9.61,9.35,5090000.0,51941147.0,-2.192066805845516,-0.21000000000000085,0.014039310671169989,2.7139874739039644,362553413.0
2024-05-09,9.38,9.51,9.54,9.36,4240720.0,43365779.0,1.4941302027748238,0.14000000000000057,0.011691850096019422,1.9210245464247568,362707353.0
2024-05-10,9.56,9.43,9.56,9.39,4232400.0,43151525.0,-0.8412197686645695,-0.08000000000000007,0.01166891149295228,1.787592008412197,362707353.0
2024-05-13,9.4,9.33,9.42,9.22,3847099.0,38694558.0,-1.0604453870625585,-0.09999999999999964,0.010606619822234483,2.120890774125125,362707353.0
2024-05-14,9.32,9.48,9.51,9.31,3685367.0,37544012.0,1.6077170418006492,0.15000000000000036,0.010160717640593297,2.14362272240085,362707353.0
2024-05-15,9.47,9.44,9.53,9.37,2897867.0,29549945.0,-0.42194092827004814,-0.040000000000000924,0.007989545775764849,1.6877637130801704,362707353.0
2024-05-16,9.44,9.42,9.49,9.38,3866928.0,39384096.0,-0.21186440677966045,-0.019999999999999574,0.010661289240529954,1.1652542372881296,362707353.0
2024-05-17,9.42,9.44,9.46,9.3,4503429.0,45598586.0,0.2123142250530785,0.019999999999999574,0.012416150273082554,1.6985138004246298,362707353.0
2024-05-20,9.42,9.46,9.48,9.4,3862700.0,39394885.0,0.21186440677967155,0.02000000000000135,0.010649632460029009,0.8474576271186449,362707353.0
2024-05-21,9.46,9.35,9.46,9.3,3986896.0,40298423.0,-1.1627906976744318,-0.11000000000000121,0.010992046251678829,1.6913319238900648,362707353.0
2024-05-22,9.37,9.38,9.39,9.32,2464100.0,24909727.0,0.3208556149732811,0.030000000000001137,0.006793631228093686,0.7486631016042812,362707353.0
2024-05-23,9.37,9.21,9.37,9.17,3808400.0,38108520.0,-1.8123667377398678,-0.16999999999999993,0.010499924990492265,2.1321961620469008,362707353.0
2024-05-24,9.21,9.08,9.26,9.08,2326200.0,23043687.0,-1.4115092290988174,-0.13000000000000078,0.006413434910430393,1.9543973941368045,362707353.0
2024-05-27,9.15,9.17,9.19,8.98,2614800.0,25631692.0,0.9911894273127775,0.08999999999999986,0.007209117704321809,2.3127753303964655,362707353.0
2024-05-28,9.17,9.04,9.18,8.98,3375100.0,33053906.0,-1.4176663031624903,-0.13000000000000078,0.009305297982199992,2.181025081788433,362707353.0
2024-05-29,9.04,9.06,9.1,8.95,2983300.0,29106281.0,0.22123893805310324,0.02000000000000135,0.008225088284879629,1.659292035398234,362707353.0
2024-05-30,9.02,8.98,9.07,8.92,2634800.0,25529750.0,-0.8830022075055233,-0.08000000000000007,0.0072642585770793565,1.6556291390728517,362707353.0
2024-05-31,8.98,8.99,9.03,8.84,3250200.0,31427616.0,0.11135857461024301,0.009999999999999787,0.008960943231829105,2.115812917594649,362707353.0
2024-06-03,8.96,8.73,8.96,8.67,3385400.0,32132974.0,-2.8921023359288034,-0.2599999999999998,0.00933369553167013,3.2258064516129137,362707353.0
2024-06-04,8.82,8.87,8.88,8.69,2585100.0,24564006.0,1.6036655211912887,0.1399999999999988,0.0071272335082768505,2.176403207331057,362707353.0
2024-06-05,8.9,8.67,8.91,8.67,1939800.0,18363902.0,-2.2547914317925466,-0.1999999999999993,0.005348113248754568,2.7057497181510737,362707353.0
2024-06-06,8.75,8.51,8.75,8.5,2684370.0,24871019.0,-1.8454440599769306,-0.16000000000000014,0.00740092523020894,2.883506343713956,362707353.0
2024-06-07,8.56,8.91,8.94,8.56,4359700.0,41251167.0,4.700352526439477,0.40000000000000036,0.012019883148054073,4.465334900117497,362707353.0
2024-06-11,8.84,8.8,8.94,8.68,4142262.0,39261971.0,-1.2345679012345623,-0.10999999999999943,0.011420397093521288,2.918069584736249,362707353.0
2024-06-12,8.84,8.84,8.89,8.76,2966970.0,27076369.0,0.4545454545454408,0.03999999999999915,0.00818006576227309,1.4772727272727362,362707353.0
2024-06-13,8.84,8.93,9.0,8.83,2873770.0,26541366.0,1.0180995475113086,0.08999999999999986,0.007923109295222918,1.9230769230769222,362707353.0
2024-06-14,8.89,8.88,8.97,8.85,2016500.0,18556839.0,-0.5599104143336975,-0.049999999999998934,0.005559578495779764,1.343784994400907,362707353.0
2024-06-17,8.88,8.77,8.88,8.74,1969500.0,17874769.0,-1.2387387387387538,-0.11000000000000121,0.005429997444799527,1.5765765765765827,362707353.0
2024-06-18,8.78,8.81,8.84,8.75,1553000.0,14147404.0,0.45610034207526073,0.040000000000000924,0.004281688769623593,1.0262257696693258,362707353.0
2024-06-19,8.8,8.78,8.85,8.77,1518300.0,13816229.0,-0.34052213393871433,-0.030000000000001137,0.004186019355389247,0.90805902383655,362707353.0
2024-06-20,8.74,8.67,8.8,8.61,1764400.0,15867156.0,-1.252847380410016,-0.10999999999999943,0.004864527794670874,2.164009111617327,362707353.0
2024-06-21,8.61,8.74,8.74,8.61,1008600.0,9073023.0,0.8073817762399127,0.07000000000000028,0.0027807542131631393,1.4994232987312661,362707353.0
2024-06-24,8.78,8.41,8.78,8.36,2491542.0,21867174.0,-3.775743707093826,-0.33000000000000007,0.006869290019604317,4.805491990846681,362707353.0
2024-06-25,8.45,8.5,8.58,8.37,2048428.0,18001244.0,1.0701545778834642,0.08999999999999986,0.005647605385049914,2.497027348394778,362707353.0
2024-06-26,8.49,8.68,8.68,8.38,1792300.0,15899232.0,2.117647058823535,0.17999999999999972,0.0049414493121676525,3.52941176470587,362707353.0
2024-06-27,8.68,8.48,8.68,8.43,1842800.0,16262356.0,-2.304147465437778,-0.1999999999999993,0.005080680015880461,2.880184331797235,362707353.0
2024-06-28,8.48,8.51,8.61,8.41,3334900.0,29390870.0,0.3537735849056478,0.02999999999999936,0.00919446482795732,2.3584905660377276,362707353.0
2024-07-01,8.47,8.53,8.54,8.37,1686700.0,14794850.0,0.235017626321965,0.019999999999999574,0.0046503055040078,1.9976498237367795,362707353.0
2024-07-02,8.53,8.6,8.74,8.53,2169800.0,19368902.0,0.8206330597889888,0.07000000000000028,0.005982233285466368,2.4618991793669505,362707353.0
2024-07-03,8.63,8.73,9.01,8.62,4401800.0,40136247.0,1.5116279069767424,0.13000000000000078,0.012135954685208712,4.534883720930239,362707353.0
2024-07-04,8.68,8.5,8.74,8.44,3371200.0,29904164.0,-2.6345933562428425,-0.23000000000000043,0.009294545512012269,3.4364261168384957,362707353.0
2024-07-05,8.5,8.58,8.58,8.37,1382100.0,12145757.0,0.9411764705882453,0.08000000000000007,0.003810510011910346,2.4705882352941275,362707353.0
2024-07-08,8.59,8.39,8.59,8.32,1811200.0,15790037.0,-2.2144522144522116,-0.1899999999999995,0.004993557436923536,3.1468531468531418,362707353.0
2024-07-09,8.36,8.54,8.56,8.31,2060802.0,18020820.0,1.7878426698450411,0.14999999999999858,0.005681721043025009,2.9797377830750893,362707353.0
2024-07-10,8.53,8.53,8.58,8.49,1652282.0,14585027.0,-0.11709601873536313,-0.009999999999999787,0.004555413576079336,1.0538641686182655,362707353.0
2024-07-11,8.6,8.76,8.77,8.58,2626783.0,23590594.0,2.696365767878084,0.23000000000000043,0.007242155358234493,2.2274325908557975,362707353.0
2024-07-12,8.78,8.73,8.8,8.68,1471100.0,13320091.0,-0.3424657534246478,-0.02999999999999936,0.004055886895681434,1.3698630136986416,362707353.0
2024-07-15,8.73,8.68,8.73,8.6,1044800.0,9354590.0,-0.5727376861397571,-0.05000000000000071,0.002880559192854301,1.4891179839633537,362707353.0
2024-07-16,8.68,8.61,8.68,8.53,1612400.0,14351185.0,-0.8064516129032251,-0.07000000000000028,0.00444545716171351,1.7281105990783454,362707353.0
2024-07-17,8.59,8.54,8.61,8.49,1933700.0,17078021.0,-0.8130081300813052,-0.07000000000000028,0.005331295282563516,1.3937282229965067,362707353.0
2024-07-18,8.52,8.54,8.55,8.39,1763900.0,15457917.0,0.0,0.0,0.004863149272851934,1.8735362997658096,362707353.0
2024-07-19,8.5,8.53,8.57,8.47,1247900.0,11003876.0,-0.11709601873536313,-0.009999999999999787,0.0034405147557071995,1.170960187353626,362707353.0
2024-07-22,8.54,8.53,8.55,8.44,1477501.0,12962829.0,0.0,0.0,0.004073534732007487,1.2895662368112686,362707353.0
2024-07-23,8.48,8.41,8.52,8.39,1093400.0,9546104.0,-1.4067995310668158,-0.11999999999999922,0.003014551513655142,1.52403282532238,362707353.0
2024-07-24,8.38,8.32,8.41,8.26,1558100.0,13416768.0,-1.0701545778834753,-0.08999999999999986,0.004295749692176767,1.7835909631391242,362707353.0
2024-07-25,8.33,8.37,8.4,8.23,1017000.0,8762870.0,0.6009615384615197,0.049999999999998934,0.0028039133797213094,2.04326923076923,362707353.0
2024-07-26,8.35,8.51,8.51,8.35,1565200.0,13709814.0,1.6726403823178027,0.14000000000000057,0.004315324702005696,1.911589008363204,362707353.0
2024-07-29,8.5,8.48,8.54,8.46,889300.0,7822334.0,-0.3525264394829586,-0.02999999999999936,0.002451838907164366,0.9400705052878766,362707353.0
2024-07-30,8.48,8.6,8.72,8.45,1997100.0,17714077.0,1.4150943396226356,0.11999999999999922,0.005506091849204943,3.1839622641509595,362707353.0
2024-07-31,8.62,8.79,8.79,8.59,3032000.0,27409855.0,2.209302325581386,0.1899999999999995,0.008359356310044258,2.3255813953488293,362707353.0
2024-08-01,8.79,8.74,8.8,8.69,2134267.0,19318221.0,-0.568828213879391,-0.049999999999998934,0.005884267253881671,1.2514220705347123,362707353.0
2024-08-02,8.71,8.66,8.78,8.61,2335244.0,21008701.0,-0.9153318077803174,-0.08000000000000007,0.0064383696130913565,1.94508009153318,362707353.0
2024-08-05,8.62,8.54,8.73,8.5,1659297.0,14796481.0,-1.3856812933025542,-0.120000000000001,0.0045747542371990454,2.6558891454965408,362707353.0
2024-08-06,8.58,8.68,8.7,8.58,1466400.0,13108491.0,1.6393442622950838,0.14000000000000057,0.00404292879058341,1.4051522248243469,362707353.0
2024-08-07,8.74,8.69,8.74,8.63,1478297.0,13285082.0,0.11520737327188613,0.009999999999999787,0.004075729338743238,1.267281105990777,362707353.0
2024-08-08,8.65,8.74,8.75,8.59,1624000.0,14640745.0,0.5753739930955293,0.05000000000000071,0.004477438867912888,1.8411967779056404,362707353.0
2024-08-09,8.77,8.68,8.78,8.66,1758386.0,15852073.0,-0.6864988558352492,-0.0600000000000005,0.004847946934232679,1.3729977116704717,362707353.0
2024-08-12,8.65,8.61,8.67,8.56,1271307.0,11332080.0,-0.8064516129032251,-0.07000000000000028,0.0035050488761389957,1.267281105990777,362707353.0
2024-08-13,8.63,8.64,8.67,8.55,1060586.0,9449836.0,0.34843205574914826,0.030000000000001137,0.0029240818837218334,1.3937282229965067,362707353.0
2024-08-14,8.63,8.59,8.69,8.55,1536652.0,13701789.0,-0.578703703703709,-0.05000000000000071,0.004236616620231573,1.6203703703703565,362707353.0
2024-08-15,8.59,8.6,8.67,8.5,1306300.0,11645610.0,0.11641443538998875,0.009999999999999787,0.0036015261041592393,1.9790454016298014,362707353.0
2024-08-16,8.6,8.59,8.74,8.54,2557100.0,22802696.0,-0.11627906976744429,-0.009999999999999787,0.007050036286416283,2.32558139534885,362707353.0
2024-08-19,8.55,8.61,8.65,8.53,1597329.0,14211175.0,0.2328288707799775,0.019999999999999574,0.004403905757047059,1.3969732246798718,362707353.0
2024-08-20,8.61,8.45,8.61,8.37,2489447.0,21807831.0,-1.8583042973286945,-0.16000000000000014,0.006863514013182964,2.787456445993034,362707353.0
2024-08-21,8.46,8.38,8.52,8.29,2293159.0,19943799.0,-0.8284023668638896,-0.06999999999999851,0.006322339431591286,2.721893491124266,362707353.0
2024-08-22,8.41,8.47,8.78,8.33,5420136.0,47903070.0,1.0739856801909253,0.08999999999999986,0.014943551475230224,5.369928400954644,362707353.0
2024-08-23,8.31,8.46,8.58,8.26,4325700.0,37543019.0,-0.11806375442738881,-0.009999999999999787,0.011926143664366241,3.7780401416765086,362707353.0
2024-08-26,8.42,8.47,8.5,8.33,1867798.0,16290882.0,0.11820330969267712,0.009999999999999787,0.00514960059274012,2.009456264775413,362707353.0
2024-08-27,8.37,8.41,8.47,8.35,2041800.0,17754593.0,-0.7083825265643551,-0.0600000000000005,0.0056293316998180624,1.416765053128701,362707353.0
2024-08-28,8.43,8.51,8.57,8.41,2163802.0,19034141.0,1.189060642092743,0.09999999999999964,0.00596569653772638,1.9024970273483963,362707353.0
2024-08-29,8.54,8.71,8.71,8.49,3534801.0,31666093.0,2.350176263219761,0.20000000000000107,0.009745600608212649,2.5851938895417232,362707353.0
2024-08-30,8.75,8.86,9.06,8.74,8204387.0,75211672.0,1.7221584385763267,0.14999999999999858,0.022619852981033996,3.673938002296214,362707353.0
2024-09-02,8.78,8.65,8.82,8.62,5336508.0,47989175.0,-2.3702031602708673,-0.20999999999999908,0.014712985429881814,2.2573363431151363,362707353.0
2024-09-03,8.66,8.73,8.75,8.6,3122831.0,27991703.0,0.9248554913294793,0.08000000000000007,0.0086097813407163,1.7341040462427786,362707353.0
2024-09-04,8.66,8.65,8.7,8.58,2356400.0,21041770.0,-0.9163802978235935,-0.08000000000000007,0.006496697628294291,1.374570446735386,362707353.0
2024-09-05,8.65,8.68,8.72,8.6,2226040.0,19940598.0,0.3468208092485492,0.02999999999999936,0.006137289419660593,1.3872832369942312,362707353.0
2024-09-06,8.7,8.6,8.72,8.55,2359200.0,21085954.0,-0.9216589861751112,-0.08000000000000007,0.006504417350480347,1.958525345622119,362707353.0
2024-09-09,8.59,8.55,8.61,8.49,1490800.0,13161231.0,-0.5813953488371992,-0.049999999999998934,0.004110200655347619,1.3953488372092933,362707353.0
2024-09-10,8.58,8.57,8.59,8.4,2079100.0,18309147.0,0.23391812865496409,0.019999999999999574,0.005732169427510889,2.222222222222216,362707353.0
2024-09-11,8.53,8.51,8.57,8.47,1460202.0,12858614.0,-0.7001166861143604,-0.0600000000000005,0.004025840634115846,1.1668611435239165,362707353.0
2024-09-12,8.5,8.5,8.55,8.46,1428973.0,12569497.0,-0.1175088131609825,-0.009999999999999787,0.003939740918348573,1.057579318448882,362707353.0
2024-09-13,8.5,8.48,8.53,8.42,1641403.0,14395131.0,-0.23529411764705577,-0.019999999999999574,0.004525419698342868,1.2941176470588167,362707353.0
2024-09-18,8.47,8.48,8.49,8.29,1756649.0,15239866.0,0.0,0.0,0.004843157949433686,2.358490566037748,362707353.0
2024-09-19,8.5,8.63,8.65,8.47,2590200.0,23037477.0,1.7688679245283057,0.15000000000000036,0.007141294430830025,2.122641509433959,362707353.0
2024-09-20,8.66,8.61,8.68,8.54,1581800.0,14083319.0,-0.2317497103128785,-0.02000000000000135,0.004361091626394462,1.6222479721900411,362707353.0
2024-09-23,8.59,8.63,8.64,8.55,1456500.0,12977706.0,0.23228803716610624,0.02000000000000135,0.004015634058568424,1.045296167247385,362707353.0
2024-09-24,8.66,8.81,8.81,8.6,4161131.0,37584008.0,2.085747392815751,0.17999999999999972,0.011472419749924396,2.4333719582850617,362707353.0
2024-09-25,8.89,8.88,9.05,8.81,5317800.0,49157870.0,0.7945516458569779,0.07000000000000028,0.014661406657504403,2.7241770715096503,362707353.0
2024-09-26,8.87,9.08,9.08,8.83,4549400.0,42346351.0,2.2522522522522515,0.1999999999999993,0.012542894326159414,2.815315315315315,362707353.0
2024-09-27,9.27,9.4,9.5,9.12,8379601.0,80496605.0,3.524229074889873,0.3200000000000003,0.023102925625001047,4.185022026431726,362707353.0
2024-09-30,9.64,10.08,10.22,9.44,14149140.0,144066507.0,7.234042553191489,0.6799999999999997,0.03900979641843655,8.297872340425544,362707353.0
2024-10-08,11.08,10.58,11.08,10.03,15658237.0,170111617.0,4.960317460317465,0.5,0.04317044270122641,10.416666666666675,362707353.0
2024-10-09,10.34,9.63,10.39,9.63,9850501.0,101280000.0,-8.979206049149335,-0.9499999999999993,0.027158261111954903,7.183364839319468,362707353.0
2024-10-10,9.66,9.72,9.89,9.48,7906570.0,79607432.0,0.9345794392523255,0.08999999999999986,0.021798758515932264,4.257528556593979,362707353.0
2024-10-11,9.74,9.38,9.76,9.26,6851109.0,67193554.0,-3.4979423868312765,-0.33999999999999986,0.01888880648085455,5.144032921810699,362707353.0
2024-10-14,9.38,9.51,9.54,9.28,5221814.0,51018723.0,1.3859275053304865,0.129999999999999,0.014396769066879105,2.7718550106609783,362707353.0
2024-10-15,9.49,9.31,9.52,9.27,4921300.0,47909880.0,-2.103049421661407,-0.1999999999999993,0.013568238855086017,2.6288117770767614,362707353.0
2024-10-16,9.26,9.33,9.39,9.22,3289330.0,31704101.0,0.21482277121374072,0.019999999999999574,0.009068826349379248,1.8259935553168627,362707353.0
2024-10-17,9.36,9.21,9.45,9.21,3139371.0,30344475.0,-1.2861736334405016,-0.11999999999999922,0.008655382842486792,2.572347266881012,362707353.0
2024-10-18,9.25,9.48,9.61,9.18,6780439.0,65845330.0,2.931596091205213,0.2699999999999996,0.018693966206965756,4.668838219326815,362707353.0
2024-10-21,9.51,9.45,9.55,9.38,8227577.0,80554002.0,-0.31645569620254443,-0.030000000000001137,0.022683788822996372,1.7932489451476785,362707353.0
2024-10-22,9.44,9.82,10.08,9.42,13545132.0,135051453.0,3.9153439153439162,0.370000000000001,0.0373445200048095,6.984126984126986,362707353.0
2024-10-23,9.75,9.65,9.81,9.65,6460800.0,64885832.0,-1.731160896130346,-0.16999999999999993,0.017812707535598264,1.629327902240327,362707353.0
2024-10-24,9.65,9.85,10.0,9.63,8367000.0,85239088.0,2.072538860103612,0.1999999999999993,0.023068184118120155,3.8341968911917017,362707353.0
2024-10-25,10.0,10.1,10.14,9.9,8100543.0,84222382.0,2.538071065989844,0.25,0.022333550541502257,2.4365482233502562,362707353.0
2024-10-28,10.09,10.22,10.24,9.98,8850422.0,92552514.0,1.1881188118811892,0.120000000000001,0.024400999667630117,2.5742574257425725,362707353.0
2024-10-29,10.18,9.99,10.3,9.95,7466990.0,78235595.0,-2.2504892367906093,-0.23000000000000043,0.02058681727359412,3.424657534246589,362707353.0
2024-10-30,9.94,9.98,10.12,9.87,5105433.0,52803604.0,-0.10010010010009784,-0.009999999999999787,0.014075901571259295,2.5025025025025025,362707353.0
2024-10-31,9.98,10.47,10.87,9.95,15887621.0,170764758.0,4.909819639278568,0.4900000000000002,0.04380286439905728,9.218436873747494,362707353.0
2024-11-01,10.49,10.06,10.57,9.94,9888154.0,103923635.0,-3.9159503342884427,-0.41000000000000014,0.027262072076051903,6.017191977077371,362707353.0
2024-11-04,10.0,10.23,10.29,10.0,5112302.0,53667122.0,1.6898608349900535,0.16999999999999993,0.014094839704007876,2.8827037773359754,362707353.0
2024-11-05,10.24,10.43,10.53,10.18,8820200.0,94420791.0,1.9550342130987275,0.1999999999999993,0.024317676294806186,3.421309872922772,362707353.0
2024-11-06,10.44,10.39,10.5,10.28,6841722.0,73564833.0,-0.3835091083413178,-0.03999999999999915,0.018862926112225797,2.109300095877283,362707353.0
2024-11-07,10.34,10.51,10.51,10.26,10419924.0,112444151.0,1.1549566891241536,0.11999999999999922,0.028728185171365963,2.4061597690086622,362707353.0
2024-11-08,10.51,10.41,10.56,10.27,8599422.0,92773811.0,-0.9514747859181716,-0.09999999999999964,0.023708981714522893,2.759276879162711,362707353.0
2024-11-11,10.46,10.42,10.48,10.32,7492485.0,80637715.0,0.09606147934677622,0.009999999999999787,0.020657108101141804,1.5369836695485124,362707353.0
2024-11-12,10.4,10.25,10.49,10.16,9604000.0,102744033.0,-1.6314779270633406,-0.16999999999999993,0.02647864709817449,3.1669865642994246,362707353.0
2024-11-13,10.18,10.34,10.37,10.12,6183400.0,65728460.0,0.8780487804878057,0.08999999999999986,0.017047903630451076,2.4390243902439024,362707353.0
2024-11-14,10.35,10.08,10.35,10.04,5404604.0,56930974.0,-2.5145067698259194,-0.2599999999999998,0.014900729073446714,2.998065764023216,362707353.0
2024-11-15,10.1,9.94,10.22,9.93,5169400.0,53960929.0,-1.388888888888895,-0.14000000000000057,0.0142522613816434,2.8769841269841363,362707353.0
2024-11-18,10.07,9.95,10.25,9.85,8652218.0,90226473.0,0.1006036217303885,0.009999999999999787,0.023854542590428268,4.024144869215295,362707353.0
2024-11-19,9.95,10.02,10.03,9.77,5286900.0,54277901.0,0.7035175879396949,0.07000000000000028,0.014576214009093993,2.613065326633164,362707353.0
2024-11-20,10.03,10.12,10.13,9.94,4939100.0,51391315.0,0.9980039920159722,0.09999999999999964,0.013617314231840235,1.8962075848303523,362707353.0
2024-11-21,10.06,10.15,10.2,10.04,7245700.0,75801978.0,0.29644268774704496,0.030000000000001137,0.019976711086968232,1.5810276679841913,362707353.0
2024-11-22,10.16,9.76,10.2,9.75,5169754.0,53434502.0,-3.8423645320197153,-0.39000000000000057,0.014253237375091208,4.433497536945805,362707353.0
2024-11-25,9.73,9.93,9.95,9.71,4216300.0,43090847.0,1.741803278688514,0.16999999999999993,0.011624523090382454,2.459016393442607,362707353.0
2024-11-26,9.89,10.0,10.04,9.89,4666727.0,48203513.0,0.7049345417925457,0.07000000000000028,0.012866369985060655,1.5105740181268739,362707353.0
2024-11-27,9.95,10.1,10.1,9.78,4967900.0,51256118.0,1.0000000000000009,0.09999999999999964,0.013696717088611103,3.200000000000003,362707353.0
2024-11-28,10.1,10.35,10.8,10.08,14996701.0,162823760.0,2.4752475247524774,0.25,0.041346559081199545,7.128712871287135,362707353.0
2024-11-29,10.36,10.34,10.44,10.25,9193091.0,98499177.0,-0.09661835748792091,-0.009999999999999787,0.02534575305397793,1.8357487922705265,362707353.0
2024-12-02,10.35,10.51,10.58,10.35,8043501.0,87106323.0,1.644100580270802,0.16999999999999993,0.022176283258310454,2.2243713733075476,362707353.0
2024-12-03,10.51,10.64,10.67,10.46,9026101.0,98868135.0,1.2369172216936342,0.13000000000000078,0.024885354336888783,1.9980970504281548,362707353.0
2024-12-04,10.6,10.73,10.95,10.51,11571900.0,128605111.0,0.8458646616541277,0.08999999999999986,0.031904233273153414,4.135338345864657,362707353.0
2024-12-05,10.7,10.74,10.81,10.61,6388001.0,70817803.0,0.09319664492077884,0.009999999999999787,0.017611997515804428,1.863932898415667,362707353.0
2024-12-06,10.75,10.8,10.9,10.65,7669900.0,85351496.0,0.5586592178770999,0.0600000000000005,0.02114624899815582,2.3277467411545625,362707353.0
2024-12-09,10.8,10.59,10.88,10.49,8964200.0,99041412.0,-1.9444444444444486,-0.21000000000000085,0.024714690578660534,3.6111111111111165,362707353.0
2024-12-10,10.8,10.6,10.81,10.52,8529400.0,93848982.0,0.09442870632672129,0.009999999999999787,0.02351592800491144,2.738432483474985,362707353.0
2024-12-11,10.58,10.97,11.02,10.55,10795312.0,121409626.0,3.490566037735854,0.370000000000001,0.029763146268501482,4.433962264150932,362707353.0
2024-12-12,10.91,11.07,11.12,10.89,7465800.0,85144564.0,0.9115770282588809,0.09999999999999964,0.020583536391665047,2.0966271649954296,362707353.0
2024-12-13,11.08,11.14,11.38,10.92,9706307.0,112161910.0,0.6323396567299078,0.07000000000000028,0.026760711961634813,4.155374887082211,362707353.0
2024-12-16,11.15,10.97,11.3,10.87,7125000.0,81502783.0,-1.526032315978454,-0.16999999999999993,0.01964393591987643,3.8599640933572843,362707353.0
2024-12-17,10.94,10.55,11.05,10.47,7263100.0,79846144.0,-3.828623518687324,-0.41999999999999993,0.020024683646267298,5.28714676390155,362707353.0
2024-12-18,10.59,10.67,10.82,10.45,5228410.0,57665569.0,1.1374407582938284,0.11999999999999922,0.014414954526714544,3.5071090047393456,362707353.0
2024-12-19,10.62,10.59,10.66,10.43,4979000.0,54306884.0,-0.7497656982193068,-0.08000000000000007,0.013727320272991544,2.1555763823805103,362707353.0
2024-12-20,10.56,10.66,10.79,10.56,4130700.0,45642866.0,0.6610009442870712,0.07000000000000028,0.01138852015498015,2.171860245514624,362707353.0
2024-12-23,10.75,10.16,10.75,10.12,7047601.0,75401402.0,-4.690431519699811,-0.5,0.019430543499348356,5.909943714821771,362707353.0
2024-12-24,10.2,10.34,10.38,10.08,5714200.0,60447094.0,1.7716535433070835,0.17999999999999972,0.015754298755559004,2.9527559055118178,362707353.0
2024-12-25,10.32,10.15,10.33,10.0,4982301.0,52242663.0,-1.837524177949701,-0.1899999999999995,0.013736421274040176,3.191489361702128,362707353.0
2024-12-26,10.13,10.32,10.35,10.1,3879700.0,41308989.0,1.6748768472906406,0.16999999999999993,0.010696502201872925,2.463054187192118,362707353.0
2024-12-27,10.41,10.45,10.51,10.29,3748200.0,40487400.0,1.2596899224806002,0.129999999999999,0.010333950963492046,2.13178294573644,362707353.0
2024-12-30,10.36,10.24,10.39,10.23,3427100.0,36473646.0,-2.0095693779904167,-0.20999999999999908,0.009448664251369615,1.5311004784689008,362707353.0
2024-12-31,10.28,10.02,10.31,9.98,4759340.0,49831779.0,-2.148437500000011,-0.22000000000000064,0.013121708067495394,3.222656250000001,362707353.0
2025-01-02,10.02,9.95,10.24,9.85,4707700.0,49057275.0,-0.698602794411185,-0.07000000000000028,0.012979334334035406,3.892215568862281,362707353.0
2025-01-03,9.97,9.5,10.03,9.46,5175700.0,51812322.0,-4.522613065326631,-0.4499999999999993,0.014269630756562027,5.728643216080387,362707353.0
2025-01-06,9.47,9.4,9.54,9.16,4777900.0,46334414.0,-1.0526315789473606,-0.09999999999999964,0.013172878797414399,3.99999999999999,362707353.0
2025-01-07,9.42,9.53,9.54,9.33,3324624.0,32448984.0,1.382978723404249,0.129999999999999,0.009166133447534492,2.2340425531914794,362707353.0
2025-01-08,9.5,9.47,9.54,9.18,3663800.0,35621399.0,-0.6295907660020861,-0.05999999999999872,0.010101256480455194,3.7775445960125857,362707353.0
2025-01-09,9.4,9.37,9.49,9.32,4794600.0,46573277.0,-1.055966209081327,-0.10000000000000142,0.013218921426166952,1.7951425554382252,362707353.0
2025-01-10,9.36,9.13,9.39,9.11,5307600.0,50747115.0,-2.5613660618996614,-0.23999999999999844,0.014633284812398055,2.9882604055496387,362707353.0
2025-01-13,9.07,9.2,9.22,8.87,4345699.0,40820704.0,0.7667031763417098,0.06999999999999851,0.011981281780080151,3.8335158817086676,362707353.0
2025-01-14,9.21,9.47,9.47,9.19,4568500.0,44239549.0,2.934782608695663,0.27000000000000135,0.012595553859642873,3.043478260869578,362707353.0
2025-01-15,9.42,9.51,9.58,9.39,3819500.0,37478286.0,0.42238648363250864,0.03999999999999915,0.010530528174872706,2.006335797254483,362707353.0
2025-01-16,9.56,9.58,9.71,9.5,3047300.0,30295891.0,0.7360672975814886,0.07000000000000028,0.008401539077703782,2.208201892744489,362707353.0
2025-01-17,9.58,9.53,9.58,9.46,3004200.0,29575775.0,-0.521920668058462,-0.05000000000000071,0.008282710496911266,1.2526096033402843,362707353.0
2025-01-20,9.65,9.65,9.71,9.54,2864199.0,28600724.0,1.2591815320042166,0.120000000000001,0.007896721630564794,1.7838405036726308,362707353.0
2025-01-21,9.71,9.6,9.72,9.5,2475501.0,24497788.0,-0.5181347150259086,-0.05000000000000071,0.006825064282609126,2.2797927461139964,362707353.0
2025-01-22,9.57,9.46,9.6,9.4,2528800.0,24753977.0,-1.458333333333317,-0.1399999999999988,0.006972011951464353,2.083333333333326,362707353.0
2025-01-23,9.51,9.47,9.59,9.44,2918424.0,28783997.0,0.10570824524311906,0.009999999999999787,0.00804589956068906,1.5856236786469382,362721903.0
2025-01-24,9.46,9.63,9.64,9.39,3134567.0,30885321.0,1.6895459345301012,0.16000000000000014,0.008641791339521065,2.6399155227032733,362721903.0
2025-01-27,9.65,9.69,9.85,9.63,2898900.0,29278182.0,0.6230529595015355,0.05999999999999872,0.007992073199946792,2.2845275181723657,362721903.0
2025-02-05,9.75,9.63,9.75,9.54,3015934.0,30057202.0,-0.6191950464396134,-0.05999999999999872,0.008268058221551706,2.1671826625387087,364769323.0
2025-02-06,9.63,9.78,9.78,9.57,4827954.0,48314649.0,1.5576323987538832,0.14999999999999858,0.01323563604607178,2.1806853582554417,364769323.0
2025-02-07,9.76,9.87,10.01,9.73,7026740.0,71550519.0,0.9202453987730008,0.08999999999999986,0.019263516850072396,2.8629856850715685,364769323.0
2025-02-10,9.89,10.02,10.07,9.82,7101360.0,72974555.0,1.5197568389057725,0.15000000000000036,0.01946808449130466,2.5329280648429586,364769323.0
2025-02-11,10.05,10.14,10.2,10.01,5676378.0,59322235.0,1.1976047904191711,0.120000000000001,0.01556155532300615,1.8962075848303346,364769323.0
2025-02-12,10.1,10.12,10.19,9.97,5694964.0,59314480.0,-0.19723865877713243,-0.02000000000000135,0.015612508072670355,2.169625246548312,364769323.0
2025-02-13,10.08,10.01,10.14,9.98,5898800.0,61422721.0,-1.0869565217391242,-0.10999999999999943,0.016171316029226505,1.5810276679841913,364769323.0
2025-02-14,10.05,9.97,10.05,9.93,3407660.0,35183323.0,-0.39960039960038607,-0.03999999999999915,0.0093419588357215,1.1988011988012086,364769323.0
2025-02-17,10.0,10.03,10.05,9.94,4317800.0,44628324.0,0.6018054162487241,0.05999999999999872,0.011837069972027225,1.10330992978938,364769323.0
2025-02-18,10.03,9.85,10.08,9.79,3603540.0,37133448.0,-1.7946161515453585,-0.17999999999999972,0.009878955747602712,2.8913260219342067,364769323.0
2025-02-19,9.86,9.98,9.99,9.81,4280802.0,43803945.0,1.3197969543147225,0.13000000000000078,0.011735641486496385,1.8274111675126874,364769323.0
2025-02-20,10.01,10.17,10.18,9.92,6690983.0,69871583.0,1.9038076152304573,0.1899999999999995,0.018343052932661225,2.605210420841681,364769323.0
2025-02-21,10.11,10.17,10.31,10.03,7382924.0,77521961.0,0.0,0.0,0.02023998054244271,2.753195673549667,364769323.0
2025-02-24,10.17,10.04,10.2,9.98,7188260.0,74895728.0,-1.2782694198623434,-0.13000000000000078,0.01970631724422725,2.1632251720747186,364769323.0
2025-02-25,10.0,9.98,10.07,9.92,4317387.0,44593768.0,-0.5976095617529764,-0.05999999999999872,0.011835937749622657,1.494023904382474,364769323.0
2025-02-26,9.95,10.07,10.14,9.95,5770294.0,60095123.0,0.9018036072144353,0.08999999999999986,0.01581902214951338,1.9038076152304735,364769323.0
2025-02-27,10.1,10.76,10.81,10.06,18859720.0,205282217.0,6.852035749751728,0.6899999999999995,0.05170314171403059,7.447864945382324,364769323.0
2025-02-28,10.63,10.55,10.87,10.5,13022982.0,143360263.0,-1.951672862453524,-0.20999999999999908,0.035701966088853364,3.438661710037168,364769323.0
2025-03-03,10.61,10.5,10.7,10.39,7912138.0,85995328.0,-0.4739336492891044,-0.05000000000000071,0.021690798817531047,2.9383886255924048,364769323.0
2025-03-04,10.5,10.52,10.55,10.44,6941542.0,75308853.0,0.19047619047618536,0.019999999999999574,0.019029950059698413,1.0476190476190592,364769323.0
2025-03-05,10.52,10.52,10.58,10.37,5443961.0,59052023.0,0.0,0.0,0.01492439373801179,1.9961977186311868,364769323.0
2025-03-06,10.55,10.59,10.72,10.47,9907410.0,108731754.0,0.665399239543718,0.07000000000000028,0.02716075441464687,2.376425855513308,364769323.0
2025-03-07,10.61,10.62,10.79,10.54,5740860.0,63274094.0,0.28328611898016387,0.02999999999999936,0.01573833005688365,2.3607176581680833,364769323.0
2025-03-10,10.68,10.64,10.73,10.52,5023883.0,55130565.0,0.18832391713747842,0.02000000000000135,0.01377276728942472,1.977401129943511,364769323.0
2025-03-11,10.55,10.7,10.7,10.49,6249180.0,68457843.0,0.5639097744360777,0.05999999999999872,0.017131868295843507,1.973684210526307,364769323.0
2025-03-12,10.7,10.74,11.02,10.64,13028143.0,144792729.0,0.37383177570093906,0.040000000000000924,0.03571611475672257,3.5514018691588696,364769323.0
2025-03-13,10.74,10.57,10.74,10.39,6561400.0,71579638.0,-1.582867783985098,-0.16999999999999993,0.01798780650202868,3.258845437616384,364769323.0
2025-03-14,10.56,10.66,10.71,10.47,10823601.0,118405579.0,0.8514664143803197,0.08999999999999986,0.029672454116981762,2.270577105014193,364769323.0
2025-03-17,10.66,10.74,10.88,10.66,15392421.0,171579233.0,0.7504690431519689,0.08000000000000007,0.04219768502846387,2.0637898686679232,364769323.0
2025-03-18,10.71,10.72,10.75,10.57,9620006.0,105871633.0,-0.18621973929235924,-0.019999999999999574,0.02637284824524567,1.675977653631282,364769323.0
2025-03-19,10.73,11.07,11.2,10.72,18340143.0,208923860.0,3.2649253731343197,0.34999999999999964,0.05027874287553507,4.477611940298495,364769323.0
2025-03-20,10.96,10.99,11.1,10.9,9112460.0,103706266.0,-0.722673893405601,-0.08000000000000007,0.0249814318952474,1.8066847335139955,364769323.0
2025-03-21,11.08,10.75,11.09,10.69,7513643.0,84281603.0,-2.1838034576888155,-0.2400000000000002,0.020598341270052473,3.63967242948135,364769323.0
2025-03-24,10.78,10.72,11.01,10.52,8188600.0,91077279.0,-0.27906976744185297,-0.02999999999999936,0.02244870794685769,4.558139534883723,364769323.0
2025-03-25,10.72,10.86,10.99,10.63,6701180.0,75161498.0,1.3059701492537101,0.1399999999999988,0.01837100758607379,3.358208955223875,364769323.0
2025-03-26,10.85,10.91,10.95,10.77,6327600.0,71165392.0,0.4604051565377576,0.05000000000000071,0.01734685347978125,1.6574585635359091,364769323.0
2025-03-27,10.92,10.79,10.92,10.67,5453400.0,60776237.0,-1.0999083409715893,-0.120000000000001,0.014950270365800471,2.2914757103574703,364769323.0
2025-03-28,10.78,10.68,10.8,10.63,4415900.0,48876640.0,-1.0194624652455908,-0.10999999999999943,0.012106007061344903,1.5755329008341052,364769323.0
2025-03-31,10.63,10.59,10.73,10.47,5817400.0,63683425.0,-0.8426966292134797,-0.08999999999999986,0.015948161298640785,2.4344569288389493,364769323.0
2025-04-01,10.58,10.66,10.8,10.58,4121900.0,45666840.0,0.6610009442870712,0.07000000000000028,0.01130001823097388,2.077431539187919,364769323.0
2025-04-02,10.63,10.7,10.78,10.57,3574200.0,39491335.0,0.37523452157597337,0.03999999999999915,0.009798521352082012,1.9699812382739126,364769323.0
2025-04-03,10.59,10.61,10.68,10.51,3884000.0,42586133.0,-0.8411214953271018,-0.08999999999999986,0.01064782522843896,1.5887850467289713,364769323.0
2025-04-07,10.03,9.55,10.23,9.55,7650900.0,76742736.0,-9.990574929311958,-1.0599999999999987,0.020974625654032863,6.409048067860507,364769323.0
2025-04-08,9.54,9.2,9.61,9.03,10325480.0,98937481.0,-3.664921465968596,-0.3500000000000014,0.028306876014351678,6.073298429319372,364769323.0
2025-04-09,9.11,9.43,9.51,8.69,8541034.0,80655973.0,2.5000000000000133,0.23000000000000043,0.023414891169452865,8.913043478260875,364769323.0
2025-04-10,9.52,9.65,9.87,9.52,9049200.0,90837655.0,2.332979851537642,0.22000000000000064,0.02480800722378729,3.7115588547189784,364769323.0
2025-04-11,9.66,9.73,9.84,9.63,4678600.0,47150499.0,0.8290155440414448,0.08000000000000007,0.012826188237326086,2.1761658031087987,364769323.0
2025-04-14,9.81,9.92,9.99,9.79,4351934.0,44632938.0,1.9527235354573458,0.1899999999999995,0.011930646920108465,2.055498458376167,364769323.0
2025-04-15,9.88,10.04,10.04,9.85,4328340.0,44666017.0,1.2096774193548265,0.11999999999999922,0.011865964945741887,1.9153225806451561,364769323.0
2025-04-16,10.04,9.99,10.08,9.79,4075200.0,41879522.0,-0.4980079681274785,-0.049999999999998934,0.011171992114040796,2.8884462151394517,364769323.0
2025-04-17,9.96,10.03,10.13,9.94,5307800.0,55212425.0,0.4004004004003914,0.03999999999999915,0.014551113992664344,1.9019019019019145,364769323.0
2025-04-18,9.94,9.82,10.02,9.79,4979768.0,50843122.0,-2.093718843469583,-0.20999999999999908,0.013651827842989966,2.2931206380857474,364769323.0
2025-04-21,9.82,9.92,9.92,9.74,3699700.0,37694373.0,1.0183299389002087,0.09999999999999964,0.010142574407223383,1.8329938900203637,364769323.0
2025-04-22,9.89,9.99,9.99,9.86,3295000.0,33818320.0,0.7056451612903247,0.07000000000000028,0.00903310610909021,1.3104838709677498,364769323.0
2025-04-23,10.04,10.02,10.09,9.97,3540100.0,36752368.0,0.30030030030030463,0.02999999999999936,0.0097050376135934,1.2012012012011934,364769323.0
2025-04-24,9.95,9.95,10.12,9.92,4843400.0,50217255.0,-0.698602794411185,-0.07000000000000028,0.013277980615710932,1.9960079840319291,364769323.0
2025-04-25,9.94,9.95,10.0,9.81,4402100.0,45239510.0,0.0,0.0,0.012068174932572387,1.9095477386934627,364769323.0
2025-04-28,9.95,9.83,10.03,9.78,3963300.0,40485107.0,-1.2060301507537563,-0.11999999999999922,0.010865222895950601,2.512562814070352,364769323.0
2025-04-29,9.85,9.96,10.0,9.74,3421790.0,35209291.0,1.322482197355046,0.13000000000000078,0.009380695645834231,2.644964394710069,364769323.0
2025-04-30,9.93,9.87,10.02,9.83,4638100.0,47535113.0,-0.9036144578313365,-0.09000000000000163,0.012715159163754569,1.9076305220883483,364769323.0
2025-05-06,9.88,9.95,9.95,9.84,4520801.0,46281309.0,0.8105369807497542,0.08000000000000007,0.012393588810646778,1.114488348530896,364769323.0
2025-05-07,10.08,10.06,10.19,9.96,5596880.0,58256755.0,1.1055276381909618,0.11000000000000121,0.015343614846690383,2.31155778894471,364769323.0
2025-05-08,10.0,10.21,10.22,9.96,4536371.0,47455759.0,1.491053677932408,0.15000000000000036,0.01243627332115316,2.5844930417495005,364769323.0
2025-05-09,11.14,11.23,11.23,10.71,22443568.0,259447603.0,9.990205680705188,1.0199999999999996,0.06152811265875009,5.0930460333006815,364769323.0
2025-05-12,11.66,11.73,12.35,11.48,64516718.0,801107821.0,4.452359750667845,0.5,0.17686991183740525,7.747105966162058,364769323.0
2025-05-13,11.5,11.24,11.69,11.04,42096280.0,493464005.0,-4.177323103154307,-0.4900000000000002,0.11540520911622823,5.54134697357204,364769323.0
2025-05-14,11.13,11.25,11.67,11.13,25651224.0,299515262.0,0.0889679715302405,0.009999999999999787,0.07032176880729633,4.804270462633444,364769323.0
2025-05-15,11.14,10.87,11.25,10.8,20487326.0,231010315.0,-3.3777777777777795,-0.3800000000000008,0.05616515619105393,3.999999999999994,364769323.0
2025-05-16,10.83,11.67,11.95,10.78,33387174.0,394683681.0,7.359705611775547,0.8000000000000007,0.09152955551582938,10.763569457221712,364769323.0
2025-05-19,12.43,12.33,12.61,12.14,32432763.0,414451552.0,5.655526992287929,0.6600000000000001,0.08891307726554626,4.027420736932295,364769323.0
2025-05-20,12.4,12.61,12.99,12.23,24423332.0,318379826.0,2.27088402270883,0.27999999999999936,0.06695555371579315,6.163828061638279,364769323.0
2025-05-21,12.69,12.5,12.74,12.2,14497185.0,187155177.0,-0.8723235527359208,-0.10999999999999943,0.03974343259123246,4.282315622521816,364769323.0
2025-05-22,12.59,12.69,12.96,12.38,17958177.0,236777899.0,1.519999999999988,0.1899999999999995,0.0492315988973667,4.640000000000001,364769323.0
2025-05-23,12.68,12.12,12.68,12.01,18933757.0,240760834.0,-4.491725768321519,-0.5700000000000003,0.05190611108489515,5.279747832939322,364769323.0
2025-05-26,12.25,13.19,13.33,12.25,41805951.0,565442802.0,8.828382838283822,1.0700000000000003,0.11460928418040242,8.910891089108912,364769323.0
2025-05-27,13.29,13.69,14.05,12.95,38564510.0,538500206.0,3.7907505686125775,0.5,0.10572300785282868,8.339651250947698,364769323.0
2025-05-28,13.7,14.26,14.4,13.69,28402922.0,401032208.0,4.163623082542012,0.5700000000000003,0.07786543497244695,5.186267348429517,364769323.0
2025-05-29,14.22,14.3,14.37,13.77,23325617.0,331026450.0,0.28050490883591017,0.040000000000000924,0.06394621348133489,4.207573632538567,364769323.0
2025-05-30,14.29,14.12,14.39,13.8,14867780.0,209856023.0,-1.2587412587412694,-0.1800000000000015,0.04075940344358399,4.125874125874125,364769323.0
2025-06-03,14.09,14.63,14.87,13.92,15109063.0,219014181.0,3.6118980169971726,0.5100000000000016,0.04142087080058539,6.728045325779032,364769323.0
2025-06-04,14.64,14.72,14.75,14.3,11745288.0,171800277.0,0.6151742993848242,0.08999999999999986,0.0321992208758191,3.0758714969241234,364769323.0
2025-06-05,13.85,13.25,13.85,13.25,8814000.0,117894776.0,-9.98641304347826,-1.4700000000000006,0.024163216159490474,4.076086956521737,364769323.0
2025-06-06,13.25,12.87,13.25,12.44,29075109.0,372972559.0,-2.8679245283018906,-0.3800000000000008,0.07970820780891161,6.113207547169815,364769323.0
2025-06-09,12.85,13.04,13.21,12.64,16196660.0,211247530.0,1.3209013209013243,0.16999999999999993,0.04440247295686101,4.428904428904431,364769323.0
2025-06-10,13.18,12.38,13.18,11.91,29633628.0,368260468.0,-5.061349693251527,-0.6599999999999984,0.0812393645284694,9.739263803680979,364769323.0
2025-06-11,12.46,12.32,12.49,12.26,11808701.0,146580884.0,-0.4846526655896688,-0.0600000000000005,0.03237306499044603,1.8578352180937028,364769323.0
2025-06-12,12.34,12.24,12.42,12.16,9572500.0,117963684.0,-0.6493506493506551,-0.08000000000000007,0.02624261251267558,2.1103896103896087,364769323.0
2025-06-13,12.23,11.82,12.36,11.74,14432367.0,173564722.0,-3.4313725490196068,-0.41999999999999993,0.03956573672726311,5.065359477124177,364769323.0
2025-06-16,11.9,11.82,11.91,11.77,8129000.0,96677577.0,0.0,0.0,0.022285317013898125,1.1844331641286003,364769323.0
2025-06-17,11.83,11.7,11.86,11.52,12976900.0,151669434.0,-1.0152284263959421,-0.120000000000001,0.03557563419333922,2.8764805414551597,364769323.0
2025-06-18,11.64,11.69,11.72,11.42,10872171.0,126594277.0,-0.08547008547008517,-0.009999999999999787,0.02980560676150938,2.56410256410257,364769323.0
2025-06-19,11.59,11.4,11.68,11.36,7579261.0,87627094.0,-2.480752780153972,-0.28999999999999915,0.020778230300907186,2.7373823781009436,364769323.0
2025-06-20,11.44,11.19,11.5,11.16,7057300.0,80021020.0,-1.8421052631579005,-0.21000000000000085,0.019347295825093275,2.982456140350876,364769323.0
2025-06-23,11.17,11.45,11.53,11.06,12789446.0,145941914.0,2.323503127792681,0.2599999999999998,0.0350617368116781,4.20017873100982,364769323.0
2025-06-24,11.5,11.47,11.66,11.42,13144460.0,152061416.0,0.17467248908298316,0.02000000000000135,0.036034992997478574,2.0960698689956354,364769323.0
2025-06-25,11.55,11.81,11.99,11.52,19345790.0,229377517.0,2.96425457715781,0.33999999999999986,0.053035682498991286,4.097646033129909,364769323.0
2025-06-26,11.77,13.0,13.0,11.73,26271000.0,328360655.0,10.076206604572402,1.1899999999999995,0.072020859056725,10.753598645215915,364769323.0
2025-06-27,13.03,14.3,14.3,12.64,52496711.0,730161383.0,10.000000000000009,1.3000000000000007,0.143917560194611,12.769230769230772,364769323.0
2025-06-30,15.73,15.73,15.73,15.73,8455915.0,133772575.0,9.999999999999986,1.4299999999999997,0.023194661538085998,0.0,364562983.0
2025-07-01,17.3,16.42,17.3,16.02,85202609.0,1451644273.0,4.386522568340756,0.6900000000000013,0.23371163001483342,8.137317228226326,364562983.0
2025-07-02,16.19,18.06,18.06,16.01,87000161.0,1548791482.0,9.987819732034087,1.639999999999997,0.2386423335799839,12.484774665042613,364562983.0
2025-07-03,17.6,18.7,18.89,17.21,69440730.0,1260458209.0,3.543743078626793,0.6400000000000006,0.1904766343213732,9.302325581395348,364562983.0
2025-07-04,18.42,17.38,18.84,16.83,61529795.0,1086097853.0,-7.058823529411762,-1.3200000000000003,0.16877685851061844,10.748663101604288,364562983.0
2025-07-07,17.01,17.07,17.71,16.73,36648655.0,632357508.0,-1.7836593785960808,-0.3099999999999987,0.10052763640021016,5.638665132336021,364562983.0
2025-07-08,17.28,16.68,17.29,16.39,28745465.0,481605732.0,-2.284710017574698,-0.39000000000000057,0.07884910520385993,5.272407732864667,364562983.0
2025-07-09,16.85,17.3,18.35,16.46,64121939.0,1135253196.0,3.7170263788968816,0.620000000000001,0.1758871360782123,11.330935251798564,364562983.0
2025-07-10,17.09,16.39,17.24,15.99,41481201.0,684864874.0,-5.260115606936422,-0.9100000000000001,0.11378335962321222,7.2254335260115505,364562983.0
2025-07-11,16.16,16.36,16.66,15.98,26052214.0,424707561.0,-0.18303843807200293,-0.030000000000001137,0.0714614900986807,4.148871262965221,364562983.0
2025-07-14,16.31,16.37,16.66,16.16,20378080.0,335069956.0,0.06112469437653534,0.010000000000001563,0.05589728236341538,3.0562347188264063,364562983.0
2025-07-15,16.57,16.36,17.4,16.08,27577150.0,458776433.0,-0.06108735491754391,-0.010000000000001563,0.07564440518087379,8.063530849114235,364562983.0
2025-07-16,16.2,16.32,16.63,15.84,20212573.0,329287377.0,-0.24449877750610804,-0.03999999999999915,0.055443294965578004,4.828850855745716,364562983.0
2025-07-17,16.32,17.51,17.76,16.17,39211032.0,673308159.0,7.291666666666674,1.1900000000000013,0.10755626278162202,9.742647058823529,364562983.0
2025-07-18,17.4,17.07,17.66,16.86,25856497.0,445364660.0,-2.512849800114225,-0.4400000000000013,0.07092463636111952,4.568817818389495,364562983.0
2025-07-21,17.62,18.41,18.78,17.17,43045332.0,786863605.0,7.850029291154081,1.3399999999999999,0.11807378699224655,9.431751611013471,364562983.0
2025-07-22,17.9,17.65,19.06,17.45,35081784.0,640517701.0,-4.12819120043455,-0.7600000000000016,0.09622969318308436,8.745247148288971,364562983.0
2025-07-23,17.13,17.27,17.61,16.97,21986656.0,380835168.0,-2.152974504249283,-0.379999999999999,0.06030962282311586,3.626062322946179,364562983.0
2025-07-24,17.19,17.38,17.57,16.92,15691999.0,272154759.0,0.6369426751592355,0.10999999999999943,0.04304331413702526,3.763752171395476,364562983.0
2025-07-25,17.38,17.34,17.54,17.13,10169117.0,177177956.0,-0.23014959723820505,-0.03999999999999915,0.027893992188449918,2.3590333716916003,364562983.0
2025-07-28,17.5,17.32,18.68,17.08,30777861.0,553800377.0,-0.11534025374855261,-0.019999999999999574,0.0844239882687157,9.227220299884669,364562983.0
2025-07-29,17.01,17.78,17.83,16.72,21114364.0,366804246.0,2.6558891454965483,0.46000000000000085,0.05791691692406412,6.408775981524246,364562983.0
2025-07-30,17.76,16.81,17.89,16.59,19665047.0,337897841.0,-5.4555680539932645,-0.9700000000000024,0.05394142553414426,7.311586051743535,364562983.0
2025-07-31,16.81,16.51,17.0,16.42,14395510.0,241102421.0,-1.7846519928613747,-0.29999999999999716,0.0394870315179531,3.450327186198681,364562983.0
2025-08-01,16.5,16.36,16.76,16.09,14094400.0,231587443.0,-0.90854027861903,-0.15000000000000213,0.038661083700864934,4.058146577831627,364562983.0
2025-08-04,16.67,17.57,17.9,16.25,31566799.0,542062621.0,7.39608801955991,1.2100000000000009,0.08658805329119221,10.085574572127133,364562983.0
2025-08-05,17.77,16.87,17.85,16.81,30734289.0,529344521.0,-3.984063745019917,-0.6999999999999993,0.08430446982599986,5.919180421172468,364562983.0
2025-08-06,16.71,17.06,17.46,16.7,26017999.0,447638204.0,1.1262596324836949,0.18999999999999773,0.0713676380028962,4.505038529934804,364562983.0
2025-08-07,17.06,18.77,18.77,17.05,41870448.0,763652540.0,10.02344665885111,1.7100000000000009,0.11485106813491265,10.082063305978892,364562983.0
2025-08-08,19.34,17.62,19.54,17.41,55482814.0,1017782583.0,-6.1267980820458146,-1.1499999999999986,0.1521899276317914,11.347895578050075,364562983.0
2025-08-11,17.28,19.38,19.38,17.28,14424986.0,274870187.0,9.98864926220202,1.759999999999998,0.03956788448815167,11.918274687854698,364562983.0
2025-08-12,19.9,21.32,21.32,19.39,56265119.0,1139731870.0,10.010319917440658,1.9400000000000013,0.154335798267264,9.958720330237357,364562983.0
2025-08-13,21.87,21.61,22.94,20.39,68524461.0,1487931335.0,1.360225140712945,0.28999999999999915,0.18796329906045342,11.960600375234524,364562983.0
2025-08-14,21.17,19.52,21.38,19.45,50088103.0,1015723786.0,-9.67144840351689,-2.09,0.13739218005027132,8.93105043961129,364562983.0
2025-08-15,19.39,19.88,20.0,18.97,33275388.0,653388769.0,1.8442622950819665,0.35999999999999943,0.09127473043526199,5.276639344262301,364562983.0
2025-08-18,19.56,19.62,19.76,18.66,36201179.0,699521834.0,-1.3078470824949617,-0.259999999999998,0.09930020514452506,5.533199195171033,364562983.0
2025-08-19,19.63,18.89,19.63,18.85,25959750.0,496887809.0,-3.720693170234457,-0.7300000000000004,0.07120786039870647,3.975535168195706,364562983.0
2025-08-20,18.85,19.02,19.14,18.7,16102125.0,307350300.0,0.6881948120698755,0.129999999999999,0.04416829395978472,2.32927474854421,364562983.0
2025-08-21,19.05,18.87,19.13,18.4,18156650.0,341858355.0,-0.7886435331230235,-0.14999999999999858,0.04980387709851496,3.838065194532074,364562983.0
2025-08-22,18.88,18.72,18.89,18.35,17294205.0,323331321.0,-0.7949125596184548,-0.15000000000000213,0.04743818162141821,2.8616852146263865,364562983.0
2025-08-25,18.59,19.35,19.55,18.48,29220319.0,558506200.0,3.3653846153846256,0.6300000000000026,0.08015163459423416,5.715811965811968,364562983.0
2025-08-26,19.19,18.99,19.29,18.91,16409670.0,314659192.0,-1.8604651162790864,-0.360000000000003,0.04501189304784682,1.9638242894056794,364562983.0
2025-08-27,19.09,18.2,19.09,18.2,13483717.0,254642892.0,-4.160084254870977,-0.7899999999999991,0.03698597397092288,4.686677198525543,364562983.0
2025-08-28,17.9,17.48,18.25,16.75,22938263.0,401551835.0,-3.956043956043953,-0.7199999999999989,0.06291989058033355,8.241758241758241,364562983.0
2025-08-29,17.44,17.37,17.7,17.09,11076790.0,193098444.0,-0.6292906178489655,-0.10999999999999943,0.030383748533240416,3.489702517162468,364562983.0
2025-09-01,17.51,17.44,17.82,17.32,9905589.0,174692005.0,0.4029936672423684,0.07000000000000028,0.027171132182665952,2.8785261945883702,364562983.0
2025-09-02,17.61,18.02,18.28,16.71,23656620.0,413013692.0,3.325688073394484,0.5799999999999983,0.06489035119618823,9.002293577981654,364562983.0
2025-09-03,17.76,16.83,17.76,16.78,13644675.0,236540227.0,-6.60377358490567,-1.1900000000000013,0.03742748341512227,5.438401775804664,364562983.0
2025-09-04,16.89,16.12,16.89,15.92,10174900.0,167989758.0,-4.218657159833617,-0.7099999999999973,0.027909855016739316,5.763517528223415,364562983.0
2025-09-05,16.19,16.62,16.73,15.99,8346372.0,137605927.0,3.101736972704705,0.5,0.02289418396601171,4.590570719602979,364562983.0
2025-09-08,16.62,16.73,16.75,16.47,7258703.0,121202518.0,0.6618531889289958,0.10999999999999943,0.019910696747837395,1.684717208182919,364562983.0
2025-09-09,16.73,16.99,17.29,16.61,12005726.0,205696490.0,1.55409444112371,0.259999999999998,0.03293182950502684,4.064554692169753,364562983.0
2025-09-10,16.95,16.91,17.06,16.72,5896298.0,100243270.0,-0.470865214832239,-0.0799999999999983,0.01617360586497066,2.00117716303708,364562983.0
2025-09-11,17.03,16.94,17.03,16.69,6846800.0,115934105.0,0.17740981667653255,0.030000000000001137,0.018780842595859493,2.0106445890005906,364562983.0
2025-09-12,17.01,16.99,17.04,16.72,7620782.0,129426650.0,0.2951593860684554,0.04999999999999716,0.02090388315700171,1.8890200708382543,364562983.0
2025-09-15,16.92,16.86,16.98,16.71,5285200.0,89478085.0,-0.765155974102405,-0.129999999999999,0.014497357785773879,1.5891701000588558,364562983.0
2025-09-16,16.95,17.78,17.88,16.77,17549484.0,308703925.0,5.456702253855283,0.9200000000000017,0.04813841453563046,6.583629893238431,364562983.0
2025-09-17,17.63,17.71,17.9,17.4,8426075.0,149694626.0,-0.3937007874015741,-0.07000000000000028,0.023112810112155574,2.8121484814398197,364562983.0
2025-09-18,17.73,17.25,17.84,16.99,9427500.0,165765578.0,-2.5974025974025983,-0.46000000000000085,0.02585972915412534,4.799548277809155,364562983.0
2025-09-19,17.31,16.95,17.31,16.81,5002000.0,85427292.0,-1.7391304347826098,-0.3000000000000007,0.013720537282305482,2.898550724637681,364562983.0
2025-09-22,17.09,16.54,17.09,16.38,7051600.0,117525312.0,-2.418879056047196,-0.41000000000000014,0.01934261109554285,4.188790560471982,364562983.0
2025-09-23,16.54,16.44,16.63,15.95,6214333.0,101521851.0,-0.6045949214026458,-0.09999999999999787,0.017045979130580025,4.111245465538088,364562983.0
2025-09-24,16.59,16.42,16.59,16.23,4757700.0,78296310.0,-0.12165450121653931,-0.019999999999999574,0.013050419877653898,2.1897810218978067,364562983.0
2025-09-25,16.33,16.47,16.79,16.24,6670190.0,110868091.0,0.3045066991473666,0.04999999999999716,0.018296399555190166,3.349573690621198,364562983.0
2025-09-26,16.36,16.33,16.47,16.16,3759300.0,61638359.0,-0.850030358227083,-0.14000000000000057,0.010311798441697521,1.8822100789313827,364562983.0
2025-09-29,16.31,16.18,16.33,16.0,4018105.0,65279490.0,-0.9185548071034777,-0.14999999999999858,0.01102170321005959,2.020820575627669,364562983.0
2025-09-30,16.35,16.23,16.4,16.11,3466200.0,56731190.0,0.30902348578492056,0.05000000000000071,0.009507822136730761,1.7923362175525286,364562983.0
2025-10-09,16.36,16.31,16.36,16.09,4311700.0,70422966.0,0.49291435613061374,0.0799999999999983,0.01182703730510127,1.6635859519408478,364562983.0
2025-10-10,16.23,16.36,16.59,16.19,4087100.0,67410078.0,0.3065603923973148,0.05000000000000071,0.01121095720242118,2.4524831391784097,364562983.0
2025-10-13,15.91,16.41,16.46,15.48,5304040.0,85550137.0,0.3056234718826545,0.05000000000000071,0.014549036098928344,5.990220048899758,364562983.0
2025-10-14,16.6,16.35,16.65,16.22,5583083.0,92436678.0,-0.3656307129798808,-0.05999999999999872,0.015314453908777677,2.6203534430225455,364562983.0
2025-10-15,16.44,16.64,16.89,16.21,6364200.0,106143403.0,1.7737003058103884,0.28999999999999915,0.017457065848070483,4.159021406727827,364562983.0
2025-10-16,16.67,16.51,16.88,16.43,5614020.0,94173043.0,-0.7812499999999889,-0.129999999999999,0.015399314416954944,2.7043269230769185,364562983.0
2025-10-17,16.65,16.12,16.65,15.99,4345645.0,70931518.0,-2.3622047244094557,-0.39000000000000057,0.011920148788117636,3.9975772259236724,364562983.0
2025-10-20,16.23,16.37,16.53,16.11,4077600.0,67152914.0,1.5508684863523525,0.25,0.011184898605023757,2.6054590570719705,364562983.0
2025-10-21,16.42,17.63,18.01,16.33,25156964.0,439357390.0,7.697006719609023,1.259999999999998,0.06900581017025527,10.262675626145407,364562983.0
2025-10-22,17.52,16.96,17.52,16.76,17868784.0,304668847.0,-3.800340328984675,-0.6699999999999982,0.04901425770920906,4.310833806012468,364562983.0
2025-10-23,17.01,16.71,17.01,16.56,7728000.0,129772701.0,-1.474056603773588,-0.25,0.02119798323023926,2.6533018867924696,364562983.0
2025-10-24,16.78,16.61,16.82,16.56,6204665.0,103925670.0,-0.5984440454817608,-0.10000000000000142,0.017019459707460206,1.5559545182525527,364562983.0
2025-10-27,16.56,16.65,16.91,16.43,6353100.0,106421759.0,0.24081878386512656,0.03999999999999915,0.017426618434269285,2.8898254063817004,364562983.0
2025-10-28,16.66,16.31,16.66,16.14,8097800.0,133010842.0,-2.042042042042036,-0.33999999999999986,0.022212348421562042,3.123123123123121,364562983.0
2025-10-29,16.28,16.38,16.39,16.16,3958300.0,64866926.0,0.42918454935623185,0.07000000000000028,0.010857657481917192,1.410177805027593,364562983.0
2025-10-30,16.4,16.15,16.4,16.07,5026801.0,81848497.0,-1.4041514041514103,-0.23000000000000043,0.013788566679574267,2.0146520146520044,364562983.0
2025-10-31,16.28,16.25,16.32,16.12,3363781.0,54925651.0,0.6191950464396356,0.10000000000000142,0.009226885769694286,1.2383900928792526,364562983.0
2025-11-03,16.39,16.25,16.39,16.09,4536800.0,73897979.0,0.0,0.0,0.01244448891290754,1.8461538461538505,364562983.0
2025-11-04,16.25,16.17,16.28,16.03,3261680.0,52926621.0,-0.4923076923076808,-0.0799999999999983,0.008946821679918062,1.5384615384615385,364562983.0
2025-11-05,15.98,16.19,16.2,15.91,2716403.0,44025023.0,0.12368583797155441,0.019999999999999574,0.007451121278541875,1.7934446505875021,364562983.0
2025-11-06,16.19,16.14,16.26,16.01,4269800.0,69281461.0,-0.3088326127239083,-0.05000000000000071,0.01171210517552738,1.544163063619518,364562983.0
2025-11-07,16.05,15.96,16.09,15.8,5091765.0,81634811.0,-1.115241635687736,-0.17999999999999972,0.013966763597608593,1.79677819083023,364562983.0
2025-11-10,16.04,15.94,16.04,15.7,3864000.0,61575849.0,-0.12531328320802837,-0.02000000000000135,0.01059899161511963,2.1303258145363397,364562983.0
2025-11-11,16.01,15.87,16.01,15.77,3583965.0,57241481.0,-0.43914680050188837,-0.07000000000000028,0.009830852739099954,1.5056461731493225,364562983.0
2025-11-12,15.81,15.71,15.91,15.7,3319100.0,52618199.0,-1.00819155639571,-0.15999999999999837,0.009104325328608583,1.3232514177693817,364562983.0
2025-11-13,15.74,15.76,15.82,15.44,5590023.0,87830641.0,0.3182686187141792,0.049999999999998934,0.015333490399929057,2.418841502227885,364562983.0
2025-11-14,15.72,15.77,16.07,15.63,3771785.0,60292571.0,0.06345177664974777,0.009999999999999787,0.010346044924698239,2.7918781725888295,364562983.0
2025-11-17,15.82,15.87,15.94,15.69,2604185.0,41465698.0,0.6341154090044432,0.09999999999999964,0.007143306154042524,1.5852885225110973,364562983.0
2025-11-18,15.93,15.79,15.93,15.73,1972700.0,31363058.0,-0.504095778197855,-0.08000000000000007,0.005411136324830873,1.2602394454946395,364562983.0
2025-11-19,15.79,15.58,15.86,15.44,2931750.0,46014172.0,-1.3299556681443891,-0.20999999999999908,0.008041820307356878,2.6599113362887903,364562983.0
2025-11-20,15.69,15.15,15.69,15.02,4905501.0,75228574.0,-2.759948652118094,-0.4299999999999997,0.013455839535962981,4.300385109114249,364562983.0
2025-11-21,15.02,14.88,15.24,14.66,5691017.0,85464996.0,-1.7821782178217838,-0.2699999999999996,0.015610517977355918,3.828382838283829,364562983.0
2025-11-24,14.88,15.2,15.33,14.72,3771893.0,57276272.0,2.1505376344086002,0.3199999999999985,0.010346341169805493,4.0994623655913935,364562983.0
2025-11-25,15.22,15.2,15.37,15.15,3110800.0,47719003.0,0.0,0.0,0.008532956293041962,1.447368421052624,364562983.0
2025-11-26,15.27,15.15,15.35,15.13,2331700.0,35696216.0,-0.3289473684210509,-0.049999999999998934,0.006395877005428168,1.447368421052624,364562983.0
2025-11-27,15.1,15.2,15.32,15.04,2161400.0,33073260.0,0.3300330033003229,0.049999999999998934,0.005928742359451233,1.8481848184818555,364562983.0
2025-11-28,15.18,15.27,15.28,15.05,2356201.0,35893702.0,0.4605263157894779,0.07000000000000028,0.006463083499621243,1.5131578947368334,364562983.0
2025-12-01,15.32,15.42,15.66,15.27,3954900.0,61437106.0,0.982318271119853,0.15000000000000036,0.010848331247059168,2.5540275049115952,364562983.0
2025-12-02,15.42,15.14,15.42,15.06,3473500.0,53062375.0,-1.8158236057068677,-0.27999999999999936,0.00952784611157299,2.3346303501945487,364562983.0
2025-12-03,15.07,15.02,15.2,14.95,2399200.0,36257788.0,-0.7926023778071389,-0.120000000000001,0.006581030197462478,1.651254953764861,364562983.0
2025-12-04,15.03,14.99,15.1,14.82,2780300.0,41864672.0,-0.1997336884154377,-0.02999999999999936,0.007626391404636932,1.8641810918774926,364562983.0
2025-12-05,14.99,15.06,15.14,14.86,3590297.0,54207101.0,0.46697798532355783,0.07000000000000028,0.0098482214800179,1.8679119412942036,364562983.0
2025-12-08,15.0,15.17,15.21,14.99,3089200.0,46963897.0,0.7304116865869847,0.10999999999999943,0.008473707271590983,1.460823373173975,364562983.0
2025-12-09,15.17,15.15,15.41,15.11,3134700.0,48102113.0,-0.13183915622939635,-0.019999999999999574,0.00859851423807337,1.9775873434410067,364562983.0
2025-12-10,15.15,15.25,15.3,15.04,2350300.0,35898228.0,0.660066006600668,0.09999999999999964,0.0064468969961220665,1.7161716171617265,364562983.0
2025-12-11,15.31,14.83,15.32,14.8,4545400.0,68197367.0,-2.7540983606557323,-0.41999999999999993,0.012468078801077837,3.409836065573767,364562983.0
2025-12-12,14.83,14.85,14.94,14.6,4385100.0,65150643.0,0.13486176668913163,0.019999999999999574,0.012028374257624505,2.2926500337154407,364562983.0
2025-12-15,14.79,14.92,15.02,14.72,3307900.0,49593271.0,0.471380471380467,0.07000000000000028,0.009073603613782148,2.0202020202020132,364562983.0
2025-12-16,14.98,14.73,14.98,14.67,2442200.0,36291461.0,-1.2734584450402098,-0.1899999999999995,0.006698979638313965,2.077747989276143,364562983.0
2025-12-17,14.78,14.95,14.97,14.53,3244000.0,48119622.0,1.4935505770536261,0.21999999999999886,0.008898325258656335,2.9871011541072727,364562983.0
2025-12-18,14.95,15.23,15.35,14.82,4305821.0,65897063.0,1.872909698996672,0.28000000000000114,0.011810911147827645,3.5451505016722367,364562983.0
2025-12-19,15.33,15.44,15.59,15.19,5511479.0,85598708.0,1.3788575180564644,0.20999999999999908,0.015118043402667682,2.626395272488512,364562983.0
2025-12-22,15.52,15.25,15.52,15.19,4018501.0,61742232.0,-1.2305699481865218,-0.1899999999999995,0.011022789442119525,2.1373056994818658,364562983.0
2025-12-23,15.22,15.04,15.22,14.93,2825605.0,42793978.0,-1.3770491803278717,-0.21000000000000085,0.007750663484120109,1.901639344262301,364562983.0
2025-12-24,15.09,15.07,15.12,14.9,5985500.0,90184824.0,0.19946808510638014,0.030000000000001137,0.01641828786550169,1.462765957446801,364562983.0
2025-12-25,15.07,15.35,15.51,15.04,6157500.0,94934937.0,1.857996018579966,0.27999999999999936,0.01689008562890764,3.1187790311877945,364562983.0
2025-12-26,15.29,15.14,15.39,15.04,4015900.0,61319411.0,-1.3680781758957594,-0.20999999999999908,0.011015654872453137,2.2801302931596186,364562983.0
2025-12-29,15.15,15.04,15.16,14.95,3339255.0,50438493.0,-0.6605019815059565,-0.10000000000000142,0.0091596107002449,1.3870541611624891,364562983.0
2025-12-30,15.16,14.81,15.16,14.74,4925500.0,73490355.0,-1.5292553191489255,-0.22999999999999865,0.013510696997999932,2.792553191489361,364562983.0
2025-12-31,14.91,16.29,16.29,14.88,21468334.0,339476337.0,9.993247805536786,1.4799999999999986,0.05888822370784515,9.52059419311275,364560732.99999994
2026-01-05,16.48,16.31,16.48,16.06,22564968.0,368280219.0,0.12277470841006721,0.019999999999999574,0.06189632057822312,2.578268876611429,364560732.99999994
2026-01-06,16.31,16.61,16.68,16.29,18661386.0,309941613.0,1.8393623543838222,0.3000000000000007,0.05118868904622266,2.3911710606989613,364560732.99999994
2026-01-07,16.62,16.66,17.19,16.46,17725197.0,300719855.0,0.3010234798314304,0.05000000000000071,0.04862069717201277,4.394942805538834,364560732.99999994
2026-01-08,16.65,17.09,17.67,16.54,19317406.0,330973953.0,2.5810324129651896,0.4299999999999997,0.052988169737962436,6.782713085234109,364560732.99999994
2026-01-09,17.09,17.3,17.37,16.69,19341672.0,330226424.0,1.2287887653598561,0.21000000000000085,0.0530547320355536,3.978935049736686,364560732.99999994
2026-01-12,17.3,17.31,17.57,17.04,16898117.0,293890088.0,0.05780346820807303,0.00999999999999801,0.04635199425057115,3.0635838150289083,364560732.99999994
2026-01-13,17.55,16.67,17.55,16.59,14279290.0,242688268.0,-3.6972848064702357,-0.639999999999997,0.039168480605397515,5.545927209705378,364560732.99999994
2026-01-14,16.66,16.86,17.21,16.62,12857261.0,219179262.0,1.1397720455908589,0.18999999999999773,0.0352678164052298,3.5392921415716843,364560732.99999994
2026-01-15,16.85,16.51,16.86,16.39,8028702.0,133482882.0,-2.0759193357058003,-0.34999999999999787,0.022022947819780692,2.787663107947799,364560732.99999994
2026-01-16,16.5,16.55,16.63,16.36,6504018.0,107930837.0,0.24227740763174133,0.03999999999999915,0.017840698164275418,1.635372501514231,364560732.99999994
2026-01-19,16.54,17.16,17.26,16.54,13844428.0,237549618.0,3.6858006042296054,0.6099999999999994,0.037975642319108466,4.3504531722054525,364560732.99999994
2026-01-20,17.16,16.69,17.16,16.51,8880000.0,149846227.0,-2.7389277389277322,-0.46999999999999886,0.024358081373508762,3.7878787878787796,364560732.99999994
2026-01-21,16.61,16.55,16.68,16.36,5744660.0,95600206.0,-0.8388256440982622,-0.14000000000000057,0.01575775852963298,1.917315757938887,364560732.99999994
2026-01-22,16.61,16.59,16.76,16.43,5416470.0,90289725.0,0.24169184290030454,0.03999999999999915,0.014857524438870383,1.9939577039275034,364560732.99999994
2026-01-23,16.61,16.84,17.01,16.48,7679108.0,129841389.0,1.5069318866787196,0.25,0.021064001975220962,3.1946955997588975,364560732.99999994
2026-01-26,16.84,16.51,16.9,16.27,8920045.0,148569238.0,-1.9596199524940516,-0.3299999999999983,0.024467925896999997,3.741092636579567,364560732.99999994
2026-01-27,16.42,16.14,16.52,15.83,8212700.0,132882994.0,-2.241066020593585,-0.370000000000001,0.022527659335159395,4.179285281647483,364560732.99999994
2026-01-28,16.23,15.99,16.24,15.8,8089100.0,130406770.0,-0.9293680297397744,-0.15000000000000036,0.022188621175501095,2.7261462205699982,364560732.99999994
2026-01-29,15.97,15.86,16.04,15.7,7441300.0,118663477.0,-0.8130081300813052,-0.13000000000000078,0.020411688167194905,2.1263289555972475,364560732.99999994
2026-01-30,15.86,15.77,15.89,15.51,4141500.0,65452991.0,-0.567465321563676,-0.08999999999999986,0.011360247073016503,2.395964691046663,364560732.99999994
2026-02-02,15.6,15.31,15.66,15.28,5131102.0,79977443.0,-2.91693088142041,-0.4599999999999991,0.014074752258082609,2.4096385542168726,364560732.99999994
2026-02-03,15.56,15.39,15.56,15.16,3963400.0,61022936.0,0.5225342913128594,0.08000000000000007,0.010871713931955476,2.6126714565643394,364560732.99999994
2026-02-04,15.42,15.58,15.72,15.33,4099399.0,64133004.0,1.2345679012345734,0.1899999999999995,0.01124476288563969,2.5341130604288535,364560732.99999994
2026-02-05,15.57,15.45,15.6,15.41,2761701.0,43007305.0,-0.8344030808729141,-0.13000000000000078,0.007575420910732041,1.2195121951219479,364560732.99999994
2026-02-06,15.47,15.39,15.54,15.3,3737601.0,58022617.0,-0.3883495145631022,-0.05999999999999872,0.010252341137354473,1.5533980582524172,364560732.99999994
2026-02-09,15.52,15.56,15.56,15.37,3523100.0,54853458.0,1.104613385315134,0.16999999999999993,0.009663959063852333,1.234567901234576,364560732.99999994
2026-02-10,15.59,15.56,15.81,15.54,4712600.0,74183330.0,0.0,0.0,0.012926789896486194,1.7352185089974377,364560732.99999994
2026-02-11,15.66,15.6,15.83,15.48,3375800.0,53193966.0,0.25706940874035134,0.03999999999999915,0.009259911159987711,2.2493573264781466,364560732.99999994
2026-02-12,15.68,15.36,15.68,15.3,4899201.0,75843134.0,-1.538461538461544,-0.2400000000000002,0.013438641511618863,2.4358974358974295,364560732.99999994
2026-02-13,15.29,15.35,15.49,15.28,2621640.0,40586915.0,-0.06510416666666297,-0.009999999999999787,0.007191229780635756,1.3671875000000056,364560732.99999994
2026-02-24,15.53,15.63,15.73,15.42,4758640.0,74790105.0,1.8241042345277014,0.28000000000000114,0.013053078867931727,2.019543973941371,364560732.99999994
2026-02-25,15.72,15.59,15.72,15.52,3792100.0,59495399.0,-0.2559181062060212,-0.040000000000000924,0.010401833375730021,1.279590531030077,364560732.99999994
2026-02-26,15.7,15.78,15.98,15.64,4972558.0,79067071.0,1.218729955099418,0.1899999999999995,0.013639861756586935,2.1808851828094924,364560732.99999994
2026-02-27,15.86,15.74,15.87,15.62,3913600.0,61717170.0,-0.25348542458808465,-0.03999999999999915,0.010735111178306745,1.5842839036755387,364560732.99999994
2026-03-02,15.56,15.5,15.71,15.25,6124700.0,95217138.0,-1.5247776365946653,-0.2400000000000002,0.016800218579766792,2.9224904701397767,364560732.99999994
2026-03-03,15.56,14.83,15.6,14.78,5951276.0,90484332.0,-4.322580645161289,-0.6699999999999999,0.0163245118338074,5.290322580645164,364560732.99999994
2026-03-04,14.69,14.74,14.9,14.58,3644322.0,53984924.0,-0.6068779501011479,-0.08999999999999986,0.009996474304872546,2.1577882670263,364560732.99999994
2026-03-05,14.97,14.91,15.06,14.81,3622880.0,54388817.0,1.1533242876526462,0.16999999999999993,0.009937658316042503,1.6960651289009496,364560732.99999994
2026-03-06,14.93,15.24,15.3,14.81,3515990.0,53319102.0,2.213279678068414,0.33000000000000007,0.009644456140590436,3.2863849765258233,364560732.99999994
2026-03-09,14.97,15.08,15.31,14.95,3901900.0,59153819.0,-1.049868766404205,-0.16000000000000014,0.010703017760280839,2.3622047244094566,364560732.99999994
2026-03-10,15.2,15.45,15.68,15.1,3933076.0,60877560.0,2.4535809018567667,0.3699999999999992,0.010788534375697562,3.8461538461538463,364560732.99999994
2026-03-11,15.61,15.36,15.61,15.27,3231017.0,49905397.0,-0.5825242718446644,-0.08999999999999986,0.008862767455539433,2.2006472491909377,364560732.99999994
2026-03-12,15.37,15.32,15.47,15.24,3211863.0,49599935.0,-0.26041666666666297,-0.03999999999999915,0.008810227512901123,1.4973958333333361,364560732.99999994
2026-03-13,15.29,15.02,15.32,14.93,3749276.0,56985858.0,-1.9582245430809442,-0.3000000000000007,0.010284365979700838,2.5456919060052257,364560732.99999994
2026-03-16,14.87,14.48,14.93,14.1,8890507.0,128628034.0,-3.595206391478023,-0.5399999999999991,0.0243869023601069,5.525965379494009,364560732.99999994
2026-03-17,14.55,14.26,14.55,14.15,3126400.0,45141522.0,-1.5193370165745845,-0.22000000000000064,0.008575800180871373,2.7624309392265216,364560732.99999994
2026-03-18,14.26,14.44,14.47,14.17,2814700.0,40529077.0,1.2622720897615736,0.17999999999999972,0.007720798608335035,2.10378681626929,364560732.99999994
2026-03-19,14.22,14.04,14.4,13.96,2962200.0,42090131.0,-2.7700831024930817,-0.40000000000000036,0.008125395117635997,3.047091412742379,364560732.99999994
2026-03-20,14.09,13.85,14.2,13.8,3235309.0,45544312.0,-1.3532763532763448,-0.1899999999999995,0.008874540528203296,2.849002849002839,364560732.99999994
2026-03-23,13.43,13.09,13.65,12.96,5055350.0,67575018.0,-5.487364620938628,-0.7599999999999998,0.013866962463014361,4.981949458483751,364560732.99999994
2026-03-24,13.45,13.66,13.7,13.24,5479800.0,74330097.0,4.354469060351418,0.5700000000000003,0.015031240350287536,3.514132925897625,364560732.99999994
2026-03-25,13.7,14.28,14.67,13.61,7745201.0,110820419.0,4.538799414348449,0.6199999999999992,0.021245296870741153,7.759882869692536,364560732.99999994
2026-03-26,14.37,14.12,14.6,13.99,3655963.0,52497797.0,-1.1204481792717047,-0.16000000000000014,0.010028405884294732,4.271708683473385,364560732.99999994
2026-03-27,14.0,14.26,14.29,13.87,3536800.0,50261775.0,0.9915014164306069,0.14000000000000057,0.009701538536241644,2.9745042492917846,364560732.99999994
2026-03-30,14.01,14.09,14.25,13.96,1792500.0,25370356.0,-1.192145862552596,-0.16999999999999993,0.004916876223199826,2.0336605890603026,364560732.99999994
2026-03-31,14.2,13.84,14.31,13.76,2761300.0,38788032.0,-1.7743080198722505,-0.25,0.007574320956832178,3.9034776437189547,364560732.99999994
2026-04-01,14.02,13.99,14.07,13.82,2417700.0,33858373.0,1.0838150289017356,0.15000000000000036,0.0066318168171995645,1.8063583815028903,364560732.99999994
2026-04-02,14.0,14.33,14.52,13.93,6764144.0,96712655.0,2.430307362401707,0.33999999999999986,0.018554230852942687,4.217298070050035,364560732.99999994
2026-04-03,14.46,14.32,14.6,14.04,4352801.0,62488385.0,-0.06978367062107083,-0.009999999999999787,0.011939851459537198,3.9078855547801847,364560732.99999994
2026-04-07,14.47,14.21,14.47,14.07,2583909.0,36981700.0,-0.7681564245810013,-0.10999999999999943,0.007087732622042979,2.793296089385477,364560732.99999994
2026-04-08,14.37,14.65,14.67,14.29,4370580.0,63833913.0,3.096410978184383,0.4399999999999995,0.011988619739800668,2.6741731175228765,364560732.99999994
2026-04-09,14.57,14.55,14.66,14.4,3075200.0,44910161.0,-0.6825938566552892,-0.09999999999999964,0.00843535718916826,1.7747440273037527,364560732.99999994
2026-04-10,14.62,14.84,15.33,14.52,7438700.0,111971270.0,1.993127147766316,0.28999999999999915,0.02040455629652248,5.567010309278354,364560732.99999994
2026-04-13,15.66,16.32,16.32,15.08,11222737.0,179274295.0,9.973045822102433,1.4800000000000004,0.030784272644086442,8.35579514824798,364560732.99999994
2026-04-14,16.91,16.11,17.41,15.84,25635246.0,423038821.0,-1.2867647058823595,-0.21000000000000085,0.07031817658760305,9.620098039215689,364560732.99999994
2026-04-15,16.03,17.72,17.72,15.82,36613569.0,627411165.0,9.993792675356916,1.6099999999999994,0.10043201498610112,11.793916821849775,364560732.99999994
2026-04-16,17.4,17.63,17.79,16.97,36385984.0,634260251.0,-0.5079006772009009,-0.08999999999999986,0.0998077431449536,4.627539503386006,364560732.99999994
2026-04-17,17.4,17.52,17.95,17.4,18766046.0,332260948.0,-0.6239364719228591,-0.10999999999999943,0.05147577427105953,3.119682359614298,364560732.99999994
2026-04-20,17.34,17.7,17.78,17.24,18398146.0,324563779.0,1.0273972602739656,0.17999999999999972,0.050466614570911575,3.0821917808219332,364560732.99999994
2026-04-21,17.6,18.68,18.68,17.5,29373242.0,537401964.0,5.536723163841817,0.9800000000000004,0.08057160122069429,6.666666666666665,364560732.99999994
2026-04-22,17.9,17.3,18.3,16.83,27274366.0,482437231.0,-7.387580299785867,-1.379999999999999,0.0748143273016735,7.869379014989307,364560732.99999994
2026-04-23,16.92,17.99,19.04,16.92,29037426.0,529785865.0,3.988439306358371,0.6899999999999977,0.07965044880464404,12.25433526011559,364560732.99999994
2026-04-24,17.9,18.31,18.54,17.8,21818276.0,399794648.0,1.7787659811006051,0.3200000000000003,0.059848124125864106,4.113396331295156,364560732.99999994
2026-04-27,18.3,18.1,18.86,17.8,20728565.0,377757475.0,-1.1469142545057154,-0.2099999999999973,0.05685901723266505,5.7891862370289395,364560732.99999994
2026-04-28,17.92,17.67,18.13,17.59,14639878.0,261206852.0,-2.375690607734804,-0.4299999999999997,0.04015758329079287,2.983425414364636,364560732.99999994
2026-04-29,17.66,17.99,18.18,17.5,12001300.0,216444851.0,1.810979060554585,0.31999999999999673,0.03291989211575346,3.8483305036785493,364560732.99999994
2026-04-30,17.83,18.03,18.17,17.6,13312401.0,240442155.0,0.22234574763759785,0.0400000000000027,0.03651627779670939,3.168426903835466,364560732.99999994
2026-05-06,18.1,17.75,18.14,17.67,15015557.0,270210220.0,-1.5529672767609637,-0.28000000000000114,0.04118808099938729,2.6067665002773093,364560732.99999994
2026-05-07,17.8,18.62,18.71,17.75,20914446.0,387325964.0,4.901408450704237,0.870000000000001,0.0573688938682269,5.408450704225357,364560732.99999994
2026-05-08,18.38,19.79,20.09,18.15,30402291.0,584846266.0,6.283566058002132,1.1699999999999982,0.08339431059899698,10.418904403866817,364560732.99999994
2026-05-11,19.69,20.03,20.93,19.54,28467203.0,576359715.0,1.2127337038908559,0.240000000000002,0.0780863116160127,7.023749368367866,364560732.99999994
2026-05-12,20.09,20.4,20.96,19.69,21211841.0,433551872.0,1.847229156265584,0.36999999999999744,0.058184656436928994,6.340489266100846,364560732.99999994
2026-05-13,20.14,20.08,20.17,19.55,20400800.0,408156089.0,-1.5686274509803977,-0.3200000000000003,0.055959948928454684,3.039215686274515,364560732.99999994
2026-05-14,20.07,20.17,20.85,19.94,18530000.0,379618990.0,0.44820717131475174,0.09000000000000341,0.050828293676927636,4.53187250996016,364560732.99999994
2026-05-15,20.18,20.11,20.88,19.56,22496801.0,460804517.0,-0.29747149231532655,-0.060000000000002274,0.061709336644328074,6.544372830937036,364560732.99999994
2026-05-18,19.89,20.09,20.19,19.59,13552701.0,270292601.0,-0.09945300845349836,-0.019999999999999574,0.03717542722847225,2.9835902536051786,364560732.99999994
2026-05-19,20.39,22.1,22.1,20.24,24140855.0,517498877.0,10.004977600796416,2.0100000000000016,0.06621902145451306,9.258337481334012,364560732.99999994
2026-05-20,22.35,21.68,22.38,21.14,22200806.0,482263445.0,-1.9004524886877872,-0.4200000000000017,0.060897414313680356,5.61085972850678,364560732.99999994
2026-05-21,21.88,23.1,23.85,21.68,40800955.0,955737544.0,6.549815498154987,1.4200000000000017,0.11191812860437717,10.00922509225093,364560732.99999994
2026-05-22,23.37,25.41,25.41,23.37,23917319.0,588024673.0,9.999999999999986,2.3099999999999987,0.06560585613042424,8.831168831168828,364560732.99999994
2026-05-25,25.41,26.89,27.64,25.09,43334189.0,1152157629.0,5.824478551751278,1.4800000000000004,0.11886685832398743,10.03541912632822,364560732.99999994
2026-05-26,25.11,24.21,25.45,24.21,28830237.0,712751016.0,-9.966530308664934,-2.6799999999999997,0.0790821237458945,4.611379695053917,364560732.99999994
2026-05-27,23.61,22.47,24.11,21.81,42463200.0,975449751.0,-7.187112763320947,-1.740000000000002,0.11647771182202447,9.500206526228833,364560732.99999994
2026-05-28,22.07,22.93,23.1,21.55,26738270.0,597229721.0,2.047174009790842,0.46000000000000085,0.07334380140167208,6.898086337338677,364560732.99999994
2026-05-29,23.07,23.82,25.08,22.88,27339340.0,665502373.0,3.88137810728304,0.8900000000000006,0.07499255274977737,9.594417793283904,364560732.99999994
2026-06-01,23.77,22.68,23.98,22.59,17799353.0,413308997.0,-4.7858942065491235,-1.1400000000000006,0.04882410909569902,5.835432409739717,364560732.99999994
2026-06-02,22.69,22.27,22.95,21.98,14435710.0,323766172.0,-1.807760141093473,-0.41000000000000014,0.03959754491715926,4.2768959435626055,364560732.99999994
2026-06-03,22.05,22.26,22.86,21.78,12507900.0,280605065.0,-0.04490345756622549,-0.00999999999999801,0.03430950968600341,4.849573417153113,364560732.99999994
2026-06-04,22.16,21.44,22.29,21.18,14163720.0,306283750.0,-3.6837376460017945,-0.8200000000000003,0.03885146895400828,4.98652291105121,364560732.99999994
2026-06-05,21.24,22.44,23.12,20.89,19988401.0,443437634.0,4.664179104477606,1.0,0.05482872726174819,10.401119402985076,364560732.99999994
2026-06-08,21.87,21.23,22.02,20.96,13519800.0,292152000.0,-5.392156862745101,-1.2100000000000009,0.037085178891167095,4.723707664884129,364560732.99999994
2026-06-09,21.54,21.78,21.96,21.1,9997400.0,216155185.0,2.590673575129543,0.5500000000000007,0.02742313994634195,4.050871408384359,364560732.99999994
2026-06-10,21.73,21.26,21.73,20.66,9970714.0,210705388.0,-2.3875114784205675,-0.5199999999999996,0.027349939522971066,4.912764003673096,364560732.99999994
2026-06-11,20.99,20.97,21.49,20.79,7500400.0,158088378.0,-1.364063969896534,-0.2900000000000027,0.02057380107363346,3.292568203198491,364560732.99999994
2026-06-12,21.2,20.41,21.58,20.22,11600500.0,239526996.0,-2.6704816404387155,-0.5599999999999987,0.03182048682132752,6.485455412494037,364560732.99999994
2026-06-15,20.41,20.66,20.91,20.14,10688000.0,219295121.0,1.2248897599216102,0.25,0.029317474518024963,3.7726604605585474,364560732.99999994
2026-06-16,20.66,20.76,21.08,20.41,8926183.0,185065237.0,0.4840271055179146,0.10000000000000142,0.02448476259784128,3.2429816069699817,364560732.99999994
2026-06-17,20.98,21.32,21.83,20.68,13530201.0,287952081.0,2.6974951830443183,0.5599999999999987,0.03711370911688397,5.539499036608856,364560732.99999994
2026-06-18,21.2,21.31,21.5,20.37,11574429.0,243341910.0,-0.046904315197005,-0.010000000000001563,0.03174897335967339,5.300187617260783,364560732.99999994
2026-06-22,21.3,21.81,21.99,20.61,15019164.0,319654713.0,2.3463162834350015,0.5,0.041197975098431684,6.475832942280616,364560732.99999994
2026-06-23,21.79,21.65,22.01,20.98,14635495.0,315453897.0,-0.7336084364970241,-0.16000000000000014,0.04014556060265548,4.72260430994957,364560732.99999994
