date,open,close,high,low,volume,amount,pct_chg,change,turnover,amplitude,outstanding_share
2023-06-26,15.0,13.85,15.03,13.75,27250294.0,404359624.0,,,0.03009989976046228,,905328397.0
2023-06-27,13.8,14.76,14.96,13.74,26425158.0,398674261.0,6.570397111913362,0.9100000000000001,0.029188478001535612,8.808664259927802,905328397.0
2023-06-28,14.78,14.26,14.84,13.87,22707345.0,334812069.0,-3.387533875338755,-0.5,0.025081887495460944,6.571815718157185,905328397.0
2023-06-29,14.19,14.34,14.68,13.95,17387901.0,259181238.0,0.5610098176718203,0.08000000000000007,0.019206180936794364,5.1192145862552625,905328397.0
2023-06-30,14.32,14.45,14.65,14.23,11047502.0,166492509.0,0.7670850767085069,0.10999999999999943,0.012202601071621794,2.928870292887029,905339930.0
2023-07-03,14.51,15.29,15.34,14.46,28528360.0,446489839.0,5.813148788927336,0.8399999999999999,0.03151121369406517,6.089965397923869,905339930.0
2023-07-04,15.49,15.36,15.66,15.18,26389127.0,423951614.0,0.457815565729236,0.07000000000000028,0.029148307862661045,3.1393067364290412,905339930.0
2023-07-05,15.36,15.23,15.85,15.22,17382607.0,279906414.0,-0.846354166666663,-0.129999999999999,0.019200088744566916,4.101562499999994,905339930.0
2023-07-06,15.09,15.35,15.47,14.99,15543652.0,246901595.0,0.7879185817465384,0.11999999999999922,0.01716885722692028,3.151674326986214,905339930.0
2023-07-07,15.32,14.94,15.43,14.85,14276454.0,223354781.0,-2.6710097719869763,-0.41000000000000014,0.015769164185655656,3.7785016286644955,905339930.0
2023-07-10,14.96,15.05,15.15,14.82,9528300.0,147900139.0,0.7362784471218298,0.11000000000000121,0.010524555124835817,2.2088353413654622,905339930.0
2023-07-11,15.07,14.82,15.17,14.76,14072493.0,217255356.0,-1.5282392026578107,-0.23000000000000043,0.015543877535590417,2.7242524916943527,905339930.0
2023-07-12,14.76,14.24,14.79,14.16,15074616.0,225172154.0,-3.9136302294197067,-0.5800000000000001,0.016650780000391677,4.251012145748981,905339930.0
2023-07-13,14.33,14.49,14.6,14.24,11080398.0,165803057.0,1.755617977528079,0.25,0.012238936594788214,2.5280898876404456,905339930.0
2023-07-14,14.59,14.68,14.89,14.45,9516871.0,144298149.0,1.3112491373360902,0.1899999999999995,0.010511931137291161,3.0365769496204367,905339930.0
2023-07-17,14.58,14.41,14.58,14.22,6888036.0,102480597.0,-1.8392370572207106,-0.2699999999999996,0.007608231750034487,2.452316076294274,905339930.0
2023-07-18,14.35,14.2,14.43,14.15,6857530.0,101072273.0,-1.4573213046495503,-0.21000000000000085,0.007574536119267379,1.9430950728660608,905339930.0
2023-07-19,14.22,14.18,14.28,13.96,7648765.0,111684169.0,-0.14084507042253502,-0.019999999999999574,0.008448500664275351,2.2535211267605533,905339930.0
2023-07-20,14.26,13.98,14.34,13.98,9872788.0,144189344.0,-1.4104372355430161,-0.1999999999999993,0.010905061925193115,2.538787023977429,905339930.0
2023-07-21,13.99,13.99,14.11,13.87,5682730.0,82199605.0,0.07153075822603494,0.009999999999999787,0.006276901980894624,1.716738197424894,905339930.0
2023-07-24,13.96,14.0,14.26,13.93,8766693.0,127673780.0,0.07147962830593713,0.009999999999999787,0.00968331640911939,2.358827734095783,905339930.0
2023-07-25,14.27,14.71,14.78,14.2,20342001.0,305784002.0,5.071428571428571,0.7100000000000009,0.022468909550913102,4.142857142857143,905339930.0
2023-07-26,14.7,14.56,14.88,14.5,13611594.0,206829188.0,-1.0197144799456215,-0.15000000000000036,0.015034788093351853,2.583276682528897,905339930.0
2023-07-27,14.49,14.42,14.76,14.34,8701141.0,130634613.0,-0.9615384615384692,-0.14000000000000057,0.00961091045658397,2.884615384615384,905339930.0
2023-07-28,14.42,14.6,14.67,14.0,11771114.0,175971873.0,1.2482662968099856,0.17999999999999972,0.013001872125534107,4.64632454923717,905339930.0
2023-07-31,14.79,15.72,15.8,14.68,38068122.0,610190453.0,7.671232876712342,1.120000000000001,0.04204842925684279,7.671232876712336,905339930.0
2023-08-01,15.67,16.04,16.4,15.34,34324274.0,570660419.0,2.035623409669207,0.3199999999999985,0.03791313390982324,6.743002544529254,905339930.0
2023-08-02,16.03,16.07,16.45,15.94,25293143.0,422867453.0,0.18703241895261513,0.030000000000001137,0.027937730527361142,3.1795511221945127,905339930.0
2023-08-03,15.97,16.43,16.59,15.82,25134666.0,421696927.0,2.2401991288114376,0.35999999999999943,0.02776268357013702,4.791537025513376,905339930.0
2023-08-04,16.42,16.46,16.72,16.26,18711203.0,318808677.0,0.1825928180158254,0.030000000000001137,0.020667599406556606,2.7997565429092957,905339930.0
2023-08-07,16.34,16.08,16.37,16.0,15424195.0,257604051.0,-2.3086269744836074,-0.38000000000000256,0.017036910102926753,2.2478736330498235,905339930.0
2023-08-08,16.07,16.14,16.31,16.02,10378278.0,173534531.0,0.3731343283582156,0.060000000000002274,0.011463404690434895,1.8034825870646716,905339930.0
2023-08-09,15.88,16.35,16.64,15.85,18604044.0,315761963.0,1.3011152416356975,0.21000000000000085,0.020549236130565897,4.894671623296165,905339930.0
2023-08-10,16.28,16.35,16.49,16.12,9128813.0,154428097.0,0.0,0.0,0.010083298767127172,2.2629969418960085,905339930.0
2023-08-11,16.37,16.11,17.15,16.01,23204713.0,397554896.0,-1.467889908256892,-0.240000000000002,0.02563093953008347,6.972477064220165,905339930.0
2023-08-14,15.74,16.92,17.15,15.49,30607596.0,524959240.0,5.027932960893877,0.8100000000000023,0.03380784938978666,10.304158907510853,905339930.0
2023-08-15,16.9,16.61,16.96,16.35,17649604.0,303649160.0,-1.8321513002364176,-0.3100000000000023,0.019495002280524622,3.6052009456264735,905339930.0
2023-08-16,16.54,16.19,16.59,15.96,13403295.0,224727403.0,-2.5285972305839732,-0.41999999999999815,0.014804709872898239,3.7928958458759725,905339930.0
2023-08-17,16.19,16.41,16.47,15.9,13767102.0,230535918.0,1.3588634959851742,0.21999999999999886,0.015206555619390388,3.5206917850524917,905339930.0
2023-08-18,16.42,15.69,16.76,15.35,27511958.0,452977453.0,-4.387568555758692,-0.7200000000000006,0.030388539252874883,8.592321755027434,905339930.0
2023-08-21,15.6,15.67,15.98,15.6,13457062.0,220224077.0,-0.1274697259400881,-0.019999999999999574,0.014864098615422828,2.4219247928617005,905339930.0
2023-08-22,15.64,15.91,16.06,15.57,17197372.0,281822865.0,1.53158902361199,0.2400000000000002,0.0189954860380454,3.1269942565411517,905339930.0
2023-08-23,15.9,15.22,15.9,15.2,15329928.0,244189010.0,-4.336895034569455,-0.6899999999999995,0.016932786782087476,4.399748585795104,905339930.0
2023-08-24,15.28,14.32,15.34,14.26,29913152.0,450896158.0,-5.9132720105124825,-0.9000000000000004,0.03304079606872084,7.095926412614981,905339930.0
2023-08-25,14.34,14.0,14.38,13.86,13620378.0,198483964.0,-2.2346368715083775,-0.3200000000000003,0.01504449052633744,3.6312849162011265,905339930.0
2023-08-28,14.92,13.53,14.96,13.45,24066058.0,349960477.0,-3.3571428571428585,-0.47000000000000064,0.02658234460066287,10.785714285714297,905339930.0
2023-08-29,13.53,13.93,14.04,13.52,15364669.0,219554138.0,2.9563932002956372,0.40000000000000036,0.016971160213821564,3.843311160384328,905339930.0
2023-08-30,14.11,13.94,14.22,13.81,11929783.0,172894151.0,0.071787508973431,0.009999999999999787,0.013177131157796167,2.9432878679109846,905339930.0
2023-08-31,13.94,14.19,14.68,13.94,19559355.0,289986011.0,1.7934002869440357,0.25,0.02160443205018031,5.308464849354378,905339930.0
2023-09-01,14.16,14.27,14.42,13.94,14681449.0,216008102.0,0.5637773079633535,0.08000000000000007,0.0162165044460151,3.3826638477801296,905339930.0
2023-09-04,14.27,14.38,14.58,14.2,15367228.0,228979816.0,0.7708479327260154,0.11000000000000121,0.016973986776436557,2.6629292221443643,905339930.0
2023-09-05,14.21,14.12,14.58,14.04,13580516.0,198604285.0,-1.8080667593880495,-0.26000000000000156,0.015000460655700893,3.755215577190549,905339930.0
2023-09-06,13.9,14.14,14.2,13.87,10086492.0,146805643.0,0.14164305949009304,0.02000000000000135,0.011141110278876135,2.3371104815864028,905339930.0
2023-09-07,14.08,13.91,14.23,13.88,11257707.0,163795194.0,-1.6265912305516328,-0.23000000000000043,0.012434784578649922,2.4752475247524726,905339930.0
2023-09-08,13.76,14.06,14.12,13.72,6802177.0,98602529.0,1.078360891444996,0.15000000000000036,0.007513395548564836,2.875629043853333,905339930.0
2023-09-11,14.14,14.27,14.3,13.96,11424289.0,167753492.0,1.493598862019918,0.20999999999999908,0.012618783974324428,2.4182076813655753,905339930.0
2023-09-12,14.28,14.16,14.69,14.13,16582234.0,246291142.0,-0.7708479327259932,-0.10999999999999943,0.018316030753222162,3.924316748423257,905339930.0
2023-09-13,14.13,13.82,14.25,13.71,12385791.0,178712391.0,-2.401129943502822,-0.33999999999999986,0.0136808182093548,3.813559322033892,905339930.0
2023-09-14,13.79,13.67,13.91,13.59,9629997.0,136822221.0,-1.085383502170767,-0.15000000000000036,0.010636885307820235,2.3154848046309717,905339930.0
2023-09-15,13.62,13.26,13.7,13.13,14801775.0,204597847.0,-2.9992684711046103,-0.41000000000000014,0.016349411430466785,4.1697147037307865,905339930.0
2023-09-18,13.23,13.17,13.26,13.01,8545691.0,116220743.0,-0.6787330316742057,-0.08999999999999986,0.009439206994879813,1.885369532428356,905339930.0
2023-09-19,13.09,13.22,13.53,13.06,12198327.0,168251751.0,0.37965072133636646,0.05000000000000071,0.013473753444189742,3.5687167805618745,905339930.0
2023-09-20,13.14,12.98,13.18,12.94,9491849.0,128143289.0,-1.8154311649016708,-0.2400000000000002,0.010484292899795107,1.8154311649016657,905339930.0
2023-09-21,12.94,12.9,13.21,12.84,6498785.0,87499645.0,-0.6163328197226536,-0.08000000000000007,0.007178281642785821,2.850539291217265,905339930.0
2023-09-22,12.79,13.29,13.32,12.79,10073264.0,137309471.0,3.023255813953485,0.3899999999999988,0.011126499192408315,4.108527131782955,905339930.0
2023-09-25,13.28,12.91,13.41,12.82,11911613.0,161093816.0,-2.859292701279148,-0.379999999999999,0.013157061348216465,4.439428141459743,905339930.0
2023-09-26,12.92,13.1,13.42,12.87,18637253.0,253700101.0,1.4717273431448463,0.1899999999999995,0.020585917380226453,4.2602633617350945,905339930.0
2023-09-27,13.1,14.04,14.42,13.1,47644119.0,691034645.0,7.175572519083961,0.9399999999999995,0.052625668460243434,10.076335877862599,905339930.0
2023-09-28,13.88,14.31,14.42,13.88,34253567.0,503956650.0,1.9230769230769384,0.27000000000000135,0.03783434860393587,3.84615384615384,905356330.0
2023-10-09,14.21,14.24,14.46,14.01,21365063.0,314797561.0,-0.4891684136967167,-0.07000000000000028,0.02359851286399025,3.144654088050322,905356330.0
2023-10-10,14.26,12.82,14.33,12.82,44806590.0,609527909.0,-9.97191011235955,-1.42,0.04949055804359373,10.60393258426966,905356330.0
2023-10-11,12.69,12.6,12.97,12.5,26538938.0,348404040.0,-1.7160686427457161,-0.22000000000000064,0.02931325172266703,3.6661466458658394,905356330.0
2023-10-12,12.68,12.81,13.13,12.68,23748253.0,317835112.0,1.666666666666683,0.21000000000000085,0.02623083554295136,3.57142857142858,905356330.0
2023-10-13,12.75,12.58,12.75,12.29,15831096.0,204805233.0,-1.795472287275568,-0.23000000000000043,0.017486038894763127,3.5909445745511386,905356330.0
2023-10-16,12.58,12.52,12.82,12.41,14036295.0,182283512.0,-0.4769475357710662,-0.0600000000000005,0.015503613919615496,3.2591414944356134,905356330.0
2023-10-17,12.67,12.47,12.7,12.17,14130000.0,180786878.0,-0.39936102236420856,-0.049999999999998934,0.01560711460425753,4.233226837060698,905356330.0
2023-10-18,12.94,12.6,12.94,12.4,27253782.0,356582124.0,1.0425020048115297,0.129999999999999,0.03010282371362003,4.330392943063345,905356330.0
2023-10-19,12.42,11.86,12.42,11.78,30546809.0,378374287.0,-5.873015873015874,-0.7400000000000002,0.03374009546053541,5.079365079365084,905356330.0
2023-10-20,11.75,11.66,11.96,11.63,13379250.0,163068738.0,-1.6863406408094361,-0.1999999999999993,0.014777883090517521,2.7824620573355827,905356330.0
2023-10-23,11.49,11.08,11.59,10.98,23479299.0,272660897.0,-4.974271012006859,-0.5800000000000001,0.02593376576932974,5.231560891938245,905356330.0
2023-10-24,11.18,11.24,11.49,11.02,17568656.0,204496247.0,1.4440433212996373,0.16000000000000014,0.019405239039970042,4.241877256317695,905356330.0
2023-10-25,11.34,11.34,11.62,11.27,13648971.0,161393282.0,0.8896797153024938,0.09999999999999964,0.015075800044386942,3.113879003558716,905356330.0
2023-10-26,11.17,11.25,11.26,11.04,11347092.0,131005515.0,-0.7936507936507908,-0.08999999999999986,0.012533288412530347,1.9400352733686126,905356330.0
2023-10-27,11.18,11.24,11.3,11.04,12216170.0,141096965.0,-0.0888888888888828,-0.009999999999999787,0.013493217637303094,2.311111111111125,905356330.0
2023-10-30,11.18,11.14,11.18,11.06,11071835.0,127386104.0,-0.8896797153024827,-0.09999999999999964,0.012229256739166998,1.0676156583629823,905356330.0
2023-10-31,11.11,10.99,11.28,10.86,14534806.0,166309151.0,-1.3464991023339312,-0.15000000000000036,0.01605423800372611,3.7701974865350083,905356330.0
2023-11-01,11.09,11.05,11.17,10.99,8831766.0,101281451.0,0.5459508644221955,0.0600000000000005,0.00975501656900107,1.6378525932666033,905356330.0
2023-11-02,11.05,10.83,11.12,10.81,11946434.0,134889735.0,-1.990950226244348,-0.22000000000000064,0.013195284115371459,2.805429864253382,905356330.0
2023-11-03,10.89,10.95,11.03,10.83,10097957.0,114542627.0,1.1080332409972193,0.11999999999999922,0.011153571986402305,1.84672206832871,905356330.0
2023-11-06,11.02,11.26,11.27,11.02,12470921.0,144343641.0,2.8310502283105166,0.3100000000000005,0.013774599665084354,2.2831050228310503,905356330.0
2023-11-07,11.26,11.12,11.26,10.92,15475152.0,177321006.0,-1.243339253996456,-0.14000000000000057,0.01709288540568331,3.0195381882770858,905356330.0
2023-11-08,11.06,11.01,11.14,10.94,12261220.0,140025237.0,-0.989208633093519,-0.10999999999999943,0.013542977050814899,1.7985611510791464,905356330.0
2023-11-09,11.0,10.9,11.13,10.87,11428734.0,129801486.0,-0.9990917347865502,-0.10999999999999943,0.012623465061541017,2.36148955495006,905356330.0
2023-11-10,10.9,10.83,10.9,10.74,7880002.0,88167108.0,-0.6422018348623881,-0.07000000000000028,0.008703757558087654,1.467889908256882,905356330.0
2023-11-13,10.84,11.09,11.1,10.81,11677163.0,132577522.0,2.4007386888273308,0.2599999999999998,0.012897864203368413,2.677746999076631,905356330.0
2023-11-14,11.09,11.1,11.24,11.0,10794115.0,124273844.0,0.09017132551847329,0.009999999999999787,0.011922504589988342,2.164111812443645,905356330.0
2023-11-15,11.19,11.2,11.29,11.1,11576795.0,134196122.0,0.9009009009008917,0.09999999999999964,0.012787003985491546,1.7117117117117073,905356330.0
2023-11-16,11.22,11.0,11.22,10.97,8067094.0,92243464.0,-1.7857142857142794,-0.1999999999999993,0.008910407684452816,2.232142857142857,905356330.0
2023-11-17,10.99,11.03,11.04,10.88,6899138.0,78238130.0,0.27272727272726893,0.02999999999999936,0.007620356506481818,1.4545454545454397,905356330.0
2023-11-20,11.08,11.16,11.18,10.98,9185824.0,105582717.0,1.1786038077969296,0.13000000000000078,0.010146086900392025,1.8132366273798668,905356330.0
2023-11-21,11.22,11.14,11.34,11.09,11752454.0,136544667.0,-0.17921146953404632,-0.019999999999999574,0.012981025934838275,2.240143369175627,905356330.0
2023-11-22,11.11,10.94,11.23,10.93,14635743.0,168031598.0,-1.795332136445249,-0.20000000000000107,0.016165726703429577,2.6929982046678695,905356330.0
2023-11-23,10.89,11.09,11.16,10.85,10565868.0,120146050.0,1.3711151736745864,0.15000000000000036,0.011670397223599242,2.833638025594155,905356330.0
2023-11-24,11.06,10.84,11.1,10.82,10968624.0,124052444.0,-2.254283137962132,-0.25,0.012115256321232105,2.5247971145175776,905356330.0
2023-11-27,10.84,10.79,10.87,10.62,8876090.0,98509627.0,-0.46125461254613587,-0.05000000000000071,0.009803974088301784,2.3062730627306274,905356330.0
2023-11-28,10.82,10.84,10.88,10.69,6652643.0,74499887.0,0.4633920296571059,0.05000000000000071,0.007348093540142366,1.7608897126969538,905356330.0
2023-11-29,10.85,10.61,10.85,10.58,7897921.0,87284204.0,-2.121771217712176,-0.23000000000000043,0.008723549765206812,2.4907749077490737,905356330.0
2023-11-30,10.6,10.61,10.75,10.54,6011979.0,66262369.0,0.0,0.0,0.006640456139518017,1.9792648444863417,905356330.0
2023-12-01,10.61,10.84,10.89,10.53,9990831.0,111264372.0,2.1677662582469504,0.23000000000000043,0.011035247304229927,3.3930254476908694,905356330.0
2023-12-04,10.82,11.01,11.1,10.82,10723343.0,121694016.0,1.568265682656822,0.16999999999999993,0.011844334263394391,2.583025830258297,905356330.0
2023-12-05,10.96,10.8,11.04,10.77,9168300.0,103167555.0,-1.9073569482288777,-0.20999999999999908,0.0101267309855778,2.452316076294274,905356330.0
2023-12-06,10.78,10.79,10.89,10.71,6193569.0,69296097.0,-0.09259259259261077,-0.010000000000001563,0.006841029100663603,1.6666666666666639,905356330.0
2023-12-07,10.81,10.69,10.81,10.59,6120055.0,67591681.0,-0.9267840593141785,-0.09999999999999964,0.006759830132297192,2.0389249304912016,905356330.0
2023-12-08,10.66,10.49,10.75,10.47,6902747.0,75622024.0,-1.8709073900841866,-0.1999999999999993,0.007624342782250167,2.6192703461178612,905356330.0
2023-12-11,10.5,10.69,10.72,10.37,6919864.0,75678264.0,1.9065776930409895,0.1999999999999993,0.0076432491503096904,3.336510962821748,905356330.0
2023-12-12,10.65,10.82,10.83,10.63,7370344.0,82159441.0,1.2160898035547207,0.13000000000000078,0.008140821194678122,1.8709073900841842,905356330.0
2023-12-13,10.84,10.73,10.92,10.72,5706980.0,63849768.0,-0.8317929759704246,-0.08999999999999986,0.00630357331239955,1.8484288354898273,905356330.0
2023-12-14,10.77,10.78,10.86,10.74,7399372.0,82874537.0,0.4659832246038942,0.049999999999998934,0.008172883708671922,1.118359739049387,905356330.0
2023-12-15,10.82,11.57,11.86,10.79,57785264.0,685935157.0,7.328385899814482,0.7900000000000009,0.06382598992818662,9.925788497217072,905356330.0
2023-12-18,11.53,12.28,12.46,11.22,55397523.0,669244439.0,6.136560069144337,0.7099999999999991,0.06118864049915021,10.717372515125327,905356330.0
2023-12-19,11.96,11.87,12.24,11.68,31974846.0,396202775.0,-3.338762214983715,-0.41000000000000014,0.035317415851060546,4.560260586319222,905356330.0
2023-12-20,11.89,11.67,12.02,11.65,18814822.0,229658599.0,-1.6849199663015901,-0.1999999999999993,0.020781676094317473,3.117101937657955,905356330.0
2023-12-21,11.4,11.59,11.72,11.27,17142672.0,203602432.0,-0.6855184233076295,-0.08000000000000007,0.018934723745732247,3.8560411311054072,905356330.0
2023-12-22,11.59,11.38,11.84,11.3,21899175.0,262702828.0,-1.8119068162208762,-0.20999999999999908,0.024188459586956222,4.659188955996541,905356330.0
2023-12-25,11.38,10.94,11.49,10.8,16987792.0,193363367.0,-3.8664323374341114,-0.4400000000000013,0.018763652980699874,6.063268892794371,905356330.0
2023-12-26,10.9,10.55,10.98,10.45,13382107.0,147709533.0,-3.5648994515539156,-0.3899999999999988,0.014781038754100279,4.844606946983557,905356330.0
2023-12-27,10.43,10.72,10.73,10.43,9165263.0,100543685.0,1.611374407582944,0.16999999999999993,0.010123376505248492,2.8436018957346034,905356330.0
2023-12-28,10.66,10.9,10.94,10.56,10467434.0,117047982.0,1.679104477611948,0.17999999999999972,0.011561673181210319,3.544776119402976,905356330.0
2023-12-29,10.85,10.84,10.96,10.73,10755297.0,120918490.0,-0.5504587155963359,-0.0600000000000005,0.011876823980082548,2.11009174311927,905570127.0000001
2024-01-02,10.83,10.86,11.04,10.79,10091404.0,113932075.0,0.18450184501843658,0.019999999999999574,0.01114370240263016,2.3062730627306274,905570127.0000001
2024-01-03,10.86,10.91,10.94,10.77,9046226.0,101711930.0,0.4604051565377576,0.05000000000000071,0.009989536680023456,1.5653775322283605,905570127.0000001
2024-01-04,10.86,10.84,10.91,10.76,6742742.0,75503166.0,-0.6416131989000928,-0.07000000000000028,0.007445852948283043,1.3748854262144854,905570127.0000001
2024-01-05,10.82,10.74,11.13,10.65,15947910.0,180372298.0,-0.9225092250922495,-0.09999999999999964,0.017610905577056427,4.428044280442808,905570127.0000001
2024-01-08,10.78,10.31,10.78,10.3,10119568.0,109820882.0,-4.003724394785846,-0.4299999999999997,0.011174803251874494,4.469273743016747,905570127.0000001
2024-01-09,10.22,10.42,10.56,10.22,7292850.0,78579373.0,1.066925315227918,0.10999999999999943,0.008053324400353149,3.297769156159067,905570127.0000001
2024-01-10,10.37,10.22,10.41,10.18,5592605.0,59525386.0,-1.9193857965451033,-0.1999999999999993,0.006175783446531468,2.2072936660268754,905570127.0000001
2024-01-11,10.2,10.21,10.27,10.06,6952942.0,73186139.0,-0.09784735812132794,-0.009999999999999787,0.007677971912604841,2.054794520547936,905570127.0000001
2024-01-12,10.21,10.2,10.4,10.18,6164700.0,65643419.0,-0.09794319294810228,-0.010000000000001563,0.006807534630611771,2.1547502448579885,905570127.0000001
2024-01-15,10.19,10.49,10.51,10.02,10479810.0,112415721.0,2.843137254901973,0.2900000000000009,0.011572610102232313,4.8039215686274535,905570127.0000001
2024-01-16,10.45,10.22,10.45,10.09,7673641.0,81354703.0,-2.5738798856053346,-0.2699999999999996,0.008473823032813006,3.4318398474737792,905570127.0000001
2024-01-17,10.16,10.04,10.36,10.02,6140653.0,64964537.0,-1.7612524461839696,-0.1800000000000015,0.006780980088580152,3.326810176125243,905570127.0000001
2024-01-18,10.01,9.95,10.01,9.69,7637780.0,77743241.0,-0.8964143426294813,-0.08999999999999986,0.008434222565736203,3.1872509960159396,905570127.0000001
2024-01-19,9.85,9.67,10.02,9.65,7145243.0,72201306.0,-2.8140703517587906,-0.27999999999999936,0.007890325428104585,3.7185929648241127,905570127.0000001
2024-01-22,9.68,9.19,9.75,9.08,9206960.0,90081636.0,-4.963805584281289,-0.4800000000000004,0.010167031492636681,6.928645294725956,905570127.0000001
2024-01-23,9.1,9.46,9.66,9.01,8750274.0,84680646.0,2.9379760609358208,0.27000000000000135,0.009662723779314772,7.0729053318824855,905570127.0000001
2024-01-24,9.5,9.85,9.87,9.37,11223225.0,111962119.0,4.122621564482021,0.3899999999999988,0.012393545972171847,5.285412262156448,905570127.0000001
2024-01-25,9.82,10.84,10.84,9.75,26967421.0,292733017.0,10.050761421319798,0.9900000000000002,0.029779494923643828,11.065989847715734,905570127.0000001
2024-01-26,10.91,11.02,11.38,10.91,36221821.0,416011516.0,1.6605166051660403,0.17999999999999972,0.03999891330337578,4.335793357933585,905570127.0000001
2024-01-29,11.07,11.08,11.55,10.99,34986395.0,407802890.0,0.5444646098003769,0.0600000000000005,0.038634661145353785,5.08166969147006,905570127.0000001
2024-01-30,10.86,10.87,11.24,10.86,21332304.0,243697726.0,-1.895306859205781,-0.21000000000000085,0.02355676646564115,3.4296028880866496,905570127.0000001
2024-01-31,10.91,10.49,11.03,10.43,18091052.0,200063985.0,-3.4958601655933674,-0.379999999999999,0.019977527372653712,5.519779208831644,905570127.0000001
2024-02-01,10.5,10.73,11.36,10.29,30118647.0,337028095.0,2.2878932316491962,0.2400000000000002,0.033259320401588285,10.200190657769307,905570127.0000001
2024-02-02,10.62,9.94,10.79,9.66,28654447.0,303083751.0,-7.36253494874185,-0.7900000000000009,0.031642438443643575,10.531220876048453,905570127.0000001
2024-02-05,9.88,8.94,9.9,8.94,23719594.0,224223250.0,-10.060362173038229,-1.0,0.026192995211291897,9.65794768611671,905570127.0000001
2024-02-06,8.59,9.08,9.41,8.22,22450379.0,204034897.0,1.5659955257270708,0.14000000000000057,0.02479143064753504,13.310961968680084,905570127.0000001
2024-02-07,9.05,9.68,9.83,9.03,23463043.0,232439038.0,6.607929515418509,0.5999999999999996,0.025909691917211396,8.810572687224678,905570127.0000001
2024-02-08,9.71,9.91,10.31,9.71,18955939.0,196798920.0,2.3760330578512345,0.23000000000000043,0.020932601943040904,6.198347107438013,905570127.0000001
2024-02-19,9.97,10.09,10.23,9.94,14422859.0,150531282.0,1.816347124117046,0.17999999999999972,0.015926827277066305,2.9263370332997063,905570127.0000001
2024-02-20,9.96,10.17,10.23,9.74,13168670.0,136655019.0,0.7928642220019766,0.08000000000000007,0.014541855575145313,4.856293359762143,905570127.0000001
2024-02-21,10.06,10.33,10.67,10.02,16049726.0,173285086.0,1.5732546705998107,0.16000000000000014,0.017723338614503564,6.391347099311704,905570127.0000001
2024-02-22,10.26,10.52,10.53,10.24,11376582.0,122895713.0,1.83930300096804,0.1899999999999995,0.012562894535499622,2.807357212003864,905570127.0000001
2024-02-23,10.53,10.69,10.73,10.4,12017084.0,131836333.0,1.615969581749055,0.16999999999999993,0.013270185976441777,3.1368821292775677,905570127.0000001
2024-02-26,10.7,10.62,10.82,10.57,12496283.0,138057876.0,-0.6548175865294659,-0.07000000000000028,0.01379935427132304,2.338634237605239,905570127.0000001
2024-02-27,10.55,10.82,10.82,10.5,10925346.0,120684275.0,1.8832391713747842,0.20000000000000107,0.012064605130244098,3.0131826741996264,905570127.0000001
2024-02-28,10.82,10.38,11.04,10.36,16555230.0,184678611.0,-4.06654343807763,-0.4399999999999995,0.018281554908226336,6.284658040665432,905570127.0000001
2024-02-29,10.41,10.82,10.84,10.39,12856259.0,142415505.0,4.2389210019267765,0.4399999999999995,0.014196867384076151,4.335260115606929,905570127.0000001
2024-03-01,10.82,10.84,10.97,10.7,10787187.0,121010096.0,0.1848428835489857,0.019999999999999574,0.011912039364346212,2.495378927911288,905570127.0000001
2024-03-04,10.83,10.85,10.89,10.62,9586131.0,106643755.0,0.09225092250921829,0.009999999999999787,0.010585741196827265,2.4907749077490897,905570127.0000001
2024-03-05,10.71,10.97,11.1,10.71,15635110.0,176757284.0,1.105990783410138,0.120000000000001,0.0172654878223473,3.5944700460829386,905570127.0000001
2024-03-06,10.91,11.07,11.25,10.89,13937580.0,160098599.0,0.9115770282588809,0.09999999999999964,0.015390944979791718,3.281677301731991,905570127.0000001
2024-03-07,10.98,11.15,11.3,10.97,14914642.0,172721914.0,0.7226738934056121,0.08000000000000007,0.01646989179005901,2.9810298102981037,905570127.0000001
2024-03-08,11.08,11.12,11.23,10.96,9156009.0,104895364.0,-0.2690582959641308,-0.030000000000001137,0.010110767490014607,2.421524663677126,905570127.0000001
2024-03-11,11.13,11.05,11.29,10.94,9871439.0,112731412.0,-0.6294964028776828,-0.06999999999999851,0.010900800176240795,3.147482014388486,905570127.0000001
2024-03-12,11.07,10.99,11.08,10.82,10612280.0,120292379.0,-0.5429864253393757,-0.0600000000000005,0.011718893637930262,2.352941176470586,905570127.0000001
2024-03-13,10.99,10.96,11.06,10.84,8668551.0,98393765.0,-0.27297543221109777,-0.02999999999999936,0.009572478973790176,2.0018198362147466,905570127.0000001
2024-03-14,10.91,11.03,11.12,10.87,10519829.0,119919972.0,0.6386861313868453,0.06999999999999851,0.011616802151866919,2.281021897810219,905570127.0000001
2024-03-15,11.01,11.27,11.27,10.94,10370837.0,119597543.0,2.1758839528558394,0.2400000000000002,0.011452273756375798,2.9918404351767913,905570127.0000001
2024-03-18,11.52,11.62,11.63,11.25,14116985.0,167925846.0,3.105590062111796,0.34999999999999964,0.015589057742846676,3.3717834960071054,905570127.0000001
2024-03-19,11.63,11.3,11.63,11.25,11262129.0,132795937.0,-2.753872633390697,-0.3199999999999985,0.01243650675327544,3.27022375215147,905570127.0000001
2024-03-20,11.36,11.28,11.36,11.12,9288286.0,107852385.0,-0.1769911504424848,-0.02000000000000135,0.010256837900307635,2.123893805309736,905570127.0000001
2024-03-21,11.3,11.15,11.34,11.04,8496995.0,98147355.0,-1.1524822695035408,-0.129999999999999,0.009383033678627518,2.659574468085113,905570127.0000001
2024-03-22,11.15,10.94,11.18,10.81,8968937.0,101785199.0,-1.8834080717488821,-0.21000000000000085,0.009904188237428462,3.318385650224208,905570127.0000001
2024-03-25,10.81,10.74,11.1,10.72,9055326.0,102315497.0,-1.8281535648994485,-0.1999999999999993,0.009999585598079251,3.473491773308949,905570127.0000001
2024-03-26,10.82,10.8,10.84,10.61,6178582.0,68718434.0,0.5586592178770999,0.0600000000000005,0.006822864199892052,2.1415270018622015,905570127.0000001
2024-03-27,10.82,10.34,10.88,10.33,9598594.0,104959377.0,-4.259259259259263,-0.46000000000000085,0.01059950379745687,5.092592592592599,905570127.0000001
2024-03-28,10.28,10.55,10.75,10.27,9198893.0,100455633.0,2.0309477756286443,0.21000000000000085,0.010157850481874862,4.642166344294008,905594448.0
2024-03-29,10.55,10.51,10.62,10.37,8314665.0,90054210.0,-0.37914691943128354,-0.040000000000000924,0.009181444319102098,2.3696682464454977,905594448.0
2024-04-01,10.71,11.27,11.42,10.71,19378647.0,222656191.0,7.231208372978104,0.7599999999999998,0.021398813831950525,6.755470980019021,905594448.0
2024-04-02,11.33,11.38,11.4,11.2,14174540.0,166270050.0,0.976042590949433,0.11000000000000121,0.015652194016101125,1.7746228926353247,905594448.0
2024-04-03,11.28,11.39,11.47,11.25,7885297.0,92481609.0,0.08787346221441616,0.009999999999999787,0.008707315970647382,1.933216168717053,905594448.0
2024-04-08,11.24,10.97,11.35,10.86,13839252.0,158392973.0,-3.687445127304656,-0.41999999999999993,0.01528195323034931,4.302019315188764,905594448.0
2024-04-09,10.97,10.92,11.12,10.82,8179585.0,92358204.0,-0.45578851412945154,-0.05000000000000071,0.009032282627245081,2.7347310847766537,905594448.0
2024-04-10,10.94,10.74,10.96,10.56,8412640.0,93427376.0,-1.6483516483516425,-0.17999999999999972,0.00928963292407464,3.663003663003666,905594448.0
2024-04-11,10.56,11.08,11.21,10.55,11154445.0,126691785.0,3.165735567970196,0.33999999999999986,0.012317263013962293,6.145251396648046,905594448.0
2024-04-12,11.02,10.79,11.11,10.77,7830618.0,88497169.0,-2.6173285198555996,-0.2900000000000009,0.008646936846061583,3.0685920577617316,905594448.0
2024-04-15,10.82,11.43,11.5,10.73,24171877.0,282678615.0,5.931417979610765,0.6400000000000006,0.026691723931593716,7.136237256719181,905594448.0
2024-04-16,11.45,11.59,11.83,11.31,34241985.0,411423271.0,1.3998250218722585,0.16000000000000014,0.03781161100934665,4.549431321084861,905594448.0
2024-04-17,11.47,12.46,12.64,11.37,41409588.0,513188842.0,7.506471095772227,0.870000000000001,0.04572641549586885,10.957722174288191,905594448.0
2024-04-18,12.26,12.53,12.77,12.12,37473955.0,483879887.0,0.561797752808979,0.06999999999999851,0.041380504355742254,5.216693418940613,905594448.0
2024-04-19,12.37,12.46,13.02,12.33,30809496.0,403307637.0,-0.5586592178770777,-0.06999999999999851,0.034021295148222906,5.506783719074218,905594448.0
2024-04-22,12.41,12.02,12.48,11.94,22438695.0,283802193.0,-3.5313001605136507,-0.4400000000000013,0.024777862816579458,4.333868378812206,905594448.0
2024-04-23,11.95,11.83,12.06,11.74,14459662.0,178114947.0,-1.580698835274541,-0.1899999999999995,0.01596703914421525,2.662229617304495,905594448.0
2024-04-24,11.86,12.03,12.04,11.81,13941433.0,172063974.0,1.690617075232459,0.1999999999999993,0.015394786298424832,1.9442096365173176,905594448.0
2024-04-25,12.15,11.79,12.17,11.76,16340468.0,200860086.0,-1.995012468827928,-0.2400000000000002,0.018043913626113572,3.408146300914382,905594448.0
2024-04-26,11.68,11.97,12.02,11.68,14036698.0,172418452.0,1.526717557251911,0.1800000000000015,0.015499982393884995,2.883799830364715,905594448.0
2024-04-29,11.97,12.09,12.14,11.77,15754815.0,195806645.0,1.0025062656641603,0.11999999999999922,0.017397208027052746,3.091060985797836,905594448.0
2024-04-30,12.18,11.68,12.18,11.68,16101057.0,197241763.0,-3.3912324234904867,-0.41000000000000014,0.017779544735018075,4.1356492969396195,905594448.0
2024-05-06,11.78,12.18,12.46,11.78,22174323.0,278751151.0,4.2808219178082085,0.5,0.024485930814805525,5.821917808219191,905594448.0
2024-05-07,12.07,12.44,12.71,11.84,31410805.0,402829964.0,2.1346469622331776,0.2599999999999998,0.03468528883913829,7.142857142857151,905594448.0
2024-05-08,12.36,12.39,12.8,12.12,26617504.0,344998888.0,-0.4019292604501512,-0.049999999999998934,0.02939230033795437,5.4662379421221985,905594448.0
2024-05-09,12.31,12.48,12.58,12.31,16379767.0,211498802.0,0.7263922518159882,0.08999999999999986,0.018087309431031318,2.1791767554479384,905594448.0
2024-05-10,12.47,12.21,12.64,12.14,17487837.0,223539772.0,-2.1634615384615308,-0.2699999999999996,0.019310892462538594,4.006410256410256,905594448.0
2024-05-13,12.12,12.24,12.35,12.0,14350497.0,181221460.0,0.24570024570023108,0.02999999999999936,0.01584649401472479,2.8665028665028633,905594448.0
2024-05-14,12.17,12.22,12.42,12.13,11443072.0,145684231.0,-0.16339869281045694,-0.019999999999999574,0.01263597852799557,2.369281045751627,905594448.0
2024-05-15,12.15,11.85,12.22,11.85,15342917.0,190021120.0,-3.0278232405892114,-0.370000000000001,0.016942370874605893,3.027823240589206,905594448.0
2024-05-16,11.94,11.86,12.1,11.82,9514647.0,117839183.0,0.08438818565401629,0.009999999999999787,0.010506520905702373,2.362869198312231,905594448.0
2024-05-17,11.93,12.01,12.03,11.71,9008889.0,110583830.0,1.2647554806070938,0.15000000000000036,0.009948039124904176,2.6981450252950974,905594448.0
2024-05-20,11.97,11.88,12.01,11.83,8340733.0,102739750.0,-1.0824313072439584,-0.129999999999999,0.009210229831267694,1.4987510407993314,905594448.0
2024-05-21,11.86,11.6,11.91,11.51,10499773.0,127054031.0,-2.3569023569023684,-0.28000000000000114,0.011594343387582253,3.36700336700337,905594448.0
2024-05-22,11.6,11.62,11.79,11.57,7983332.0,96540630.0,0.17241379310344307,0.019999999999999574,0.008815570830443077,1.8965517241379213,905594448.0
2024-05-23,11.59,11.25,11.61,11.19,10042914.0,117910532.0,-3.184165232357994,-0.3699999999999992,0.011089858183406177,3.614457831325301,905594448.0
2024-05-24,11.19,11.12,11.34,11.08,7793025.0,90383511.0,-1.1555555555555652,-0.13000000000000078,0.00860542488661547,2.311111111111109,905594448.0
2024-05-27,11.23,11.37,11.37,11.09,8731773.0,101691739.0,2.248201438848918,0.25,0.009642034598692681,2.517985611510786,905594448.0
2024-05-28,11.31,11.28,11.4,11.19,7367145.0,86169240.0,-0.79155672823219,-0.08999999999999986,0.008135148151880012,1.8469656992084509,905594448.0
2024-05-29,11.3,11.32,11.49,11.21,9358281.0,110256951.0,0.35460992907803135,0.040000000000000924,0.010333854211085004,2.4822695035460938,905594448.0
2024-05-30,11.28,11.14,11.46,11.08,9665373.0,112440507.0,-1.590106007067138,-0.17999999999999972,0.010672959646943418,3.356890459363964,905594448.0
2024-05-31,11.09,11.21,11.26,11.09,5683202.0,65928494.0,0.6283662477558405,0.07000000000000028,0.006275659057485741,1.5260323159784552,905594448.0
2024-06-03,11.24,11.0,11.28,10.89,10364720.0,118329163.0,-1.873327386262269,-0.21000000000000085,0.011445211510395655,3.479036574487054,905594448.0
2024-06-04,10.93,11.25,11.26,10.93,8575193.0,98878605.0,2.2727272727272707,0.25,0.009469131595206069,3.0000000000000004,905594448.0
2024-06-05,11.38,11.19,11.38,11.19,8015168.0,93646328.0,-0.5333333333333412,-0.0600000000000005,0.00885072563960772,1.6888888888889002,905594448.0
2024-06-06,11.2,10.86,11.29,10.8,9337303.0,106264338.0,-2.9490616621983934,-0.33000000000000007,0.010310689316416833,4.378909740840022,905594448.0
2024-06-07,10.89,10.97,11.03,10.86,5295617.0,60072797.0,1.0128913443830712,0.11000000000000121,0.005847669463627277,1.5653775322283605,905594448.0
2024-06-11,10.99,11.01,11.11,10.75,8740537.0,98886379.0,0.3646308113035568,0.03999999999999915,0.009651712219861136,3.281677301731991,905594448.0
2024-06-12,11.01,11.15,11.2,10.92,6549478.0,75100518.0,1.2715712988192518,0.14000000000000057,0.007230228342638218,2.5431425976385045,905846633.0
2024-06-13,11.16,10.9,11.19,10.88,5454030.0,62123420.0,-2.2421524663677084,-0.25,0.006020919879049768,2.7802690582959526,905846633.0
2024-06-14,10.91,10.89,10.94,10.78,5318300.0,59822591.0,-0.09174311926605228,-0.009999999999999787,0.005871082152600991,1.467889908256882,905846633.0
2024-06-17,10.88,10.62,10.97,10.6,8117788.0,90439761.0,-2.4793388429752206,-0.27000000000000135,0.008961547909181222,3.397612488521588,905846633.0
2024-06-18,10.67,10.95,10.97,10.56,9020699.0,100925399.0,3.1073446327683607,0.33000000000000007,0.009958307147563246,3.860640301318269,905846633.0
2024-06-19,10.89,10.71,10.95,10.69,5555019.0,62056323.0,-2.191780821917799,-0.23999999999999844,0.006132405638692703,2.3744292237442908,905846633.0
2024-06-20,10.65,10.16,10.69,10.04,16160551.0,172116250.0,-5.135387488328669,-0.5500000000000007,0.017840272747362523,6.0690943043884245,905846633.0
2024-06-21,10.23,10.38,10.46,10.16,7533010.0,80135958.0,2.1653543307086576,0.22000000000000064,0.008315988298208975,2.9527559055118178,905846633.0
2024-06-24,10.46,10.07,10.46,10.05,7628604.0,79856777.0,-2.9865125240847834,-0.3100000000000005,0.008421518303529423,3.949903660886321,905846633.0
2024-06-25,10.08,10.09,10.21,10.0,5451700.0,56631293.0,0.19860973187686426,0.019999999999999574,0.0060183476997038195,2.085402184707059,905846633.0
2024-06-26,10.1,10.2,10.25,9.9,8951885.0,92301719.0,1.090188305252715,0.10999999999999943,0.009882340645626708,3.4687809712586684,905846633.0
2024-06-27,10.2,9.92,10.26,9.9,6193775.0,64076993.0,-2.7450980392156765,-0.27999999999999936,0.006837553703199557,3.529411764705877,905846633.0
2024-06-28,9.9,10.1,10.23,9.9,7508100.0,78128351.0,1.814516129032251,0.17999999999999972,0.008288485575144434,3.326612903225807,905847025.0
2024-07-01,10.13,10.22,10.26,10.05,5495304.0,57343445.0,1.1881188118811892,0.120000000000001,0.006066481258245563,2.0792079207920704,905847025.0
2024-07-02,10.23,10.11,10.3,10.08,5570513.0,58162817.0,-1.0763209393346518,-0.11000000000000121,0.006149507418208941,2.1526418786692822,905847025.0
2024-07-03,10.11,9.98,10.16,9.97,3464600.0,35718314.0,-1.2858555885261969,-0.129999999999999,0.0038247075989458596,1.8793273986152277,905847025.0
2024-07-04,9.95,9.73,10.03,9.68,6117772.0,61603159.0,-2.505010020040077,-0.25,0.00675364805663517,3.507014028056109,905847025.0
2024-07-05,9.72,9.75,9.8,9.62,4551189.0,45339921.0,0.20554984583760483,0.019999999999999574,0.005024235742232526,1.8499486125385558,905847025.0
2024-07-08,9.69,9.43,9.72,9.4,6225600.0,60680138.0,-3.2820512820512904,-0.3200000000000003,0.006872683607919339,3.2820512820512846,905847025.0
2024-07-09,9.36,9.56,9.62,9.29,6054772.0,58897705.0,1.378579003181346,0.13000000000000078,0.006684099889824113,3.4994697773064694,905847025.0
2024-07-10,9.55,9.41,9.62,9.39,4955528.0,48293103.0,-1.5690376569037712,-0.15000000000000036,0.00547060139652167,2.40585774058576,905847025.0
2024-07-11,9.6,9.6,9.64,9.46,7299037.0,71660866.0,2.019128586609975,0.1899999999999995,0.00805769274342983,1.9128586609989344,905847025.0
2024-07-12,9.51,9.5,9.67,9.43,6644085.0,65065875.0,-1.041666666666663,-0.09999999999999964,0.0073346655855054555,2.500000000000002,905847025.0
2024-07-15,9.42,9.36,9.5,9.34,4515658.0,43577321.0,-1.473684210526327,-0.14000000000000057,0.004985011680090245,1.6842105263157907,905847025.0
2024-07-16,9.37,9.36,9.4,9.31,4715362.0,45293496.0,0.0,0.0,0.005205472745246362,0.96153846153846,905847025.0
2024-07-17,9.39,9.38,9.51,9.35,5233800.0,50545956.0,0.21367521367523512,0.02000000000000135,0.005777796753265266,1.7094017094017109,905847025.0
2024-07-18,9.4,9.31,9.4,9.18,7228835.0,68754240.0,-0.7462686567164201,-0.07000000000000028,0.007980194006819197,2.345415778251606,905847025.0
2024-07-19,9.28,9.43,9.48,9.27,5104800.0,49189823.0,1.2889366272824887,0.11999999999999922,0.005635388602175958,2.25563909774437,905847025.0
2024-07-22,9.43,9.27,9.45,9.18,6556392.0,62405811.0,-1.6967126193001114,-0.16000000000000014,0.007237857849121931,2.8632025450689245,905847025.0
2024-07-23,9.27,9.1,9.35,9.09,6040660.0,57282696.0,-1.8338727076591121,-0.16999999999999993,0.006668521100458435,2.80474649406688,905847025.0
2024-07-24,9.1,9.04,9.22,8.99,6010433.0,55989440.0,-0.6593406593406681,-0.0600000000000005,0.006635152331598153,2.5274725274725323,905847025.0
2024-07-25,9.0,9.04,9.16,8.95,5133421.0,47764041.0,0.0,0.0,0.005666984444752137,2.3230088495575316,905847025.0
2024-07-26,9.1,9.16,9.28,9.04,6543391.0,61520740.0,1.3274336283185972,0.120000000000001,0.007223505536158271,2.654867256637171,905847025.0
2024-07-29,9.22,9.18,9.26,9.06,5021205.0,47251627.0,0.21834061135370675,0.019999999999999574,0.005543104808452619,2.18340611353711,905847025.0
2024-07-30,9.12,9.26,9.33,9.09,5996302.0,56829614.0,0.8714596949891185,0.08000000000000007,0.006619552567388517,2.614379084967323,905847025.0
2024-07-31,9.26,9.61,9.63,9.24,12325021.0,120697638.0,3.7796976241900593,0.34999999999999964,0.013606073277107689,4.2116630669546495,905847025.0
2024-08-01,9.62,9.56,9.73,9.55,7569212.0,74732435.0,-0.520291363163361,-0.049999999999998934,0.008355949504829471,1.8730489073881345,905847025.0
2024-08-02,9.52,9.48,9.63,9.46,5482278.0,53744914.0,-0.8368200836820106,-0.08000000000000007,0.00605210134680301,1.7782426778242668,905847025.0
2024-08-05,9.39,9.25,9.57,9.25,8012502.0,77299330.0,-2.426160337552752,-0.23000000000000043,0.008845314693173498,3.3755274261603407,905847025.0
2024-08-06,9.3,9.37,9.48,9.26,6712975.0,64479583.0,1.297297297297284,0.11999999999999922,0.007410715953943769,2.378378378378385,905847025.0
2024-08-07,9.37,9.36,9.41,9.28,5043100.0,48405343.0,-0.10672358591248265,-0.009999999999999787,0.005567275556267351,1.3874066168623351,905847025.0
2024-08-08,9.32,9.28,9.35,9.16,4788757.0,45464337.0,-0.8547008547008517,-0.08000000000000007,0.005286496359581244,2.029914529914525,905847025.0
2024-08-09,9.31,9.23,9.43,9.22,5016569.0,48004548.0,-0.5387931034482651,-0.049999999999998934,0.00553798694652665,2.262931034482749,905847025.0
2024-08-12,9.2,9.1,9.24,9.07,3929700.0,36865022.0,-1.4084507042253613,-0.13000000000000078,0.00433814970027638,1.8418201516793058,905847025.0
2024-08-13,9.06,9.19,9.19,9.0,3447320.0,32228738.0,0.9890109890109855,0.08999999999999986,0.0038056315303348267,2.0879120879120827,905847025.0
2024-08-14,9.19,9.12,9.28,9.1,4182637.0,39458213.0,-0.7616974972796564,-0.07000000000000028,0.004617376758509529,1.9586507072905304,905847025.0
2024-08-15,9.06,9.07,9.22,8.99,5928397.0,55308968.0,-0.5482456140350811,-0.049999999999998934,0.006544589579018599,2.5219298245614086,905847025.0
2024-08-16,9.06,8.77,9.1,8.74,10163184.0,92421605.0,-3.3076074972436698,-0.3000000000000007,0.011219536764499502,3.969128996692386,905847025.0
2024-08-19,8.73,8.86,8.93,8.71,7968600.0,72542744.0,1.026225769669331,0.08999999999999986,0.008796849556358592,2.5085518814138985,905847025.0
2024-08-20,8.86,8.59,8.88,8.52,8757308.0,77727301.0,-3.0474040632054167,-0.2699999999999996,0.009667535199996932,4.063205417607238,905847025.0
2024-08-21,8.57,8.61,8.62,8.48,5676703.0,49953027.0,0.2328288707799775,0.019999999999999574,0.006266734717156023,1.629802095459823,905847025.0
2024-08-22,8.6,8.32,8.6,8.29,9421426.0,81126570.0,-3.3681765389082408,-0.28999999999999915,0.010400681064222737,3.600464576074338,905847025.0
2024-08-23,8.34,8.43,8.45,8.28,6098388.0,52324104.0,1.3221153846153744,0.10999999999999943,0.006732249300040479,2.04326923076923,905847025.0
2024-08-26,8.43,8.55,8.65,8.39,8291027.0,72793254.0,1.4234875444840034,0.120000000000001,0.009152789346523492,3.0842230130486334,905847025.0
2024-08-27,8.57,8.36,8.57,8.29,6259230.0,53794310.0,-2.2222222222222365,-0.19000000000000128,0.006909809081726575,3.2748538011696033,905847025.0
2024-08-28,8.28,8.3,8.42,8.25,6338235.0,54149825.0,-0.7177033492822837,-0.05999999999999872,0.006997025794725108,2.0334928229665064,905847025.0
2024-08-29,8.3,8.39,8.46,8.21,8387633.0,72096282.0,1.0843373493975905,0.08999999999999986,0.009259436492602049,3.012048192771084,905847025.0
2024-08-30,8.4,8.54,8.68,8.33,12075025.0,106052108.0,1.7878426698450411,0.14999999999999858,0.013330092903931544,4.171632896305121,905847025.0
2024-09-02,8.55,8.07,8.55,8.06,20321186.0,169946185.0,-5.503512880562045,-0.46999999999999886,0.022433352916294006,5.73770491803279,905847025.0
2024-09-03,8.07,8.12,8.19,8.02,8649050.0,71936852.0,0.6195786864931607,0.049999999999998934,0.009548024954875797,2.106567534076827,905847025.0
2024-09-04,8.05,8.12,8.23,8.05,8277294.0,69228270.0,0.0,0.0,0.009137628950097837,2.216748768472903,905847025.0
2024-09-05,8.15,8.18,8.24,8.12,5466704.0,45923597.0,0.7389162561576512,0.0600000000000005,0.006034908598391654,1.4778325123152833,905847025.0
2024-09-06,8.19,8.1,8.23,8.06,6452458.0,53826394.0,-0.9779951100244544,-0.08000000000000007,0.007123121036910178,2.078239608801955,905847025.0
2024-09-09,8.04,8.12,8.29,7.99,7242353.0,60340218.0,0.24691358024691024,0.019999999999999574,0.00799511705632637,3.703703703703691,905847025.0
2024-09-10,8.13,8.1,8.18,7.97,6437975.0,53299437.0,-0.24630541871920597,-0.019999999999999574,0.007107132686117725,2.586206896551724,905847025.0
2024-09-11,8.05,8.04,8.08,7.99,3321498.0,27368296.0,-0.7407407407407418,-0.0600000000000005,0.0036667316978824323,1.1111111111111094,905847025.0
2024-09-12,8.02,8.03,8.17,8.02,4890586.0,40662881.0,-0.12437810945273853,-0.009999999999999787,0.0053989093798701825,1.8656716417910495,905847025.0
2024-09-13,8.01,7.99,8.11,7.99,5123150.0,42257738.0,-0.49813200498131094,-0.03999999999999915,0.005655645885683623,1.4943960149439506,905847025.0
2024-09-18,8.0,7.99,8.05,7.86,4640263.0,37863256.0,0.0,0.0,0.005122568018590115,2.3779724655819825,905847025.0
2024-09-19,8.01,8.24,8.32,8.0,12548917.0,105701393.0,3.1289111389236623,0.25,0.013853240838319252,4.005006257822282,905847025.0
2024-09-20,8.22,8.13,8.24,8.09,5484020.0,45856550.0,-1.3349514563106735,-0.10999999999999943,0.006054024408812294,1.8203883495145674,905847025.0
2024-09-23,8.13,8.16,8.2,8.06,4117377.0,34420767.0,0.36900369003689537,0.02999999999999936,0.0045453336892065195,1.7220172201721868,905847025.0
2024-09-24,8.23,8.53,8.53,8.19,12581557.0,108559508.0,4.53431372549018,0.3699999999999992,0.013889273412362313,4.166666666666665,905847025.0
2024-09-25,8.62,8.67,8.86,8.62,14143230.0,126987731.0,1.6412661195779776,0.14000000000000057,0.015613265385510318,2.8135990621336484,905847025.0
2024-09-26,8.66,9.1,9.11,8.62,14634475.0,133346043.0,4.959630911188007,0.4299999999999997,0.016155569976067426,5.651672433679356,905847025.0
2024-09-27,9.28,9.53,9.58,9.19,21918781.0,210787753.0,4.725274725274731,0.4299999999999997,0.024197000591794183,4.285714285714292,905847025.0
2024-09-30,9.94,10.35,10.43,9.68,38025945.0,393131716.0,8.604407135362013,0.8200000000000003,0.04197782093445591,7.869884575026233,905858002.0
2024-10-08,11.38,10.89,11.38,10.36,37066542.0,414394212.0,5.21739130434784,0.5400000000000009,0.04091871123085801,9.85507246376813,905858002.0
2024-10-09,10.72,10.0,10.72,9.97,22970328.0,242950381.0,-8.172635445362719,-0.8900000000000006,0.025357537218068313,6.887052341597796,905858002.0
2024-10-10,9.99,10.59,11.0,9.91,43213574.0,474105874.0,5.899999999999994,0.5899999999999999,0.04770457831645892,10.899999999999999,905858002.0
2024-10-11,10.42,9.86,10.42,9.71,26728108.0,275009699.0,-6.89329556185081,-0.7300000000000004,0.029505847429716694,6.7044381491973475,905858002.0
2024-10-14,9.86,10.07,10.1,9.71,17336967.0,176914958.0,2.129817444219073,0.21000000000000085,0.01913872479099655,3.955375253549684,905858002.0
2024-10-15,10.02,9.77,10.12,9.76,13918997.0,141924743.0,-2.9791459781529417,-0.3000000000000007,0.015365539598114628,3.5749751737835096,905858002.0
2024-10-16,9.8,9.84,9.96,9.71,10168847.0,102622598.0,0.7164790174002178,0.07000000000000028,0.011225652340155627,2.5588536335721597,905858002.0
2024-10-17,9.84,9.56,9.91,9.55,12710197.0,126687659.0,-2.8455284552845517,-0.27999999999999936,0.014031114117154976,3.658536585365848,905858002.0
2024-10-18,9.54,9.79,9.97,9.41,17493645.0,173596157.0,2.4058577405857706,0.22999999999999865,0.019311685674108556,5.857740585774064,905858002.0
2024-10-21,9.83,9.99,10.02,9.72,19334591.0,195834711.0,2.042900919305435,0.20000000000000107,0.021343953420196203,3.06435137895811,905858002.0
2024-10-22,9.94,9.98,10.0,9.85,12161397.0,124005580.0,-0.10010010010009784,-0.009999999999999787,0.013425279649955556,1.501501501501505,905858002.0
2024-10-23,9.97,9.96,10.2,9.91,14659158.0,150877496.0,-0.2004008016032066,-0.019999999999999574,0.016182622406199155,2.9058116232464846,905858002.0
2024-10-24,9.92,9.73,9.94,9.64,15168945.0,151925180.0,-2.309236947791171,-0.23000000000000043,0.016745389417004895,3.0120481927710734,905858002.0
2024-10-25,9.7,9.86,9.88,9.7,15673310.0,157809757.0,1.336073997944487,0.129999999999999,0.017302170942240017,1.8499486125385558,905858002.0
2024-10-28,9.79,10.07,10.14,9.77,19142000.0,196900620.0,2.129817444219073,0.21000000000000085,0.021131347250603633,3.752535496957414,905858002.0
2024-10-29,10.09,9.86,10.31,9.86,29841446.0,308292331.0,-2.0854021847070636,-0.21000000000000085,0.03294274150486557,4.468718967229405,905858002.0
2024-10-30,9.84,9.78,10.0,9.7,13329622.0,134478053.0,-0.8113590263691739,-0.08000000000000007,0.014714913342455631,3.0425963488843886,905858002.0
2024-10-31,9.85,10.02,10.15,9.84,19608705.0,201431653.0,2.4539877300613577,0.2400000000000002,0.021646554931023285,3.1697341513292487,905858002.0
2024-11-01,10.01,9.83,10.23,9.73,25695634.0,262206307.0,-1.896207584830334,-0.1899999999999995,0.028366072765563535,4.990019960079841,905858002.0
2024-11-04,9.83,9.99,10.08,9.75,15385903.0,156237538.0,1.6276703967446515,0.16000000000000014,0.01698489494604034,3.3570701932858604,905858002.0
2024-11-05,9.99,10.2,10.26,9.9,23548946.0,245255501.0,2.102102102102088,0.20999999999999908,0.025996288544128797,3.603603603603598,905858002.0
2024-11-06,10.29,11.0,11.14,10.13,51867885.0,567125791.0,7.843137254901977,0.8000000000000007,0.05725829532386247,9.901960784313724,905858002.0
2024-11-07,11.12,11.56,11.66,10.96,58322722.0,678124702.0,5.0909090909091015,0.5600000000000005,0.06438395628369135,6.363636363636357,905858002.0
2024-11-08,11.5,11.29,11.5,11.08,40552639.0,467962446.0,-2.3356401384083125,-0.27000000000000135,0.044767103575246665,3.633217993079584,905858002.0
2024-11-11,11.18,11.42,11.44,11.01,36466221.0,421222634.0,1.1514614703277415,0.13000000000000078,0.04025600140362838,3.808680248007084,905858002.0
2024-11-12,11.35,10.91,11.41,10.86,30304024.0,346418778.0,-4.465849387040278,-0.5099999999999998,0.033453393283597664,4.816112084063053,905858002.0
2024-11-13,10.9,11.05,11.32,10.83,23742416.0,271511161.0,1.2832263978001857,0.14000000000000057,0.026209865064480604,4.491292392300643,905858002.0
2024-11-14,10.95,11.22,11.7,10.95,38380977.0,446818749.0,1.538461538461533,0.16999999999999993,0.04236974991142155,6.787330316742081,905858002.0
2024-11-15,11.01,11.35,11.77,11.01,42809338.0,505096290.0,1.158645276292325,0.129999999999999,0.04725833177549167,6.773618538324419,905858002.0
2024-11-18,11.5,11.07,11.72,10.97,37678801.0,438214710.0,-2.466960352422898,-0.27999999999999936,0.04159459972403048,6.607929515418502,905858002.0
2024-11-19,10.99,10.81,11.06,10.52,26247347.0,289817219.0,-2.3486901535682003,-0.2599999999999998,0.028975122968555506,4.878048780487814,905858002.0
2024-11-20,10.77,10.81,11.03,10.69,23832414.0,265134368.0,0.0,0.0,0.02630921617668726,3.1452358926919506,905858002.0
2024-11-21,10.77,10.93,11.31,10.73,23081610.0,261381826.0,1.1100832562442209,0.11999999999999922,0.025480384286542958,5.365402405180389,905858002.0
2024-11-22,10.84,10.72,11.37,10.68,30021944.0,341910398.0,-1.9213174748398787,-0.20999999999999908,0.033141997900019655,6.31290027447392,905858002.0
2024-11-25,10.75,10.41,10.81,10.22,18411427.0,197564005.0,-2.8917910447761264,-0.3100000000000005,0.020324848882882638,5.50373134328358,905858002.0
2024-11-26,10.34,10.24,10.4,10.18,12144026.0,127900575.0,-1.6330451488952957,-0.16999999999999993,0.013406103355258544,2.113352545629209,905858002.0
2024-11-27,10.24,10.33,10.33,10.04,12224335.0,127497196.0,0.87890625,0.08999999999999986,0.013494758530598044,2.832031250000009,905858002.0
2024-11-28,10.33,10.17,10.35,10.13,12232060.0,128379137.0,-1.5488867376573068,-0.16000000000000014,0.013503286357236374,2.1297192642787883,905858002.0
2024-11-29,10.18,10.45,10.62,10.1,23832294.0,255277019.0,2.7531956735496577,0.27999999999999936,0.026309083705593848,5.113077679449356,905858002.0
2024-12-02,10.41,10.53,10.62,10.41,13451114.0,144952322.0,0.7655502392344582,0.08000000000000007,0.014849031493127992,2.009569377990422,905858002.0
2024-12-03,10.72,10.52,10.77,10.35,14869731.0,160633670.0,-0.09496676163343043,-0.009999999999999787,0.016415079369139357,3.988603988603988,905858002.0
2024-12-04,10.48,10.25,10.5,10.18,14622195.0,154660007.0,-2.5665399239543696,-0.2699999999999996,0.01614181799765125,3.041825095057037,905858002.0
2024-12-05,10.26,10.44,10.57,10.17,15875020.0,168394486.0,1.8536585365853675,0.1899999999999995,0.017524843811006042,3.9024390243902474,905858002.0
2024-12-06,10.45,10.64,10.68,10.33,16310629.0,176273636.0,1.9157088122605526,0.20000000000000107,0.018005723815419802,3.352490421455936,905858002.0
2024-12-09,10.58,10.3,10.62,10.2,18197095.0,193635265.0,-3.195488721804507,-0.33999999999999986,0.020088242262941338,3.9473684210526305,905858002.0
2024-12-10,10.49,10.33,10.62,10.26,26259313.0,280940659.0,0.2912621359223211,0.02999999999999936,0.028988332544420136,3.4951456310679556,905858002.0
2024-12-11,10.25,10.36,10.47,10.25,12033535.0,128198840.0,0.2904162633107443,0.02999999999999936,0.013284129492074631,2.1297192642788056,905858002.0
2024-12-12,10.39,10.41,10.47,10.29,11650081.0,123996179.0,0.4826254826254983,0.05000000000000071,0.012860824736634606,1.737451737451752,905858002.0
2024-12-13,10.34,10.15,10.39,10.14,15330310.0,160772081.0,-2.497598463016326,-0.2599999999999998,0.01692352440024038,2.4015369836695486,905858002.0
2024-12-16,10.17,10.03,10.21,10.0,12009894.0,124392953.0,-1.1822660098522286,-0.120000000000001,0.013258031582746896,2.0689655172413874,905858002.0
2024-12-17,10.04,9.89,10.06,9.8,11151933.0,113748900.0,-1.395812562313048,-0.1399999999999988,0.01231090631796395,2.592223330009968,905858002.0
2024-12-18,9.92,9.92,10.08,9.9,9142059.0,93588025.0,0.30333670374114163,0.02999999999999936,0.010092154597978591,1.8200202224469129,905858002.0
2024-12-19,9.79,9.98,9.98,9.74,9657367.0,98086108.0,0.6048387096774244,0.0600000000000005,0.010661016383007014,2.4193548387096793,905858002.0
2024-12-20,9.97,9.89,9.99,9.87,8247957.0,84001227.0,-0.9018036072144242,-0.08999999999999986,0.009105132351637603,1.2024048096192483,905858002.0
2024-12-23,9.89,9.77,9.99,9.76,9892436.0,100133086.0,-1.213346814964622,-0.120000000000001,0.010920515111815505,2.3255813953488413,905858002.0
2024-12-24,9.81,10.0,10.01,9.81,11970924.0,122043233.0,2.3541453428863823,0.23000000000000043,0.013215011595161688,2.0470829068577205,905858002.0
2024-12-25,10.01,9.85,10.02,9.8,7901843.0,79959145.0,-1.5000000000000013,-0.15000000000000036,0.008723048184763951,2.1999999999999886,905858002.0
2024-12-26,9.86,9.78,9.9,9.76,9219297.0,92875802.0,-0.7106598984771617,-0.07000000000000028,0.010177419617252551,1.4213197969543205,905858002.0
2024-12-27,9.84,9.86,9.93,9.79,9174460.0,92919380.0,0.8179959100204526,0.08000000000000007,0.010127922897125326,1.4314928425357931,905858002.0
2024-12-30,9.83,9.76,9.88,9.73,7511916.0,75435898.0,-1.0141987829614618,-0.09999999999999964,0.008292597717760183,1.5212981744421943,905858002.0
2024-12-31,9.77,9.53,9.79,9.53,9386171.0,92849825.0,-2.3565573770491843,-0.23000000000000043,0.0101083378472353,2.663934426229506,928557310.0
2025-01-02,9.55,9.26,9.59,9.19,8606630.0,83188974.0,-2.833158447009443,-0.2699999999999996,0.009268819390372362,4.197271773347328,928557310.0
2025-01-03,9.29,9.03,9.38,9.03,10477041.0,98973336.0,-2.4838012958963374,-0.23000000000000043,0.01128313878655481,3.77969762419008,928557310.0
2025-01-06,9.04,9.07,9.16,8.94,8858817.0,82360478.0,0.44296788482836025,0.040000000000000924,0.009540409519795822,2.436323366555932,928557310.0
2025-01-07,9.07,9.07,9.1,8.97,5394779.0,50079072.0,0.0,0.0,0.005809850336539809,1.4332965821389085,928557310.0
2025-01-08,9.07,8.98,9.07,8.8,8140243.0,74568464.0,-0.9922822491730932,-0.08999999999999986,0.008766548830464757,2.9768467475192897,928557310.0
2025-01-09,8.92,8.89,8.98,8.86,4512800.0,41328890.0,-1.0022271714921982,-0.08999999999999986,0.004860012356157102,1.3363028953229508,928557310.0
2025-01-10,8.9,8.77,8.93,8.76,6228762.0,56404335.0,-1.3498312710911287,-0.120000000000001,0.006707999531014408,1.912260967379077,928557310.0
2025-01-13,8.69,8.82,8.84,8.63,6169000.0,55384837.0,0.5701254275940704,0.05000000000000071,0.006643639475521441,2.3945267958950867,928557310.0
2025-01-14,8.86,9.09,9.11,8.85,8964030.0,82770920.0,3.0612244897959107,0.2699999999999996,0.009653717550293154,2.94784580498866,928557310.0
2025-01-15,9.05,9.05,9.09,8.97,5799506.0,53704330.0,-0.44004400440043057,-0.03999999999999915,0.006245716809875741,1.3201320132013115,928557310.0
2025-01-16,9.08,9.15,9.26,9.07,7548860.0,71054092.0,1.104972375690605,0.09999999999999964,0.008129665146893303,2.0994475138121493,928557310.0
2025-01-17,9.11,9.49,9.58,9.08,13515949.0,130268089.0,3.71584699453551,0.33999999999999986,0.014555858700848523,5.46448087431694,928557310.0
2025-01-20,9.56,9.59,9.63,9.41,10123151.0,99398336.0,1.0537407797681642,0.09999999999999964,0.01090202068410834,2.3182297154899962,928557310.0
2025-01-21,9.64,9.35,9.64,9.31,8279793.0,79952124.0,-2.502606882168923,-0.2400000000000002,0.00891683573090389,3.441084462982274,928557310.0
2025-01-22,9.33,9.27,9.34,9.15,6840852.0,64830547.0,-0.8556149732620311,-0.08000000000000007,0.007367183399805447,2.032085561497321,928557310.0
2025-01-23,9.31,9.24,9.45,9.24,6422928.0,61636735.0,-0.3236245954692518,-0.02999999999999936,0.006917104556529742,2.2653721682847796,928557310.0
2025-01-24,9.23,9.35,9.39,9.21,5529914.0,52881692.0,1.1904761904761862,0.10999999999999943,0.00595538254930113,1.948051948051945,928557310.0
2025-01-27,9.47,9.43,9.52,9.34,6389712.0,61914309.0,0.8556149732620311,0.08000000000000007,0.006881332935712929,1.9251336898395692,928557310.0
2025-02-05,9.44,9.3,9.49,9.26,5578370.0,53548784.0,-1.3785790031813239,-0.129999999999999,0.0060075667273568716,2.439024390243907,928557310.0
2025-02-06,9.29,9.4,9.4,9.18,6956732.0,66304568.0,1.0752688172043001,0.09999999999999964,0.007491979143430577,2.365591397849469,928557310.0
2025-02-07,9.38,9.48,9.59,9.35,11319104.0,110223240.0,0.8510638297872353,0.08000000000000007,0.012189989651796506,2.5531914893617045,928557310.0
2025-02-10,9.64,9.55,9.72,9.51,11510782.0,113337106.0,0.7383966244725704,0.07000000000000028,0.012396415251956823,2.2151898734177307,928557310.0
2025-02-11,9.66,9.54,9.66,9.48,6760666.0,66050138.0,-0.10471204188483574,-0.010000000000001563,0.007280827932957633,1.8848167539266985,928557310.0
2025-02-12,9.55,9.59,9.61,9.49,6814632.0,66895675.0,0.524109014675056,0.05000000000000071,0.00733894604739044,1.2578616352201177,928557310.0
2025-02-13,9.94,9.78,10.06,9.72,24440298.0,247907364.0,1.9812304483837195,0.1899999999999995,0.026320721119518192,3.54535974973931,928557310.0
2025-02-14,9.99,9.95,10.13,9.79,21466152.0,219308448.0,1.7382413087934534,0.16999999999999993,0.023117745957974313,3.476482617586929,928557310.0
2025-02-17,9.89,9.64,9.9,9.6,18374068.0,182996879.0,-3.1155778894472186,-0.3099999999999987,0.019787758711414378,3.01507537688443,928557310.0
2025-02-18,9.69,10.61,10.61,9.63,73727930.0,788608550.0,10.0622406639004,0.9699999999999989,0.07940051648508373,10.165975103734425,928557310.0
2025-02-19,11.07,11.67,11.67,10.82,77919393.0,915628652.0,9.990574929311968,1.0600000000000005,0.0839144683487549,8.011310084825633,928557310.0
2025-02-20,11.34,11.06,11.52,10.89,97046418.0,1111223738.0,-5.227077977720651,-0.6099999999999994,0.10451311615865691,5.3984575835475495,928557310.0
2025-02-21,11.06,10.96,11.17,10.81,59762717.0,671915906.0,-0.9041591320072317,-0.09999999999999964,0.06436082765855346,3.2549728752260343,928557310.0
2025-02-24,11.4,12.06,12.06,11.4,41078941.0,497995663.0,10.036496350364965,1.0999999999999996,0.04423953218353319,6.021897810218979,928557310.0
2025-02-25,13.15,11.84,13.15,11.8,113581802.0,1440283975.0,-1.8242122719734688,-0.22000000000000064,0.12232072353186256,11.194029850746265,928557310.0
2025-02-26,11.84,11.54,12.03,11.43,76112443.0,911472419.0,-2.533783783783794,-0.3000000000000007,0.08196849260709606,5.067567567567564,928557310.0
2025-02-27,11.73,11.1,11.84,10.96,71276423.0,826055351.0,-3.812824956672445,-0.4399999999999995,0.0767603918814661,7.62564991334488,928557310.0
2025-02-28,11.31,11.14,11.58,11.06,69523119.0,808505513.0,0.3603603603603789,0.040000000000000924,0.07487218963361561,4.684684684684681,928557310.0
2025-03-03,10.6,10.78,10.96,10.43,45932540.0,507504551.0,-3.2315978456014416,-0.3600000000000012,0.04946656442777883,4.757630161579902,928557310.0
2025-03-04,10.68,10.78,10.82,10.62,24399454.0,268565108.0,0.0,0.0,0.026276734604566303,1.855287569573294,928557310.0
2025-03-05,11.17,11.33,11.5,11.04,54963519.0,634522793.0,5.102040816326547,0.5500000000000007,0.05919238199740197,4.267161410018561,928557310.0
2025-03-06,11.2,11.2,11.26,11.04,36540425.0,417984545.0,-1.1473962930273696,-0.13000000000000078,0.03935182525244457,1.9417475728155398,928557310.0
2025-03-07,11.07,10.89,11.2,10.88,33682906.0,380975589.0,-2.767857142857133,-0.3099999999999987,0.03627445030829599,2.857142857142844,928557310.0
2025-03-10,10.99,11.31,11.35,10.79,37805694.0,429575390.0,3.8567493112947604,0.41999999999999993,0.04071444335514412,5.142332415059692,928557310.0
2025-03-11,11.13,11.16,11.42,11.06,29967194.0,343307725.0,-1.326259946949604,-0.15000000000000036,0.03195076520776983,3.18302387267904,937917881.0
2025-03-12,11.4,11.1,11.46,11.06,31414037.0,360832222.0,-0.5376344086021501,-0.0600000000000005,0.033493376804488065,3.5842293906810068,937917881.0
2025-03-13,11.11,10.99,11.52,10.82,41368065.0,473059448.0,-0.9909909909909809,-0.10999999999999943,0.04410627608026166,6.3063063063063005,937917881.0
2025-03-14,11.16,11.16,11.3,11.01,32145819.0,368041531.0,1.5468607825295688,0.16999999999999993,0.034273596496237395,2.6387625113739843,937917881.0
2025-03-17,11.07,10.99,11.15,10.94,26988731.0,304549781.0,-1.5232974910394215,-0.16999999999999993,0.028775153504083797,1.8817204301075345,937917881.0
2025-03-18,10.97,11.29,11.34,10.93,34395251.0,392200295.0,2.729754322111,0.29999999999999893,0.03667192160077818,3.7306642402183816,937917881.0
2025-03-19,11.2,10.94,11.23,10.89,31594390.0,356661010.0,-3.1000885739592476,-0.34999999999999964,0.033685667626161826,3.0115146147032763,937917881.0
2025-03-20,10.9,10.98,11.17,10.81,20712455.0,233057839.0,0.365630712979903,0.040000000000000924,0.02208344186584497,3.2906764168190077,937917881.0
2025-03-21,10.91,11.04,11.48,10.87,47777903.0,550341543.0,0.5464480874316724,0.05999999999999872,0.05094039037731066,5.555555555555566,937917881.0
2025-03-24,11.04,11.2,11.4,10.96,42135256.0,482325048.0,1.449275362318847,0.16000000000000014,0.044053326192336206,3.985507246376807,956460264.0
2025-03-25,11.12,11.13,11.32,10.95,32932048.0,374219519.0,-0.6249999999999867,-0.06999999999999851,0.03443117214538042,3.3035714285714377,956460264.0
2025-03-26,11.01,10.82,11.02,10.78,29256573.0,326271519.0,-2.785265049415997,-0.3100000000000005,0.03058838312597166,2.156334231805932,956460264.0
2025-03-27,10.78,10.59,10.78,10.57,24164385.0,264219691.0,-2.1256931608133134,-0.23000000000000043,0.02526438986491968,1.9408502772643166,956460264.0
2025-03-28,10.53,10.45,10.64,10.42,20710758.0,222939474.0,-1.3220018885741314,-0.14000000000000057,0.021416813678077212,2.077431539187919,967032646.0
2025-03-31,10.37,10.13,10.39,9.94,24881654.0,259713815.0,-3.0622009569377884,-0.3199999999999985,0.025562029962674437,4.30622009569379,973383336.0
2025-04-01,10.21,10.38,10.47,10.21,21522827.0,229327285.0,2.4679170779861703,0.25,0.02211135757516194,2.5666337611056242,973383336.0
2025-04-02,10.38,10.3,10.39,10.23,11784811.0,124646020.0,-0.770712909441229,-0.08000000000000007,0.012107060563033924,1.5414258188824674,973383336.0
2025-04-03,10.2,10.41,10.48,10.15,19690625.0,208627232.0,1.0679611650485477,0.10999999999999943,0.0201962939924503,3.203883495145632,974962288.0
2025-04-07,10.03,9.37,10.03,9.37,20277732.0,198873201.0,-9.990393852065328,-1.040000000000001,0.020798478309963103,6.34005763688761,974962288.0
2025-04-08,9.26,9.27,9.52,9.0,38589201.0,364883934.0,-1.0672358591248599,-0.09999999999999964,0.039580198613795,5.549626467449302,974962288.0
2025-04-09,9.09,9.81,10.0,8.8,42628107.0,412530240.0,5.825242718446622,0.5400000000000009,0.04372282653870198,12.94498381877022,974962288.0
2025-04-10,9.79,9.84,10.01,9.73,28580535.0,289688327.0,0.3058103975535076,0.02999999999999936,0.02931450308568243,2.85423037716615,974962288.0
2025-04-11,9.75,10.07,10.22,9.69,31546670.0,324257491.0,2.3373983739837456,0.23000000000000043,0.032356810502602744,5.38617886178863,974962288.0
2025-04-14,10.07,10.17,10.28,10.02,22401779.0,233330375.0,0.9930486593842991,0.09999999999999964,0.022977072319334674,2.5819265143992034,974962288.0
2025-04-15,10.13,10.05,10.18,10.01,10727713.0,111044221.0,-1.179941002949847,-0.11999999999999922,0.011003208156908731,1.6715830875122901,974962288.0
2025-04-16,10.03,9.86,10.13,9.73,14880013.0,151280106.0,-1.8905472636816079,-0.19000000000000128,0.015262142118875473,3.9800995024875654,974962288.0
2025-04-17,9.86,9.87,9.96,9.8,9517373.0,96635457.0,0.10141987829614951,0.009999999999999787,0.009761785780990125,1.622718052738338,974962288.0
2025-04-18,9.89,10.19,10.38,9.89,24276091.0,253493906.0,3.2421479229989947,0.3200000000000003,0.024899517959611584,4.964539007092201,974962288.0
2025-04-21,10.19,10.13,10.22,10.02,17046435.0,176588320.0,-0.5888125613346284,-0.05999999999999872,0.01748419934782134,1.9627085377821498,974962288.0
2025-04-22,10.15,10.2,10.3,10.07,16045849.0,167750633.0,0.6910167818361179,0.06999999999999851,0.016457917601013918,2.2704837117472896,974962288.0
2025-04-23,10.53,10.47,10.87,10.47,42815691.0,468270934.0,2.6470588235294246,0.27000000000000135,0.04391522782674031,3.9215686274509665,974962288.0
2025-04-24,10.42,10.55,10.65,10.39,21445094.0,231150089.0,0.764087870105068,0.08000000000000007,0.02199581898084657,2.4832855778414498,974962288.0
2025-04-25,10.58,10.87,11.06,10.39,36750989.0,405799806.0,3.033175355450224,0.3199999999999985,0.03769478004671294,6.350710900473933,974962288.0
2025-04-28,10.77,10.31,10.86,10.28,36126864.0,391332565.0,-5.151793928242854,-0.5599999999999987,0.0370546270811246,5.33578656853726,974962288.0
2025-04-29,10.33,10.36,10.52,10.29,15964080.0,170186904.0,0.4849660523763344,0.049999999999998934,0.016374048716025824,2.2308438409311386,974962288.0
2025-04-30,10.31,9.99,10.36,9.97,25773445.0,267373787.0,-3.5714285714285587,-0.3699999999999992,0.02643532505536255,3.7644787644787527,974962288.0
2025-05-06,10.05,10.12,10.22,9.94,21718701.0,224522549.0,1.301301301301283,0.129999999999999,0.02227645239956194,2.8028028028028142,974962288.0
2025-05-07,10.29,10.28,10.43,10.13,25322695.0,266928080.0,1.5810276679841806,0.16000000000000014,0.025972999480775815,2.9644268774703457,974962288.0
2025-05-08,10.3,10.44,10.51,10.14,25129322.0,267699013.0,1.5564202334630295,0.16000000000000014,0.02577466052717723,3.599221789883261,974962288.0
2025-05-09,10.5,10.47,10.74,10.38,31630694.0,342805274.0,0.287356321839094,0.030000000000001137,0.03244299229756464,3.44827586206896,974962288.0
2025-05-12,10.77,10.83,11.06,10.69,41672161.0,462995789.0,3.4383954154727725,0.35999999999999943,0.04274233117824963,3.533906399235921,974962288.0
2025-05-13,10.77,11.13,11.35,10.65,54446450.0,618730750.0,2.7700831024930705,0.3000000000000007,0.0558446728351815,6.463527239150501,974962288.0
2025-05-14,11.13,11.18,11.25,10.88,39666239.0,449420575.0,0.4492362982928988,0.049999999999998934,0.04068489570131968,3.324348607367468,974962288.0
2025-05-15,11.15,11.02,11.16,10.86,32338447.0,363670321.0,-1.4311270125223596,-0.16000000000000014,0.03316892088855851,2.683363148479434,974962288.0
2025-05-16,10.86,10.65,10.88,10.63,28388102.0,312031148.0,-3.3575317604355615,-0.3699999999999992,0.02911712827193989,2.268602540834846,974962288.0
2025-05-19,10.53,10.6,10.61,10.46,20300592.0,219339413.0,-0.46948356807512415,-0.05000000000000071,0.020821925370717517,1.4084507042253387,974962288.0
2025-05-20,10.71,10.72,10.9,10.67,24096614.0,266439290.0,1.132075471698113,0.120000000000001,0.024715431864991276,2.169811320754721,974962288.0
2025-05-21,10.64,10.81,10.93,10.6,23582670.0,260441593.0,0.8395522388059629,0.08999999999999986,0.02418828942438028,3.0783582089552244,974962288.0
2025-05-22,10.71,10.58,10.77,10.58,15240001.0,166412301.0,-2.127659574468088,-0.23000000000000043,0.015631374861957738,1.7576318223866743,974962288.0
2025-05-23,10.52,10.34,10.59,10.29,14719878.0,157722348.0,-2.2684310018903586,-0.2400000000000002,0.015097894740314304,2.8355387523629556,974962288.0
2025-05-26,10.31,10.36,10.38,10.26,9314745.0,98726647.0,0.19342359767891004,0.019999999999999574,0.009553954152532308,1.1605415860735107,974962288.0
2025-05-27,10.37,10.25,10.39,10.18,11760292.0,123862483.0,-1.061776061776054,-0.10999999999999943,0.012062304506284658,2.0270270270270356,974962288.0
2025-05-28,10.29,10.24,10.38,10.21,8743622.0,92235919.0,-0.09756097560975618,-0.009999999999999787,0.008968164315295034,1.6585365853658531,974962288.0
2025-05-29,10.27,10.37,10.39,10.25,12125952.0,128781039.0,1.26953125,0.129999999999999,0.012437354910285515,1.3671875000000056,974962288.0
2025-05-30,10.37,10.13,10.37,10.11,12379508.0,129440808.0,-2.314368370298925,-0.23999999999999844,0.012697422405326923,2.5072324011571823,974962288.0
2025-06-03,10.03,10.06,10.13,9.98,10879981.0,112113466.0,-0.691016781836129,-0.07000000000000028,0.011159386505419377,1.480750246791711,974962288.0
2025-06-04,10.07,10.06,10.14,10.04,7644442.0,79194103.0,0.0,0.0,0.007840756605757043,0.9940357852882844,974962288.0
2025-06-05,10.07,10.14,10.19,10.01,9778031.0,101551634.0,0.7952286282306265,0.08000000000000007,0.010029137660348152,1.7892644135188838,974962288.0
2025-06-06,10.12,10.11,10.2,10.05,8275619.0,85968902.0,-0.2958579881656931,-0.030000000000001137,0.00848814267162711,1.4792899408283882,974962288.0
2025-06-09,10.15,10.15,10.2,10.11,8815719.0,91828958.0,0.3956478733926794,0.040000000000000924,0.00904211281657286,0.8902077151335298,974962288.0
2025-06-10,10.16,9.95,10.16,9.87,15885725.0,163118012.0,-1.9704433497537033,-0.20000000000000107,0.016293681504940424,2.857142857142866,974962288.0
2025-06-11,10.01,10.01,10.14,9.96,11358600.0,117178160.0,0.6030150753769004,0.0600000000000005,0.011650296775376403,1.8090452261306504,974962288.0
2025-06-12,10.01,9.97,10.03,9.93,9258556.0,94679381.0,-0.39960039960038607,-0.03999999999999915,0.009496322179796969,0.9990009990009955,974962288.0
2025-06-13,9.94,9.8,9.97,9.76,13163904.0,133218935.0,-1.7051153460381108,-0.16999999999999993,0.013501962242051356,2.1063189568706204,974962288.0
2025-06-16,9.8,9.93,10.04,9.73,18446193.0,186744070.0,1.3265306122448806,0.129999999999999,0.01891990411017826,3.1632653061224354,974962288.0
2025-06-17,9.91,9.95,9.97,9.81,10035900.0,101954221.0,0.20140986908359082,0.019999999999999574,0.01029362891623968,1.6112789526686822,974962288.0
2025-06-18,9.94,9.67,9.95,9.65,18322299.0,183201139.0,-2.8140703517587906,-0.27999999999999936,0.018792828425790352,3.0150753768844116,974962288.0
2025-06-19,9.64,9.44,9.69,9.38,15365956.0,149787715.0,-2.378490175801451,-0.23000000000000043,0.015760564474264056,3.205791106514982,974962288.0
2025-06-20,9.48,9.62,9.76,9.47,14161301.0,139466273.0,1.9067796610169552,0.17999999999999972,0.014524973093113116,3.072033898305076,974962288.0
2025-06-23,9.54,9.66,9.74,9.53,8857813.0,86478796.0,0.4158004158004269,0.040000000000000924,0.009085287819871038,2.1829521829521923,974962288.0
2025-06-24,10.13,10.63,10.63,10.03,50035967.0,522904633.0,10.041407867494833,0.9700000000000006,0.05132092555358408,6.211180124223617,974962288.0
2025-06-25,10.76,10.66,10.93,10.48,80738713.0,873459681.0,0.2822201317027151,0.02999999999999936,0.0828121394988767,4.233301975540915,974962288.0
2025-06-26,10.56,10.54,10.84,10.51,47313549.0,509437073.0,-1.1257035647279645,-0.120000000000001,0.048528593959318356,3.095684803001877,974962288.0
2025-06-27,10.88,11.6,11.6,10.85,148204586.0,1696100567.0,10.056925996204935,1.0600000000000005,0.1520105832031936,7.1157495256167,974962288.0
2025-06-30,12.26,11.67,12.36,11.6,139519810.0,1677838188.0,0.603448275862073,0.07000000000000028,0.14310277609424826,6.551724137931032,974962288.0
2025-07-01,11.93,11.96,12.36,11.49,95185395.0,1147065672.0,2.4850042844901443,0.2900000000000009,0.09762982237524248,7.45501285347043,974962288.0
2025-07-02,12.07,11.54,12.07,11.44,59513835.0,698696373.0,-3.511705685618738,-0.4200000000000017,0.06104219181860294,5.2675585284281,974962288.0
2025-07-03,11.33,11.0,11.34,10.94,51574539.0,577268695.0,-4.679376083188902,-0.5399999999999991,0.05289900915634185,3.466204506065861,974962288.0
2025-07-04,10.99,10.94,11.13,10.9,32240815.0,358999731.0,-0.545454545454549,-0.0600000000000005,0.033068781630659336,2.090909090909095,974962288.0
2025-07-07,10.94,11.01,11.06,10.78,24581368.0,272488891.0,0.6398537477148025,0.07000000000000028,0.02521263468603003,2.5594149908592425,974962288.0
2025-07-08,10.99,10.99,11.01,10.84,21365971.0,235980487.0,-0.1816530426884566,-0.019999999999999574,0.02191466404698517,1.5440508628519523,974962288.0
2025-07-09,10.97,11.03,11.22,10.93,34690600.0,390138953.0,0.36396724294813776,0.03999999999999915,0.035581478819209464,2.6387625113739843,974962288.0
2025-07-10,11.03,11.08,11.1,10.93,20026636.0,222880843.0,0.4533091568449832,0.05000000000000071,0.020540933989438574,1.5412511332728915,974962288.0
2025-07-11,11.04,11.13,11.2,10.95,27276326.0,304802186.0,0.4512635379061436,0.05000000000000071,0.027976801088330915,2.256317689530686,974962288.0
2025-07-14,11.08,10.95,11.09,10.94,19042964.0,211391549.0,-1.6172506738544645,-0.1800000000000015,0.019532000605955745,1.3477088948787093,974962288.0
2025-07-15,10.92,10.84,10.97,10.76,19492297.0,213541988.0,-1.0045662100456543,-0.10999999999999943,0.019992872790993533,1.9178082191780903,974962288.0
2025-07-16,10.81,10.76,10.9,10.7,17399553.0,190047397.0,-0.7380073800738018,-0.08000000000000007,0.017846385664508902,1.8450184501845115,974962288.0
2025-07-17,10.76,10.84,10.84,10.72,14140158.0,154184900.0,0.743494423791824,0.08000000000000007,0.014503287126117025,1.1152416356877253,974962288.0
2025-07-18,10.82,10.86,10.9,10.77,18401614.0,201572559.0,0.18450184501843658,0.019999999999999574,0.01887418029034575,1.1992619926199333,974962288.0
2025-07-21,11.03,11.12,11.12,10.96,37287928.0,417113588.0,2.3941068139963217,0.2599999999999998,0.038245508014972576,1.4732965009207952,974962288.0
2025-07-22,11.18,11.66,11.81,11.02,68992353.0,797672989.0,4.856115107913683,0.5400000000000009,0.07076412477607544,7.104316546762599,974962288.0
2025-07-23,11.5,11.18,11.52,11.12,43329492.0,494346781.0,-4.116638078902235,-0.4800000000000004,0.0444422235950115,3.430531732418528,974962288.0
2025-07-24,11.1,11.23,11.27,11.04,23707784.0,267853324.0,0.4472271914132353,0.05000000000000071,0.024316616439219646,2.0572450805008984,974962288.0
2025-07-25,11.21,11.19,11.4,11.04,26441492.0,298517280.0,-0.3561887800534347,-0.040000000000000924,0.027120527968564873,3.2056990204808655,974962288.0
2025-07-28,11.13,11.21,11.24,11.0,21427904.0,240712795.0,0.17873100983021306,0.02000000000000135,0.021978187529649352,2.144772117962469,974962288.0
2025-07-29,11.18,11.13,11.25,11.06,14992817.0,168442693.0,-0.7136485280999083,-0.08000000000000007,0.015377843004323466,1.6949152542372836,974962288.0
2025-07-30,11.15,11.02,11.21,10.96,18421830.0,206609221.0,-0.9883198562443907,-0.11000000000000121,0.018894915451334874,2.2461814914645104,974962288.0
2025-07-31,10.96,10.87,11.02,10.84,19962361.0,219897866.0,-1.361161524500909,-0.15000000000000036,0.020475008362579865,1.6333938294010864,974962288.0
2025-08-01,10.84,10.91,11.03,10.79,12567096.0,138827100.0,0.36798528058878954,0.040000000000000924,0.012889827796088047,2.207911683532661,974962288.0
2025-08-04,10.86,10.92,10.95,10.81,9520163.0,104825120.0,0.09165902841430373,0.009999999999999787,0.009764647430137318,1.2832263978001723,974962288.0
2025-08-05,10.93,10.96,10.96,10.89,11547466.0,127675741.0,0.366300366300365,0.040000000000000924,0.011844012986069467,0.6410256410256436,974962288.0
2025-08-06,10.96,11.05,11.07,10.9,15428773.0,171848707.0,0.8211678832116709,0.08999999999999986,0.015824994658665197,1.551094890510948,974962288.0
2025-08-07,11.23,11.32,11.64,11.1,46737023.0,534239764.0,2.4434389140271406,0.2699999999999996,0.04793726236927023,4.886877828054307,974962288.0
2025-08-08,11.51,11.57,11.68,11.39,57135284.0,668092188.0,2.2084805653710182,0.25,0.05860255796888833,2.561837455830381,974962288.0
2025-08-11,12.07,11.92,12.24,11.76,59845191.0,721038783.0,3.025064822817636,0.34999999999999964,0.0613820572719424,4.1486603284356125,974962288.0
2025-08-12,11.78,11.92,12.12,11.71,45593071.0,549513458.0,0.0,0.0,0.04676393288352503,3.439597315436228,974962288.0
2025-08-13,11.9,12.17,12.35,11.83,48481869.0,594376497.0,2.097315436241609,0.25,0.04972691723231042,4.362416107382547,974962288.0
2025-08-14,12.2,11.95,12.34,11.93,38581963.0,471139056.0,-1.8077239112571974,-0.22000000000000064,0.03957277473690347,3.368940016433855,974962288.0
2025-08-15,12.26,12.79,12.86,12.17,71270832.0,900667040.0,7.029288702928871,0.8399999999999999,0.07310111670698795,5.774058577405854,974962288.0
2025-08-18,12.46,12.4,12.51,12.1,73125824.0,909423897.0,-3.0492572322126543,-0.3899999999999988,0.07500374619618108,3.2056293979671633,974962288.0
2025-08-19,12.49,12.24,12.83,12.13,51333311.0,640892130.0,-1.2903225806451646,-0.16000000000000014,0.05265158625294438,5.645161290322575,974962288.0
2025-08-20,12.06,12.17,12.32,12.01,30602910.0,376404124.0,-0.5718954248365993,-0.07000000000000028,0.03138881408713524,2.532679738562096,974962288.0
2025-08-21,12.11,12.12,12.26,12.03,28440290.0,349242097.0,-0.41084634346755244,-0.05000000000000071,0.029170656496202856,1.889893179950702,974962288.0
2025-08-22,11.87,12.06,12.12,11.73,27756476.0,335598094.0,-0.4950495049504844,-0.05999999999999872,0.028469281675436456,3.2178217821782082,974962288.0
2025-08-25,12.07,11.89,12.12,11.75,34251640.0,411745367.0,-1.4096185737976774,-0.16999999999999993,0.03513124602005119,3.0679933665008225,974962288.0
2025-08-26,11.83,11.77,11.86,11.74,20007519.0,238339313.0,-1.0092514718250678,-0.120000000000001,0.020521326051536466,1.0092514718250565,974962288.0
2025-08-27,11.77,11.43,11.8,11.43,34026067.0,400233258.0,-2.8887000849617706,-0.33999999999999986,0.03489988014797963,3.1435853865760492,974962288.0
2025-08-28,11.46,11.4,11.47,11.11,23824970.0,272515892.0,-0.2624671916010457,-0.02999999999999936,0.02443681185748592,3.149606299212609,974962288.0
2025-08-29,11.39,11.33,11.49,11.28,16039187.0,184549838.0,-0.6140350877193002,-0.07000000000000028,0.016451084516204386,1.8421052631579022,974962288.0
2025-09-01,11.33,11.37,11.42,11.26,16118257.0,184862529.0,0.3530450132391838,0.03999999999999915,0.016532185088988797,1.4121800529567532,974962288.0
2025-09-02,11.42,11.25,11.43,11.17,21369915.0,243323114.0,-1.055408970976246,-0.11999999999999922,0.02191870933165776,2.2867194371152135,974962288.0
2025-09-03,11.25,10.91,11.27,10.88,20304498.0,226725016.0,-3.022222222222226,-0.33999999999999986,0.02082593167952359,3.466666666666656,974962288.0
2025-09-04,10.97,10.98,11.12,10.84,16681140.0,185224353.0,0.6416131989001039,0.07000000000000028,0.01710952331727522,2.566452795600361,974962288.0
2025-09-05,11.12,11.27,11.32,10.96,18699348.0,210597520.0,2.6411657559198387,0.28999999999999915,0.019179560307259803,3.2786885245901587,974962288.0
2025-09-08,11.22,11.24,11.27,11.16,13448872.0,152469514.0,-0.2661934338952898,-0.02999999999999936,0.013794248419175778,0.9760425909494183,974962288.0
2025-09-09,11.23,11.05,11.23,11.02,11371071.0,127593429.0,-1.6903914590747249,-0.1899999999999995,0.011663088039360144,1.8683274021352387,974962288.0
2025-09-10,11.02,11.01,11.1,10.97,9670282.0,107722636.0,-0.36199095022625416,-0.040000000000000924,0.009918621590828137,1.176470588235285,974962288.0
2025-09-11,10.96,11.08,11.1,10.9,14290972.0,158819536.0,0.6357856494096259,0.07000000000000028,0.014657974134892898,1.8165304268846438,974962288.0
2025-09-12,11.08,11.07,11.12,11.02,12240556.0,136937630.0,-0.09025270758122872,-0.009999999999999787,0.01255490202098976,0.9025270758122712,974962288.0
2025-09-15,11.05,11.24,11.3,10.88,20311395.0,229662717.0,1.5356820234869062,0.16999999999999993,0.02083300579929713,3.794037940379403,974962288.0
2025-09-16,11.24,11.25,11.27,11.12,13481241.0,152691625.0,0.0889679715302405,0.009999999999999787,0.013827448677686701,1.3345195729537398,974962288.0
2025-09-17,11.24,11.19,11.26,11.08,13107874.0,148189198.0,-0.5333333333333412,-0.0600000000000005,0.013444493352546986,1.5999999999999976,974962288.0
2025-09-18,11.16,10.93,11.24,10.86,20566257.0,229890923.0,-2.32350312779267,-0.2599999999999998,0.02109441283333002,3.3958891867739123,974962288.0
2025-09-19,10.94,10.99,11.06,10.9,10525202.0,116668184.0,0.548947849954251,0.0600000000000005,0.01079549653309257,1.4638609332113461,974962288.0
2025-09-22,10.95,10.74,10.98,10.65,15087904.0,164007713.0,-2.2747952684258443,-0.25,0.015475371904846437,3.0027297543221114,974962288.0
2025-09-23,10.76,10.69,10.78,10.47,12750555.0,136756827.0,-0.4655493482309203,-0.05000000000000071,0.013077998151247466,2.886405959031645,974962288.0
2025-09-24,10.63,10.72,10.74,10.48,10892450.0,117068366.0,0.280636108512633,0.030000000000001137,0.011172175718041721,2.4321796071094464,974962288.0
2025-09-25,10.71,10.58,10.74,10.56,9622007.0,103493730.0,-1.3059701492537323,-0.14000000000000057,0.009869106855136124,1.6791044776119375,974962288.0
2025-09-26,10.59,10.58,10.75,10.56,9074650.0,97756411.0,0.0,0.0,0.00930769334536558,1.795841209829863,974962288.0
2025-09-29,10.54,10.61,10.67,10.4,9557533.0,102076038.0,0.2835538752362865,0.02999999999999936,0.00980297711781853,2.55198487712665,974962288.0
2025-09-30,10.65,10.76,10.77,10.6,10799692.0,117051995.0,1.413760603204528,0.15000000000000036,0.011077035627864202,1.6022620169651267,974962288.0
2025-10-09,10.85,10.96,10.96,10.73,16337154.0,179396041.0,1.858736059479571,0.20000000000000107,0.01675670351672105,2.1375464684014913,974962288.0
2025-10-10,10.96,11.14,11.26,10.88,20938045.0,235422162.0,1.642335766423364,0.17999999999999972,0.021475748608647722,3.467153284671524,974962288.0
2025-10-13,10.76,10.93,10.95,10.73,14865758.0,163239070.0,-1.8850987432675104,-0.21000000000000085,0.015247521040526646,1.9748653500897564,974962288.0
2025-10-14,10.97,10.83,11.05,10.8,12645081.0,139946757.0,-0.9149130832570851,-0.09999999999999964,0.012969815505315218,2.2872827081427265,974962288.0
2025-10-15,10.84,10.98,11.0,10.83,12620813.0,139185255.0,1.3850415512465464,0.15000000000000036,0.012944924286138132,1.5697137580794083,974962288.0
2025-10-16,11.03,10.82,11.03,10.72,13087081.0,143343312.0,-1.4571948998178486,-0.16000000000000014,0.013423166373795167,2.823315118397074,974962288.0
2025-10-17,10.9,10.76,11.1,10.74,15449742.0,170300910.0,-0.5545286506469571,-0.0600000000000005,0.01584650215721985,3.3271719038816956,974962288.0
2025-10-20,10.88,11.09,11.27,10.84,22349502.0,250062866.0,3.066914498141271,0.33000000000000007,0.02292345280948959,3.9962825278810383,974962288.0
2025-10-21,11.13,11.45,11.52,11.09,33432422.0,384596280.0,3.2461677186654603,0.35999999999999943,0.03429098993006384,3.877366997294858,974962288.0
2025-10-22,12.6,12.08,12.6,12.06,121283425.0,1524734694.0,5.502183406113548,0.6300000000000008,0.12439806799993888,4.716157205240167,974962288.0
2025-10-23,11.68,11.43,11.77,11.2,73957421.0,854666407.0,-5.3807947019867575,-0.6500000000000004,0.07585669918752797,4.718543046357619,974962288.0
2025-10-24,11.35,11.16,11.37,11.16,35923806.0,408295575.0,-2.3622047244094446,-0.2699999999999996,0.036846354409966676,1.837270341207341,974962288.0
2025-10-27,11.22,11.28,11.43,11.15,29461063.0,336687822.0,1.0752688172043001,0.11999999999999922,0.030217643659259157,2.508960573476697,974962288.0
2025-10-28,11.27,11.17,11.34,11.14,19911500.0,225879581.0,-0.9751773049645363,-0.10999999999999943,0.020422841216603035,1.7730496453900648,974962288.0
2025-10-29,11.13,11.19,11.19,11.02,15578400.0,174973534.0,0.1790510295434089,0.019999999999999574,0.01597846418445264,1.5219337511190683,974962288.0
2025-10-30,11.17,10.96,11.2,10.9,25904070.0,288119066.0,-2.0554066130473503,-0.22999999999999865,0.026569304596528148,2.680965147453074,974962288.0
2025-10-31,10.99,11.05,11.12,10.94,17594905.0,196428075.0,0.8211678832116709,0.08999999999999986,0.018046754440208666,1.6423357664233549,974962288.0
2025-11-03,11.03,11.06,11.11,11.01,12725672.0,142300505.0,0.09049773755656076,0.009999999999999787,0.013052476138441162,0.9049773755656076,974962288.0
2025-11-04,11.06,10.97,11.08,10.92,12421391.0,138117985.0,-0.8137432188065064,-0.08999999999999986,0.012740380989997841,1.4466546112115743,974962288.0
2025-11-05,10.87,10.95,11.0,10.83,10793001.0,119338365.0,-0.1823154056517895,-0.02000000000000135,0.011070172798314432,1.5496809480401088,974962288.0
2025-11-06,10.97,11.29,11.49,10.89,35615116.0,403553652.0,3.1050228310502304,0.33999999999999986,0.036529737035326235,5.479452054794518,974962288.0
2025-11-07,11.29,11.21,11.31,11.18,17219992.0,195454431.0,-0.7085916740478204,-0.0799999999999983,0.01766221341270997,1.1514614703277308,974962288.0
2025-11-10,11.23,11.26,11.3,11.19,14080725.0,160023626.0,0.4460303300624302,0.049999999999998934,0.014442327845197639,0.981266726137388,974962288.0
2025-11-11,11.24,11.42,11.47,11.24,24198337.0,278736465.0,1.4209591474245054,0.16000000000000014,0.024819767182625633,2.0426287744227394,974962288.0
2025-11-12,11.53,11.3,11.56,11.2,16856100.0,192804044.0,-1.0507880910682998,-0.11999999999999922,0.017288976412183032,3.152364273204914,974962288.0
2025-11-13,11.24,11.37,11.39,11.13,17259866.0,196725594.0,0.619469026548658,0.06999999999999851,0.01770311140485877,2.30088495575221,974962288.0
2025-11-14,11.32,11.26,11.47,11.26,14829245.0,170284386.0,-0.9674582233948903,-0.10999999999999943,0.01521007036120355,1.8469656992084509,974962288.0
2025-11-17,11.27,11.48,11.51,11.2,23243236.0,267469008.0,1.9538188277087087,0.22000000000000064,0.02384013852236303,2.7531083481349956,974962288.0
2025-11-18,11.47,11.24,11.49,11.16,18279567.0,208704912.0,-2.0905923344947785,-0.2400000000000002,0.018748999038206902,2.874564459930314,974962288.0
2025-11-19,11.25,11.29,11.32,11.19,14028374.0,159679636.0,0.4448398576512469,0.049999999999998934,0.01438863243498091,1.1565836298932453,974962288.0
2025-11-20,11.52,11.64,11.83,11.52,45710194.0,538926077.0,3.10008857395927,0.3500000000000014,0.04688406368390733,2.745792736935346,974962288.0
2025-11-21,11.87,11.92,12.09,11.59,67908645.0,814742993.0,2.405498281786933,0.27999999999999936,0.06965258639829565,4.29553264604811,974962288.0
2025-11-24,12.36,12.76,13.11,11.84,89269882.0,1115215905.0,7.0469798657718075,0.8399999999999999,0.09156239487285686,10.65436241610738,974962288.0
2025-11-25,12.26,12.56,13.13,12.08,80584968.0,1029760001.0,-1.5673981191222541,-0.1999999999999993,0.08265444621997523,8.228840125391855,974962288.0
2025-11-26,13.07,12.9,13.51,12.57,97068483.0,1282102729.0,2.7070063694267565,0.33999999999999986,0.09956126938932432,7.484076433121015,974962288.0
2025-11-27,12.4,11.89,12.51,11.77,68328526.0,829349177.0,-7.829457364341086,-1.0099999999999998,0.07008325023541834,5.736434108527133,974962288.0
2025-11-28,11.89,12.51,12.65,11.67,62599837.0,778047873.0,5.214465937762824,0.6199999999999992,0.06420744450374063,8.242220353238018,974962288.0
2025-12-01,12.24,12.29,12.42,12.11,34090934.0,423154159.0,-1.758593125499608,-0.22000000000000064,0.03496641297781151,2.478017585931259,974962288.0
2025-12-02,12.25,12.46,12.6,12.19,37277135.0,467854838.0,1.3832384052075097,0.1700000000000017,0.038234437843199943,3.336045565500408,974962288.0
2025-12-03,12.31,12.0,12.37,11.94,34163720.0,418519200.0,-3.6918138041733606,-0.46000000000000085,0.0350410681730902,3.4510433386837853,974962288.0
2025-12-04,11.97,12.34,12.55,11.97,33235559.0,412024099.0,2.833333333333332,0.33999999999999986,0.034089071350829524,4.833333333333334,974962288.0
2025-12-05,12.4,12.6,12.63,12.29,31251469.0,395136247.0,2.1069692058346856,0.2599999999999998,0.03205402853489652,2.7552674230145997,974962288.0
2025-12-08,12.55,12.45,12.61,12.33,28706412.0,360271623.0,-1.1904761904761973,-0.15000000000000036,0.029443612694894306,2.222222222222217,974962288.0
2025-12-09,12.4,12.06,12.43,12.05,22200376.0,272974868.0,-3.1325301204819134,-0.3899999999999988,0.022770497149731807,3.0522088353413577,974962288.0
2025-12-10,12.18,12.36,12.4,12.12,23688936.0,294647348.0,2.487562189054726,0.29999999999999893,0.02429728440942528,2.3217247097844207,974962288.0
2025-12-11,12.31,12.12,12.32,12.07,19106514.0,235745598.0,-1.9417475728155331,-0.2400000000000002,0.019597182614308463,2.022653721682848,974962288.0
2025-12-12,12.19,12.37,12.43,11.99,25214382.0,313378288.0,2.062706270627057,0.25,0.025861904927342173,3.6303630363036263,974962288.0
2025-12-15,12.54,12.46,12.71,12.32,42417291.0,538429393.0,0.7275666936136016,0.09000000000000163,0.043506596636689605,3.152789005658857,974962288.0
2025-12-16,12.24,12.03,12.28,11.88,31006663.0,377243325.0,-3.4510433386838013,-0.4300000000000015,0.0318029357459619,3.21027287319421,974962288.0
2025-12-17,12.02,11.92,12.04,11.66,23274577.0,278104573.0,-0.9143807148794592,-0.10999999999999943,0.023872284381116493,3.1587697423108816,974962288.0
2025-12-18,11.92,12.29,12.44,11.9,30734747.0,380840563.0,3.1040268456375752,0.3699999999999992,0.03152403675330671,4.530201342281872,974962288.0
2025-12-19,12.31,12.37,12.53,12.25,16950345.0,212011044.0,0.6509357200976451,0.08000000000000007,0.017385641689558355,2.2782750203417366,974962288.0
2025-12-22,12.24,12.35,12.39,12.12,15162176.0,188162583.0,-0.16168148746967814,-0.019999999999999574,0.015551551261642234,2.182700080840755,974962288.0
2025-12-23,12.33,12.17,12.45,12.11,12421674.0,153446172.0,-1.4574898785425061,-0.17999999999999972,0.012740671257635353,2.7530364372469625,974962288.0
2025-12-24,12.17,12.17,12.2,12.06,13071778.0,160352026.0,0.0,0.0,0.013407470382074922,1.1503697617091109,974962288.0
2025-12-25,12.27,12.43,12.46,12.27,20535856.0,257185452.0,2.1364009860312283,0.2599999999999998,0.021063231114432604,1.5612161051766744,974962288.0
2025-12-26,12.44,12.17,12.49,12.08,19254982.0,239014434.0,-2.091713596138378,-0.2599999999999998,0.019749463376167016,3.2984714400643615,974962288.0
2025-12-29,12.21,12.23,12.38,12.08,17456961.0,215686059.0,0.49301561216106293,0.0600000000000005,0.017905267942015003,2.465078060805265,974962288.0
2025-12-30,12.12,12.06,12.19,12.03,13294743.0,162449869.0,-1.3900245298446468,-0.16999999999999993,0.013636161278886307,1.3082583810302546,974962288.0
2025-12-31,12.07,12.32,12.41,11.93,22725891.0,280561710.0,2.1558872305140975,0.2599999999999998,0.023309507741698415,3.9800995024875654,974962288.0
2026-01-05,12.32,11.76,12.32,11.64,43406950.0,519994891.0,-4.545454545454552,-0.5600000000000005,0.04452167077051087,5.519480519480517,974962288.0
2026-01-06,11.72,11.95,12.01,11.71,24819415.0,299025628.0,1.6156462585033893,0.1899999999999995,0.025456794899127423,2.5510204081632564,974962288.0
2026-01-07,11.94,11.64,11.95,11.59,24794446.0,293891892.0,-2.5941422594142116,-0.3099999999999987,0.025431184677781094,3.0125523012552256,974962288.0
2026-01-08,11.7,12.36,12.56,11.7,53177240.0,656129725.0,6.185567010309279,0.7199999999999989,0.05454286863657643,7.388316151202759,974962288.0
2026-01-09,12.37,12.24,12.52,12.18,26554885.0,330393921.0,-0.9708737864077555,-0.11999999999999922,0.027236832979943938,2.750809061488672,974962288.0
2026-01-12,12.2,12.19,12.21,12.05,25157908.0,308401681.0,-0.40849673202615344,-0.05000000000000071,0.025803980635607928,1.3071895424836613,974962288.0
2026-01-13,12.19,11.84,12.2,11.81,31714430.0,382794547.0,-2.8712059064807227,-0.34999999999999964,0.03252887869648554,3.199343724364223,974962288.0
2026-01-14,11.84,11.94,12.12,11.76,30899999.0,373704286.0,0.8445945945945832,0.09999999999999964,0.031693532539999125,3.040540540540536,974962288.0
2026-01-15,11.92,11.93,12.05,11.86,15451802.0,186524360.0,-0.08375209380234727,-0.009999999999999787,0.01584861505945756,1.5912897822445669,974962288.0
2026-01-16,11.97,11.78,12.04,11.74,20070517.0,240687143.0,-1.257334450963954,-0.15000000000000036,0.02058594188414393,2.514668901927904,974962288.0
2026-01-19,11.85,12.24,12.36,11.8,36555495.0,451429258.0,3.9049235993208864,0.46000000000000085,0.037494265624354074,4.753820033955847,974962288.0
2026-01-20,12.23,12.19,12.35,11.98,18868990.0,231446209.0,-0.40849673202615344,-0.05000000000000071,0.019353558832216084,3.0228758169934573,974962288.0
2026-01-21,12.13,12.29,12.41,12.09,24274830.0,302115478.0,0.8203445447087843,0.09999999999999964,0.02489822457625151,2.625102543068091,974962288.0
2026-01-22,12.36,12.82,12.89,12.32,42334299.0,543113923.0,4.312449145646879,0.5300000000000011,0.043421473344207956,4.63791700569569,974962288.0
2026-01-23,13.15,12.84,13.42,12.78,51491600.0,673813601.0,0.15600624024960652,0.019999999999999574,0.05281394022493719,4.992199687987524,974962288.0
2026-01-26,12.79,12.64,12.83,12.6,27357755.0,351167669.0,-1.5576323987538832,-0.1999999999999993,0.028060321241881715,1.7912772585669816,974962288.0
2026-01-27,12.66,12.65,12.76,12.41,20324291.0,258836886.0,0.07911392405062223,0.009999999999999787,0.020846232977577487,2.768987341772149,974962288.0
2026-01-28,12.64,12.63,12.75,12.4,19884961.0,253017826.0,-0.15810276679841806,-0.019999999999999574,0.02039562067656098,2.7667984189723294,974962288.0
2026-01-29,12.57,12.44,12.7,12.37,20048605.0,254381696.0,-1.504354711005551,-0.19000000000000128,0.020563467168691143,2.612826603325416,974962288.0
2026-01-30,12.5,12.48,12.75,12.26,22698411.0,286907962.0,0.3215434083601254,0.040000000000000924,0.023281322036119618,3.9389067524115773,974962288.0
2026-02-02,12.51,12.05,12.53,12.01,20828354.0,258849450.0,-3.4455128205128194,-0.4299999999999997,0.02136324066721235,4.1666666666666625,974962288.0
2026-02-03,12.27,12.34,12.44,11.97,22889613.0,282538579.0,2.406639004149369,0.28999999999999915,0.023477434236923018,3.9004149377593262,974962288.0
2026-02-04,12.26,12.61,12.84,12.25,28755739.0,364021842.0,2.1880064829821633,0.2699999999999996,0.02949420644668053,4.7811993517017815,974962288.0
2026-02-05,12.39,12.31,12.56,12.27,17003008.0,212993655.0,-2.3790642347343294,-0.29999999999999893,0.017439657112152833,2.299762093576534,974962288.0
2026-02-06,12.17,11.9,12.19,11.8,25877655.0,313935919.0,-3.3306255077172997,-0.41000000000000014,0.026542211240892632,3.1681559707554734,974962288.0
2026-02-09,12.02,11.94,12.1,11.9,16737025.0,202703164.0,0.3361344537815114,0.03999999999999915,0.017166843483078394,1.680672268907557,974962288.0
2026-02-10,11.93,11.74,11.95,11.68,26304453.0,312922583.0,-1.67504187604689,-0.1999999999999993,0.02697996971140283,2.2613065326633133,974962288.0
2026-02-11,11.74,11.78,11.87,11.66,13579558.0,161779144.0,0.34071550255536653,0.03999999999999915,0.013928290526863948,1.788756388415665,974962288.0
2026-02-12,11.81,11.72,11.85,11.7,13113254.0,155864457.0,-0.5093378607809784,-0.05999999999999872,0.013450011514701788,1.273344651952465,974962288.0
2026-02-13,11.71,11.67,11.87,11.65,18260214.0,216785631.0,-0.4266211604095571,-0.05000000000000071,0.018729149039660085,1.877133105802038,974962288.0
2026-02-24,11.67,12.0,12.21,11.62,31126707.0,375484865.0,2.8277634961439535,0.33000000000000007,0.03192606255966282,5.055698371893759,974962288.0
2026-02-25,12.03,12.1,12.28,11.99,24521119.0,301730089.0,0.8333333333333304,0.09999999999999964,0.025150838449661143,2.41666666666666,974962288.0
2026-02-26,12.1,12.19,12.43,12.1,19459305.0,240796094.0,0.7438016528925617,0.08999999999999986,0.01995903353340781,2.727272727272728,974962288.0
2026-02-27,12.17,12.72,12.74,12.09,36951578.0,469178409.0,4.347826086956541,0.5300000000000011,0.03790052031222771,5.332239540607058,974962288.0
2026-03-02,12.34,12.71,12.77,12.31,30473274.0,389178241.0,-0.07861635220125507,-0.009999999999999787,0.03125584894417988,3.616352201257854,974962288.0
2026-03-03,12.69,12.86,13.21,12.61,42839451.0,558968091.0,1.1801730920534936,0.14999999999999858,0.04393959800012285,4.720692368214015,974962288.0
2026-03-04,12.74,13.31,13.49,12.66,51050993.0,683118841.0,3.499222395023338,0.45000000000000107,0.052362018129669445,6.454121306376362,974962288.0
2026-03-05,13.6,13.42,13.82,13.34,52786544.0,722123932.0,0.8264462809917328,0.10999999999999943,0.05414213929062249,3.6063110443275765,974962288.0
2026-03-06,13.41,13.3,13.48,13.1,23579537.0,317814495.0,-0.894187779433675,-0.11999999999999922,0.0241850759667537,2.8315946348733294,974962288.0
2026-03-09,13.35,13.77,13.8,13.25,37353438.0,513588941.0,3.533834586466167,0.46999999999999886,0.038312700357493214,4.135338345864667,974962288.0
2026-03-10,13.63,13.05,13.85,12.86,53587884.0,714328566.0,-5.228758169934633,-0.7199999999999989,0.054964058261092456,7.189542483660133,974962288.0
2026-03-11,13.04,12.93,13.06,12.58,32562578.0,421822859.0,-0.919540229885063,-0.120000000000001,0.03339880772906367,3.6781609195402325,974962288.0
2026-03-12,12.97,12.99,13.27,12.72,27604591.0,362628389.0,0.46403712296985145,0.0600000000000005,0.028313496162633112,4.253673627223503,974962288.0
2026-03-13,13.17,13.63,14.23,13.1,58573436.0,807720907.0,4.926866820631259,0.6400000000000006,0.06007764271596113,8.698999230177066,974962288.0
2026-03-16,13.61,13.24,13.7,13.03,35657571.0,477762519.0,-2.861335289801914,-0.39000000000000057,0.03657328230935636,4.91562729273661,974962288.0
2026-03-17,13.31,12.86,13.32,12.83,24558340.0,323560101.0,-2.8700906344410915,-0.3800000000000008,0.025189015310918366,3.700906344410878,974962288.0
2026-03-18,12.98,12.76,12.99,12.62,18017486.0,232011798.0,-0.7776049766718529,-0.09999999999999964,0.018480187615215738,2.8771384136858553,974962288.0
2026-03-19,12.62,12.29,12.77,12.26,22822655.0,287503130.0,-3.683385579937304,-0.47000000000000064,0.023408756708751796,3.9968652037617542,974962288.0
2026-03-20,12.32,12.47,12.71,12.15,24334517.0,306189304.0,1.464605370219707,0.1800000000000015,0.024959444380068165,4.5565500406834865,974962288.0
2026-03-23,12.36,12.79,13.51,12.36,64115979.0,849236772.0,2.5661587810745567,0.3199999999999985,0.0657625220884441,9.22213311948677,974962288.0
2026-03-24,13.35,14.06,14.06,13.22,47956928.0,659942295.0,9.929632525410481,1.2700000000000014,0.04918849538106442,6.567630961688818,974962288.0
2026-03-25,14.34,13.97,14.59,13.86,86799279.0,1236411884.0,-0.6401137980085347,-0.08999999999999986,0.08902834506353748,5.192034139402564,974962288.0
2026-03-26,13.97,13.73,14.02,13.59,48618780.0,674382394.0,-1.717967072297777,-0.2400000000000002,0.049867344202343136,3.0780243378668555,974962288.0
2026-03-27,13.59,13.6,13.64,13.3,39271588.0,536995284.0,-0.9468317552804084,-0.13000000000000078,0.04028010978820547,2.4763292061179887,974962288.0
2026-03-30,13.5,13.7,14.04,13.33,61088989.0,848479963.0,0.7352941176470562,0.09999999999999964,0.06265779687265197,5.220588235294111,974962288.0
2026-03-31,13.83,14.39,14.8,13.76,80777406.0,1169238602.0,5.036496350364983,0.6900000000000013,0.08285182616212126,7.5912408759124155,974962288.0
2026-04-01,15.83,14.41,15.83,14.39,111904612.0,1689214919.0,0.1389854065323215,0.019999999999999574,0.11477840053645234,10.006949270326611,974962288.0
2026-04-02,14.52,15.0,15.47,14.48,104120578.0,1563798175.0,4.094378903539209,0.5899999999999999,0.10679446711071147,6.87022900763359,974962288.0
2026-04-03,14.64,13.82,14.88,13.77,71840458.0,1028739408.0,-7.866666666666666,-1.1799999999999997,0.07368537110022044,7.400000000000008,974962288.0
2026-04-07,14.04,14.78,14.78,13.82,81833303.0,1196520158.0,6.9464544138929,0.9599999999999991,0.08393483933401125,6.946454413892902,974962288.0
2026-04-08,14.99,16.0,16.19,14.84,116735662.0,1837119277.0,8.25439783491204,1.2200000000000006,0.11973351527213122,9.133964817320713,974962288.0
2026-04-09,15.33,14.83,15.75,14.8,107578958.0,1651360799.0,-7.3125,-1.17,0.11034166072277864,5.937499999999996,974962288.0
2026-04-10,15.01,14.4,15.1,14.35,70662454.0,1038312074.0,-2.8995279838165855,-0.4299999999999997,0.07247711513534973,5.057316250842886,974962288.0
2026-04-13,14.09,13.55,14.17,13.35,59690951.0,819626160.0,-5.902777777777779,-0.8499999999999996,0.06122385628109546,5.694444444444446,974962288.0
2026-04-14,13.66,14.22,14.3,13.62,60251678.0,852789962.0,4.944649446494465,0.6699999999999999,0.06179898314179717,5.018450184501855,974962288.0
2026-04-15,14.38,14.61,15.39,14.38,82390337.0,1242447441.0,2.742616033755274,0.3899999999999988,0.08450617835589555,7.102672292545709,974962288.0
2026-04-16,14.44,14.22,14.51,14.05,53478481.0,768881188.0,-2.6694045174537884,-0.3899999999999988,0.05485184571569808,3.14852840520191,974962288.0
2026-04-17,14.21,13.99,14.42,13.92,48814367.0,697412236.0,-1.6174402250351605,-0.23000000000000043,0.05006795401300691,3.5161744022503516,974962288.0
2026-04-20,13.85,13.96,14.22,13.7,41718694.0,589358991.0,-0.21443888491778917,-0.02999999999999936,0.042790059178165876,3.7169406719085156,974962288.0
2026-04-21,13.86,14.31,14.32,13.46,54997484.0,773902117.0,2.5071633237822244,0.34999999999999964,0.05640985777287829,6.160458452722058,974962288.0
2026-04-22,14.14,13.92,14.21,13.77,35034284.0,491538942.0,-2.7253668763102756,-0.39000000000000057,0.03593398886419287,3.07477288609365,974962288.0
2026-04-23,13.74,13.46,13.77,13.41,34964127.0,479346091.0,-3.3045977011494143,-0.4599999999999991,0.03586203018346901,2.5862068965517198,974962288.0
2026-04-24,13.37,13.42,13.59,13.21,26364134.0,357329393.0,-0.2971768202080338,-0.040000000000000924,0.0270411833611353,2.823179791976218,974962288.0
2026-04-27,12.92,12.76,13.02,12.69,34328130.0,444797653.0,-4.918032786885251,-0.6600000000000001,0.035209700336634966,2.4590163934426235,974962288.0
2026-04-28,12.68,12.37,12.77,12.26,29808954.0,375903997.0,-3.056426332288409,-0.39000000000000057,0.0305744687429387,3.9968652037617542,974962288.0
2026-04-29,12.38,12.51,12.66,12.31,24615907.0,311472566.0,1.1317704122878025,0.14000000000000057,0.025248060671655435,2.82942603071948,974962288.0
2026-04-30,12.49,12.65,12.68,12.4,24893975.0,316004905.0,1.1191047162270262,0.14000000000000057,0.02553326965196422,2.2382094324540316,974962288.0
2026-05-06,12.76,13.07,13.3,12.69,36337517.0,478873755.0,3.3201581027668015,0.41999999999999993,0.03727068979718321,4.822134387351788,974962288.0
2026-05-07,13.4,13.7,13.95,13.39,51087903.0,709167687.0,4.820198928844666,0.629999999999999,0.052399876004229615,4.284621270084153,974962288.0
2026-05-08,13.35,13.28,13.59,13.09,42277773.0,566551434.0,-3.065693430656935,-0.41999999999999993,0.04336349571707742,3.649635036496351,974962288.0
2026-05-11,13.08,13.11,13.16,12.99,27138830.0,358648430.0,-1.2801204819277157,-0.16999999999999993,0.027835774095089923,1.2801204819277106,974962288.0
2026-05-12,13.06,12.84,13.06,12.77,25545347.0,332555354.0,-2.059496567505714,-0.2699999999999996,0.02620136933952875,2.212051868802448,974962288.0
2026-05-13,12.75,12.96,13.04,12.68,17288169.0,225931363.0,0.9345794392523477,0.120000000000001,0.017732141245651954,2.8037383177570048,974962288.0
2026-05-14,12.96,12.69,13.01,12.69,21165408.0,274843875.0,-2.083333333333348,-0.27000000000000135,0.021708950449168554,2.469135802469138,974962288.0
2026-05-15,12.63,12.42,12.81,12.31,20315714.0,257798531.0,-2.127659574468077,-0.2699999999999996,0.020837435714231443,3.940110323089047,974962288.0
2026-05-18,12.31,12.16,12.42,12.05,20601502.0,253551913.0,-2.093397745571657,-0.2599999999999998,0.021130562949528156,2.979066022544277,974962288.0
2026-05-19,12.27,12.25,12.34,12.05,14423372.0,177836372.0,0.7401315789473673,0.08999999999999986,0.0147937742592973,2.3848684210526243,974962288.0
2026-05-20,12.18,12.63,12.66,11.99,27587845.0,345726004.0,3.1020408163265456,0.3800000000000008,0.02829632011366577,5.469387755102041,974962288.0
2026-05-21,12.46,12.07,12.64,12.03,20487970.0,256331627.0,-4.433887569279493,-0.5600000000000005,0.02101411536853208,4.829770387965172,974962288.0
2026-05-22,12.17,12.06,12.25,11.88,17860357.0,217573723.0,-0.08285004142501995,-0.009999999999999787,0.018319023432832513,3.06545153272576,974962288.0
2026-05-25,12.47,12.92,13.11,12.39,41844236.0,537107913.0,7.13101160862355,0.8599999999999994,0.04291882518434395,5.970149253731334,974962288.0
2026-05-26,12.5,12.38,12.58,12.21,23860356.0,297860692.0,-4.1795665634674855,-0.5399999999999991,0.02447310659466246,2.8637770897832757,974962288.0
2026-05-27,12.18,12.36,12.81,12.16,23031600.0,292538938.0,-0.1615508885298933,-0.02000000000000135,0.023623067562178364,5.250403877221328,974962288.0
2026-05-28,12.36,11.91,12.48,11.58,22943486.0,278670122.0,-3.6407766990291246,-0.4499999999999993,0.023532690733161978,7.281553398058256,974962288.0
2026-05-29,12.09,12.13,12.54,12.0,26221278.0,324303472.0,1.8471872376154552,0.22000000000000064,0.02689465871935346,4.534005037783368,974962288.0
2026-06-01,11.87,12.07,12.31,11.7,19147932.0,231915004.0,-0.4946413849958864,-0.0600000000000005,0.019639664257454847,5.028854080791436,974962288.0
2026-06-02,11.93,11.72,12.02,11.69,18226725.0,217293838.0,-2.8997514498757204,-0.34999999999999964,0.018694800018767496,2.734051367025684,974962288.0
2026-06-03,11.62,12.05,12.46,11.61,29029590.0,357203134.0,2.8156996587030747,0.33000000000000007,0.029775090131486194,7.2525597269624695,974962288.0
2026-06-04,12.05,12.49,12.64,12.05,33927211.0,425127507.0,3.6514522821576634,0.4399999999999995,0.034798485456906204,4.896265560165974,974962288.0
2026-06-05,12.57,12.26,12.84,12.11,27355598.0,342726446.0,-1.8414731785428406,-0.23000000000000043,0.028058108848616307,5.844675740592478,974962288.0
2026-06-08,11.88,11.7,12.05,11.65,24051585.0,287809921.0,-4.567699836867867,-0.5600000000000005,0.024669246488844707,3.2626427406199054,974962288.0
2026-06-09,11.83,12.04,12.1,11.79,18856065.0,227879624.0,2.9059829059828957,0.33999999999999986,0.019340301909195487,2.649572649572654,974962288.0
2026-06-10,11.76,11.43,11.76,11.37,22423055.0,261026022.0,-5.0664451827242445,-0.6099999999999994,0.022998894701863587,3.239202657807314,974962288.0
2026-06-11,11.29,10.81,11.29,10.76,21291707.0,236050080.0,-5.4243219597550185,-0.6199999999999992,0.021838492895634953,4.636920384951876,974962288.0
2026-06-12,11.19,11.47,11.85,10.79,30057395.0,343978176.0,6.105457909343204,0.6600000000000001,0.030829289881210257,9.805735430157265,974962288.0
2026-06-15,11.93,12.28,12.49,11.84,39622298.0,488442856.0,7.061900610287686,0.8099999999999987,0.04063982626577244,5.666957279860509,974962288.0
2026-06-16,11.99,12.35,12.72,11.82,39471394.0,495195461.0,0.5700325732899136,0.07000000000000028,0.04048504694573376,7.328990228013033,974962288.0
2026-06-17,12.3,12.76,12.9,12.23,34588761.0,438506640.0,3.319838056680169,0.41000000000000014,0.03547702452261415,5.425101214574898,974962288.0
2026-06-18,12.71,12.32,12.78,12.05,31011409.0,382094592.0,-3.4482758620689613,-0.4399999999999995,0.03180780362655422,5.721003134796228,974962288.0
2026-06-22,12.02,12.39,12.41,11.7,32476914.0,392090236.0,0.5681818181818121,0.07000000000000028,0.033310943817757184,5.76298701298702,974962288.0
2026-06-23,12.33,11.91,12.52,11.89,23334566.0,284243601.0,-3.874092009685237,-0.4800000000000004,0.023933813940503923,5.084745762711856,974962288.0
