date,open,close,high,low,volume,amount,pct_chg,change,turnover,amplitude,outstanding_share
2023-06-26,10.98,11.07,11.17,10.9,7600735.0,88570971.0,,,0.004080886144450517,,1862520719.9999998
2023-06-27,11.09,11.03,11.15,10.88,6149546.0,70983050.0,-0.36133694670280603,-0.040000000000000924,0.0033017329332046307,2.4390243902438984,1862520719.9999998
2023-06-28,11.01,11.21,11.23,10.96,10735854.0,125707920.0,1.6319129646418906,0.1800000000000015,0.005764152787519058,2.447869446962825,1862520719.9999998
2023-06-29,11.17,11.09,11.17,11.05,6629649.0,77287543.0,-1.0704727921498791,-0.120000000000001,0.003559503488369247,1.0704727921498591,1862520719.9999998
2023-06-30,11.09,11.11,11.14,11.02,5835423.0,67982855.0,0.18034265103696878,0.019999999999999574,0.0031330781651653255,1.0820559062218305,1862520719.9999998
2023-07-03,11.16,11.61,11.75,11.13,30076628.0,365767364.0,4.5004500450045,0.5,0.016148345453037432,5.580558055805574,1862520719.9999998
2023-07-04,11.66,11.52,11.69,11.43,11162510.0,135161249.0,-0.7751937984496138,-0.08999999999999986,0.005993227286083562,2.2394487510766563,1862520719.9999998
2023-07-05,11.53,11.72,11.75,11.52,12981810.0,158953256.0,1.736111111111116,0.20000000000000107,0.00697002178853613,1.9965277777777815,1862520719.9999998
2023-07-06,11.92,11.61,12.06,11.55,14445879.0,178272001.0,-0.9385665529010323,-0.11000000000000121,0.007756090359091416,4.351535836177472,1862520719.9999998
2023-07-07,11.72,12.77,12.77,11.71,59080719.0,776177928.0,9.991386735572782,1.1600000000000001,0.031720838520389726,9.130060292850981,1862520719.9999998
2023-07-10,12.92,12.7,13.15,12.58,49706364.0,667433140.0,-0.5481597494126911,-0.07000000000000028,0.026687683775136743,4.463586530931874,1862520719.9999998
2023-07-11,12.75,12.51,12.8,12.3,27860699.0,364595773.0,-1.4960629921259794,-0.1899999999999995,0.014958598151863784,3.937007874015748,1862520719.9999998
2023-07-12,12.61,12.63,12.75,12.45,24943603.0,331009038.0,0.9592326139088891,0.120000000000001,0.013392389535403398,2.3980815347721878,1862520719.9999998
2023-07-13,12.57,12.39,12.59,12.29,18964280.0,246735800.0,-1.9002375296912177,-0.2400000000000002,0.010182050484786018,2.37529691211402,1862520719.9999998
2023-07-14,12.31,12.47,12.56,12.17,20933387.0,271964238.0,0.6456820016142117,0.08000000000000007,0.011239277381032305,3.147699757869254,1862520719.9999998
2023-07-17,12.44,12.2,12.44,12.15,13952411.0,179773330.0,-2.165196471531683,-0.27000000000000135,0.007491144044829741,2.3255813953488302,1862520719.9999998
2023-07-18,12.16,12.23,12.29,12.04,8944360.0,114596235.0,0.24590163934428144,0.030000000000001137,0.004802287514954465,2.0491803278688527,1862520719.9999998
2023-07-19,12.21,12.01,12.23,11.95,9499938.0,120204922.0,-1.7988552739165997,-0.22000000000000064,0.0051005811092399555,2.289452166802953,1862520719.9999998
2023-07-20,12.0,11.69,12.08,11.68,13412785.0,166707524.0,-2.6644462947543746,-0.3200000000000003,0.007201415187477754,3.3305578684429675,1862520719.9999998
2023-07-21,11.71,11.72,11.85,11.62,7194326.0,88639923.0,0.2566295979469668,0.030000000000001137,0.003862682397433947,1.967493584260055,1862520719.9999998
2023-07-24,11.71,11.68,11.85,11.54,7213497.0,88815069.0,-0.34129692832765013,-0.040000000000000924,0.0038729754372880216,2.645051194539253,1862520719.9999998
2023-07-25,11.8,11.95,11.97,11.73,10331614.0,128843727.0,2.3116438356164393,0.2699999999999996,0.005547113591305444,2.054794520547947,1862520719.9999998
2023-07-26,11.92,11.8,11.97,11.77,6468659.0,80514252.0,-1.2552301255229992,-0.14999999999999858,0.0034730668660695493,1.6736401673640255,1862520719.9999998
2023-07-27,11.79,11.71,11.88,11.69,4612000.0,57031021.0,-0.7627118644067732,-0.08999999999999986,0.0024762140632722737,1.6101694915254345,1862520719.9999998
2023-07-28,11.69,11.84,11.92,11.62,6758628.0,83762558.0,1.110162254483349,0.129999999999999,0.0036287531877766174,2.5619128949615773,1862520719.9999998
2023-07-31,11.89,11.88,12.01,11.83,6571322.0,82234943.0,0.33783783783785104,0.040000000000000924,0.003528187326689177,1.520270270270268,1862520719.9999998
2023-08-01,11.89,11.93,12.08,11.83,7874238.0,98859052.0,0.42087542087541063,0.049999999999998934,0.00422773175913984,2.1043771043771042,1862520719.9999998
2023-08-02,11.93,11.73,11.93,11.72,6788874.0,84175827.0,-1.6764459346185978,-0.1999999999999993,0.0036449924702045737,1.7602682313495315,1862520719.9999998
2023-08-03,11.68,11.76,11.83,11.65,8237102.0,101579616.0,0.2557544757033181,0.02999999999999936,0.004422555900478789,1.5345268542199464,1862520719.9999998
2023-08-04,11.77,11.69,11.92,11.67,7383942.0,91238577.0,-0.5952380952380931,-0.07000000000000028,0.0039644885131801385,2.1258503401360542,1862520719.9999998
2023-08-07,11.68,11.63,11.72,11.58,5342800.0,65363774.0,-0.5132591958939114,-0.05999999999999872,0.0028685855371316355,1.1976047904191667,1862520719.9999998
2023-08-08,11.64,11.54,11.72,11.51,5499050.0,66855535.0,-0.7738607050731039,-0.09000000000000163,0.0029524772213003893,1.8056749785038764,1862520719.9999998
2023-08-09,11.57,11.5,11.61,11.48,3863470.0,46735027.0,-0.34662045060658286,-0.03999999999999915,0.0020743232322269147,1.1265164644713954,1862520719.9999998
2023-08-10,11.5,11.53,11.6,11.42,5492800.0,66546343.0,0.2608695652173809,0.02999999999999936,0.0029491215539336393,1.5652173913043455,1862520719.9999998
2023-08-11,11.53,11.32,11.59,11.32,5288400.0,63444407.0,-1.8213356461404984,-0.20999999999999908,0.0028393778083714424,2.3417172593235005,1862520719.9999998
2023-08-14,11.27,11.42,11.47,11.17,5303112.0,63131358.0,0.8833922261484162,0.09999999999999964,0.0028472767808993826,2.650176678445236,1862520719.9999998
2023-08-15,11.42,11.33,11.49,11.21,6664604.0,79263781.0,-0.7880910683012221,-0.08999999999999986,0.003578271064818007,2.451838879159364,1862520719.9999998
2023-08-16,11.27,11.28,11.38,11.19,3407142.0,40413826.0,-0.44130626654899086,-0.05000000000000071,0.0018293176357254165,1.6769638128861544,1862520719.9999998
2023-08-17,11.27,11.26,11.31,11.11,3551502.0,41869511.0,-0.17730496453900457,-0.019999999999999574,0.001906825498295665,1.7730496453900804,1862520719.9999998
2023-08-18,11.27,11.14,11.33,11.14,3561542.0,42110305.0,-1.0657193605683735,-0.11999999999999922,0.0019122160423536124,1.6873889875666033,1862520719.9999998
2023-08-21,11.11,10.99,11.19,10.98,5707459.0,66398320.0,-1.3464991023339312,-0.15000000000000036,0.0030643734261383147,1.8850987432674962,1862520719.9999998
2023-08-22,11.09,11.18,11.24,10.99,6843390.0,79889787.0,1.7288444040036266,0.1899999999999995,0.003674262480151094,2.2747952684258417,1862520719.9999998
2023-08-23,11.18,10.88,11.6,10.88,9729344.0,113500358.0,-2.683363148479423,-0.29999999999999893,0.005223750745709826,6.440071556350616,1862520719.9999998
2023-08-24,10.88,10.94,10.99,10.79,5132869.0,58763106.0,0.5514705882352811,0.05999999999999872,0.0027558721601765594,1.8382352941176567,1862520719.9999998
2023-08-25,10.9,10.79,10.98,10.72,5948500.0,67634072.0,-1.3711151736745975,-0.15000000000000036,0.0031937899729781267,2.3765996343692852,1862520719.9999998
2023-08-28,11.23,10.7,11.41,10.68,9548600.0,110201626.0,-0.8341056533827551,-0.08999999999999986,0.005126708066904084,6.765523632993517,1862520719.9999998
2023-08-29,10.71,10.93,10.94,10.67,8037735.0,91446522.0,2.1495327102803774,0.23000000000000043,0.004315514406733688,2.5233644859813045,1862520719.9999998
2023-08-30,10.99,10.96,11.02,10.85,6941699.0,79803565.0,0.27447392497714773,0.030000000000001137,0.003727045248656348,1.5553522415370533,1862520719.9999998
2023-08-31,10.97,10.84,11.08,10.68,7257640.0,82484257.0,-1.0948905109489093,-0.120000000000001,0.003896676113219294,3.6496350364963535,1862520719.9999998
2023-09-01,10.83,10.74,10.87,10.74,3987900.0,45194531.0,-0.9225092250922495,-0.09999999999999964,0.0021411305426980703,1.199261992619917,1862520719.9999998
2023-09-04,10.75,10.99,11.0,10.75,6657700.0,76214765.0,2.3277467411545683,0.25,0.003574564260418,2.3277467411545625,1862520719.9999998
2023-09-05,10.98,11.08,11.17,10.93,7502300.0,87320062.0,0.8189262966332933,0.08999999999999986,0.004028035725691149,2.1838034576888097,1862520719.9999998
2023-09-06,11.02,11.04,11.13,10.95,5732989.0,66573193.0,-0.3610108303249149,-0.040000000000000924,0.0030780806561980156,1.6245487364621072,1862520719.9999998
2023-09-07,11.02,10.85,11.08,10.75,4959615.0,56741563.0,-1.7210144927536142,-0.1899999999999995,0.0026628509131431306,2.9891304347826093,1862520719.9999998
2023-09-08,10.85,10.83,10.93,10.76,3423300.0,38993065.0,-0.18433179723501558,-0.019999999999999574,0.0018379929754553284,1.5668202764976953,1862520719.9999998
2023-09-11,10.81,10.93,10.95,10.79,4084700.0,46778981.0,0.9233610341643494,0.09999999999999964,0.0021931031188742968,1.4773776546629747,1862520719.9999998
2023-09-12,10.94,10.94,11.04,10.91,3915700.0,45111131.0,0.09149130832570851,0.009999999999999787,0.0021023658732773724,1.1893870082342086,1862520719.9999998
2023-09-13,10.94,10.9,11.0,10.83,3738940.0,42824854.0,-0.3656307129798808,-0.03999999999999915,0.0020074622310778914,1.5539305301645332,1862520719.9999998
2023-09-14,10.92,10.88,10.93,10.8,4276500.0,48719891.0,-0.18348623853210455,-0.019999999999999574,0.002296081839025125,1.1926605504587064,1862520719.9999998
2023-09-15,10.89,10.7,10.91,10.66,5954366.0,67344155.0,-1.6544117647058987,-0.1800000000000015,0.0031969394681418636,2.2977941176470584,1862520719.9999998
2023-09-18,10.7,10.78,10.8,10.64,4469626.0,50432159.0,0.7476635514018781,0.08000000000000007,0.0023997724975644836,1.4953271028037398,1862520719.9999998
2023-09-19,10.8,10.74,10.82,10.71,3826971.0,43191976.0,-0.37105751391465214,-0.03999999999999915,0.0020547266717118725,1.0204081632653008,1862520719.9999998
2023-09-20,10.74,10.64,10.74,10.64,3231999.0,36288878.0,-0.9310986964618184,-0.09999999999999964,0.001735282171787061,0.9310986964618215,1862520719.9999998
2023-09-21,10.63,10.44,10.7,10.43,7218200.0,79736628.0,-1.8796992481203145,-0.20000000000000107,0.003875500509868154,2.5375939849624016,1862520719.9999998
2023-09-22,10.43,10.53,10.57,10.29,7103700.0,77678688.0,0.8620689655172376,0.08999999999999986,0.003814024683709291,2.681992337164762,1862520719.9999998
2023-09-25,10.53,10.42,10.55,10.4,4002700.0,43910485.0,-1.0446343779677014,-0.10999999999999943,0.0021490767630225347,1.424501424501428,1862520719.9999998
2023-09-26,10.4,10.35,10.44,10.3,3569293.0,38787095.0,-0.6717850287907945,-0.07000000000000028,0.0019163776067951611,1.3435700575815623,1862520719.9999998
2023-09-27,10.34,10.35,10.48,10.32,3534259.0,38520325.0,0.0,0.0,0.0018975676147108852,1.5458937198067646,1862520719.9999998
2023-09-28,10.37,10.44,10.49,10.37,3691700.0,40444757.0,0.8695652173912993,0.08999999999999986,0.001982098754853047,1.1594202898550823,1862520719.9999998
2023-10-09,10.44,10.56,10.56,10.36,4400400.0,48517386.0,1.1494252873563315,0.120000000000001,0.0023626045889035803,1.9157088122605466,1862520719.9999998
2023-10-10,10.55,10.5,10.59,10.4,6097100.0,67286117.0,-0.5681818181818232,-0.0600000000000005,0.003273574320289978,1.7992424242424194,1862520719.9999998
2023-10-11,10.49,10.44,10.61,10.42,5011995.0,55322101.0,-0.5714285714285783,-0.0600000000000005,0.00269097409021039,1.8095238095238046,1862520719.9999998
2023-10-12,10.47,10.54,10.55,10.43,4383300.0,48418129.0,0.9578544061302541,0.09999999999999964,0.002353423482988152,1.1494252873563313,1862520719.9999998
2023-10-13,10.5,10.54,10.59,10.47,3480034.0,38456620.0,0.0,0.0,0.0018684538446369608,1.1385199240986643,1862520719.9999998
2023-10-16,10.54,10.26,10.59,10.21,7870500.0,85372566.0,-2.6565464895635604,-0.27999999999999936,0.004225724801601134,3.6053130929791175,1862520719.9999998
2023-10-17,10.3,10.21,10.35,10.15,4102905.0,44045684.0,-0.4873294346978474,-0.049999999999998934,0.0022028775067801667,1.949317738791416,1862520719.9999998
2023-10-18,10.21,10.09,10.23,10.09,3506300.0,37356033.0,-1.175318315377094,-0.120000000000001,0.0018825562380857704,1.3712047012732669,1862520719.9999998
2023-10-19,10.06,9.98,10.12,9.95,5276144.0,55495818.0,-1.090188305252715,-0.10999999999999943,0.0028327974788919397,1.6848364717542115,1862520719.9999998
2023-10-20,9.95,10.24,10.24,9.88,7362257.0,78380565.0,2.605210420841675,0.2599999999999998,0.003952845689684462,3.6072144288577093,1862520719.9999998
2023-10-23,10.19,9.8,10.22,9.71,8918992.0,92445608.0,-4.296875,-0.4399999999999995,0.00478866726379291,4.980468749999998,1862520719.9999998
2023-10-24,9.92,10.03,10.14,9.79,7306101.0,76852582.0,2.346938775510199,0.22999999999999865,0.003922695152620907,3.571428571428586,1862520719.9999998
2023-10-25,10.12,10.03,10.15,10.0,4344100.0,45989357.0,0.0,0.0,0.002332376737263895,1.4955134596211401,1862520719.9999998
2023-10-26,10.02,10.21,10.24,9.91,4890992.0,51928013.0,1.7946161515453696,0.1800000000000015,0.002626006759269771,3.2901296111665013,1862520719.9999998
2023-10-27,10.18,10.46,10.57,10.13,7742515.0,84773879.0,2.448579823702257,0.25,0.004157008787531771,4.309500489715959,1862520719.9999998
2023-10-30,10.48,10.5,10.61,10.42,4516800.0,49920574.0,0.3824091778202643,0.03999999999999915,0.0024251005379419353,1.8164435946462665,1862520719.9999998
2023-10-31,10.52,10.44,10.53,10.38,3801450.0,41690000.0,-0.5714285714285783,-0.0600000000000005,0.00204102427381318,1.428571428571415,1862520719.9999998
2023-11-01,10.47,10.42,10.5,10.34,3141609.0,34398494.0,-0.19157088122604415,-0.019999999999999574,0.0016867511680621736,1.5325670498084305,1862520719.9999998
2023-11-02,10.4,10.35,10.45,10.26,4787365.0,51941344.0,-0.6717850287907945,-0.07000000000000028,0.002570368720515496,1.8234165067178454,1862520719.9999998
2023-11-03,10.36,10.38,10.54,10.32,3826109.0,41992613.0,0.28985507246377384,0.030000000000001137,0.00205426385806865,2.1256038647342885,1862520719.9999998
2023-11-06,10.47,10.53,10.54,10.39,5963045.0,65602405.0,1.445086705202292,0.14999999999999858,0.0032015992820740276,1.4450867052022984,1862520719.9999998
2023-11-07,10.5,10.42,10.57,10.37,4221200.0,46250476.0,-1.0446343779677014,-0.10999999999999943,0.00226639089416412,1.8993352326685764,1862520719.9999998
2023-11-08,10.44,10.33,10.47,10.31,5445301.0,59350025.0,-0.8637236084452993,-0.08999999999999986,0.0029236190188531167,1.5355086372360858,1862520719.9999998
2023-11-09,10.3,10.33,10.45,10.3,3964100.0,43229268.0,0.0,0.0,0.0021283521613654857,1.4520813165537132,1862520719.9999998
2023-11-10,10.33,10.23,10.35,10.14,4648476.0,49829040.0,-0.9680542110358181,-0.09999999999999964,0.0024957982749314062,2.032913843175209,1862520719.9999998
2023-11-13,10.29,10.28,10.38,10.21,3232774.0,34860175.0,0.4887585532746819,0.049999999999998934,0.001735698274540538,1.661779081133919,1862520719.9999998
2023-11-14,10.25,10.27,10.35,10.22,3270773.0,35304568.0,-0.09727626459143934,-0.009999999999999787,0.0017561001952236001,1.2645914396887064,1862520719.9999998
2023-11-15,10.33,10.3,10.38,10.26,4223670.0,45742956.0,0.2921129503408171,0.030000000000001137,0.0022677170539074595,1.1684518013632035,1862520719.9999998
2023-11-16,10.29,10.17,10.3,10.15,4422739.0,47414769.0,-1.2621359223301098,-0.13000000000000078,0.0023745985494325133,1.4563106796116538,1862520719.9999998
2023-11-17,10.17,10.17,10.21,10.07,6208623.0,66238266.0,0.0,0.0,0.0033334517749687106,1.3765978367748335,1862520719.9999998
2023-11-20,10.18,10.1,10.27,10.09,9855900.0,104830888.0,-0.68829891838742,-0.07000000000000028,0.005291699519992455,1.769911504424776,1862520719.9999998
2023-11-21,10.1,10.2,10.31,10.1,5980418.0,64219682.0,0.990099009900991,0.09999999999999964,0.0032109269635400358,2.0792079207920877,1862520719.9999998
2023-11-22,10.2,10.04,10.23,10.02,7036100.0,74681108.0,-1.5686274509803977,-0.16000000000000014,0.003777729785470521,2.0588235294117734,1862520719.9999998
2023-11-23,10.04,10.11,10.15,10.02,3795800.0,40271812.0,0.6972111553784854,0.07000000000000028,0.0020379907505136373,1.294820717131482,1862520719.9999998
2023-11-24,10.11,9.95,10.14,9.95,4359700.0,45906534.0,-1.5825914935707286,-0.16000000000000014,0.0023407524830113035,1.879327398615245,1862520719.9999998
2023-11-27,10.01,9.86,10.01,9.81,5229800.0,54155439.0,-0.9045226130653283,-0.08999999999999986,0.0028079150711407927,2.0100502512562746,1862520719.9999998
2023-11-28,9.84,9.85,9.9,9.77,5354771.0,55298932.0,-0.10141987829613841,-0.009999999999999787,0.002875012848179214,1.3184584178499066,1862520719.9999998
2023-11-29,9.88,9.71,9.9,9.67,6527930.0,66928927.0,-1.4213197969543012,-0.1399999999999988,0.0035048898677486934,2.3350253807106642,1862520719.9999998
2023-11-30,9.72,9.63,9.74,9.57,4072443.0,41285832.0,-0.8238928939237944,-0.08000000000000007,0.0021865222524880155,1.7507723995880526,1862520719.9999998
2023-12-01,9.68,9.56,9.8,9.53,4284700.0,43207302.0,-0.7268951194184914,-0.07000000000000028,0.0023004844746103014,2.803738317757023,1862520719.9999998
2023-12-04,9.66,9.5,9.67,9.48,5166901.0,51743599.0,-0.6276150627615107,-0.0600000000000005,0.002774144171668598,1.9874476987447647,1862520719.9999998
2023-12-05,9.51,9.33,9.56,9.33,7667205.0,76012126.0,-1.7894736842105297,-0.16999999999999993,0.004116574338029378,2.421052631578952,1862520719.9999998
2023-12-06,9.34,9.37,9.45,9.29,4981418.0,49103645.0,0.4287245444801524,0.03999999999999915,0.002674557091638691,1.7148981779206873,1862520719.9999998
2023-12-07,9.43,9.4,9.44,9.31,3676000.0,36180588.0,0.32017075773747017,0.030000000000001137,0.0019736693184277706,1.3874066168623163,1862520719.9999998
2023-12-08,9.53,9.31,9.55,9.29,5068200.0,49997579.0,-0.9574468085106314,-0.08999999999999986,0.002721150935706101,2.7659574468085273,1862520719.9999998
2023-12-11,9.25,9.22,9.36,9.12,8469776.0,82137771.0,-0.9667024704618665,-0.08999999999999986,0.004547480148301385,2.5778732545649863,1862520719.9999998
2023-12-12,9.29,9.31,9.34,9.18,5553100.0,54026179.0,0.9761388286334105,0.08999999999999986,0.0029814970326880446,1.7353579175705003,1862520719.9999998
2023-12-13,9.59,9.34,9.77,9.33,14249381.0,141893346.0,0.3222341568206222,0.02999999999999936,0.007650589250894348,4.726100966702465,1862520719.9999998
2023-12-14,9.32,9.28,9.47,9.25,7346153.0,72070729.0,-0.6423982869379063,-0.0600000000000005,0.003944199342920599,2.3554603854389793,1862520719.9999998
2023-12-15,9.27,9.28,9.41,9.26,6228109.0,61110531.0,0.0,0.0,0.0033439139404580695,1.6163793103448314,1862520719.9999998
2023-12-18,9.27,9.13,9.3,9.12,5441700.0,52534306.0,-1.6163793103448176,-0.14999999999999858,0.00292168561754309,1.9396551724138096,1862520719.9999998
2023-12-19,9.12,8.99,9.18,8.93,5452767.0,51652733.0,-1.533406352683464,-0.14000000000000057,0.002927627564862742,2.7382256297918945,1862520719.9999998
2023-12-20,9.01,8.92,9.03,8.9,3620019.0,34068191.0,-0.7786429365962189,-0.07000000000000028,0.0019436127400504842,1.4460511679643937,1862520719.9999998
2023-12-21,8.94,9.04,9.11,8.84,4544119.0,42723184.0,1.3452914798206095,0.11999999999999922,0.002439768294228695,3.0269058295964077,1862520719.9999998
2023-12-22,9.05,9.01,9.05,8.89,5599900.0,52781855.0,-0.33185840707964376,-0.02999999999999936,0.00300662426993027,1.7699115044247804,1862520719.9999998
2023-12-25,9.0,8.9,9.01,8.89,3636300.0,34137739.0,-1.220865704772467,-0.10999999999999943,0.0019523541193141737,1.3318534961154187,1862520719.9999998
2023-12-26,8.91,8.84,8.93,8.8,3251900.0,30235623.0,-0.6741573033707926,-0.0600000000000005,0.001745967153589572,1.4606741573033595,1862520719.9999998
2023-12-27,8.81,8.82,8.88,8.77,3144400.0,29172227.0,-0.2262443438914019,-0.019999999999999574,0.0016882496748814695,1.2443438914027285,1862520719.9999998
2023-12-28,8.82,9.11,9.14,8.79,8192991.0,77694812.0,3.287981859410416,0.28999999999999915,0.0043988724055644335,3.968253968253984,1862520719.9999998
2023-12-29,9.16,9.16,9.22,9.09,5502700.0,52933007.0,0.5488474204171423,0.05000000000000071,0.0029544369310425716,1.4270032930845313,1862520719.9999998
2024-01-02,9.19,9.28,9.37,9.05,9774991.0,95093190.0,1.3100436681222627,0.11999999999999922,0.005248258929436232,3.4934497816593724,1862520719.9999998
2024-01-03,9.26,9.28,9.34,9.19,6098800.0,59486304.0,0.0,0.0,0.0032744870618137342,1.6163793103448314,1862520719.9999998
2024-01-04,9.3,9.38,9.46,9.25,7493195.0,73646286.0,1.0775862068965747,0.10000000000000142,0.004023147189471267,2.262931034482768,1862520719.9999998
2024-01-05,9.37,9.41,9.55,9.33,5846320.0,57889614.0,0.31982942430703876,0.02999999999999936,0.0031389288383326017,2.345415778251606,1862520719.9999998
2024-01-08,9.42,9.17,9.42,9.1,6000780.0,58280055.0,-2.5504782146652527,-0.2400000000000002,0.003221859459367518,3.4006376195536694,1862520719.9999998
2024-01-09,9.15,9.2,9.23,8.97,5137941.0,49212223.0,0.32715376226826187,0.02999999999999936,0.0027585953513580242,2.8353326063249704,1862520719.9999998
2024-01-10,9.2,9.16,9.33,9.12,3886231.0,37664724.0,-0.43478260869563856,-0.03999999999999915,0.002086543767416451,2.282608695652183,1862520719.9999998
2024-01-11,9.14,9.22,9.27,9.14,4010655.0,38779553.0,0.6550218340611424,0.0600000000000005,0.002153347856446934,1.4192139737991156,1862520719.9999998
2024-01-12,9.23,9.35,9.46,9.23,6449000.0,63548973.0,1.4099783080260275,0.129999999999999,0.0034625118157074787,2.4945770065075967,1862520719.9999998
2024-01-15,9.39,9.37,9.47,9.32,5573100.0,55014362.0,0.21390374331551332,0.019999999999999574,0.0029922351682616453,1.6042780748663141,1862520719.9999998
2024-01-16,9.38,9.35,9.46,9.24,5363600.0,52639001.0,-0.2134471718249653,-0.019999999999999574,0.00287975319812818,2.3479188900747134,1862520719.9999998
2024-01-17,9.35,9.18,9.38,9.14,6141700.0,59802565.0,-1.8181818181818188,-0.16999999999999993,0.0032975203626191074,2.5668449197860985,1862520719.9999998
2024-01-18,9.14,8.96,9.14,8.75,8492256.0,79593369.0,-2.3965141612200314,-0.21999999999999886,0.0045595498126861115,4.248366013071902,1862520719.9999998
2024-01-19,9.01,9.04,9.1,8.89,5197100.0,49260207.0,0.8928571428571175,0.0799999999999983,0.002790358219477956,2.34374999999999,1862520719.9999998
2024-01-22,9.04,8.47,9.09,8.47,9594577.0,87607692.0,-6.305309734513253,-0.5699999999999985,0.005151393429867455,6.85840707964601,1862520719.9999998
2024-01-23,8.42,8.55,8.62,8.28,5846800.0,52051200.0,0.9445100354191327,0.08000000000000007,0.003139186553586368,4.014167650531284,1862520719.9999998
2024-01-24,8.61,8.84,8.85,8.48,6512900.0,59292406.0,3.391812865497057,0.28999999999999915,0.0034968201588651323,4.32748538011695,1862520719.9999998
2024-01-25,8.97,9.54,9.6,8.85,13802212.0,134893803.0,7.918552036199089,0.6999999999999993,0.0074105011835787805,8.484162895927602,1862520719.9999998
2024-01-26,9.55,9.23,9.58,9.16,13325592.0,130791467.0,-3.2494758909853094,-0.3099999999999987,0.0071546006747243065,4.40251572327044,1862520719.9999998
2024-01-29,9.36,9.21,9.47,9.21,8808400.0,86185843.0,-0.21668472372696757,-0.019999999999999574,0.0047292896693251285,2.816901408450702,1862520719.9999998
2024-01-30,9.1,8.81,9.17,8.78,9009701.0,85206972.0,-4.343105320304019,-0.40000000000000036,0.004837369540780197,4.234527687296423,1862520719.9999998
2024-01-31,8.76,8.61,8.95,8.58,8532680.0,78426862.0,-2.2701475595913845,-0.20000000000000107,0.004581253732307473,4.1997729852440315,1862520719.9999998
2024-02-01,8.58,8.57,8.83,8.43,7724735.0,69951236.0,-0.464576074332157,-0.03999999999999915,0.00414746258500684,4.645760743321723,1862520719.9999998
2024-02-02,8.58,8.11,8.63,7.95,11161080.0,97259565.0,-5.36756126021004,-0.46000000000000085,0.0059924595093900496,7.934655775962668,1862520719.9999998
2024-02-05,8.1,7.78,8.13,7.46,12139186.0,99411402.0,-4.069050554870524,-0.3299999999999992,0.006517611251057653,8.261405672009875,1862520719.9999998
2024-02-06,7.8,8.54,8.56,7.73,14327770.0,124555864.0,9.768637532133662,0.7599999999999989,0.0076926768363682965,10.668380462724937,1862520719.9999998
2024-02-07,8.54,9.19,9.21,8.48,16158534.0,152181080.0,7.611241217798592,0.6500000000000004,0.008675626438131653,8.548009367681503,1862520719.9999998
2024-02-08,9.23,9.49,9.92,9.2,17364111.0,175768958.0,3.2644178454842354,0.3000000000000007,0.00932290890165238,7.83460282916214,1862520719.9999998
2024-02-19,9.56,9.33,9.63,9.22,11112645.0,109207977.0,-1.6859852476290849,-0.16000000000000014,0.005966454429564682,4.320337197049527,1862520719.9999998
2024-02-20,9.34,9.36,9.42,9.23,6504600.0,63832608.0,0.3215434083601254,0.02999999999999936,0.003492363832602088,2.036441586280809,1862520719.9999998
2024-02-21,9.32,9.32,9.56,9.21,7343699.0,72537714.0,-0.42735042735041473,-0.03999999999999915,0.003942881773685718,3.739316239316236,1862520719.9999998
2024-02-22,9.32,9.29,9.4,9.23,6099303.0,59488885.0,-0.32188841201717944,-0.030000000000001137,0.0032747571259234103,1.8240343347639476,1862520719.9999998
2024-02-23,9.33,9.28,9.34,9.14,7171493.0,69612730.0,-0.10764262648008671,-0.009999999999999787,0.0038504232049563457,2.1528525296017147,1862520719.9999998
2024-02-26,9.24,9.12,9.38,9.1,8195726.0,79093895.0,-1.7241379310344862,-0.16000000000000014,0.004400340845604123,3.0172413793103576,1862520719.9999998
2024-02-27,9.09,9.22,9.22,9.05,5745701.0,55298603.0,1.0964912280701844,0.10000000000000142,0.003084905815168596,1.8640350877192977,1862520719.9999998
2024-02-28,9.25,9.26,9.6,9.23,13932330.0,137949995.0,0.433839479392617,0.03999999999999915,0.0074803624198070675,4.01301518438177,1862520719.9999998
2024-02-29,9.17,9.36,9.42,9.15,9342692.0,91385180.0,1.0799136069114423,0.09999999999999964,0.005016154665919636,2.9157667386609023,1862520719.9999998
2024-03-01,9.37,9.5,9.55,9.3,9828266.0,97416136.0,1.4957264957265126,0.14000000000000057,0.005276862638070411,2.670940170940171,1862520719.9999998
2024-03-04,9.58,9.49,9.63,9.31,11320124.0,112520883.0,-0.10526315789473051,-0.009999999999999787,0.006077851311098435,3.3684210526315814,1862520719.9999998
2024-03-05,9.48,9.39,9.48,9.3,7429400.0,73207742.0,-1.0537407797681753,-0.09999999999999964,0.003988895221525375,1.8967334035827157,1862520719.9999998
2024-03-06,9.37,9.46,9.57,9.33,7346972.0,73000944.0,0.7454739084132189,0.07000000000000028,0.003944639069572338,2.5559105431309925,1862520719.9999998
2024-03-07,9.47,9.39,9.56,9.34,10855067.0,107693308.0,-0.7399577167019111,-0.07000000000000028,0.005828159055325839,2.3255813953488436,1862520719.9999998
2024-03-08,9.39,9.37,9.44,9.26,5475931.0,53704847.0,-0.21299254526092604,-0.02000000000000135,0.0029400644734840858,1.9169329073482395,1862520719.9999998
2024-03-11,9.43,9.68,9.68,9.41,10680629.0,107482620.0,3.3084311632870955,0.3100000000000005,0.005734502110666452,2.8815368196371356,1862520719.9999998
2024-03-12,9.71,9.51,9.71,9.45,8889690.0,88955667.0,-1.7561983471074405,-0.16999999999999993,0.004772934821364028,2.685950413223157,1862520719.9999998
2024-03-13,9.52,9.41,9.52,9.37,6066900.0,60111047.0,-1.051524710830698,-0.09999999999999964,0.0032573597355738415,1.5772870662460605,1862520719.9999998
2024-03-14,9.43,9.33,9.5,9.29,5436743.0,53662266.0,-0.8501594048884176,-0.08000000000000007,0.002919024170641173,2.2316684378321026,1862520719.9999998
2024-03-15,9.31,9.36,9.38,9.26,4867318.0,47691607.0,0.3215434083601254,0.02999999999999936,0.0026132960281913,1.286173633440525,1862520719.9999998
2024-03-18,9.37,9.42,9.42,9.34,5232900.0,51561232.0,0.6410256410256387,0.0600000000000005,0.0028095794821547007,0.8547008547008554,1862520719.9999998
2024-03-19,9.39,9.31,9.46,9.31,6296985.0,61980056.0,-1.1677282377919207,-0.10999999999999943,0.003380893931746435,1.592356687898093,1862520719.9999998
2024-03-20,9.29,9.31,9.32,9.24,4197700.0,40954186.0,0.0,0.0,0.0022537735848651395,0.8592910848549953,1862520719.9999998
2024-03-21,9.31,9.19,9.33,9.16,5474200.0,53063503.0,-1.2889366272824998,-0.120000000000001,0.002939135087850191,1.8259935553168627,1862520719.9999998
2024-03-22,9.24,9.02,9.24,8.99,9029800.0,85911258.0,-1.8498367791077275,-0.16999999999999993,0.004848160830124886,2.720348204570185,1862520719.9999998
2024-03-25,9.06,8.97,9.17,8.88,6590320.0,62371496.0,-0.5543237250554167,-0.049999999999998934,0.00353838748167054,3.2150776053214987,1862520719.9999998
2024-03-26,8.98,9.09,9.13,8.91,5466101.0,51743392.0,1.3377926421404673,0.11999999999999922,0.0029347866798496614,2.4526198439241984,1862520719.9999998
2024-03-27,9.12,8.83,9.14,8.83,5625520.0,53058671.0,-2.860286028602854,-0.2599999999999998,0.003020379821600052,3.410341034103416,1862520719.9999998
2024-03-28,8.83,8.85,8.97,8.82,4596362.0,42949848.0,0.22650056625141968,0.019999999999999574,0.002467817915067275,1.6987542468856212,1862520719.9999998
2024-03-29,8.89,9.04,9.06,8.87,4774100.0,45029613.0,2.1468926553672274,0.1899999999999995,0.0025632466520963057,2.146892655367246,1862520719.9999998
2024-04-01,9.06,9.13,9.2,9.01,6931818.0,66219372.0,0.9955752212389646,0.09000000000000163,0.003721740072776211,2.1017699115044195,1862520719.9999998
2024-04-02,9.16,9.21,9.26,9.13,5230575.0,50552547.0,0.8762322015334112,0.08000000000000007,0.00280833117389427,1.4238773274917742,1862520719.9999998
2024-04-03,9.26,9.21,9.37,9.19,6037115.0,58762341.0,0.0,0.0,0.003241367967170857,1.9543973941368045,1862520719.9999998
2024-04-08,9.19,9.21,9.35,9.15,10334437.0,100399325.0,0.0,0.0,0.005548629279141658,2.1715526601520008,1862520719.9999998
2024-04-09,9.23,9.27,9.32,9.16,5608700.0,54439400.0,0.6514657980455807,0.05999999999999872,0.0030113490495826544,1.7372421281216084,1862520719.9999998
2024-04-10,9.27,9.2,9.33,9.13,7115311.0,69107768.0,-0.7551240560949357,-0.07000000000000028,0.0038202587083165447,2.1574973031283635,1862520719.9999998
2024-04-11,9.12,9.23,9.36,9.05,7774430.0,75586523.0,0.3260869565217428,0.030000000000001137,0.004174144167373344,3.3695652173912904,1862520719.9999998
2024-04-12,9.23,9.02,9.27,9.01,8132621.0,77922634.0,-2.275189599133265,-0.21000000000000085,0.00436645934333552,2.816901408450702,1862520719.9999998
2024-04-15,9.0,9.21,9.27,8.89,9981975.0,95900649.0,2.106430155210659,0.19000000000000128,0.005359390042114539,4.212860310421275,1862520719.9999998
2024-04-16,9.2,9.38,9.8,9.17,25998273.0,260963897.0,1.8458197611292082,0.16999999999999993,0.01395864900767386,6.840390879478835,1862520719.9999998
2024-04-17,9.23,9.66,9.68,9.04,24850895.0,245926570.0,2.985074626865658,0.27999999999999936,0.013342613981765531,6.823027718550112,1862520719.9999998
2024-04-18,9.55,9.44,9.79,9.4,19281224.0,193021266.0,-2.2774327122153326,-0.22000000000000064,0.01035221986684798,4.0372670807453295,1862520719.9999998
2024-04-19,9.36,9.51,9.63,9.33,17578477.0,175284214.0,0.741525423728806,0.07000000000000028,0.009438003460170903,3.1779661016949228,1862520719.9999998
2024-04-22,9.5,9.21,9.5,9.19,16287600.0,159390035.0,-3.154574132492105,-0.29999999999999893,0.008744922848428769,3.2597266035751895,1862520719.9999998
2024-04-23,9.05,8.57,9.13,8.53,25530567.0,234509414.0,-6.948968512486431,-0.6400000000000006,0.01370753448584454,6.514657980456041,1862520719.9999998
2024-04-24,8.57,8.88,8.97,8.57,14714667.0,136489919.0,3.617269544924162,0.3100000000000005,0.007900404458319263,4.667444574095687,1862520719.9999998
2024-04-25,8.85,8.82,8.9,8.75,7306806.0,67665216.0,-0.6756756756756799,-0.0600000000000005,0.003923073671899876,1.689189189189193,1862520719.9999998
2024-04-26,8.77,8.88,8.88,8.73,8968382.0,83101408.0,0.6802721088435382,0.0600000000000005,0.004815185089591917,1.7006802721088474,1862520719.9999998
2024-04-29,8.88,9.18,9.2,8.87,12069293.0,115047420.0,3.378378378378377,0.29999999999999893,0.006480085225575371,3.7162162162162162,1862520719.9999998
2024-04-30,8.99,8.86,9.09,8.8,13447832.0,125680730.0,-3.4858387799564294,-0.3200000000000003,0.007220232159350153,3.159041394335503,1862520719.9999998
2024-05-06,8.9,9.1,9.23,8.9,16904722.0,160938411.0,2.708803611738153,0.2400000000000002,0.009076259833501344,3.724604966139956,1862520719.9999998
2024-05-07,9.15,9.1,9.29,9.02,13103101.0,125816388.0,0.0,0.0,0.007035143748629009,2.9670329670329623,1862520719.9999998
2024-05-08,9.1,8.94,9.16,8.93,9730900.0,92192901.0,-1.758241758241763,-0.16000000000000014,0.0052245861726574515,2.5274725274725323,1862520719.9999998
2024-05-09,8.95,9.11,9.16,8.95,9534000.0,91078510.0,1.9015659955257336,0.16999999999999993,0.0051188692279353545,2.3489932885906137,1862520719.9999998
2024-05-10,9.12,9.34,9.39,9.08,15195416.0,147798616.0,2.524698133918779,0.23000000000000043,0.008158521855262906,3.4028540065861748,1862520719.9999998
2024-05-13,9.34,9.82,9.95,9.23,37391407.0,377917765.0,5.139186295503206,0.4800000000000004,0.020075699882683724,7.708779443254805,1862520719.9999998
2024-05-14,9.82,9.68,9.86,9.63,35621465.0,364318663.0,-1.4256619144602856,-0.14000000000000057,0.019125406025013243,2.3421588594704548,1862520719.9999998
2024-05-15,9.66,9.44,9.77,9.41,18406948.0,184271559.0,-2.4793388429752095,-0.2400000000000002,0.009882815156010721,3.7190082644628046,1862520719.9999998
2024-05-16,9.51,9.51,9.66,9.45,15319202.0,153791665.0,0.741525423728806,0.07000000000000028,0.00822498339776859,2.2245762711864496,1862520719.9999998
2024-05-17,9.48,9.55,9.56,9.38,11830901.0,117750252.0,0.4206098843323014,0.040000000000000924,0.006352090944792282,1.892744479495265,1862520719.9999998
2024-05-20,9.56,9.58,9.66,9.46,14783703.0,148763653.0,0.3141361256544517,0.02999999999999936,0.007937470354692217,2.0942408376963275,1862520719.9999998
2024-05-21,9.71,9.52,9.75,9.5,11207702.0,112947124.0,-0.6263048016701522,-0.0600000000000005,0.00601749117722567,2.6096033402922756,1862520719.9999998
2024-05-22,9.58,9.56,9.66,9.55,10175956.0,102589434.0,0.42016806722691147,0.040000000000000924,0.005463539755949669,1.1554621848739437,1862520719.9999998
2024-05-23,9.59,9.3,9.6,9.22,15912001.0,156292598.0,-2.7196652719665204,-0.2599999999999998,0.008543261199263331,3.9748953974895294,1862520719.9999998
2024-05-24,9.31,9.56,9.69,9.21,26515858.0,266461488.0,2.7956989247311714,0.2599999999999998,0.014236543902716961,5.161290322580631,1862520719.9999998
2024-05-27,9.75,9.53,9.76,9.45,19073100.0,192125650.0,-0.3138075313807609,-0.030000000000001137,0.010240476680441977,3.2426778242677874,1862520719.9999998
2024-05-28,9.47,9.76,9.92,9.45,35131201.0,359745156.0,2.413431269674726,0.23000000000000043,0.01886217996007046,4.931794333683113,1862520719.9999998
2024-05-29,9.76,9.63,9.77,9.5,17118302.0,173412506.0,-1.3319672131147486,-0.129999999999999,0.009190932383291823,2.7663934426229466,1862520719.9999998
2024-05-30,9.8,9.71,9.95,9.66,30141214.0,310438893.0,0.8307372793354029,0.08000000000000007,0.01618302211424526,3.0114226375908526,1862520719.9999998
2024-05-31,9.78,10.17,10.45,9.68,38794108.0,411301926.0,4.737384140061773,0.4599999999999991,0.020828819558044973,7.929969104016473,1862520719.9999998
2024-06-03,10.16,10.43,10.6,10.06,41596887.0,453035589.0,2.556538839724687,0.2599999999999998,0.022333650602286995,5.309734513274328,1862520719.9999998
2024-06-04,10.38,10.44,10.55,10.14,29911397.0,326168235.0,0.09587727708533222,0.009999999999999787,0.016059631809089352,3.9309683604985635,1862520719.9999998
2024-06-05,10.44,10.22,10.54,10.19,23379678.0,254633951.0,-2.1072796934865745,-0.21999999999999886,0.01255270760155624,3.352490421455936,1862520719.9999998
2024-06-06,10.18,9.99,10.26,9.95,24083863.0,255473171.0,-2.2504892367906093,-0.23000000000000043,0.012930789301501034,3.0332681017612573,1862520719.9999998
2024-06-07,10.16,10.23,10.28,10.01,17783370.0,189091917.0,2.402402402402415,0.2400000000000002,0.00954801190077499,2.702702702702698,1862520719.9999998
2024-06-11,10.2,10.44,10.52,9.95,22397734.0,241701366.0,2.052785923753664,0.20999999999999908,0.012025495211672062,5.571847507331381,1862520719.9999998
2024-06-12,10.45,10.33,10.51,10.32,16672664.0,182062360.0,-1.0536398467432928,-0.10999999999999943,0.008951666320254414,1.8199233716475047,1862520719.9999998
2024-06-13,10.36,10.8,10.87,10.3,32764143.0,368779846.0,4.549854791868357,0.47000000000000064,0.01759129047434168,5.517909002904148,1862520719.9999998
2024-06-14,10.78,10.72,10.85,10.62,18244208.0,205611866.0,-0.7407407407407418,-0.08000000000000007,0.009795438946848334,2.1296296296296333,1862520719.9999998
2024-06-17,10.68,10.62,10.99,10.57,19051356.0,215452620.0,-0.932835820895539,-0.10000000000000142,0.01022880217944636,3.917910447761193,1862520719.9999998
2024-06-18,10.63,10.64,10.69,10.41,16585533.0,183560028.0,0.18832391713747842,0.02000000000000135,0.008904885095721245,2.6365348399246646,1862520719.9999998
2024-06-19,10.64,10.31,10.65,10.29,15503703.0,170084566.0,-3.101503759398494,-0.33000000000000007,0.008324043235341834,3.3834586466165524,1862520719.9999998
2024-06-20,10.31,10.01,10.37,9.99,16931620.0,180972714.0,-2.9097963142580063,-0.3000000000000007,0.009090701552034279,3.6857419980601263,1862520719.9999998
2024-06-21,9.93,9.7,10.01,9.63,17998942.0,184920456.0,-3.096903096903103,-0.3100000000000005,0.0096637539688686,3.7962037962037862,1862520719.9999998
2024-06-24,9.67,9.34,9.77,9.3,16410701.0,163575874.0,-3.711340206185565,-0.35999999999999943,0.00881101660979106,4.845360824742256,1862520719.9999998
2024-06-25,9.35,9.2,9.38,9.11,13099439.0,126869702.0,-1.4989293361884481,-0.14000000000000057,0.0070331775960054835,2.8907922912205715,1862520719.9999998
2024-06-26,9.2,9.36,9.37,9.07,11422540.0,110512473.0,1.7391304347826209,0.16000000000000014,0.006132839155743729,3.26086956521738,1862520719.9999998
2024-06-27,9.27,8.99,9.29,8.96,12275900.0,117259825.0,-3.95299145299145,-0.3699999999999992,0.006591013924398114,3.525641025641008,1862520719.9999998
2024-06-28,8.97,9.07,9.23,8.95,11101800.0,105857129.0,0.8898776418242438,0.08000000000000007,0.005960631675549897,3.1145717463848848,1862520719.9999998
2024-07-01,9.05,9.23,9.32,9.03,10114599.0,97990074.0,1.764057331863289,0.16000000000000014,0.005430596766730199,3.197353914002215,1862520719.9999998
2024-07-02,9.24,9.11,9.24,9.05,10419800.0,99853724.0,-1.300108342361872,-0.120000000000001,0.005594461252490121,2.0585048754062782,1862520719.9999998
2024-07-03,9.06,8.95,9.09,8.9,9831500.0,92783734.0,-1.7563117453347932,-0.16000000000000014,0.005278598994592662,2.0856201975850657,1862520719.9999998
2024-07-04,8.95,8.69,9.01,8.66,10553193.0,97587346.0,-2.905027932960891,-0.2599999999999998,0.005666080858418585,3.9106145251396613,1862520719.9999998
2024-07-05,8.67,8.78,8.81,8.56,10417622.0,94759034.0,1.0356731875719172,0.08999999999999986,0.005593291869526155,2.8768699654775607,1862520719.9999998
2024-07-08,8.76,8.57,8.76,8.55,8168400.0,73827617.0,-2.3917995444191265,-0.20999999999999908,0.004385669330969913,2.3917995444191242,1862520719.9999998
2024-07-09,8.59,8.66,8.74,8.3,14419600.0,126068993.0,1.0501750291715295,0.08999999999999986,0.007741980985854483,5.134189031505245,1862520719.9999998
2024-07-10,8.6,8.58,8.63,8.53,8487592.0,74878926.0,-0.9237875288683584,-0.08000000000000007,0.004557045679470348,1.1547344110854667,1862520719.9999998
2024-07-11,8.71,9.04,9.06,8.56,13524626.0,122909149.0,5.361305361305346,0.4599999999999991,0.007261463378512107,5.827505827505827,1862520719.9999998
2024-07-12,9.01,8.94,9.07,8.92,6362100.0,58915886.0,-1.106194690265483,-0.09999999999999964,0.0034158546166401845,1.659292035398234,1862520719.9999998
2024-07-15,8.91,8.71,8.91,8.69,8010625.0,72477677.0,-2.572706935123026,-0.22999999999999865,0.004300958863963672,2.4608501118568307,1862520719.9999998
2024-07-16,8.72,8.7,8.74,8.64,5647601.0,50505460.0,-0.11481056257177658,-0.010000000000001563,0.0030322352601800857,1.1481056257175617,1862520719.9999998
2024-07-17,8.67,8.58,8.76,8.54,6558901.0,58172738.0,-1.3793103448275779,-0.11999999999999922,0.003521518407591192,2.5287356321839156,1862520719.9999998
2024-07-18,8.53,8.62,8.66,8.43,5271366.0,46328997.0,0.4662004662004504,0.03999999999999915,0.0028302321383034067,2.6806526806526856,1862520719.9999998
2024-07-19,8.61,8.59,8.66,8.54,4296372.0,38032315.0,-0.34802784222737193,-0.02999999999999936,0.0023067512505310548,1.3921113689095246,1862520719.9999998
2024-07-22,8.6,8.59,8.66,8.56,4925445.0,43623751.0,0.0,0.0,0.002644504808515634,1.1641443538998795,1862520719.9999998
2024-07-23,8.58,8.41,8.64,8.41,5056041.0,44502167.0,-2.0954598370197863,-0.17999999999999972,0.0027146226861841302,2.677532013969737,1862520719.9999998
2024-07-24,8.43,8.26,8.48,8.25,9262300.0,79798962.0,-1.7835909631391256,-0.15000000000000036,0.004972991656167992,2.7348394768133226,1862520719.9999998
2024-07-25,8.24,8.35,8.42,8.19,6673200.0,56978537.0,1.0895883777239712,0.08999999999999986,0.0035828863154875406,2.784503631961264,1862520719.9999998
2024-07-26,8.32,8.5,8.53,8.3,5176201.0,45016514.0,1.7964071856287456,0.15000000000000036,0.002779137404710322,2.754491017964056,1862520719.9999998
2024-07-29,8.5,8.31,8.51,8.27,6461300.0,55398453.0,-2.2352941176470575,-0.1899999999999995,0.003469115769085243,2.8235294117647083,1862520719.9999998
2024-07-30,8.29,8.27,8.36,8.23,5097194.0,43473148.0,-0.48134777376656057,-0.040000000000000924,0.0027367180108471495,1.5643802647412635,1862520719.9999998
2024-07-31,8.26,8.55,8.57,8.2,8046781.0,69789929.0,3.38573155985491,0.28000000000000114,0.004320371265453627,4.4740024183796985,1862520719.9999998
2024-08-01,8.54,8.44,8.62,8.42,6189374.0,54074446.0,-1.286549707602358,-0.11000000000000121,0.003323116856385899,2.339181286549699,1862520719.9999998
2024-08-02,8.4,8.34,8.48,8.33,4641739.0,40129154.0,-1.1848341232227444,-0.09999999999999964,0.002492181133963439,1.7772511848341277,1862520719.9999998
2024-08-05,8.34,8.31,8.5,8.3,7310834.0,63175317.0,-0.3597122302158251,-0.02999999999999936,0.0039252363324043995,2.398081534772174,1862520719.9999998
2024-08-06,8.35,8.49,8.5,8.35,5420300.0,47065151.0,2.166064981949445,0.17999999999999972,0.0029101958124793377,1.8050541516245528,1862520719.9999998
2024-08-07,8.52,8.57,8.67,8.47,6591953.0,58186308.0,0.9422850412249772,0.08000000000000007,0.0035392642504401242,2.355712603062418,1862520719.9999998
2024-08-08,8.55,8.45,8.59,8.44,4713371.0,41217057.0,-1.4002333722287208,-0.120000000000001,0.0025306408403338466,1.750291715285885,1862520719.9999998
2024-08-09,8.45,8.4,8.51,8.4,3943000.0,34311797.0,-0.5917159763313529,-0.049999999999998934,0.0021170234283353372,1.3017751479289874,1862520719.9999998
2024-08-12,8.54,8.36,8.61,8.35,5495000.0,47899713.0,-0.4761904761904856,-0.040000000000000924,0.002950302748846735,3.0952380952380927,1862520719.9999998
2024-08-13,8.35,8.33,8.4,8.25,4260600.0,36428657.0,-0.3588516746411363,-0.02999999999999936,0.002287545021244113,1.7942583732057462,1862520719.9999998
2024-08-14,8.33,8.27,8.34,8.26,2876000.0,24570720.0,-0.7202881152461038,-0.0600000000000005,0.001544143895483751,0.9603841536614653,1862520719.9999998
2024-08-15,8.26,8.31,8.41,8.22,4264500.0,36586531.0,0.48367593712213,0.040000000000000924,0.002289638957680965,2.297460701330103,1862520719.9999998
2024-08-16,8.3,8.16,8.34,8.14,6959772.0,58752385.0,-1.8050541516245522,-0.15000000000000036,0.003736748764867432,2.406738868832723,1862520719.9999998
2024-08-19,8.15,8.16,8.24,8.09,3860600.0,32519829.0,0.0,0.0,0.002072782309772103,1.8382352941176512,1862520719.9999998
2024-08-20,8.16,8.1,8.18,8.07,4176251.0,34890349.0,-0.7352941176470673,-0.0600000000000005,0.0022422574713692315,1.3480392156862675,1862520719.9999998
2024-08-21,8.1,8.15,8.18,8.08,2586460.0,21661339.0,0.6172839506172867,0.05000000000000071,0.0013886879067847365,1.2345679012345634,1862520719.9999998
2024-08-22,8.15,8.12,8.2,8.1,4245600.0,35555697.0,-0.36809815950921143,-0.030000000000001137,0.0022794914195639125,1.2269938650306704,1862520719.9999998
2024-08-23,8.11,8.13,8.16,8.09,2675000.0,22356592.0,0.12315270935963074,0.010000000000001563,0.0014362256329690658,0.862068965517245,1862520719.9999998
2024-08-26,8.13,8.17,8.25,8.12,3544249.0,29865689.0,0.49200492004919383,0.03999999999999915,0.0019029313134298986,1.5990159901599112,1862520719.9999998
2024-08-27,8.13,8.1,8.16,8.08,2229437.0,18611434.0,-0.8567931456548328,-0.07000000000000028,0.001196999837940058,0.9791921664626693,1862520719.9999998
2024-08-28,8.1,8.15,8.22,8.08,2540900.0,21333937.0,0.6172839506172867,0.05000000000000071,0.0013642264339480746,1.7283950617284023,1862520719.9999998
2024-08-29,8.11,8.19,8.24,8.11,3647214.0,30791989.0,0.4907975460122671,0.03999999999999915,0.0019582139198966874,1.5950920245398867,1862520719.9999998
2024-08-30,8.19,8.27,8.4,8.16,6261000.0,53514565.0,0.9768009768009733,0.08000000000000007,0.0033615733413156343,2.9304029304029333,1862520719.9999998
2024-09-02,8.25,8.16,8.32,8.16,5438301.0,46050144.0,-1.3301088270858408,-0.10999999999999943,0.0029198606714023567,1.9347037484885148,1862520719.9999998
2024-09-03,8.15,8.13,8.2,8.09,3874139.0,32417186.0,-0.367647058823517,-0.02999999999999936,0.0020800514906486518,1.3480392156862675,1862520719.9999998
2024-09-04,8.1,8.05,8.11,8.05,3539639.0,29407742.0,-0.9840098400983988,-0.08000000000000007,0.0019004561731801838,0.738007380073785,1862520719.9999998
2024-09-05,8.06,8.03,8.11,8.0,3598400.0,29795229.0,-0.2484472049689601,-0.02000000000000135,0.0019320053524022006,1.3664596273291854,1862520719.9999998
2024-09-06,8.06,7.93,8.07,7.92,4503601.0,37008363.0,-1.245330012453294,-0.09999999999999964,0.0024180139053701375,1.867995018679955,1862520719.9999998
2024-09-09,7.89,7.81,7.91,7.8,4023641.0,32510192.0,-1.5132408575031508,-0.1200000000000001,0.002160320127874873,1.3871374527112272,1862520719.9999998
2024-09-10,7.86,7.8,7.88,7.63,5123900.0,40808553.0,-0.1280409731113874,-0.009999999999999787,0.0027510566432785784,3.201024327784891,1862520719.9999998
2024-09-11,7.78,7.69,7.8,7.65,2600499.0,20653533.0,-1.4102564102564052,-0.10999999999999943,0.0013962255410506254,1.9230769230769162,1862520719.9999998
2024-09-12,7.74,7.76,7.85,7.69,3054800.0,24523226.0,0.910273081924573,0.0699999999999994,0.0016401428275117393,2.0806241872561673,1862520719.9999998
2024-09-13,7.77,7.69,7.81,7.66,2551543.0,20286357.0,-0.9020618556700999,-0.0699999999999994,0.001369940732793566,1.9329896907216426,1862520719.9999998
2024-09-18,7.68,7.57,7.71,7.49,4195843.0,32757312.0,-1.5604681404421394,-0.1200000000000001,0.0022527765489771304,2.86085825747724,1862520719.9999998
2024-09-19,7.66,7.81,7.83,7.57,4086739.0,32536776.0,3.1704095112285335,0.23999999999999932,0.0021941978717960253,3.4346103038309086,1862520719.9999998
2024-09-20,7.81,7.74,7.82,7.68,3062500.0,24400259.0,-0.8962868117797673,-0.0699999999999994,0.0016442770097075754,1.7925736235595464,1862520719.9999998
2024-09-23,7.69,7.7,7.78,7.67,1910500.0,15203268.0,-0.5167958656330796,-0.040000000000000036,0.0010257604006681871,1.42118863049096,1862520719.9999998
2024-09-24,7.76,8.03,8.07,7.74,7046700.0,57470576.0,4.2857142857142705,0.3299999999999992,0.0037834209973245294,4.2857142857142865,1862520719.9999998
2024-09-25,8.11,8.16,8.47,8.11,11112951.0,95066878.0,1.6189290161892966,0.13000000000000078,0.0059666187230389585,4.483188044831896,1862520719.9999998
2024-09-26,8.2,8.48,8.49,8.11,10797000.0,92623411.0,3.9215686274509887,0.3200000000000003,0.005796982489408226,4.656862745098049,1862520719.9999998
2024-09-27,8.69,8.82,8.91,8.6,15402951.0,138699923.0,4.009433962264142,0.33999999999999986,0.008269948803576264,3.655660377358496,1862520719.9999998
2024-09-30,8.98,9.59,9.66,8.98,26395143.0,254784920.0,8.73015873015872,0.7699999999999996,0.014171731200928602,7.709750566893421,1862520719.9999998
2024-10-08,10.56,9.73,10.56,9.45,36841763.0,377582802.0,1.4598540145985384,0.14000000000000057,0.01978059229322292,11.574556830031295,1862520719.9999998
2024-10-09,9.52,9.03,9.66,9.01,21879242.0,209763657.0,-7.194244604316557,-0.7000000000000011,0.011747113342180699,6.680369989722511,1862520719.9999998
2024-10-10,9.06,9.18,9.57,8.84,18761143.0,177749762.0,1.661129568106312,0.15000000000000036,0.010072984852485293,8.084163898117392,1862520719.9999998
2024-10-11,9.04,8.84,9.16,8.75,12328000.0,113300707.0,-3.703703703703698,-0.33999999999999986,0.006618986767567343,4.466230936819174,1862520719.9999998
2024-10-14,8.85,8.77,9.02,8.69,16177609.0,146334822.0,-0.7918552036199178,-0.07000000000000028,0.008685867934934975,3.7330316742081453,1862520719.9999998
2024-10-15,8.74,8.53,8.77,8.5,12890031.0,114771400.0,-2.736602052451542,-0.2400000000000002,0.006920745021295657,3.078677309007977,1862520719.9999998
2024-10-16,8.51,8.64,8.71,8.45,8932639.0,79197182.0,1.2895662368112681,0.11000000000000121,0.004795994430601557,3.048065650644802,1862520719.9999998
2024-10-17,8.65,8.41,8.73,8.4,11123521.0,97680028.0,-2.662037037037046,-0.23000000000000043,0.005972293827689606,3.8194444444444446,1862520719.9999998
2024-10-18,8.48,8.61,8.78,8.36,13866877.0,122027494.0,2.378121284185486,0.1999999999999993,0.007445220260422124,4.994054696789536,1862520719.9999998
2024-10-21,8.69,8.54,8.69,8.49,13094750.0,115332640.0,-0.8130081300813052,-0.07000000000000028,0.007030660040120253,2.3228803716608515,1862520719.9999998
2024-10-22,8.53,8.69,8.7,8.48,13217847.0,117305114.0,1.756440281030458,0.15000000000000036,0.007096751653855427,2.576112412177973,1862520719.9999998
2024-10-23,8.69,9.03,9.15,8.65,23811607.0,220089351.0,3.9125431530494748,0.33999999999999986,0.012784613209564725,5.753739930955121,1862520719.9999998
2024-10-24,9.04,9.16,9.27,8.83,18929881.0,176199988.0,1.439645625692143,0.13000000000000078,0.010163581428506204,4.872646733111844,1862520719.9999998
2024-10-25,9.16,9.25,9.44,9.13,13969165.0,133149791.0,0.9825327510917026,0.08999999999999986,0.007500139380999746,3.3842794759825185,1862520719.9999998
2024-10-28,9.25,9.46,9.47,9.15,13324498.0,128291102.0,2.2702702702702693,0.21000000000000085,0.007154013298708431,3.4594594594594623,1862520719.9999998
2024-10-29,9.45,9.01,9.5,8.99,17651239.0,166788248.0,-4.756871035940813,-0.45000000000000107,0.00947706987120122,5.391120507399575,1862520719.9999998
2024-10-30,9.32,9.35,9.63,9.26,21370201.0,207722517.0,3.7735849056603765,0.33999999999999986,0.011473805778654641,4.106548279689245,1862520719.9999998
2024-10-31,9.7,9.65,9.88,9.57,21149981.0,211131281.0,3.208556149732633,0.3000000000000007,0.011355568167853726,3.31550802139038,1862520719.9999998
2024-11-01,9.67,9.6,9.75,9.42,16901750.0,166974095.0,-0.5181347150259086,-0.05000000000000071,0.009074664146555106,3.419689119170985,1862520719.9999998
2024-11-04,9.59,9.66,9.69,9.5,11876169.0,117582029.0,0.6250000000000089,0.0600000000000005,0.00637639564084957,1.9791666666666616,1862520719.9999998
2024-11-05,9.65,9.75,9.8,9.63,13189923.0,132238612.0,0.9316770186335477,0.08999999999999986,0.007081759068967567,1.7598343685300202,1862520719.9999998
2024-11-06,9.75,9.84,9.92,9.68,14662800.0,148399803.0,0.9230769230769154,0.08999999999999986,0.007872556714429465,2.4615384615384635,1862520719.9999998
2024-11-07,9.76,9.84,9.89,9.71,13967853.0,141251450.0,0.0,0.0,0.007499434959306118,1.829268292682924,1862520719.9999998
2024-11-08,9.97,9.74,10.02,9.62,19574600.0,197101176.0,-1.0162601626016232,-0.09999999999999964,0.01050973542995001,4.065040650406507,1862520719.9999998
2024-11-11,9.79,9.66,9.83,9.57,15957125.0,158362837.0,-0.8213552361396315,-0.08000000000000007,0.008567488580744489,2.6694045174537964,1862520719.9999998
2024-11-12,9.66,9.61,9.75,9.57,13622458.0,135365652.0,-0.5175983436853104,-0.05000000000000071,0.007313990042483931,1.8633540372670776,1862520719.9999998
2024-11-13,9.57,9.61,9.68,9.52,9877540.0,97631242.0,0.0,0.0,0.0053033181826830905,1.6649323621227903,1862520719.9999998
2024-11-14,9.63,9.37,9.65,9.35,9557465.0,93132478.0,-2.4973985431841816,-0.2400000000000002,0.005131467745497081,3.1217481789802366,1862520719.9999998
2024-11-15,9.32,9.3,9.59,9.27,12937357.0,125196382.0,-0.7470651013873897,-0.06999999999999851,0.006946175929362438,3.415154749199576,1862515020.0
2024-11-18,9.32,9.4,9.61,9.32,13574907.0,132664537.0,1.0752688172043001,0.09999999999999964,0.007288481893692326,3.1182795698924637,1862515020.0
2024-11-19,9.41,9.43,9.49,9.28,10174052.0,98301047.0,0.31914893617019935,0.02999999999999936,0.005462534202811422,2.2340425531914985,1862515020.0
2024-11-20,9.43,9.45,9.52,9.35,8667753.0,84251833.0,0.21208907741250282,0.019999999999999574,0.004653789583935811,1.8027571580063622,1862515020.0
2024-11-21,9.45,9.34,9.51,9.25,17052945.0,164456939.0,-1.1640211640211562,-0.10999999999999943,0.008251704551779173,2.7513227513227494,2066596652.0
2024-11-22,9.36,9.04,9.41,9.04,16263758.0,154461853.0,-3.2119914346895206,-0.3000000000000007,0.00786982693708535,3.9614561027837363,2066596652.0
2024-11-25,9.03,9.07,9.16,8.94,11215931.0,104710333.0,0.33185840707965486,0.030000000000001137,0.005427247251729313,2.433628318584078,2066596652.0
2024-11-26,9.07,8.99,9.11,8.95,7668696.0,71318085.0,-0.8820286659316445,-0.08000000000000007,0.0037107850690546846,1.764057331863287,2066596652.0
2024-11-27,8.96,9.12,9.12,8.83,9323462.0,85958802.0,1.4460511679643906,0.129999999999999,0.0045115054217169034,3.2258064516128933,2066596652.0
2024-11-28,9.11,9.04,9.16,9.01,8576375.0,80259851.0,-0.8771929824561431,-0.08000000000000007,0.004149999464917356,1.6447368421052673,2066596652.0
2024-11-29,8.99,9.06,9.14,8.99,8651236.0,80783389.0,0.22123893805310324,0.02000000000000135,0.004186223756642377,1.659292035398234,2066596652.0
2024-12-02,9.06,9.18,9.2,9.04,13989239.0,131383252.0,1.3245033112582627,0.11999999999999922,0.006769215940837593,1.766004415011039,2066596652.0
2024-12-03,9.18,9.16,9.2,9.08,9440014.0,88804544.0,-0.2178649237472685,-0.019999999999999574,0.004567903461405588,1.3071895424836517,2066596652.0
2024-12-04,9.13,9.04,9.18,9.01,9646623.0,90372180.0,-1.310043668122285,-0.120000000000001,0.00466787894515567,1.8558951965065493,2066596652.0
2024-12-05,9.04,9.03,9.08,8.98,6836806.0,63612925.0,-0.11061946902655162,-0.009999999999999787,0.0033082440123879575,1.106194690265483,2066596652.0
2024-12-06,9.09,9.13,9.18,9.05,11698003.0,109919241.0,1.1074197120708895,0.10000000000000142,0.0056605157995775176,1.4396456256921264,2066596652.0
2024-12-09,9.14,9.07,9.19,8.99,15209236.0,142146419.0,-0.657174151150064,-0.0600000000000005,0.007359557069484694,2.190580503833508,2066596652.0
2024-12-10,9.24,9.09,9.28,9.05,18100749.0,169840787.0,0.22050716648289725,0.019999999999999574,0.008758723664089241,2.535832414553458,2066596652.0
2024-12-11,9.1,9.12,9.19,9.06,13598924.0,127954757.0,0.3300330033003229,0.02999999999999936,0.006580347445564331,1.4301430143014193,2066596652.0
2024-12-12,9.15,9.28,9.4,9.1,19070186.0,181955532.0,1.7543859649122862,0.16000000000000014,0.009227821975586942,3.2894736842105345,2066596652.0
2024-12-13,9.27,9.23,9.44,9.22,20717529.0,198155020.0,-0.5387931034482651,-0.049999999999998934,0.010024950432369131,2.3706896551724017,2066596652.0
2024-12-16,9.27,9.18,9.34,9.14,12197958.0,115833095.0,-0.5417118093174467,-0.05000000000000071,0.00590243770510086,2.166847237269765,2066596652.0
2024-12-17,9.21,9.11,9.32,9.09,11877044.0,112440905.0,-0.7625272331154731,-0.07000000000000028,0.005747151476562055,2.505446623093687,2066596652.0
2024-12-18,9.18,9.22,9.38,9.18,16448789.0,156964360.0,1.2074643249176953,0.11000000000000121,0.007959361099361734,2.195389681668508,2066596652.0
2024-12-19,9.12,8.98,9.14,8.91,15338879.0,142375429.0,-2.6030368763557465,-0.2400000000000002,0.007422289678615041,2.4945770065075967,2066596652.0
2024-12-20,8.98,9.22,9.45,8.92,21603600.0,204372546.0,2.6726057906458767,0.2400000000000002,0.010453708990137279,5.902004454342976,2066596652.0
2024-12-23,9.23,9.1,9.32,9.08,15798092.0,149843998.0,-1.3015184381778844,-0.120000000000001,0.007644497045280222,2.6030368763557505,2066596652.0
2024-12-24,9.08,9.25,9.3,9.08,13628688.0,129103535.0,1.6483516483516425,0.15000000000000036,0.006594749868974432,2.4175824175824245,2066596652.0
2024-12-25,9.22,9.22,9.29,9.15,10261795.0,97205273.0,-0.324324324324321,-0.02999999999999936,0.0049655529007408845,1.5135135135135005,2066596652.0
2024-12-26,9.23,9.13,9.26,9.1,10932665.0,103098656.0,-0.9761388286333994,-0.08999999999999986,0.005290178414554017,1.7353579175705003,2066596652.0
2024-12-27,9.12,9.21,9.21,9.03,11860726.0,111428060.0,0.8762322015334112,0.08000000000000007,0.005739255402606739,1.9715224534501803,2066596652.0
2024-12-30,9.21,9.11,9.25,9.07,8956386.0,84295178.0,-1.085776330076016,-0.10000000000000142,0.00433388198482381,1.9543973941368045,2066596652.0
2024-12-31,9.11,8.86,9.16,8.86,11940143.0,110442554.0,-2.7442371020856227,-0.25,0.005777668349426131,3.2930845225027525,2066602352.0
2025-01-02,8.88,8.65,8.96,8.6,10940941.0,99016133.0,-2.3702031602708673,-0.20999999999999908,0.005294168464200025,4.063205417607238,2066602352.0
2025-01-03,8.67,8.6,8.78,8.58,10313654.0,92028714.0,-0.5780346820809301,-0.05000000000000071,0.004990633050436013,2.312138728323691,2066602352.0
2025-01-06,8.6,8.69,8.71,8.54,6642344.0,59093247.0,1.0465116279069653,0.08999999999999986,0.0032141374433120747,1.9767441860465313,2066602352.0
2025-01-07,8.68,8.58,8.72,8.48,8427186.0,74458233.0,-1.2658227848101222,-0.10999999999999943,0.004077797546220929,2.7617951668584606,2066602352.0
2025-01-08,8.58,8.56,8.64,8.43,7891717.0,69355352.0,-0.2331002331002252,-0.019999999999999574,0.0038186915796174416,2.4475524475524573,2066602352.0
2025-01-09,8.55,8.44,8.55,8.43,5932783.0,51770286.0,-1.4018691588785215,-0.120000000000001,0.0028707907906223074,1.4018691588785164,2066602352.0
2025-01-10,8.44,8.26,8.48,8.25,8599043.0,74093024.0,-2.132701421800942,-0.17999999999999972,0.0041609567470384835,2.7251184834123277,2066602352.0
2025-01-13,8.22,8.35,8.37,8.2,6198662.0,53054498.0,1.0895883777239712,0.08999999999999986,0.0029994459234022977,2.0581113801452777,2066602352.0
2025-01-14,8.37,8.44,8.45,8.3,9534313.0,82451385.0,1.0778443113772518,0.08999999999999986,0.004613520830832772,1.7964071856287254,2066602352.0
2025-01-15,8.44,8.34,8.45,8.31,7302601.0,62941122.0,-1.1848341232227444,-0.09999999999999964,0.0035336265793623756,1.6587677725118342,2066602352.0
2025-01-16,8.35,8.3,8.45,8.21,12924871.0,110865436.0,-0.47961630695442237,-0.03999999999999915,0.006254164468307931,2.8776978417266,2066602352.0
2025-01-17,8.27,8.35,8.35,8.22,9078200.0,77593774.0,0.6024096385542022,0.049999999999998934,0.004392814123730369,1.5662650602409518,2066602352.0
2025-01-20,8.35,8.33,8.4,8.22,12891726.0,110287534.0,-0.23952095808382756,-0.019999999999999574,0.0062381260659670435,2.1556886227544876,2066602352.0
2025-01-21,8.34,8.32,8.38,8.26,10007800.0,85790487.0,-0.12004801920768582,-0.009999999999999787,0.004842634573755677,1.4405762304922087,2066602352.0
2025-01-22,8.32,8.24,8.32,8.19,8372311.0,71003858.0,-0.9615384615384581,-0.08000000000000007,0.004051244300529084,1.5625000000000093,2066602352.0
2025-01-23,8.27,8.28,8.4,8.26,9828513.0,84342221.0,0.4854368932038833,0.03999999999999915,0.004755880099762898,1.699029126213599,2066602352.0
2025-01-24,8.28,8.21,8.3,8.19,13733658.0,116508947.0,-0.8454106280193052,-0.06999999999999851,0.006645525195840869,1.328502415458952,2066602352.0
2025-01-27,8.25,8.18,8.31,8.18,11170800.0,94562956.0,-0.3654080389768666,-0.030000000000001137,0.005405394022313588,1.5834348355663916,2066602352.0
2025-02-05,8.22,8.12,8.22,8.08,11854301.0,99444082.0,-0.7334963325183463,-0.0600000000000005,0.005736130605158626,1.711491442542794,2066602352.0
2025-02-06,8.1,8.3,8.31,8.06,20538790.0,173170709.0,2.2167487684729315,0.1800000000000015,0.00993843347759821,3.078817733990148,2066602352.0
2025-02-07,8.31,8.39,8.46,8.3,19499436.0,168333819.0,1.0843373493975905,0.08999999999999986,0.009435504600645107,1.9277108433734955,2066602352.0
2025-02-10,8.4,8.39,8.48,8.31,17381536.0,149850772.0,0.0,0.0,0.00841068238559713,2.02622169249106,2066602352.0
2025-02-11,8.36,8.21,8.36,8.2,14214403.0,120592815.0,-2.1454112038140627,-0.17999999999999972,0.006878150983542479,1.9070321811680588,2066602352.0
2025-02-12,8.21,8.23,8.23,8.14,12039475.0,101501273.0,0.24360535931788885,0.019999999999999574,0.005825733716188087,1.0962241169305706,2066602352.0
2025-02-13,8.24,8.19,8.24,8.18,12281786.0,103839519.0,-0.486026731470246,-0.040000000000000924,0.005942984623100825,0.7290400972053522,2066602352.0
2025-02-14,8.18,8.16,8.2,8.12,11854400.0,99517524.0,-0.3663003663003539,-0.02999999999999936,0.005736178509875228,0.9768009768009777,2066602352.0
2025-02-17,8.18,8.25,8.26,8.11,17898916.0,151103561.0,1.1029411764705843,0.08999999999999986,0.008661035337871327,1.8382352941176512,2066602352.0
2025-02-18,8.29,8.15,8.3,8.12,12182769.0,103130241.0,-1.2121212121212088,-0.09999999999999964,0.005895071680437147,2.1818181818182,2066602352.0
2025-02-19,8.14,8.23,8.23,8.12,9433997.0,79257580.0,0.9815950920245342,0.08000000000000007,0.004564979320220961,1.3496932515337572,2066602352.0
2025-02-20,8.2,8.18,8.25,8.16,9137189.0,77056550.0,-0.607533414337802,-0.05000000000000071,0.0044213580765343095,1.0935601458080175,2066602352.0
2025-02-21,8.17,8.19,8.22,8.13,11043966.0,92879031.0,0.12224938875304847,0.009999999999999787,0.005344020822057015,1.1002444987775044,2066602352.0
2025-02-24,8.19,8.17,8.27,8.13,13141324.0,110856098.0,-0.24420024420024333,-0.019999999999999574,0.006358903050353249,1.7094017094016947,2066602352.0
2025-02-25,8.15,8.08,8.15,8.07,11131175.0,92883458.0,-1.1015911872705009,-0.08999999999999986,0.005386220038522438,0.9791921664626693,2066602352.0
2025-02-26,8.09,8.14,8.15,8.09,9095328.0,76055833.0,0.7425742574257432,0.0600000000000005,0.004401102123588408,0.7425742574257487,2066602352.0
2025-02-27,8.16,8.11,8.18,8.06,10016773.0,83591620.0,-0.3685503685503799,-0.030000000000001137,0.004846976483069443,1.4742014742014646,2066602352.0
2025-02-28,8.1,8.05,8.12,8.04,10154051.0,84486019.0,-0.7398273736128114,-0.05999999999999872,0.0049134033889844326,0.9864364981504324,2066602352.0
2025-03-03,8.06,8.03,8.09,8.01,11557200.0,95784503.0,-0.2484472049689601,-0.02000000000000135,0.005592367582866275,0.9937888198757772,2066602352.0
2025-03-04,8.02,8.0,8.02,7.97,8272533.0,68104183.0,-0.37359900373598043,-0.02999999999999936,0.00400296312059941,0.6226650062266479,2066602352.0
2025-03-05,8.0,7.95,8.01,7.91,8174334.0,66875946.0,-0.6249999999999978,-0.04999999999999982,0.003955445996705224,1.2499999999999956,2066602352.0
2025-03-06,7.98,8.12,8.19,7.95,17868060.0,148492578.0,2.138364779874191,0.16999999999999904,0.008646104550644584,3.0188679245282932,2066602352.0
2025-03-07,8.08,8.05,8.09,8.03,7435803.0,61698051.0,-0.8620689655172264,-0.06999999999999851,0.0035980811658342677,0.7389162561576417,2066602352.0
2025-03-10,8.07,8.04,8.09,8.01,6452131.0,53453067.0,-0.12422360248449671,-0.010000000000001563,0.003122096030596214,0.9937888198757772,2066602352.0
2025-03-11,8.01,8.08,8.08,7.97,7683786.0,63689976.0,0.4975124378109541,0.040000000000000924,0.0037180766742880393,1.3681592039801036,2066602352.0
2025-03-12,8.09,8.15,8.17,8.06,10730289.0,89803040.0,0.8663366336633782,0.07000000000000028,0.005192236904993128,1.3613861386138542,2066602352.0
2025-03-13,8.15,8.24,8.24,8.13,17144638.0,144968155.0,1.104294478527601,0.08999999999999986,0.008296050753744618,1.3496932515337352,2066602352.0
2025-03-14,8.24,8.25,8.26,8.19,12823677.0,108696627.0,0.12135922330096527,0.009999999999999787,0.0062051981057650515,0.8495145631067995,2066602352.0
2025-03-17,8.25,8.25,8.31,8.24,12078151.0,102943476.0,0.0,0.0,0.005844448492140301,0.8484848484848518,2066602352.0
2025-03-18,8.26,8.25,8.28,8.21,10761846.0,91277162.0,0.0,0.0,0.0052075068963242915,0.8484848484848304,2066602352.0
2025-03-19,8.3,8.38,8.47,8.24,23100670.0,199592016.0,1.575757575757586,0.13000000000000078,0.011178091410591794,2.787878787878793,2066602352.0
2025-03-20,8.42,8.42,8.53,8.39,16829224.0,146374342.0,0.4773269689737347,0.03999999999999915,0.008143426326653092,1.6706443914081,2066602352.0
2025-03-21,8.38,8.46,8.54,8.38,16700094.0,145454728.0,0.47505938242280443,0.040000000000000924,0.008080942124080191,1.900237529691192,2066602352.0
2025-03-24,8.48,8.47,8.51,8.36,13504630.0,117296961.0,0.11820330969267712,0.009999999999999787,0.006534701747015141,1.7730496453900748,2066602352.0
2025-03-25,8.47,8.49,8.55,8.41,17914371.0,156698095.0,0.23612750885477762,0.019999999999999574,0.008668513796407408,1.6528925619834778,2066602352.0
2025-03-26,8.52,8.43,8.52,8.39,12775745.0,111032579.0,-0.7067137809187329,-0.0600000000000005,0.0061820044807536344,1.5312131919905654,2066602352.0
2025-03-27,8.42,8.36,8.47,8.33,13602345.0,117228284.0,-0.8303677342823335,-0.07000000000000028,0.00658198467007261,1.660735468564657,2066602352.0
2025-03-28,8.38,8.32,8.39,8.3,8556524.0,73493758.0,-0.4784688995215225,-0.03999999999999915,0.004140382397087294,1.0765550239234434,2066602352.0
2025-03-31,8.31,8.24,8.39,8.21,10161100.0,86806419.0,-0.9615384615384581,-0.08000000000000007,0.004916814301583646,2.1634615384615348,2066602352.0
2025-04-01,8.26,8.47,8.5,8.25,16406942.0,142306418.0,2.7912621359223344,0.23000000000000043,0.007939089967705601,3.033980582524272,2066602352.0
2025-04-02,8.47,8.42,8.47,8.38,9030058.0,78252726.0,-0.5903187721369663,-0.05000000000000071,0.004369518882653435,1.0625737898465155,2066602352.0
2025-04-03,8.36,8.52,8.52,8.33,13189137.0,114975142.0,1.187648456057011,0.09999999999999964,0.00638203909292754,2.2565320665083077,2066602352.0
2025-04-07,8.16,7.68,8.25,7.66,29088631.0,237354000.0,-9.859154929577462,-0.8399999999999999,0.014075582064371909,6.92488262910798,2066602352.0
2025-04-08,7.77,7.97,8.01,7.77,19881712.0,162407670.0,3.776041666666674,0.29000000000000004,0.009620482615225438,3.1250000000000027,2066602352.0
2025-04-09,7.87,8.01,8.08,7.74,19021116.0,154879996.0,0.5018820577164407,0.040000000000000036,0.009204052236557214,4.26599749058971,2066602352.0
2025-04-10,8.14,8.03,8.14,7.99,17235326.0,143089986.0,0.24968789013732895,0.019999999999999574,0.008339933409695452,1.8726591760299671,2066602352.0
2025-04-11,7.94,8.03,8.03,7.9,10940310.0,89951677.0,0.0,0.0,0.005293863132117446,1.618929016189278,2066602352.0
2025-04-14,8.04,8.11,8.12,8.03,12215900.0,101750509.0,0.9962640099626441,0.08000000000000007,0.005911103308373666,1.1207970112079684,2066602352.0
2025-04-15,8.12,8.09,8.12,8.02,8548900.0,71001919.0,-0.2466091245376001,-0.019999999999999574,0.004136693250022973,1.233045622688035,2066602352.0
2025-04-16,8.15,8.13,8.22,8.08,11028800.0,92449880.0,0.49443757725589066,0.040000000000000924,0.005336682206582527,1.7305315203955574,2066602352.0
2025-04-17,8.11,8.17,8.19,8.06,8387700.0,70432539.0,0.49200492004919383,0.03999999999999915,0.0040586908225874315,1.5990159901598893,2066602352.0
2025-04-18,8.17,8.12,8.17,8.06,6982510.0,58256876.0,-0.6119951040391758,-0.05000000000000071,0.003378739017325961,1.346389228886162,2066602352.0
2025-04-21,8.19,8.42,8.46,8.14,17375427.0,149480931.0,3.6945812807881895,0.3000000000000007,0.008407726325862615,3.9408866995073932,2066602352.0
2025-04-22,8.37,8.4,8.47,8.35,12409717.0,107637461.0,-0.23752969121139111,-0.019999999999999574,0.006004888646328222,1.4251781472684204,2066602352.0
2025-04-23,8.4,8.35,8.44,8.3,8545300.0,73428182.0,-0.5952380952381042,-0.05000000000000071,0.0041349512603283825,1.666666666666652,2066602352.0
2025-04-24,8.34,8.46,8.52,8.33,11763027.0,102332638.0,1.3173652694610904,0.11000000000000121,0.005691964391996395,2.2754491017964016,2066602352.0
2025-04-25,8.46,8.63,8.71,8.46,22265956.0,197790536.0,2.009456264775422,0.16999999999999993,0.010774184970055624,2.9550827423167845,2066602352.0
2025-04-28,8.66,8.6,8.69,8.52,17129500.0,151748492.0,-0.34762456546930665,-0.030000000000001137,0.008288725687078866,1.9698725376593271,2066602352.0
2025-04-29,8.58,8.37,8.58,8.36,16614500.0,143911357.0,-2.674418604651163,-0.23000000000000043,0.008039524383547204,2.5581395348837286,2066602352.0
2025-04-30,8.4,8.32,8.46,8.3,13556646.0,116894881.0,-0.5973715651134914,-0.049999999999998934,0.006559871562557866,1.911589008363204,2066602352.0
2025-05-06,8.35,8.37,8.4,8.28,12870624.0,110581583.0,0.6009615384615197,0.049999999999998934,0.006227915103040587,1.4423076923077043,2066602352.0
2025-05-07,8.42,8.37,8.46,8.33,11296005.0,97552494.0,0.0,0.0,0.005465978972233358,1.553166069295111,2066602352.0
2025-05-08,8.35,8.35,8.41,8.32,10373700.0,89378557.0,-0.2389486260453988,-0.019999999999999574,0.005019688470769727,1.0752688172042995,2066602352.0
2025-05-09,8.37,8.34,8.39,8.33,8237500.0,70891728.0,-0.11976047904190823,-0.009999999999999787,0.003986011141440915,0.718562874251503,2066602352.0
2025-05-12,8.39,8.35,8.39,8.3,9769558.0,83847950.0,0.11990407673860837,0.009999999999999787,0.004727352599083851,1.0791366906474804,2066602352.0
2025-05-13,8.37,8.31,8.38,8.28,9716400.0,83270706.0,-0.4790419161676551,-0.03999999999999915,0.004701630185699121,1.1976047904191787,2066602352.0
2025-05-14,8.31,8.33,8.35,8.24,12645501.0,108074747.0,0.24067388688326918,0.019999999999999574,0.006118981229147464,1.3237063778579954,2066602352.0
2025-05-15,8.34,8.32,8.39,8.31,8865601.0,76205608.0,-0.12004801920768582,-0.009999999999999787,0.0042899404384303145,0.9603841536614653,2066602352.0
2025-05-16,8.29,8.26,8.36,8.26,8477200.0,72482770.0,-0.7211538461538547,-0.0600000000000005,0.0041019986219390505,1.2019230769230727,2066602352.0
2025-05-19,8.28,8.29,8.3,8.24,5704319.0,48619021.0,0.363196125907983,0.02999999999999936,0.002760240253515399,0.7263922518159867,2066602352.0
2025-05-20,8.3,8.37,8.38,8.24,11473805.0,98425035.0,0.965018094089265,0.08000000000000007,0.005552013907705066,1.6887816646562193,2066602352.0
2025-05-21,8.36,8.4,8.44,8.34,10522734.0,91148547.0,0.35842293906811484,0.030000000000001137,0.005091803940809605,1.194743130226997,2066602352.0
2025-05-22,8.38,8.22,8.38,8.21,11385889.0,97074494.0,-2.1428571428571352,-0.17999999999999972,0.0055094725838190665,2.023809523809523,2066602352.0
2025-05-23,8.21,8.16,8.3,8.15,7853600.0,66470671.0,-0.7299270072992803,-0.0600000000000005,0.0038002472959539147,1.8248175182481792,2066602352.0
2025-05-26,8.18,8.2,8.25,8.13,5206100.0,43943805.0,0.4901960784313708,0.03999999999999915,0.0025191590413906582,1.470588235294108,2066602352.0
2025-05-27,8.2,8.19,8.21,8.13,4345743.0,36567503.0,-0.12195121951219523,-0.009999999999999787,0.0021028443114827155,0.9756097560975618,2066602352.0
2025-05-28,8.19,8.12,8.19,8.11,4958901.0,41568191.0,-0.8547008547008628,-0.07000000000000028,0.0023995428995814867,0.9768009768009777,2066602352.0
2025-05-29,8.13,8.24,8.27,8.11,7703080.0,65089819.0,1.4778325123152802,0.120000000000001,0.0037274127712789906,1.9704433497536966,2066602352.0
2025-05-30,8.28,8.3,8.38,8.23,11147514.0,95227025.0,0.728155339805836,0.0600000000000005,0.005394126252305746,1.8203883495145674,2066602352.0
2025-06-03,8.34,8.3,8.38,8.29,8803000.0,75472971.0,0.0,0.0,0.0042596486892994695,1.08433734939761,2066602352.0
2025-06-04,8.33,8.32,8.35,8.29,6909600.0,59189387.0,0.24096385542167198,0.019999999999999574,0.0033434588871502457,0.7228915662650661,2066602352.0
2025-06-05,8.39,8.33,8.45,8.32,9035400.0,77940588.0,0.12019230769231282,0.009999999999999787,0.004372103801805796,1.562499999999988,2066602352.0
2025-06-06,8.34,8.32,8.38,8.3,6572200.0,56409322.0,-0.12004801920768582,-0.009999999999999787,0.003180195741885036,0.9603841536614653,2066602352.0
2025-06-09,8.33,8.32,8.35,8.3,7259600.0,62276665.0,0.0,0.0,0.003512818996346521,0.6009615384615257,2066602352.0
2025-06-10,8.33,8.32,8.37,8.29,9907927.0,85045416.0,0.0,0.0,0.004794307424653507,0.9615384615384623,2066602352.0
2025-06-11,8.33,8.32,8.35,8.29,6374062.0,54671650.0,0.0,0.0,0.0030843195324109455,0.7211538461538521,2066602352.0
2025-06-12,8.31,8.26,8.32,8.23,9110199.0,77582281.0,-0.7211538461538547,-0.0600000000000005,0.004408297992685145,1.0817307692307674,2066602352.0
2025-06-13,8.24,8.19,8.3,8.19,13176963.0,111660206.0,-0.8474576271186529,-0.07000000000000028,0.0063761482644436665,1.3317191283293124,2066602352.0
2025-06-16,8.19,8.16,8.23,8.15,6591500.0,55477070.0,-0.3663003663003539,-0.02999999999999936,0.003189534742192145,0.9768009768009777,2066602352.0
2025-06-17,8.16,8.24,8.24,8.14,6026100.0,50848107.0,0.9803921568627416,0.08000000000000007,0.0029159455829362185,1.225490196078427,2066602352.0
2025-06-18,8.21,8.15,8.24,8.14,6496947.0,54628671.0,-1.0922330097087318,-0.08999999999999986,0.003143781866749758,1.2135922330097044,2066602352.0
2025-06-19,8.15,8.04,8.15,7.99,9401218.0,78016093.0,-1.3496932515337567,-0.11000000000000121,0.004549118020165691,1.9631901840490813,2066602352.0
2025-06-20,8.05,8.04,8.09,8.03,4858053.0,40312323.0,0.0,0.0,0.002350743961603698,0.7462686567164242,2066602352.0
2025-06-23,8.0,8.04,8.06,7.99,6287500.0,51972564.0,0.0,0.0,0.0030424333902045225,0.8706467661691579,2066602352.0
2025-06-24,8.05,8.12,8.13,8.03,7674473.0,63950123.0,0.995024875621886,0.08000000000000007,0.0037135702437253396,1.2437810945273808,2066602352.0
2025-06-25,8.16,8.22,8.23,8.13,9500600.0,78026833.0,1.2315270935960854,0.10000000000000142,0.00459720758122896,1.2315270935960547,2066602352.0
2025-06-26,8.22,8.2,8.24,8.16,7423077.0,61208815.0,-0.24330900243311193,-0.02000000000000135,0.003591923232263891,0.9732360097323608,2066602352.0
2025-06-27,8.2,8.21,8.26,8.19,5740912.0,47453506.0,0.12195121951221743,0.010000000000001563,0.002777947094874883,0.8536585365853694,2066602352.0
2025-06-30,8.23,8.32,8.35,8.18,11253500.0,93279544.0,1.3398294762484664,0.10999999999999943,0.005445411396686536,2.070645554202191,2066602352.0
2025-07-01,8.3,8.35,8.38,8.29,9026800.0,75698718.0,0.36057692307691624,0.02999999999999936,0.00436794238197983,1.0817307692307887,2066602352.0
2025-07-02,8.36,8.36,8.36,8.32,8924609.0,74826590.0,0.11976047904191933,0.009999999999999787,0.004318493585068754,0.4790419161676545,2066602352.0
2025-07-03,8.38,8.46,8.47,8.32,15232816.0,128500395.0,1.1961722488038395,0.10000000000000142,0.0073709468032193545,1.7942583732057462,2066602352.0
2025-07-04,8.46,8.42,8.61,8.41,16624398.0,142073138.0,-0.47281323877069736,-0.040000000000000924,0.008044313887435274,2.3640661938534193,2066602352.0
2025-07-07,8.51,8.55,8.56,8.43,21869178.0,186763497.0,1.5439429928741255,0.13000000000000078,0.010582189640322252,1.5439429928741186,2066602352.0
2025-07-08,8.55,8.48,8.55,8.41,19382703.0,164868257.0,-0.8187134502923965,-0.07000000000000028,0.009379019133139939,1.6374269005848017,2066602352.0
2025-07-09,8.48,8.54,8.68,8.46,17861034.0,154012056.0,0.7075471698112956,0.05999999999999872,0.008642704767423974,2.594339622641496,2066602352.0
2025-07-10,8.56,8.59,8.64,8.53,12930921.0,111639877.0,0.5854800936768267,0.05000000000000071,0.006257091978766895,1.2880562060890073,2066602352.0
2025-07-11,8.59,8.56,8.6,8.51,12455284.0,107110240.0,-0.34924330616995514,-0.02999999999999936,0.006026937880887499,1.0477299185098936,2066602352.0
2025-07-14,8.56,8.63,8.65,8.54,13007693.0,112569527.0,0.8177570093457875,0.07000000000000028,0.006294240876776085,1.2850467289719767,2066602352.0
2025-07-15,8.71,8.6,8.77,8.54,17263200.0,149602131.0,-0.34762456546930665,-0.030000000000001137,0.008353421248791843,2.665121668597919,2066602352.0
2025-07-16,8.62,8.52,8.64,8.51,11927795.0,102736877.0,-0.9302325581395321,-0.08000000000000007,0.005771693324773687,1.5116279069767533,2066602352.0
2025-07-17,8.52,8.54,8.55,8.48,9255634.0,79201398.0,0.23474178403755097,0.019999999999999574,0.00447867195691646,0.8215962441314587,2066602352.0
2025-07-18,8.54,8.59,8.59,8.52,8330500.0,71599407.0,0.5854800936768267,0.05000000000000071,0.004031012541884497,0.8196721311475443,2066602352.0
2025-07-21,8.58,8.73,8.75,8.56,17850768.0,155686190.0,1.6298020954598424,0.14000000000000057,0.008637737193478235,2.211874272409773,2066602352.0
2025-07-22,8.76,8.83,8.83,8.69,18367449.0,162026946.0,1.145475372279492,0.09999999999999964,0.008887751909420066,1.603665521191301,2066602352.0
2025-07-23,8.84,8.71,8.86,8.7,15389147.0,135967967.0,-1.3590033975084848,-0.11999999999999922,0.007446593189592963,1.8120045300113266,2066602352.0
2025-07-24,8.72,8.85,8.85,8.66,17456199.0,153630868.0,1.6073478760045834,0.1399999999999988,0.008446810767976905,2.1814006888633695,2066602352.0
2025-07-25,8.86,8.79,8.87,8.77,10913800.0,96674771.0,-0.6779661016949157,-0.0600000000000005,0.005281035313560893,1.1299435028248548,2066602352.0
2025-07-28,8.79,8.79,8.83,8.7,13289461.0,117144628.0,0.0,0.0,0.00643058447462756,1.478953356086471,2066602352.0
2025-07-29,8.8,8.8,8.81,8.69,9164100.0,80526633.0,0.11376564277589818,0.010000000000001563,0.004434379933387398,1.3651877133105916,2066602352.0
2025-07-30,8.8,8.82,8.93,8.79,17317125.0,154293448.0,0.2272727272727204,0.019999999999999574,0.008379514802758727,1.5909090909090973,2066602352.0
2025-07-31,8.81,8.6,8.81,8.58,19303384.0,167946564.0,-2.4943310657596474,-0.22000000000000064,0.009340637777421827,2.6077097505668982,2066602352.0
2025-08-01,8.6,8.65,8.72,8.6,10377601.0,90342568.0,0.5813953488372103,0.05000000000000071,0.005021576110158225,1.395348837209314,2066602352.0
2025-08-04,8.61,8.64,8.69,8.6,10684000.0,92717592.0,-0.11560693641617936,-0.009999999999999787,0.005169838304722882,1.040462427745663,2066602352.0
2025-08-05,8.65,8.63,8.67,8.6,11023123.0,95506609.0,-0.11574074074073293,-0.009999999999999787,0.005333935185611364,0.8101851851851885,2066602352.0
2025-08-06,8.64,8.68,8.69,8.62,9411123.0,81876976.0,0.5793742757821407,0.049999999999998934,0.004553910911255945,0.8111239860950206,2066602352.0
2025-08-07,8.69,8.65,8.69,8.61,8072563.0,70118631.0,-0.3456221198156584,-0.02999999999999936,0.0039062004319251834,0.9216589861751161,2066602352.0
2025-08-08,8.62,8.75,8.79,8.62,13354323.0,117265953.0,1.156069364161838,0.09999999999999964,0.006461970290063814,1.9653179190751435,2066602352.0
2025-08-11,8.77,8.75,8.82,8.71,12108700.0,106354416.0,0.0,0.0,0.005859230726356978,1.2571428571428507,2066602352.0
2025-08-12,8.75,8.75,8.78,8.73,10093422.0,88766735.0,0.0,0.0,0.004884065863097402,0.5714285714285593,2066602352.0
2025-08-13,8.76,8.9,9.1,8.72,28824994.0,257412081.0,1.7142857142857126,0.15000000000000036,0.013948011804062826,4.342857142857132,2066602352.0
2025-08-14,8.91,8.77,8.95,8.75,16788639.0,149009653.0,-1.4606741573033766,-0.13000000000000078,0.008123787812276718,2.2471910112359472,2066602352.0
2025-08-15,8.76,8.86,8.86,8.74,14616800.0,129582511.0,1.026225769669331,0.08999999999999986,0.0070728652688574895,1.3683010262257609,2066602352.0
2025-08-18,8.86,8.97,9.15,8.83,28360904.0,255411150.0,1.2415349887133331,0.11000000000000121,0.013723445138128827,3.6117381489842018,2066602352.0
2025-08-19,8.98,8.96,9.07,8.93,17084901.0,154444849.0,-0.11148272017836858,-0.009999999999999787,0.008267144854193024,1.5607580824972191,2066602352.0
2025-08-20,8.94,8.99,9.01,8.9,14653037.0,131977997.0,0.33482142857141906,0.02999999999999936,0.007090399846791619,1.227678571428565,2066602352.0
2025-08-21,9.0,9.02,9.08,8.98,14135402.0,128293903.0,0.33370411568409697,0.02999999999999936,0.006839923503580722,1.1123470522803074,2066602352.0
2025-08-22,9.02,9.0,9.05,8.9,15867048.0,143010734.0,-0.22172949002217113,-0.019999999999999574,0.007677842805435847,1.6629711751663012,2066602352.0
2025-08-25,9.04,9.07,9.14,8.98,22809823.0,207721960.0,0.7777777777777883,0.07000000000000028,0.011037354611507769,1.7777777777777795,2066602352.0
2025-08-26,9.1,9.05,9.13,9.03,14199400.0,129307187.0,-0.22050716648290836,-0.019999999999999574,0.006870891241490274,1.102535832414569,2066602352.0
2025-08-27,9.06,8.87,9.13,8.87,20651521.0,187291178.0,-1.9889502762431066,-0.1800000000000015,0.009992982433226225,2.872928176795597,2066602352.0
2025-08-28,8.88,9.0,9.01,8.79,20489201.0,183433678.0,1.4656144306651742,0.13000000000000078,0.009914438053441256,2.4802705749718226,2066602352.0
2025-08-29,9.04,8.85,9.09,8.83,20787290.0,186824529.0,-1.6666666666666718,-0.15000000000000036,0.010058679155127566,2.8888888888888866,2066602352.0
2025-09-01,8.87,8.88,9.02,8.82,19187863.0,171827310.0,0.3389830508474745,0.030000000000001137,0.009284738779780505,2.2598870056497096,2066602352.0
2025-09-02,8.87,8.83,8.97,8.8,17110851.0,152366028.0,-0.563063063063074,-0.05000000000000071,0.008279701696574862,1.9144144144144135,2066602352.0
2025-09-03,8.84,8.77,8.88,8.73,12176201.0,107495927.0,-0.6795016987542479,-0.0600000000000005,0.005891893517016572,1.6987542468856212,2066602352.0
2025-09-04,8.77,8.76,8.81,8.67,14474209.0,127271694.0,-0.11402508551880963,-0.009999999999999787,0.007003867476484901,1.5963511972634046,2066602352.0
2025-09-05,8.75,9.0,9.03,8.75,23865791.0,214008742.0,2.7397260273972712,0.2400000000000002,0.011548322770901405,3.1963470319634633,2066602352.0
2025-09-08,9.07,9.33,9.51,9.05,50455443.0,470260437.0,3.6666666666666625,0.33000000000000007,0.024414683817218456,5.111111111111101,2066602352.0
2025-09-09,9.38,9.27,9.4,9.2,25533934.0,238609554.0,-0.6430868167202619,-0.0600000000000005,0.012355513858429984,2.143622722400869,2066602352.0
2025-09-10,9.26,9.22,9.29,9.12,16609297.0,153419163.0,-0.5393743257820827,-0.049999999999998934,0.008037006724552494,1.8338727076591146,2066602352.0
2025-09-11,9.23,9.25,9.27,9.17,20767298.0,192712078.0,0.32537960954446277,0.02999999999999936,0.010049005305690275,1.0845986984815579,2066602352.0
2025-09-12,9.26,9.13,9.29,9.12,19227712.0,177585812.0,-1.297297297297284,-0.11999999999999922,0.009304021154041539,1.837837837837837,2066602352.0
2025-09-15,9.13,9.04,9.17,8.98,20516100.0,186510141.0,-0.9857612267251015,-0.09000000000000163,0.009927454103662029,2.0810514786418346,2066602352.0
2025-09-16,9.04,8.95,9.08,8.87,19552000.0,175641069.0,-0.9955752212389313,-0.08999999999999986,0.00946093958573023,2.3230088495575316,2066602352.0
2025-09-17,8.96,8.99,9.06,8.9,15693028.0,141557470.0,0.4469273743016755,0.040000000000000924,0.007593636959143459,1.7877094972067056,2066602352.0
2025-09-18,8.99,8.85,9.02,8.77,20689320.0,184790069.0,-1.5572858731924377,-0.14000000000000057,0.010011272841133397,2.7808676307007785,2066602352.0
2025-09-19,8.85,8.83,8.87,8.76,13863002.0,122626880.0,-0.2259887005649719,-0.019999999999999574,0.006708112950023392,1.2429378531073383,2066602352.0
2025-09-22,8.84,8.83,8.85,8.78,12346683.0,109338314.0,0.0,0.0,0.005974387374547999,0.792751981879958,2066602352.0
2025-09-23,8.85,8.88,8.92,8.75,17728100.0,157261064.0,0.5662514156285381,0.05000000000000071,0.008578379862407124,1.925254813137032,2066602352.0
2025-09-24,8.87,8.89,8.92,8.8,14850663.0,132302829.0,0.11261261261261701,0.009999999999999787,0.007186028306620257,1.3513513513513424,2066602352.0
2025-09-25,8.9,8.83,8.95,8.8,15626801.0,139184861.0,-0.6749156355455588,-0.0600000000000005,0.00756159063928134,1.6872890888638759,2066602352.0
2025-09-26,8.81,8.98,9.03,8.79,20985373.0,189041174.0,1.6987542468856143,0.15000000000000036,0.010154528750870211,2.71800679501699,2066602352.0
2025-09-29,8.99,9.06,9.09,8.88,20088191.0,182126527.0,0.8908685968819663,0.08000000000000007,0.009720394918044687,2.3385300668151343,2066602352.0
2025-09-30,9.06,9.05,9.09,8.97,14750534.0,134071259.0,-0.11037527593819041,-0.009999999999999787,0.00713757728269536,1.3245033112582694,2066602352.0
2025-10-09,9.07,9.37,9.37,9.05,36284827.0,338749499.0,3.535911602209918,0.3199999999999985,0.017557720751108483,3.5359116022099277,2066602352.0
2025-10-10,9.35,9.44,9.47,9.28,30963621.0,292766203.0,0.7470651013874008,0.07000000000000028,0.014982863524777406,2.02774813233726,2066602352.0
2025-10-13,9.26,9.26,9.33,9.12,26926200.0,249645974.0,-1.906779661016944,-0.17999999999999972,0.013029211920687876,2.2245762711864496,2066602352.0
2025-10-14,9.38,9.32,9.51,9.29,27288962.0,257692993.0,0.6479481641468832,0.0600000000000005,0.013204747383351473,2.3758099352051905,2066602352.0
2025-10-15,8.96,8.95,9.07,8.82,51120937.0,459038131.0,-3.9699570815450724,-0.370000000000001,0.02473670706438836,2.682403433476395,2066602352.0
2025-10-16,8.95,8.8,8.98,8.76,27350158.0,242814892.0,-1.6759776536312665,-0.14999999999999858,0.013234359272615402,2.4581005586592255,2066602352.0
2025-10-17,8.8,8.81,8.88,8.74,23889359.0,211329761.0,0.11363636363637131,0.009999999999999787,0.011559726996768655,1.5909090909090973,2066602352.0
2025-10-20,8.82,8.72,8.83,8.66,21847801.0,191019718.0,-1.0215664018161208,-0.08999999999999986,0.01057184560873857,1.9296254256526666,2066602352.0
2025-10-21,8.73,8.83,8.86,8.72,15804941.0,139806842.0,1.261467889908241,0.10999999999999943,0.007647790096001981,1.6055045871559492,2066602352.0
2025-10-22,8.83,8.8,8.86,8.78,11091700.0,98291855.0,-0.3397508493771184,-0.02999999999999936,0.005367118637635229,0.9060022650056633,2066602352.0
2025-10-23,8.8,8.91,8.94,8.79,18590883.0,165781403.0,1.2499999999999956,0.10999999999999943,0.008995868499814812,1.7045454545454586,2066602352.0
2025-10-24,8.93,8.84,8.94,8.81,14629802.0,130041778.0,-0.7856341189674598,-0.07000000000000028,0.007079156754971118,1.4590347923681146,2066602352.0
2025-10-27,8.83,8.83,8.86,8.76,17672417.0,156674190.0,-0.11312217194570096,-0.009999999999999787,0.00855143563680605,1.1312217194570096,2066602352.0
2025-10-28,8.86,8.77,8.87,8.75,18527753.0,162792536.0,-0.6795016987542479,-0.0600000000000005,0.008965320774976065,1.359003397508485,2066602352.0
2025-10-29,8.77,8.8,8.83,8.72,11687600.0,102610035.0,0.3420752565564511,0.030000000000001137,0.005655466320692545,1.2542759407069493,2066602352.0
2025-10-30,8.82,8.79,8.86,8.77,16967134.0,149462603.0,-0.11363636363638241,-0.010000000000001563,0.008210159048536687,1.022727272727271,2066602352.0
2025-10-31,8.79,8.71,8.8,8.7,17973079.0,156855874.0,-0.91012514220703,-0.0799999999999983,0.008696921777237967,1.137656427758833,2066602352.0
2025-11-03,8.71,8.66,8.72,8.6,16834671.0,145493763.0,-0.5740528128587941,-0.05000000000000071,0.008146062053838212,1.3777267508610904,2066602352.0
2025-11-04,8.66,8.63,8.69,8.61,10068973.0,87138455.0,-0.34642032332562467,-0.02999999999999936,0.004872235333641002,0.9237875288683611,2066602352.0
2025-11-05,8.6,8.71,8.76,8.57,16453859.0,142749801.0,0.9269988412514474,0.08000000000000007,0.007961792448400349,2.201622247972184,2066602352.0
2025-11-06,8.72,8.79,8.85,8.71,15894406.0,139914552.0,0.918484500574035,0.0799999999999983,0.00769108095934268,1.6073478760045785,2066602352.0
2025-11-07,8.8,8.82,8.89,8.79,14917065.0,132004080.0,0.34129692832765013,0.030000000000001137,0.007218159306536975,1.137656427758833,2066602352.0
2025-11-10,8.84,8.87,8.92,8.83,15471941.0,137308830.0,0.5668934240362633,0.049999999999998934,0.007486656049252382,1.0204081632653046,2066602352.0
2025-11-11,8.91,8.91,8.93,8.85,15823009.0,140713797.0,0.4509582863585271,0.040000000000000924,0.007656532948724719,0.9019165727170245,2066602352.0
2025-11-12,8.9,8.87,8.91,8.85,11959181.0,106136725.0,-0.44893378226712466,-0.040000000000000924,0.0057868805715943555,0.673400673400679,2066602352.0
2025-11-13,8.88,8.88,8.91,8.84,12706700.0,112799282.0,0.11273957158963732,0.010000000000001563,0.006148594570069472,0.789177001127399,2066602352.0
2025-11-14,8.88,8.88,8.94,8.87,14076700.0,125348413.0,0.0,0.0,0.006811518426066323,0.7882882882882913,2066602352.0
2025-11-17,8.88,8.71,8.89,8.71,17582079.0,153780862.0,-1.9144144144144115,-0.16999999999999993,0.008507722340964412,2.0270270270270236,2066602352.0
2025-11-18,8.73,8.65,8.73,8.6,13444510.0,116081328.0,-0.6888633754305484,-0.0600000000000005,0.006505610519115484,1.4925373134328446,2066602352.0
2025-11-19,8.63,8.63,8.65,8.58,10386413.0,89480418.0,-0.23121387283236983,-0.019999999999999574,0.005025840113821761,0.8092485549132981,2066602352.0
2025-11-20,8.65,8.62,8.69,8.6,11590770.0,100159947.0,-0.11587485515645035,-0.010000000000001563,0.005608611636768329,1.0428736964078777,2066602352.0
2025-11-21,8.62,8.34,8.63,8.32,19495950.0,165334179.0,-3.24825986078886,-0.27999999999999936,0.009433817773957513,3.5962877030162472,2066602352.0
2025-11-24,8.38,8.38,8.45,8.35,7888000.0,66177971.0,0.4796163069544557,0.040000000000000924,0.003816892975257777,1.199040767386087,2066602352.0
2025-11-25,8.4,8.37,8.43,8.36,10735909.0,90091760.0,-0.11933174224345588,-0.010000000000001563,0.005194956344460795,0.8353221957040605,2066602352.0
2025-11-26,8.39,8.32,8.4,8.31,9627169.0,80484262.0,-0.5973715651134914,-0.049999999999998934,0.00465845255168857,1.0752688172042995,2066602352.0
2025-11-27,8.32,8.31,8.35,8.28,7673344.0,63872205.0,-0.12019230769230171,-0.009999999999999787,0.003713023936401675,0.8413461538461573,2066602352.0
2025-11-28,8.33,8.34,8.35,8.29,5785800.0,48157050.0,0.3610108303248927,0.02999999999999936,0.0027996677708223183,0.7220216606498254,2066602352.0
2025-12-01,8.35,8.39,8.4,8.32,6503844.0,54499675.0,0.599520383693064,0.05000000000000071,0.003147119228672977,0.9592326139088737,2066602352.0
2025-12-02,8.41,8.39,8.43,8.37,6109200.0,51286691.0,0.0,0.0,0.0029561565117196768,0.7151370679380273,2066602352.0
2025-12-03,8.39,8.41,8.45,8.35,7017196.0,58883237.0,0.23837902264600697,0.019999999999999574,0.003395523088033338,1.1918951132300313,2066602352.0
2025-12-04,8.41,8.43,8.44,8.34,6953646.0,58332961.0,0.23781212841853527,0.019999999999999574,0.0033647721310635574,1.1890606420927425,2066602352.0
2025-12-05,8.44,8.45,8.45,8.37,6041258.0,50868077.0,0.23724792408066353,0.019999999999999574,0.002923280327322496,0.9489916963226581,2066602352.0
2025-12-08,8.45,8.39,8.5,8.39,11421815.0,96305277.0,-0.7100591715976212,-0.05999999999999872,0.005526856673199024,1.3017751479289874,2066602352.0
2025-12-09,8.4,8.29,8.43,8.28,9165200.0,76507918.0,-1.191895113230057,-0.10000000000000142,0.0044349122080163,1.7878426698450578,2066602352.0
2025-12-10,8.3,8.33,8.35,8.28,5719221.0,47518724.0,0.4825090470446325,0.040000000000000924,0.00276745112307895,0.8443908323281096,2066602352.0
2025-12-11,8.33,8.3,8.36,8.29,7746342.0,64425899.0,-0.36014405762304635,-0.02999999999999936,0.003748346648547703,0.840336134453785,2066602352.0
2025-12-12,8.33,8.36,8.37,8.26,8490896.0,70769588.0,0.7228915662650381,0.05999999999999872,0.004108625924954913,1.32530120481927,2066602352.0
2025-12-15,8.36,8.33,8.41,8.32,8168329.0,68271087.0,-0.3588516746411363,-0.02999999999999936,0.003952540261117442,1.0765550239234434,2066602352.0
2025-12-16,8.33,8.33,8.34,8.26,10205542.0,84577179.0,0.0,0.0,0.004938319164363362,0.9603841536614653,2066602352.0
2025-12-17,8.32,8.41,8.44,8.27,9016565.0,75248461.0,0.9603841536614643,0.08000000000000007,0.004362989808500905,2.0408163265306114,2066602352.0
2025-12-18,8.41,8.35,8.5,8.35,7850246.0,66104194.0,-0.7134363852556502,-0.0600000000000005,0.003798624342221788,1.7835909631391242,2066602352.0
2025-12-19,8.37,8.44,8.46,8.35,9414163.0,79323031.0,1.0778443113772518,0.08999999999999986,0.004555381924775822,1.3173652694610924,2066602352.0
2025-12-22,8.46,8.49,8.54,8.42,11595619.0,98473670.0,0.5924170616113722,0.05000000000000071,0.005610958000109738,1.4218009478672893,2066602352.0
2025-12-23,8.48,8.4,8.51,8.39,7810804.0,65872764.0,-1.0600706713780883,-0.08999999999999986,0.0037795389095734468,1.4134275618374466,2066602352.0
2025-12-24,8.39,8.38,8.42,8.37,8982574.0,75287278.0,-0.23809523809523725,-0.019999999999999574,0.004346542038581789,0.5952380952381037,2066602352.0
2025-12-25,8.37,8.36,8.39,8.35,10616284.0,88814105.0,-0.23866348448688957,-0.02000000000000135,0.005137071478567639,0.477326968973758,2066602352.0
2025-12-26,8.36,8.36,8.38,8.35,8388416.0,70156719.0,0.0,0.0,0.004059037284982244,0.35885167464116197,2066602352.0
2025-12-29,8.36,8.31,8.37,8.25,15488177.0,128466805.0,-0.5980861244018976,-0.049999999999998934,0.0074945124227749835,1.435406698564584,2066602352.0
2025-12-30,8.27,8.25,8.29,8.23,10461019.0,86300747.0,-0.7220216606498298,-0.0600000000000005,0.0050619409146980395,0.7220216606498041,2066602352.0
2025-12-31,8.25,8.21,8.26,8.2,9290600.0,76354121.0,-0.48484848484847687,-0.03999999999999915,0.004495591515711194,0.7272727272727333,2066602352.0
2026-01-05,8.22,8.32,8.32,8.22,11100700.0,91836577.0,1.3398294762484664,0.10999999999999943,0.005371473611871705,1.2180267965895206,2066602352.0
2026-01-06,8.32,8.34,8.34,8.3,11305997.0,94088164.0,0.24038461538460343,0.019999999999999574,0.005470813961407898,0.48076923076922046,2066602352.0
2026-01-07,8.33,8.32,8.35,8.31,8556675.0,71276710.0,-0.23980815347721673,-0.019999999999999574,0.004140455463877262,0.47961630695442625,2066602352.0
2026-01-08,8.32,8.3,8.33,8.27,9563800.0,79378321.0,-0.24038461538461453,-0.019999999999999574,0.004627789178089545,0.7211538461538521,2066602352.0
2026-01-09,8.3,8.32,8.32,8.28,10973773.0,91109657.0,0.24096385542167198,0.019999999999999574,0.005310055410214689,0.48192771084338454,2066602352.0
2026-01-12,8.3,8.37,8.37,8.29,15752788.0,131224951.0,0.6009615384615197,0.049999999999998934,0.007622553988073657,0.9615384615384623,2066602352.0
2026-01-13,8.37,8.47,8.53,8.31,26343727.0,221806405.0,1.1947431302270273,0.10000000000000142,0.012747361375305355,2.628434886499389,2066602352.0
2026-01-14,8.45,8.6,8.75,8.41,38037310.0,326740264.0,1.5348288075560657,0.129999999999999,0.018405722786093103,4.014167650531284,2066602352.0
2026-01-15,8.61,8.54,8.64,8.47,20089749.0,171850022.0,-0.6976744186046546,-0.0600000000000005,0.009721148812473625,1.976744186046511,2066602352.0
2026-01-16,8.69,8.6,8.75,8.51,23969400.0,206574500.0,0.7025761124121788,0.0600000000000005,0.011598457718197739,2.8103044496487146,2066602352.0
2026-01-19,8.52,8.6,8.73,8.48,22987416.0,198039642.0,0.0,0.0,0.011123289382572038,2.9069767441860463,2066602352.0
2026-01-20,8.6,8.65,8.72,8.59,20337161.0,175792260.0,0.5813953488372103,0.05000000000000071,0.009840868022006392,1.5116279069767533,2066602352.0
2026-01-21,8.61,8.57,8.67,8.55,16374702.0,140609726.0,-0.9248554913294793,-0.08000000000000007,0.007923489482218493,1.3872832369942105,2066602352.0
2026-01-22,8.57,8.59,8.62,8.56,13061320.0,112236431.0,0.2333722287047868,0.019999999999999574,0.006320190232707139,0.7001166861143374,2066602352.0
2026-01-23,8.61,8.74,8.74,8.59,28676661.0,249533409.0,1.7462165308498312,0.15000000000000036,0.013876235538127366,1.7462165308498294,2066602352.0
2026-01-26,8.76,8.69,8.8,8.62,22546274.0,195915381.0,-0.5720823798627039,-0.05000000000000071,0.010909826933169,2.0594965675057377,2066602352.0
2026-01-27,8.67,8.54,8.67,8.48,21891150.0,187205638.0,-1.7261219792865434,-0.15000000000000036,0.010592821584091567,2.18642117376294,2066602352.0
2026-01-28,8.54,8.62,8.65,8.5,18817579.0,161723465.0,0.936768149882905,0.08000000000000007,0.009105563526427265,1.7564402810304494,2066602352.0
2026-01-29,8.58,8.5,8.6,8.45,20031369.0,170747564.0,-1.3921113689094988,-0.11999999999999922,0.009692899546259686,1.7401392111368954,2066602352.0
2026-01-30,8.49,8.44,8.53,8.33,21090203.0,177818218.0,-0.7058823529411784,-0.0600000000000005,0.010205254523004626,2.35294117647058,2066602352.0
2026-02-02,8.4,8.3,8.5,8.29,17852505.0,150029887.0,-1.6587677725118377,-0.1399999999999988,0.008638577703505875,2.4881516587677828,2066602352.0
2026-02-03,8.37,8.35,8.42,8.3,11587683.0,96757656.0,0.6024096385542022,0.049999999999998934,0.005607117880605219,1.445783132530111,2066602352.0
2026-02-04,8.36,8.7,8.71,8.35,33682004.0,288359092.0,4.191616766467066,0.34999999999999964,0.01629825107254112,4.3113772455089965,2066602352.0
2026-02-05,8.71,8.54,8.72,8.53,16227446.0,139310510.0,-1.839080459770115,-0.16000000000000014,0.00785223436153333,2.1839080459770264,2066602352.0
2026-02-06,8.53,8.49,8.59,8.48,13009763.0,111012578.0,-0.5854800936768045,-0.049999999999998934,0.006295242520850475,1.2880562060889864,2066602352.0
2026-02-09,8.55,8.53,8.58,8.49,10750700.0,91702063.0,0.4711425206124664,0.03999999999999915,0.0052021135026754295,1.0600706713780903,2066602352.0
2026-02-10,8.53,8.51,8.53,8.46,8509600.0,72345455.0,-0.23446658851112856,-0.019999999999999574,0.004117676529190362,0.8206330597889626,2066602352.0
2026-02-11,8.52,8.66,8.76,8.51,23787891.0,205544160.0,1.7626321974148151,0.15000000000000036,0.011510628049454576,2.937720329024677,2066602352.0
2026-02-12,8.89,8.77,8.95,8.64,32605414.0,286730460.0,1.270207852193983,0.10999999999999943,0.015777304215513637,3.579676674364881,2066602352.0
2026-02-13,8.74,8.6,8.77,8.6,19603302.0,170076624.0,-1.9384264538198415,-0.16999999999999993,0.009485763906650194,1.9384264538198397,2066602352.0
2026-02-24,8.68,8.73,8.79,8.68,17403532.0,152272404.0,1.5116279069767424,0.13000000000000078,0.008421325942631076,1.2790697674418539,2066602352.0
2026-02-25,8.79,8.75,8.85,8.72,16134394.0,141722540.0,0.22909507445589838,0.019999999999999574,0.007807207799016383,1.4891179839633333,2066602352.0
2026-02-26,8.74,8.81,8.9,8.74,20349026.0,179672692.0,0.6857142857142895,0.0600000000000005,0.009846609329708147,1.82857142857143,2066602352.0
2026-02-27,8.78,9.0,9.07,8.77,34579130.0,310135935.0,2.156640181611791,0.1899999999999995,0.01673235780774917,3.405221339387068,2066602352.0
2026-03-02,9.04,9.09,9.27,8.96,43253405.0,395681592.0,1.0000000000000009,0.08999999999999986,0.02092971826831638,3.4444444444444304,2066602352.0
2026-03-03,9.09,8.95,9.18,8.9,40749772.0,367608953.0,-1.5401540154015514,-0.14000000000000057,0.019718245244695242,3.0803080308030735,2066602352.0
2026-03-04,8.9,9.01,9.11,8.82,26629500.0,239889008.0,0.6703910614525244,0.0600000000000005,0.012885642936692062,3.240223463687142,2066602352.0
2026-03-05,9.15,9.08,9.2,9.04,29021706.0,264560020.0,0.7769145394006749,0.07000000000000028,0.014043197992063449,1.7758046614872383,2066602352.0
2026-03-06,9.04,9.29,9.42,9.02,41176248.0,381778189.0,2.312775330396466,0.20999999999999908,0.01992461102163693,4.405286343612339,2066602352.0
2026-03-09,9.35,9.4,9.65,9.34,50594649.0,478409439.0,1.1840688912809538,0.11000000000000121,0.024482043655392104,3.3369214208826747,2066602352.0
2026-03-10,10.34,10.34,10.34,10.34,28205304.0,291642843.0,9.999999999999986,0.9399999999999995,0.013648152472440426,0.0,2066602352.0
2026-03-11,11.05,11.37,11.37,10.52,113701275.0,1249485652.0,9.9613152804642,1.0299999999999994,0.05501845814215932,8.220502901353962,2066602352.0
2026-03-12,12.4,12.51,12.51,11.94,74100231.0,913512539.0,10.026385224274414,1.1400000000000006,0.03585606632465499,5.013192612137206,2066602352.0
2026-03-13,13.76,12.39,13.76,12.14,321040720.0,4226532299.0,-0.9592326139088669,-0.11999999999999922,0.1553471182732884,12.949640287769778,2066602352.0
2026-03-16,12.2,11.23,12.35,11.17,215118677.0,2495749680.0,-9.36238902340597,-1.1600000000000001,0.10409292179108098,9.52380952380952,2066602352.0
2026-03-17,11.23,11.68,12.08,10.85,218582526.0,2540322535.0,4.0071237756010625,0.4499999999999993,0.10576902991930787,10.952804986642924,2066602352.0
2026-03-18,11.8,11.49,12.19,11.31,166529930.0,1944742070.0,-1.6267123287671215,-0.1899999999999995,0.0805815060835661,7.534246575342457,2066602352.0
2026-03-19,11.2,11.63,12.12,11.12,159648035.0,1864647692.0,1.2184508268059169,0.14000000000000057,0.0772514532587738,8.703220191470844,2066602352.0
2026-03-20,11.33,11.1,11.95,10.89,145353929.0,1658732326.0,-4.557179707652637,-0.5300000000000011,0.07070713791552194,9.114359415305232,2055717899.0
2026-03-23,10.96,10.86,11.32,10.7,114760734.0,1264365666.0,-2.1621621621621623,-0.2400000000000002,0.055825137318610274,5.585585585585594,2055717899.0
2026-03-24,11.04,11.95,11.95,10.72,178717126.0,2038441027.0,10.036832412523022,1.0899999999999999,0.08693660063325644,11.325966850828717,2055717899.0
2026-03-25,12.02,12.35,12.76,11.98,219736855.0,2713445104.0,3.347280334728042,0.40000000000000036,0.10689056854877343,6.5271966527196605,2055717899.0
2026-03-26,12.12,11.74,12.28,11.53,145638867.0,1719432482.0,-4.939271255060729,-0.6099999999999994,0.07084574545507714,6.0728744939271255,2055717899.0
2026-03-27,11.74,11.44,11.92,11.36,90488761.0,1040859111.0,-2.555366269165249,-0.3000000000000007,0.04401808295000889,4.770017035775132,2055717899.0
2026-03-30,11.4,10.64,11.55,10.45,106320320.0,1141375634.0,-6.99300699300699,-0.7999999999999989,0.051719314236510425,9.61538461538463,2055717899.0
2026-03-31,10.6,10.11,10.69,10.08,78895374.0,813478263.0,-4.9812030075188085,-0.5300000000000011,0.03837850224409609,5.733082706766911,2055717899.0
2026-04-01,10.25,10.16,10.3,10.0,48854254.0,496838608.0,0.4945598417408492,0.05000000000000071,0.023765057464239164,2.967359050445111,2055717899.0
2026-04-02,10.15,9.96,10.37,9.86,51902406.0,522956454.0,-1.9685039370078705,-0.1999999999999993,0.025247825115132686,5.019685039370077,2055717899.0
2026-04-03,9.99,9.71,10.03,9.65,40180496.0,391720513.0,-2.510040160642568,-0.25,0.019545724644196426,3.8152610441766965,2055717899.0
2026-04-07,9.67,9.84,9.96,9.58,42236287.0,414759011.0,1.3388259526261548,0.129999999999999,0.020545760204036635,3.9134912461380096,2055717899.0
2026-04-08,10.01,10.08,10.2,9.98,47120642.0,474332744.0,2.4390243902439046,0.2400000000000002,0.02292174525644873,2.2357723577235658,2055717899.0
2026-04-09,9.91,9.78,9.94,9.7,37737012.0,370145947.0,-2.976190476190488,-0.3000000000000007,0.01835709657358974,2.3809523809523827,2055717899.0
2026-04-10,9.85,9.78,9.89,9.75,28609920.0,280674461.0,0.0,0.0,0.013917240305159204,1.4314928425357931,2055717899.0
2026-04-13,9.75,9.97,10.02,9.69,39485639.0,390741936.0,1.942740286298572,0.19000000000000128,0.019207712799118846,3.3742331288343563,2055717899.0
2026-04-14,9.97,10.01,10.15,9.92,35793414.0,357644232.0,0.4012036108324901,0.03999999999999915,0.017411637081825106,2.3069207622868646,2055717899.0
2026-04-15,10.02,9.97,10.12,9.84,37353460.0,372880573.0,-0.39960039960038607,-0.03999999999999915,0.018170518444272202,2.797202797202791,2055717899.0
2026-04-16,10.02,10.07,10.15,9.9,35869721.0,360862544.0,1.0030090270812364,0.09999999999999964,0.017448756474538047,2.507522567703109,2055717899.0
2026-04-17,10.02,10.07,10.18,9.97,30732557.0,309349089.0,0.0,0.0,0.014949792972542484,2.0854021847070414,2055717899.0
2026-04-20,10.06,10.23,10.27,9.96,44353915.0,448889226.0,1.5888778550148919,0.16000000000000014,0.021575876253048083,3.0784508440913476,2055717899.0
2026-04-21,10.23,10.39,10.57,9.98,84260511.0,866755829.0,1.564027370478982,0.16000000000000014,0.04098836277146216,5.76735092864125,2055717899.0
2026-04-22,10.35,10.59,10.72,10.29,71527019.0,755102046.0,1.9249278152069227,0.1999999999999993,0.03479418019116056,4.138594802694913,2055717899.0
2026-04-23,10.89,11.65,11.65,10.85,141579610.0,1614221557.0,10.009442870632679,1.0600000000000005,0.06887112773054666,7.554296506137873,2055717899.0
2026-04-24,11.65,10.98,11.65,10.92,124018066.0,1388284856.0,-5.751072961373394,-0.6699999999999999,0.06032834858339675,6.266094420600862,2055717899.0
2026-04-27,10.9,10.76,11.2,10.6,89258200.0,976213563.0,-2.0036429872495543,-0.22000000000000064,0.04341947892919524,5.464480874316936,2055717899.0
2026-04-28,10.6,10.3,10.65,10.0,91128405.0,938706522.0,-4.2750929368029595,-0.4599999999999991,0.04432923653791663,6.0408921933085535,2055717899.0
2026-04-29,10.33,10.25,10.54,10.18,60489829.0,625292923.0,-0.4854368932038944,-0.05000000000000071,0.02942516044123815,3.4951456310679556,2055717899.0
2026-04-30,10.25,9.89,10.29,9.86,59599523.0,594227027.0,-3.5121951219512115,-0.35999999999999943,0.028992072807748608,4.19512195121951,2055717899.0
2026-05-06,10.0,10.49,10.55,10.0,76721518.0,794348129.0,6.066734074823055,0.5999999999999996,0.037321034193125935,5.5611729019211396,2055717899.0
2026-05-07,10.55,10.84,10.93,10.45,72721048.0,782064169.0,3.336510962821726,0.34999999999999964,0.03537501329115975,4.575786463298384,2055717899.0
2026-05-08,10.7,10.72,11.09,10.61,65851860.0,709567843.0,-1.1070110701106972,-0.11999999999999922,0.03203351006090549,4.428044280442808,2055717899.0
2026-05-11,10.85,10.85,10.98,10.73,57324350.0,621358244.0,1.2126865671641784,0.129999999999999,0.027885319297888744,2.3320895522388057,2055717899.0
2026-05-12,10.87,11.19,11.26,10.66,104463882.0,1159996205.0,3.133640552995387,0.33999999999999986,0.05081625355833904,5.529953917050688,2055717899.0
2026-05-13,11.08,11.41,11.72,11.05,111651601.0,1281928792.0,1.966041108132277,0.22000000000000064,0.05431270557809158,5.987488829311885,2055717899.0
2026-05-14,11.46,10.91,11.72,10.91,99614340.0,1119047353.0,-4.382120946538127,-0.5,0.048457203222512776,7.099035933391766,2055717899.0
2026-05-15,10.91,10.55,10.96,10.45,67615574.0,716586724.0,-3.2997250229147568,-0.35999999999999943,0.03289146532843415,4.674610449129254,2055717899.0
2026-05-18,10.5,11.18,11.31,10.37,77512086.0,853100050.0,5.971563981042638,0.629999999999999,0.03770560446922489,8.909952606635082,2055717899.0
2026-05-19,11.14,11.26,11.41,10.86,65666939.0,733386289.0,0.7155635062611854,0.08000000000000007,0.03194355559775179,4.919499105545624,2055717899.0
2026-05-20,11.11,10.51,11.11,10.45,58933758.0,629296961.0,-6.660746003552398,-0.75,0.02866821270986073,5.861456483126112,2055717899.0
2026-05-21,10.52,10.19,10.75,10.14,53164544.0,554746796.0,-3.04471931493816,-0.3200000000000003,0.025861789706584638,5.803996194100851,2055717899.0
2026-05-22,10.2,10.26,10.34,10.03,33758194.0,345046638.0,0.6869479882237517,0.07000000000000028,0.01642160824518851,3.042198233562321,2055717899.0
2026-05-25,10.26,10.42,10.53,10.25,35212088.0,366286477.0,1.5594541910331383,0.16000000000000014,0.017128852172337873,2.7290448343079863,2055717899.0
2026-05-26,10.36,10.1,10.36,9.85,44627317.0,447953727.0,-3.0710172744721764,-0.3200000000000003,0.021708872127692652,4.894433781190017,2055717899.0
2026-05-27,9.98,10.1,10.28,9.9,42283668.0,427990880.0,0.0,0.0,0.02056880859993913,3.7623762376237524,2055717899.0
2026-05-28,10.15,10.7,10.99,10.03,80718908.0,848916809.0,5.940594059405946,0.5999999999999996,0.03926555683504315,9.504950495049513,2055717899.0
2026-05-29,10.6,10.98,11.14,10.4,92652508.0,1009182326.0,2.6168224299065512,0.28000000000000114,0.04507063349746122,6.915887850467292,2055717899.0
2026-06-01,11.03,10.9,11.17,10.4,68969657.0,749802488.0,-0.7285974499089298,-0.08000000000000007,0.03355015638748398,7.012750455373403,2055717899.0
2026-06-02,10.8,10.89,11.0,10.4,61189939.0,658255376.0,-0.09174311926605228,-0.009999999999999787,0.02976572759801611,5.5045871559633,2055717899.0
2026-06-03,10.77,11.06,11.12,10.63,72337948.0,791104739.0,1.5610651974288237,0.16999999999999993,0.03518865503636888,4.499540863177212,2055717899.0
2026-06-04,10.9,10.93,11.32,10.84,68676122.0,762285893.0,-1.175406871609408,-0.13000000000000078,0.033407366853889515,4.339963833634723,2055717899.0
2026-06-05,10.8,10.12,11.25,10.11,70200332.0,740346559.0,-7.410795974382434,-0.8100000000000005,0.03414881586337737,10.430009149130838,2055717899.0
2026-06-08,9.88,9.31,10.09,9.21,59336834.0,571717463.0,-8.003952569169947,-0.8099999999999987,0.02886428825125485,8.695652173913034,2055717899.0
2026-06-09,9.43,9.09,9.43,8.9,48396192.0,439347346.0,-2.3630504833512367,-0.22000000000000064,0.0235422340893866,5.692803437164332,2055717899.0
2026-06-10,8.99,8.68,8.99,8.57,41281677.0,359047702.0,-4.510451045104514,-0.41000000000000014,0.02008139201399248,4.6204620462046195,2055717899.0
2026-06-11,8.63,8.54,8.73,8.47,26970512.0,230767853.0,-1.6129032258064613,-0.14000000000000057,0.013119753451151909,2.9953917050691223,2055717899.0
2026-06-12,8.59,8.6,8.74,8.41,35541180.0,306158410.0,0.7025761124121788,0.0600000000000005,0.01728893833988065,3.8641686182669805,2055717899.0
2026-06-15,8.65,8.61,8.77,8.59,37735248.0,327241592.0,0.11627906976743319,0.009999999999999787,0.018356238479198064,2.0930232558139505,2055717899.0
2026-06-16,8.6,8.72,8.86,8.43,42724749.0,369910963.0,1.2775842044134844,0.11000000000000121,0.020783371600151642,4.994192799070845,2055717899.0
2026-06-17,8.68,8.55,8.76,8.5,32957463.0,283194967.0,-1.9495412844036664,-0.16999999999999993,0.016032094197376057,2.9816513761467864,2055717899.0
2026-06-18,8.49,8.09,8.51,8.06,50773208.0,416229821.0,-5.38011695906434,-0.46000000000000085,0.02469852892981986,5.263157894736834,2055717899.0
2026-06-22,8.0,8.13,8.15,7.87,34336523.0,275128251.0,0.49443757725589066,0.040000000000000924,0.016702935269816414,3.4610630407911036,2055717899.0
2026-06-23,8.21,8.04,8.31,7.98,32547455.0,265315296.0,-1.1070110701107194,-0.09000000000000163,0.01583264659797565,4.059040590405905,2055717899.0
