date,open,close,high,low,volume,amount,pct_chg,change,turnover,amplitude,outstanding_share
2023-06-26,4.92,4.86,4.96,4.82,11279594.0,60405906.0,,,0.010128514444673137,,1113647422.0
2023-06-27,4.86,5.0,5.01,4.82,12490431.0,67878231.0,2.8806584362139898,0.13999999999999968,0.011215785852194071,3.9094650205761217,1113647422.0
2023-06-28,5.0,5.04,5.06,4.94,12571243.0,69008675.0,0.8000000000000007,0.040000000000000036,0.011288351009176044,2.3999999999999844,1113647422.0
2023-06-29,5.04,5.05,5.12,5.0,19299392.0,106947878.0,0.1984126984126977,0.009999999999999787,0.017329894200572217,2.3809523809523827,1113647422.0
2023-06-30,5.05,5.11,5.16,5.03,20793936.0,116412158.0,1.1881188118811892,0.0600000000000005,0.018673411997276675,2.5742574257425725,1113558465.0
2023-07-03,5.11,5.14,5.21,5.1,15050045.0,84827095.0,0.5870841487279677,0.02999999999999936,0.01351527151293309,2.1526418786692822,1113558465.0
2023-07-04,5.13,5.31,5.4,5.11,38132711.0,220512598.0,3.3073929961089377,0.16999999999999993,0.03424401340256526,5.642023346303502,1113558465.0
2023-07-05,5.3,5.23,5.31,5.22,16987623.0,97832065.0,-1.506591337099794,-0.07999999999999918,0.015255259183899248,1.6949152542372856,1113558465.0
2023-07-06,5.22,5.39,5.41,5.16,20889282.0,121196881.0,3.0592734225621365,0.15999999999999925,0.018759034802900986,4.780114722753346,1113558465.0
2023-07-07,5.31,5.33,5.43,5.27,28026848.0,164341317.0,-1.1131725417439675,-0.05999999999999961,0.02516872609827451,2.968460111317257,1113558465.0
2023-07-10,5.39,5.62,5.69,5.37,55388847.0,340573345.0,5.44090056285178,0.29000000000000004,0.04974040316778518,6.003752345215766,1113558465.0
2023-07-11,5.62,6.13,6.18,5.6,147618931.0,983192601.0,9.074733096085396,0.5099999999999998,0.13256504767354088,10.320284697508898,1113558465.0
2023-07-12,6.02,5.94,6.22,5.9,131667952.0,872770676.0,-3.0995106035888953,-0.1899999999999995,0.11824071760794347,5.220228384991834,1113558465.0
2023-07-13,5.86,5.94,6.02,5.79,71479826.0,461909857.0,0.0,0.0,0.06419045631340066,3.872053872053864,1113558465.0
2023-07-14,5.95,5.9,6.01,5.79,42055909.0,270301687.0,-0.6734006734006703,-0.040000000000000036,0.037767131517427784,3.7037037037036993,1113558465.0
2023-07-17,6.01,6.15,6.25,5.97,72253208.0,484834249.0,4.237288135593209,0.25,0.06488497036390452,4.74576271186441,1113558465.0
2023-07-18,6.15,6.29,6.38,6.02,54644803.0,374427193.0,2.276422764227637,0.13999999999999968,0.04907223528672112,5.853658536585371,1113558465.0
2023-07-19,6.32,6.32,6.41,6.23,34249478.0,236451885.0,0.4769475357710773,0.03000000000000025,0.030756784736937902,2.861685214626387,1113558465.0
2023-07-20,6.3,6.17,6.42,6.15,32566851.0,221622227.0,-2.373417721518989,-0.15000000000000036,0.02924574867292666,4.27215189873417,1113558465.0
2023-07-21,6.16,6.09,6.23,6.06,27886358.0,187097926.0,-1.296596434359809,-0.08000000000000007,0.02504256298747637,2.7552674230145997,1113558465.0
2023-07-24,6.15,6.12,6.26,6.06,25238145.0,169559598.0,0.49261083743843415,0.03000000000000025,0.02266440945244846,3.284072249589494,1113558465.0
2023-07-25,6.16,6.32,6.39,6.13,37585336.0,257942229.0,3.267973856209161,0.20000000000000018,0.03375245861024459,4.248366013071892,1113558465.0
2023-07-26,6.34,6.27,6.38,6.23,19419616.0,133449983.0,-0.7911392405063444,-0.05000000000000071,0.01743924240205924,2.3734177215189787,1113558465.0
2023-07-27,6.27,6.19,6.32,6.18,14517867.0,98870363.0,-1.2759170653907415,-0.07999999999999918,0.013037363960948381,2.232854864433821,1113558465.0
2023-07-28,6.18,6.11,6.26,6.09,22790658.0,153534146.0,-1.2924071082390909,-0.08000000000000007,0.02046651228141847,2.746365105008076,1113558465.0
2023-07-31,6.09,6.3,6.31,6.07,28161801.0,192300269.0,3.109656301145658,0.1899999999999995,0.025289916861257932,3.9279869067103,1113558465.0
2023-08-01,6.24,6.31,6.34,6.14,22155851.0,151628611.0,0.15873015873015817,0.009999999999999787,0.019896441629582512,3.174603174603177,1113558465.0
2023-08-02,6.33,6.52,6.61,6.28,34054440.0,242211466.0,3.3280507131537185,0.20999999999999996,0.030581636322076722,5.229793977812997,1113558465.0
2023-08-03,6.49,6.43,6.51,6.27,26965534.0,188265832.0,-1.3803680981595123,-0.08999999999999986,0.024215642777229485,3.680981595092028,1113558465.0
2023-08-04,6.45,6.29,6.46,6.27,17081328.0,118216651.0,-2.1772939346811793,-0.13999999999999968,0.015339408335421348,2.954898911353039,1113558465.0
2023-08-07,6.25,6.32,6.41,6.2,14982895.0,103611800.0,0.4769475357710773,0.03000000000000025,0.013454969335624421,3.3386327503974558,1113558465.0
2023-08-08,6.29,6.38,6.42,6.27,19766796.0,138216693.0,0.9493670886075778,0.05999999999999961,0.017751017680064065,2.373417721518993,1113558465.0
2023-08-09,6.37,6.37,6.45,6.3,13973235.0,97305116.0,-0.15673981191222097,-0.009999999999999787,0.012548272442974065,2.3510971786833914,1113558465.0
2023-08-10,6.36,6.48,6.52,6.31,18714941.0,131509025.0,1.7268445839874413,0.11000000000000032,0.01680642874911826,3.296703296703296,1113558465.0
2023-08-11,6.53,6.35,6.57,6.34,19779122.0,138579493.0,-2.0061728395061817,-0.13000000000000078,0.017762086699237654,3.5493827160493887,1113558465.0
2023-08-14,6.29,6.27,6.31,6.17,23259609.0,158873998.0,-1.2598425196850394,-0.08000000000000007,0.020887640596401014,2.204724409448814,1113558465.0
2023-08-15,6.29,6.22,6.31,6.12,16420575.0,111595513.0,-0.797448165869219,-0.04999999999999982,0.014746037604770038,3.0303030303030223,1113558465.0
2023-08-16,6.19,6.16,6.25,6.08,21976460.0,147957276.0,-0.9646302250803762,-0.05999999999999961,0.01973534456495735,2.733118971061092,1113558465.0
2023-08-17,6.15,6.28,6.33,6.05,22399127.0,151653285.0,1.9480519480519431,0.1200000000000001,0.02011490882968592,4.545454545454549,1113558465.0
2023-08-18,6.29,6.15,6.34,6.15,14975742.0,102090397.0,-2.07006369426751,-0.1299999999999999,0.013448545784257497,3.0254777070063614,1113558465.0
2023-08-21,6.16,6.15,6.28,6.13,14344077.0,97601905.0,0.0,0.0,0.012881296717545943,2.439024390243908,1113558465.0
2023-08-22,6.27,6.19,6.4,6.13,24184347.0,164907709.0,0.6504065040650486,0.040000000000000036,0.021718075664756406,4.390243902439032,1113558465.0
2023-08-23,6.24,6.16,6.24,6.1,16194042.0,109211589.0,-0.4846526655896688,-0.03000000000000025,0.014542605987014791,2.261712439418426,1113558465.0
2023-08-24,6.2,6.53,6.58,6.2,34269505.0,243577914.0,6.006493506493515,0.3700000000000001,0.03077476942353449,6.168831168831167,1113558465.0
2023-08-25,6.53,6.44,6.57,6.39,30421609.0,215002077.0,-1.3782542113323082,-0.08999999999999986,0.027319274161325693,2.756508422664634,1113558465.0
2023-08-28,6.78,6.5,6.94,6.42,31959535.0,230469225.0,0.9316770186335255,0.05999999999999961,0.028700365543896253,8.074534161490691,1113558465.0
2023-08-29,6.52,6.7,6.79,6.47,25838634.0,188257668.0,3.076923076923088,0.20000000000000018,0.02320366178528399,4.923076923076927,1113558465.0
2023-08-30,6.7,6.72,6.82,6.66,19340172.0,142287669.0,0.29850746268655914,0.019999999999999574,0.01736789994228098,2.3880597014925393,1113558465.0
2023-08-31,6.75,6.8,6.9,6.72,25971717.0,193635635.0,1.1904761904761862,0.08000000000000007,0.023323173247127172,2.6785714285714377,1113558465.0
2023-09-01,6.79,6.71,6.83,6.64,17529581.0,128864712.0,-1.3235294117647012,-0.08999999999999986,0.01574194939104522,2.794117647058829,1113558465.0
2023-09-04,6.73,6.59,6.75,6.48,23413573.0,168845241.0,-1.788375558867361,-0.1200000000000001,0.021025903655628893,4.023845007451558,1113558465.0
2023-09-05,6.58,6.46,6.6,6.43,14477981.0,102835033.0,-1.9726858877086473,-0.1299999999999999,0.013001545455451232,2.5796661608497713,1113558465.0
2023-09-06,6.48,6.49,6.56,6.43,14287254.0,101717441.0,0.4643962848297267,0.03000000000000025,0.012830268413432608,2.012383900928791,1113558465.0
2023-09-07,6.53,6.52,6.58,6.45,16419642.0,117354106.0,0.46224961479197635,0.02999999999999936,0.014745199750243918,2.0030816640986115,1113558465.0
2023-09-08,6.48,6.42,6.53,6.39,9846420.0,69466698.0,-1.5337423312883347,-0.09999999999999964,0.008842301782511258,2.14723926380369,1113558465.0
2023-09-11,6.42,6.69,6.72,6.42,21352639.0,154818748.0,4.20560747663552,0.27000000000000046,0.01917513958281481,4.67289719626168,1113558465.0
2023-09-12,6.68,6.69,6.76,6.64,13858539.0,101580848.0,0.0,0.0,0.012445272911647256,1.7937219730941718,1113558465.0
2023-09-13,6.66,6.61,6.68,6.53,12608736.0,90984032.0,-1.195814648729443,-0.08000000000000007,0.011322922321819896,2.242152466367705,1113558465.0
2023-09-14,6.58,6.55,6.63,6.5,9943905.0,71410759.0,-0.9077155824508409,-0.0600000000000005,0.008929845457193844,1.9667170953101345,1113558465.0
2023-09-15,6.57,6.44,6.58,6.31,24318814.0,170767870.0,-1.6793893129770865,-0.10999999999999943,0.021838829989047768,4.12213740458016,1113558465.0
2023-09-18,6.44,6.44,6.48,6.28,16171156.0,113557519.0,0.0,0.0,0.014522053855519836,3.105590062111804,1113558465.0
2023-09-19,6.42,6.45,6.54,6.4,12825058.0,90695002.0,0.15527950310558758,0.009999999999999787,0.011517184236931826,2.1739130434782554,1113558465.0
2023-09-20,6.45,6.39,6.49,6.37,14938737.0,104991732.0,-0.9302325581395432,-0.0600000000000005,0.01341531448014272,1.8604651162790715,1113558465.0
2023-09-21,6.39,6.31,6.39,6.24,22955001.0,158254450.0,-1.2519561815336422,-0.08000000000000007,0.02061409591098569,2.3474178403755785,1113558465.0
2023-09-22,6.29,6.38,6.42,6.26,21250898.0,147663355.0,1.109350237717921,0.07000000000000028,0.019083773926499674,2.535657686212364,1113558465.0
2023-09-25,6.37,6.18,6.45,6.14,24353437.0,166525687.0,-3.1347962382445194,-0.20000000000000018,0.021869922204758238,4.858934169279005,1113558465.0
2023-09-26,6.19,5.98,6.2,5.95,32573419.0,214871390.0,-3.2362459546925404,-0.1999999999999993,0.02925164688142351,4.045307443365696,1113558465.0
2023-09-27,6.0,6.01,6.05,5.92,23101241.0,151804665.0,0.5016722408026641,0.02999999999999936,0.020745422648284568,2.173913043478259,1113558465.0
2023-09-28,6.02,6.16,6.16,6.01,14503462.0,97119514.0,2.4958402662229595,0.15000000000000036,0.012454199130126417,2.495840266222968,1164543930.0
2023-10-09,6.13,6.23,6.29,6.13,14619469.0,99854417.0,1.1363636363636465,0.07000000000000028,0.012553814951403336,2.5974025974025996,1164543930.0
2023-10-10,6.23,5.95,6.23,5.9,26084074.0,170858637.0,-4.49438202247191,-0.28000000000000025,0.022398531586524176,5.2969502407704665,1164543930.0
2023-10-11,5.95,5.74,5.97,5.71,22019081.0,139765888.0,-3.529411764705881,-0.20999999999999996,0.018907900709250188,4.36974789915966,1164543930.0
2023-10-12,5.75,5.9,5.96,5.7,23267902.0,149509604.0,2.7874564459930307,0.16000000000000014,0.019980269872687414,4.529616724738672,1164543930.0
2023-10-13,5.87,5.85,5.91,5.81,13443814.0,86033727.0,-0.8474576271186529,-0.05000000000000071,0.011544273817132859,1.6949152542372972,1164543930.0
2023-10-16,5.83,5.92,5.96,5.78,18812872.0,121427389.0,1.1965811965811923,0.07000000000000028,0.01615471217131328,3.076923076923072,1164543930.0
2023-10-17,5.94,5.92,6.0,5.85,15242087.0,98517060.0,0.0,0.0,0.013088460303940617,2.53378378378379,1164543930.0
2023-10-18,5.87,5.82,5.96,5.74,21409490.0,136954073.0,-1.6891891891891886,-0.09999999999999964,0.01838444171015515,3.7162162162162122,1164543930.0
2023-10-19,5.78,5.71,5.85,5.66,16340487.0,102532095.0,-1.8900343642611728,-0.11000000000000032,0.014031662163229857,3.2646048109965546,1164543930.0
2023-10-20,5.66,5.64,5.76,5.59,12659843.0,78742143.0,-1.2259194395796924,-0.07000000000000028,0.010871073794528301,2.977232924693519,1164543930.0
2023-10-23,5.63,5.53,5.67,5.49,17091428.0,104486181.0,-1.9503546099290725,-0.10999999999999943,0.014676499151045337,3.1914893617021227,1164543930.0
2023-10-24,5.55,5.64,5.67,5.53,14991314.0,91848837.0,1.989150090415892,0.10999999999999943,0.012873120209385316,2.531645569620247,1164543930.0
2023-10-25,5.64,5.67,5.78,5.64,12977366.0,80804576.0,0.5319148936170359,0.03000000000000025,0.011143732465292228,2.4822695035461093,1164543930.0
2023-10-26,5.66,5.74,5.74,5.56,13377620.0,82630481.0,1.2345679012345734,0.07000000000000028,0.011487432681049653,3.1746031746031855,1164543930.0
2023-10-27,5.74,5.89,5.93,5.71,20709454.0,132892087.0,2.6132404181184565,0.14999999999999947,0.017783317113679,3.8327526132404137,1164543930.0
2023-10-30,5.97,5.96,6.03,5.91,27677028.0,180829524.0,1.1884550084889645,0.07000000000000028,0.023766409567735243,2.037351443123941,1164543930.0
2023-10-31,5.93,5.89,6.01,5.85,16862844.0,109230389.0,-1.1744966442953086,-0.07000000000000028,0.014480212867538625,2.684563758389264,1164543930.0
2023-11-01,5.91,5.91,5.97,5.86,16773974.0,108564548.0,0.339558573853993,0.020000000000000462,0.014403899730944457,1.8675721561969345,1164543930.0
2023-11-02,5.92,5.85,5.94,5.82,11761760.0,75540659.0,-1.0152284263959421,-0.0600000000000005,0.010099885197117468,2.0304568527918803,1164543930.0
2023-11-03,5.85,5.89,5.96,5.85,12930234.0,83721826.0,0.6837606837606813,0.040000000000000036,0.011103259968904737,1.8803418803418859,1164543930.0
2023-11-06,5.95,5.58,5.96,5.48,59069334.0,362569203.0,-5.263157894736836,-0.3099999999999996,0.05072314790220065,8.149405772495747,1164543930.0
2023-11-07,5.54,5.53,5.59,5.44,42538571.0,257013532.0,-0.8960573476702427,-0.04999999999999982,0.036528094736623634,2.688172043010743,1164543930.0
2023-11-08,5.54,5.53,5.54,5.46,23975049.0,144578239.0,0.0,0.0,0.020587500722278464,1.4466546112115743,1164543930.0
2023-11-09,5.51,5.51,5.58,5.48,21259949.0,128885039.0,-0.3616636528029016,-0.020000000000000462,0.01825603006663733,1.80831826401446,1164543930.0
2023-11-10,5.51,5.69,5.77,5.49,38795027.0,239702236.0,3.266787658802195,0.1800000000000006,0.03331349380697043,5.081669691470043,1164543930.0
2023-11-13,5.65,5.62,5.74,5.55,21454391.0,131624358.0,-1.2302284710017597,-0.07000000000000028,0.01842299843510412,3.339191564147634,1164543930.0
2023-11-14,5.64,5.65,5.68,5.6,14219367.0,87920413.0,0.5338078291815096,0.03000000000000025,0.012210245258845667,1.4234875444839872,1164543930.0
2023-11-15,5.74,5.94,6.01,5.71,41324235.0,265703226.0,5.132743362831849,0.29000000000000004,0.03548533802413104,5.309734513274333,1164543930.0
2023-11-16,5.94,5.84,5.96,5.82,19530149.0,125204403.0,-1.683501683501687,-0.10000000000000053,0.016770641705203856,2.3569023569023515,1164543930.0
2023-11-17,5.84,6.02,6.03,5.78,26023191.0,168984196.0,3.082191780821919,0.17999999999999972,0.022346251034085076,4.280821917808219,1164543930.0
2023-11-20,6.05,5.94,6.07,5.88,21860837.0,141854146.0,-1.3289036544850363,-0.07999999999999918,0.018772015753841076,3.156146179402,1164543930.0
2023-11-21,5.93,5.89,5.97,5.86,16183449.0,104881051.0,-0.8417508417508546,-0.05000000000000071,0.01389681280636618,1.851851851851842,1164543930.0
2023-11-22,5.88,5.79,5.9,5.79,15056625.0,96178655.0,-1.6977928692699429,-0.09999999999999964,0.012929203108722571,1.8675721561969494,1164543930.0
2023-11-23,5.81,5.94,5.96,5.78,17693790.0,114250349.0,2.590673575129543,0.15000000000000036,0.01519375056980461,3.1088082901554355,1164543930.0
2023-11-24,5.94,5.87,5.95,5.85,10494420.0,67581555.0,-1.1784511784511786,-0.07000000000000028,0.00901161367094155,1.6835016835016925,1164543930.0
2023-11-27,5.9,5.9,5.95,5.86,14047940.0,90812097.0,0.5110732538330609,0.03000000000000025,0.01206303999197351,1.5332197614991459,1164543930.0
2023-11-28,5.89,5.88,5.91,5.83,8512535.0,54777526.0,-0.3389830508474634,-0.020000000000000462,0.007309758593649619,1.3559322033898318,1164543930.0
2023-11-29,5.9,5.84,5.94,5.81,10531240.0,67617601.0,-0.6802721088435382,-0.040000000000000036,0.009043231198671913,2.21088435374151,1164543930.0
2023-11-30,5.85,5.64,5.85,5.53,34824011.0,214933795.0,-3.424657534246578,-0.20000000000000018,0.02990356147406135,5.4794520547945105,1164543930.0
2023-12-01,5.64,5.68,5.73,5.59,16780125.0,103719874.0,0.7092198581560183,0.040000000000000036,0.014409181627008267,2.4822695035461093,1164543930.0
2023-12-04,5.68,5.66,5.73,5.63,13900957.0,86476283.0,-0.35211267605632646,-0.019999999999999574,0.011936824916514743,1.7605633802816996,1164543930.0
2023-12-05,5.64,5.54,5.65,5.54,11957580.0,73223070.0,-2.1201413427561877,-0.1200000000000001,0.010268036861434673,1.9434628975265071,1164543930.0
2023-12-06,5.53,5.57,5.63,5.53,10490880.0,64146196.0,0.5415162454873723,0.03000000000000025,0.009008573854315655,1.8050541516245424,1164543930.0
2023-12-07,5.57,5.6,5.63,5.53,10898364.0,66459681.0,0.538599640933568,0.02999999999999936,0.009358482509114105,1.795332136445236,1164543930.0
2023-12-08,5.6,5.51,5.6,5.49,13091149.0,79269365.0,-1.6071428571428514,-0.08999999999999986,0.011241438526067453,1.9642857142857042,1164543930.0
2023-12-11,5.49,5.58,5.59,5.43,12477196.0,75519276.0,1.2704174228675091,0.07000000000000028,0.010714233854621525,2.9038112522686053,1164543930.0
2023-12-12,5.62,5.63,5.64,5.54,9861749.0,60494635.0,0.8960573476702427,0.04999999999999982,0.008468335754409882,1.7921146953404954,1164543930.0
2023-12-13,5.62,5.62,5.69,5.57,9972810.0,61592409.0,-0.1776198934280604,-0.009999999999999787,0.008563704419463162,2.131438721136769,1164543930.0
2023-12-14,5.63,5.6,5.67,5.59,7943819.0,48896585.0,-0.3558718861210064,-0.020000000000000462,0.00682139917212054,1.4234875444839872,1164543930.0
2023-12-15,5.58,5.55,5.64,5.53,10902344.0,66574775.0,-0.8928571428571397,-0.04999999999999982,0.009361900156055083,1.9642857142857042,1164543930.0
2023-12-18,5.61,5.46,5.61,5.45,13024711.0,78386479.0,-1.6216216216216162,-0.08999999999999986,0.01112883963921605,2.882882882882886,1170356607.0
2023-12-19,5.46,5.4,5.48,5.34,10860007.0,64056174.0,-1.098901098901095,-0.05999999999999961,0.00927922902732842,2.5641025641025745,1170356607.0
2023-12-20,5.42,5.3,5.42,5.3,9603508.0,56295021.0,-1.85185185185186,-0.10000000000000053,0.008205625484199107,2.222222222222224,1170356607.0
2023-12-21,5.28,5.3,5.32,5.21,11969015.0,69144003.0,0.0,0.0,0.0102268102973165,2.0754716981132137,1170356607.0
2023-12-22,5.32,5.32,5.39,5.27,13166000.0,76777036.0,0.37735849056603765,0.020000000000000462,0.011249562672823874,2.264150943396228,1170356607.0
2023-12-25,5.32,5.39,5.41,5.31,13631445.0,80050954.0,1.3157894736842035,0.0699999999999994,0.011647257697755707,1.8796992481203108,1170356607.0
2023-12-26,5.4,5.33,5.43,5.32,10623844.0,62563241.0,-1.1131725417439675,-0.05999999999999961,0.009077441812570551,2.0408163265306016,1170356607.0
2023-12-27,5.33,5.42,5.44,5.3,10988454.0,64670529.0,1.6885553470919357,0.08999999999999986,0.009388979336962037,2.6266416510319055,1170356607.0
2023-12-28,5.39,5.44,5.46,5.35,18644202.0,110786957.0,0.3690036900369176,0.020000000000000462,0.0159303599334489,2.029520295202958,1170356607.0
2023-12-29,5.43,5.59,5.59,5.42,19396742.0,117273477.0,2.7573529411764497,0.14999999999999947,0.016573357318474032,3.1249999999999987,1170356834.0
2024-01-02,5.59,5.62,5.65,5.53,16570639.0,101592818.0,0.5366726296959001,0.03000000000000025,0.014158621130416708,2.146690518783544,1170356834.0
2024-01-03,5.61,5.59,5.64,5.54,15481708.0,94674205.0,-0.5338078291814985,-0.03000000000000025,0.013228194641361832,1.7793594306049758,1170356834.0
2024-01-04,5.58,5.59,5.61,5.54,11052490.0,67503250.0,0.0,0.0,0.009443692452519144,1.2522361359570713,1170356834.0
2024-01-05,5.61,5.48,5.61,5.45,18096512.0,109333427.0,-1.9677996422182376,-0.10999999999999943,0.015462388456476515,2.862254025044725,1170356834.0
2024-01-08,5.48,5.35,5.48,5.35,16598513.0,98365474.0,-2.3722627737226443,-0.13000000000000078,0.014182437798282639,2.372262773722642,1170356834.0
2024-01-09,5.34,5.39,5.42,5.33,11009362.0,64906654.0,0.7476635514018781,0.040000000000000036,0.009406842152895055,1.6822429906542031,1170356834.0
2024-01-10,5.41,5.39,5.43,5.34,10001208.0,59067007.0,0.0,0.0,0.00854543478489228,1.669758812615953,1170356834.0
2024-01-11,5.38,5.52,5.53,5.35,15727838.0,94007345.0,2.4118738404452778,0.1299999999999999,0.013438498023073876,3.3395176252319225,1170356834.0
2024-01-12,5.52,5.57,5.63,5.47,17617710.0,107565983.0,0.9057971014492905,0.05000000000000071,0.015053280750099846,2.898550724637684,1170356834.0
2024-01-15,5.56,5.57,5.62,5.49,13506398.0,82226176.0,0.0,0.0,0.011540410247222087,2.333931777378813,1170356834.0
2024-01-16,5.64,5.64,5.74,5.57,21282319.0,131775598.0,1.2567324955116588,0.0699999999999994,0.01818447022457426,3.0520646319569105,1170356834.0
2024-01-17,5.65,5.65,5.78,5.6,24851189.0,155081266.0,0.17730496453902678,0.010000000000000675,0.02123385644279495,3.1914893617021387,1170356834.0
2024-01-18,5.53,5.56,5.6,5.35,33501938.0,200295009.0,-1.592920353982319,-0.09000000000000075,0.02862540468576441,4.424778761061947,1170356834.0
2024-01-19,5.5,5.45,5.64,5.42,23129145.0,139373962.0,-1.978417266187038,-0.10999999999999943,0.019762472716077634,3.956834532374096,1170356834.0
2024-01-22,5.45,5.06,5.45,5.02,26262305.0,150853350.0,-7.1559633027522995,-0.39000000000000057,0.022439570767696308,7.889908256880744,1170356834.0
2024-01-23,5.1,5.19,5.26,4.97,25728573.0,143883787.0,2.5691699604743157,0.13000000000000078,0.02198352865772218,5.731225296442688,1170356834.0
2024-01-24,5.23,5.25,5.29,5.02,20487423.0,116091671.0,1.156069364161838,0.05999999999999961,0.017505279077987594,5.202312138728332,1170356834.0
2024-01-25,5.17,5.33,5.34,4.99,39559801.0,225329737.0,1.5238095238095273,0.08000000000000007,0.03380148673528402,6.66666666666666,1170356834.0
2024-01-26,5.33,5.29,5.44,5.26,30336372.0,177316678.0,-0.7504690431519689,-0.040000000000000036,0.02589534160510281,3.377110694183876,1171499201.0
2024-01-29,5.29,5.13,5.34,5.11,26355744.0,150270583.0,-3.0245746691871522,-0.16000000000000014,0.022497449402869886,4.3478260869565135,1171499201.0
2024-01-30,5.11,5.11,5.27,5.08,26657023.0,151602307.0,-0.3898635477582735,-0.019999999999999574,0.022754623287190787,3.703703703703694,1171499201.0
2024-01-31,5.1,4.9,5.14,4.9,26783766.0,146863526.0,-4.109589041095885,-0.20999999999999996,0.02286281200801263,4.696673189823861,1171499201.0
2024-02-01,4.89,4.75,4.91,4.71,29951438.0,157362905.0,-3.0612244897959218,-0.15000000000000036,0.025566759221374833,4.081632653061227,1171499201.0
2024-02-02,4.78,4.65,4.87,4.52,34698570.0,177522434.0,-2.1052631578947323,-0.09999999999999964,0.02961894465688159,7.368421052631591,1171499201.0
2024-02-05,4.59,4.36,4.61,4.27,37164735.0,179394240.0,-6.236559139784948,-0.29000000000000004,0.031724080535672515,7.311827956989263,1171499201.0
2024-02-06,4.34,4.58,4.63,4.16,38451876.0,185433922.0,5.045871559633031,0.21999999999999975,0.03282279319283975,10.779816513761462,1171499201.0
2024-02-07,4.57,4.79,4.9,4.53,37566324.0,196115245.0,4.585152838427953,0.20999999999999996,0.03206687974514461,8.078602620087338,1171499201.0
2024-02-08,4.9,5.07,5.14,4.63,51470915.0,274449180.0,5.845511482254695,0.28000000000000025,0.0439359369225895,10.64718162839248,1171499201.0
2024-02-19,5.11,5.17,5.25,5.09,38419823.0,217296675.0,1.972386587771191,0.09999999999999964,0.03259054214309545,3.155818540433928,1178864188.0
2024-02-20,5.13,5.14,5.18,5.07,17143568.0,96177766.0,-0.5802707930367523,-0.03000000000000025,0.01454244532534735,2.1276595744680744,1178864188.0
2024-02-21,5.11,5.21,5.31,5.08,22399372.0,128565146.0,1.3618677042801508,0.07000000000000028,0.01900080792003837,4.474708171206217,1178864188.0
2024-02-22,5.16,5.24,5.29,5.16,18436370.0,105701716.0,0.5758157389635254,0.03000000000000025,0.015639095824327476,2.4952015355086354,1178864188.0
2024-02-23,5.22,5.27,5.3,5.18,18442888.0,105938077.0,0.5725190839694472,0.02999999999999936,0.015644624875142954,2.2900763358778646,1178864188.0
2024-02-26,5.32,5.29,5.39,5.23,24372605.0,141271267.0,0.379506641366234,0.020000000000000462,0.020674650437341135,3.0360531309297776,1178864188.0
2024-02-27,5.3,5.34,5.37,5.22,24777408.0,144130345.0,0.9451795841209698,0.04999999999999982,0.02101803435223193,2.8355387523629556,1178864188.0
2024-02-28,5.35,5.09,5.39,5.08,42673632.0,244885781.0,-4.681647940074907,-0.25,0.03619893829534162,5.805243445692876,1178864188.0
2024-02-29,5.02,5.28,5.28,5.01,27752112.0,157092485.0,3.7328094302554016,0.1900000000000004,0.023541398816332524,5.304518664047161,1178864188.0
2024-03-01,5.25,5.29,5.32,5.21,20246511.0,116647172.0,0.18939393939394478,0.009999999999999787,0.017174591616316025,2.0833333333333393,1178864188.0
2024-03-04,5.28,5.27,5.31,5.17,15810829.0,90544633.0,-0.3780718336483968,-0.020000000000000462,0.013411917302215987,2.6465028355387465,1178864188.0
2024-03-05,5.24,5.19,5.24,5.16,12010564.0,68331853.0,-1.5180265654648806,-0.07999999999999918,0.01018825079450119,1.518026565464897,1178864188.0
2024-03-06,5.21,5.37,5.46,5.19,38447650.0,225366047.0,3.4682080924855363,0.17999999999999972,0.032614147067465245,5.202312138728315,1178864188.0
2024-03-07,5.37,5.51,5.53,5.32,41060018.0,243720099.0,2.607076350093096,0.13999999999999968,0.03483015127438921,3.910614525139664,1178864188.0
2024-03-08,5.39,5.41,5.47,5.33,29136368.0,171591509.0,-1.814882032667875,-0.09999999999999964,0.02471562737810473,2.5408348457350214,1178864188.0
2024-03-11,5.4,5.36,5.42,5.3,29089307.0,169925031.0,-0.9242144177449174,-0.04999999999999982,0.024675706749011872,2.2181146025878022,1178864188.0
2024-03-12,5.32,5.28,5.35,5.21,35160029.0,203128463.0,-1.4925373134328401,-0.08000000000000007,0.029825343205692495,2.6119402985074567,1178864188.0
2024-03-13,5.25,5.24,5.27,5.22,23496717.0,134955057.0,-0.7575757575757569,-0.040000000000000036,0.019931657301307384,0.9469696969696936,1178864188.0
2024-03-14,5.22,5.18,5.25,5.13,27221490.0,154832111.0,-1.1450381679389388,-0.0600000000000005,0.02309128589798166,2.2900763358778646,1178864188.0
2024-03-15,5.16,5.25,5.25,5.13,26657544.0,151489654.0,1.3513513513513598,0.07000000000000028,0.021213288911383094,2.316602316602319,1256643612.0
2024-03-18,5.19,5.19,5.21,5.13,56785504.0,321460204.0,-1.1428571428571344,-0.05999999999999961,0.045188232731811315,1.5238095238095253,1256643612.0
2024-03-19,5.19,5.12,5.19,5.11,37370776.0,210239587.0,-1.3487475915221592,-0.07000000000000028,0.029738563617510354,1.5414258188824674,1256643612.0
2024-03-20,5.11,5.13,5.14,5.09,23773497.0,133154579.0,0.1953125,0.009999999999999787,0.018918249194108026,0.9765624999999966,1256643612.0
2024-03-21,5.13,5.08,5.16,5.06,29875743.0,166704398.0,-0.9746588693957059,-0.04999999999999982,0.02377423695525856,1.9493177387914333,1256643612.0
2024-03-22,5.05,5.02,5.06,4.97,24747438.0,135861032.0,-1.1811023622047334,-0.0600000000000005,0.019693282776183006,1.771653543307084,1256643612.0
2024-03-25,5.02,5.03,5.11,5.0,21366664.0,118376427.0,0.19920318725101804,0.010000000000000675,0.017002962332330705,2.191235059760963,1256643612.0
2024-03-26,5.02,5.04,5.06,4.96,20846320.0,114297491.0,0.1988071570576455,0.009999999999999787,0.01658888789226583,1.9880715705765335,1256643612.0
2024-03-27,5.03,5.04,5.1,5.02,25199111.0,139888033.0,0.0,0.0,0.020052710855621648,1.5873015873015885,1256643612.0
2024-03-28,5.02,5.09,5.11,5.02,21643107.0,120155363.0,0.9920634920634885,0.04999999999999982,0.01722294753526348,1.7857142857143005,1256643612.0
2024-03-29,5.08,5.11,5.11,5.06,17085953.0,95135279.0,0.39292730844795454,0.020000000000000462,0.01354042996362809,0.9823182711198568,1261847153.0
2024-04-01,5.11,5.35,5.37,5.11,72397504.0,416099004.0,4.696673189823852,0.23999999999999932,0.0573742262110568,5.088062622309193,1261847153.0
2024-04-02,5.22,5.04,5.23,5.0,101324611.0,564992632.0,-5.794392523364477,-0.3099999999999996,0.08029864057552777,4.299065420560757,1261847153.0
2024-04-03,4.91,5.02,5.05,4.88,97522197.0,531890651.0,-0.3968253968254065,-0.020000000000000462,0.07728526927222856,3.3730158730158712,1261847153.0
2024-04-08,5.0,5.08,5.11,4.99,73293593.0,406513855.0,1.195219123505975,0.0600000000000005,0.05808436689479142,2.3904382470119545,1261847153.0
2024-04-09,5.06,5.09,5.12,5.0,52510548.0,292214191.0,0.19685039370078705,0.009999999999999787,0.041614032155287514,2.362204724409451,1261847153.0
2024-04-10,5.09,5.02,5.11,4.99,44778808.0,247804946.0,-1.3752455795677854,-0.07000000000000028,0.030955459611047086,2.357563850687625,1446556070.0
2024-04-11,5.0,5.24,5.32,4.99,100235296.0,572686267.0,4.382470119521931,0.22000000000000064,0.06929236832140216,6.573705179282871,1446556070.0
2024-04-12,5.25,5.43,5.6,5.25,114741366.0,683066758.0,3.625954198473269,0.1899999999999995,0.07932037228256213,6.679389312977093,1446556070.0
2024-04-15,5.47,5.62,5.75,5.47,109682793.0,675024235.0,3.4990791896869267,0.1900000000000004,0.0758233954940993,5.156537753222841,1446556070.0
2024-04-16,5.61,5.56,5.72,5.47,100384142.0,613868529.0,-1.067615658362997,-0.0600000000000005,0.06939526512788405,4.448398576512456,1446556070.0
2024-04-17,5.58,5.93,5.99,5.53,138351277.0,863458399.0,6.654676258992809,0.3700000000000001,0.09564183502406512,8.273381294964029,1446556070.0
2024-04-18,5.94,6.11,6.36,5.91,138111358.0,929463687.0,3.0354131534570117,0.1800000000000006,0.09547597971781349,7.588532883642499,1446556070.0
2024-04-19,6.2,6.16,6.37,6.1,94858013.0,645776636.0,0.8183306055646433,0.04999999999999982,0.06557506823776281,4.418985270049107,1446556070.0
2024-04-22,6.16,6.12,6.28,6.02,73877999.0,496991317.0,-0.6493506493506551,-0.040000000000000036,0.05107164563624554,4.220779220779232,1446556070.0
2024-04-23,6.04,5.75,6.04,5.66,96582847.0,615685220.0,-6.045751633986929,-0.3700000000000001,0.06676744096065354,6.209150326797384,1446556070.0
2024-04-24,5.82,5.98,6.02,5.79,61741646.0,400046216.0,4.0000000000000036,0.23000000000000043,0.040351181755919285,3.9999999999999916,1530107504.0
2024-04-25,5.95,5.84,5.96,5.79,51644232.0,332397162.0,-2.341137123745829,-0.14000000000000057,0.03375202844570848,2.8428093645484935,1530107504.0
2024-04-26,5.82,5.79,5.87,5.75,55005841.0,349073458.0,-0.8561643835616417,-0.04999999999999982,0.03594900414265271,2.054794520547947,1530107504.0
2024-04-29,5.81,5.87,5.92,5.64,74345972.0,469448978.0,1.3816925734024155,0.08000000000000007,0.04858872452141114,4.835924006908467,1530107504.0
2024-04-30,5.89,5.87,5.95,5.79,75161959.0,483695902.0,0.0,0.0,0.0491220118870811,2.7257240204429327,1530107504.0
2024-05-06,5.97,5.98,6.04,5.87,64583576.0,420473265.0,1.873935264054527,0.11000000000000032,0.042208521839913804,2.896081771720612,1530107504.0
2024-05-07,5.95,5.89,5.97,5.85,44760502.0,289424096.0,-1.5050167224080369,-0.09000000000000075,0.029253174618768488,2.006688963210704,1530107504.0
2024-05-08,5.86,5.65,5.9,5.63,78010049.0,488760592.0,-4.074702886247872,-0.23999999999999932,0.05098337783199317,4.584040747028871,1530107504.0
2024-05-09,5.68,5.98,6.05,5.67,105169206.0,678370607.0,5.840707964601766,0.33000000000000007,0.06873321366313619,6.725663716814156,1530107504.0
2024-05-10,6.02,6.05,6.18,5.9,85512668.0,564751240.0,1.1705685618728978,0.0699999999999994,0.0558867058533163,4.682274247491628,1530107504.0
2024-05-13,5.95,5.97,6.01,5.76,61850537.0,399905645.0,-1.3223140495867813,-0.08000000000000007,0.040422347343771994,4.132231404958678,1530107504.0
2024-05-14,5.95,5.95,6.05,5.94,41763517.0,273135590.0,-0.335008375209378,-0.019999999999999574,0.027294498517798263,1.8425460636515818,1530107504.0
2024-05-15,5.95,5.98,6.07,5.94,56243025.0,370173510.0,0.5042016806722671,0.03000000000000025,0.036757564323401944,2.18487394957983,1530107504.0
2024-05-16,5.95,5.83,6.02,5.81,65799106.0,423343449.0,-2.5083612040133874,-0.15000000000000036,0.0430029300738597,3.511705685618728,1530107504.0
2024-05-17,5.84,5.8,5.88,5.72,49022950.0,309771431.0,-0.5145797598627877,-0.03000000000000025,0.0320388926084242,2.7444253859348224,1530107504.0
2024-05-20,5.8,5.79,5.84,5.75,41571543.0,263359702.0,-0.17241379310344307,-0.009999999999999787,0.02716903413082013,1.551724137931032,1530107504.0
2024-05-21,5.77,5.72,5.77,5.68,31748848.0,198867036.0,-1.2089810017271163,-0.07000000000000028,0.020749423107201494,1.5544041450777177,1530107504.0
2024-05-22,5.72,5.67,5.75,5.64,31639099.0,196899260.0,-0.8741258741258751,-0.04999999999999982,0.02067769677443527,1.9230769230769287,1530107504.0
2024-05-23,5.64,5.53,5.67,5.52,49623902.0,303343466.0,-2.4691358024691357,-0.13999999999999968,0.03243164409708038,2.645502645502652,1530107504.0
2024-05-24,5.54,5.5,5.58,5.5,28284605.0,171443802.0,-0.5424954792043413,-0.03000000000000025,0.018485371077560573,1.4466546112115743,1530107504.0
2024-05-27,5.53,5.55,5.56,5.43,31405653.0,189099351.0,0.9090909090909038,0.04999999999999982,0.020525128409539517,2.363636363636362,1530107504.0
2024-05-28,5.55,5.38,5.56,5.34,51460347.0,305539002.0,-3.063063063063065,-0.16999999999999993,0.03363185061538003,3.9639639639639594,1530107504.0
2024-05-29,5.43,5.43,5.49,5.38,27946571.0,160036390.0,0.9293680297397744,0.04999999999999982,0.018264449345514744,2.044609665427515,1530107504.0
2024-05-30,5.42,5.38,5.44,5.36,30178769.0,172006731.0,-0.9208103130755041,-0.04999999999999982,0.01972329978194787,1.4732965009208117,1530107504.0
2024-05-31,5.38,5.4,5.43,5.38,19515483.0,111505288.0,0.3717472118959231,0.020000000000000462,0.012754321476747689,0.9293680297397737,1530107504.0
2024-06-03,5.39,5.46,5.55,5.37,45884643.0,265692338.0,1.1111111111111072,0.05999999999999961,0.02998785567683877,3.3333333333333277,1530107504.0
2024-06-04,5.47,5.51,5.51,5.43,30837573.0,178662132.0,0.9157509157509125,0.04999999999999982,0.02015386037868879,1.4652014652014667,1530107504.0
2024-06-05,5.5,5.28,5.5,5.28,49276668.0,279239873.0,-4.174228675136105,-0.22999999999999954,0.03220470971561224,3.9927404718693245,1530107504.0
2024-06-06,5.28,5.13,5.32,5.1,61615276.0,337911651.0,-2.840909090909094,-0.15000000000000036,0.04026859278771304,4.1666666666666785,1530107504.0
2024-06-07,5.18,5.18,5.2,5.09,39305584.0,213987739.0,0.974658869395717,0.04999999999999982,0.025688119231653674,2.1442495126705716,1530107504.0
2024-06-11,5.13,5.14,5.18,5.08,31083825.0,168353698.0,-0.7722007722007707,-0.040000000000000036,0.02031479809016086,1.930501930501924,1530107504.0
2024-06-12,5.13,5.21,5.25,5.11,37100105.0,203336813.0,1.3618677042801508,0.07000000000000028,0.02424673096695041,2.723735408560305,1530107504.0
2024-06-13,5.19,5.04,5.22,5.0,46202486.0,248394585.0,-3.262955854126681,-0.16999999999999993,0.030195581604049174,4.222648752399227,1530107504.0
2024-06-14,5.01,5.07,5.09,4.96,26047231.0,138455911.0,0.5952380952380931,0.03000000000000025,0.01702313787227855,2.5793650793650773,1530107504.0
2024-06-17,5.03,5.07,5.11,5.02,22303327.0,119466202.0,0.0,0.0,0.014576313717627517,1.7751479289940975,1530107504.0
2024-06-18,5.05,5.14,5.15,5.04,25221440.0,136419773.0,1.380670611439827,0.0699999999999994,0.016483443113680725,2.1696252465483297,1530107504.0
2024-06-19,5.14,5.08,5.16,5.06,22149347.0,119425020.0,-1.1673151750972721,-0.05999999999999961,0.01447568026566583,1.9455252918288042,1530107504.0
2024-06-20,5.06,4.96,5.08,4.92,29080579.0,153011472.0,-2.3622047244094557,-0.1200000000000001,0.019005578970090458,3.1496062992126013,1530107504.0
2024-06-21,4.95,4.99,5.01,4.93,17702197.0,93197383.0,0.6048387096774244,0.03000000000000025,0.011569250496271012,1.6129032258064528,1530107504.0
2024-06-24,4.95,4.8,4.96,4.78,33724139.0,173165459.0,-3.8076152304609256,-0.1900000000000004,0.02204037226916312,3.6072144288577093,1530107504.0
2024-06-25,4.83,4.82,4.87,4.77,31749159.0,161964851.0,0.4166666666666874,0.020000000000000462,0.02074962636089392,2.0833333333333446,1530107504.0
2024-06-26,4.8,4.9,4.91,4.79,24813441.0,127245945.0,1.6597510373443924,0.08000000000000007,0.016216795836327066,2.4896265560165993,1530107504.0
2024-06-27,4.87,4.79,4.89,4.77,27568908.0,140476250.0,-2.244897959183678,-0.11000000000000032,0.01801762812608231,2.4489795918367365,1530107504.0
2024-06-28,4.77,4.79,4.86,4.77,27314966.0,139418759.0,0.0,0.0,0.017851664623951807,1.878914405010454,1530107504.0
2024-07-01,4.79,4.9,4.92,4.79,30216704.0,155261930.0,2.2964509394572064,0.11000000000000032,0.01974809215758215,2.7139874739039644,1530107504.0
2024-07-02,4.91,4.83,4.92,4.82,29678773.0,152507162.0,-1.4285714285714346,-0.07000000000000028,0.01939652797101765,2.0408163265306047,1530107504.0
2024-07-03,4.83,4.8,4.85,4.78,20167400.0,102705688.0,-0.6211180124223614,-0.03000000000000025,0.013180381082556928,1.4492753623188281,1530107504.0
2024-07-04,4.79,4.7,4.83,4.68,31719076.0,158787808.0,-2.083333333333326,-0.09999999999999964,0.02072996565083181,3.1250000000000075,1530107504.0
2024-07-05,4.69,4.75,4.76,4.64,20548365.0,102084685.0,1.0638297872340496,0.04999999999999982,0.013429360320292894,2.5531914893617045,1530107504.0
2024-07-08,4.72,4.64,4.73,4.63,20100162.0,99143940.0,-2.3157894736842155,-0.11000000000000032,0.013136437764963736,2.105263157894748,1530107504.0
2024-07-09,4.66,4.83,4.85,4.64,40705999.0,204783400.0,4.094827586206895,0.1900000000000004,0.02660335884477827,4.525862068965517,1530107504.0
2024-07-10,4.83,4.83,4.9,4.81,30168254.0,154866517.0,0.0,0.0,0.01971642771578748,1.863354037267096,1530107504.0
2024-07-11,4.9,4.89,4.94,4.84,37855903.0,195461547.0,1.2422360248447228,0.05999999999999961,0.0247406818808726,2.070393374741212,1530107504.0
2024-07-12,4.88,4.86,4.88,4.83,20232048.0,103970169.0,-0.6134969325153228,-0.02999999999999936,0.01322263170862797,1.0224948875255588,1530107504.0
2024-07-15,4.83,4.84,4.86,4.8,18731638.0,95753527.0,-0.4115226337448652,-0.020000000000000462,0.012242040478222502,1.234567901234578,1530107504.0
2024-07-16,4.83,4.81,4.85,4.79,19504482.0,99418359.0,-0.6198347107438051,-0.03000000000000025,0.012747131785846074,1.2396694214875952,1530107504.0
2024-07-17,4.82,4.71,4.82,4.7,23841620.0,119479906.0,-2.079002079002068,-0.09999999999999964,0.015581663339127052,2.494802494802497,1530107504.0
2024-07-18,4.68,4.69,4.71,4.61,22232533.0,109621844.0,-0.4246284501061459,-0.019999999999999574,0.01453004638032283,2.123142250530778,1530107504.0
2024-07-19,4.67,4.66,4.69,4.63,18674130.0,92119623.0,-0.6396588486140775,-0.03000000000000025,0.012204456190942254,1.2793176972281555,1530107504.0
2024-07-22,4.65,4.6,4.68,4.59,18878161.0,92236233.0,-1.2875536480686844,-0.0600000000000005,0.012337800416407866,1.9313304721030013,1530107504.0
2024-07-23,4.6,4.48,4.62,4.47,22870460.0,110140317.0,-2.608695652173898,-0.11999999999999922,0.014946962837717055,3.2608695652173996,1530107504.0
2024-07-24,4.46,4.39,4.49,4.36,24113984.0,112641438.0,-2.008928571428592,-0.09000000000000075,0.015759666518176882,2.9017857142857117,1530107504.0
2024-07-25,4.38,4.45,4.46,4.36,19409403.0,90842239.0,1.3667425968109548,0.0600000000000005,0.012684993014713037,2.2779043280182156,1530107504.0
2024-07-26,4.44,4.5,4.54,4.43,23113696.0,109900670.0,1.1235955056179803,0.04999999999999982,0.015105929445856767,2.4719101123595575,1530107504.0
2024-07-29,4.51,4.41,4.52,4.4,20043709.0,94170334.0,-2.0000000000000018,-0.08999999999999986,0.013099542971720501,2.666666666666649,1530107504.0
2024-07-30,4.4,4.43,4.43,4.37,12884347.0,60004182.0,0.45351473922901064,0.019999999999999574,0.008420550168088058,1.360544217687066,1530107504.0
2024-07-31,4.42,4.61,4.62,4.4,37395900.0,180051796.0,4.06320541760723,0.1800000000000006,0.024440047449110477,4.966139954853268,1530107504.0
2024-08-01,4.63,4.56,4.64,4.55,24305770.0,117940332.0,-1.0845986984815759,-0.05000000000000071,0.015885008037971167,1.9522776572668081,1530107504.0
2024-08-02,4.54,4.52,4.58,4.51,28962479.0,138923481.0,-0.8771929824561431,-0.040000000000000036,0.018928394850875784,1.535087719298252,1530107504.0
2024-08-05,4.49,4.44,4.55,4.43,27411870.0,130164209.0,-1.7699115044247593,-0.07999999999999918,0.017914996121736554,2.654867256637171,1530107504.0
2024-08-06,4.46,4.48,4.5,4.43,19079289.0,90028884.0,0.9009009009008917,0.040000000000000036,0.012469247389561199,1.5765765765765827,1530107504.0
2024-08-07,4.46,4.44,4.5,4.44,19800168.0,93637344.0,-0.8928571428571397,-0.040000000000000036,0.012940377031181465,1.3392857142857053,1530107504.0
2024-08-08,4.45,4.43,4.46,4.39,20143290.0,94163655.0,-0.22522522522524513,-0.010000000000000675,0.01316462401977737,1.5765765765765827,1530107504.0
2024-08-09,4.45,4.42,4.5,4.41,18568079.0,87588068.0,-0.22573363431150906,-0.009999999999999787,0.01213514668182426,2.0316027088036086,1530107504.0
2024-08-12,4.4,4.39,4.42,4.38,14302148.0,66553332.0,-0.6787330316742168,-0.03000000000000025,0.009347152381523121,0.9049773755656116,1530107504.0
2024-08-13,4.39,4.42,4.43,4.38,12295600.0,57261572.0,0.6833712984054774,0.03000000000000025,0.00803577524314919,1.1389521640091078,1530107504.0
2024-08-14,4.41,4.37,4.43,4.37,13688400.0,63588936.0,-1.1312217194570096,-0.04999999999999982,0.008946038081779122,1.3574660633484075,1530107504.0
2024-08-15,4.37,4.39,4.41,4.33,23625061.0,109286158.0,0.4576659038901587,0.019999999999999574,0.015440131453665493,1.8306636155606424,1530107504.0
2024-08-16,4.39,4.36,4.4,4.35,13280172.0,61336691.0,-0.6833712984054552,-0.02999999999999936,0.008679241141738757,1.1389521640091278,1530107504.0
2024-08-19,4.35,4.36,4.4,4.35,16324347.0,75611514.0,0.0,0.0,0.010668758212952337,1.1467889908257043,1530107504.0
2024-08-20,4.36,4.26,4.37,4.23,24966824.0,113144741.0,-2.2935779816513846,-0.10000000000000053,0.016317039119625152,3.2110091743119193,1530107504.0
2024-08-21,4.24,4.23,4.26,4.23,10307595.0,46239082.0,-0.704225352112664,-0.02999999999999936,0.006736516861105466,0.704225352112661,1530107504.0
2024-08-22,4.23,4.13,4.24,4.12,20492699.0,90476534.0,-2.3640661938534424,-0.10000000000000053,0.013392979869994808,2.836879432624116,1530107504.0
2024-08-23,4.11,4.15,4.16,4.11,12379839.0,54218077.0,0.4842615012106588,0.020000000000000462,0.008090829544745505,1.2106537530266301,1530107504.0
2024-08-26,4.17,4.14,4.18,4.12,17243006.0,75632461.0,-0.2409638554217053,-0.010000000000000675,0.011269146746175294,1.445783132530111,1530107504.0
2024-08-27,4.14,4.14,4.22,4.12,23564623.0,103532697.0,0.0,0.0,0.015400632268254008,2.4154589371980593,1530107504.0
2024-08-28,4.12,4.14,4.16,4.12,15820940.0,69293473.0,0.0,0.0,0.010339757146893908,0.966183574879228,1530107504.0
2024-08-29,4.12,4.23,4.23,4.11,32142041.0,142322861.0,2.1739130434782705,0.09000000000000075,0.02100639394027833,2.898550724637684,1530107504.0
2024-08-30,4.23,4.33,4.36,4.21,31624560.0,143594449.0,2.364066193853409,0.09999999999999964,0.020668194827701467,3.5460992907801496,1530107504.0
2024-09-02,4.35,4.17,4.36,4.17,44357726.0,199530278.0,-3.6951501154734445,-0.16000000000000014,0.02898994082705969,4.38799076212472,1530107504.0
2024-09-03,4.17,4.23,4.23,4.16,22186520.0,98731617.0,1.4388489208633226,0.0600000000000005,0.014499974637076219,1.6786570743405345,1530107504.0
2024-09-04,4.2,4.19,4.23,4.18,14320156.0,63612277.0,-0.9456264775413725,-0.040000000000000036,0.009358921489218446,1.1820330969267305,1530107504.0
2024-09-05,4.18,4.23,4.24,4.18,15078312.0,67309059.0,0.9546539379474916,0.040000000000000036,0.009854413471329529,1.4319809069212528,1530107504.0
2024-09-06,4.23,4.19,4.24,4.19,14645144.0,65213587.0,-0.9456264775413725,-0.040000000000000036,0.009571317022963897,1.1820330969267097,1530107504.0
2024-09-09,4.17,4.12,4.17,4.09,20272902.0,88343462.0,-1.670644391408116,-0.07000000000000028,0.013249331793356136,1.9093078758949895,1530107504.0
2024-09-10,4.12,4.08,4.13,3.99,21243148.0,91140547.0,-0.9708737864077666,-0.040000000000000036,0.013883434951117003,3.3980582524271767,1530107504.0
2024-09-11,4.08,4.09,4.15,4.04,16289267.0,70645885.0,0.2450980392156854,0.009999999999999787,0.010645831719285523,2.6960784313725568,1530107504.0
2024-09-12,4.08,4.1,4.19,4.08,20008801.0,87653178.0,0.24449877750609694,0.009999999999999787,0.013076728888455931,2.689486552567245,1530107504.0
2024-09-13,4.1,4.03,4.12,4.02,15117048.0,65077000.0,-1.7073170731707221,-0.0699999999999994,0.009879729339592861,2.4390243902439157,1530107504.0
2024-09-18,4.03,4.03,4.05,3.94,19452150.0,82071487.0,0.0,0.0,0.012712930267414727,2.7295285359801453,1530107504.0
2024-09-19,4.06,4.14,4.15,4.04,23999359.0,104114739.0,2.7295285359801413,0.10999999999999943,0.015684753481216833,2.7295285359801564,1530107504.0
2024-09-20,4.14,4.09,4.14,4.05,16648789.0,72006478.0,-1.207729468599028,-0.04999999999999982,0.010880796909025551,2.1739130434782576,1530107504.0
2024-09-23,4.08,4.12,4.14,4.07,12250274.0,53357787.0,0.7334963325183352,0.03000000000000025,0.008006152487962702,1.7114914425427725,1530107504.0
2024-09-24,4.14,4.32,4.33,4.14,41256029.0,185223611.0,4.854368932038833,0.20000000000000018,0.02696283031888196,4.611650485436902,1530107504.0
2024-09-25,4.52,4.4,4.57,4.39,54486061.0,256656442.0,1.85185185185186,0.08000000000000007,0.03560930252126912,4.16666666666668,1530107504.0
2024-09-26,4.4,4.56,4.56,4.38,39057208.0,185135984.0,3.6363636363636154,0.15999999999999925,0.02552579338242367,4.090909090909084,1530107504.0
2024-09-27,4.68,4.73,4.79,4.61,74560289.0,370160089.0,3.7280701754386136,0.17000000000000082,0.04872879115035044,3.9473684210526256,1530107504.0
2024-09-30,4.9,5.15,5.16,4.81,122798539.0,649425783.0,8.879492600422822,0.41999999999999993,0.08025484397598248,7.399577167019038,1530107504.0
2024-10-08,5.67,5.39,5.67,5.07,134334059.0,764176639.0,4.660194174757271,0.23999999999999932,0.08779386980903271,11.650485436893195,1530107504.0
2024-10-09,5.26,4.89,5.26,4.89,82452155.0,440838566.0,-9.276437847866415,-0.5,0.05388651110098732,6.864564007421152,1530107504.0
2024-10-10,4.97,4.96,5.07,4.9,56077847.0,296145134.0,1.4314928425357865,0.07000000000000028,0.036649612431415145,3.476482617586911,1530107504.0
2024-10-11,4.96,4.75,4.96,4.73,43400739.0,221683686.0,-4.233870967741938,-0.20999999999999996,0.028364503073504306,4.637096774193539,1530107504.0
2024-10-14,4.77,4.82,4.85,4.71,36018709.0,182455303.0,1.473684210526316,0.07000000000000028,0.023539985854484118,2.9473684210526248,1530107504.0
2024-10-15,4.8,4.73,4.83,4.73,32011712.0,161481142.0,-1.8672199170124415,-0.08999999999999986,0.020921217572173936,2.0746887966804906,1530107504.0
2024-10-16,4.66,4.73,4.76,4.64,31361786.0,156368387.0,0.0,0.0,0.020496459182125545,2.536997885835097,1530107504.0
2024-10-17,4.75,4.65,4.77,4.65,27891597.0,138950183.0,-1.6913319238900604,-0.08000000000000007,0.018228521151021033,2.5369978858350786,1530107504.0
2024-10-18,4.63,4.75,4.79,4.62,48982865.0,243434047.0,2.1505376344086002,0.09999999999999964,0.032012695102761876,3.6559139784946217,1530107504.0
2024-10-21,4.76,4.74,4.79,4.72,43549651.0,218799169.0,-0.21052631578947212,-0.009999999999999787,0.028461824339892916,1.473684210526322,1530107504.0
2024-10-22,4.73,4.8,4.81,4.72,53765839.0,271704466.0,1.2658227848101111,0.05999999999999961,0.03513860226124347,1.898734177215187,1530107504.0
2024-10-23,4.81,4.83,4.86,4.78,36340031.0,185295082.0,0.6250000000000089,0.03000000000000025,0.023749985478144546,1.6666666666666683,1530107504.0
2024-10-24,4.79,4.78,4.82,4.75,26367795.0,133325991.0,-1.0351966873705987,-0.04999999999999982,0.017232642105910488,1.4492753623188466,1530107504.0
2024-10-25,4.78,4.83,4.84,4.76,35685666.0,181773398.0,1.0460251046024993,0.04999999999999982,0.023322325984749894,1.673640167364018,1530107504.0
2024-10-28,4.83,4.97,4.98,4.81,44666227.0,231654759.0,2.898550724637672,0.13999999999999968,0.02919156130091105,3.519668737060058,1530107504.0
2024-10-29,4.98,4.85,5.01,4.82,46800002.0,242344260.0,-2.4144869215291798,-0.1200000000000001,0.0305860874988559,3.8229376257545176,1530107504.0
2024-10-30,4.74,4.68,4.75,4.64,70456132.0,348945400.0,-3.5051546391752564,-0.16999999999999993,0.04604652406174985,2.268041237113409,1530107504.0
2024-10-31,4.71,4.68,4.72,4.65,47087722.0,233035542.0,0.0,0.0,0.030774126574050185,1.4957264957264829,1530107504.0
2024-11-01,4.66,4.58,4.67,4.57,52004036.0,253575504.0,-2.136752136752129,-0.09999999999999964,0.03398717793622428,2.136752136752129,1530107504.0
2024-11-04,4.59,4.65,4.65,4.58,33149822.0,162268983.0,1.5283842794759916,0.07000000000000028,0.021665028054133378,1.5283842794759888,1530107504.0
2024-11-05,4.64,4.75,4.75,4.64,51229100.0,254575272.0,2.1505376344086002,0.09999999999999964,0.03348071940440598,2.365591397849469,1530107504.0
2024-11-06,4.74,4.75,4.78,4.72,46696599.0,234389178.0,0.0,0.0,0.030518508587093367,1.2631578947368527,1530107504.0
2024-11-07,4.73,4.89,4.89,4.71,63876005.0,325737989.0,2.947368421052632,0.13999999999999968,0.04174608962639268,3.7894736842105203,1530107504.0
2024-11-08,4.92,4.8,4.94,4.78,69720427.0,357202673.0,-1.8404907975460127,-0.08999999999999986,0.045565704904875756,3.2719836400818028,1530107504.0
2024-11-11,4.8,4.87,4.88,4.79,48675751.0,248864123.0,1.4583333333333393,0.07000000000000028,0.031811981101165815,1.8749999999999971,1530107504.0
2024-11-12,4.88,4.85,4.94,4.82,71738666.0,371052888.0,-0.4106776180698213,-0.020000000000000462,0.046884722682857975,2.4640657084188935,1530107504.0
2024-11-13,4.85,4.85,4.88,4.76,51188963.0,261104050.0,0.0,0.0,0.03345448791420345,2.4742268041237137,1530107504.0
2024-11-14,4.84,4.68,4.86,4.67,53235430.0,268102134.0,-3.5051546391752564,-0.16999999999999993,0.034791954069130555,3.9175257731958846,1530107504.0
2024-11-15,4.66,4.62,4.72,4.61,36897983.0,182211406.0,-1.2820512820512775,-0.05999999999999961,0.02411463436623993,2.350427350427338,1530107504.0
2024-11-18,4.68,4.72,4.83,4.67,64353309.0,323331290.0,2.1645021645021467,0.09999999999999964,0.042058031106813,3.463203463203466,1530107504.0
2024-11-19,4.73,4.74,4.74,4.63,37317439.0,185168853.0,0.4237288135593209,0.020000000000000462,0.024388769352770914,2.3305084745762783,1530107504.0
2024-11-20,4.73,4.76,4.76,4.7,35289920.0,176623692.0,0.42194092827003704,0.019999999999999574,0.023063686641458366,1.2658227848101182,1530107504.0
2024-11-21,4.75,4.76,4.8,4.74,35426327.0,178707102.0,0.0,0.0,0.023152835279474586,1.2605042016806642,1530107504.0
2024-11-22,4.77,4.65,4.8,4.64,48272721.0,241494578.0,-2.310924369747891,-0.10999999999999943,0.03154858130804906,3.361344537815129,1530107504.0
2024-11-25,4.65,4.65,4.68,4.59,28364620.0,139062897.0,0.0,0.0,0.018537664788813427,1.9354838709677389,1530107504.0
2024-11-26,4.63,4.64,4.67,4.61,19599454.0,96389390.0,-0.21505376344087557,-0.010000000000000675,0.012809200627252135,1.2903225806451528,1530107504.0
2024-11-27,4.63,4.67,4.67,4.54,33053193.0,160387279.0,0.6465517241379448,0.03000000000000025,0.02160187628228245,2.8017241379310325,1530107504.0
2024-11-28,4.67,4.7,4.74,4.65,37420530.0,185968695.0,0.6423982869379063,0.03000000000000025,0.024456144357292167,1.9271948608137013,1530107504.0
2024-11-29,4.68,4.73,4.75,4.67,35141448.0,175359704.0,0.6382978723404209,0.03000000000000025,0.022966652936563862,1.7021276595744694,1530107504.0
2024-12-02,4.73,4.79,4.8,4.72,44392707.0,223775170.0,1.2684989429175397,0.05999999999999961,0.02901280261939033,1.6913319238900648,1530107504.0
2024-12-03,4.79,4.81,4.81,4.75,41314704.0,209026525.0,0.41753653444676075,0.019999999999999574,0.027001177297670452,1.2526096033402843,1530107504.0
2024-12-04,4.8,4.75,4.81,4.75,33322753.0,168461787.0,-1.2474012474012364,-0.05999999999999961,0.021778046910356175,1.2474012474012393,1530107504.0
2024-12-05,4.75,4.79,4.8,4.75,27195699.0,137409250.0,0.8421052631578885,0.040000000000000036,0.017773717813228892,1.0526315789473648,1530107504.0
2024-12-06,4.79,4.85,4.86,4.78,44739618.0,228629190.0,1.2526096033402823,0.05999999999999961,0.02923952590457984,1.670146137787058,1530107504.0
2024-12-09,4.87,4.98,5.02,4.86,98302194.0,515609827.0,2.6804123711340333,0.13000000000000078,0.06424528586587469,3.298969072164933,1530107504.0
2024-12-10,5.09,4.93,5.12,4.92,93170552.0,492428710.0,-1.0040160642570406,-0.05000000000000071,0.0608915071368737,4.016064257028116,1530107504.0
2024-12-11,4.92,4.97,4.99,4.92,44908420.0,235721755.0,0.8113590263691739,0.040000000000000036,0.02934984625759995,1.4198782961460505,1530107504.0
2024-12-12,4.98,4.97,4.99,4.91,49458870.0,258975615.0,0.0,0.0,0.03232378762322572,1.6096579476861181,1530107504.0
2024-12-13,4.94,4.84,4.95,4.84,49780667.0,257529080.0,-2.6156941649899346,-0.1299999999999999,0.03253409768259002,2.213279678068417,1530107504.0
2024-12-16,4.85,4.89,5.0,4.85,43661130.0,227374522.0,1.0330578512396604,0.04999999999999982,0.028534681312170077,3.0991735537190155,1530107504.0
2024-12-17,4.89,4.81,4.95,4.8,42657730.0,219117164.0,-1.6359918200409052,-0.08000000000000007,0.027878910395827978,3.0674846625766947,1530107504.0
2024-12-18,4.83,4.83,4.89,4.81,30492030.0,156689706.0,0.4158004158004269,0.020000000000000462,0.019928031148326426,1.6632016632016646,1530107504.0
2024-12-19,4.78,4.8,4.82,4.75,31826887.0,160897457.0,-0.6211180124223614,-0.03000000000000025,0.02080042540592625,1.4492753623188466,1530107504.0
2024-12-20,4.79,4.79,4.82,4.78,23822008.0,120988930.0,-0.2083333333333326,-0.009999999999999787,0.015568845939075926,0.8333333333333341,1530107504.0
2024-12-23,4.81,4.74,4.83,4.74,33721640.0,170741582.0,-1.0438413361169019,-0.04999999999999982,0.022038739050586342,1.8789144050104356,1530107504.0
2024-12-24,4.74,4.8,4.84,4.74,28986989.0,147117017.0,1.2658227848101111,0.05999999999999961,0.018944413333195444,2.1097046413502034,1530107504.0
2024-12-25,4.81,4.77,4.82,4.73,23741000.0,119627499.0,-0.6250000000000089,-0.03000000000000025,0.015515903253814772,1.8749999999999971,1530107504.0
2024-12-26,4.77,4.78,4.8,4.75,20777737.0,105115903.0,0.20964360587003572,0.010000000000000675,0.013579266127172722,1.0482180293501013,1530107504.0
2024-12-27,4.79,4.88,4.9,4.77,49140522.0,252280043.0,2.092050209205021,0.09999999999999964,0.03211573165384594,2.7196652719665435,1530107504.0
2024-12-30,4.9,4.89,4.98,4.87,48743560.0,253643528.0,0.2049180327868827,0.009999999999999787,0.0318562975951525,2.2540983606557443,1530107504.0
2024-12-31,4.87,4.75,4.89,4.75,42816548.0,217715316.0,-2.862985685071573,-0.13999999999999968,0.02798270571712718,2.8629856850715685,1530107504.0
2025-01-02,4.75,4.64,4.78,4.62,44027046.0,219182585.0,-2.3157894736842155,-0.11000000000000032,0.02877382529325861,3.3684210526315814,1530107504.0
2025-01-03,4.66,4.56,4.69,4.55,33914368.0,165404901.0,-1.7241379310344862,-0.08000000000000007,0.022164696213397565,3.0172413793103576,1530107504.0
2025-01-06,4.55,4.53,4.59,4.48,24264620.0,116417461.0,-0.6578947368420907,-0.02999999999999936,0.01585811450278333,2.4122807017543737,1530107504.0
2025-01-07,4.52,4.57,4.57,4.49,18474418.0,88543849.0,0.8830022075055233,0.040000000000000036,0.012073934642960879,1.766004415011039,1530107504.0
2025-01-08,4.54,4.5,4.55,4.43,26616161.0,126433357.0,-1.5317286652078876,-0.07000000000000028,0.017394961419651987,2.6258205689277925,1530107504.0
2025-01-09,4.48,4.46,4.49,4.45,16157860.0,76416124.0,-0.8888888888888946,-0.040000000000000036,0.010559950825520558,0.8888888888888897,1530107504.0
2025-01-10,4.46,4.37,4.48,4.37,18481104.0,86517201.0,-2.0179372197309364,-0.08999999999999986,0.012078304270573657,2.4663677130044914,1530107504.0
2025-01-13,4.34,4.38,4.39,4.32,13438139.0,61930972.0,0.22883295194506825,0.009999999999999787,0.008782480292966395,1.6018306636155468,1530107504.0
2025-01-14,4.38,4.5,4.5,4.38,21059821.0,99256254.0,2.7397260273972712,0.1200000000000001,0.013763621801046993,2.739726027397263,1530107504.0
2025-01-15,4.49,4.46,4.5,4.45,15778551.0,74611960.0,-0.8888888888888946,-0.040000000000000036,0.010312053864680608,1.1111111111111072,1530107504.0
2025-01-16,4.49,4.52,4.55,4.48,19780822.0,94446307.0,1.3452914798206095,0.05999999999999961,0.012927733475124504,1.5695067264573856,1530107504.0
2025-01-17,4.51,4.54,4.56,4.48,16692858.0,80051201.0,0.4424778761062065,0.020000000000000462,0.010909598153307273,1.7699115044247606,1530107504.0
2025-01-20,4.56,4.54,4.58,4.53,15674142.0,75521691.0,0.0,0.0,0.010243817482774727,1.1013215859030798,1530107504.0
2025-01-21,4.57,4.52,4.57,4.49,11828960.0,56587346.0,-0.440528634361248,-0.020000000000000462,0.007730803207667949,1.7621145374449354,1530107504.0
2025-01-22,4.52,4.5,4.53,4.48,10985392.0,52307664.0,-0.4424778761061843,-0.019999999999999574,0.007179490311159209,1.106194690265483,1530107504.0
2025-01-23,4.58,4.52,4.58,4.51,17626230.0,84771162.0,0.4444444444444251,0.019999999999999574,0.011519602350763975,1.555555555555562,1530107504.0
2025-01-24,4.51,4.54,4.56,4.5,12440842.0,59603838.0,0.4424778761062065,0.020000000000000462,0.00813069798525738,1.3274336283185755,1530107504.0
2025-01-27,4.54,4.57,4.6,4.54,21900286.0,106145100.0,0.6607929515418665,0.03000000000000025,0.014312906735473405,1.3215859030836918,1530107504.0
2025-02-05,4.58,4.54,4.59,4.52,19119347.0,91891525.0,-0.6564551422319487,-0.03000000000000025,0.012495427249404563,1.5317286652078836,1530107504.0
2025-02-06,4.53,4.58,4.58,4.5,20157347.0,96768462.0,0.8810572687224738,0.040000000000000036,0.013173810955965353,1.7621145374449354,1530107504.0
2025-02-07,4.57,4.6,4.64,4.56,34786210.0,169317641.0,0.4366812227074135,0.019999999999999574,0.02273448755009831,1.746724890829696,1530107504.0
2025-02-10,4.6,4.61,4.62,4.59,24588775.0,119899829.0,0.21739130434783593,0.010000000000000675,0.01606996563033652,0.6521739130434837,1530107504.0
2025-02-11,4.61,4.62,4.66,4.57,26351976.0,128426110.0,0.2169197396963085,0.009999999999999787,0.017222303616648362,1.9522776572668081,1530107504.0
2025-02-12,4.61,4.61,4.62,4.57,19167250.0,93244184.0,-0.21645021645021467,-0.009999999999999787,0.012526734199978148,1.0822510822510785,1530107504.0
2025-02-13,4.6,4.58,4.61,4.58,18220608.0,88585279.0,-0.6507592190889477,-0.03000000000000025,0.011908057409278609,0.6507592190889424,1530107504.0
2025-02-14,4.58,4.56,4.58,4.53,22833394.0,110105441.0,-0.4366812227074357,-0.020000000000000462,0.014922738396033643,1.091703056768555,1530107504.0
2025-02-17,4.57,4.58,4.58,4.55,19475752.0,94119752.0,0.43859649122808264,0.020000000000000462,0.012728355327378357,0.6578947368421107,1530107504.0
2025-02-18,4.57,4.53,4.6,4.52,23454292.0,113280951.0,-1.091703056768556,-0.04999999999999982,0.015328525570056938,1.746724890829696,1530107504.0
2025-02-19,4.53,4.53,4.53,4.49,18040534.0,86121547.0,0.0,0.0,0.011790370253618468,0.8830022075055195,1530107504.0
2025-02-20,4.52,4.49,4.52,4.47,18596389.0,88363723.0,-0.8830022075055233,-0.040000000000000036,0.012153648649774872,1.1037527593818945,1530107504.0
2025-02-21,4.48,4.49,4.51,4.47,15479619.0,73504067.0,0.0,0.0,0.010116687199777303,0.8908685968819607,1530107504.0
2025-02-24,4.48,4.51,4.53,4.47,17092639.0,81461993.0,0.44543429844097204,0.019999999999999574,0.011170874566209564,1.3363028953229508,1530107504.0
2025-02-25,4.49,4.49,4.51,4.47,17821380.0,84572356.0,-0.44345898004433115,-0.019999999999999574,0.011647142408890506,0.8869179600886926,1530107504.0
2025-02-26,4.49,4.57,4.57,4.48,25399530.0,121953001.0,1.7817371937639104,0.08000000000000007,0.01659983362842197,2.0044543429844066,1530107504.0
2025-02-27,4.57,4.58,4.59,4.53,26921447.0,129826896.0,0.2188183807439792,0.009999999999999787,0.017593673551526273,1.3129102844638865,1530177704.0
2025-02-28,4.57,4.51,4.58,4.51,16821857.0,80735211.0,-1.5283842794759916,-0.07000000000000028,0.010993400933778081,1.5283842794759888,1530177704.0
2025-03-03,4.52,4.51,4.56,4.5,15248087.0,73112288.0,0.0,0.0,0.0099649125458699,1.330376940133029,1530177704.0
2025-03-04,4.5,4.53,4.54,4.49,10791299.0,51542153.0,0.44345898004436446,0.020000000000000462,0.007052317499981035,1.1086474501108607,1530177704.0
2025-03-05,4.53,4.51,4.54,4.48,12747523.0,60708235.0,-0.44150110375277274,-0.020000000000000462,0.008330746792792113,1.3245033112582694,1530177704.0
2025-03-06,4.52,4.57,4.58,4.5,23175678.0,111300358.0,1.330376940133049,0.0600000000000005,0.015145742837199255,1.7738359201773852,1530177704.0
2025-03-07,4.55,4.57,4.58,4.54,19562073.0,94465786.0,0.0,0.0,0.012784183790459935,0.8752735229759306,1530177704.0
2025-03-10,4.59,4.58,4.59,4.56,17645510.0,85387247.0,0.2188183807439792,0.009999999999999787,0.011474228245750829,0.6564551422319529,1537838504.0
2025-03-11,4.57,4.73,4.73,4.55,70411854.0,346506983.0,3.27510917030569,0.15000000000000036,0.04578624726644248,3.9301310043668254,1537838504.0
2025-03-12,4.75,4.67,4.77,4.66,38776536.0,192668711.0,-1.268498942917562,-0.0600000000000005,0.025214959762771032,2.325581395348825,1537838504.0
2025-03-13,4.68,4.7,4.75,4.65,27948179.0,138541130.0,0.6423982869379063,0.03000000000000025,0.01817367618726238,2.141327623126331,1537838504.0
2025-03-14,4.69,4.75,4.75,4.67,33291747.0,165996084.0,1.0638297872340496,0.04999999999999982,0.021648402555539084,1.7021276595744694,1537838504.0
2025-03-17,4.76,4.76,4.78,4.74,26491463.0,133429278.0,0.21052631578946102,0.009999999999999787,0.01722642717755752,0.8421052631578954,1537838504.0
2025-03-18,4.77,4.75,4.78,4.73,19890409.0,99801905.0,-0.21008403361344463,-0.009999999999999787,0.012934003764546138,1.0504201680672232,1537838504.0
2025-03-19,4.74,4.75,4.76,4.73,20775995.0,104329057.0,0.0,0.0,0.013509867873616462,0.6315789473684076,1537838504.0
2025-03-20,4.74,4.77,4.79,4.73,24079819.0,121577825.0,0.42105263157894424,0.019999999999999574,0.015658223498349864,1.2631578947368338,1537838504.0
2025-03-21,4.76,4.74,4.8,4.72,31345064.0,157954628.0,-0.6289308176100517,-0.02999999999999936,0.020382545968559,1.6771488469601692,1537838504.0
2025-03-24,4.74,4.71,4.75,4.65,27453526.0,136403409.0,-0.6329113924050667,-0.03000000000000025,0.01785202147598198,2.1097046413502034,1537838504.0
2025-03-25,4.71,4.75,4.75,4.69,22977766.0,114868671.0,0.849256900212314,0.040000000000000036,0.014941598835140103,1.273885350318463,1537838504.0
2025-03-26,4.74,4.73,4.76,4.72,14812192.0,74269972.0,-0.42105263157893313,-0.019999999999999574,0.00963182542345812,0.8421052631578954,1537838504.0
2025-03-27,4.72,4.7,4.74,4.68,17196667.0,85565445.0,-0.634249471458781,-0.03000000000000025,0.011182362098016502,1.268498942917558,1537838504.0
2025-03-28,4.71,4.63,4.71,4.63,22933014.0,112982224.0,-1.4893617021276673,-0.07000000000000028,0.014912498250206381,1.7021276595744694,1537838504.0
2025-03-31,4.62,4.57,4.63,4.54,21005667.0,101722939.0,-1.295896328293733,-0.05999999999999961,0.013659215155143494,1.9438444924406015,1537838504.0
2025-04-01,4.58,4.61,4.63,4.57,16663190.0,81185673.0,0.875273522975939,0.040000000000000036,0.010835461562874226,1.3129102844638865,1537838504.0
2025-04-02,4.61,4.6,4.62,4.58,10374400.0,50538729.0,-0.21691973969633072,-0.010000000000000675,0.006746091981060191,0.8676789587852501,1537838504.0
2025-04-03,4.57,4.58,4.61,4.55,19270810.0,93223399.0,-0.43478260869563856,-0.019999999999999574,0.012531101250147916,1.3043478260869674,1537838504.0
2025-04-07,4.41,4.13,4.41,4.13,40591111.0,181225273.0,-9.825327510917036,-0.4500000000000002,0.02639491136060149,6.1135371179039355,1537838504.0
2025-04-08,4.13,4.1,4.18,4.05,39275361.0,170332644.0,-0.7263922518159882,-0.03000000000000025,0.02553932737270051,3.1476997578692467,1537838504.0
2025-04-09,4.06,4.12,4.13,3.91,29753796.0,127339060.0,0.4878048780487809,0.020000000000000462,0.01934780272610472,5.3658536585365795,1537838504.0
2025-04-10,4.2,4.21,4.25,4.18,32487213.0,144946340.0,2.1844660194174637,0.08999999999999986,0.02112524359059747,1.699029126213599,1537838504.0
2025-04-11,4.17,4.19,4.22,4.15,17845509.0,79093182.0,-0.47505938242279333,-0.019999999999999574,0.011604280263228472,1.6627078384797958,1537838504.0
2025-04-14,4.23,4.24,4.26,4.23,18672378.0,83740592.0,1.193317422434359,0.04999999999999982,0.01214196285984006,0.7159904534606052,1537838504.0
2025-04-15,4.23,4.23,4.26,4.21,9798874.0,43785463.0,-0.2358490566037652,-0.009999999999999787,0.00637184852278871,1.1792452830188638,1537838504.0
2025-04-16,4.23,4.2,4.23,4.16,13653195.0,60515790.0,-0.7092198581560294,-0.03000000000000025,0.008878172164689148,1.6548463356974061,1537838504.0
2025-04-17,4.19,4.21,4.23,4.17,10374040.0,46242558.0,0.23809523809523725,0.009999999999999787,0.006745857886258257,1.4285714285714404,1537838504.0
2025-04-18,4.21,4.21,4.23,4.19,9831587.0,43750763.0,0.0,0.0,0.006393120587387764,0.9501187648456066,1537838504.0
2025-04-21,4.21,4.22,4.23,4.19,11037161.0,49148535.0,0.23752969121140222,0.009999999999999787,0.007177061161683594,0.9501187648456066,1537838504.0
2025-04-22,4.21,4.24,4.25,4.2,16617237.0,74452821.0,0.4739336492891155,0.020000000000000462,0.010805580011670719,1.1848341232227448,1537838504.0
2025-04-23,4.27,4.28,4.29,4.24,16623926.0,75022744.0,0.9433962264151052,0.040000000000000036,0.010809929623143316,1.1792452830188638,1537838504.0
2025-04-24,4.27,4.25,4.3,4.23,17614424.0,79510674.0,-0.7009345794392607,-0.03000000000000025,0.01145401415960385,1.6355140186915746,1537838504.0
2025-04-25,4.25,4.28,4.29,4.24,15373845.0,69472947.0,0.7058823529411784,0.03000000000000025,0.009997047778431746,1.17647058823529,1537838504.0
2025-04-28,4.24,4.17,4.25,4.15,26991022.0,119212807.0,-2.570093457943934,-0.11000000000000032,0.017551272080777607,2.3364485981308327,1537838504.0
2025-04-29,4.04,4.12,4.14,4.02,23601757.0,101949024.0,-1.1990407673860837,-0.04999999999999982,0.015347357306121918,2.8776978417266212,1537838504.0
2025-04-30,4.12,4.12,4.15,4.12,13024825.0,56944109.0,0.0,0.0,0.008469566190547145,0.7281553398058312,1537838504.0
2025-05-06,4.17,4.17,4.18,4.14,15437059.0,67900215.0,1.213592233009697,0.04999999999999982,0.010038153525124638,0.9708737864077678,1537838504.0
2025-05-07,4.2,4.21,4.23,4.18,20356611.0,90411886.0,0.9592326139088669,0.040000000000000036,0.013237157833577042,1.199040767386108,1537838504.0
2025-05-08,4.21,4.37,4.4,4.19,53368745.0,244016122.0,3.8004750593824355,0.16000000000000014,0.03470373830619083,4.988123515439429,1537838504.0
2025-05-09,4.36,4.35,4.4,4.31,45940447.0,211690823.0,-0.4576659038901698,-0.020000000000000462,0.029873388447815844,2.0594965675057377,1537838504.0
2025-05-12,4.4,4.38,4.46,4.36,30765382.0,143007015.0,0.6896551724137945,0.03000000000000025,0.02000560001585186,2.2988505747126355,1537838504.0
2025-05-13,4.4,4.34,4.41,4.33,18167780.0,83628880.0,-0.91324200913242,-0.040000000000000036,0.011813841279656241,1.8264840182648419,1537838504.0
2025-05-14,4.35,4.35,4.36,4.3,14090420.0,64548173.0,0.23041474654377225,0.009999999999999787,0.0091624835529544,1.3824884792626844,1537838504.0
2025-05-15,4.35,4.31,4.37,4.31,11877372.0,54359371.0,-0.919540229885063,-0.040000000000000036,0.007723419571760183,1.3793103448275978,1537838504.0
2025-05-16,4.3,4.32,4.34,4.3,9137581.0,41729199.0,0.23201856148493682,0.010000000000000675,0.0059418339287465255,0.928074245939676,1537838504.0
2025-05-19,4.31,4.32,4.34,4.29,12830837.0,58623976.0,0.0,0.0,0.008347073098553903,1.1574074074074032,1537166004.0
2025-05-20,4.31,4.32,4.33,4.29,12551822.0,57235184.0,0.0,0.0,0.00816556049726429,0.9259259259259267,1537166004.0
2025-05-21,4.32,4.33,4.34,4.3,10780770.0,49256051.0,0.23148148148146586,0.009999999999999787,0.007013406471354671,0.9259259259259267,1537166004.0
2025-05-22,4.31,4.28,4.33,4.27,13724160.0,62361384.0,-1.1547344110854452,-0.04999999999999982,0.008928222432897365,1.385681293302552,1537166004.0
2025-05-23,4.28,4.25,4.32,4.24,13627772.0,61836987.0,-0.7009345794392607,-0.03000000000000025,0.008865517429176765,1.8691588785046744,1537166004.0
2025-05-26,4.24,4.23,4.26,4.22,9680720.0,43420399.0,-0.47058823529411153,-0.019999999999999574,0.006297771336868572,0.9411764705882361,1537166004.0
2025-05-27,4.23,4.26,4.27,4.22,11969319.0,53721627.0,0.7092198581560183,0.02999999999999936,0.007786614437772851,1.1820330969267097,1537166004.0
2025-05-28,4.24,4.26,4.29,4.24,8989143.0,40580880.0,0.0,0.0,0.005847867423953256,1.1737089201877893,1537166004.0
2025-05-29,4.25,4.3,4.31,4.25,12435842.0,56513817.0,0.9389671361502261,0.040000000000000036,0.008090109960563505,1.408450704225343,1537166004.0
2025-05-30,4.29,4.28,4.3,4.25,11163537.0,50502198.0,-0.46511627906975495,-0.019999999999999574,0.007262414710545472,1.1627906976744147,1537166004.0
2025-06-03,4.26,4.27,4.28,4.24,11174619.0,50368315.0,-0.23364485981309802,-0.010000000000000675,0.007269624081538041,0.9345794392523372,1537166004.0
2025-06-04,4.27,4.29,4.3,4.27,9423424.0,42729383.0,0.4683840749414525,0.020000000000000462,0.006130387983782134,0.7025761124121839,1537166004.0
2025-06-05,4.29,4.28,4.3,4.27,9961464.0,45103626.0,-0.2331002331002252,-0.009999999999999787,0.0064804087353469726,0.6993006993007052,1537166004.0
2025-06-06,4.29,4.29,4.3,4.27,8734012.0,39604725.0,0.2336448598130758,0.009999999999999787,0.005681892506907146,0.7009345794392582,1537166004.0
2025-06-09,4.29,4.32,4.33,4.28,11602638.0,52842120.0,0.6993006993007089,0.03000000000000025,0.007548070910889076,1.1655011655011613,1537166004.0
2025-06-10,4.32,4.3,4.35,4.27,16297775.0,74363247.0,-0.4629629629629761,-0.020000000000000462,0.010602482072586872,1.8518518518518534,1537166004.0
2025-06-11,4.3,4.32,4.34,4.29,10959262.0,50126278.0,0.46511627906977715,0.020000000000000462,0.007129524053668832,1.1627906976744147,1537166004.0
2025-06-12,4.33,4.33,4.34,4.3,12012700.0,54941590.0,0.23148148148146586,0.009999999999999787,0.007814835852953199,0.9259259259259267,1537166004.0
2025-06-13,4.32,4.28,4.33,4.27,11572420.0,52545141.0,-1.1547344110854452,-0.04999999999999982,0.0075284126567243545,1.385681293302552,1537166004.0
2025-06-16,4.27,4.27,4.28,4.25,9388120.0,42413086.0,-0.23364485981309802,-0.010000000000000675,0.006107421043381337,0.7009345794392582,1537166004.0
2025-06-17,4.27,4.29,4.3,4.25,8311109.0,37628944.0,0.4683840749414525,0.020000000000000462,0.005406773880226927,1.170960187353626,1537166004.0
2025-06-18,4.29,4.29,4.34,4.24,15954032.0,72322675.0,0.0,0.0,0.010378860811704499,2.3310023310023227,1537166004.0
2025-06-19,4.29,4.24,4.3,4.23,14679281.0,66082873.0,-1.1655011655011593,-0.04999999999999982,0.009549574321707416,1.6317016317016177,1537166004.0
2025-06-20,4.23,4.24,4.26,4.23,7303813.0,32834934.0,0.0,0.0,0.004751479658666716,0.7075471698113057,1537166004.0
2025-06-23,4.23,4.25,4.26,4.23,9153551.0,41074118.0,0.2358490566037652,0.009999999999999787,0.005954822690705304,0.7075471698113057,1537166004.0
2025-06-24,4.26,4.3,4.3,4.25,13527443.0,61308645.0,1.17647058823529,0.04999999999999982,0.008800248616479291,1.17647058823529,1537166004.0
2025-06-25,4.3,4.36,4.37,4.29,21020203.0,96304699.0,1.3953488372093092,0.0600000000000005,0.013674647334966693,1.8604651162790715,1537166004.0
2025-06-26,4.36,4.32,4.36,4.31,17575559.0,80576020.0,-0.9174311926605561,-0.040000000000000036,0.011433741674136062,1.1467889908257043,1537166004.0
2025-06-27,4.33,4.31,4.37,4.3,18805721.0,86295389.0,-0.23148148148149916,-0.010000000000000675,0.01223402088718064,1.620370370370377,1537166004.0
2025-06-30,4.32,4.32,4.35,4.31,17808100.0,81498324.0,0.23201856148493682,0.010000000000000675,0.011585020715823742,0.928074245939676,1537166004.0
2025-07-01,4.33,4.35,4.36,4.32,19397724.0,89002686.0,0.6944444444444198,0.02999999999999936,0.01261914715100608,0.9259259259259267,1537166004.0
2025-07-02,4.35,4.39,4.39,4.34,17020840.0,78647668.0,0.9195402298850519,0.040000000000000036,0.01107287043540419,1.1494252873563178,1537166004.0
2025-07-03,4.39,4.37,4.4,4.36,13234360.0,61220889.0,-0.4555808656036331,-0.019999999999999574,0.008609584108392758,0.9111617312072902,1537166004.0
2025-07-04,4.37,4.36,4.39,4.35,18114463.0,83664908.0,-0.22883295194507935,-0.009999999999999787,0.011784324499021382,0.9153318077803212,1537166004.0
2025-07-07,4.38,4.39,4.39,4.36,15519097.0,69828560.0,0.6880733944953921,0.02999999999999936,0.010095914793598311,0.6880733944953982,1537166004.0
2025-07-08,4.39,4.4,4.41,4.37,15831028.0,71424299.0,0.2277904328018332,0.010000000000000675,0.0102988408270835,0.9111617312072902,1537166004.0
2025-07-09,4.41,4.39,4.42,4.38,13831418.0,62512608.0,-0.22727272727274261,-0.010000000000000675,0.00899799889147171,0.9090909090909097,1537166004.0
2025-07-10,4.39,4.42,4.43,4.38,19502891.0,88288613.0,0.6833712984054774,0.03000000000000025,0.012687563314079121,1.1389521640091078,1537166004.0
2025-07-11,4.42,4.43,4.45,4.41,20709620.0,94398561.0,0.2262443438914019,0.009999999999999787,0.013472598239949106,0.9049773755656116,1537166004.0
2025-07-14,4.44,4.42,4.45,4.42,14610722.0,66568156.0,-0.22573363431150906,-0.009999999999999787,0.009504973413398492,0.6772009029345428,1537166004.0
2025-07-15,4.43,4.38,4.44,4.35,20036722.0,90235274.0,-0.9049773755656076,-0.040000000000000036,0.013034845909850086,2.0361990950226416,1537166004.0
2025-07-16,4.38,4.4,4.41,4.36,13194640.0,59529374.0,0.4566210045662267,0.020000000000000462,0.008583744348798389,1.1415525114155212,1537166004.0
2025-07-17,4.41,4.39,4.42,4.37,11717380.0,52838663.0,-0.22727272727274261,-0.010000000000000675,0.007622716069382965,1.1363636363636322,1537166004.0
2025-07-18,4.4,4.4,4.4,4.37,14341260.0,64622071.0,0.2277904328018332,0.010000000000000675,0.009329675495477585,0.6833712984054727,1537166004.0
2025-07-21,4.41,4.46,4.48,4.39,34313596.0,156954502.0,1.3636363636363447,0.05999999999999961,0.022322635233090936,2.0454545454545623,1537166004.0
2025-07-22,4.47,4.55,4.55,4.44,35646134.0,165037403.0,2.0179372197309364,0.08999999999999986,0.02318951493023001,2.4663677130044714,1537166004.0
2025-07-23,4.61,4.52,4.63,4.51,40295266.0,189413056.0,-0.6593406593406681,-0.03000000000000025,0.026213997639255623,2.63736263736264,1537166004.0
2025-07-24,4.51,4.57,4.58,4.51,21921640.0,102558138.0,1.106194690265494,0.05000000000000071,0.014261075214359216,1.5486725663716878,1537166004.0
2025-07-25,4.58,4.56,4.61,4.55,25855826.0,121723269.0,-0.2188183807440014,-0.010000000000000675,0.0168204513583557,1.3129102844639058,1537166004.0
2025-07-28,4.58,4.54,4.6,4.53,19169067.0,89740503.0,-0.43859649122806044,-0.019999999999999574,0.012470394837069269,1.5350877192982326,1537166004.0
2025-07-29,4.54,4.5,4.55,4.47,20024274.0,92573180.0,-0.8810572687224627,-0.040000000000000036,0.01302674789052907,1.7621145374449354,1537166004.0
2025-07-30,4.49,4.49,4.52,4.45,20643186.0,95389794.0,-0.22222222222221255,-0.009999999999999787,0.013429379745767524,1.5555555555555423,1537166004.0
2025-07-31,4.47,4.41,4.48,4.39,28427835.0,129444853.0,-1.7817371937639215,-0.08000000000000007,0.018493666218238846,2.004454342984426,1537166004.0
2025-08-01,4.42,4.42,4.44,4.41,13981843.0,63574097.0,0.22675736961450532,0.009999999999999787,0.009095857547991934,0.680272108843543,1537166004.0
2025-08-04,4.41,4.44,4.44,4.39,14553297.0,65892031.0,0.452488687782826,0.020000000000000462,0.009467615704569016,1.1312217194570298,1537166004.0
2025-08-05,4.44,4.44,4.45,4.43,14610040.0,66686417.0,0.0,0.0,0.009504529739782093,0.45045045045046084,1537166004.0
2025-08-06,4.44,4.44,4.45,4.42,16183306.0,73851919.0,0.0,0.0,0.010528014513649106,0.6756756756756812,1537166004.0
2025-08-07,4.45,4.44,4.46,4.43,19942926.0,91123313.0,0.0,0.0,0.012973827126090931,0.6756756756756812,1537166004.0
2025-08-08,4.44,4.45,4.46,4.44,14731376.0,67376215.0,0.22522522522521182,0.009999999999999787,0.009583464610631604,0.4504504504504408,1537166004.0
2025-08-11,4.45,4.45,4.48,4.44,24117540.0,110582228.0,0.0,0.0,0.015689613182467962,0.8988764044943828,1537166004.0
2025-08-12,4.45,4.44,4.46,4.44,15593765.0,71299746.0,-0.22471910112359383,-0.009999999999999787,0.01014448989856791,0.44943820224718145,1537166004.0
2025-08-13,4.44,4.45,4.46,4.44,19245755.0,88155668.0,0.22522522522521182,0.009999999999999787,0.012520284048644624,0.4504504504504408,1537166004.0
2025-08-14,4.46,4.4,4.46,4.39,23111222.0,105106673.0,-1.1235955056179692,-0.04999999999999982,0.01503495519668024,1.5730337078651748,1537166004.0
2025-08-15,4.4,4.45,4.45,4.39,19473515.0,88641313.0,1.1363636363636243,0.04999999999999982,0.01266845282118274,1.3636363636363749,1537166004.0
2025-08-18,4.45,4.45,4.48,4.44,26549681.0,121826652.0,0.0,0.0,0.017271837219215526,0.8988764044943828,1537166004.0
2025-08-19,4.46,4.45,4.47,4.44,19774413.0,90604593.0,0.0,0.0,0.01286420136051877,0.6741573033707722,1537166004.0
2025-08-20,4.45,4.51,4.51,4.44,28524462.0,131220879.0,1.348314606741563,0.05999999999999961,0.018556526702889535,1.5730337078651548,1537166004.0
2025-08-21,4.51,4.5,4.52,4.48,20827127.0,96318625.0,-0.22172949002217113,-0.009999999999999787,0.013549042163178102,0.8869179600886729,1537166004.0
2025-08-22,4.5,4.51,4.52,4.47,21986497.0,101642671.0,0.22222222222221255,0.009999999999999787,0.014303267794621355,1.1111111111111072,1537166004.0
2025-08-25,4.52,4.53,4.55,4.5,29985341.0,139598621.0,0.44345898004436446,0.020000000000000462,0.019506898358389663,1.1086474501108607,1537166004.0
2025-08-26,4.53,4.59,4.6,4.51,34123578.0,160396234.0,1.3245033112582627,0.05999999999999961,0.022199019436550067,1.9867549668874138,1537166004.0
2025-08-27,4.59,4.46,4.59,4.46,30620303.0,142771496.0,-2.8322440087145906,-0.1299999999999999,0.019919971506213458,2.8322440087145946,1537166004.0
2025-08-28,4.48,4.55,4.55,4.43,35227413.0,162893769.0,2.0179372197309364,0.08999999999999986,0.0229171168945524,2.690582959641258,1537166004.0
2025-08-29,4.55,4.48,4.57,4.47,34353092.0,159661263.0,-1.538461538461522,-0.0699999999999994,0.02234832926997259,2.19780219780221,1537166004.0
2025-09-01,4.51,4.48,4.51,4.44,24539930.0,112890895.0,0.0,0.0,0.015964398078114145,1.5624999999999862,1537166004.0
2025-09-02,4.49,4.45,4.49,4.42,27967794.0,127695702.0,-0.6696428571428603,-0.03000000000000025,0.018194387546447456,1.5625000000000062,1537166004.0
2025-09-03,4.44,4.38,4.45,4.38,23325622.0,105617730.0,-1.573033707865179,-0.07000000000000028,0.015174432650281277,1.5730337078651748,1537166004.0
2025-09-04,4.38,4.4,4.41,4.36,18172820.0,81893649.0,0.4566210045662267,0.020000000000000462,0.011822288518423414,1.1415525114155212,1537166004.0
2025-09-05,4.4,4.43,4.43,4.38,16504420.0,74689337.0,0.6818181818181612,0.02999999999999936,0.01073691452780789,1.1363636363636322,1537166004.0
2025-09-08,4.43,4.44,4.45,4.41,16905037.0,77053210.0,0.22573363431153126,0.010000000000000675,0.010997535045668366,0.9029345372460504,1537166004.0
2025-09-09,4.45,4.51,4.51,4.44,31928311.0,146831750.0,1.5765765765765716,0.0699999999999994,0.020770893265214314,1.576576576576563,1537166004.0
2025-09-10,4.5,4.51,4.54,4.48,25247478.0,117074626.0,0.0,0.0,0.016424691890336653,1.330376940133029,1537166004.0
2025-09-11,4.51,4.52,4.53,4.46,29133836.0,134934578.0,0.22172949002217113,0.009999999999999787,0.018952953632976652,1.552106430155217,1537166004.0
2025-09-12,4.51,4.5,4.54,4.49,33857876.0,157297559.0,-0.4424778761061843,-0.019999999999999574,0.022026167578449777,1.106194690265483,1537166004.0
2025-09-15,4.5,4.51,4.53,4.49,21539589.0,99969379.0,0.22222222222221255,0.009999999999999787,0.014012532767410851,0.8888888888888897,1537166004.0
2025-09-16,4.52,4.55,4.55,4.51,24814071.0,115634704.0,0.8869179600886845,0.040000000000000036,0.016142739909306505,0.8869179600886926,1537166004.0
2025-09-17,4.54,4.54,4.55,4.52,17616336.0,82215585.0,-0.219780219780219,-0.009999999999999787,0.011460269062781069,0.6593406593406648,1537166004.0
2025-09-18,4.55,4.46,4.55,4.44,25415761.0,117930293.0,-1.7621145374449365,-0.08000000000000007,0.01653416802990915,2.422907488986772,1537166004.0
2025-09-19,4.46,4.44,4.48,4.42,17194212.0,78590720.0,-0.4484304932735328,-0.019999999999999574,0.011185657212856238,1.345291479820639,1537166004.0
2025-09-22,4.44,4.42,4.45,4.39,16789187.0,76098430.0,-0.45045045045045695,-0.020000000000000462,0.010922169080184785,1.3513513513513624,1537166004.0
2025-09-23,4.4,4.39,4.41,4.33,22664627.0,101591811.0,-0.6787330316742168,-0.03000000000000025,0.014744423790938847,1.8099547511312233,1537166004.0
2025-09-24,4.37,4.42,4.42,4.35,15850650.0,71516879.0,0.6833712984054774,0.03000000000000025,0.010311605876498424,1.594533029612763,1537166004.0
2025-09-25,4.42,4.37,4.43,4.36,16310359.0,73402338.0,-1.1312217194570096,-0.04999999999999982,0.010610668566412037,1.5837104072398054,1537166004.0
2025-09-26,4.36,4.37,4.4,4.34,13028929.0,58548590.0,0.0,0.0,0.008475941418230845,1.372997711670492,1537166004.0
2025-09-29,4.37,4.38,4.39,4.32,15955005.0,71394248.0,0.22883295194506825,0.009999999999999787,0.010379493794737864,1.6018306636155468,1537166004.0
2025-09-30,4.38,4.38,4.39,4.37,13870455.0,62403578.0,0.0,0.0,0.009023394326901859,0.4566210045662003,1537166004.0
2025-10-09,4.38,4.61,4.75,4.37,83630895.0,393268539.0,5.251141552511429,0.23000000000000043,0.05440589681425195,8.675799086757989,1537166004.0
2025-10-10,4.54,4.69,4.8,4.52,101910107.0,486861534.0,1.7353579175704903,0.08000000000000007,0.06629739841683358,6.073752711496751,1537166004.0
2025-10-13,4.6,4.62,4.67,4.56,56682078.0,268539568.0,-1.4925373134328401,-0.07000000000000028,0.03687440253850423,2.345415778251606,1537166004.0
2025-10-14,4.62,4.64,4.66,4.6,46132510.0,219532924.0,0.43290043290042934,0.019999999999999574,0.030011404025300056,1.2987012987013093,1537166004.0
2025-10-15,4.66,4.61,4.67,4.58,38029102.0,180365458.0,-0.6465517241379226,-0.02999999999999936,0.024739749578796957,1.93965517241379,1537166004.0
2025-10-16,4.62,4.58,4.63,4.55,26382312.0,124200054.0,-0.6507592190889477,-0.03000000000000025,0.017162955680354742,1.7353579175705003,1537166004.0
2025-10-17,4.56,4.48,4.58,4.46,29249760.0,135887061.0,-2.183406113537112,-0.09999999999999964,0.019028367738999255,2.6200873362445436,1537166004.0
2025-10-20,4.51,4.53,4.54,4.46,21494252.0,99566572.0,1.116071428571419,0.04999999999999982,0.013983038880685524,1.785714285714287,1537166004.0
2025-10-21,4.53,4.6,4.61,4.52,28816537.0,135819692.0,1.5452538631346435,0.0699999999999994,0.018746535458768837,1.9867549668874336,1537166004.0
2025-10-22,4.59,4.57,4.62,4.56,17772952.0,83851937.0,-0.6521739130434634,-0.02999999999999936,0.011562155260883587,1.3043478260869674,1537166004.0
2025-10-23,4.58,4.63,4.63,4.55,22611300.0,106869739.0,1.3129102844638973,0.05999999999999961,0.014709732027094713,1.7505470459518613,1537166004.0
2025-10-24,4.62,4.61,4.65,4.59,21516186.0,101974922.0,-0.4319654427645703,-0.019999999999999574,0.013997307996670996,1.2958963282937472,1537166004.0
2025-10-27,4.64,4.61,4.65,4.59,22688020.0,107727518.0,0.0,0.0,0.014759642056200457,1.3015184381778848,1537166004.0
2025-10-28,4.84,4.79,4.94,4.78,142792077.0,708842822.0,3.90455531453362,0.17999999999999972,0.09289307506699192,3.4707158351410006,1537166004.0
2025-10-29,4.75,4.73,4.79,4.7,52208662.0,253723457.0,-1.2526096033402823,-0.05999999999999961,0.033964231491031595,1.8789144050104356,1537166004.0
2025-10-30,4.74,4.82,4.85,4.72,61939719.0,305284421.0,1.9027484143763207,0.08999999999999986,0.040294749453748654,2.7484143763213504,1537166004.0
2025-10-31,4.82,4.85,4.9,4.78,49923461.0,248833204.0,0.6224066390041472,0.02999999999999936,0.03247759895163541,2.4896265560165993,1537166004.0
2025-11-03,4.85,4.94,4.96,4.85,48281100.0,244042252.0,1.8556701030927991,0.09000000000000075,0.031409164575825474,2.268041237113409,1537166004.0
2025-11-04,4.94,4.88,4.95,4.85,34319180.0,172799424.0,-1.2145748987854366,-0.0600000000000005,0.02232504791718966,2.024291497975719,1537250004.0
2025-11-05,4.87,4.9,4.92,4.83,25854786.0,130176963.0,0.4098360655737876,0.020000000000000462,0.016819554855929144,1.8442622950819645,1537186104.0
2025-11-06,4.9,5.03,5.05,4.9,44700338.0,229530913.0,2.6530612244897833,0.1299999999999999,0.02907932740458861,3.061224489795907,1537186104.0
2025-11-07,5.01,5.01,5.03,4.99,25239548.0,129996991.0,-0.3976143141153132,-0.020000000000000462,0.01641931834689549,0.7952286282306169,1537186104.0
2025-11-10,5.02,5.06,5.08,4.99,31169065.0,161616302.0,0.9980039920159722,0.04999999999999982,0.02027670229316619,1.7964071856287396,1537186104.0
2025-11-11,5.06,5.06,5.13,5.04,30133893.0,157304586.0,0.0,0.0,0.019603282206095196,1.7786561264822107,1537186104.0
2025-11-12,5.02,5.01,5.08,5.0,29882486.0,154480849.0,-0.9881422924901129,-0.04999999999999982,0.019439732067731468,1.5810276679841913,1537186104.0
2025-11-13,5.01,5.02,5.03,4.96,32342566.0,166350552.0,0.1996007984031989,0.009999999999999787,0.02104011083358063,1.397205588822361,1537186104.0
2025-11-14,5.01,4.98,5.04,4.98,22869258.0,117704876.0,-0.7968127490039723,-0.03999999999999915,0.014877351506425015,1.1952191235059684,1537186104.0
2025-11-17,4.97,4.98,5.02,4.9,32821056.0,167398925.0,0.0,0.0,0.021351387391932864,2.4096385542168517,1537186104.0
2025-11-18,4.99,4.9,5.01,4.87,29034234.0,146738811.0,-1.6064257028112428,-0.08000000000000007,0.01888791079001323,2.811244979919672,1537186104.0
2025-11-19,4.9,4.87,4.94,4.84,22771385.0,114411539.0,-0.612244897959191,-0.03000000000000025,0.014813681271737544,2.040816326530623,1537186104.0
2025-11-20,4.89,4.88,4.97,4.85,33392113.0,168191448.0,0.2053388090349051,0.009999999999999787,0.021722882423350347,2.4640657084188935,1537186104.0
2025-11-21,4.85,4.73,4.86,4.73,37772077.0,185501530.0,-3.0737704918032627,-0.14999999999999947,0.0245722212175293,2.663934426229506,1537186104.0
2025-11-24,4.83,4.81,4.87,4.78,27563911.0,136429117.0,1.6913319238900382,0.07999999999999918,0.01793140786810027,1.9027484143763183,1537186104.0
2025-11-25,4.81,4.79,4.82,4.78,21473987.0,105932614.0,-0.4158004158004047,-0.019999999999999574,0.013969672861419518,0.8316008316008323,1537186104.0
2025-11-26,4.79,4.75,4.82,4.74,21218045.0,104128471.0,-0.8350730688935326,-0.040000000000000036,0.013803172527247878,1.670146137787058,1537186104.0
2025-11-27,4.75,4.74,4.78,4.74,15379617.0,75162999.0,-0.21052631578947212,-0.009999999999999787,0.010005045556930171,0.8421052631578954,1537186104.0
2025-11-28,4.76,4.78,4.79,4.73,16182806.0,79295031.0,0.8438818565400741,0.040000000000000036,0.010527551581353614,1.2658227848101182,1537186104.0
2025-12-01,4.79,4.85,4.88,4.79,24292995.0,121084529.0,1.464435146443499,0.0699999999999994,0.015803548403661605,1.8828451882845159,1537186104.0
2025-12-02,4.84,4.97,5.02,4.82,33328813.0,169173451.0,2.4742268041237248,0.1200000000000001,0.021681703284510044,4.123711340206171,1537186104.0
2025-12-03,4.96,4.98,5.0,4.94,29096502.0,148915158.0,0.201207243460777,0.010000000000000675,0.01892841857227718,1.2072434607645797,1537186104.0
2025-12-04,4.99,4.99,5.01,4.95,21932443.0,112373166.0,0.20080321285140812,0.009999999999999787,0.01426791651507149,1.2048192771084258,1537186104.0
2025-12-05,5.0,5.1,5.1,4.98,35632585.0,184068943.0,2.2044088176352616,0.10999999999999943,0.02318039755061434,2.404809619238461,1537186104.0
2025-12-08,5.1,5.08,5.19,5.07,29912249.0,156263231.0,-0.39215686274508554,-0.019999999999999574,0.019459094069458227,2.3529411764705905,1537186104.0
2025-12-09,5.07,4.97,5.08,4.96,22335557.0,114046466.0,-2.1653543307086687,-0.11000000000000032,0.014530158021777173,2.362204724409451,1537186104.0
2025-12-10,4.97,4.98,5.01,4.95,20299745.0,103164771.0,0.201207243460777,0.010000000000000675,0.013205782271370311,1.2072434607645797,1537186104.0
2025-12-11,5.01,4.96,5.02,4.95,22178630.0,112672951.0,-0.40160642570281624,-0.020000000000000462,0.014428070838194359,1.405622489959827,1537186104.0
2025-12-12,4.97,4.93,5.03,4.91,27708649.0,140554665.0,-0.6048387096774244,-0.03000000000000025,0.018025565627933882,2.4193548387096793,1537186104.0
2025-12-15,4.93,4.93,4.97,4.91,17389158.0,87753313.0,0.0,0.0,0.01131233098890933,1.2170385395537446,1537186104.0
2025-12-16,4.95,4.88,4.96,4.86,21188792.0,105980323.0,-1.0141987829614618,-0.04999999999999982,0.013784142300573387,2.028397565922914,1537186104.0
2025-12-17,4.96,4.92,4.98,4.83,20665956.0,103287601.0,0.8196721311475308,0.040000000000000036,0.013444016925617485,3.0737704918032858,1537186104.0
2025-12-18,4.91,4.96,4.99,4.88,19665008.0,99489078.0,0.8130081300812941,0.040000000000000036,0.01279286089617162,2.235772357723584,1537186104.0
2025-12-19,4.96,4.99,5.03,4.95,23976339.0,122373971.0,0.6048387096774244,0.03000000000000025,0.015597551225326455,1.6129032258064528,1537186104.0
2025-12-22,5.01,4.97,5.02,4.96,17582392.0,89446294.0,-0.40080160320642433,-0.020000000000000462,0.011438037303517024,1.2024048096192306,1537186104.0
2025-12-23,4.98,4.91,4.98,4.89,23022080.0,115901278.0,-1.2072434607645843,-0.05999999999999961,0.014976768226106734,1.8108651911468963,1537186104.0
2025-12-24,4.91,4.89,4.94,4.89,22036372.0,110302918.0,-0.40733197556008793,-0.020000000000000462,0.014335526415869812,1.018329938900218,1537186104.0
2025-12-25,4.94,4.98,5.0,4.91,24787539.0,125489678.0,1.8404907975460238,0.09000000000000075,0.016125268720227775,1.8404907975460096,1537186104.0
2025-12-26,4.99,5.05,5.1,4.98,36270304.0,186885521.0,1.4056224899598346,0.0699999999999994,0.023595258834059822,2.4096385542168517,1537186104.0
2025-12-29,5.06,5.03,5.09,5.01,22809060.0,117392162.0,-0.3960396039603853,-0.019999999999999574,0.014838190340549683,1.5841584158415856,1537186104.0
2025-12-30,5.03,5.13,5.2,4.99,49858072.0,260581439.0,1.988071570576544,0.09999999999999964,0.032434636164262384,4.174950298210735,1537186104.0
2025-12-31,5.14,5.08,5.15,5.04,29595513.0,153327695.0,-0.9746588693957059,-0.04999999999999982,0.019253044847977626,2.1442495126705716,1537186104.0
2026-01-05,5.08,5.06,5.12,5.04,36236560.0,187331338.0,-0.3937007874015852,-0.020000000000000462,0.02357330703530742,1.5748031496063006,1537186104.0
2026-01-06,5.07,5.07,5.1,5.05,31040102.0,160766673.0,0.19762845849804478,0.010000000000000675,0.020192806791076743,0.9881422924901151,1537186104.0
2026-01-07,5.07,5.01,5.1,5.0,29783710.0,152750324.0,-1.183431952662728,-0.0600000000000005,0.019375474396039687,1.972386587771196,1537186104.0
2026-01-08,5.0,4.99,5.01,4.96,28505718.0,144917232.0,-0.39920159680637557,-0.019999999999999574,0.018544090351730113,0.9980039920159646,1537186104.0
2026-01-09,4.97,4.97,5.0,4.94,29311846.0,148562604.0,-0.40080160320642433,-0.020000000000000462,0.019068508311209664,1.2024048096192306,1537186104.0
2026-01-12,4.98,4.99,4.99,4.96,28617250.0,145355462.0,0.4024144869215318,0.020000000000000462,0.018616646302964498,0.6036217303822987,1537186104.0
2026-01-13,4.99,4.95,5.0,4.93,28258500.0,142899138.0,-0.8016032064128265,-0.040000000000000036,0.018383265322570206,1.4028056112224505,1537186104.0
2026-01-14,4.95,4.89,4.97,4.87,43247760.0,217367695.0,-1.21212121212122,-0.0600000000000005,0.028134368302876616,2.0202020202020132,1537186104.0
2026-01-15,4.89,4.87,4.92,4.86,22744370.0,113319788.0,-0.4089979550102152,-0.019999999999999574,0.01479610695205712,1.2269938650306669,1537186104.0
2026-01-16,4.9,4.93,4.97,4.87,30186906.0,151654403.0,1.2320328542094305,0.05999999999999961,0.01963776924696946,2.0533880903490687,1537186104.0
2026-01-19,4.94,5.05,5.08,4.93,38657695.0,198183450.0,2.4340770791074995,0.1200000000000001,0.02514835054741036,3.0425963488843886,1537186104.0
2026-01-20,5.06,5.05,5.07,4.99,29741404.0,152480544.0,0.0,0.0,0.019347952679645092,1.5841584158415856,1537186104.0
2026-01-21,5.03,5.04,5.07,5.01,25401399.0,130694452.0,-0.1980198019801982,-0.009999999999999787,0.016524608786080985,1.188118811881198,1537186104.0
2026-01-22,5.04,5.06,5.07,5.01,25458493.0,131046581.0,0.3968253968253954,0.019999999999999574,0.016561750677912712,1.1904761904762002,1537186104.0
2026-01-23,5.06,5.05,5.08,5.03,26847000.0,138228417.0,-0.19762845849802257,-0.009999999999999787,0.017465029074970093,0.9881422924901151,1537186104.0
2026-01-26,5.05,5.02,5.05,4.98,30007823.0,153416198.0,-0.5940594059405946,-0.03000000000000025,0.019521268714253224,1.3861386138613743,1537186104.0
2026-01-27,5.01,4.99,5.05,4.94,28781146.0,146411482.0,-0.5976095617529764,-0.02999999999999936,0.018723267095055656,2.1912350597609453,1537186104.0
2026-01-28,4.99,5.05,5.07,4.94,33517563.0,171721149.0,1.2024048096192397,0.05999999999999961,0.021804492580815054,2.605210420841681,1537186104.0
2026-01-29,5.04,5.01,5.05,4.98,23655696.0,121053452.0,-0.7920792079207928,-0.040000000000000036,0.015388960346729754,1.3861386138613743,1537186104.0
2026-01-30,5.0,5.05,5.07,4.97,35596095.0,182560461.0,0.7984031936127733,0.040000000000000036,0.023156659370894235,1.996007984031947,1537186104.0
2026-02-02,5.02,4.88,5.05,4.86,49370240.0,249194732.0,-3.3663366336633693,-0.16999999999999993,0.03211728226759979,3.7623762376237524,1537186104.0
2026-02-03,4.92,4.92,4.95,4.87,25327657.0,126880017.0,0.8196721311475308,0.040000000000000036,0.016476636715680327,1.6393442622950833,1537186104.0
2026-02-04,4.92,5.07,5.08,4.9,53418117.0,274536481.0,3.0487804878048808,0.15000000000000036,0.034750585411224874,3.658536585365848,1537186104.0
2026-02-05,5.08,5.02,5.11,5.0,30644886.0,157501330.0,-0.9861932938856177,-0.05000000000000071,0.019935703243905985,2.1696252465483297,1537186104.0
2026-02-06,5.02,5.03,5.08,4.98,26741725.0,137728921.0,0.19920318725101804,0.010000000000000675,0.01739654354824951,1.9920318725099533,1537186104.0
2026-02-09,5.07,5.04,5.08,5.01,23169544.0,119159755.0,0.1988071570576455,0.009999999999999787,0.015072699356121684,1.391650099403584,1537186104.0
2026-02-10,5.05,5.01,5.06,5.0,16452180.0,84172973.0,-0.5952380952381042,-0.03000000000000025,0.010702789959646943,1.1904761904761827,1537186104.0
2026-02-11,5.01,5.01,5.04,4.99,20072655.0,102811361.0,0.0,0.0,0.013058051297606578,0.9980039920159646,1537186104.0
2026-02-12,5.02,4.98,5.04,4.98,21260193.0,108542909.0,-0.5988023952095634,-0.02999999999999936,0.013830591458430202,1.197604790419154,1537186104.0
2026-02-13,4.98,4.92,5.0,4.91,25112938.0,127009010.0,-1.2048192771084487,-0.0600000000000005,0.016336953563821702,1.8072289156626478,1537186104.0
2026-02-24,4.96,5.03,5.05,4.93,30184998.0,154048826.0,2.2357723577235866,0.11000000000000032,0.019636528017950388,2.4390243902439046,1537186104.0
2026-02-25,5.04,5.07,5.19,5.03,51405474.0,268569351.0,0.7952286282306265,0.040000000000000036,0.03344128200628074,3.1809145129224676,1537186104.0
2026-02-26,5.08,5.05,5.09,5.01,28674275.0,147405904.0,-0.39447731755425375,-0.020000000000000462,0.01865374330758327,1.577909270216964,1537186104.0
2026-02-27,5.03,5.1,5.11,5.02,28074912.0,145539422.0,0.990099009900991,0.04999999999999982,0.018263834110225603,1.7821782178217969,1537186104.0
2026-03-02,5.05,5.08,5.14,5.0,34637353.0,179144480.0,-0.39215686274508554,-0.019999999999999574,0.022532960003911147,2.7450980392156805,1537186104.0
2026-03-03,5.06,4.92,5.1,4.91,49878652.0,253315813.0,-3.149606299212604,-0.16000000000000014,0.03244802426343037,3.7401574803149504,1537186104.0
2026-03-04,4.92,4.72,4.92,4.72,57625910.0,282283395.0,-4.0650406504065035,-0.20000000000000018,0.03748792020045479,4.065040650406507,1537186104.0
2026-03-05,4.83,4.78,4.83,4.75,34159230.0,167068066.0,1.271186440677985,0.0600000000000005,0.02222192219348868,1.6949152542372898,1537186104.0
2026-03-06,4.76,4.87,4.88,4.74,28060202.0,138223110.0,1.882845188284521,0.08999999999999986,0.01825426467685529,2.9288702928870225,1537186104.0
2026-03-09,4.82,4.81,4.88,4.76,36253959.0,177757382.0,-1.2320328542094527,-0.0600000000000005,0.023468069081497758,2.4640657084188935,1544820704.0
2026-03-10,4.84,4.82,4.86,4.8,28468487.0,140051487.0,0.20790020790022457,0.010000000000000675,0.01842834377237865,1.247401247401258,1544820704.0
2026-03-11,4.82,4.85,4.86,4.75,31594340.0,155027411.0,0.6224066390041472,0.02999999999999936,0.020451784416271004,2.2821576763485543,1544820704.0
2026-03-12,4.85,4.88,4.95,4.84,36266854.0,181367059.0,0.6185567010309256,0.03000000000000025,0.023476416328506174,2.268041237113409,1544820704.0
2026-03-13,4.88,4.89,4.96,4.85,34257936.0,171736667.0,0.2049180327868827,0.009999999999999787,0.022175994865485698,2.2540983606557443,1544820704.0
2026-03-16,4.89,4.85,4.98,4.83,32441306.0,161525758.0,-0.8179959100204526,-0.040000000000000036,0.021000046099848232,3.0674846625766947,1544820704.0
2026-03-17,4.87,4.81,4.91,4.8,26083829.0,129115561.0,-0.8247422680412342,-0.040000000000000036,0.016884696672216534,2.268041237113409,1544820704.0
2026-03-18,4.82,4.75,4.84,4.71,31629460.0,153537018.0,-1.2474012474012364,-0.05999999999999961,0.020474518446122535,2.702702702702701,1544820704.0
2026-03-19,4.71,4.59,4.74,4.58,36985340.0,175370860.0,-3.368421052631587,-0.16000000000000014,0.02394150978442609,3.3684210526315814,1544820704.0
2026-03-20,4.6,4.53,4.63,4.52,30970655.0,144114078.0,-1.3071895424836555,-0.05999999999999961,0.020048057952491035,2.3965141612200505,1544820704.0
2026-03-23,4.47,4.28,4.48,4.25,43538445.0,193638257.0,-5.518763796909488,-0.25,0.02818349397264422,5.077262693156742,1544820704.0
2026-03-24,4.34,4.38,4.39,4.27,29140484.0,128749785.0,2.3364485981308247,0.09999999999999964,0.018863343768339345,2.803738317757012,1544820704.0
2026-03-25,4.41,4.47,4.48,4.38,23583782.0,106884010.0,2.054794520547931,0.08999999999999986,0.015266355466970749,2.2831050228310628,1544820704.0
2026-03-26,4.47,4.49,4.54,4.45,24477114.0,112274250.0,0.4474272930648837,0.020000000000000462,0.015844630989616772,2.0134228187919434,1544820704.0
2026-03-27,4.45,4.56,4.59,4.44,26646560.0,122693367.0,1.5590200445434244,0.0699999999999994,0.017248966129858396,3.3407572383073374,1544820704.0
2026-03-30,4.51,4.62,4.64,4.51,25624617.0,120066973.0,1.3157894736842257,0.0600000000000005,0.016587437580070134,2.8508771929824537,1544820704.0
2026-03-31,4.62,4.59,4.71,4.58,26915629.0,127605085.0,-0.6493506493506551,-0.03000000000000025,0.017423141035271882,2.8138528138528116,1544820704.0
2026-04-01,4.64,4.62,4.68,4.59,23598560.0,111176141.0,0.6535947712418277,0.03000000000000025,0.015275921625659414,1.960784313725487,1544820704.0
2026-04-02,4.61,4.59,4.65,4.55,20493490.0,96051965.0,-0.6493506493506551,-0.03000000000000025,0.013265934322951695,2.164502164502176,1544820704.0
2026-04-03,4.59,4.47,4.6,4.44,24657857.0,113176886.0,-2.614379084967322,-0.1200000000000001,0.01596163032781311,3.485838779956411,1544820704.0
2026-04-07,4.47,4.45,4.49,4.42,19454280.0,88396994.0,-0.4474272930648726,-0.019999999999999574,0.012593228424261202,1.5659955257270757,1544820704.0
2026-04-08,4.53,4.6,4.6,4.53,29138060.0,135790303.0,3.3707865168539186,0.14999999999999947,0.018861774654206083,1.5730337078651548,1544820704.0
2026-04-09,4.56,4.51,4.59,4.51,19138980.0,88602182.0,-1.9565217391304346,-0.08999999999999986,0.01238912706856109,1.7391304347826104,1544820704.0
2026-04-10,4.53,4.52,4.57,4.52,16840147.0,78094660.0,0.22172949002217113,0.009999999999999787,0.01090103657751081,1.1086474501108805,1544820704.0
2026-04-13,4.51,4.49,4.53,4.46,17536476.0,80367155.0,-0.6637168141592764,-0.02999999999999936,0.011351787268640853,1.5486725663716878,1544820704.0
2026-04-14,4.52,4.52,4.52,4.48,17115540.0,78586520.0,0.6681514476614581,0.02999999999999936,0.011079305161875925,0.890868596881941,1544820704.0
2026-04-15,4.53,4.49,4.55,4.48,16033020.0,73743288.0,-0.6637168141592764,-0.02999999999999936,0.010378563647215334,1.5486725663716683,1544820704.0
2026-04-16,4.51,4.53,4.58,4.5,17709263.0,81906186.0,0.8908685968819663,0.040000000000000036,0.011463636494607726,1.7817371937639215,1544820704.0
2026-04-17,4.54,4.47,4.54,4.45,20171400.0,92214175.0,-1.324503311258285,-0.0600000000000005,0.01305743763517038,1.9867549668874138,1544820704.0
2026-04-20,4.47,4.47,4.49,4.45,13875011.0,63323993.0,0.0,0.0,0.008981631955134645,0.8948545861297548,1544820704.0
2026-04-21,4.47,4.49,4.51,4.45,17121248.0,78209323.0,0.4474272930648837,0.020000000000000462,0.011083000089051111,1.3422818791946223,1544820704.0
2026-04-22,4.49,4.49,4.51,4.46,14508134.0,66380785.0,0.0,0.0,0.009391467865775056,1.1135857461024459,1544820704.0
2026-04-23,4.48,4.53,4.54,4.44,24955030.0,114368323.0,0.8908685968819663,0.040000000000000036,0.016153997635702324,2.2271714922048917,1544820704.0
2026-04-24,4.52,4.47,4.52,4.44,21383472.0,97497757.0,-1.324503311258285,-0.0600000000000005,0.013842041309151175,1.7660044150110195,1544820704.0
2026-04-27,4.56,4.7,4.72,4.56,66192686.0,315375863.0,5.145413870246096,0.23000000000000043,0.042848134950941204,3.579418344519019,1544820704.0
2026-04-28,4.67,4.64,4.68,4.61,39380929.0,186034810.0,-1.276595744680864,-0.0600000000000005,0.025492232786647064,1.4893617021276466,1544820704.0
2026-04-29,4.87,5.0,5.03,4.87,120129603.0,608381996.0,7.758620689655182,0.3600000000000003,0.07776281266100897,3.448275862068969,1544820704.0
2026-04-30,5.01,4.93,5.06,4.9,63170278.0,319775232.0,-1.4000000000000012,-0.07000000000000028,0.040891656770545196,3.1999999999999846,1544820704.0
2026-05-06,4.93,4.91,4.96,4.83,55030433.0,274214998.0,-0.40567951318457585,-0.019999999999999574,0.035622537202867524,2.636916835699795,1544820704.0
2026-05-07,4.93,4.94,4.99,4.88,35901587.0,181071066.0,0.6109979633401208,0.03000000000000025,0.023239970118888308,2.2403258655804543,1544820704.0
2026-05-08,4.92,4.93,4.96,4.89,25503598.0,128127060.0,-0.2024291497975894,-0.010000000000000675,0.016509099039107647,1.4170040485830016,1544820704.0
2026-05-11,4.93,4.93,4.96,4.91,34140616.0,171800064.0,0.0,0.0,0.022100050777154785,1.014198782961457,1544820704.0
2026-05-12,4.92,4.86,4.93,4.84,26093962.0,129918569.0,-1.4198782961460377,-0.0699999999999994,0.016891256009474092,1.825557809330626,1544820704.0
2026-05-13,4.85,4.83,4.86,4.81,23645167.0,116543380.0,-0.6172839506172867,-0.03000000000000025,0.015306091469887498,1.0288065843621546,1544820704.0
2026-05-14,4.83,4.76,4.83,4.75,24859402.0,121453835.0,-1.449275362318847,-0.07000000000000028,0.016092095306356018,1.656314699792962,1544820704.0
2026-05-15,4.74,4.69,4.77,4.64,37084895.0,177692601.0,-1.4705882352941013,-0.0699999999999994,0.024005954156347195,2.7310924369747878,1544820704.0
2026-05-18,4.67,4.62,4.68,4.57,34860480.0,163997224.0,-1.4925373134328401,-0.07000000000000028,0.02256603624597719,2.3454157782515868,1544820704.0
2026-05-19,4.63,4.66,4.67,4.58,23917550.0,112705594.0,0.8658008658008587,0.040000000000000036,0.015482411608072285,1.948051948051945,1544820704.0
2026-05-20,4.64,4.63,4.65,4.57,20906143.0,98086503.0,-0.6437768240343367,-0.03000000000000025,0.013533054642437004,1.716738197424894,1544820704.0
2026-05-21,4.63,4.62,4.72,4.62,33477631.0,159800333.0,-0.21598272138227959,-0.009999999999999787,0.021670884467897448,2.1598272138228864,1544820704.0
2026-05-22,4.62,4.65,4.69,4.56,27968700.0,131851148.0,0.6493506493506551,0.03000000000000025,0.01810481949625657,2.8138528138528307,1544820704.0
2026-05-25,4.63,4.64,4.68,4.61,19664300.0,93091009.0,-0.21505376344087557,-0.010000000000000675,0.01272917947635171,1.5053763440860084,1544820704.0
2026-05-26,4.62,4.68,4.69,4.61,25655113.0,121617276.0,0.8620689655172376,0.040000000000000036,0.01660717838230112,1.7241379310344844,1544820704.0
2026-05-27,4.66,4.58,4.71,4.56,30895745.0,145389384.0,-2.136752136752129,-0.09999999999999964,0.019999566888249058,3.2051282051282133,1544820704.0
2026-05-28,4.58,4.6,4.65,4.56,24958954.0,117348871.0,0.4366812227074135,0.019999999999999574,0.016163966699631143,1.9650655021834225,1544110704.0
2026-05-29,4.61,4.61,4.67,4.59,28050424.0,132291520.0,0.21739130434783593,0.010000000000000675,0.0181660705591482,1.7391304347826104,1544110704.0
2026-06-01,4.63,4.7,4.71,4.58,39810947.0,189740894.0,1.9522776572667988,0.08999999999999986,0.025782443510604665,2.819956616052058,1544110704.0
2026-06-02,4.71,4.67,4.72,4.65,23890708.0,114091248.0,-0.638297872340432,-0.03000000000000025,0.015472147131751247,1.4893617021276466,1544110704.0
2026-06-03,4.67,4.6,4.68,4.59,25718125.0,121148975.0,-1.4989293361884481,-0.07000000000000028,0.016655622510340425,1.9271948608137013,1544110704.0
2026-06-04,4.59,4.5,4.63,4.46,30494202.0,141155636.0,-2.1739130434782483,-0.09999999999999964,0.019748714856392836,3.695652173913042,1544110704.0
2026-06-05,4.5,4.48,4.57,4.47,26593967.0,122619312.0,-0.4444444444444362,-0.019999999999999574,0.017222837022700933,2.2222222222222343,1544110704.0
2026-06-08,4.42,4.39,4.45,4.35,32406631.0,145853477.0,-2.008928571428592,-0.09000000000000075,0.02098724587301352,2.232142857142869,1544110704.0
2026-06-09,4.41,4.42,4.44,4.35,22261889.0,99586931.0,0.6833712984054774,0.03000000000000025,0.014417288179099366,2.050113895216418,1544110704.0
2026-06-10,4.4,4.42,4.42,4.37,17830625.0,79866721.0,0.0,0.0,0.01154750430381059,1.1312217194570096,1544110704.0
2026-06-11,4.39,4.37,4.44,4.33,20582524.0,91772100.0,-1.1312217194570096,-0.04999999999999982,0.013329694526876358,2.488687782805437,1544110704.0
2026-06-12,4.38,4.44,4.5,4.35,32545240.0,147276646.0,1.6018306636155666,0.07000000000000028,0.021077012105214964,3.43249427917621,1544110704.0
2026-06-15,4.47,4.54,4.55,4.46,35609687.0,160938612.0,2.2522522522522515,0.09999999999999964,0.023061615276517115,2.0270270270270236,1544110704.0
2026-06-16,4.54,4.46,4.54,4.45,24626255.0,110416278.0,-1.7621145374449365,-0.08000000000000007,0.015948503521286385,1.9823788546255476,1544110704.0
2026-06-17,4.46,4.33,4.47,4.31,33422307.0,145538913.0,-2.914798206278024,-0.1299999999999999,0.02164501995447601,3.587443946188344,1544110704.0
2026-06-18,4.33,4.25,4.34,4.24,23766343.0,101434846.0,-1.8475750577367167,-0.08000000000000007,0.01539160562674268,2.3094688221708926,1544110704.0
2026-06-22,4.25,4.27,4.28,4.16,27714709.0,116786336.0,0.47058823529411153,0.019999999999999574,0.01794865415297322,2.8235294117647083,1544110704.0
2026-06-23,4.26,4.29,4.37,4.25,22763090.0,98175933.0,0.4683840749414525,0.020000000000000462,0.01474187695288459,2.8103044496487146,1544110704.0
