date,open,close,high,low,volume,amount,pct_chg,change,turnover,amplitude,outstanding_share
2023-06-26,7.66,7.58,7.68,7.54,5681346.0,50697135.0,,,0.0058607104046135144,,969395450.0
2023-06-27,7.58,7.86,7.88,7.58,8816292.0,80817632.0,3.693931398416894,0.28000000000000025,0.00909462902884473,3.9577836411609475,969395450.0
2023-06-28,7.86,7.81,7.88,7.75,3612726.0,33084441.0,-0.6361323155216425,-0.05000000000000071,0.003726782501403323,1.6539440203562326,969395450.0
2023-06-29,7.78,7.71,7.8,7.7,3552220.0,32315220.0,-1.2804097311139517,-0.09999999999999964,0.0036643662810672364,1.280409731113952,969395450.0
2023-06-30,7.71,7.77,7.83,7.69,4547290.0,41643452.0,0.7782101167315147,0.05999999999999961,0.004690851396094339,1.8158236057068702,969395450.0
2023-07-03,7.78,7.87,7.99,7.78,7396220.0,68599500.0,1.2870012870012992,0.10000000000000053,0.007629724278157072,2.7027027027027026,969395450.0
2023-07-04,7.87,7.86,7.88,7.81,3890540.0,35847682.0,-0.12706480304954804,-0.009999999999999787,0.0040133673002075675,0.8894536213468905,969395450.0
2023-07-05,7.85,7.81,7.87,7.76,3278998.0,30100977.0,-0.6361323155216425,-0.05000000000000071,0.0033825184551877154,1.3994910941475867,969395450.0
2023-07-06,7.83,7.76,7.83,7.74,3247820.0,29652763.0,-0.6402048655569814,-0.04999999999999982,0.0033503561420677188,1.1523687580025592,969395450.0
2023-07-07,7.77,7.75,7.8,7.71,3417071.0,31141527.0,-0.12886597938144284,-0.009999999999999787,0.003524950524576941,1.1597938144329878,969395450.0
2023-07-10,7.76,7.78,7.86,7.76,3920206.0,35912489.0,0.3870967741935516,0.03000000000000025,0.0040439698783401555,1.2903225806451681,969395450.0
2023-07-11,7.76,7.84,7.86,7.76,3917118.0,36003363.0,0.7712082262210762,0.05999999999999961,0.00404078438783677,1.2853470437018062,969395450.0
2023-07-12,7.85,7.76,7.85,7.75,4693276.0,42937250.0,-1.0204081632653073,-0.08000000000000007,0.00484144628489849,1.2755102040816282,969395450.0
2023-07-13,7.77,7.83,7.86,7.77,3616804.0,33291336.0,0.9020618556700999,0.07000000000000028,0.003730989246957988,1.1597938144329993,969395450.0
2023-07-14,7.83,7.87,7.9,7.81,3894616.0,35997307.0,0.5108556832694733,0.040000000000000036,0.004017571982620715,1.1494252873563313,969395450.0
2023-07-17,7.84,7.83,7.85,7.75,3602186.0,32942584.0,-0.5082592121982255,-0.040000000000000036,0.0037159097456048507,1.270648030495548,969395450.0
2023-07-18,7.83,7.92,7.92,7.8,5634728.0,52196640.0,1.1494252873563093,0.08999999999999986,0.005812620638976591,1.5325670498084305,969395450.0
2023-07-19,7.91,8.05,8.06,7.88,6594576.0,62049366.0,1.6414141414141437,0.13000000000000078,0.006802771768734834,2.2727272727272805,969395450.0
2023-07-20,8.04,8.07,8.14,8.04,7315247.0,69511009.0,0.248447204968949,0.019999999999999574,0.007546194899099227,1.2422360248447382,969395450.0
2023-07-21,8.05,8.1,8.1,7.97,5180415.0,49077592.0,0.3717472118959009,0.02999999999999936,0.005343964632802846,1.6109045848822785,969395450.0
2023-07-24,8.18,8.0,8.23,7.98,6617600.0,62536324.0,-1.2345679012345623,-0.09999999999999964,0.006826522653887018,3.08641975308642,969395450.0
2023-07-25,8.08,8.4,8.42,8.06,18258724.0,178913209.0,5.000000000000004,0.40000000000000036,0.018835165772647273,4.499999999999993,969395450.0
2023-07-26,8.46,8.59,8.88,8.4,24969404.0,253242192.0,2.261904761904754,0.1899999999999995,0.025757707032769753,5.714285714285719,969395450.0
2023-07-27,8.51,8.62,8.79,8.37,16796094.0,169775813.0,0.34924330616996624,0.02999999999999936,0.017326359433603698,4.88940628637951,969395450.0
2023-07-28,8.57,8.79,8.8,8.56,16665277.0,170796051.0,1.9721577726218076,0.16999999999999993,0.017191412441640817,2.7842227378190283,969395450.0
2023-07-31,8.84,8.89,9.05,8.81,16754191.0,175772871.0,1.1376564277588264,0.10000000000000142,0.017283133524094836,2.7303754266211633,969395450.0
2023-08-01,8.87,8.82,8.98,8.77,12352137.0,128375030.0,-0.7874015748031482,-0.07000000000000028,0.012742103338735497,2.362204724409458,969395450.0
2023-08-02,8.75,8.88,8.97,8.75,10727790.0,111869509.0,0.6802721088435382,0.0600000000000005,0.011066474471280013,2.4943310657596443,969395450.0
2023-08-03,8.81,8.86,8.91,8.72,7844536.0,81160669.0,-0.22522522522524513,-0.02000000000000135,0.008092193954489884,2.1396396396396336,969395450.0
2023-08-04,8.9,8.84,8.99,8.83,8375656.0,87440372.0,-0.22573363431150906,-0.019999999999999574,0.008640081815940028,1.8058690744921009,969395450.0
2023-08-07,8.84,8.64,8.84,8.61,7538086.0,76648865.0,-2.262443438914019,-0.1999999999999993,0.007776069095434685,2.601809954751136,969395450.0
2023-08-08,8.64,8.55,8.72,8.51,6271738.0,63086419.0,-1.041666666666663,-0.08999999999999986,0.006469741528083302,2.430555555555565,969395450.0
2023-08-09,8.56,8.5,8.61,8.48,4736107.0,47428428.0,-0.5847953216374324,-0.05000000000000071,0.0048856294920715795,1.520467836257298,969395450.0
2023-08-10,8.48,8.51,8.59,8.48,3706163.0,37072995.0,0.11764705882353343,0.009999999999999787,0.0038231693783997026,1.2941176470588167,969395450.0
2023-08-11,8.54,8.29,8.54,8.27,5739436.0,56412709.0,-2.585193889541726,-0.22000000000000064,0.005920634349996175,3.172737955346646,969395450.0
2023-08-14,8.27,8.29,8.34,8.15,5146728.0,49828908.0,0.0,0.0,0.005309214108648849,2.2919179734619965,969395450.0
2023-08-15,8.3,8.24,8.3,8.13,4907798.0,47299035.0,-0.603136308805774,-0.049999999999998934,0.005062740907232441,2.0506634499396856,969395450.0
2023-08-16,8.19,8.3,8.39,8.15,4736760.0,46126741.0,0.728155339805836,0.0600000000000005,0.00488630310777712,2.9126213592233037,969395450.0
2023-08-17,8.21,8.28,8.31,8.15,5155067.0,49850609.0,-0.2409638554217053,-0.02000000000000135,0.0053178163772070524,1.9277108433734955,969395450.0
2023-08-18,8.27,8.13,8.39,8.13,4897849.0,47294882.0,-1.8115942028985366,-0.14999999999999858,0.00505247780975246,3.140096618357486,969395450.0
2023-08-21,8.2,8.11,8.27,8.11,5041620.0,48392599.0,-0.24600246002461912,-0.02000000000000135,0.005200787769325717,1.9680196801968035,969395450.0
2023-08-22,8.15,8.12,8.32,8.03,4914980.0,46867894.0,0.12330456226881115,0.009999999999999787,0.005070149648422633,3.575832305795326,969395450.0
2023-08-23,8.09,7.95,8.13,7.95,5794880.0,54530837.0,-2.0935960591132896,-0.16999999999999904,0.005977828759150871,2.216748768472914,969395450.0
2023-08-24,8.13,8.01,8.31,7.95,11892968.0,113053764.0,0.7547169811320753,0.05999999999999961,0.012268438024956689,4.528301886792456,969395450.0
2023-08-25,7.95,7.95,8.07,7.87,7761847.0,72546482.0,-0.7490636704119757,-0.05999999999999961,0.008006894400009821,2.4968789013732855,969395450.0
2023-08-28,8.32,8.23,8.44,8.2,15721316.0,153656773.0,3.5220125786163514,0.28000000000000025,0.01621764987652872,3.0188679245283043,969395450.0
2023-08-29,8.16,8.13,8.27,8.04,11932057.0,113847090.0,-1.2150668286755706,-0.09999999999999964,0.012308761094350092,2.7946537059538326,969395450.0
2023-08-30,8.12,7.87,8.15,7.86,13506622.0,126006503.0,-3.1980319803198154,-0.2600000000000007,0.013933036306287594,3.5670356703567037,969395450.0
2023-08-31,7.84,7.81,7.98,7.8,7671729.0,70791588.0,-0.7623888182973326,-0.0600000000000005,0.007913931306362126,2.2871664548920023,969395450.0
2023-09-01,7.8,7.95,8.02,7.8,9202660.0,85987353.0,1.7925736235595569,0.14000000000000057,0.009493194959807166,2.8169014084507014,969395450.0
2023-09-04,8.04,8.42,8.43,7.99,20762049.0,202194553.0,5.91194968553459,0.46999999999999975,0.02141752264259132,5.534591194968548,969395450.0
2023-09-05,8.42,8.27,8.47,8.25,12618129.0,123586589.0,-1.7814726840855166,-0.15000000000000036,0.0130164929080284,2.6128266033254235,969395450.0
2023-09-06,8.29,8.13,8.3,8.01,11544900.0,109729893.0,-1.6928657799274327,-0.1399999999999988,0.011909381254058908,3.5066505441354408,969395450.0
2023-09-07,8.1,8.05,8.2,8.04,6759147.0,64363298.0,-0.9840098400983988,-0.08000000000000007,0.006972538400092552,1.9680196801968035,969395450.0
2023-09-08,8.02,8.02,8.09,7.99,4397600.0,41496774.0,-0.3726708074534346,-0.030000000000001137,0.00453643556919934,1.242236024844716,969395450.0
2023-09-11,8.04,8.02,8.08,7.92,5082980.0,47744011.0,0.0,0.0,0.005243453535912511,1.9950124688279323,969395450.0
2023-09-12,7.99,7.98,8.03,7.92,3630600.0,34009326.0,-0.4987531172069737,-0.03999999999999915,0.0037452207971473356,1.371571072319195,969395450.0
2023-09-13,8.0,7.94,8.07,7.9,6487178.0,60844701.0,-0.5012531328320802,-0.040000000000000036,0.006691983132373893,2.1303258145363397,969395450.0
2023-09-14,7.95,7.98,7.98,7.91,4552959.0,42495360.0,0.5037783375314797,0.040000000000000036,0.004696699370726363,0.8816120906801043,969395450.0
2023-09-15,7.97,8.04,8.12,7.96,6622859.0,62555083.0,0.7518796992481036,0.05999999999999872,0.006831947684507907,2.0050125313283114,969395450.0
2023-09-18,8.05,7.82,8.1,7.78,13725064.0,126393914.0,-2.736318407960181,-0.21999999999999886,0.014158374685996308,3.980099502487555,969395450.0
2023-09-19,7.81,8.0,8.02,7.81,12095296.0,112751394.0,2.3017902813299296,0.17999999999999972,0.012477153673456998,2.68542199488491,969395450.0
2023-09-20,8.01,8.1,8.16,7.95,11009589.0,104562491.0,1.2499999999999956,0.09999999999999964,0.011357170079558348,2.6249999999999996,969395450.0
2023-09-21,8.09,7.92,8.17,7.92,6936721.0,65054780.0,-2.2222222222222143,-0.17999999999999972,0.007155718546027836,3.08641975308642,969395450.0
2023-09-22,7.91,7.99,8.0,7.89,4680718.0,43672003.0,0.8838383838383868,0.07000000000000028,0.004828491819308622,1.388888888888893,969395450.0
2023-09-25,7.98,7.87,8.04,7.87,7881213.0,73225587.0,-1.5018773466833557,-0.1200000000000001,0.008130028875212896,2.127659574468073,969395450.0
2023-09-26,7.87,7.87,7.92,7.84,3074555.0,28449830.0,0.0,0.0,0.0031716210345323985,1.0165184243964431,969395450.0
2023-09-27,7.86,7.83,7.92,7.82,5082441.0,46899048.0,-0.5082592121982255,-0.040000000000000036,0.005242897519273481,1.270648030495548,969395450.0
2023-09-28,7.81,7.89,7.91,7.81,4535180.0,41917516.0,0.7662835249041988,0.05999999999999961,0.004678359074204444,1.2771392081736979,969395450.0
2023-10-09,7.87,7.72,7.87,7.69,7542489.0,68533233.0,-2.154626108998736,-0.16999999999999993,0.007780611101485983,2.281368821292772,969395450.0
2023-10-10,7.74,7.57,7.77,7.54,8732160.0,78050813.0,-1.943005181347146,-0.14999999999999947,0.00900784091775962,2.979274611398958,969395450.0
2023-10-11,7.6,7.58,7.68,7.58,5759927.0,51555663.0,0.13210039630118242,0.009999999999999787,0.005941772266416147,1.3210039630118842,969395450.0
2023-10-12,7.59,7.69,7.73,7.59,6631216.0,59737490.0,1.451187335092352,0.11000000000000032,0.006840568521339769,1.8469656992084509,969395450.0
2023-10-13,7.64,7.6,7.65,7.58,4175300.0,37280763.0,-1.170351105331613,-0.09000000000000075,0.004307117389502912,0.910273081924581,969395450.0
2023-10-16,7.6,7.59,7.63,7.56,4514460.0,40262272.0,-0.1315789473684159,-0.009999999999999787,0.004656984928080692,0.9210526315789511,969395450.0
2023-10-17,7.58,7.58,7.61,7.54,3610540.0,32116713.0,-0.13175230566534468,-0.009999999999999787,0.003724527487724437,0.9222661396574479,969395450.0
2023-10-18,7.56,7.41,7.58,7.4,6596240.0,57960463.0,-2.242744063324542,-0.16999999999999993,0.006804488302477591,2.374670184696566,969395450.0
2023-10-19,7.39,7.19,7.39,7.17,7476080.0,63700874.0,-2.9689608636977005,-0.21999999999999975,0.007712105518960296,2.9689608636977023,969395450.0
2023-10-20,7.18,7.29,7.35,7.14,6622329.0,56503639.0,1.3908205841446364,0.09999999999999964,0.0068314009520057065,2.9207232267037546,969395450.0
2023-10-23,7.27,7.07,7.27,7.04,5227160.0,43729384.0,-3.0178326474622708,-0.21999999999999975,0.005392185407926146,3.1550068587105558,969395450.0
2023-10-24,7.07,7.15,7.19,7.07,4308200.0,36093472.0,1.1315417256011262,0.08000000000000007,0.004444213143356511,1.6973125884016986,969395450.0
2023-10-25,7.55,7.46,7.64,7.41,14220402.0,125253030.0,4.335664335664324,0.3099999999999996,0.014669350882552626,3.2167832167832104,969395450.0
2023-10-26,7.44,7.24,7.44,7.12,12279349.0,104148086.0,-2.9490616621983934,-0.21999999999999975,0.01266701736633899,4.289544235924937,969395450.0
2023-10-27,7.15,7.35,7.39,7.13,8799719.0,75395476.0,1.5193370165745845,0.10999999999999943,0.009077532806658005,3.5911602209944724,969395450.0
2023-10-30,7.28,7.33,7.39,7.27,6084260.0,52393625.0,-0.2721088435374108,-0.019999999999999574,0.006276344705352186,1.6326530612244914,969395450.0
2023-10-31,7.3,7.43,7.45,7.3,7015740.0,60841395.0,1.3642564802182733,0.09999999999999964,0.007237232235822852,2.0463847203274264,969395450.0
2023-11-01,7.46,7.39,7.47,7.35,3774513.0,32747531.0,-0.538358008075368,-0.040000000000000036,0.0038936772397683526,1.6150740242261117,969395450.0
2023-11-02,7.39,7.32,7.41,7.29,4324620.0,37271080.0,-0.9472259810554773,-0.0699999999999994,0.004461151535217129,1.6238159675236823,969395450.0
2023-11-03,7.32,7.29,7.35,7.29,4154280.0,35684157.0,-0.4098360655737765,-0.03000000000000025,0.004285433772151499,0.8196721311475357,969395450.0
2023-11-06,7.33,7.38,7.39,7.31,6026520.0,52069198.0,1.2345679012345734,0.08999999999999986,0.006216781809735129,1.0973936899862835,969395450.0
2023-11-07,7.39,7.27,7.39,7.25,7277404.0,62247576.0,-1.490514905149054,-0.11000000000000032,0.007507157166871373,1.8970189701896976,969395450.0
2023-11-08,7.28,7.33,7.41,7.24,6239660.0,53581778.0,0.8253094910591452,0.0600000000000005,0.006436650801280324,2.3383768913342493,969395450.0
2023-11-09,8.0,7.58,8.06,7.51,34682292.0,316655892.0,3.4106412005457054,0.25,0.035777238277732784,7.5034106412005555,969395450.0
2023-11-10,7.55,7.31,7.55,7.28,24069648.0,207544603.0,-3.5620052770448662,-0.27000000000000046,0.024829545053053428,3.562005277044849,969395450.0
2023-11-13,7.26,7.38,7.43,7.24,13519334.0,116228476.0,0.9575923392612928,0.07000000000000028,0.013946149633774328,2.599179206566341,969395450.0
2023-11-14,7.34,7.39,7.44,7.33,8800805.0,76289258.0,0.13550135501354532,0.009999999999999787,0.009078653092502137,1.4905149051490558,969395450.0
2023-11-15,7.42,7.5,7.64,7.42,13522070.0,119418955.0,1.4884979702300516,0.11000000000000032,0.013948972011370592,2.976995940460078,969395450.0
2023-11-16,7.51,7.42,7.51,7.4,7671454.0,66999786.0,-1.0666666666666713,-0.08000000000000007,0.007913647624403436,1.466666666666659,969395450.0
2023-11-17,7.39,7.38,7.41,7.29,6806940.0,58712391.0,-0.5390835579514808,-0.040000000000000036,0.007021840261371147,1.617250673854449,969395450.0
2023-11-20,7.38,7.39,7.42,7.32,5578402.0,48227783.0,0.13550135501354532,0.009999999999999787,0.005754516384412574,1.3550135501354965,969395450.0
2023-11-21,7.39,7.45,7.51,7.39,10022094.0,87967477.0,0.8119079837618504,0.0600000000000005,0.010338499113029672,1.6238159675236823,969395450.0
2023-11-22,7.41,7.35,7.45,7.35,5974240.0,51896381.0,-1.34228187919464,-0.10000000000000053,0.006162851290461493,1.342281879194638,969395450.0
2023-11-23,7.34,7.45,7.46,7.32,6069436.0,52841106.0,1.3605442176870763,0.10000000000000053,0.006261052700422722,1.9047619047619004,969395450.0
2023-11-24,7.44,7.44,7.48,7.4,5356597.0,46803676.0,-0.13422818791946067,-0.009999999999999787,0.005525708832241786,1.0738255033557056,969395450.0
2023-11-27,7.41,7.33,7.43,7.29,6968732.0,59976151.0,-1.4784946236559127,-0.11000000000000032,0.0071887401575899705,1.8817204301075225,969395450.0
2023-11-28,7.3,7.35,7.35,7.24,3983292.0,34138317.0,0.27285129604364133,0.019999999999999574,0.004109047551234122,1.5006821282401015,969395450.0
2023-11-29,7.35,7.15,7.36,7.11,10543616.0,89101597.0,-2.7210884353741416,-0.1999999999999993,0.010876485958336199,3.4013605442176873,969395450.0
2023-11-30,7.16,7.11,7.19,7.07,4973205.0,41620867.0,-0.5594405594405605,-0.040000000000000036,0.005130212855857741,1.6783216783216797,969395450.0
2023-12-01,7.12,7.12,7.14,7.07,3879635.0,32392765.0,0.14064697609001975,0.009999999999999787,0.004002118021082108,0.9845288326300898,969395450.0
2023-12-04,7.13,7.01,7.13,6.95,8980020.0,73863063.0,-1.54494382022472,-0.11000000000000032,0.009263526046052723,2.5280898876404456,969395450.0
2023-12-05,7.0,6.93,7.0,6.91,5464179.0,44594641.0,-1.1412268188302432,-0.08000000000000007,0.005636687277622357,1.2838801711840209,969395450.0
2023-12-06,6.93,6.96,6.98,6.89,3787845.0,30906448.0,0.43290043290042934,0.03000000000000025,0.003907430141125585,1.2987012987013096,969395450.0
2023-12-07,6.96,6.93,6.97,6.88,3608159.0,29288119.0,-0.4310344827586188,-0.03000000000000025,0.0037220713177475713,1.2931034482758599,969395450.0
2023-12-08,6.95,6.87,6.95,6.86,4880865.0,39591813.0,-0.8658008658008587,-0.05999999999999961,0.00503495761198384,1.2987012987012967,969395450.0
2023-12-11,6.88,6.91,6.92,6.79,5626750.0,45268516.0,0.5822416302765587,0.040000000000000036,0.00580439076746234,1.8922852983988339,969395450.0
2023-12-12,6.91,6.97,6.97,6.85,4812052.0,39194602.0,0.868306801736618,0.05999999999999961,0.004963972133353834,1.7366136034732287,969395450.0
2023-12-13,6.95,6.89,6.98,6.89,3282516.0,26727485.0,-1.147776183644189,-0.08000000000000007,0.003386147521117414,1.291248206599724,969395450.0
2023-12-14,6.91,6.89,6.95,6.88,2682100.0,21799356.0,0.0,0.0,0.0027667759323607307,1.0159651669085672,969395450.0
2023-12-15,6.89,6.92,6.99,6.89,4653920.0,37967896.0,0.43541364296082463,0.03000000000000025,0.004800847786112468,1.4513788098693838,969395450.0
2023-12-18,6.91,6.72,6.91,6.71,6314405.0,50311292.0,-2.8901734104046284,-0.20000000000000018,0.006513755557651936,2.890173410404627,969395450.0
2023-12-19,6.98,6.86,7.08,6.81,11123372.0,90547990.0,2.083333333333348,0.14000000000000057,0.011474545295214663,4.01785714285715,969395450.0
2023-12-20,6.79,6.68,6.83,6.68,7459712.0,59167347.0,-2.6239067055393694,-0.1800000000000006,0.007695220768779139,2.186588921282804,969395450.0
2023-12-21,6.63,6.78,6.79,6.6,5624683.0,44475985.0,1.4970059880239583,0.10000000000000053,0.005802258510703759,2.844311377245515,969395450.0
2023-12-22,6.77,6.8,6.89,6.7,4762589.0,38068972.0,0.2949852507374562,0.019999999999999574,0.00491294754890793,2.8023598820058924,969395450.0
2023-12-25,6.82,6.72,6.82,6.68,3719164.0,29362010.0,-1.17647058823529,-0.08000000000000007,0.0038365808298357496,2.058823529411773,969395450.0
2023-12-26,6.7,6.71,6.74,6.67,2733589.0,21527085.0,-0.14880952380952328,-0.009999999999999787,0.002819890479164102,1.041666666666671,969395450.0
2023-12-27,6.71,6.71,6.72,6.62,4174400.0,32738523.0,0.0,0.0,0.00430618897581993,1.4903129657227965,969395450.0
2023-12-28,6.69,6.84,6.87,6.66,5604797.0,44789216.0,1.9374068554396384,0.1299999999999999,0.005781744694592903,3.129657228017883,969395450.0
2023-12-29,6.83,6.86,6.86,6.8,3694120.0,29684851.0,0.29239766081872176,0.020000000000000462,0.0038107461717506513,0.8771929824561476,969395450.0
2024-01-02,6.85,6.88,6.89,6.79,4208452.0,33909650.0,0.2915451895043608,0.019999999999999574,0.004341316023300914,1.4577259475218607,969395450.0
2024-01-03,6.88,6.89,6.91,6.84,3790740.0,30613103.0,0.14534883720929148,0.009999999999999787,0.003910416538472509,1.0174418604651203,969395450.0
2024-01-04,6.89,6.85,6.89,6.79,2799802.0,22478791.0,-0.5805515239477477,-0.040000000000000036,0.00288819387382105,1.4513788098693707,969395450.0
2024-01-05,6.82,6.84,6.95,6.78,5333323.0,43122636.0,-0.14598540145984717,-0.009999999999999787,0.005501700054399884,2.4817518248175174,969395450.0
2024-01-08,6.82,6.72,6.89,6.72,3845980.0,30770860.0,-1.7543859649122862,-0.1200000000000001,0.003967400507192395,2.4853801169590635,969395450.0
2024-01-09,6.73,6.78,6.84,6.69,3086283.0,24554091.0,0.8928571428571397,0.0600000000000005,0.003183719296392406,2.232142857142849,969395450.0
2024-01-10,6.74,6.75,6.82,6.69,3115900.0,24726372.0,-0.4424778761061954,-0.03000000000000025,0.0032142713275578093,1.9174041297935085,969395450.0
2024-01-11,6.77,6.78,6.82,6.71,3596880.0,28586686.0,0.4444444444444473,0.03000000000000025,0.0037104362311582957,1.6296296296296344,969395450.0
2024-01-12,6.78,6.89,6.95,6.76,5607500.0,45360926.0,1.6224188790560312,0.10999999999999943,0.005784533030354124,2.8023598820059052,969395450.0
2024-01-15,6.88,6.91,6.94,6.82,3802540.0,30764347.0,0.2902757619738905,0.020000000000000462,0.003922589073427155,1.7416545718432528,969395450.0
2024-01-16,6.93,6.89,6.95,6.79,4204356.0,33952635.0,-0.28943560057888007,-0.020000000000000462,0.004337090709472589,2.3154848046309717,969395450.0
2024-01-17,6.89,6.74,6.9,6.74,2978700.0,23859590.0,-2.1770682148040565,-0.14999999999999947,0.0030727398194410754,2.3222060957910036,969395450.0
2024-01-18,6.71,6.61,6.72,6.39,8182758.0,62795645.0,-1.928783382789312,-0.1299999999999999,0.008441093879695846,4.896142433234423,969395450.0
2024-01-19,6.58,6.53,6.61,6.5,3457558.0,26660579.0,-1.2102874432677768,-0.08000000000000007,0.003566715729891243,1.6641452344931968,969395450.0
2024-01-22,6.49,6.15,6.5,6.13,6176160.0,45848793.0,-5.819295558958649,-0.3799999999999999,0.006371146058092185,5.666156202143952,969395450.0
2024-01-23,6.12,6.21,6.25,6.04,4463025.0,32174828.0,0.9756097560975618,0.05999999999999961,0.0046039260860983,3.414634146341463,969395450.0
2024-01-24,6.26,6.38,6.41,6.11,6312400.0,46516518.0,2.7375201288244666,0.16999999999999993,0.006511687258280405,4.830917874396133,969395450.0
2024-01-25,6.4,6.66,6.67,6.38,6782743.0,52184409.0,4.3887147335423204,0.28000000000000025,0.00699687934371881,4.545454545454546,969395450.0
2024-01-26,6.67,6.77,6.83,6.66,6136486.0,48844645.0,1.6516516516516422,0.10999999999999943,0.006330219519804843,2.5525525525525516,969395450.0
2024-01-29,6.78,6.66,6.86,6.65,5578302.0,44212744.0,-1.6248153618906858,-0.10999999999999943,0.005754413227336687,3.1019202363367797,969395450.0
2024-01-30,6.62,6.48,6.7,6.47,4655880.0,36094236.0,-2.7027027027026973,-0.17999999999999972,0.00480286966479985,3.4534534534534598,969395450.0
2024-01-31,6.47,6.32,6.54,6.3,5151442.0,38740622.0,-2.4691358024691357,-0.16000000000000014,0.005314076933206155,3.703703703703707,969395450.0
2024-02-01,6.29,6.19,6.38,6.18,5817740.0,42783028.0,-2.0569620253164556,-0.1299999999999999,0.0060014104666986,3.1645569620253196,969395450.0
2024-02-02,6.22,5.98,6.31,5.82,7807693.0,55401034.0,-3.392568659127626,-0.20999999999999996,0.008054187793020898,7.915993537964447,969395450.0
2024-02-05,5.96,5.64,5.96,5.44,10309942.0,68577032.0,-5.685618729096998,-0.34000000000000075,0.010635434692828401,8.695652173913036,969395450.0
2024-02-06,5.53,5.99,6.09,5.52,10098548.0,68920989.0,6.205673758865249,0.35000000000000053,0.01041736682382819,10.10638297872341,969395450.0
2024-02-07,6.04,6.3,6.33,5.98,10804116.0,79238014.0,5.175292153589317,0.3099999999999996,0.011145210141021397,5.843071786310512,969395450.0
2024-02-08,6.31,6.61,6.72,6.29,11994983.0,92982053.0,4.920634920634925,0.3100000000000005,0.01237367371592264,6.825396825396821,969395450.0
2024-02-19,6.61,6.49,6.69,6.43,10452404.0,80205958.0,-1.8154311649016708,-0.1200000000000001,0.0107823943262783,3.9334341906202823,969395450.0
2024-02-20,6.44,6.48,6.51,6.4,6190490.0,47025926.0,-0.15408320493065508,-0.009999999999999787,0.006385928467066768,1.6949152542372794,969395450.0
2024-02-21,6.49,6.55,6.72,6.4,7719083.0,59720874.0,1.0802469135802406,0.0699999999999994,0.007962780308077575,4.938271604938262,969395450.0
2024-02-22,6.59,6.55,6.61,6.48,4623026.0,35473431.0,0.0,0.0,0.00476897843908799,1.9847328244274793,969395450.0
2024-02-23,6.56,6.53,6.57,6.44,6433153.0,49122761.0,-0.3053435114503733,-0.019999999999999574,0.006636252522126032,1.9847328244274793,969395450.0
2024-02-26,6.53,6.47,6.55,6.42,7115777.0,54282118.0,-0.9188361408882129,-0.0600000000000005,0.007340427479827763,1.990811638591116,969395450.0
2024-02-27,6.47,6.55,6.55,6.42,5328613.0,40731513.0,1.2364760432766575,0.08000000000000007,0.005496841356125614,2.009273570324573,969395450.0
2024-02-28,6.52,6.4,6.68,6.39,10976926.0,84439917.0,-2.2900763358778553,-0.14999999999999947,0.011323475883861431,4.427480916030535,969395450.0
2024-02-29,6.32,6.51,6.52,6.31,7213223.0,54700397.0,1.7187499999999911,0.10999999999999943,0.007440949923996445,3.2812499999999996,969395450.0
2024-03-01,6.5,6.49,6.57,6.45,6728254.0,51386165.0,-0.3072196620583667,-0.019999999999999574,0.006940670084638834,1.8433179723502322,969395450.0
2024-03-04,6.48,6.4,6.51,6.34,7810480.0,58617992.0,-1.3867488443759624,-0.08999999999999986,0.008057062780725864,2.6194144838212625,969395450.0
2024-03-05,6.37,6.34,6.37,6.28,6662340.0,49477745.0,-0.9375000000000022,-0.0600000000000005,0.006872675129638787,1.4062499999999978,969395450.0
2024-03-06,6.32,6.32,6.38,6.26,5491788.0,40783437.0,-0.3154574132492094,-0.019999999999999574,0.005665167914703953,1.89274447949527,969395450.0
2024-03-07,6.32,6.33,6.48,6.3,7509505.0,56323685.0,0.15822784810126667,0.009999999999999787,0.0077465857715754705,2.848101265822794,969395450.0
2024-03-08,6.31,6.26,6.35,6.22,5073540.0,37381974.0,-1.1058451816745696,-0.07000000000000028,0.005233715507948794,2.053712480252763,969395450.0
2024-03-11,6.3,6.35,6.36,6.26,5539570.0,41082738.0,1.437699680511173,0.08999999999999986,0.005714458428704199,1.5974440894568775,969395450.0
2024-03-12,6.35,6.49,6.5,6.32,8666651.0,65402471.0,2.2047244094488327,0.14000000000000057,0.008940263748916915,2.8346456692913344,969395450.0
2024-03-13,6.5,6.4,6.51,6.35,5729808.0,43156442.0,-1.3867488443759624,-0.08999999999999986,0.005910702386729791,2.465331278890603,969395450.0
2024-03-14,6.38,6.41,6.49,6.38,4697163.0,35563418.0,0.15624999999999112,0.009999999999999787,0.004845456000438212,1.7187500000000049,969395450.0
2024-03-15,6.42,6.47,6.48,6.37,4464800.0,33718793.0,0.9360374414976613,0.05999999999999961,0.004605757124195291,1.7160686427457148,969395450.0
2024-03-18,6.48,6.51,6.51,6.43,4796048.0,36508792.0,0.6182380216383399,0.040000000000000036,0.004947462874928905,1.2364760432766626,969395450.0
2024-03-19,6.51,6.46,6.53,6.45,3815060.0,29049029.0,-0.7680491551459223,-0.04999999999999982,0.0039355043393281865,1.2288786482334881,969395450.0
2024-03-20,6.44,6.47,6.5,6.42,3671600.0,27858049.0,0.1547987616099089,0.009999999999999787,0.0037875151982609367,1.2383900928792582,969395450.0
2024-03-21,6.47,6.44,6.49,6.42,3836134.0,29080112.0,-0.46367851622873824,-0.02999999999999936,0.0039572436615005775,1.0819165378670832,969395450.0
2024-03-22,6.44,6.29,6.46,6.26,5301512.0,39388103.0,-2.329192546583858,-0.15000000000000036,0.005468884756989523,3.105590062111804,969395450.0
2024-03-25,6.28,6.25,6.39,6.2,5663210.0,41900986.0,-0.6359300476947549,-0.040000000000000036,0.005842001837330678,3.0206677265500717,969395450.0
2024-03-26,6.24,6.26,6.3,6.15,4612191.0,33721634.0,0.16000000000000458,0.009999999999999787,0.004757801369915652,2.3999999999999915,969395450.0
2024-03-27,6.26,6.13,6.32,6.11,5494140.0,40179700.0,-2.076677316293929,-0.1299999999999999,0.005667594169128811,3.3546325878594248,969395450.0
2024-03-28,6.11,6.06,6.16,6.04,5758792.0,41351455.0,-1.1419249592169667,-0.07000000000000028,0.005940601433604831,1.9575856443719433,969395450.0
2024-03-29,6.08,6.18,6.19,6.07,4745714.0,34183589.0,1.980198019801982,0.1200000000000001,0.004895539792352027,1.980198019801982,969395450.0
2024-04-01,6.19,6.35,6.35,6.17,10363082.0,76241398.0,2.7508090614886793,0.16999999999999993,0.010690252362954664,2.9126213592232966,969395450.0
2024-04-02,6.35,6.42,6.44,6.33,7901126.0,59447200.0,1.1023622047244164,0.07000000000000028,0.008150570543734241,1.7322834645669343,969395450.0
2024-04-03,6.39,6.46,6.52,6.39,5788620.0,43959285.0,0.6230529595015577,0.040000000000000036,0.005971371126200355,2.024922118380061,969395450.0
2024-04-08,6.49,6.33,6.49,6.33,5366073.0,40355006.0,-2.0123839009287936,-0.1299999999999999,0.005535483996752822,2.4767801857585163,969395450.0
2024-04-09,6.35,6.47,6.49,6.34,5393940.0,40751256.0,2.211690363349117,0.13999999999999968,0.005564230779090205,2.3696682464455034,969395450.0
2024-04-10,6.47,6.37,6.49,6.31,4140912.0,31059688.0,-1.5455950540958163,-0.09999999999999964,0.004271643734246947,2.782071097372498,969395450.0
2024-04-11,6.36,6.49,6.52,6.32,7873072.0,59710670.0,1.883830455259039,0.1200000000000001,0.00812163085766495,3.1397174254316997,969395450.0
2024-04-12,6.43,6.3,6.5,6.28,6781965.0,50668114.0,-2.927580893682591,-0.1900000000000004,0.00699607678166841,3.389830508474572,969395450.0
2024-04-15,6.29,6.18,6.34,6.08,8164410.0,59385076.0,-1.904761904761909,-0.1200000000000001,0.00842216661941213,4.126984126984123,969395450.0
2024-04-16,6.1,5.98,6.21,5.95,8831391.0,62758261.0,-3.2362459546925404,-0.1999999999999993,0.009110204715732883,4.20711974110032,969395450.0
2024-04-17,5.97,6.18,6.19,5.97,6612993.0,47499662.0,3.3444816053511683,0.1999999999999993,0.006821770207400912,3.6789297658862985,969395450.0
2024-04-18,6.18,6.16,6.23,6.13,5048603.0,36652932.0,-0.3236245954692518,-0.019999999999999574,0.005207991227934895,1.6181229773462869,969395450.0
2024-04-19,6.17,6.21,6.25,6.09,5326812.0,38720587.0,0.8116883116883189,0.04999999999999982,0.005494983497188893,2.5974025974025996,969395450.0
2024-04-22,6.19,6.21,6.31,6.18,4927620.0,36000422.0,0.0,0.0,0.005083188702814729,2.093397745571657,969395450.0
2024-04-23,6.17,6.15,6.22,6.11,6111000.0,44180181.0,-0.9661835748792202,-0.05999999999999961,0.006303928907444325,1.7713365539452404,969395450.0
2024-04-24,6.09,6.08,6.15,6.02,5688260.0,40483181.0,-1.1382113821138296,-0.07000000000000028,0.00586784268484033,2.113821138211395,969395450.0
2024-04-25,6.04,5.97,6.06,5.84,9116804.0,63933623.0,-1.8092105263157965,-0.11000000000000032,0.009404628420733767,3.6184210526315748,969395450.0
2024-04-26,5.93,6.0,6.01,5.83,11739001.0,81531848.0,0.5025125628140836,0.03000000000000025,0.012109610169926009,3.0150753768844174,969395450.0
2024-04-29,5.97,6.26,6.26,5.94,13519367.0,97715942.0,4.333333333333322,0.2599999999999998,0.013946183675609371,5.333333333333323,969395450.0
2024-04-30,6.13,5.92,6.16,5.91,16663703.0,116702881.0,-5.4313099041533475,-0.33999999999999986,0.01718978874926636,3.993610223642172,969395450.0
2024-05-06,5.98,6.02,6.09,5.96,13129050.0,93140877.0,1.6891891891891886,0.09999999999999964,0.013543544071720164,2.1959459459459443,969395450.0
2024-05-07,6.0,5.99,6.05,5.95,7920538.0,55684036.0,-0.4983388704318803,-0.02999999999999936,0.008170595395305394,1.6611295681063065,969395450.0
2024-05-08,5.99,5.86,5.99,5.85,9935298.0,68925273.0,-2.170283806343909,-0.1299999999999999,0.010248962897442938,2.3372287145242163,969395450.0
2024-05-09,5.87,5.98,6.02,5.87,8637542.0,60544747.0,2.0477815699658786,0.1200000000000001,0.008910235755697018,2.559726962457329,969395450.0
2024-05-10,5.99,6.01,6.04,5.92,6357119.0,44696843.0,0.5016722408026641,0.02999999999999936,0.006557818071046238,2.006688963210704,969395450.0
2024-05-13,6.01,5.98,6.01,5.88,5910460.0,41338349.0,-0.4991680532445808,-0.02999999999999936,0.0060970577074608715,2.1630615640598987,969395450.0
2024-05-14,5.99,6.04,6.07,5.97,6400905.0,45369968.0,1.0033444816053505,0.05999999999999961,0.006602986428294047,1.6722408026755942,969395450.0
2024-05-15,6.04,6.15,6.24,6.01,13104263.0,94845315.0,1.8211920529801473,0.11000000000000032,0.013517974527320094,3.8079470198675565,969395450.0
2024-05-16,6.14,6.29,6.37,6.14,12854263.0,94718013.0,2.276422764227637,0.13999999999999968,0.013260081837603013,3.7398373983739908,969395450.0
2024-05-17,6.28,6.43,6.44,6.17,15428902.0,114031902.0,2.225755166931642,0.13999999999999968,0.015916004144644995,4.2925278219395935,969395450.0
2024-05-20,6.39,6.31,6.44,6.27,11323500.0,84117629.0,-1.8662519440124425,-0.1200000000000001,0.011680991488045462,2.6438569206843052,969395450.0
2024-05-21,6.27,6.31,6.38,6.25,7071800.0,52386881.0,0.0,0.0,0.00729506209256501,2.060221870047542,969395450.0
2024-05-22,6.27,6.34,6.43,6.27,9198580.0,68735663.0,0.47543581616482644,0.03000000000000025,0.009488986151110984,2.535657686212364,969395450.0
2024-05-23,6.35,6.2,6.36,6.18,7127420.0,52187735.0,-2.208201892744477,-0.13999999999999968,0.007352438058173267,2.839116719242912,969395450.0
2024-05-24,6.19,6.1,6.21,6.09,5428751.0,39284435.0,-1.6129032258064613,-0.10000000000000053,0.00560014078877717,1.9354838709677438,969395450.0
2024-05-27,6.12,6.04,6.15,5.97,5894146.0,41666317.0,-0.983606557377048,-0.05999999999999961,0.006080228662100694,2.9508196721311575,969395450.0
2024-05-28,6.04,5.96,6.07,5.94,6064832.0,42577636.0,-1.3245033112582738,-0.08000000000000007,0.006256303348648892,2.1523178807947003,969395450.0
2024-05-29,5.99,5.99,6.05,5.96,4864086.0,34348965.0,0.5033557046979942,0.03000000000000025,0.005017648886220788,1.5100671140939574,969395450.0
2024-05-30,5.98,5.95,6.01,5.93,4114672.0,28831699.0,-0.6677796327211993,-0.040000000000000036,0.004244575317534242,1.335559265442405,969395450.0
2024-05-31,5.97,5.89,5.99,5.88,6852173.0,47615439.0,-1.0084033613445453,-0.0600000000000005,0.007068501301507037,1.8487394957983245,969395450.0
2024-06-03,5.92,5.71,5.92,5.69,11238880.0,76279714.0,-3.056027164685904,-0.17999999999999972,0.011593699970430024,3.9049235993208753,969395450.0
2024-06-04,5.72,5.75,5.77,5.63,5696430.0,38188711.0,0.7005253940455258,0.040000000000000036,0.005876270617940284,2.451838879159364,969395450.0
2024-06-05,5.76,5.7,5.76,5.68,5476514.0,36743926.0,-0.8695652173912993,-0.04999999999999982,0.005649411702932998,1.3913043478260883,969395450.0
2024-06-06,5.73,5.64,5.74,5.58,8840326.0,58468773.0,-1.0526315789473717,-0.0600000000000005,0.009119421800463372,2.8070175438596516,969395450.0
2024-06-07,5.61,5.58,5.67,5.49,8802917.0,54093805.0,-1.0638297872340385,-0.05999999999999961,0.009080831769944866,3.1914893617021227,969395450.0
2024-06-11,5.55,5.59,5.61,5.39,10528241.0,63761548.0,0.17921146953405742,0.009999999999999787,0.010860625557918597,3.9426523297491154,969395450.0
2024-06-12,5.56,5.58,5.67,5.52,5478120.0,33918344.0,-0.17889087656529634,-0.009999999999999787,0.005651068405571741,2.683363148479434,969395450.0
2024-06-13,5.58,5.46,5.61,5.43,5935177.0,36063828.0,-2.1505376344086002,-0.1200000000000001,0.00612255504190782,3.225806451612914,969395450.0
2024-06-14,5.45,5.5,5.54,5.41,4212455.0,25578625.0,0.73260073260073,0.040000000000000036,0.004345445401048664,2.380952380952379,969395450.0
2024-06-17,5.49,5.48,5.5,5.45,3030867.0,18324406.0,-0.3636363636363549,-0.019999999999999574,0.003126553771218959,0.909090909090906,969395450.0
2024-06-18,5.58,5.58,5.62,5.53,5350260.0,32951893.0,1.8248175182481674,0.09999999999999964,0.005519171768342837,1.6423357664233549,969395450.0
2024-06-19,5.58,5.59,5.66,5.58,4274321.0,26470177.0,0.17921146953405742,0.009999999999999787,0.004409264557616812,1.4336917562724028,969395450.0
2024-06-20,5.58,5.77,5.79,5.52,11403671.0,71608910.0,3.220035778175312,0.17999999999999972,0.011763693547354695,4.830053667262978,969395450.0
2024-06-21,5.75,5.74,5.81,5.7,7723337.0,49108638.0,-0.5199306759098632,-0.02999999999999936,0.007967168610085801,1.906412478336212,969395450.0
2024-06-24,5.7,5.62,5.76,5.53,8026459.0,50037131.0,-2.0905923344947785,-0.1200000000000001,0.008279860401655485,4.006968641114975,969395450.0
2024-06-25,5.62,5.64,5.71,5.56,4046880.0,25231690.0,0.3558718861209842,0.019999999999999574,0.004174643072649041,2.6690391459074796,969395450.0
2024-06-26,5.68,5.68,5.69,5.6,3257200.0,20331001.0,0.7092198581560183,0.040000000000000036,0.0033600322757859034,1.5957446808510771,969395450.0
2024-06-27,5.66,5.54,5.67,5.52,4788940.0,29479227.0,-2.464788732394363,-0.13999999999999968,0.004940130469974869,2.6408450704225417,969395450.0
2024-06-28,5.54,5.54,5.63,5.5,3080580.0,18964434.0,0.0,0.0,0.0031778362483545802,2.346570397111911,969395450.0
2024-07-01,5.54,5.59,5.61,5.52,3378452.0,20799785.0,0.902527075812265,0.04999999999999982,0.0034851122934402056,1.6245487364621072,969395450.0
2024-07-02,5.61,5.66,5.68,5.56,3912647.0,24275671.0,1.2522361359570633,0.07000000000000028,0.0040361722349738696,2.146690518783544,969395450.0
2024-07-03,5.65,5.65,5.7,5.63,2386551.0,14956093.0,-0.17667844522968323,-0.009999999999999787,0.0024618962261479566,1.2367491166077789,969395450.0
2024-07-04,5.7,5.65,5.7,5.56,4912159.0,30481090.0,0.0,0.0,0.005067239587311865,2.4778761061947003,969395450.0
2024-07-05,5.6,5.66,5.72,5.59,3436045.0,21520131.0,0.1769911504424737,0.009999999999999787,0.0035445235481557087,2.30088495575221,969395450.0
2024-07-08,5.64,5.57,5.68,5.56,3277607.0,20274555.0,-1.590106007067138,-0.08999999999999986,0.0033810835402621293,2.1201413427561855,969395450.0
2024-07-09,5.57,5.6,5.67,5.48,4990560.0,30761711.0,0.538599640933568,0.02999999999999936,0.0051481157663779,3.411131059245951,969395450.0
2024-07-10,5.62,5.68,5.68,5.57,5361725.0,33361647.0,1.4285714285714235,0.08000000000000007,0.005530998727093262,1.9642857142857042,969395450.0
2024-07-11,5.72,5.79,5.81,5.71,6976116.0,44409079.0,1.9366197183098732,0.11000000000000032,0.007196357276073454,1.760563380281684,969395450.0
2024-07-12,5.79,5.86,5.87,5.79,4616226.0,29761294.0,1.2089810017271274,0.07000000000000028,0.004761963757927686,1.381692573402419,969395450.0
2024-07-15,5.84,5.86,5.9,5.79,4499111.0,29095676.0,0.0,0.0,0.004641151348502822,1.877133105802053,969395450.0
2024-07-16,5.85,5.83,5.87,5.79,4426484.0,28484120.0,-0.5119453924914752,-0.03000000000000025,0.0045662314589984924,1.3651877133105812,969395450.0
2024-07-17,5.81,5.8,5.86,5.79,2843684.0,18286710.0,-0.5145797598627877,-0.03000000000000025,0.00293346126186171,1.2006861063464884,969395450.0
2024-07-18,5.79,5.76,5.8,5.7,3790365.0,24040750.0,-0.6896551724137945,-0.040000000000000036,0.0039100296994379335,1.7241379310344769,969395450.0
2024-07-19,5.76,5.68,5.77,5.66,3245265.0,20397465.0,-1.388888888888895,-0.08000000000000007,0.00334772047877881,1.9097222222222123,969395450.0
2024-07-22,5.68,5.61,5.68,5.58,3568218.0,22104521.0,-1.232394366197176,-0.0699999999999994,0.003680869350067612,1.760563380281684,969395450.0
2024-07-23,5.59,5.58,5.65,5.58,2696453.0,16698599.0,-0.5347593582887722,-0.03000000000000025,0.0027815820674627675,1.2477718360071353,969395450.0
2024-07-24,5.58,5.58,5.6,5.44,4488545.0,27467330.0,0.0,0.0,0.004630251771864619,2.8673835125447895,969395450.0
2024-07-25,5.56,5.63,5.67,5.56,2840486.0,17661587.0,0.8960573476702427,0.04999999999999982,0.002930162298574849,1.9713261648745577,969395450.0
2024-07-26,5.64,5.63,5.68,5.61,1920909.0,11968121.0,0.0,0.0,0.0019815535548469926,1.243339253996437,969395450.0
2024-07-29,5.63,5.67,5.69,5.57,2851162.0,17773681.0,0.7104795737122638,0.040000000000000036,0.0029411753479965273,2.131438721136769,969395450.0
2024-07-30,5.63,5.73,5.73,5.63,2867094.0,18045568.0,1.0582010582010692,0.0600000000000005,0.0029576103333268174,1.7636684303351062,969395450.0
2024-07-31,5.75,5.84,5.84,5.72,4016122.0,25728213.0,1.9197207678882888,0.10999999999999943,0.004142914019247769,2.094240837696337,969395450.0
2024-08-01,5.83,5.78,5.87,5.77,2611900.0,16740127.0,-1.0273972602739656,-0.05999999999999961,0.002694359665088174,1.712328767123297,969395450.0
2024-08-02,5.78,5.76,5.84,5.74,2817860.0,18016960.0,-0.34602076124568004,-0.020000000000000462,0.002906821978584694,1.7301038062283676,969395450.0
2024-08-05,5.75,5.74,5.87,5.73,4512220.0,28911275.0,-0.3472222222222099,-0.019999999999999574,0.004654674209580827,2.43055555555555,969395450.0
2024-08-06,5.77,5.77,5.83,5.7,2518900.0,16004861.0,0.522648083623678,0.02999999999999936,0.00259842358451342,2.264808362369336,969395450.0
2024-08-07,5.77,5.73,5.77,5.71,2101900.0,13331456.0,-0.6932409012131546,-0.03999999999999915,0.0021682585780653293,1.0398613518197506,969395450.0
2024-08-08,5.73,5.81,5.83,5.71,3510272.0,22441596.0,1.39616055846421,0.07999999999999918,0.003621093950874228,2.094240837696337,969395450.0
2024-08-09,5.85,5.8,5.88,5.79,3305960.0,21349632.0,-0.1721170395869165,-0.009999999999999787,0.003410331665988323,1.5490533562822695,969395450.0
2024-08-12,5.8,5.73,5.8,5.72,2447820.0,15536205.0,-1.2068965517241237,-0.0699999999999994,0.0025250995349730596,1.3793103448275874,969395450.0
2024-08-13,5.74,5.78,5.79,5.69,2705154.0,17192746.0,0.8726003490401313,0.04999999999999982,0.002790557764635681,1.745200698080273,969395450.0
2024-08-14,5.82,5.75,5.87,5.73,2876833.0,18392773.0,-0.5190311418685201,-0.03000000000000025,0.002967656800947436,2.4221453287197177,969395450.0
2024-08-15,5.72,5.73,5.81,5.68,3230460.0,20494124.0,-0.3478260869565153,-0.019999999999999574,0.0033324480736937646,2.2608695652173894,969395450.0
2024-08-16,5.75,5.65,5.76,5.62,7060939.0,44343992.0,-1.3961605584642212,-0.08000000000000007,0.007283858202552941,2.4432809773123854,969395450.0
2024-08-19,5.95,5.84,6.18,5.72,16129901.0,105522735.0,3.362831858407067,0.1899999999999995,0.01663913421504093,8.14159292035398,969395450.0
2024-08-20,5.79,5.75,5.93,5.72,8062879.0,51537681.0,-1.5410958904109595,-0.08999999999999986,0.00831743020869347,3.595890410958904,969395450.0
2024-08-21,5.69,5.72,5.78,5.63,6513262.0,41032434.0,-0.521739130434784,-0.03000000000000025,0.006718890624048215,2.6086956521739193,969395450.0
2024-08-22,5.73,5.68,5.77,5.65,4500098.0,28297192.0,-0.6993006993006978,-0.040000000000000036,0.004642169508841825,2.0979020979020846,969395450.0
2024-08-23,5.65,5.86,5.92,5.65,8383680.0,53837985.0,3.169014084507049,0.1800000000000006,0.008648359139709186,4.753521126760556,969395450.0
2024-08-26,5.99,5.97,6.09,5.89,15039156.0,99681728.0,1.8771331058020424,0.10999999999999943,0.0155139535676591,3.4129692832764533,969395450.0
2024-08-27,5.9,5.82,5.98,5.78,7402060.0,47914309.0,-2.5125628140703404,-0.14999999999999947,0.007635748651388863,3.3500837520938056,969395450.0
2024-08-28,5.81,5.76,5.82,5.71,4565807.0,29058353.0,-1.0309278350515538,-0.0600000000000005,0.004709952991836304,1.8900343642611739,969395450.0
2024-08-29,5.73,5.87,5.88,5.7,5086130.0,32709100.0,1.909722222222232,0.11000000000000032,0.005246702983802947,3.124999999999995,969395450.0
2024-08-30,5.86,5.82,5.96,5.7,9497411.0,61270903.0,-0.8517887563884163,-0.04999999999999982,0.009797251472554364,4.429301533219758,969395450.0
2024-09-02,5.82,5.76,5.83,5.76,4685580.0,29945255.0,-1.0309278350515538,-0.0600000000000005,0.004833507316338239,1.2027491408934756,969395450.0
2024-09-03,5.77,5.71,5.77,5.67,4649740.0,29366198.0,-0.868055555555558,-0.04999999999999982,0.004796535820340399,1.736111111111105,969395450.0
2024-09-04,5.68,5.7,5.76,5.66,2629180.0,16585143.0,-0.17513134851138146,-0.009999999999999787,0.002712185207801419,1.7513134851138292,969395450.0
2024-09-05,5.68,5.71,5.74,5.68,2986060.0,18817233.0,0.17543859649122862,0.009999999999999787,0.0030803321802263463,1.052631578947377,969395450.0
2024-09-06,5.73,5.68,5.73,5.66,2722680.0,17093660.0,-0.5253940455341555,-0.03000000000000025,0.002808637073755607,1.2259194395796897,969395450.0
2024-09-09,5.63,5.55,5.66,5.53,3271019.0,20183898.0,-2.2887323943661997,-0.1299999999999999,0.003374287552102705,2.2887323943661957,969395450.0
2024-09-10,5.55,5.5,5.58,5.42,4017760.0,24312476.0,-0.9009009009009028,-0.04999999999999982,0.004144603732150796,2.882882882882886,969395450.0
2024-09-11,5.47,5.51,5.52,5.46,1789580.0,10854159.0,0.1818181818181719,0.009999999999999787,0.0018460783986555744,1.090909090909084,969395450.0
2024-09-12,5.51,5.49,5.59,5.49,2737607.0,16734759.0,-0.3629764065335661,-0.019999999999999574,0.0028240353304732346,1.81488203266787,969395450.0
2024-09-13,5.49,5.48,5.54,5.48,1829340.0,11124321.0,-0.18214936247722413,-0.009999999999999787,0.001887093652028179,1.0928961748633808,969395450.0
2024-09-18,5.49,5.45,5.5,5.38,2483146.0,14883368.0,-0.5474452554744547,-0.03000000000000025,0.0025615408036008423,2.189781021897812,969395450.0
2024-09-19,5.49,5.55,5.64,5.46,4120395.0,25284068.0,1.83486238532109,0.09999999999999964,0.004250478996987246,3.302752293577976,969395450.0
2024-09-20,5.58,5.53,5.58,5.49,2622980.0,15981710.0,-0.3603603603603567,-0.019999999999999574,0.0027057894690964354,1.6216216216216193,969395450.0
2024-09-23,5.55,5.53,5.58,5.5,1890222.0,11558756.0,0.0,0.0,0.0019498977429696003,1.4466546112115743,969395450.0
2024-09-24,5.58,5.77,5.77,5.57,7765642.0,48745860.0,4.339963833634708,0.23999999999999932,0.008010809211039726,3.61663652802892,969395450.0
2024-09-25,5.85,5.93,6.13,5.85,16118906.0,106932616.0,2.772963604852685,0.16000000000000014,0.016627792094547175,4.852686308492206,969395450.0
2024-09-26,5.9,6.27,6.28,5.9,14749574.0,99424610.0,5.733558178752096,0.33999999999999986,0.015215229244164494,6.408094435075884,969395450.0
2024-09-27,6.47,6.57,6.7,6.35,20458100.0,147152843.0,4.784688995215314,0.3000000000000007,0.02110397774200405,5.582137161084538,969395450.0
2024-09-30,6.96,7.21,7.22,6.83,25142256.0,195917642.0,9.74124809741248,0.6399999999999997,0.025936016101581662,5.936073059360726,969395450.0
2024-10-08,7.94,7.29,7.94,7.0,30772669.0,252561941.0,1.109570041608876,0.08000000000000007,0.03174418551273374,13.037447988904304,969395450.0
2024-10-09,7.17,6.63,7.17,6.63,19767644.0,149154712.0,-9.053497942386834,-0.6600000000000001,0.020391723522118863,7.407407407407408,969395450.0
2024-10-10,6.7,6.72,6.92,6.53,15226767.0,113324719.0,1.3574660633484115,0.08999999999999986,0.015707487589301145,5.882352941176466,969395450.0
2024-10-11,6.74,6.63,6.75,6.55,11628413.0,85181996.0,-1.3392857142857095,-0.08999999999999986,0.01199553082284428,2.976190476190479,969395450.0
2024-10-14,6.75,6.93,6.98,6.68,12954526.0,97980175.0,4.52488687782806,0.2999999999999998,0.013363510216599428,4.524886877828065,969395450.0
2024-10-15,6.92,6.75,7.02,6.74,11096855.0,83945158.0,-2.5974025974025983,-0.17999999999999972,0.01144719113340175,4.040404040404031,969395450.0
2024-10-16,6.74,7.01,7.06,6.7,15627963.0,120409355.0,3.8518518518518396,0.2599999999999998,0.01612134965147608,5.333333333333325,969395450.0
2024-10-17,7.07,6.73,7.11,6.72,13635430.0,103368401.0,-3.9942938659058402,-0.27999999999999936,0.014065910872595904,5.563480741797441,969395450.0
2024-10-18,6.66,6.77,6.88,6.58,15182387.0,112366155.0,0.5943536404160454,0.03999999999999915,0.01566170647902257,4.457652303120354,969395450.0
2024-10-21,6.78,7.45,7.45,6.63,23583472.0,185876921.0,10.044313146233396,0.6800000000000006,0.02432802010778986,12.112259970457908,969395450.0
2024-10-22,7.45,7.17,7.47,7.06,43810664.0,347700726.0,-3.7583892617449655,-0.28000000000000025,0.04519379990900514,5.503355704697988,969395450.0
2024-10-23,7.1,7.08,7.21,7.06,20862652.0,163898703.0,-1.2552301255230103,-0.08999999999999986,0.021521301755645747,2.092050209205026,969395450.0
2024-10-24,7.02,6.94,7.08,6.92,12739978.0,98060017.0,-1.9774011299435013,-0.13999999999999968,0.013142188773425746,2.25988700564972,969395450.0
2024-10-25,7.07,7.33,7.44,7.07,35895171.0,289332680.0,5.619596541786742,0.3899999999999997,0.037028408788178244,5.331412103746399,969395450.0
2024-10-28,7.33,7.75,7.86,7.27,40744342.0,343695554.0,5.729877216916779,0.41999999999999993,0.04203067179653051,8.049113233287867,969395450.0
2024-10-29,7.66,7.43,7.78,7.42,26648633.0,223315497.0,-4.129032258064525,-0.3200000000000003,0.02748995056661345,4.6451612903225845,969395450.0
2024-10-30,7.47,7.8,7.98,7.47,28715642.0,248274939.0,4.979811574697179,0.3700000000000001,0.029622216609331103,6.864064602960979,969395450.0
2024-10-31,7.78,8.0,8.06,7.7,25329359.0,222182109.0,2.564102564102577,0.20000000000000018,0.0261290260852782,4.615384615384619,969395450.0
2024-11-01,7.97,7.83,8.18,7.8,20855075.0,182995457.0,-2.124999999999999,-0.16999999999999993,0.0215134855440058,4.749999999999998,969395450.0
2024-11-04,7.79,7.78,7.87,7.67,12087740.0,103256749.0,-0.6385696040868472,-0.04999999999999982,0.01246935912480299,2.554278416347384,969395450.0
2024-11-05,7.76,7.89,7.97,7.73,14638296.0,127359603.0,1.4138817480719768,0.10999999999999943,0.015100438113259146,3.08483290488431,969395450.0
2024-11-06,7.87,7.86,7.96,7.67,15109810.0,130353933.0,-0.3802281368821214,-0.02999999999999936,0.015586838168056184,3.6755386565272503,969395450.0
2024-11-07,7.75,8.03,8.11,7.7,14257114.0,125790078.0,2.1628498727735312,0.16999999999999904,0.0147072219082522,5.216284987277344,969395450.0
2024-11-08,8.12,7.73,8.15,7.69,22069134.0,190387107.0,-3.735990037359882,-0.29999999999999893,0.02276587330794672,5.72851805728518,969395450.0
2024-11-11,7.67,7.69,7.75,7.6,12121919.0,102652757.0,-0.5174644243208237,-0.040000000000000036,0.01250461718177035,1.940491591203109,969395450.0
2024-11-12,7.69,7.68,7.91,7.63,13577780.0,116204537.0,-0.13003901170351995,-0.010000000000000675,0.014006440818347145,3.641092327698313,969395450.0
2024-11-13,7.63,7.65,7.75,7.55,7647500.0,64456445.0,-0.3906249999999889,-0.02999999999999936,0.007888937378445504,2.604166666666669,969395450.0
2024-11-14,7.69,7.49,7.71,7.49,8443688.0,70754958.0,-2.09150326797386,-0.16000000000000014,0.008710261637807358,2.875816993464049,969395450.0
2024-11-15,7.48,7.41,7.62,7.4,8659272.0,71987072.0,-1.0680907877169576,-0.08000000000000007,0.008932651788287225,2.9372496662216254,969395450.0
2024-11-18,7.43,7.42,7.64,7.39,8985660.0,74489015.0,0.13495276653170407,0.009999999999999787,0.00926934410513274,3.3738191632928474,969395450.0
2024-11-19,7.44,7.45,7.49,7.32,8249829.0,67508206.0,0.40431266846361336,0.03000000000000025,0.008510282362063902,2.2911051212937994,969395450.0
2024-11-20,7.45,7.48,7.54,7.35,8383820.0,68943128.0,0.402684563758382,0.03000000000000025,0.008648503559615429,2.550335570469804,969395450.0
2024-11-21,7.48,7.41,7.51,7.35,6248983.0,51035263.0,-0.9358288770053513,-0.07000000000000028,0.006446268135465253,2.1390374331550817,969395450.0
2024-11-22,7.42,7.18,7.46,7.16,6329130.0,51126901.0,-3.103913630229427,-0.23000000000000043,0.006528945437076272,4.048582995951414,969395450.0
2024-11-25,7.15,7.3,7.39,7.14,8250640.0,66317534.0,1.671309192200554,0.1200000000000001,0.008511118965949345,3.4818941504178276,969395450.0
2024-11-26,7.28,7.23,7.32,7.19,5693540.0,45616472.0,-0.9589041095890316,-0.0699999999999994,0.005873289378447155,1.7808219178082179,969395450.0
2024-11-27,7.21,7.28,7.29,7.04,7487040.0,59207259.0,0.6915629322268302,0.04999999999999982,0.007723411534477493,3.457814661134163,969395450.0
2024-11-28,7.29,7.22,7.34,7.21,7267500.0,58304322.0,-0.8241758241758323,-0.0600000000000005,0.0074969404900755415,1.7857142857142843,969395450.0
2024-11-29,7.2,7.25,7.36,7.17,7089305.0,56913437.0,0.41551246537396835,0.03000000000000025,0.007313119738699,2.6315789473684266,969395450.0
2024-12-02,7.32,7.45,7.51,7.25,9182280.0,75206859.0,2.758620689655178,0.20000000000000018,0.00947217154774143,3.586206896551721,969395450.0
2024-12-03,7.48,7.45,7.52,7.35,7477720.0,61467565.0,0.0,0.0,0.0077137972950048405,2.2818791946308714,969395450.0
2024-12-04,7.44,7.32,7.44,7.28,7898625.0,64305818.0,-1.744966442953022,-0.1299999999999999,0.008147990585266312,2.147651006711411,969395450.0
2024-12-05,7.3,7.3,7.35,7.25,4287320.0,34476718.0,-0.2732240437158584,-0.020000000000000462,0.004422673945911341,1.36612021857923,969395450.0
2024-12-06,7.32,7.41,7.42,7.27,6241092.0,50935109.0,1.5068493150685036,0.11000000000000032,0.0064381280106070235,2.0547945205479503,969395450.0
2024-12-09,7.43,7.34,7.46,7.29,6241107.0,50813825.0,-0.9446693657220062,-0.07000000000000028,0.006438143484168406,2.2941970310391353,969395450.0
2024-12-10,7.54,7.39,7.66,7.36,9384707.0,77539362.0,0.6811989100817373,0.04999999999999982,0.009680989321746868,4.087193460490461,969395450.0
2024-12-11,7.39,7.4,7.49,7.36,6842567.0,56189635.0,0.13531799729364913,0.010000000000000675,0.007058592032797348,1.7591339648173192,969395450.0
2024-12-12,7.41,7.49,7.51,7.33,7035895.0,57949522.0,1.216216216216215,0.08999999999999986,0.007258023544467843,2.4324324324324285,969395450.0
2024-12-13,7.46,7.26,7.51,7.25,8431067.0,68251704.0,-3.070761014686252,-0.23000000000000043,0.00869724218325968,3.471295060080104,969395450.0
2024-12-16,7.25,7.35,7.36,7.24,7419361.0,59984448.0,1.2396694214876103,0.08999999999999986,0.007653595857088044,1.6528925619834725,969395450.0
2024-12-17,7.31,7.26,7.37,7.19,8093673.0,65131183.0,-1.224489795918371,-0.08999999999999986,0.00834919639864206,2.448979591836731,969395450.0
2024-12-18,7.27,7.27,7.44,7.27,7636776.0,62044622.0,0.13774104683195176,0.009999999999999787,0.0078778748136274,2.3415977961432617,969395450.0
2024-12-19,7.26,7.26,7.29,7.11,7025232.0,55772301.0,-0.13755158184318717,-0.009999999999999787,0.00724702390546603,2.475928473177438,969395450.0
2024-12-20,7.25,7.17,7.29,7.16,4381720.0,34858679.0,-1.2396694214875992,-0.08999999999999986,0.00452005422554851,1.7906336088154258,969395450.0
2024-12-23,7.24,7.08,7.24,7.04,5732800.0,45152357.0,-1.2552301255230103,-0.08999999999999986,0.0059137888464403255,2.7894002789400303,969395450.0
2024-12-24,7.07,7.16,7.21,7.07,4591900.0,36312364.0,1.1299435028248705,0.08000000000000007,0.004736869767647455,1.9774011299434981,969395450.0
2024-12-25,7.17,7.12,7.21,7.01,6476101.0,50677089.0,-0.5586592178770999,-0.040000000000000036,0.006680556423077909,2.793296089385477,969395450.0
2024-12-26,7.1,7.05,7.2,7.03,6253360.0,49039640.0,-0.98314606741573,-0.07000000000000028,0.00645078332067682,2.387640449438201,969395450.0
2024-12-27,7.07,7.14,7.18,7.01,5362302.0,42221412.0,1.2765957446808418,0.08999999999999986,0.005531593943421129,2.4113475177304955,969395450.0
2024-12-30,7.13,7.09,7.16,7.03,7990200.0,62576097.0,-0.7002801120448154,-0.04999999999999982,0.008242456677509679,1.8207282913165252,969395450.0
2024-12-31,7.11,6.92,7.14,6.92,6744234.0,52333048.0,-2.3977433004231274,-0.16999999999999993,0.0069571545853655496,3.102961918194637,969395450.0
2025-01-02,6.92,6.82,7.05,6.76,9236034.0,70930607.0,-1.445086705202303,-0.09999999999999964,0.009527622602313638,4.190751445086706,969395450.0
2025-01-03,6.87,6.76,6.94,6.71,7248421.0,54582652.0,-0.8797653958944385,-0.0600000000000005,0.007477259151567093,3.372434017595314,969395450.0
2025-01-06,6.79,6.79,6.84,6.63,6731773.0,50198772.0,0.4437869822485174,0.03000000000000025,0.006944300182139291,3.1065088757396446,969395450.0
2025-01-07,6.76,6.7,6.84,6.68,4299060.0,32040266.0,-1.3254786450662692,-0.08999999999999986,0.004434784586620455,2.356406480117822,969395450.0
2025-01-08,6.7,6.64,6.74,6.52,6174220.0,45139861.0,-0.8955223880597107,-0.0600000000000005,0.006369144810819981,3.2835820895522483,969395450.0
2025-01-09,6.58,6.46,6.64,6.45,5383440.0,38703303.0,-2.7108433734939763,-0.17999999999999972,0.0055533992861220875,2.8614457831325226,969395450.0
2025-01-10,6.47,6.35,6.52,6.33,4523455.0,31979197.0,-1.7027863777089869,-0.11000000000000032,0.004666263907056712,2.9411764705882275,969395450.0
2025-01-13,6.34,6.47,6.52,6.25,7658317.0,54413184.0,1.8897637795275646,0.1200000000000001,0.007900095879344184,4.251968503937001,969395450.0
2025-01-14,6.47,6.51,6.52,6.43,11293373.0,80754289.0,0.6182380216383399,0.040000000000000036,0.011649913355793035,1.391035548686242,969395450.0
2025-01-15,6.47,6.49,6.53,6.41,7236520.0,51764454.0,-0.3072196620583667,-0.019999999999999574,0.007464982427965801,1.8433179723502322,969395450.0
2025-01-16,6.49,6.57,6.63,6.49,7983740.0,58052401.0,1.2326656394453073,0.08000000000000007,0.00823579273040739,2.1571648690292706,969395450.0
2025-01-17,6.54,6.58,6.62,6.46,5021916.0,36356863.0,0.15220700152207556,0.009999999999999787,0.005180461699092976,2.4353120243531223,969395450.0
2025-01-20,6.63,6.53,6.63,6.5,6047162.0,43843991.0,-0.7598784194528863,-0.04999999999999982,0.0062380754933396895,1.9756838905775058,969395450.0
2025-01-21,6.53,6.47,6.56,6.44,3790099.0,27138596.0,-0.9188361408882129,-0.0600000000000005,0.003909755301616074,1.8376722817764046,969395450.0
2025-01-22,6.46,6.44,6.49,6.4,4357495.0,30997897.0,-0.46367851622873824,-0.02999999999999936,0.004495064423914926,1.391035548686242,969395450.0
2025-01-23,6.49,6.5,6.59,6.45,6237979.0,45048977.0,0.9316770186335255,0.05999999999999961,0.006434916730834666,2.1739130434782554,969395450.0
2025-01-24,6.48,6.45,6.54,6.42,7383399.0,52784985.0,-0.7692307692307665,-0.04999999999999982,0.007616498509457621,1.8461538461538478,969395450.0
2025-01-27,6.46,6.55,6.64,6.46,7648230.0,55643261.0,1.5503875968992276,0.09999999999999964,0.007889690425099478,2.7906976744186003,969395450.0
2025-02-05,6.59,6.34,6.6,6.3,12664519.0,89534616.0,-3.2061068702290085,-0.20999999999999996,0.013064347475532301,4.580152671755722,969395450.0
2025-02-06,6.34,6.37,6.39,6.26,7049575.0,49382251.0,0.4731861198738141,0.03000000000000025,0.007272135432449162,2.050473186119872,969395450.0
2025-02-07,6.39,6.47,6.54,6.33,11392020.0,81184517.0,1.5698587127158437,0.09999999999999964,0.011751674716443119,3.296703296703296,969395450.0
2025-02-10,6.48,6.56,6.6,6.47,8974777.0,64905368.0,1.391035548686248,0.08999999999999986,0.009258117520563977,2.009273570324573,969395450.0
2025-02-11,6.6,6.51,6.62,6.48,7683800.0,55451665.0,-0.7621951219512146,-0.04999999999999982,0.007926383396992424,2.13414634146341,969395450.0
2025-02-12,6.61,6.54,6.62,6.45,5652600.0,40787820.0,0.4608294930875667,0.03000000000000025,0.005831056871579086,2.6113671274961585,969395450.0
2025-02-13,6.59,6.6,6.71,6.56,10380137.0,76092761.0,0.917431192660545,0.05999999999999961,0.010707845802247163,2.2935779816513815,969395450.0
2025-02-14,6.56,6.45,6.63,6.42,9761173.0,69887285.0,-2.2727272727272596,-0.14999999999999947,0.01006934063905499,3.1818181818181817,969395450.0
2025-02-17,6.48,6.42,6.48,6.38,7104110.0,50379425.0,-0.46511627906976605,-0.03000000000000025,0.007328392143784046,1.5503875968992331,969395450.0
2025-02-18,6.42,6.33,6.44,6.3,9190835.0,64620343.0,-1.4018691588784993,-0.08999999999999986,0.009480996635583548,2.180685358255461,969395450.0
2025-02-19,6.33,6.35,6.36,6.29,5440739.0,38028428.0,0.3159557661927215,0.019999999999999574,0.005612507259034484,1.10584518167457,969395450.0
2025-02-20,6.34,6.39,6.42,6.32,6896507.0,48530945.0,0.6299212598425141,0.040000000000000036,0.007114234959530705,1.5748031496062938,969395450.0
2025-02-21,6.39,6.37,6.43,6.29,11552900.0,80966525.0,-0.312989045383405,-0.019999999999999574,0.011917633820129855,2.1909233176838763,969395450.0
2025-02-24,6.37,6.51,6.56,6.33,15497081.0,110575189.0,2.19780219780219,0.13999999999999968,0.015986335607413877,3.6106750392464604,969395450.0
2025-02-25,6.51,6.62,6.78,6.49,20758255.0,153251281.0,1.6897081413210557,0.11000000000000032,0.02141360886313217,4.454685099846391,969395450.0
2025-02-26,6.6,6.65,6.74,6.6,10071154.0,74145874.0,0.45317220543807935,0.03000000000000025,0.010389107974459752,2.114803625377652,969395450.0
2025-02-27,6.69,6.64,6.73,6.54,8925741.0,65314337.0,-0.15037593984963404,-0.010000000000000675,0.00920753341683211,2.857142857142863,969395450.0
2025-02-28,6.62,6.57,6.66,6.55,8800296.0,64240497.0,-1.0542168674698704,-0.0699999999999994,0.009078128022985871,1.6566265060241014,969395450.0
2025-03-03,6.57,6.57,6.65,6.55,7815040.0,56974803.0,0.0,0.0,0.008061766743386304,1.5220700152207083,969395450.0
2025-03-04,6.57,6.56,6.59,6.51,4852400.0,35123092.0,-0.15220700152207556,-0.010000000000000675,0.005005593950332653,1.2176560121765612,969395450.0
2025-03-05,6.6,6.72,6.79,6.58,11479977.0,84764289.0,2.4390243902439046,0.16000000000000014,0.0118424085856809,3.2012195121951215,969395450.0
2025-03-06,6.72,7.0,7.01,6.63,17972237.0,136302261.0,4.166666666666674,0.28000000000000025,0.018539634160651363,5.654761904761903,969395450.0
2025-03-07,6.96,7.09,7.36,6.93,13870074.0,109632292.0,1.28571428571429,0.08999999999999986,0.014307962761739804,6.142857142857151,969395450.0
2025-03-10,7.09,7.04,7.1,7.0,6506680.0,50590021.0,-0.7052186177715081,-0.04999999999999982,0.006712100825313343,1.4104372355430135,969395450.0
2025-03-11,7.0,7.02,7.03,6.9,5999180.0,46166433.0,-0.28409090909091717,-0.020000000000000462,0.006188578665187669,1.8465909090909074,969395450.0
2025-03-12,7.04,6.9,7.05,6.85,8636626.0,65839526.0,-1.7094017094017033,-0.11999999999999922,0.008909290836881894,2.8490028490028516,969395450.0
2025-03-13,6.88,6.95,6.96,6.86,4313006.0,32941158.0,0.7246376811594235,0.04999999999999982,0.004449170872423633,1.4492753623188355,969395450.0
2025-03-14,6.97,6.99,7.0,6.89,8134712.0,62518603.0,0.575539568345329,0.040000000000000036,0.008391531031015259,1.5827338129496449,969395450.0
2025-03-17,7.0,7.14,7.22,7.0,10690726.0,84130115.0,2.145922746781115,0.14999999999999947,0.011028240332673318,3.1473533619456333,969395450.0
2025-03-18,7.16,7.11,7.21,7.09,7780098.0,61313008.0,-0.42016806722687816,-0.02999999999999936,0.008025721597929926,1.6806722689075646,969395450.0
2025-03-19,7.11,7.13,7.15,7.06,5388266.0,42329587.0,0.2812939521800173,0.019999999999999574,0.005558377646604386,1.2658227848101369,969395450.0
2025-03-20,7.15,7.1,7.19,7.07,3819966.0,29992753.0,-0.42075736325386526,-0.03000000000000025,0.003940565225471195,1.6830294530154295,969395450.0
2025-03-21,7.09,7.08,7.17,7.04,4552440.0,35712694.0,-0.28169014084505895,-0.019999999999999574,0.004696163985502511,1.8309859154929564,969395450.0
2025-03-24,7.1,7.05,7.11,6.95,6326892.0,49125724.0,-0.4237288135593209,-0.03000000000000025,0.006526636781717925,2.25988700564972,969395450.0
2025-03-25,7.04,7.09,7.1,6.98,5224660.0,40694658.0,0.5673758865248235,0.040000000000000036,0.005389606481028975,1.702127659574457,969395450.0
2025-03-26,7.04,7.03,7.11,7.02,4856082.0,37832496.0,-0.8462623413258097,-0.05999999999999961,0.005009392193866806,1.269393511988727,969395450.0
2025-03-27,7.0,7.06,7.13,7.0,5132436.0,40088768.0,0.426742532005675,0.02999999999999936,0.005294470899363103,1.8492176386913213,969395450.0
2025-03-28,7.06,7.03,7.1,6.99,5373140.0,41827537.0,-0.4249291784702458,-0.02999999999999936,0.005542774107305744,1.558073654390927,969395450.0
2025-03-31,7.0,6.88,7.11,6.88,9342240.0,71966847.0,-2.133712660028453,-0.15000000000000036,0.009637181606330007,3.2716927453769618,969395450.0
2025-04-01,6.94,7.13,7.21,6.92,11594202.0,90809669.0,3.6337209302325535,0.25,0.011960239755612634,4.215116279069768,969395450.0
2025-04-02,7.12,7.15,7.24,7.1,6589916.0,52332166.0,0.28050490883591017,0.020000000000000462,0.006797964648998507,1.9635343618513403,969395450.0
2025-04-03,7.16,7.4,7.48,7.11,19708631.0,160284616.0,3.4965034965035002,0.25,0.020330847436925766,5.174825174825176,969395450.0
2025-04-07,7.17,6.84,7.38,6.71,17316320.0,134831535.0,-7.567567567567579,-0.5600000000000005,0.017863009363206728,9.054054054054053,969395450.0
2025-04-08,6.91,7.31,7.32,6.86,21921664.0,173345792.0,6.8713450292397615,0.46999999999999975,0.02261374756813641,6.725146198830409,969395450.0
2025-04-09,7.24,7.43,7.53,6.9,22263871.0,178045552.0,1.641586867305067,0.1200000000000001,0.022966758302816463,8.618331053351572,969395450.0
2025-04-10,7.42,7.29,7.49,7.25,17186096.0,139441521.0,-1.8842530282637937,-0.13999999999999968,0.01772867409270386,3.2301480484522234,969395450.0
2025-04-11,7.24,7.38,7.45,7.21,13678584.0,110859807.0,1.2345679012345734,0.08999999999999986,0.014110427277124108,3.292181069958851,969395450.0
2025-04-14,7.38,7.25,7.42,7.21,9907341.0,79647605.0,-1.7615176151761558,-0.1299999999999999,0.010220123273737256,2.8455284552845526,969395450.0
2025-04-15,7.23,7.37,7.39,7.12,12769800.0,102833304.0,1.6551724137931156,0.1200000000000001,0.013172952276596718,3.724137931034477,969395450.0
2025-04-16,7.37,7.36,7.55,7.3,10822620.0,88717877.0,-0.13568521031207537,-0.009999999999999787,0.011164298326343495,3.3921302578018993,969395450.0
2025-04-17,7.32,7.42,7.49,7.29,7408181.0,60843249.0,0.8152173913043459,0.05999999999999961,0.007642062896003896,2.7173913043478284,969395450.0
2025-04-18,7.39,7.37,7.44,7.3,4901400.0,39888544.0,-0.6738544474393482,-0.04999999999999982,0.005056140917517201,1.8867924528301963,969395450.0
2025-04-21,7.35,7.25,7.39,7.2,7392086.0,59284932.0,-1.6282225237449155,-0.1200000000000001,0.007625459764639911,2.578018995929437,969395450.0
2025-04-22,7.25,7.55,7.57,7.2,14569940.0,120276464.0,4.137931034482767,0.2999999999999998,0.015029924062465942,5.10344827586207,969395450.0
2025-04-23,7.52,7.49,7.59,7.45,8451820.0,70123437.0,-0.7947019867549643,-0.05999999999999961,0.008718650371218474,1.854304635761585,969395450.0
2025-04-24,7.49,7.57,7.6,7.42,9480520.0,78764433.0,1.0680907877169465,0.08000000000000007,0.009779827210866319,2.4032042723631473,969395450.0
2025-04-25,7.69,7.64,7.78,7.58,18222423.0,154550416.0,0.9247027741083214,0.0699999999999994,0.018797718722529593,2.6420079260237803,969395450.0
2025-04-28,7.69,8.19,8.28,7.64,28902137.0,257403737.0,7.198952879581144,0.5499999999999998,0.029814599398006254,8.376963350785337,969395450.0
2025-04-29,8.18,8.11,8.26,7.99,18818801.0,168313489.0,-0.9768009768009733,-0.08000000000000007,0.019412924828561967,3.296703296703292,969395450.0
2025-04-30,8.15,7.95,8.18,7.92,14454960.0,128167301.0,-1.9728729963008562,-0.15999999999999925,0.014911314056611263,3.2059186189889,969395450.0
2025-05-06,7.96,8.0,8.04,7.88,13800599.0,121503094.0,0.6289308176100628,0.04999999999999982,0.014236294383267427,2.012578616352192,969395450.0
2025-05-07,8.08,7.97,8.11,7.87,11575260.0,101731873.0,-0.3750000000000031,-0.03000000000000025,0.01194069974229815,2.9999999999999916,969395450.0
2025-05-08,7.95,7.83,7.96,7.77,14901880.0,129131709.0,-1.7565872020075202,-0.13999999999999968,0.015372343660164694,2.383939774153079,969395450.0
2025-05-09,7.84,7.75,7.88,7.73,13681080.0,117734491.0,-1.0217113665389577,-0.08000000000000007,0.014113002077738244,1.9157088122605297,969395450.0
2025-05-12,7.75,7.68,7.82,7.57,13619586.0,115074513.0,-0.903225806451613,-0.07000000000000028,0.014049566665492395,3.225806451612903,969395450.0
2025-05-13,7.7,7.75,7.79,7.67,7276695.0,62184637.0,0.9114583333333481,0.07000000000000028,0.007506425783203335,1.5625000000000013,969395450.0
2025-05-14,7.74,7.67,7.75,7.6,7452982.0,63047151.0,-1.0322580645161339,-0.08000000000000007,0.007688278297571956,1.9354838709677464,969395450.0
2025-05-15,7.67,7.65,7.71,7.65,5118564.0,43383128.0,-0.26075619295957697,-0.019999999999999574,0.005280160949796082,0.7822685788787432,969395450.0
2025-05-16,7.68,7.61,7.69,7.54,8126620.0,68185760.0,-0.5228758169934622,-0.040000000000000036,0.008383183560434496,1.9607843137254948,969395450.0
2025-05-19,7.67,7.64,7.75,7.61,8250860.0,69978798.0,0.3942181340341522,0.02999999999999936,0.008511345911516296,1.8396846254927683,969395450.0
2025-05-20,7.9,7.74,7.97,7.69,12605680.0,108214229.0,1.308900523560208,0.10000000000000053,0.01300365088365125,3.6649214659685785,969395450.0
2025-05-21,7.75,7.82,7.85,7.75,9375304.0,80960618.0,1.033591731266159,0.08000000000000007,0.009671289461901229,1.2919896640826827,969395450.0
2025-05-22,7.83,7.9,7.97,7.73,10820057.0,94022764.0,1.0230179028132946,0.08000000000000007,0.011161654410488516,3.0690537084398892,969395450.0
2025-05-23,7.9,7.82,8.15,7.79,20880256.0,184436130.0,-1.0126582278481067,-0.08000000000000007,0.021539461527284864,4.5569620253164596,969395450.0
2025-05-26,7.78,7.97,8.0,7.78,13742527.0,120504504.0,1.9181585677749302,0.14999999999999947,0.014176389006158426,2.81329923273657,969395450.0
2025-05-27,7.79,7.7,7.86,7.63,13924684.0,110301797.0,-3.387703889585947,-0.2699999999999996,0.014364296840881603,2.8858218318695164,969395450.0
2025-05-28,7.67,7.74,7.76,7.66,5857282.0,46416207.0,0.5194805194805197,0.040000000000000036,0.0060422008376457715,1.298701298701294,969395450.0
2025-05-29,7.72,7.76,7.78,7.71,6501660.0,51799986.0,0.2583979328165231,0.019999999999999574,0.006706922340103824,0.9043927648578847,969395450.0
2025-05-30,7.74,7.9,7.91,7.74,6971012.0,56138315.0,1.804123711340222,0.14000000000000057,0.00719109213892019,2.1907216494845354,969395450.0
2025-06-03,7.84,7.91,7.93,7.72,7538016.0,60583239.0,0.12658227848101333,0.009999999999999787,0.007775996885481565,2.6582278481012653,969395450.0
2025-06-04,7.88,8.01,8.03,7.86,7589642.0,62121015.0,1.2642225031605614,0.09999999999999964,0.007829252757478901,2.1491782553729335,969395450.0
2025-06-05,8.01,7.86,8.03,7.83,6708246.0,54341131.0,-1.872659176029956,-0.14999999999999947,0.006920030416895396,2.4968789013732744,969395450.0
2025-06-06,7.89,7.94,7.97,7.87,5350674.0,43537142.0,1.0178117048346147,0.08000000000000007,0.0055195988386370085,1.2722646310432524,969395450.0
2025-06-09,7.95,7.9,7.96,7.81,7458945.0,60289024.0,-0.5037783375314908,-0.040000000000000036,0.007694429554007088,1.8891687657430773,969395450.0
2025-06-10,7.91,7.8,7.94,7.75,8211940.0,65802888.0,-1.2658227848101333,-0.10000000000000053,0.00847119717758114,2.4050632911392453,969395450.0
2025-06-11,7.8,7.8,7.88,7.77,6976261.0,56002880.0,0.0,0.0,0.00719650685383349,1.4102564102564144,969395450.0
2025-06-12,7.78,7.58,7.79,7.55,11329729.0,88725357.0,-2.8205128205128216,-0.21999999999999975,0.011687417142302453,3.0769230769230798,969395450.0
2025-06-13,7.58,7.44,7.59,7.42,7670280.0,58918285.0,-1.846965699208436,-0.13999999999999968,0.007912436560332525,2.2427440633245372,969395450.0
2025-06-16,7.45,7.45,7.49,7.39,5354571.0,40855342.0,0.1344086021505264,0.009999999999999787,0.005523618869884318,1.3440860215053836,969395450.0
2025-06-17,7.51,7.59,7.61,7.5,6585700.0,51139967.0,1.8791946308724716,0.13999999999999968,0.006793615546679118,1.4765100671140983,969395450.0
2025-06-18,7.54,7.54,7.62,7.48,3824812.0,29592727.0,-0.6587615283267456,-0.04999999999999982,0.00394556421736867,1.8445322793148837,969395450.0
2025-06-19,7.51,7.47,7.58,7.43,5451160.0,41905941.0,-0.9283819628647216,-0.07000000000000028,0.005623257257912651,1.9893899204244079,969395450.0
2025-06-20,7.54,7.82,8.01,7.53,19170856.0,153107666.0,4.685408299866145,0.35000000000000053,0.019776094472075352,6.425702811244974,969395450.0
2025-06-23,7.74,7.66,7.78,7.53,11069997.0,86878592.0,-2.0460358056266004,-0.16000000000000014,0.011419485205960065,3.1969309462915603,969395450.0
2025-06-24,7.66,7.76,7.8,7.65,8107878.0,64458219.0,1.305483028720622,0.09999999999999964,0.008363849861271786,1.958224543080933,969395450.0
2025-06-25,7.77,7.83,7.87,7.73,6566460.0,52516123.0,0.9020618556700999,0.07000000000000028,0.006773768125278492,1.8041237113402022,969395450.0
2025-06-26,7.8,7.75,7.85,7.73,5540780.0,44242090.0,-1.0217113665389577,-0.08000000000000007,0.00571570662932243,1.5325670498084192,969395450.0
2025-06-27,7.78,7.8,7.84,7.75,5684132.0,45487176.0,0.6451612903225712,0.04999999999999982,0.0058635843607477214,1.1612903225806432,969395450.0
2025-06-30,7.81,7.69,7.87,7.64,7460374.0,59051963.0,-1.4102564102564052,-0.10999999999999943,0.00769590366862151,2.9487179487179542,969395450.0
2025-07-01,7.71,7.82,7.85,7.66,9293880.0,74112140.0,1.6905071521456483,0.1299999999999999,0.009587294844431134,2.4707412223667036,969395450.0
2025-07-02,7.81,7.96,7.98,7.78,11716840.0,94952640.0,1.7902813299232712,0.13999999999999968,0.012086749530338729,2.55754475703325,969395450.0
2025-07-03,8.0,8.0,8.21,7.95,12772042.0,105370736.0,0.5025125628140614,0.040000000000000036,0.0131752650582381,3.266331658291466,969395450.0
2025-07-04,8.01,8.03,8.21,7.99,10301800.0,85524043.0,0.374999999999992,0.02999999999999936,0.010627035643709695,2.750000000000008,969395450.0
2025-07-07,8.02,8.1,8.13,7.96,6294560.0,52118348.0,0.8717310087173136,0.07000000000000028,0.006493284035942195,2.1170610211706204,969395450.0
2025-07-08,8.29,8.18,8.45,8.09,14200219.0,119852102.0,0.9876543209876631,0.08000000000000007,0.014648530689926387,4.4444444444444375,969395450.0
2025-07-09,8.26,8.38,8.65,8.21,23554439.0,205017990.0,2.444987775061147,0.20000000000000107,0.024298070513947636,5.3789731051344685,969395450.0
2025-07-10,8.3,8.52,8.57,8.3,12895920.0,112011761.0,1.6706443914080937,0.1399999999999988,0.013303053980705191,3.221957040572787,969395450.0
2025-07-11,8.54,8.49,8.59,8.37,11371604.0,98713428.0,-0.35211267605632646,-0.02999999999999936,0.011730614167830064,2.5821596244131535,969395450.0
2025-07-14,8.5,8.65,8.74,8.46,14119486.0,125377789.0,1.8845700824499323,0.16000000000000014,0.01456524888785067,3.2979976442873893,969395450.0
2025-07-15,8.63,8.4,8.71,8.37,12604869.0,109801604.0,-2.8901734104046284,-0.25,0.013002814279765807,3.930635838150308,969395450.0
2025-07-16,8.4,8.33,8.46,8.29,7728743.0,66280161.0,-0.8333333333333415,-0.07000000000000028,0.007972745281608244,2.023809523809544,969395450.0
2025-07-17,8.33,8.3,8.39,8.24,6686794.0,57011550.0,-0.36014405762304635,-0.02999999999999936,0.006897901160976153,1.8007202881152504,969395450.0
2025-07-18,8.32,8.33,8.35,8.26,5934622.0,50628895.0,0.3614457831325302,0.02999999999999936,0.006121982520136648,1.0843373493975885,969395450.0
2025-07-21,8.71,9.17,9.17,8.57,55275149.0,510632161.0,10.084033613445387,0.8399999999999999,0.057020227400489655,7.2028811524609795,969395450.0
2025-07-22,9.72,10.09,10.09,9.4,96382762.0,965552711.0,10.03271537622683,0.9199999999999999,0.09942563893816501,7.5245365321701145,969395450.0
2025-07-23,10.13,9.15,10.13,9.15,69011833.0,674877911.0,-9.316154608523286,-0.9399999999999995,0.07119058893870402,9.712586719524285,969395450.0
2025-07-24,9.26,9.23,9.45,9.05,40509204.0,384688397.0,0.8743169398907069,0.08000000000000007,0.04178811031143173,4.371584699453536,969395450.0
2025-07-25,9.16,8.84,9.19,8.83,36778419.0,337793867.0,-4.225352112676061,-0.39000000000000057,0.03793954159780717,3.900325027085584,969395450.0
2025-07-28,8.76,8.79,8.86,8.67,17327103.0,156482208.0,-0.5656108597285159,-0.05000000000000071,0.017874132790699604,2.1493212669683204,969395450.0
2025-07-29,8.78,8.81,8.85,8.68,21992272.0,197984425.0,0.22753128555177415,0.02000000000000135,0.022686584716278584,1.934015927189988,969395450.0
2025-07-30,8.78,8.72,8.8,8.69,14449262.0,129847576.0,-1.0215664018161208,-0.08999999999999986,0.01490543616642723,1.248581157775269,969395450.0
2025-07-31,8.7,8.52,8.71,8.45,19850955.0,174359763.0,-2.2935779816513846,-0.20000000000000107,0.02047766471361094,2.981651376146807,969395450.0
2025-08-01,8.5,8.58,8.7,8.47,15108820.0,133663050.0,0.7042253521126751,0.0600000000000005,0.015585816913004905,2.699530516431909,969395450.0
2025-08-04,8.61,8.58,8.72,8.56,10458724.0,92490138.0,0.0,0.0,0.01078891385347435,1.8648018648018665,969395450.0
2025-08-05,8.58,8.65,8.78,8.57,13205647.0,117444018.0,0.8158508158508271,0.07000000000000028,0.0136225592971372,2.447552447552437,969395450.0
2025-08-06,8.65,8.63,8.66,8.56,10145520.0,89586747.0,-0.23121387283236983,-0.019999999999999574,0.010465821765513753,1.1560693641618456,969395450.0
2025-08-07,8.82,9.03,9.07,8.67,32852877.0,299566629.0,4.634994206257215,0.3999999999999986,0.03389006725789769,4.634994206257246,969395450.0
2025-08-08,8.97,9.05,9.09,8.84,22856222.0,211196889.0,0.22148394241419123,0.02000000000000135,0.02357781027340287,2.7685492801771874,969395450.0
2025-08-11,9.09,8.95,9.1,8.95,16428242.0,151627489.0,-1.1049723756906271,-0.10000000000000142,0.016946894066812466,1.6574585635359154,969395450.0
2025-08-12,8.95,8.98,9.01,8.85,11551003.0,105738569.0,0.3351955307262733,0.030000000000001137,0.011915676930400281,1.7877094972067056,969395450.0
2025-08-13,8.97,8.9,9.04,8.88,11600331.0,106310390.0,-0.8908685968819552,-0.08000000000000007,0.011966562252793739,1.7817371937639017,969395450.0
2025-08-14,8.96,8.84,9.04,8.83,11290625.0,103531918.0,-0.6741573033707926,-0.0600000000000005,0.011647078599347665,2.359550561797742,969395450.0
2025-08-15,8.84,8.9,8.91,8.8,8967344.0,81602643.0,0.6787330316742057,0.0600000000000005,0.009250449855113307,1.2443438914027085,969395450.0
2025-08-18,8.95,8.87,8.98,8.83,14277136.0,130103611.0,-0.3370786516854074,-0.030000000000001137,0.014727876017986261,1.68539325842697,969395450.0
2025-08-19,8.84,8.82,8.89,8.79,10408883.0,94409536.0,-0.5636978579481311,-0.049999999999998934,0.010737499335281592,1.1273957158962957,969395450.0
2025-08-20,8.81,8.91,8.91,8.73,10467719.0,95021598.0,1.0204081632652962,0.08999999999999986,0.010798192832450369,2.040816326530609,969395450.0
2025-08-21,8.87,8.82,8.92,8.8,10777665.0,98029815.0,-1.0101010101010055,-0.08999999999999986,0.01111792406287857,1.346801346801338,969395450.0
2025-08-22,8.8,8.84,8.86,8.75,11106501.0,100405500.0,0.22675736961450532,0.019999999999999574,0.011457141664941795,1.2471655328798121,969395450.0
2025-08-25,8.83,8.95,8.96,8.8,15907986.0,145518276.0,1.2443438914027105,0.10999999999999943,0.01641021319008667,1.8099547511312233,969395450.0
2025-08-26,9.01,9.09,9.14,8.83,22751346.0,211477311.0,1.5642458100558754,0.14000000000000057,0.023469623258495796,3.4636871508379947,969395450.0
2025-08-27,9.06,8.81,9.08,8.79,18863459.0,173654999.0,-3.0803080308030695,-0.27999999999999936,0.01945899271551151,3.1903190319032007,969395450.0
2025-08-28,8.81,8.7,8.88,8.47,16010830.0,142703961.0,-1.2485811577752637,-0.11000000000000121,0.016516304053211722,4.653802497162316,969395450.0
2025-08-29,8.72,8.72,8.83,8.69,10336996.0,92852706.0,0.22988505747127963,0.02000000000000135,0.010663342808138824,1.609195402298857,969395450.0
2025-09-01,8.68,8.55,8.75,8.49,14511377.0,127951086.0,-1.9495412844036664,-0.16999999999999993,0.014969512184114336,2.9816513761467864,969395450.0
2025-09-02,8.55,8.48,8.57,8.4,10307740.0,89540015.0,-0.8187134502923965,-0.07000000000000028,0.010633163174017373,1.9883040935672507,969395450.0
2025-09-03,8.49,8.37,8.5,8.33,9700856.0,83563669.0,-1.2971698113207641,-0.11000000000000121,0.010007119385592329,2.004716981132075,969395450.0
2025-09-04,8.37,8.4,8.44,8.26,10432903.0,89539637.0,0.35842293906811484,0.030000000000001137,0.010762277664909609,2.150537634408599,969395450.0
2025-09-05,8.36,8.4,8.4,8.3,7179651.0,61599721.0,0.0,0.0,0.007406318030479718,1.1904761904761862,969395450.0
2025-09-08,8.46,8.57,8.6,8.43,10863380.0,94947678.0,2.0238095238095166,0.16999999999999993,0.011206345150474969,2.023809523809523,969395450.0
2025-09-09,8.58,8.59,8.67,8.52,8261547.0,72843496.0,0.2333722287047868,0.019999999999999574,0.008522370308216322,1.750291715285885,969395450.0
2025-09-10,8.56,8.44,8.6,8.42,8030015.0,70104567.0,-1.7462165308498312,-0.15000000000000036,0.00828352866727402,2.095459837019787,969395450.0
2025-09-11,8.42,8.5,8.5,8.39,7732365.0,67047442.0,0.7109004739336511,0.0600000000000005,0.007976481630896865,1.303317535545017,969395450.0
2025-09-12,8.51,8.64,8.65,8.44,13274749.0,116838680.0,1.6470588235294237,0.14000000000000057,0.01369384289971652,2.4705882352941275,969395450.0
2025-09-15,8.59,8.69,8.69,8.49,10833085.0,95379642.0,0.578703703703698,0.049999999999998934,0.011175093714335053,2.3148148148148064,969395450.0
2025-09-16,8.62,8.51,8.68,8.46,7753662.0,67929544.0,-2.0713463751438455,-0.17999999999999972,0.007998450993348484,2.5316455696202405,969395450.0
2025-09-17,8.49,8.47,8.52,8.44,6487205.0,56469086.0,-0.4700352526439411,-0.03999999999999915,0.0066920109847843825,0.9400705052878975,969395450.0
2025-09-18,8.47,8.41,8.68,8.35,11592891.0,101101355.0,-0.7083825265643551,-0.0600000000000005,0.011958887366347759,3.8961038961038965,969395450.0
2025-09-19,8.41,8.65,8.67,8.39,15159616.0,133543814.0,2.853745541022601,0.2400000000000002,0.01563821658127238,3.3293697978596835,969395450.0
2025-09-22,8.59,8.53,8.66,8.41,10961184.0,95686009.0,-1.38728323699423,-0.120000000000001,0.011307236896975326,2.8901734104046244,969395450.0
2025-09-23,8.6,8.51,8.61,8.29,10010099.0,86658421.0,-0.23446658851112856,-0.019999999999999574,0.010326125421777048,3.7514654161781986,969395450.0
2025-09-24,8.46,9.36,9.36,8.41,46843378.0,436940340.0,9.9882491186839,0.8499999999999996,0.048322258991415734,11.163337250293765,969395450.0
2025-09-25,9.73,9.01,9.74,8.99,51162152.0,489534151.0,-3.739316239316237,-0.34999999999999964,0.052777379963976516,8.012820512820513,969395450.0
2025-09-26,9.02,9.35,9.71,8.95,45600795.0,439714688.0,3.7735849056603765,0.33999999999999986,0.04704044670314885,8.43507214206439,969395450.0
2025-09-29,9.62,9.76,9.82,9.26,40526357.0,401847087.0,4.385026737967923,0.41000000000000014,0.041805804844658595,5.98930481283423,969395450.0
2025-09-30,9.86,10.73,10.73,9.85,45610515.0,499629865.0,9.938524590163933,0.9700000000000006,0.04705047357092505,9.01639344262296,969395450.0
2025-10-09,10.68,10.74,11.26,10.47,91813967.0,1025430786.0,0.09319664492077884,0.009999999999999787,0.09471260361290122,7.362534948741837,969395450.0
2025-10-10,10.88,11.39,11.6,10.57,72075155.0,823333539.0,6.052141527001864,0.6500000000000004,0.07435062233890205,9.590316573556791,969395450.0
2025-10-13,10.71,11.0,11.28,10.62,49269027.0,555440879.0,-3.4240561896400346,-0.39000000000000057,0.050824487571093924,5.794556628621598,969395450.0
2025-10-14,11.02,10.9,11.3,10.7,47053296.0,529853436.0,-0.9090909090909038,-0.09999999999999964,0.048538804261975856,5.4545454545454675,969395450.0
2025-10-15,10.95,11.07,11.29,10.74,42791228.0,486755884.0,1.559633027522933,0.16999999999999993,0.04414217954086745,5.045871559633017,969395450.0
2025-10-16,11.08,10.88,11.35,10.77,43379987.0,490153185.0,-1.7163504968382925,-0.1899999999999995,0.04474952610928801,5.239385727190606,969395450.0
2025-10-17,10.67,10.42,10.85,10.33,40177460.0,435739671.0,-4.227941176470596,-0.46000000000000085,0.041445892901601715,4.779411764705878,969395450.0
2025-10-20,10.62,10.51,10.72,10.36,26346200.0,284542920.0,0.8637236084452882,0.08999999999999986,0.027177969527296626,3.454894433781202,969395450.0
2025-10-21,10.52,10.56,10.88,10.38,23725556.0,259100575.0,0.4757373929590969,0.05000000000000071,0.024474589807492907,4.757373929590866,969395450.0
2025-10-22,10.77,10.82,11.03,10.69,42984195.0,478728888.0,2.4621212121212155,0.2599999999999998,0.044341238655494,3.2196969696969684,969395450.0
2025-10-23,10.7,10.65,10.7,10.39,22747106.0,246572325.0,-1.5711645101663563,-0.16999999999999993,0.023465249398478195,2.86506469500923,969395450.0
2025-10-24,10.64,10.8,10.86,10.5,28186390.0,308780200.0,1.4084507042253502,0.15000000000000036,0.029076255722058526,3.3802816901408397,969395450.0
2025-10-27,10.98,10.81,11.09,10.7,26844115.0,299404603.0,0.09259259259259967,0.009999999999999787,0.02769160408169855,3.6111111111111165,969395450.0
2025-10-28,10.96,10.85,11.0,10.7,21945179.0,244290848.0,0.37002775208139216,0.03999999999999915,0.022638004954531197,2.775208140610552,969395450.0
2025-10-29,10.83,10.76,10.84,10.63,15157007.0,166742781.0,-0.8294930875575979,-0.08999999999999986,0.015635525213162492,1.9354838709677333,969395450.0
2025-10-30,10.73,10.68,10.82,10.62,13099220.0,144340262.0,-0.743494423791824,-0.08000000000000007,0.013512772315983121,1.8587360594795637,969395450.0
2025-10-31,11.19,10.99,11.3,10.91,49631079.0,564908894.0,2.9026217228464546,0.3100000000000005,0.051197969827483716,3.6516853932584326,969395450.0
2025-11-03,10.99,10.65,10.99,10.57,27102479.0,297917178.0,-3.0937215650591487,-0.33999999999999986,0.027958124829242804,3.821656050955413,969395450.0
2025-11-04,10.61,10.46,10.68,10.38,15230680.0,164469311.0,-1.7840375586854362,-0.1899999999999995,0.0157115241256806,2.8169014084506943,969395450.0
2025-11-05,10.34,10.56,10.71,10.29,14935810.0,161185935.0,0.9560229445506607,0.09999999999999964,0.015407344856013095,4.015296367112827,969395450.0
2025-11-06,10.56,10.54,10.74,10.49,16690736.0,181878597.0,-0.18939393939395588,-0.02000000000000135,0.017217675201590846,2.367424242424242,969395450.0
2025-11-07,10.5,10.65,10.91,10.44,16613557.0,182787836.0,1.0436432637571214,0.11000000000000121,0.017138059601992148,4.459203036053137,969395450.0
2025-11-10,10.69,10.49,10.69,10.44,12506230.0,135052052.0,-1.5023474178403773,-0.16000000000000014,0.012901061171681794,2.3474178403755865,969395450.0
2025-11-11,10.45,10.48,10.51,10.36,11136919.0,119506883.0,-0.09532888465204614,-0.009999999999999787,0.011488519984285052,1.429933269780747,969395450.0
2025-11-12,10.45,10.27,10.45,10.22,12504349.0,132139121.0,-2.003816793893143,-0.21000000000000085,0.012899120787084363,2.1946564885496054,969395450.0
2025-11-13,10.26,10.55,10.74,10.2,19154706.0,206969394.0,2.72638753651413,0.28000000000000114,0.019759434604319632,5.2580331061343815,969395450.0
2025-11-14,10.5,10.43,10.67,10.4,9463598.0,102057984.0,-1.1374407582938506,-0.120000000000001,0.00976237097048475,2.5592417061611332,969395450.0
2025-11-17,10.41,10.47,10.68,10.2,14621956.0,156528979.0,0.3835091083413289,0.040000000000000924,0.015083582247059238,4.602109300095882,969395450.0
2025-11-18,10.42,10.32,10.49,10.26,9863197.0,104893311.0,-1.4326647564469996,-0.15000000000000036,0.010174585614157771,2.1967526265520574,969395450.0
2025-11-19,10.31,10.3,10.39,10.13,13357090.0,140574051.0,-0.19379844961240345,-0.019999999999999574,0.013778783467572496,2.519379844961238,969395450.0
2025-11-20,10.28,10.37,10.53,10.25,11835803.0,126499037.0,0.6796116504854233,0.06999999999999851,0.012209468282525981,2.7184466019417415,969395450.0
2025-11-21,10.3,9.96,10.37,9.96,13351387.0,139076504.0,-3.9537126325940086,-0.40999999999999837,0.01377290041953467,3.953712632594006,969395450.0
2025-11-24,10.13,9.97,10.21,9.94,9386147.0,96838194.0,0.10040160642570406,0.009999999999999787,0.00968247478363964,2.710843373493989,969395450.0
2025-11-25,10.02,10.02,10.19,9.96,8685250.0,89886916.0,0.5015045135406071,0.049999999999998934,0.008959449933461107,2.306920762286847,969395450.0
2025-11-26,10.04,10.14,10.32,10.03,14279587.0,149883318.0,1.1976047904191711,0.120000000000001,0.014730404397916248,2.894211576846317,969395450.0
2025-11-27,10.1,10.18,10.29,10.03,8378850.0,87725560.0,0.39447731755424265,0.03999999999999915,0.008643376652943853,2.564102564102562,969395450.0
2025-11-28,10.2,10.49,10.52,10.13,11638987.0,123959526.0,3.045186640471509,0.3100000000000005,0.012006438652048552,3.831041257367375,969395450.0
2025-12-01,10.58,10.67,10.91,10.55,20842199.0,230060644.0,1.7159199237368972,0.17999999999999972,0.021500203038914614,3.4318398474737792,969395450.0
2025-12-02,10.65,10.55,10.7,10.43,10871496.0,117303264.0,-1.1246485473289547,-0.11999999999999922,0.011214717378753944,2.5304592314901555,969395450.0
2025-12-03,10.54,10.57,10.73,10.47,8818668.0,95867889.0,0.18957345971564177,0.019999999999999574,0.0090970800409678,2.4644549763033154,969395450.0
2025-12-04,10.59,10.78,11.0,10.49,16285719.0,179566001.0,1.9867549668874052,0.20999999999999908,0.016799871507546277,4.824976348155154,969395450.0
2025-12-05,10.72,10.66,10.94,10.56,15204822.0,166546219.0,-1.1131725417439675,-0.11999999999999922,0.01568484976899778,3.52504638218923,969395450.0
2025-12-08,10.56,10.73,10.86,10.5,17040418.0,186657902.0,0.6566604127579811,0.07000000000000028,0.01757839692769344,3.3771106941838593,969395450.0
2025-12-09,10.65,10.51,10.72,10.48,13343436.0,145361583.0,-2.0503261882572232,-0.22000000000000064,0.013764698400430908,2.2367194780987902,969395450.0
2025-12-10,10.5,10.84,10.91,10.47,23945183.0,263726729.0,3.1398667935299773,0.33000000000000007,0.02470115059855088,4.186489058039957,969395450.0
2025-12-11,10.91,10.9,10.99,10.75,20486446.0,228790184.0,0.5535055350553542,0.0600000000000005,0.02113321864673493,2.214022140221404,969395450.0
2025-12-12,10.9,10.75,11.06,10.69,22562497.0,250563900.0,-1.3761467889908285,-0.15000000000000036,0.023274812152254274,3.394495412844046,969395450.0
2025-12-15,10.69,10.94,11.21,10.69,22767173.0,257915531.0,1.7674418604651132,0.1899999999999995,0.023485949928896407,4.8372093023255935,969395450.0
2025-12-16,10.93,10.64,11.02,10.63,12335935.0,136417056.0,-2.7422303473491727,-0.29999999999999893,0.012725389829300313,3.5648994515539196,969395450.0
2025-12-17,10.67,10.71,10.79,10.53,9731266.0,106518898.0,0.6578947368421018,0.07000000000000028,0.010038489452369516,2.4436090225563887,969395450.0
2025-12-18,10.7,10.72,10.87,10.64,7898808.0,87116663.0,0.09337068160597539,0.009999999999999787,0.008148179362715184,2.1475256769374287,969395450.0
2025-12-19,10.81,10.84,10.89,10.7,8684719.0,96329014.0,1.1194029850746245,0.11999999999999922,0.008958902169388149,1.7723880597015043,969395450.0
2025-12-22,10.9,11.14,11.27,10.78,30525672.0,347954771.0,2.7675276752767486,0.3000000000000007,0.03148939063000553,4.520295202952031,969395450.0
2025-12-23,11.05,11.12,11.24,10.9,19255196.0,219373204.0,-0.17953321364453378,-0.02000000000000135,0.019863097149878307,3.0520646319569105,969395450.0
2025-12-24,11.12,11.54,11.84,11.12,35201401.0,415420946.0,3.7769784172661858,0.41999999999999993,0.036312735942798165,6.474820143884898,969395450.0
2025-12-25,11.54,11.66,11.67,11.26,21204850.0,250301468.0,1.0398613518197708,0.120000000000001,0.02187430320618897,3.5528596187175054,969395450.0
2025-12-26,11.54,11.66,11.88,11.48,16826346.0,201006620.0,0.0,0.0,0.01735756651220098,3.430531732418528,969395450.0
2025-12-29,11.67,11.34,11.67,11.3,18155132.0,213237876.0,-2.7444253859348233,-0.3200000000000003,0.018728303294594583,3.173241852487129,969395450.0
2025-12-30,11.3,11.5,11.67,11.21,16146412.0,189824516.0,1.4109347442680775,0.16000000000000014,0.016656166479840605,4.056437389770715,969395450.0
2025-12-31,12.64,12.65,12.65,12.4,25918555.0,336312382.0,10.000000000000009,1.1500000000000004,0.026736823450120382,2.1739130434782608,969395450.0
2026-01-05,12.65,12.72,13.07,12.07,60061324.0,784181175.0,0.5533596837944632,0.07000000000000028,0.06195750557731625,7.905138339920949,969395450.0
2026-01-06,12.67,12.86,12.93,12.44,34074433.0,444141689.0,1.1006289308175932,0.1399999999999988,0.035150188707817845,3.8522012578616365,969395450.0
2026-01-07,13.32,12.61,13.53,12.61,30811896.0,409249308.0,-1.9440124416796323,-0.25,0.031784650938891865,7.153965785381026,969395450.0
2026-01-08,12.75,12.55,12.83,12.46,22939693.0,297851922.0,-0.4758128469468548,-0.05999999999999872,0.02366391651621637,2.9341792228390107,969395450.0
2026-01-09,12.55,12.59,12.7,12.37,23311778.0,300051316.0,0.31872509960158,0.03999999999999915,0.02404774852202989,2.6294820717131477,969395450.0
2026-01-12,12.57,13.13,13.4,12.44,36745397.0,484731200.0,4.28911834789516,0.5400000000000009,0.03790547706820782,7.625099285146949,969395450.0
2026-01-13,13.0,12.4,13.13,12.35,28928402.0,374835633.0,-5.55978674790556,-0.7300000000000004,0.029841693603987928,5.9405940594059485,969395450.0
2026-01-14,12.36,12.21,12.5,12.08,24618023.0,310997393.0,-1.5322580645161232,-0.1899999999999995,0.025395232667947843,3.387096774193548,969395450.0
2026-01-15,12.21,12.18,12.26,12.11,13614252.0,170327835.0,-0.24570024570025328,-0.030000000000001137,0.014044064267064591,1.2285012285012313,969395450.0
2026-01-16,12.23,12.51,12.6,12.15,25431552.0,325589678.0,2.709359605911321,0.33000000000000007,0.02623444539583923,3.6945812807881713,969395450.0
2026-01-19,12.67,13.06,13.52,12.58,36346120.0,489998249.0,4.396482813749003,0.5500000000000007,0.03749359459031915,7.513988808952835,969395450.0
2026-01-20,13.05,13.36,13.6,12.93,36823839.0,502603500.0,2.297090352220521,0.29999999999999893,0.03798639554167497,5.130168453292495,969395450.0
2026-01-21,13.1,13.09,13.31,13.05,21356936.0,288517544.0,-2.020958083832336,-0.2699999999999996,0.02203119067662222,1.946107784431136,969395450.0
2026-01-22,13.15,13.49,13.89,13.15,29779631.0,412631816.0,3.0557677616501078,0.40000000000000036,0.030719796549488653,5.653170359052714,969395450.0
2026-01-23,13.5,13.48,13.57,13.24,19832951.0,273666523.0,-0.0741289844329085,-0.009999999999999787,0.020459092313668277,2.446256486286138,969395450.0
2026-01-26,13.44,13.19,13.52,13.13,19139170.0,260736084.0,-2.1513353115727107,-0.2900000000000009,0.019743408121009852,2.8931750741839672,969395450.0
2026-01-27,13.26,13.07,13.36,13.02,13449810.0,181321459.0,-0.9097801364670199,-0.11999999999999922,0.013874430708334766,2.577710386656557,969395450.0
2026-01-28,13.12,13.5,13.61,13.1,19929006.0,274088214.0,3.289977046671755,0.4299999999999997,0.020558179842911372,3.9020657995409316,969395450.0
2026-01-29,13.6,13.54,13.9,13.28,24171132.0,339026803.0,0.2962962962962834,0.03999999999999915,0.02493423297994642,4.5925925925926006,969395450.0
2026-01-30,13.46,14.05,14.1,13.15,29288284.0,411019275.0,3.7666174298375266,0.5100000000000016,0.03021293735183098,7.0162481536189025,969395450.0
2026-02-02,14.19,14.11,14.65,13.84,43988889.0,641955267.0,0.4270462633451766,0.05999999999999872,0.04537765160750445,5.7651245551601455,969395450.0
2026-02-03,14.42,14.56,14.68,14.02,26308191.0,387491684.0,3.1892274982282087,0.45000000000000107,0.0271387605543228,4.677533664068037,969395450.0
2026-02-04,14.57,14.8,14.99,14.45,20816288.0,314697368.0,1.6483516483516425,0.2400000000000002,0.02147347400898158,3.708791208791215,969395450.0
2026-02-05,14.78,14.55,14.85,14.31,19863265.0,296886503.0,-1.6891891891891886,-0.25,0.02049036334965261,3.6486486486486425,969395450.0
2026-02-06,14.45,14.37,15.17,14.37,27276524.0,412778246.0,-1.2371134020618624,-0.1800000000000015,0.02813766456197004,5.498281786941585,969395450.0
2026-02-09,14.49,14.26,14.54,14.0,24091959.0,350925170.0,-0.7654836464857318,-0.10999999999999943,0.02485256042825454,3.757828810020871,969395450.0
2026-02-10,14.22,14.18,14.27,13.8,17502666.0,252369845.0,-0.5610098176718092,-0.08000000000000007,0.018055238447838805,3.2959326788218717,969395450.0
2026-02-11,14.35,14.62,15.16,14.18,36016148.0,546157376.0,3.1029619181946355,0.4399999999999995,0.03715320512387385,6.911142454160793,969395450.0
2026-02-12,14.6,15.17,15.34,14.6,26720276.0,413144932.0,3.7619699042407806,0.5500000000000007,0.027563855390491054,5.061559507523942,969395450.0
2026-02-13,15.02,15.38,15.49,14.95,27840180.0,436175680.0,1.3843111404087116,0.21000000000000085,0.028719115609630724,3.5596572181938098,969395450.0
2026-02-24,15.67,14.88,15.69,14.7,31811437.0,488236230.0,-3.2509752925877766,-0.5,0.03281574820678187,6.436931079323799,969395450.0
2026-02-25,14.93,15.27,15.68,14.47,39271755.0,611659924.0,2.620967741935476,0.3899999999999988,0.04051159410744088,8.131720430107519,969395450.0
2026-02-26,15.19,14.56,15.19,14.31,36153804.0,546349428.0,-4.649639816633922,-0.7099999999999991,0.03729520702825663,5.762933857236405,969395450.0
2026-02-27,14.49,13.72,14.6,13.63,39746830.0,572613478.0,-5.769230769230771,-0.8399999999999999,0.04100166758571025,6.6620879120879035,969395450.0
2026-03-02,13.51,14.01,14.24,13.45,29947111.0,428425447.0,2.1137026239067103,0.28999999999999915,0.03089256402018392,5.758017492711376,969395450.0
2026-03-03,13.97,14.0,14.38,13.9,27266704.0,395700878.0,-0.07137758743753775,-0.009999999999999787,0.028127534537117953,3.426124197002144,969395450.0
2026-03-04,13.82,14.26,14.48,13.82,23026883.0,337894145.0,1.857142857142846,0.2599999999999998,0.0237538591706821,4.714285714285715,969395450.0
2026-03-05,14.49,14.04,14.54,13.89,17252452.0,250963664.0,-1.5427769985974837,-0.22000000000000064,0.017797125001979327,4.55820476858344,969395450.0
2026-03-06,13.98,14.17,14.31,13.84,14116223.0,205184628.0,0.92592592592593,0.13000000000000078,0.014561882872464483,3.3475783475783527,969395450.0
2026-03-09,13.83,13.63,14.0,13.29,20770341.0,290193662.0,-3.8108680310515064,-0.5399999999999991,0.021426076427323856,5.0105857445307045,969395450.0
2026-03-10,13.79,13.83,13.96,13.76,11933811.0,169677292.0,1.4673514306676294,0.1999999999999993,0.012310570469461147,1.4673514306676527,969395450.0
2026-03-11,13.84,13.8,13.93,13.69,15073263.0,213682715.0,-0.2169197396963085,-0.02999999999999936,0.015549137351531824,1.7353579175705003,969395450.0
2026-03-12,13.82,13.61,13.82,13.42,12974415.0,181131123.0,-1.376811594202909,-0.19000000000000128,0.01338402712742256,2.898550724637684,969395450.0
2026-03-13,13.61,13.57,14.0,13.54,14592157.0,206605957.0,-0.29390154298309934,-0.03999999999999915,0.01505284247001572,3.3798677443056637,969395450.0
2026-03-16,13.55,13.47,13.79,13.19,16885261.0,233381092.0,-0.7369196757553431,-0.09999999999999964,0.01741834150345971,4.421518054532053,969395450.0
2026-03-17,13.74,13.44,14.26,13.44,27837545.0,396112247.0,-0.22271714922049712,-0.030000000000001137,0.028716397420681106,6.087602078693394,969395450.0
2026-03-18,13.68,13.74,13.8,13.38,16720299.0,234124651.0,2.2321428571428603,0.3000000000000007,0.01724817152793527,3.1249999999999996,969395450.0
2026-03-19,13.58,12.81,13.62,12.77,25553223.0,342806321.0,-6.768558951965065,-0.9299999999999997,0.0263599576416415,6.186317321688498,969395450.0
2026-03-20,12.86,12.56,12.9,12.54,15540197.0,202786999.0,-1.9516003122560521,-0.25,0.016030812812253246,2.8103044496487213,969395450.0
2026-03-23,12.27,11.94,12.38,11.86,18488546.0,229763051.0,-4.936305732484081,-0.620000000000001,0.01907224342759191,4.140127388535043,969395450.0
2026-03-24,12.14,12.13,12.2,11.87,10810480.0,133652834.0,1.5912897822445649,0.19000000000000128,0.011151775057330834,2.7638190954773876,969395450.0
2026-03-25,12.22,12.32,12.38,12.14,11557873.0,145742206.0,1.5663643858202736,0.1899999999999995,0.011922763821513707,1.9785655399835136,969395450.0
2026-03-26,12.31,12.15,12.4,12.07,8220060.0,103168244.0,-1.379870129870131,-0.16999999999999993,0.008479573532143151,2.6785714285714293,969395450.0
2026-03-27,12.04,12.32,12.37,11.97,7109595.0,89462064.0,1.3991769547325061,0.16999999999999993,0.007334050309396439,3.2921810699588363,969395450.0
2026-03-30,12.13,12.68,12.74,12.09,15657356.0,201791460.0,2.922077922077926,0.35999999999999943,0.0161516706107915,5.275974025974028,969395450.0
2026-03-31,12.78,12.55,13.15,12.51,10968204.0,143480118.0,-1.0252365930599305,-0.129999999999999,0.011314478523702582,5.047318611987387,969395450.0
2026-04-01,12.79,12.76,12.88,12.6,11722618.0,153138733.0,1.6733067729083562,0.20999999999999908,0.012092709946183468,2.231075697211164,969395450.0
2026-04-02,12.66,12.61,12.75,12.54,7632300.0,98850297.0,-1.1755485893416906,-0.15000000000000036,0.007873257502910706,1.6457680250783768,969395450.0
2026-04-03,12.67,12.33,12.69,12.27,6207001.0,78959512.0,-2.2204599524187074,-0.27999999999999936,0.006402960731866443,3.3306899286280722,969395450.0
2026-04-07,12.32,12.39,12.55,12.27,6635411.0,84501973.0,0.48661800486617945,0.0600000000000005,0.006844895960673222,2.2708840227088496,969395450.0
2026-04-08,12.61,13.23,13.26,12.56,16233625.0,215446877.0,6.779661016949157,0.8399999999999999,0.01674613286043379,5.649717514124288,969395450.0
2026-04-09,13.05,13.04,13.22,12.97,10893429.0,146166221.0,-1.4361300075585892,-0.19000000000000128,0.011237342820208203,1.889644746787604,969395450.0
2026-04-10,13.14,13.04,13.27,12.98,9828881.0,132548595.0,0.0,0.0,0.010139186231996446,2.2239263803680918,969395450.0
2026-04-13,12.95,12.78,13.07,12.76,11741549.0,155388475.0,-1.9938650306748462,-0.2599999999999998,0.012112238612219606,2.3773006134969363,969395450.0
2026-04-14,12.87,12.99,13.04,12.6,10661406.0,140675584.0,1.6431924882629234,0.21000000000000085,0.010997994678023298,3.442879499217524,969395450.0
2026-04-15,13.03,12.89,13.09,12.83,7747764.0,102974568.0,-0.7698229407236301,-0.09999999999999964,0.007992366789012677,2.001539645881446,969395450.0
2026-04-16,12.92,13.14,13.15,12.88,8204760.0,109975436.0,1.9394879751745586,0.25,0.008463790499532466,2.094647013188515,969395450.0
2026-04-17,13.01,13.15,13.18,12.97,6832560.0,91893896.0,0.07610350076103778,0.009999999999999787,0.007048269104213353,1.598173515981728,969395450.0
2026-04-20,13.13,13.3,13.39,12.97,9095443.0,123657272.0,1.1406844106463865,0.15000000000000036,0.009382593037753581,3.1939163498098853,969395450.0
2026-04-21,13.39,12.97,13.41,12.8,15389266.0,205162529.0,-2.481203007518795,-0.33000000000000007,0.01587511680604649,4.58646616541353,969395450.0
2026-04-22,12.98,13.41,13.46,12.85,14653046.0,198432380.0,3.3924441017733287,0.4399999999999995,0.015115653781952452,4.703161141094844,969395450.0
2026-04-23,13.4,13.04,13.47,12.92,14326091.0,192556921.0,-2.7591349739000792,-0.370000000000001,0.01477837656448666,4.101416853094711,969395450.0
2026-04-24,13.1,13.33,13.39,13.06,14739331.0,200353182.0,2.223926380368102,0.2900000000000009,0.015204662864881407,2.5306748466257676,969395450.0
2026-04-27,13.34,13.52,13.71,13.33,14771340.0,205515416.0,1.4253563390847601,0.1899999999999995,0.015237682413302022,2.850712678169548,969395450.0
2026-04-28,12.97,12.36,12.98,12.2,36059417.0,462522775.0,-8.579881656804734,-1.1600000000000001,0.037197840159039326,5.769230769230778,969395450.0
2026-04-29,12.33,12.84,13.15,12.27,25397609.0,331731268.0,3.8834951456310662,0.4800000000000004,0.026199430789570963,7.1197411003236315,969395450.0
2026-04-30,13.05,13.63,13.78,12.69,29302087.0,397235591.0,6.152647975077885,0.7900000000000009,0.030227176123015637,8.489096573208723,969395450.0
2026-05-06,13.61,14.05,14.46,13.27,39540386.0,564524921.0,3.0814380044020595,0.41999999999999993,0.040788705991966434,8.730741012472496,969395450.0
2026-05-07,14.03,14.16,14.25,13.86,21654690.0,313045892.0,0.782918149466183,0.10999999999999943,0.022338344996358298,2.775800711743776,969395450.0
2026-05-08,14.06,13.83,14.09,13.73,21114521.0,300568146.0,-2.330508474576276,-0.33000000000000007,0.021781122451111155,2.542372881355928,969395450.0
2026-05-11,13.98,15.21,15.21,13.98,40684297.0,617929925.0,9.97830802603037,1.3800000000000008,0.04196873113031426,8.89370932754881,969395450.0
2026-05-12,15.63,16.73,16.73,15.48,59388350.0,989985577.0,9.993425378040754,1.5199999999999996,0.0612632852774376,8.21827744904668,969395450.0
2026-05-13,17.17,16.77,17.51,16.72,68629479.0,1199057262.0,0.23909145248057762,0.03999999999999915,0.07079616373276768,4.722056186491349,969395450.0
2026-05-14,16.67,16.35,16.89,16.24,39204736.0,663338064.0,-2.5044722719141266,-0.41999999999999815,0.04044245926675229,3.875968992248075,969395450.0
2026-05-15,16.44,16.73,17.24,16.29,44199897.0,760191599.0,2.3241590214067243,0.379999999999999,0.04559532129019174,5.810397553516815,969395450.0
2026-05-18,18.4,18.4,18.4,17.77,19683494.0,371562901.0,9.982068141063948,1.6699999999999982,0.020304916842760094,3.7656903765690317,969395450.0
2026-05-19,18.13,17.67,18.13,16.56,79033112.0,1393176937.0,-3.9673913043478115,-0.7299999999999969,0.0815282473215652,8.532608695652176,969395450.0
2026-05-20,17.28,18.1,18.78,17.14,66489728.0,1238013558.0,2.43350311262025,0.4299999999999997,0.06858885916990842,9.28126768534239,969395450.0
2026-05-21,17.94,17.61,18.98,17.54,51450110.0,953964038.0,-2.707182320442003,-0.490000000000002,0.05307442901655872,7.955801104972382,969395450.0
2026-05-22,17.58,18.15,18.48,17.58,34675985.0,643935243.0,3.066439522998299,0.5399999999999991,0.0357707321609566,5.110732538330506,969395450.0
2026-05-25,18.01,17.63,18.07,17.4,25547764.0,463619746.0,-2.8650137741046855,-0.5199999999999996,0.026354326296868836,3.6914600550964285,969395450.0
2026-05-26,17.53,18.44,18.87,17.38,35002302.0,659928362.0,4.594441293250151,0.8100000000000023,0.036107351236278236,8.451503119682371,969395450.0
2026-05-27,18.72,18.35,18.98,18.09,28952277.0,550507941.0,-0.48806941431670525,-0.08999999999999986,0.02986632235585591,4.826464208242953,969395450.0
2026-05-28,18.14,17.49,18.31,17.25,29049280.0,526584361.0,-4.686648501362411,-0.860000000000003,0.029966387814178413,5.77656675749318,969395450.0
2026-05-29,17.67,17.04,18.1,16.93,28043455.0,487572495.0,-2.572898799313894,-0.4499999999999993,0.028928808155639682,6.689536878216133,969395450.0
2026-06-01,16.72,16.64,16.9,15.87,40091612.0,657839841.0,-2.3474178403755763,-0.3999999999999986,0.04135733461509439,6.0446009389671325,969395450.0
2026-06-02,16.51,16.11,16.59,15.96,17302063.0,279939218.0,-3.1850961538461564,-0.5300000000000011,0.017848302258897542,3.7860576923076863,969395450.0
2026-06-03,16.08,16.38,16.56,15.92,21067333.0,341829188.0,1.6759776536312776,0.2699999999999996,0.021732444690141677,3.9726877715704454,969395450.0
2026-06-04,16.07,16.12,16.38,15.96,12336003.0,199695424.0,-1.5873015873015706,-0.259999999999998,0.012725459976111917,2.5641025641025528,969395450.0
2026-06-05,16.06,16.23,17.17,15.93,29734376.0,490616043.0,0.6823821339950298,0.10999999999999943,0.030673112814796066,7.692307692307704,969395450.0
2026-06-08,15.57,15.66,15.98,15.55,20665056.0,324744755.0,-3.512014787430684,-0.5700000000000003,0.021317467499976404,2.649414664202093,969395450.0
2026-06-09,16.09,16.24,16.65,16.01,21883275.0,356856816.0,3.703703703703698,0.5799999999999983,0.022574146598274215,4.086845466155792,969395450.0
2026-06-10,16.05,15.98,16.36,15.7,14347460.0,229461930.0,-1.6009852216748666,-0.259999999999998,0.014800420200032917,4.064039408866996,969395450.0
2026-06-11,15.85,16.14,16.78,15.58,21692568.0,351158179.0,1.001251564455563,0.16000000000000014,0.02237741883356271,7.509386733416777,969395450.0
2026-06-12,16.45,16.26,16.73,16.12,15192771.0,248838468.0,0.743494423791824,0.120000000000001,0.01567241830978266,3.779429987608423,969395450.0
2026-06-15,16.6,16.82,16.82,16.2,22782142.0,376799963.0,3.444034440344401,0.5599999999999987,0.023501391511585906,3.81303813038131,969395450.0
2026-06-16,16.66,17.3,17.5,16.5,37218774.0,635626600.0,2.853745541022601,0.4800000000000004,0.03839379893932863,5.945303210463734,969395450.0
2026-06-17,17.02,19.03,19.03,16.85,46257205.0,839488186.0,10.000000000000009,1.7300000000000004,0.04771758006497761,12.601156069364158,969395450.0
2026-06-18,19.03,18.71,19.47,18.55,38317563.0,720573036.0,-1.6815554387808684,-0.3200000000000003,0.0395272775418948,4.834471886494998,969395450.0
2026-06-22,18.73,18.76,19.26,18.25,28639205.0,533628544.0,0.26723677177979965,0.05000000000000071,0.029543366435235485,5.398182789951905,969395450.0
2026-06-23,18.85,20.1,20.64,18.48,47251176.0,931193663.0,7.14285714285714,1.3399999999999999,0.04874293148374072,11.513859275053305,969395450.0
