date,open,close,high,low,volume,amount,pct_chg,change,turnover,amplitude,outstanding_share
2023-06-26,2.73,2.69,2.73,2.68,22439760.0,61568288.0,,,0.005030829182576682,,4460449597.0
2023-06-27,2.69,2.76,2.77,2.68,28369540.0,78832317.0,2.6022304832713727,0.06999999999999984,0.00636024225429668,3.345724907063192,4460449597.0
2023-06-28,2.77,2.74,2.77,2.72,20462254.0,56791294.0,-0.7246376811594013,-0.019999999999999574,0.0045874868788479215,1.8115942028985446,4460449597.0
2023-06-29,2.74,2.71,2.75,2.71,18202371.0,50319227.0,-1.0948905109489093,-0.03000000000000025,0.0040808377281614195,1.4598540145985412,4460449597.0
2023-06-30,2.71,2.74,2.74,2.71,14346023.0,39762838.0,1.1070110701107083,0.03000000000000025,0.003216272863984119,1.1070110701107103,4460449597.0
2023-07-03,2.74,2.77,2.77,2.73,19384900.0,54265878.0,1.0948905109488871,0.029999999999999805,0.004345952034305657,1.4598540145985412,4460449597.0
2023-07-04,2.76,2.75,2.77,2.74,20663965.0,57824990.0,-0.7220216606498187,-0.020000000000000018,0.004632709001778235,1.0830324909747222,4460449597.0
2023-07-05,2.75,2.74,2.76,2.73,17788600.0,49574172.0,-0.3636363636363549,-0.009999999999999787,0.003988073312601541,1.090909090909084,4460449597.0
2023-07-06,2.73,2.72,2.74,2.71,17443667.0,48200344.0,-0.7299270072992692,-0.020000000000000018,0.003910741870445577,1.0948905109489142,4460449597.0
2023-07-07,2.72,2.74,2.75,2.7,18754024.0,51944734.0,0.7352941176470562,0.020000000000000018,0.004204514274214317,1.8382352941176405,4460449597.0
2023-07-10,2.75,2.74,2.76,2.73,12851601.0,35734697.0,0.0,0.0,0.0028812344407262674,1.0948905109488978,4460449597.0
2023-07-11,2.75,2.75,2.76,2.74,13774965.0,38439327.0,0.36496350364962904,0.009999999999999787,0.00308824585962472,0.7299270072992544,4460449597.0
2023-07-12,2.76,2.72,2.76,2.71,23115066.0,64098623.0,-1.0909090909090868,-0.029999999999999805,0.005182227821954694,1.818181818181812,4460449597.0
2023-07-13,2.72,2.74,2.74,2.72,21374365.0,59222735.0,0.7352941176470562,0.020000000000000018,0.0047919754578946315,0.7352941176470594,4460449597.0
2023-07-14,2.73,2.74,2.75,2.73,13409500.0,37262859.0,0.0,0.0,0.0030063112940495805,0.7299270072992706,4460449597.0
2023-07-17,2.74,2.74,2.74,2.72,10113565.0,28017658.0,0.0,0.0,0.0022673869035090455,0.7299270072992706,4460449597.0
2023-07-18,2.74,2.78,2.79,2.72,28170988.0,78759799.0,1.4598540145985162,0.03999999999999959,0.006315728355936851,2.5547445255474392,4460449597.0
2023-07-19,2.78,2.79,2.79,2.76,17332300.0,48836211.0,0.3597122302158251,0.010000000000000231,0.0038857742079761023,1.079136690647491,4460449597.0
2023-07-20,2.79,2.75,2.79,2.75,18605800.0,52310603.0,-1.4336917562724039,-0.040000000000000036,0.004171283543370572,1.4336917562724028,4460449597.0
2023-07-21,2.75,2.77,2.77,2.74,14185365.0,39701816.0,0.727272727272732,0.020000000000000018,0.0031802545217730436,1.090909090909084,4460449597.0
2023-07-24,2.77,2.75,2.78,2.74,18421300.0,51553083.0,-0.7220216606498187,-0.020000000000000018,0.004129920000080207,1.4440433212996242,4460449597.0
2023-07-25,2.76,2.79,2.81,2.76,34135518.0,96489232.0,1.454545454545464,0.040000000000000036,0.007652932122124818,1.818181818181828,4460449597.0
2023-07-26,2.8,2.82,2.82,2.78,38416321.0,109145879.0,1.0752688172043001,0.029999999999999805,0.008612656676097846,1.4336917562724028,4460449597.0
2023-07-27,2.81,2.81,2.84,2.8,31505916.0,89983181.0,-0.35460992907800915,-0.009999999999999787,0.00706339469034471,1.4184397163120581,4460449597.0
2023-07-28,2.8,2.85,2.85,2.79,38348700.0,109895334.0,1.4234875444839812,0.040000000000000036,0.008597496545144797,2.1352313167259807,4460449597.0
2023-07-31,2.85,2.87,2.89,2.85,47546900.0,138385038.0,0.7017543859649145,0.020000000000000018,0.010659665346735224,1.4035087719298258,4460449597.0
2023-08-01,2.87,2.89,2.89,2.86,39299735.0,114536484.0,0.6968641114982521,0.020000000000000018,0.008810711598766218,1.0452961672473953,4460449597.0
2023-08-02,2.88,2.86,2.89,2.84,29686086.0,86156340.0,-1.038062283737029,-0.03000000000000025,0.006655402186354982,1.730103806228383,4460449597.0
2023-08-03,2.85,2.88,2.89,2.85,30188701.0,87851516.0,0.6993006993007089,0.020000000000000018,0.006768084773405859,1.3986013986014,4460449597.0
2023-08-04,2.9,2.87,2.93,2.85,35877512.0,105087763.0,-0.3472222222222099,-0.009999999999999787,0.008043474367276883,2.7777777777777803,4460449597.0
2023-08-07,2.86,2.85,2.87,2.84,22600784.0,65416430.0,-0.6968641114982632,-0.020000000000000018,0.005066929579296399,1.0452961672473953,4460449597.0
2023-08-08,2.85,2.83,2.86,2.82,20879702.0,60149641.0,-0.7017543859649145,-0.020000000000000018,0.004681075650769202,1.4035087719298258,4460449597.0
2023-08-09,2.83,2.81,2.83,2.81,15870811.0,45380367.0,-0.7067137809187329,-0.020000000000000018,0.003558119121147419,0.7067137809187285,4460449597.0
2023-08-10,2.81,2.82,2.84,2.81,18381901.0,52619051.0,0.3558718861209842,0.009999999999999787,0.00412108703399838,1.0676156583629823,4460449597.0
2023-08-11,2.83,2.79,2.83,2.78,25608601.0,72884837.0,-1.0638297872340385,-0.029999999999999805,0.0057412600328952896,1.7730496453900804,4460449597.0
2023-08-14,2.77,2.79,2.8,2.75,25758109.0,72446601.0,0.0,0.0,0.005774778627097218,1.7921146953404954,4460449597.0
2023-08-15,2.79,2.8,2.81,2.77,21525700.0,60938324.0,0.35842293906809264,0.009999999999999787,0.004825903652061826,1.4336917562724028,4460449597.0
2023-08-16,2.79,2.79,2.81,2.78,18639200.0,52727590.0,-0.35714285714284477,-0.009999999999999787,0.004178771577765684,1.0714285714285805,4460449597.0
2023-08-17,2.78,2.79,2.8,2.75,27506400.0,77385441.0,0.0,0.0,0.006166732613344672,1.7921146953404954,4460449597.0
2023-08-18,2.79,2.84,2.87,2.78,66523788.0,191653657.0,1.7921146953404854,0.04999999999999982,0.014914144090932545,3.225806451612914,4460449597.0
2023-08-21,2.83,2.77,2.85,2.77,41649558.0,118616148.0,-2.464788732394363,-0.06999999999999984,0.009337524636084348,2.8169014084507067,4460449597.0
2023-08-22,2.76,2.77,2.79,2.73,40205354.0,112559738.0,0.0,0.0,0.009013744719151458,2.1660649819494604,4460449597.0
2023-08-23,2.76,2.72,2.77,2.72,25414854.0,70669850.0,-1.805054151624541,-0.04999999999999982,0.005697823380202182,1.8050541516245424,4460449597.0
2023-08-24,2.72,2.68,2.73,2.68,29253489.0,80076060.0,-1.4705882352941235,-0.040000000000000036,0.006558417120030961,1.8382352941176405,4460449597.0
2023-08-25,2.67,2.66,2.69,2.64,26301034.0,71087094.0,-0.7462686567164201,-0.020000000000000018,0.005896498419730938,1.865671641791038,4460449597.0
2023-08-28,2.76,2.71,2.79,2.7,54199201.0,151213746.0,1.8796992481203034,0.04999999999999982,0.012151062313640578,3.3834586466165355,4460449597.0
2023-08-29,2.71,2.73,2.74,2.69,29524330.0,81475743.0,0.7380073800737907,0.020000000000000018,0.006619137680617984,1.8450184501845115,4460449597.0
2023-08-30,2.73,2.69,2.74,2.69,30783055.0,84792456.0,-1.465201465201471,-0.040000000000000036,0.006901334569659526,1.8315018315018412,4460449597.0
2023-08-31,2.69,2.67,2.7,2.66,20178101.0,54756041.0,-0.743494423791824,-0.020000000000000018,0.004523781865749889,1.4869888475836444,4460449597.0
2023-09-01,2.67,2.68,2.69,2.66,11936601.0,32431535.0,0.3745318352059934,0.010000000000000231,0.002676098169123645,1.1235955056179703,4460449597.0
2023-09-04,2.69,2.73,2.74,2.68,35543678.0,98027367.0,1.8656716417910335,0.04999999999999982,0.00796863123930509,2.2388059701492558,4460449597.0
2023-09-05,2.72,2.7,2.73,2.69,23200900.0,63714083.0,-1.098901098901095,-0.029999999999999805,0.005201471173579546,1.4652014652014667,4460449597.0
2023-09-06,2.7,2.71,2.72,2.68,15144027.0,41548657.0,0.37037037037035425,0.009999999999999787,0.0033951794927097796,1.4814814814814827,4460449597.0
2023-09-07,2.71,2.68,2.71,2.67,19640148.0,53623316.0,-1.1070110701106972,-0.029999999999999805,0.004403176758954867,1.4760147601476028,4460449597.0
2023-09-08,2.68,2.67,2.68,2.65,16368700.0,44288372.0,-0.3731343283582156,-0.010000000000000231,0.003669742173750652,1.119402985074636,4460449597.0
2023-09-11,2.67,2.69,2.7,2.66,22057700.0,59985097.0,0.7490636704119868,0.020000000000000018,0.004945174140031875,1.4981273408239715,4460449597.0
2023-09-12,2.69,2.7,2.72,2.68,20562154.0,56326424.0,0.3717472118959231,0.010000000000000231,0.00460988372423929,1.4869888475836444,4460449597.0
2023-09-13,2.69,2.67,2.7,2.66,15426800.0,41942199.0,-1.1111111111111183,-0.03000000000000025,0.003458575119955559,1.4814814814814827,4460449597.0
2023-09-14,2.68,2.67,2.68,2.66,10893600.0,29525905.0,0.0,0.0,0.0024422650145686647,0.7490636704119857,4460449597.0
2023-09-15,2.67,2.69,2.7,2.67,16137185.0,43933018.0,0.7490636704119868,0.020000000000000018,0.0036178382131822574,1.123595505617987,4460449597.0
2023-09-18,2.68,2.68,2.69,2.66,14694386.0,39932522.0,-0.3717472118959009,-0.009999999999999787,0.0032943732869177853,1.1152416356877253,4460449597.0
2023-09-19,2.68,2.68,2.69,2.67,11571069.0,31479509.0,0.0,0.0,0.0025941485826411863,0.7462686567164185,4460449597.0
2023-09-20,2.68,2.67,2.69,2.67,9879920.0,26892473.0,-0.3731343283582156,-0.010000000000000231,0.0022150054126034774,0.7462686567164185,4460449597.0
2023-09-21,2.67,2.63,2.68,2.63,19779700.0,53186528.0,-1.4981273408239737,-0.040000000000000036,0.004434463291167642,1.8726591760299727,4460449597.0
2023-09-22,2.62,2.65,2.66,2.62,13702000.0,36788903.0,0.7604562737642651,0.020000000000000018,0.003071887643168452,1.5209125475285186,4460449597.0
2023-09-25,2.65,2.64,2.67,2.64,12403000.0,33395421.0,-0.37735849056602655,-0.009999999999999787,0.002780661395286696,1.1320754716981059,4460449597.0
2023-09-26,2.64,2.63,2.65,2.63,9149599.0,24521473.0,-0.37878787878788955,-0.010000000000000231,0.0020512728147749544,0.7575757575757582,4460449597.0
2023-09-27,2.63,2.64,2.66,2.63,10191432.0,27351547.0,0.38022813688214363,0.010000000000000231,0.002284844112318752,1.1406844106463974,4460449597.0
2023-09-28,2.64,2.65,2.66,2.64,10807094.0,29099223.0,0.37878787878786735,0.009999999999999787,0.0024228710054853245,0.7575757575757582,4460449597.0
2023-10-09,2.65,2.66,2.67,2.64,20492457.0,55197487.0,0.37735849056603765,0.010000000000000231,0.004594258169351981,1.1320754716981059,4460449597.0
2023-10-10,2.66,2.64,2.67,2.63,25997786.0,69823857.0,-0.7518796992481258,-0.020000000000000018,0.005828512448046838,1.5037593984962419,4460449597.0
2023-10-11,2.65,2.61,2.65,2.59,26123558.0,69576179.0,-1.1363636363636465,-0.03000000000000025,0.005856709605590012,2.2727272727272747,4460449597.0
2023-10-12,2.62,2.62,2.63,2.6,17649853.0,46898870.0,0.3831417624521105,0.010000000000000231,0.003956967255469247,1.1494252873563144,4460449597.0
2023-10-13,2.61,2.59,2.62,2.58,17383000.0,45814268.0,-1.1450381679389388,-0.03000000000000025,0.0038971407751567065,1.5267175572519098,4460449597.0
2023-10-16,2.59,2.59,2.61,2.58,13821841.0,36400667.0,0.0,0.0,0.003098755114124878,1.1583011583011509,4460449597.0
2023-10-17,2.59,2.58,2.6,2.56,15779268.0,41362603.0,-0.3861003861003742,-0.009999999999999787,0.0035375958537033547,1.5444015444015458,4460449597.0
2023-10-18,2.57,2.54,2.58,2.54,16651920.0,43174992.0,-1.5503875968992276,-0.040000000000000036,0.0037332380151094443,1.5503875968992262,4460449597.0
2023-10-19,2.53,2.52,2.56,2.51,15784621.0,40614721.0,-0.7874015748031482,-0.020000000000000018,0.003538795956940392,1.9685039370078843,4460449597.0
2023-10-20,2.52,2.54,2.55,2.51,11562300.0,29737050.0,0.7936507936507908,0.020000000000000018,0.0025921826373234993,1.5873015873015885,4460449597.0
2023-10-23,2.53,2.49,2.54,2.48,16139687.0,41073088.0,-1.9685039370078705,-0.04999999999999982,0.0036183991431839512,2.362204724409451,4460449597.0
2023-10-24,2.5,2.54,2.55,2.49,17856683.0,45689522.0,2.008032128514059,0.04999999999999982,0.004003337020557302,2.4096385542168517,4460449597.0
2023-10-25,2.55,2.57,2.6,2.55,16287301.0,42620504.0,1.1811023622047223,0.029999999999999805,0.0036514931165132947,1.9685039370078843,4460449597.0
2023-10-26,2.56,2.58,2.6,2.54,18913988.0,49392411.0,0.3891050583657574,0.010000000000000231,0.00424037702672868,2.3346303501945544,4460449597.0
2023-10-27,2.59,2.61,2.62,2.58,19154766.0,50751578.0,1.1627906976744207,0.029999999999999805,0.004294357683782162,1.5503875968992262,4460449597.0
2023-10-30,2.61,2.6,2.62,2.6,12604358.0,33400813.0,-0.3831417624520994,-0.009999999999999787,0.002825804378212773,0.7662835249042153,4460449597.0
2023-10-31,2.61,2.61,2.63,2.6,14316737.0,37968502.0,0.38461538461538325,0.009999999999999787,0.003209707158136956,1.1538461538461462,4460449597.0
2023-11-01,2.62,2.61,2.63,2.6,13373848.0,35511705.0,0.0,0.0,0.0029983183778144146,1.1494252873563144,4460449597.0
2023-11-02,2.61,2.6,2.63,2.6,12766700.0,33858078.0,-0.3831417624520994,-0.009999999999999787,0.0028622002608406564,1.1494252873563144,4460449597.0
2023-11-03,2.6,2.61,2.62,2.6,11422500.0,30305049.0,0.38461538461538325,0.009999999999999787,0.002560840505334377,0.7692307692307698,4460449597.0
2023-11-06,2.62,2.64,2.64,2.62,15851393.0,42323156.0,1.1494252873563315,0.03000000000000025,0.0035537657483365125,0.7662835249042153,4460449597.0
2023-11-07,2.64,2.63,2.64,2.62,11922853.0,31839637.0,-0.37878787878788955,-0.010000000000000231,0.0026730159686187346,0.7575757575757582,4460449597.0
2023-11-08,2.64,2.62,2.65,2.61,14883700.0,39757410.0,-0.3802281368821214,-0.009999999999999787,0.003336816093608691,1.5209125475285186,4460449597.0
2023-11-09,2.62,2.62,2.63,2.61,10087329.0,26849780.0,0.0,0.0,0.002261504985233891,0.7633587786259549,4460449597.0
2023-11-10,2.62,2.61,2.63,2.59,12745729.0,33703094.0,-0.3816793893129833,-0.010000000000000231,0.0028574987168496413,1.5267175572519098,4460449597.0
2023-11-13,2.61,2.64,2.64,2.6,17545117.0,46652602.0,1.1494252873563315,0.03000000000000025,0.003933486214439114,1.5325670498084305,4460449597.0
2023-11-14,2.64,2.64,2.65,2.62,12943529.0,34598270.0,0.0,0.0,0.0029018440223392574,1.136363636363629,4460449597.0
2023-11-15,2.65,2.64,2.66,2.63,14746092.0,39602410.0,0.0,0.0,0.003305965391900829,1.1363636363636458,4460449597.0
2023-11-16,2.64,2.62,2.65,2.62,12745507.0,34043166.0,-0.7575757575757569,-0.020000000000000018,0.002857448946082105,1.136363636363629,4460449597.0
2023-11-17,2.62,2.63,2.63,2.59,16873500.0,44736965.0,0.3816793893129722,0.009999999999999787,0.0037829146217342627,1.5267175572519098,4460449597.0
2023-11-20,2.62,2.63,2.64,2.6,13511100.0,35982563.0,0.0,0.0,0.003029089266940101,1.5209125475285186,4460449597.0
2023-11-21,2.63,2.63,2.66,2.63,14433300.0,38733644.0,0.0,0.0,0.0032358397255979575,1.1406844106463974,4460449597.0
2023-11-22,2.63,2.61,2.64,2.61,13385800.0,35649742.0,-0.760456273764254,-0.020000000000000018,0.0030009979283261027,1.1406844106463974,4460449597.0
2023-11-23,2.61,2.62,2.63,2.6,12672710.0,33703932.0,0.3831417624521105,0.010000000000000231,0.002841128393990459,1.1494252873563144,4460449597.0
2023-11-24,2.62,2.61,2.65,2.61,20165499.0,53808470.0,-0.3816793893129833,-0.010000000000000231,0.004520956590017937,1.5267175572519098,4460449597.0
2023-11-27,2.61,2.62,2.62,2.6,13453419.0,35628010.0,0.3831417624521105,0.010000000000000231,0.00301615761089386,0.7662835249042153,4460449597.0
2023-11-28,2.62,2.62,2.64,2.61,13132119.0,34952654.0,0.0,0.0,0.0029441245135540537,1.1450381679389408,4460449597.0
2023-11-29,2.62,2.61,2.63,2.61,11363481.0,30209307.0,-0.3816793893129833,-0.010000000000000231,0.0025476088795270383,0.7633587786259549,4460449597.0
2023-11-30,2.61,2.58,2.62,2.58,17362700.0,45764215.0,-1.1494252873563093,-0.029999999999999805,0.0038925896644315338,1.5325670498084305,4460449597.0
2023-12-01,2.57,2.6,2.61,2.56,18861269.0,49483270.0,0.7751937984496138,0.020000000000000018,0.004228557814594671,1.937984496124024,4460449597.0
2023-12-04,2.6,2.65,2.65,2.59,29919700.0,79899585.0,1.9230769230769162,0.04999999999999982,0.00504043838456987,2.3076923076923097,5935932099.0
2023-12-05,2.64,2.59,2.64,2.59,23112900.0,61372833.0,-2.264150943396226,-0.06000000000000005,0.0038937271543071942,1.8867924528301987,5935932099.0
2023-12-06,2.59,2.59,2.61,2.57,13895050.0,36577466.0,0.0,0.0,0.002340837086451989,1.5444015444015458,5935932099.0
2023-12-07,2.59,2.57,2.59,2.57,14392681.0,37700384.0,-0.7722007722007707,-0.020000000000000018,0.002424670761046049,0.7722007722007729,5935932099.0
2023-12-08,2.57,2.57,2.59,2.55,20345600.0,53123527.0,0.0,0.0,0.0034275324684774496,1.5564202334630364,5935932099.0
2023-12-11,2.56,2.58,2.59,2.52,21371895.0,55475137.0,0.3891050583657574,0.010000000000000231,0.0036004278087346095,2.723735408560305,5935932099.0
2023-12-12,2.59,2.6,2.6,2.58,13176400.0,34683840.0,0.7751937984496138,0.020000000000000018,0.0022197693269132525,0.7751937984496131,5935932099.0
2023-12-13,2.6,2.6,2.64,2.59,17461000.0,46387488.0,0.0,0.0,0.0029415767749333887,1.9230769230769333,5935932099.0
2023-12-14,2.61,2.63,2.64,2.6,19971000.0,53254068.0,1.1538461538461497,0.029999999999999805,0.003364425277601209,1.5384615384615397,5935932099.0
2023-12-15,2.63,2.61,2.64,2.6,15508900.0,41257186.0,-0.760456273764254,-0.020000000000000018,0.0026127151964242842,1.5209125475285186,5935932099.0
2023-12-18,2.62,2.59,2.62,2.59,12077600.0,31970047.0,-0.7662835249042099,-0.020000000000000018,0.002034659392757316,1.1494252873563313,5935932099.0
2023-12-19,2.6,2.57,2.6,2.56,14612400.0,38279139.0,-0.7722007722007707,-0.020000000000000018,0.0024616858407901406,1.5444015444015458,5935932099.0
2023-12-20,2.58,2.55,2.61,2.55,16240700.0,42553694.0,-0.7782101167315147,-0.020000000000000018,0.002735998277799707,2.3346303501945544,5935932099.0
2023-12-21,2.55,2.58,2.59,2.52,21380376.0,55391878.0,1.1764705882353121,0.03000000000000025,0.0036018565649701176,2.7450980392156805,5935932099.0
2023-12-22,2.58,2.68,2.79,2.58,77881829.0,212259574.0,3.875968992248069,0.10000000000000009,0.013120404293896893,8.139534883720929,5935932099.0
2023-12-25,2.67,2.63,2.68,2.61,34782971.0,92964521.0,-1.8656716417910557,-0.050000000000000266,0.005859731954457453,2.611940298507473,5935932099.0
2023-12-26,2.62,2.63,2.65,2.61,27229500.0,72816988.0,0.0,0.0,0.004587232391790201,1.5209125475285186,5935932099.0
2023-12-27,2.63,2.64,2.65,2.6,27207001.0,72510570.0,0.38022813688214363,0.010000000000000231,0.004583442085630232,1.9011406844106398,5935932099.0
2023-12-28,2.64,2.65,2.66,2.61,35874104.0,95921437.0,0.37878787878786735,0.009999999999999787,0.006043550263326555,1.893939393939404,5935932099.0
2023-12-29,2.65,2.63,2.66,2.63,22174632.0,59433895.0,-0.7547169811320753,-0.020000000000000018,0.0037356613300437956,1.1320754716981227,5935932099.0
2024-01-02,2.64,2.64,2.67,2.63,24758700.0,66617482.0,0.38022813688214363,0.010000000000000231,0.004170987738247711,1.5209125475285186,5935932099.0
2024-01-03,2.64,2.68,2.69,2.63,33877379.0,91543955.0,1.5151515151515138,0.040000000000000036,0.005707170910143526,2.2727272727272747,5935932099.0
2024-01-04,2.67,2.69,2.72,2.67,33977406.0,92860076.0,0.3731343283581934,0.009999999999999787,0.005724022012604225,1.8656716417910546,5935932099.0
2024-01-05,2.69,2.64,2.69,2.63,29201600.0,78935206.0,-1.8587360594795488,-0.04999999999999982,0.004919463281077535,2.2304832713754665,5935932099.0
2024-01-08,2.64,2.6,2.66,2.6,20956179.0,55910515.0,-1.5151515151515138,-0.040000000000000036,0.003463630531726373,2.2727272727272747,6050350581.0
2024-01-09,2.6,2.61,2.62,2.58,19347501.0,51051751.0,0.38461538461538325,0.009999999999999787,0.0031977487487679186,1.5384615384615397,6050350581.0
2024-01-10,2.6,2.58,2.62,2.57,19574030.0,51501617.0,-1.1494252873563093,-0.029999999999999805,0.0032351893891022776,1.9157088122605466,6050350581.0
2024-01-11,2.58,2.61,2.63,2.56,15790000.0,41579261.0,1.1627906976744207,0.029999999999999805,0.002609766126542412,2.713178294573637,6050350581.0
2024-01-12,2.6,2.61,2.64,2.6,15137900.0,40303918.0,0.0,0.0,0.0025019872480675346,1.5325670498084305,6050350581.0
2024-01-15,2.61,2.62,2.63,2.6,14359492.0,38092335.0,0.3831417624521105,0.010000000000000231,0.002373332223936463,1.1494252873563144,6050350581.0
2024-01-16,2.62,2.58,2.62,2.55,21390373.0,55984118.0,-1.526717557251911,-0.040000000000000036,0.00353539397653625,2.6717557251908506,6050350581.0
2024-01-17,2.57,2.53,2.58,2.52,16046925.0,41605472.0,-1.9379844961240456,-0.050000000000000266,0.002652230607990284,2.325581395348839,6050350581.0
2024-01-18,2.52,2.48,2.53,2.43,32186010.0,80886141.0,-1.9762845849802257,-0.04999999999999982,0.005319693391168798,3.9525691699604604,6050350581.0
2024-01-19,2.48,2.46,2.51,2.45,17299836.0,43573529.0,-0.8064516129032251,-0.020000000000000018,0.002859311335499618,2.419354838709662,6050350581.0
2024-01-22,2.46,2.38,2.47,2.35,30920400.0,75617042.0,-3.25203252032521,-0.08000000000000007,0.005110513777019758,4.878048780487809,6050350581.0
2024-01-23,2.37,2.4,2.41,2.32,21764500.0,52327585.0,0.8403361344537785,0.020000000000000018,0.003597229566886151,3.7815126050420296,6050350581.0
2024-01-24,2.4,2.52,2.52,2.4,39618666.0,98723848.0,5.000000000000004,0.1200000000000001,0.006548160386674955,5.000000000000004,6050350581.0
2024-01-25,2.51,2.64,2.66,2.51,55778893.0,147082614.0,4.761904761904767,0.1200000000000001,0.00921911751282037,5.952380952380967,6050350581.0
2024-01-26,2.64,2.68,2.68,2.63,52206114.0,140869298.0,1.5151515151515138,0.040000000000000036,0.00862860974766381,1.893939393939404,6050350581.0
2024-01-29,2.69,2.66,2.73,2.64,63084378.0,171764594.0,-0.7462686567164201,-0.020000000000000018,0.01042656572630762,3.358208955223875,6050350581.0
2024-01-30,2.65,2.59,2.67,2.57,49427346.0,132130553.0,-2.6315789473684292,-0.07000000000000028,0.00816933586546495,3.7593984962406046,6050350581.0
2024-01-31,2.59,2.51,2.6,2.5,40490105.0,104749930.0,-3.0888030888030937,-0.08000000000000007,0.0066921915445943975,3.8610038610038644,6050350581.0
2024-02-01,2.48,2.47,2.53,2.44,33460062.0,84380619.0,-1.5936254980079556,-0.03999999999999959,0.005530268296365354,3.585657370517923,6050350581.0
2024-02-02,2.47,2.41,2.5,2.34,41452656.0,102388060.0,-2.429149797570851,-0.06000000000000005,0.0068512816645988,6.477732793522273,6050350581.0
2024-02-05,2.4,2.29,2.4,2.22,61685392.0,144799986.0,-4.9792531120331995,-0.1200000000000001,0.010195341769733392,7.46887966804978,6050350581.0
2024-02-06,2.26,2.47,2.5,2.24,56012889.0,135060934.0,7.860262008733621,0.18000000000000016,0.00925779229651552,11.353711790393003,6050350581.0
2024-02-07,2.47,2.61,2.63,2.46,70983059.0,186362281.0,5.668016194331971,0.13999999999999968,0.01173205718407609,6.882591093117406,6050350581.0
2024-02-08,2.62,2.57,2.68,2.53,69752638.0,184176312.0,-1.532567049808431,-0.040000000000000036,0.011528693596540534,5.747126436781623,6050350581.0
2024-02-19,2.57,2.57,2.61,2.55,40550623.0,106230047.0,0.0,0.0,0.006702193940189463,2.3346303501945544,6050350581.0
2024-02-20,2.57,2.59,2.59,2.54,28218255.0,73412187.0,0.7782101167315147,0.020000000000000018,0.004663904119641294,1.9455252918287869,6050350581.0
2024-02-21,2.58,2.62,2.66,2.56,44052801.0,117185369.0,1.1583011583011782,0.03000000000000025,0.007281032794750708,3.8610038610038644,6050350581.0
2024-02-22,2.6,2.61,2.63,2.58,30124600.0,79496194.0,-0.3816793893129833,-0.010000000000000231,0.00497898420871688,1.9083969465648787,6050350581.0
2024-02-23,2.61,2.63,2.63,2.58,36173283.0,95734432.0,0.766283524904221,0.020000000000000018,0.005978708591465007,1.9157088122605297,6050350581.0
2024-02-26,2.68,2.68,2.73,2.66,62808399.0,172127364.0,1.9011406844106515,0.050000000000000266,0.010380952005861956,2.661596958174899,6050350581.0
2024-02-27,2.7,2.71,2.73,2.68,44471806.0,121979692.0,1.1194029850746245,0.029999999999999805,0.007350285806520936,1.865671641791038,6050350581.0
2024-02-28,2.72,2.61,2.72,2.61,60283220.0,163481430.0,-3.690036900369009,-0.10000000000000009,0.009963591232102853,4.059040590405916,6050350581.0
2024-02-29,2.6,2.67,2.67,2.59,38410301.0,102799124.0,2.298850574712641,0.06000000000000005,0.006348442207732623,3.065134099616861,6050350581.0
2024-03-01,2.67,2.67,2.68,2.65,24772265.0,66927609.0,0.0,0.0,0.004094351999666381,1.123595505617987,6050350581.0
2024-03-04,2.66,2.63,2.68,2.62,25354813.0,67950777.0,-1.4981273408239737,-0.040000000000000036,0.00419063534592889,2.247191011235957,6050350581.0
2024-03-05,2.63,2.6,2.63,2.59,25123286.0,66550463.0,-1.1406844106463754,-0.029999999999999805,0.0041523686377604304,1.5209125475285186,6050350581.0
2024-03-06,2.6,2.6,2.61,2.58,22403915.0,59015709.0,0.0,0.0,0.003702911872636823,1.1538461538461462,6050350581.0
2024-03-07,2.6,2.62,2.67,2.59,32352936.0,86398315.0,0.7692307692307665,0.020000000000000018,0.0053472828668140945,3.0769230769230793,6050350581.0
2024-03-08,2.62,2.6,2.63,2.57,27346840.0,72019565.0,-0.7633587786259555,-0.020000000000000018,0.004519876928434141,2.2900763358778646,6050350581.0
2024-03-11,2.61,2.64,2.64,2.6,24464180.0,65204379.0,1.538461538461533,0.040000000000000036,0.004043431809856639,1.5384615384615397,6050350581.0
2024-03-12,2.63,2.62,2.64,2.61,17946800.0,47782350.0,-0.7575757575757569,-0.020000000000000018,0.0029662413375447345,1.1363636363636458,6050350581.0
2024-03-13,2.62,2.61,2.64,2.6,25019600.0,66501296.0,-0.3816793893129833,-0.010000000000000231,0.0041352314489956,1.5267175572519098,6050350581.0
2024-03-14,2.61,2.59,2.63,2.58,26784415.0,70797917.0,-0.7662835249042099,-0.020000000000000018,0.004426919505145945,1.9157088122605297,6050350581.0
2024-03-15,2.59,2.6,2.6,2.55,22052420.0,57694682.0,0.38610038610038533,0.010000000000000231,0.0036448168919750736,1.9305019305019409,6050350581.0
2024-03-18,2.6,2.64,2.64,2.6,26298914.0,70077858.0,1.538461538461533,0.040000000000000036,0.004346676055861432,1.5384615384615397,6050350581.0
2024-03-19,2.64,2.6,2.64,2.59,26244500.0,69642573.0,-1.5151515151515138,-0.040000000000000036,0.0043376825274251,1.893939393939404,6050350581.0
2024-03-20,2.6,2.62,2.62,2.58,20421000.0,53872878.0,0.7692307692307665,0.020000000000000018,0.0033751763185638117,1.5384615384615397,6050350581.0
2024-03-21,2.62,2.59,2.62,2.59,17549074.0,46349474.0,-1.1450381679389388,-0.03000000000000025,0.0029005053120573876,1.1450381679389408,6050350581.0
2024-03-22,2.59,2.56,2.59,2.54,30124209.0,78313180.0,-1.158301158301156,-0.029999999999999805,0.0049789195843625116,1.930501930501924,6050350581.0
2024-03-25,2.55,2.52,2.57,2.52,20383835.0,52677684.0,-1.5625,-0.040000000000000036,0.0033690336993052335,1.9531249999999931,6050350581.0
2024-03-26,2.52,2.52,2.53,2.49,21287221.0,54290033.0,0.0,0.0,0.0035183450471198406,1.587301587301571,6050350581.0
2024-03-27,2.52,2.47,2.53,2.46,21783000.0,55230438.0,-1.984126984126977,-0.04999999999999982,0.0036002872409419476,2.7777777777777715,6050350581.0
2024-03-28,2.47,2.51,2.53,2.46,23603200.0,60014168.0,1.6194331983805599,0.03999999999999959,0.003901129312096634,2.8340080971659853,6050350581.0
2024-03-29,2.51,2.55,2.55,2.5,19099132.0,49160712.0,1.5936254980079667,0.040000000000000036,0.0031566984002509325,1.9920318725099533,6050350581.0
2024-04-01,2.55,2.55,2.56,2.52,26542400.0,68425065.0,0.0,0.0,0.004386919343707366,1.5686274509803935,6050350581.0
2024-04-02,2.55,2.57,2.57,2.54,23903388.0,62127788.0,0.7843137254901933,0.020000000000000018,0.003950744288283747,1.1764705882352864,6050350581.0
2024-04-03,2.56,2.57,2.57,2.54,18250208.0,47410870.0,0.0,0.0,0.0030163885142972346,1.1673151750972686,6050350581.0
2024-04-08,2.57,2.55,2.6,2.54,29920333.0,78082126.0,-0.7782101167315147,-0.020000000000000018,0.004945223024589556,2.3346303501945544,6050350581.0
2024-04-09,2.55,2.54,2.56,2.52,21556500.0,55561724.0,-0.39215686274508554,-0.009999999999999787,0.003562851393718271,1.5686274509803935,6050350581.0
2024-04-10,2.54,2.52,2.55,2.5,22509045.0,57664574.0,-0.7874015748031482,-0.020000000000000018,0.0037202877252576847,1.968503937007867,6050350581.0
2024-04-11,2.51,2.55,2.57,2.49,25313208.0,65266179.0,1.1904761904761862,0.029999999999999805,0.0041837588848969215,3.1746031746031598,6050350581.0
2024-04-12,2.54,2.52,2.56,2.52,17137500.0,44262312.0,-1.17647058823529,-0.029999999999999805,0.0028324804935795176,1.5686274509803935,6050350581.0
2024-04-15,2.52,2.59,2.62,2.47,50249626.0,130952626.0,2.777777777777768,0.06999999999999984,0.008305242039659586,5.952380952380949,6050350581.0
2024-04-16,2.58,2.52,2.7,2.52,84127035.0,222672000.0,-2.7027027027026973,-0.06999999999999984,0.013904489314087897,6.949806949806956,6050350581.0
2024-04-17,2.5,2.61,2.61,2.49,58624697.0,153059212.0,3.5714285714285587,0.08999999999999986,0.00968947108356001,4.7619047619047485,6050350581.0
2024-04-18,2.6,2.58,2.61,2.57,36272371.0,95393930.0,-1.1494252873563093,-0.029999999999999805,0.005995085824267213,1.5325670498084305,6050350581.0
2024-04-19,2.56,2.59,2.63,2.56,46448295.0,122685761.0,0.3875968992248069,0.009999999999999787,0.007676959273378674,2.713178294573637,6050350581.0
2024-04-22,2.59,2.55,2.61,2.54,39446200.0,103055859.0,-1.5444015444015413,-0.040000000000000036,0.006519655261609707,2.7027027027026964,6050350581.0
2024-04-23,2.55,2.51,2.57,2.51,27182640.0,69878500.0,-1.5686274509803977,-0.040000000000000036,0.0044927380051929585,2.3529411764705905,6050350581.0
2024-04-24,2.51,2.54,2.54,2.5,18336818.0,46956031.0,1.195219123505975,0.03000000000000025,0.0030307033872687254,1.5936254980079698,6050350581.0
2024-04-25,2.53,2.53,2.56,2.52,21924700.0,56509952.0,-0.3937007874015852,-0.010000000000000231,0.003623707371412566,1.5748031496063006,6050350581.0
2024-04-26,2.53,2.56,2.57,2.52,27678002.0,71607389.0,1.1857707509881577,0.03000000000000025,0.004574611277389051,1.9762845849802302,6050350581.0
2024-04-29,2.56,2.61,2.61,2.55,35075442.0,92271102.0,1.953125,0.04999999999999982,0.0057972577837304,2.343750000000002,6050350581.0
2024-04-30,2.6,2.6,2.63,2.59,28338795.0,75008126.0,-0.3831417624520994,-0.009999999999999787,0.004683826932110796,1.5325670498084305,6050350581.0
2024-05-06,2.62,2.66,2.68,2.62,44859218.0,121021673.0,2.3076923076922995,0.06000000000000005,0.007414317137402256,2.3076923076923097,6050350581.0
2024-05-07,2.66,2.64,2.67,2.62,25127900.0,67282310.0,-0.7518796992481258,-0.020000000000000018,0.0041531312381979145,1.879699248120294,6050350581.0
2024-05-08,2.63,2.6,2.64,2.59,23141600.0,61506978.0,-1.5151515151515138,-0.040000000000000036,0.0038248362124125314,1.893939393939404,6050350581.0
2024-05-09,2.6,2.64,2.65,2.59,28618200.0,76497797.0,1.538461538461533,0.040000000000000036,0.004730006900735658,2.3076923076923097,6050350581.0
2024-05-10,2.64,2.63,2.66,2.61,28716000.0,76704627.0,-0.37878787878788955,-0.010000000000000231,0.00474617125331171,1.893939393939404,6050350581.0
2024-05-13,2.63,2.62,2.64,2.59,23175801.0,61589755.0,-0.3802281368821214,-0.009999999999999787,0.0038304889427034673,1.9011406844106566,6050350581.0
2024-05-14,2.62,2.64,2.66,2.62,33195699.0,89101730.0,0.7633587786259444,0.020000000000000018,0.005486574464667372,1.5267175572519098,6050350581.0
2024-05-15,2.64,2.6,2.65,2.6,20793200.0,55411681.0,-1.5151515151515138,-0.040000000000000036,0.0034366934149728736,1.8939393939393872,6050350581.0
2024-05-16,2.6,2.6,2.63,2.59,21957300.0,58184909.0,0.0,0.0,0.0036290954889379163,1.5384615384615397,6050350581.0
2024-05-17,2.6,2.63,2.63,2.6,21512601.0,57215399.0,1.1538461538461497,0.029999999999999805,0.0035555957811033824,1.1538461538461462,6050350581.0
2024-05-20,2.64,2.64,2.65,2.62,22890676.0,61282974.0,0.38022813688214363,0.010000000000000231,0.003783363574316488,1.1406844106463805,6050350581.0
2024-05-21,2.63,2.63,2.64,2.61,17515613.0,46626157.0,-0.37878787878788955,-0.010000000000000231,0.0028949748887286833,1.1363636363636458,6050350581.0
2024-05-22,2.62,2.62,2.63,2.6,21659400.0,57564688.0,-0.3802281368821214,-0.009999999999999787,0.00357985867265565,1.1406844106463805,6050350581.0
2024-05-23,2.61,2.56,2.62,2.55,33849443.0,88639663.0,-2.2900763358778664,-0.06000000000000005,0.005594625062934018,2.6717557251908506,6050350581.0
2024-05-24,2.54,2.54,2.59,2.54,21940200.0,57123559.0,-0.78125,-0.020000000000000018,0.0036262692064322876,1.9531249999999931,6050350581.0
2024-05-27,2.55,2.58,2.58,2.54,22893910.0,59580570.0,1.5748031496062964,0.040000000000000036,0.003783898088797377,1.5748031496063006,6050350581.0
2024-05-28,2.58,2.55,2.58,2.55,14279496.0,37124787.0,-1.1627906976744318,-0.03000000000000025,0.0023601105107598393,1.1627906976744282,6050350581.0
2024-05-29,2.56,2.53,2.57,2.52,16141800.0,41735384.0,-0.7843137254901933,-0.020000000000000018,0.0026679115175061623,1.9607843137254832,6050350581.0
2024-05-30,2.53,2.52,2.56,2.51,21505084.0,55364806.0,-0.39525691699603405,-0.009999999999999787,0.003554353373758657,1.976284584980248,6050350581.0
2024-05-31,2.51,2.52,2.54,2.51,12757977.0,32746160.0,0.0,0.0,0.0021086343393164775,1.1904761904762002,6050350581.0
2024-06-03,2.53,2.48,2.53,2.44,35116155.0,88664609.0,-1.5873015873015928,-0.040000000000000036,0.005803986815288977,3.571428571428566,6050350581.0
2024-06-04,2.46,2.51,2.51,2.45,16949700.0,42839325.0,1.2096774193548265,0.029999999999999805,0.0028014409699212107,2.419354838709662,6050350581.0
2024-06-05,2.5,2.47,2.51,2.46,14132600.0,35704790.0,-1.5936254980079556,-0.03999999999999959,0.002335831587078739,1.9920318725099533,6050350581.0
2024-06-06,2.48,2.44,2.48,2.41,27824200.0,68931850.0,-1.2145748987854366,-0.03000000000000025,0.004598774835854425,2.8340080971659853,6050350581.0
2024-06-07,2.44,2.46,2.48,2.43,19546260.0,48703596.0,0.8196721311475308,0.020000000000000018,0.0032305995724250082,2.049180327868845,6050350581.0
2024-06-11,2.46,2.44,2.46,2.42,15461500.0,38378702.0,-0.8130081300813052,-0.020000000000000018,0.0025554717520921786,1.6260162601626031,6050350581.0
2024-06-12,2.45,2.46,2.48,2.43,16158800.0,40385320.0,0.8196721311475308,0.020000000000000018,0.0026707212720439217,2.049180327868845,6050350581.0
2024-06-13,2.47,2.42,2.48,2.41,21097900.0,52146521.0,-1.6260162601625994,-0.040000000000000036,0.0034870541330702435,2.8455284552845463,6050350581.0
2024-06-14,2.42,2.42,2.45,2.4,23950074.0,59084537.0,0.0,0.0,0.003958460535363149,2.06611570247935,6050350581.0
2024-06-17,2.42,2.42,2.46,2.41,18234900.0,45060711.0,0.0,0.0,0.0030138584129758214,2.0661157024793315,6050350581.0
2024-06-18,2.43,2.46,2.47,2.42,15152617.0,37738721.0,1.6528925619834656,0.040000000000000036,0.002504419669098841,2.06611570247935,6050350581.0
2024-06-19,2.47,2.44,2.48,2.43,17704501.0,44087508.0,-0.8130081300813052,-0.020000000000000018,0.002926194236677407,2.0325203252032447,6050350581.0
2024-06-20,2.44,2.39,2.45,2.38,25479400.0,62253077.0,-2.049180327868849,-0.04999999999999982,0.004211227045258057,2.8688524590164053,6050350581.0
2024-06-21,2.38,2.38,2.4,2.37,13853100.0,33473457.0,-0.4184100418410108,-0.010000000000000231,0.0022896359168844004,1.2552301255230043,6050350581.0
2024-06-24,2.36,2.29,2.36,2.29,24195450.0,56724036.0,-3.7815126050420145,-0.08999999999999986,0.003999016201801811,2.941176470588229,6050350581.0
2024-06-25,2.29,2.32,2.36,2.28,25193500.0,59289022.0,1.3100436681222627,0.029999999999999805,0.004163973585120092,3.493449781659392,6050350581.0
2024-06-26,2.32,2.37,2.38,2.31,19917801.0,47200546.0,2.155172413793105,0.050000000000000266,0.003292007749525812,3.017241379310338,6050350581.0
2024-06-27,2.36,2.32,2.37,2.32,16172107.0,38348235.0,-2.1097046413502185,-0.050000000000000266,0.0026729206487282726,2.109704641350222,6050350581.0
2024-06-28,2.31,2.35,2.38,2.31,19851700.0,47301910.0,1.2931034482758674,0.03000000000000025,0.0032810825974846102,3.017241379310338,6050350581.0
2024-07-01,2.35,2.38,2.39,2.32,19638000.0,46862695.0,1.2765957446808418,0.029999999999999805,0.0032457623301481876,2.978723404255331,6050350581.0
2024-07-02,2.37,2.37,2.4,2.36,14508692.0,34959854.0,-0.42016806722687816,-0.009999999999999787,0.0023979919519972687,1.6806722689075646,6050350581.0
2024-07-03,2.38,2.38,2.41,2.37,19382200.0,46878390.0,0.42194092827003704,0.009999999999999787,0.003203483788338843,1.6877637130801704,6050350581.0
2024-07-04,2.37,2.32,2.39,2.3,20702500.0,48952217.0,-2.5210084033613467,-0.06000000000000005,0.003421702548115534,3.7815126050420296,6050350581.0
2024-07-05,2.32,2.34,2.35,2.29,17286597.0,40718261.0,0.8620689655172376,0.020000000000000018,0.002857123197833418,2.5862068965517264,6050350581.0
2024-07-08,2.33,2.26,2.34,2.25,22293676.0,51501283.0,-3.4188034188034178,-0.08000000000000007,0.0036846916061375255,3.84615384615384,6050350581.0
2024-07-09,2.26,2.31,2.32,2.24,23550600.0,54389168.0,2.212389380530988,0.050000000000000266,0.003892435600997449,3.5398230088495417,6050350581.0
2024-07-10,2.3,2.3,2.33,2.29,14277050.0,33378756.0,-0.43290043290044045,-0.010000000000000231,0.002359706236665759,1.731601731601733,6050350581.0
2024-07-11,2.32,2.35,2.37,2.32,18624226.0,44366290.0,2.1739130434782705,0.050000000000000266,0.003078206089162158,2.1739130434782727,6050350581.0
2024-07-12,2.36,2.35,2.37,2.34,8576600.0,20445516.0,0.0,0.0,0.0014175376922674887,1.2765957446808616,6050350581.0
2024-07-15,2.35,2.34,2.36,2.32,14702900.0,34841525.0,-0.42553191489362874,-0.010000000000000231,0.0024300905878366324,1.7021276595744694,6050350581.0
2024-07-16,2.34,2.34,2.35,2.32,12809200.0,30269997.0,0.0,0.0,0.0021171004602981037,1.2820512820512928,6050350581.0
2024-07-17,2.34,2.34,2.36,2.32,16949600.0,40207405.0,0.0,0.0,0.0028014244419533414,1.7094017094017109,6050350581.0
2024-07-18,2.33,2.36,2.37,2.29,26164900.0,61996939.0,0.8547008547008517,0.020000000000000018,0.004324526265001238,3.4188034188034218,6050350581.0
2024-07-19,2.36,2.4,2.42,2.33,31168100.0,75188145.0,1.6949152542372836,0.040000000000000036,0.0051514535534317,3.813559322033892,6050350581.0
2024-07-22,2.4,2.37,2.4,2.35,25163092.0,60676476.0,-1.2499999999999956,-0.029999999999999805,0.004158947760650434,2.083333333333326,6050350581.0
2024-07-23,2.37,2.37,2.4,2.36,26476400.0,64131033.0,0.0,0.0,0.004376010884913711,1.6877637130801704,6050350581.0
2024-07-24,2.38,2.36,2.4,2.35,20905310.0,50205704.0,-0.42194092827004814,-0.010000000000000231,0.0034552229197510036,2.1097046413502034,6050350581.0
2024-07-25,2.37,2.39,2.4,2.35,17126700.0,41322764.0,1.271186440677985,0.03000000000000025,0.0028306954730496466,2.1186440677966027,6050350581.0
2024-07-26,2.39,2.4,2.41,2.38,15859110.0,38597063.0,0.4184100418409997,0.009999999999999787,0.002621188605136797,1.255230125523023,6050350581.0
2024-07-29,2.4,2.42,2.43,2.4,20313000.0,49830948.0,0.8333333333333304,0.020000000000000018,0.003357326113265105,1.2500000000000104,6050350581.0
2024-07-30,2.42,2.42,2.43,2.4,18090903.0,44327054.0,0.0,0.0,0.0029900586350832484,1.2396694214876136,6050350581.0
2024-07-31,2.42,2.49,2.49,2.42,32136601.0,80610429.0,2.892561983471076,0.07000000000000028,0.0053115270875243184,2.892561983471086,6050350581.0
2024-08-01,2.51,2.49,2.52,2.48,24026296.0,60964552.0,0.0,0.0,0.00397105848303239,1.6064257028112463,6050350581.0
2024-08-02,2.5,2.5,2.52,2.47,27775700.0,70345734.0,0.40160642570279403,0.009999999999999787,0.004590758771437876,2.0080321285140488,6050350581.0
2024-08-05,2.49,2.45,2.51,2.44,26354100.0,66008372.0,-1.9999999999999907,-0.04999999999999982,0.004355797180209713,2.7999999999999936,6050350581.0
2024-08-06,2.46,2.45,2.47,2.42,20170300.0,49946268.0,0.0,0.0,0.003333740703115795,2.040816326530623,6050350581.0
2024-08-07,2.44,2.43,2.45,2.42,14985100.0,36923164.0,-0.8163265306122436,-0.020000000000000018,0.0024767325131634385,1.2244897959183774,6050350581.0
2024-08-08,2.42,2.45,2.47,2.41,18749100.0,46361567.0,0.8230452674897082,0.020000000000000018,0.003098845223759109,2.469135802469138,6050350581.0
2024-08-09,2.46,2.44,2.49,2.44,16914602.0,42100109.0,-0.40816326530612734,-0.010000000000000231,0.0027956399837584882,2.040816326530623,6050350581.0
2024-08-12,2.43,2.44,2.45,2.42,12686101.0,31282007.0,0.0,0.0,0.0020967546971308306,1.2295081967213217,6050350581.0
2024-08-13,2.44,2.45,2.47,2.43,14075200.0,34864955.0,0.4098360655737876,0.010000000000000231,0.0023263445335218336,1.6393442622950833,6050350581.0
2024-08-14,2.44,2.44,2.46,2.42,16300392.0,40286030.0,-0.40816326530612734,-0.010000000000000231,0.002694123552309241,1.632653061224491,6050350581.0
2024-08-15,2.43,2.47,2.5,2.41,23345301.0,58191335.0,1.2295081967213184,0.03000000000000025,0.0038585038482417157,3.688524590163929,6050350581.0
2024-08-16,2.47,2.42,2.49,2.42,15772700.0,39179406.0,-2.0242914979757165,-0.050000000000000266,0.002606906788101045,2.834008097166003,6050350581.0
2024-08-19,2.42,2.46,2.47,2.41,16235900.0,40256226.0,1.6528925619834656,0.040000000000000036,0.002683464335271054,2.4793388429752086,6050350581.0
2024-08-20,2.47,2.44,2.47,2.4,22910701.0,56403430.0,-0.8130081300813052,-0.020000000000000018,0.00378667329988229,2.8455284552845646,6050350581.0
2024-08-21,2.43,2.43,2.46,2.42,12507100.0,30855683.0,-0.4098360655737654,-0.009999999999999787,0.0020671694693653324,1.6393442622950833,6050350581.0
2024-08-22,2.43,2.43,2.45,2.41,12525700.0,30838900.0,0.0,0.0,0.0020702436713889985,1.646090534979425,6050350581.0
2024-08-23,2.43,2.39,2.43,2.37,20172901.0,49017895.0,-1.6460905349794275,-0.040000000000000036,0.003334170595560072,2.469135802469138,6050350581.0
2024-08-26,2.39,2.43,2.44,2.39,16794300.0,41217916.0,1.673640167364021,0.040000000000000036,0.002775756507852516,2.0920502092050137,6050350581.0
2024-08-27,2.43,2.4,2.43,2.38,14635200.0,35481374.0,-1.2345679012345734,-0.03000000000000025,0.0024189011535892023,2.0576131687242905,6050350581.0
2024-08-28,2.38,2.35,2.38,2.3,24345500.0,57508187.0,-2.083333333333326,-0.04999999999999982,0.004023816417589505,3.3333333333333366,6050350581.0
2024-08-29,2.34,2.37,2.39,2.33,15990401.0,38254642.0,0.8510638297872353,0.020000000000000018,0.002642888339431913,2.5531914893617045,6050350581.0
2024-08-30,2.36,2.39,2.43,2.36,22477701.0,54511782.0,0.8438818565400741,0.020000000000000018,0.003715107199008771,2.9535864978903072,6050350581.0
2024-09-02,2.39,2.34,2.4,2.34,16503900.0,39391665.0,-2.092050209205032,-0.050000000000000266,0.0027277592891604375,2.510460251046027,6050350581.0
2024-09-03,2.34,2.33,2.36,2.32,15350001.0,36123973.0,-0.42735042735041473,-0.009999999999999787,0.0025370432331977295,1.7094017094017109,6050350581.0
2024-09-04,2.31,2.32,2.35,2.29,15809400.0,36997872.0,-0.42918454935623185,-0.010000000000000231,0.0026129725523090313,2.5751072961373414,6050350581.0
2024-09-05,2.32,2.33,2.35,2.31,12462201.0,29302829.0,0.4310344827586299,0.010000000000000231,0.0020597485770717525,1.7241379310344844,6050350581.0
2024-09-06,2.33,2.29,2.34,2.29,16858001.0,39343241.0,-1.716738197424894,-0.040000000000000036,0.002786284988664858,2.145922746781108,6050350581.0
2024-09-09,2.29,2.29,2.31,2.28,13310301.0,30794718.0,0.0,0.0,0.002199922272570208,1.3100436681222816,6050350581.0
2024-09-10,2.29,2.28,2.31,2.25,18616733.0,42672415.0,-0.4366812227074357,-0.010000000000000231,0.0030769676485297207,2.6200873362445436,6050350581.0
2024-09-11,2.27,2.25,2.28,2.23,21056700.0,47883157.0,-1.3157894736842035,-0.029999999999999805,0.0034802446103081443,2.192982456140343,6050350581.0
2024-09-12,2.25,2.27,2.29,2.25,13955300.0,31998404.0,0.8888888888888946,0.020000000000000018,0.002306527500046695,1.7777777777777795,6050350581.0
2024-09-13,2.27,2.28,2.31,2.25,16341401.0,37661301.0,0.4405286343612147,0.009999999999999787,0.00270090150665271,2.643171806167403,6050350581.0
2024-09-18,2.29,2.27,2.3,2.23,14407000.0,32806804.0,-0.43859649122806044,-0.009999999999999787,0.0023811843309117496,3.0701754385964843,6050350581.0
2024-09-19,2.27,2.32,2.34,2.25,20468400.0,47558632.0,2.2026431718061623,0.04999999999999982,0.0033830105753338,3.9647577092510953,6050350581.0
2024-09-20,2.32,2.3,2.32,2.28,16626500.0,38546718.0,-0.8620689655172376,-0.020000000000000018,0.0027480225777680436,1.7241379310344844,6050350581.0
2024-09-23,2.3,2.3,2.32,2.29,10637800.0,24692844.0,0.0,0.0,0.001758212165986882,1.304347826086948,6050350581.0
2024-09-24,2.31,2.4,2.4,2.31,38838910.0,92688138.0,4.347826086956519,0.10000000000000009,0.006419282565537007,3.913043478260864,6050350581.0
2024-09-25,2.42,2.42,2.49,2.42,31363131.0,77911312.0,0.8333333333333304,0.020000000000000018,0.005183688214446627,2.9166666666666785,6050350581.0
2024-09-26,2.42,2.51,2.52,2.41,42504610.0,106521447.0,3.7190082644628086,0.08999999999999986,0.007025148283717281,4.5454545454545405,6050350581.0
2024-09-27,2.56,2.58,2.6,2.53,53370505.0,138244994.0,2.788844621513964,0.07000000000000028,0.008821059918015352,2.7888446215139555,6050350581.0
2024-09-30,2.62,2.75,2.79,2.62,111982974.0,307321009.0,6.589147286821695,0.16999999999999993,0.01850850996166432,6.589147286821702,6050350581.0
2024-10-08,3.02,2.83,3.03,2.73,138279628.0,399968154.0,2.9090909090909056,0.08000000000000007,0.022854812485451906,10.909090909090903,6050350581.0
2024-10-09,2.79,2.61,2.79,2.59,84965174.0,230424293.0,-7.773851590106018,-0.2200000000000002,0.014043016658706905,7.067137809187285,6050350581.0
2024-10-10,2.64,2.7,2.79,2.56,101914376.0,277287694.0,3.4482758620689724,0.0900000000000003,0.016844375319348126,8.812260536398467,6050350581.0
2024-10-11,2.66,2.58,2.69,2.56,63710100.0,169068860.0,-4.444444444444451,-0.1200000000000001,0.010529984857417967,4.81481481481481,6050350581.0
2024-10-14,2.59,2.64,2.65,2.57,51909623.0,137054698.0,2.3255813953488413,0.06000000000000005,0.008579605810448821,3.1007751937984525,6050350581.0
2024-10-15,2.63,2.57,2.68,2.57,49943200.0,132474906.0,-2.6515151515151603,-0.07000000000000028,0.008254596048836793,4.1666666666666785,6050350581.0
2024-10-16,2.55,2.6,2.62,2.54,38785300.0,101593616.0,1.1673151750972943,0.03000000000000025,0.006410421921962344,3.1128404669260727,6050350581.0
2024-10-17,2.61,2.54,2.62,2.54,39585401.0,103130981.0,-2.3076923076923106,-0.06000000000000005,0.0065426623581632745,3.0769230769230793,6050350581.0
2024-10-18,2.54,2.63,2.67,2.52,64650547.0,169878916.0,3.543307086614167,0.08999999999999986,0.010685421635404568,5.905511811023619,6050350581.0
2024-10-21,2.63,2.62,2.67,2.61,53814421.0,143200442.0,-0.3802281368821214,-0.009999999999999787,0.008894430211861471,2.281368821292778,6050350581.0
2024-10-22,2.61,2.65,2.66,2.6,46564296.0,123616285.0,1.1450381679389166,0.029999999999999805,0.007696131881386594,2.2900763358778646,6050350581.0
2024-10-23,2.63,2.69,2.7,2.63,52140900.0,141003092.0,1.5094339622641506,0.040000000000000036,0.008617831198697608,2.641509433962275,6050350581.0
2024-10-24,2.68,2.65,2.68,2.62,32828300.0,87757712.0,-1.486988847583648,-0.040000000000000036,0.005425850875995709,2.2304832713754665,6050350581.0
2024-10-25,2.65,2.7,2.7,2.64,37185950.0,100814048.0,1.8867924528301883,0.050000000000000266,0.006146081867846725,2.264150943396228,6050350581.0
2024-10-28,2.7,2.78,2.81,2.67,81666041.0,226857641.0,2.962962962962945,0.07999999999999963,0.013497737016505622,5.18518518518519,6050350581.0
2024-10-29,2.79,2.69,2.8,2.68,60149302.0,165390586.0,-3.237410071942437,-0.08999999999999986,0.009941457308091813,4.316546762589916,6050350581.0
2024-10-30,2.69,2.72,2.77,2.68,52268934.0,143772687.0,1.115241635687747,0.03000000000000025,0.008638992617079224,3.345724907063192,6050350581.0
2024-10-31,2.72,2.77,2.78,2.71,60876000.0,169484929.0,1.8382352941176405,0.04999999999999982,0.010061565720037736,2.5735294117647,6050350581.0
2024-11-01,2.77,2.73,2.78,2.71,55957600.0,155253970.0,-1.4440433212996373,-0.040000000000000036,0.009248654148360333,2.5270758122743624,6050350581.0
2024-11-04,2.73,2.77,2.78,2.72,38812875.0,108042252.0,1.46520146520146,0.040000000000000036,0.006414979509102268,2.1978021978021833,6050350581.0
2024-11-05,2.77,2.86,2.86,2.76,70057570.0,200361419.0,3.2490974729241895,0.08999999999999986,0.01157909265952336,3.610108303249101,6050350581.0
2024-11-06,2.86,2.83,2.87,2.8,59224550.0,169435811.0,-1.0489510489510412,-0.029999999999999805,0.009788614594662279,2.4475524475524577,6050350581.0
2024-11-07,2.82,2.91,2.92,2.81,77198901.0,224963170.0,2.8268551236749095,0.08000000000000007,0.01275940955263465,3.886925795052999,6050350581.0
2024-11-08,2.93,2.86,2.96,2.85,74091366.0,216722991.0,-1.718213058419249,-0.050000000000000266,0.012245797166311346,3.780068728522332,6050350581.0
2024-11-11,2.85,2.85,2.88,2.82,57152900.0,164207758.0,-0.34965034965034336,-0.009999999999999787,0.009446212948300557,2.0979020979020997,6050350581.0
2024-11-12,2.85,2.8,2.86,2.76,65402001.0,186046295.0,-1.7543859649122862,-0.050000000000000266,0.010809621711076184,3.5087719298245648,6050350581.0
2024-11-13,2.79,2.83,2.85,2.78,59716001.0,170246865.0,1.0714285714285898,0.03000000000000025,0.009869841458035008,2.50000000000001,6050350581.0
2024-11-14,2.82,2.74,2.83,2.73,58115100.0,162373682.0,-3.180212014134276,-0.08999999999999986,0.00960524505513774,3.5335689045936425,6050350581.0
2024-11-15,2.73,2.74,2.79,2.72,54456400.0,151554081.0,0.0,0.0,0.009000536294708308,2.5547445255474392,6050350581.0
2024-11-18,2.76,2.79,2.87,2.76,104695251.0,298354602.0,1.8248175182481674,0.04999999999999982,0.01730399744582999,4.014598540145997,6050350581.0
2024-11-19,2.77,2.81,2.84,2.74,82125462.0,231337979.0,0.7168458781362075,0.020000000000000018,0.013573669971769856,3.584229390680991,6050350581.0
2024-11-20,2.78,2.83,2.84,2.77,68975600.0,196034436.0,0.7117437722419906,0.020000000000000018,0.01140026500556927,2.4911032028469693,6050350581.0
2024-11-21,2.82,2.8,2.85,2.77,45001454.0,127553967.0,-1.0600706713780994,-0.03000000000000025,0.007437825857780653,2.826855123674914,6050350581.0
2024-11-22,2.79,2.76,2.88,2.75,104635654.0,298754940.0,-1.4285714285714346,-0.040000000000000036,0.017294147272819,4.64285714285714,6050350581.0
2024-11-25,2.75,2.77,2.79,2.69,56053500.0,155466685.0,0.36231884057971175,0.010000000000000231,0.00926450446954687,3.623188405797105,6050350581.0
2024-11-26,2.76,2.78,2.83,2.75,53532154.0,150956082.0,0.3610108303248927,0.009999999999999787,0.008847777212796192,2.8880866425992804,6050350581.0
2024-11-27,2.78,2.83,2.83,2.7,65013000.0,181991774.0,1.7985611510791477,0.050000000000000266,0.010745327750785422,4.676258992805752,6050350581.0
2024-11-28,2.86,2.88,2.95,2.84,117493500.0,342507123.0,1.7667844522968101,0.04999999999999982,0.01941928792836674,3.8869257950530143,6050350581.0
2024-11-29,2.86,2.85,2.91,2.81,85849658.0,247163390.0,-1.041666666666663,-0.029999999999999805,0.01418920389003488,3.472222222222225,6050350581.0
2024-12-02,2.86,2.9,2.92,2.86,89959101.0,262820840.0,1.754385964912264,0.04999999999999982,0.014868411308676858,2.1052631578947385,6050350581.0
2024-12-03,2.9,2.91,2.94,2.87,90647916.0,265714033.0,0.34482758620690834,0.010000000000000231,0.014982258430554903,2.4137931034482705,6050350581.0
2024-12-04,2.91,2.85,2.91,2.84,67694328.0,196493150.0,-2.0618556701030966,-0.06000000000000005,0.01118849678109256,2.4054982817869512,6050350581.0
2024-12-05,2.85,2.88,2.89,2.83,51201559.0,148027896.0,1.0526315789473717,0.029999999999999805,0.00846257722003564,2.1052631578947385,6050350581.0
2024-12-06,2.87,2.96,2.99,2.87,104166502.0,309422552.0,2.77777777777779,0.08000000000000007,0.01721660598100142,4.1666666666666705,6050350581.0
2024-12-09,2.97,2.91,3.0,2.88,75104300.0,222581360.0,-1.6891891891891886,-0.04999999999999982,0.012413214572367274,4.054054054054058,6050350581.0
2024-12-10,2.97,2.88,2.98,2.87,75482100.0,222819169.0,-1.0309278350515538,-0.03000000000000025,0.01247565723497701,3.780068728522332,6050350581.0
2024-12-11,2.88,2.94,2.95,2.87,73370902.0,217215228.0,2.083333333333326,0.06000000000000005,0.012126719107882386,2.7777777777777803,6050350581.0
2024-12-12,2.95,2.97,3.02,2.92,112696296.0,337694610.0,1.0204081632653184,0.03000000000000025,0.018626407592628062,3.40136054421769,6050350581.0
2024-12-13,2.96,2.85,2.97,2.85,102327443.0,299804619.0,-4.040404040404044,-0.1200000000000001,0.016912646900386283,4.040404040404043,6050350581.0
2024-12-16,2.86,2.88,2.93,2.86,75509638.0,220610798.0,1.0526315789473717,0.029999999999999805,0.012480208706768822,2.456140350877203,6050350581.0
2024-12-17,2.88,2.8,2.88,2.79,74985300.0,214165091.0,-2.777777777777779,-0.08000000000000007,0.012393546290602958,3.124999999999995,6050350581.0
2024-12-18,2.82,2.81,2.87,2.8,59465000.0,170229415.0,0.3571428571428559,0.010000000000000231,0.009828356093403705,2.50000000000001,6050350581.0
2024-12-19,2.8,2.8,2.81,2.75,52273401.0,146849706.0,-0.3558718861210064,-0.010000000000000231,0.008639730921403941,2.1352313167259807,6050350581.0
2024-12-20,2.78,2.76,2.8,2.75,52961822.0,148172505.0,-1.4285714285714346,-0.040000000000000036,0.008753512923088581,1.7857142857142794,6050350581.0
2024-12-23,2.75,2.68,2.77,2.68,57618164.0,157947494.0,-2.898550724637672,-0.07999999999999963,0.009523111632727387,3.2608695652173862,6050350581.0
2024-12-24,2.7,2.73,2.74,2.69,46264500.0,127074472.0,1.8656716417910335,0.04999999999999982,0.007646581694833528,1.8656716417910546,6050350581.0
2024-12-25,2.73,2.7,2.73,2.67,39487700.0,107347979.0,-1.098901098901095,-0.029999999999999805,0.006526514368275414,2.1978021978021998,6050350581.0
2024-12-26,2.69,2.67,2.72,2.67,32312300.0,87848178.0,-1.1111111111111183,-0.03000000000000025,0.005340566561790777,1.8518518518518614,6050350581.0
2024-12-27,2.67,2.69,2.72,2.65,47179912.0,128524391.0,0.7490636704119868,0.020000000000000018,0.0077978806960640815,2.621722846441958,6050350581.0
2024-12-30,2.7,2.67,2.71,2.65,40396893.0,109113432.0,-0.743494423791824,-0.020000000000000018,0.006676785495184184,2.2304832713754665,6050350581.0
2024-12-31,2.67,2.6,2.68,2.6,54955286.0,146321355.0,-2.621722846441943,-0.06999999999999984,0.009082992012492111,2.996254681647943,6050350581.0
2025-01-02,2.6,2.51,2.62,2.49,67116486.0,173578033.0,-3.4615384615384714,-0.0900000000000003,0.011092991240997973,4.999999999999996,6050350581.0
2025-01-03,2.52,2.48,2.55,2.46,61587200.0,156290347.0,-1.195219123505964,-0.029999999999999805,0.010179112627523294,3.585657370517923,6050350581.0
2025-01-06,2.48,2.51,2.52,2.45,50500201.0,127464422.0,1.2096774193548265,0.029999999999999805,0.008346656995147765,2.822580645161284,6050350581.0
2025-01-07,2.5,2.51,2.52,2.47,36875827.0,93065436.0,0.0,0.0,0.00609482483805181,1.9920318725099533,6050350581.0
2025-01-08,2.5,2.48,2.5,2.43,53641100.0,133917156.0,-1.195219123505964,-0.029999999999999805,0.008865783772670941,2.7888446215139377,6050350581.0
2025-01-09,2.47,2.45,2.48,2.45,27526701.0,68571203.0,-1.2096774193548265,-0.029999999999999805,0.004549604296723314,1.209677419354831,6050350581.0
2025-01-10,2.45,2.43,2.48,2.42,39909603.0,99197965.0,-0.8163265306122436,-0.020000000000000018,0.006596246360554491,2.4489795918367365,6050350581.0
2025-01-13,2.41,2.43,2.44,2.39,37423500.0,91753715.0,0.0,0.0,0.006185344055519946,2.0576131687242727,6050350581.0
2025-01-14,2.43,2.49,2.49,2.42,44996100.0,112339121.0,2.4691358024691468,0.06000000000000005,0.0074369409503809375,2.880658436214003,6050350581.0
2025-01-15,2.49,2.48,2.5,2.46,42418000.0,106302284.0,-0.40160642570281624,-0.010000000000000231,0.00701083341074579,1.6064257028112463,6050350581.0
2025-01-16,2.48,2.48,2.53,2.47,46154001.0,116709699.0,0.0,0.0,0.00762831845561777,2.419354838709662,6050350581.0
2025-01-17,2.48,2.5,2.5,2.46,31824400.0,80046591.0,0.8064516129032251,0.020000000000000018,0.005259926606557082,1.6129032258064528,6050350581.0
2025-01-20,2.51,2.5,2.54,2.49,36735399.0,93405523.0,0.0,0.0,0.006071614943332488,1.9999999999999927,6050350581.0
2025-01-21,2.51,2.48,2.52,2.47,31819699.0,80008582.0,-0.8000000000000007,-0.020000000000000018,0.005259149626787552,1.9999999999999927,6050350581.0
2025-01-22,2.48,2.46,2.48,2.44,30724330.0,76509074.0,-0.8064516129032251,-0.020000000000000018,0.005078107390418671,1.6129032258064528,6050350581.0
2025-01-23,2.48,2.48,2.52,2.47,52004778.0,131429377.0,0.8130081300812941,0.020000000000000018,0.008595332998274733,2.0325203252032447,6050350581.0
2025-01-24,2.48,2.49,2.5,2.46,45412621.0,114293068.0,0.40322580645162365,0.010000000000000231,0.007505783407429296,1.6129032258064528,6050350581.0
2025-01-27,2.5,2.5,2.57,2.49,44375878.0,113134546.0,0.40160642570279403,0.009999999999999787,0.007334430857503396,3.2128514056224744,6050350581.0
2025-02-05,2.51,2.5,2.52,2.49,45858800.0,116198489.0,0.0,0.0,0.007579527729188293,1.1999999999999922,6050350581.0
2025-02-06,2.5,2.53,2.53,2.47,49507025.0,125530764.0,1.200000000000001,0.029999999999999805,0.00818250518498343,2.3999999999999844,6050350581.0
2025-02-07,2.53,2.55,2.57,2.52,62047500.0,160000671.0,0.7905138339920903,0.020000000000000018,0.010255190863625098,1.9762845849802302,6050350581.0
2025-02-10,2.55,2.58,2.59,2.54,55475774.0,144474782.0,1.1764705882353121,0.03000000000000025,0.00916901810189501,1.9607843137254832,6050350581.0
2025-02-11,2.59,2.56,2.6,2.54,38878200.0,100597887.0,-0.7751937984496138,-0.020000000000000018,0.006425776404112805,2.325581395348839,6050350581.0
2025-02-12,2.56,2.56,2.58,2.53,36815300.0,95208359.0,0.0,0.0,0.0060848209549396355,1.9531250000000104,6050350581.0
2025-02-13,2.56,2.55,2.57,2.54,37951900.0,98176719.0,-0.3906250000000111,-0.010000000000000231,0.006272677837740655,1.1718749999999925,6050350581.0
2025-02-14,2.55,2.53,2.55,2.52,38542783.0,98870609.0,-0.7843137254901933,-0.020000000000000018,0.006370338790125061,1.1764705882352864,6050350581.0
2025-02-17,2.55,2.62,2.68,2.55,89193409.0,234921194.0,3.5573122529644285,0.0900000000000003,0.014741857980940031,5.1383399209486305,6050350581.0
2025-02-18,2.63,2.5,2.63,2.5,82453990.0,212760019.0,-4.580152671755733,-0.1200000000000001,0.013627968974051092,4.961832061068698,6050350581.0
2025-02-19,2.5,2.52,2.53,2.49,40847346.0,103857409.0,0.8000000000000007,0.020000000000000018,0.0067512362222899094,1.5999999999999837,6050350581.0
2025-02-20,2.51,2.5,2.52,2.49,34980789.0,88547392.0,-0.7936507936507908,-0.020000000000000018,0.005781613566303192,1.1904761904761827,6050350581.0
2025-02-21,2.51,2.49,2.52,2.48,42852854.0,108376023.0,-0.39999999999998925,-0.009999999999999787,0.007082705940143603,1.6000000000000014,6050350581.0
2025-02-24,2.49,2.51,2.54,2.49,45038255.0,114897744.0,0.8032128514056103,0.019999999999999574,0.007443908315236188,2.0080321285140488,6050350581.0
2025-02-25,2.51,2.47,2.51,2.46,54137300.0,136052374.0,-1.5936254980079556,-0.03999999999999959,0.008947795549237776,1.9920318725099533,6050350581.0
2025-02-26,2.47,2.49,2.5,2.47,33528101.0,84286382.0,0.809716599190291,0.020000000000000018,0.005541513760423861,1.214574898785417,6050350581.0
2025-02-27,2.49,2.48,2.53,2.46,53963574.0,135973508.0,-0.40160642570281624,-0.010000000000000231,0.008919082171777377,2.811244979919672,6050350581.0
2025-02-28,2.47,2.46,2.49,2.45,46214201.0,115595782.0,-0.8064516129032251,-0.020000000000000018,0.0076382682922750125,1.6129032258064528,6050350581.0
2025-03-03,2.45,2.44,2.48,2.43,47013302.0,116848847.0,-0.8130081300813052,-0.020000000000000018,0.007770343448797253,2.0325203252032447,6050350581.0
2025-03-04,2.44,2.49,2.52,2.42,75733592.0,190153483.0,2.0491803278688714,0.050000000000000266,0.01251722375193055,4.098360655737709,6050350581.0
2025-03-05,2.51,2.49,2.51,2.47,32859800.0,82643836.0,0.0,0.0,0.005431057185874499,1.6064257028112285,6050350581.0
2025-03-06,2.49,2.51,2.51,2.48,36895790.0,93214425.0,0.8032128514056103,0.019999999999999574,0.006098124316277533,1.2048192771084258,6050350581.0
2025-03-07,2.51,2.52,2.55,2.49,50181925.0,127954181.0,0.3984063745019917,0.010000000000000231,0.008294052440132477,2.3904382470119367,6050350581.0
2025-03-10,2.53,2.52,2.54,2.51,32125600.0,82043295.0,0.0,0.0,0.005309708845779031,1.1904761904762002,6050350581.0
2025-03-11,2.5,2.51,2.51,2.48,44710100.0,112861470.0,-0.3968253968254065,-0.010000000000000231,0.0073896709622751034,1.1904761904761827,6050350581.0
2025-03-12,2.51,2.5,2.51,2.48,35755090.0,90353308.0,-0.3984063745019806,-0.009999999999999787,0.005909589786793877,1.1952191235059684,6050350581.0
2025-03-13,2.5,2.49,2.51,2.47,38725526.0,97491821.0,-0.39999999999998925,-0.009999999999999787,0.006400542494448224,1.5999999999999837,6050350581.0
2025-03-14,2.5,2.55,2.55,2.49,61583187.0,157290190.0,2.409638554216853,0.05999999999999961,0.010178449360172705,2.4096385542168517,6050350581.0
2025-03-17,2.55,2.56,2.58,2.53,51798410.0,133980140.0,0.39215686274509665,0.010000000000000231,0.008561224561542478,1.960784313725501,6050350581.0
2025-03-18,2.57,2.58,2.59,2.54,47762600.0,123861740.0,0.78125,0.020000000000000018,0.007894187181481608,1.9531249999999931,6050350581.0
2025-03-19,2.57,2.56,2.58,2.54,44568490.0,115253119.0,-0.7751937984496138,-0.020000000000000018,0.007366265706975568,1.5503875968992262,6050350581.0
2025-03-20,2.55,2.58,2.6,2.55,47256924.0,123247290.0,0.78125,0.020000000000000018,0.007810609214679489,1.9531250000000104,6050350581.0
2025-03-21,2.58,2.59,2.62,2.57,61281736.0,160946847.0,0.3875968992248069,0.009999999999999787,0.010128625635751403,1.9379844961240413,6050350581.0
2025-03-24,2.58,2.54,2.59,2.51,53815336.0,138771576.0,-1.9305019305019266,-0.04999999999999982,0.008894581442767474,3.0888030888030915,6050350581.0
2025-03-25,2.55,2.6,2.6,2.53,60909101.0,159105205.0,2.3622047244094446,0.06000000000000005,0.01006703664268211,2.7559055118110347,6050350581.0
2025-03-26,2.6,2.61,2.62,2.58,44577284.0,117284808.0,0.38461538461538325,0.009999999999999787,0.007367719176469983,1.5384615384615397,6050350581.0
2025-03-27,2.61,2.6,2.62,2.58,43413909.0,114276058.0,-0.3831417624520994,-0.009999999999999787,0.007175436930271992,1.5325670498084305,6050350581.0
2025-03-28,2.61,2.56,2.61,2.54,47110700.0,122214577.0,-1.538461538461544,-0.040000000000000036,0.007786441358942469,2.6923076923076863,6050350581.0
2025-03-31,2.55,2.49,2.57,2.47,70113600.0,177855220.0,-2.734374999999989,-0.06999999999999984,0.011588353279920457,3.9062499999999862,6050350581.0
2025-04-01,2.49,2.5,2.52,2.48,47500712.0,120295025.0,0.40160642570279403,0.009999999999999787,0.007850902416988388,1.6064257028112463,6050350581.0
2025-04-02,2.51,2.49,2.51,2.48,28393033.0,71703471.0,-0.39999999999998925,-0.009999999999999787,0.0046927913713236775,1.1999999999999922,6050350581.0
2025-04-03,2.48,2.53,2.54,2.47,60756324.0,154711261.0,1.6064257028112205,0.03999999999999959,0.010041785709210625,2.811244979919672,6050350581.0
2025-04-07,2.45,2.28,2.47,2.28,112308933.0,267032071.0,-9.881422924901184,-0.25,0.018562384360450997,7.509881422924917,6050350581.0
2025-04-08,2.29,2.37,2.42,2.29,104275200.0,247355015.0,3.947368421052655,0.0900000000000003,0.01723457155151585,5.701754385964907,6050350581.0
2025-04-09,2.36,2.5,2.5,2.33,99927801.0,243346767.0,5.485232067510548,0.1299999999999999,0.016516034841651105,7.172995780590714,6050350581.0
2025-04-10,2.49,2.51,2.55,2.46,87419068.0,222171489.0,0.40000000000000036,0.009999999999999787,0.014448595470570468,3.5999999999999943,6050350581.0
2025-04-11,2.48,2.46,2.5,2.44,61654384.0,154044632.0,-1.9920318725099584,-0.04999999999999982,0.01019021677745652,2.3904382470119545,6050350581.0
2025-04-14,2.48,2.55,2.61,2.46,119946100.0,307109159.0,3.658536585365857,0.08999999999999986,0.019824652868326076,6.097560975609753,6050350581.0
2025-04-15,2.54,2.47,2.55,2.46,79033089.0,198784805.0,-3.137254901960773,-0.07999999999999963,0.013062563555934876,3.529411764705877,6050350581.0
2025-04-16,2.47,2.43,2.51,2.41,71809144.0,178438711.0,-1.619433198380571,-0.040000000000000036,0.011868592247448148,4.048582995951403,6050350581.0
2025-04-17,2.42,2.43,2.44,2.41,40381212.0,99108524.0,0.0,0.0,0.006674193744542619,1.2345679012345598,6050350581.0
2025-04-18,2.42,2.42,2.44,2.4,35437500.0,86761511.0,-0.4115226337448652,-0.010000000000000231,0.0058570986136381705,1.646090534979425,6050350581.0
2025-04-21,2.42,2.42,2.44,2.41,23914411.0,58710196.0,0.0,0.0,0.003952566166181966,1.2396694214875952,6050350581.0
2025-04-22,2.42,2.46,2.48,2.42,55802011.0,138716784.0,1.6528925619834656,0.040000000000000036,0.009222938448432366,2.4793388429752086,6050350581.0
2025-04-23,2.47,2.44,2.48,2.43,37692100.0,93501199.0,-0.8130081300813052,-0.020000000000000018,0.006229738177216545,2.0325203252032447,6050350581.0
2025-04-24,2.45,2.43,2.45,2.42,26779000.0,65983395.0,-0.4098360655737654,-0.009999999999999787,0.004426024515685829,1.2295081967213217,6050350581.0
2025-04-25,2.43,2.44,2.45,2.43,30351469.0,74980355.0,0.411522633744843,0.009999999999999787,0.005016481044141994,0.8230452674897125,6050350581.0
2025-04-28,2.43,2.41,2.44,2.4,30003983.0,73317674.0,-1.2295081967213073,-0.029999999999999805,0.00495904866971212,1.6393442622950833,6050350581.0
2025-04-29,2.42,2.47,2.49,2.41,72368961.0,180405867.0,2.4896265560165887,0.06000000000000005,0.011961118621334317,3.3195020746887995,6050350581.0
2025-04-30,2.47,2.47,2.49,2.46,39201100.0,98093342.0,0.0,0.0,0.006479145212362364,1.214574898785435,6050350581.0
2025-05-06,2.49,2.52,2.52,2.46,47501513.0,119807742.0,2.0242914979756943,0.04999999999999982,0.00785103480601102,2.4291497975708523,6050350581.0
2025-05-07,2.53,2.54,2.59,2.52,74591637.0,192389444.0,0.7936507936507908,0.020000000000000018,0.012328481796450136,2.7777777777777715,6050350581.0
2025-05-08,2.54,2.55,2.56,2.52,38107202.0,98237430.0,0.3937007874015741,0.009999999999999787,0.0062983461024008385,1.5748031496063006,6050350581.0
2025-05-09,2.55,2.54,2.56,2.53,33952802.0,87364585.0,-0.39215686274508554,-0.009999999999999787,0.005611708205243917,1.176470588235304,6050350581.0
2025-05-12,2.55,2.56,2.57,2.54,32778319.0,84644760.0,0.7874015748031482,0.020000000000000018,0.005417590032375018,1.1811023622047168,6050350581.0
2025-05-13,2.57,2.56,2.58,2.54,26726200.0,68996261.0,0.0,0.0,0.004417297748650906,1.5625000000000013,6050350581.0
2025-05-14,2.55,2.6,2.61,2.53,61944581.0,161246222.0,1.5625,0.040000000000000036,0.010238180444373824,3.1250000000000027,6050350581.0
2025-05-15,2.61,2.59,2.63,2.58,46706183.0,122755382.0,-0.38461538461539435,-0.010000000000000231,0.007719582919157127,1.9230769230769162,6050350581.0
2025-05-16,2.59,2.57,2.62,2.56,32873932.0,85967044.0,-0.7722007722007707,-0.020000000000000018,0.0054333929182937704,2.316602316602319,6050350581.0
2025-05-19,2.58,2.6,2.61,2.57,34567954.0,90815310.0,1.1673151750972943,0.03000000000000025,0.005713380330150492,1.5564202334630364,6050350581.0
2025-05-20,2.6,2.59,2.62,2.58,28773087.0,75495410.0,-0.38461538461539435,-0.010000000000000231,0.004755606574329184,1.5384615384615397,6050350581.0
2025-05-21,2.59,2.59,2.6,2.58,20496000.0,53730013.0,0.0,0.0,0.0033875722944656916,0.7722007722007729,6050350581.0
2025-05-22,2.58,2.58,2.6,2.56,35239268.0,91783728.0,-0.3861003861003742,-0.009999999999999787,0.005824334892371752,1.5444015444015458,6050350581.0
2025-05-23,2.57,2.53,2.58,2.53,38692700.0,100028954.0,-1.9379844961240456,-0.050000000000000266,0.006395117023715489,1.9379844961240413,6050350581.0
2025-05-26,2.53,2.54,2.56,2.53,26484600.0,68210729.0,0.39525691699606735,0.010000000000000231,0.004377366178278984,1.1857707509881523,6050350581.0
2025-05-27,2.55,2.54,2.57,2.53,27501400.0,70847922.0,0.0,0.0,0.004545422555572735,1.5748031496063006,6050350581.0
2025-05-28,2.55,2.54,2.55,2.53,22054800.0,56686201.0,0.0,0.0,0.00364521025761036,0.7874015748031503,6050350581.0
2025-05-29,2.54,2.58,2.58,2.54,28320201.0,73542552.0,1.5748031496062964,0.040000000000000036,0.004680753721765202,1.5748031496063006,6050350581.0
2025-05-30,2.58,2.57,2.59,2.54,34194001.0,88540665.0,-0.387596899224818,-0.010000000000000231,0.005651573498464684,1.937984496124024,6050350581.0
2025-06-03,2.56,2.56,2.57,2.54,28896733.0,74613347.0,-0.38910505836574627,-0.009999999999999787,0.004776042745480702,1.1673151750972686,6050350581.0
2025-06-04,2.56,2.56,2.58,2.54,24063267.0,62225103.0,0.0,0.0,0.003977169038033302,1.5625000000000013,6050350581.0
2025-06-05,2.56,2.55,2.56,2.54,19224200.0,49564353.0,-0.3906250000000111,-0.010000000000000231,0.0031773695991055497,0.7812500000000007,6050350581.0
2025-06-06,2.55,2.55,2.58,2.54,27346400.0,70799272.0,0.0,0.0,0.004519804205375517,1.5686274509803935,6050350581.0
2025-06-09,2.56,2.57,2.58,2.55,19868304.0,51581737.0,0.7843137254901933,0.020000000000000018,0.0032838269012696077,1.176470588235304,6050350581.0
2025-06-10,2.57,2.55,2.58,2.53,35945733.0,92727745.0,-0.7782101167315147,-0.020000000000000018,0.005941099200578705,1.9455252918288042,6050350581.0
2025-06-11,2.54,2.55,2.57,2.54,29154100.0,75384632.0,0.0,0.0,0.004818580280546557,1.1764705882352864,6050350581.0
2025-06-12,2.55,2.54,2.56,2.52,40171700.0,103028643.0,-0.39215686274508554,-0.009999999999999787,0.006639565668500557,1.5686274509803935,6050350581.0
2025-06-13,2.54,2.51,2.54,2.5,34096470.0,86885447.0,-1.1811023622047334,-0.03000000000000025,0.0056354536061222005,1.5748031496063006,6050350581.0
2025-06-16,2.5,2.51,2.52,2.5,23795160.0,60448129.0,0.0,0.0,0.003932856399218298,0.7968127490039849,6050350581.0
2025-06-17,2.51,2.54,2.54,2.5,39505402.0,100895778.0,1.195219123505975,0.03000000000000025,0.006529440149147615,1.5936254980079698,6050350581.0
2025-06-18,2.54,2.51,2.54,2.5,26280195.0,66910183.0,-1.1811023622047334,-0.03000000000000025,0.004343582185556001,1.5748031496063006,6050350581.0
2025-06-19,2.51,2.47,2.52,2.46,47964875.0,120378891.0,-1.5936254980079556,-0.03999999999999959,0.007927619128488978,2.3904382470119545,6050350581.0
2025-06-20,2.48,2.48,2.49,2.46,32158852.0,80587760.0,0.4048582995951344,0.009999999999999787,0.005315204725654888,1.214574898785435,6050350581.0
2025-06-23,2.47,2.51,2.51,2.46,28609288.0,72191027.0,1.2096774193548265,0.029999999999999805,0.0047285339282391575,2.0161290322580574,6050350581.0
2025-06-24,2.5,2.52,2.52,2.48,34889500.0,88538646.0,0.3984063745019917,0.010000000000000231,0.005766525349715103,1.5936254980079698,6050350581.0
2025-06-25,2.52,2.55,2.55,2.51,43856666.0,112259849.0,1.1904761904761862,0.029999999999999805,0.007248615664970506,1.5873015873015885,6050350581.0
2025-06-26,2.55,2.55,2.56,2.53,35957330.0,92709471.0,0.0,0.0,0.005943015949012492,1.176470588235304,6050350581.0
2025-06-27,2.57,2.57,2.6,2.56,38426261.0,99110943.0,0.7843137254901933,0.020000000000000018,0.006351080071404543,1.5686274509803935,6050350581.0
2025-06-30,2.58,2.57,2.6,2.56,36416560.0,93975736.0,0.0,0.0,0.006018917335858095,1.5564202334630364,6050350581.0
2025-07-01,2.58,2.57,2.59,2.56,23273800.0,59897203.0,0.0,0.0,0.0038466861859355783,1.1673151750972686,6050350581.0
2025-07-02,2.58,2.59,2.6,2.57,39924366.0,103424482.0,0.7782101167315147,0.020000000000000018,0.006598686384451017,1.1673151750972859,6050350581.0
2025-07-03,2.59,2.61,2.61,2.59,30114895.0,78351339.0,0.7722007722007707,0.020000000000000018,0.004977380169435177,0.7722007722007729,6050350581.0
2025-07-04,2.61,2.6,2.62,2.59,32214895.0,83971039.0,-0.3831417624520994,-0.009999999999999787,0.005324467494687809,1.1494252873563313,6050350581.0
2025-07-07,2.6,2.62,2.62,2.59,24404900.0,63667240.0,0.7692307692307665,0.020000000000000018,0.004033634030503793,1.1538461538461635,6050350581.0
2025-07-08,2.62,2.62,2.63,2.6,35630503.0,93317145.0,0.0,0.0,0.00588899808746471,1.1450381679389239,6050350581.0
2025-07-09,2.62,2.64,2.65,2.62,41326200.0,108907388.0,0.7633587786259444,0.020000000000000018,0.006830381057550159,1.1450381679389239,6050350581.0
2025-07-10,2.63,2.66,2.66,2.63,31793296.0,84094951.0,0.7575757575757569,0.020000000000000018,0.005254785747431054,1.1363636363636458,6050350581.0
2025-07-11,2.66,2.69,2.69,2.65,49517050.0,132300160.0,1.1278195488721776,0.029999999999999805,0.008184162113762314,1.5037593984962419,6050350581.0
2025-07-14,2.69,2.7,2.74,2.68,61457337.0,166713031.0,0.3717472118959231,0.010000000000000231,0.010157648912609351,2.2304832713754665,6050350581.0
2025-07-15,2.7,2.67,2.71,2.65,55239562.0,147682124.0,-1.1111111111111183,-0.03000000000000025,0.00912997705843188,2.222222222222224,6050350581.0
2025-07-16,2.67,2.66,2.68,2.64,31455160.0,83747812.0,-0.3745318352059823,-0.009999999999999787,0.005198898737996948,1.4981273408239715,6050350581.0
2025-07-17,2.68,2.67,2.69,2.65,28636627.0,76441115.0,0.3759398496240518,0.009999999999999787,0.004733052509374911,1.5037593984962419,6050350581.0
2025-07-18,2.68,2.67,2.69,2.65,27826584.0,74236422.0,0.0,0.0,0.004599168862608426,1.4981273408239715,6050350581.0
2025-07-21,2.69,2.77,2.81,2.68,102938688.0,283595049.0,3.7453183520599342,0.10000000000000009,0.01701367327758821,4.8689138576778985,6050350581.0
2025-07-22,2.79,2.84,2.84,2.75,123792385.0,347140470.0,2.5270758122743597,0.06999999999999984,0.020460365617282896,3.2490974729241824,6050350581.0
2025-07-23,2.91,2.81,2.98,2.81,175369503.0,504988650.0,-1.0563380281690127,-0.029999999999999805,0.028985015108168324,5.985915492957744,6050350581.0
2025-07-24,2.81,2.83,2.84,2.76,109028093.0,305980468.0,0.7117437722419906,0.020000000000000018,0.018020128179412023,2.8469750889679744,6050350581.0
2025-07-25,2.83,2.75,2.83,2.75,77379099.0,214467319.0,-2.8268551236749095,-0.08000000000000007,0.01278919262017554,2.826855123674914,6050350581.0
2025-07-28,2.76,2.72,2.76,2.7,66161997.0,179893930.0,-1.0909090909090868,-0.029999999999999805,0.010935233605763183,2.181818181818168,6050350581.0
2025-07-29,2.71,2.73,2.73,2.69,51841380.0,140353684.0,0.3676470588235281,0.009999999999999787,0.00856832662933586,1.4705882352941189,6050350581.0
2025-07-30,2.73,2.73,2.76,2.71,47181488.0,129132281.0,0.0,0.0,0.0077981411768377,1.831501831501825,6050350581.0
2025-07-31,2.71,2.67,2.72,2.66,50751400.0,136032817.0,-2.197802197802201,-0.06000000000000005,0.00838817508515545,2.1978021978021998,6050350581.0
2025-08-01,2.66,2.67,2.69,2.66,36458100.0,97562686.0,0.0,0.0,0.00602578305371095,1.1235955056179703,6050350581.0
2025-08-04,2.66,2.66,2.67,2.63,45163900.0,119654514.0,-0.3745318352059823,-0.009999999999999787,0.00746467488046541,1.4981273408239715,6050350581.0
2025-08-05,2.67,2.68,2.68,2.66,38637643.0,103149955.0,0.7518796992481258,0.020000000000000018,0.006386017220445759,0.7518796992481209,6050350581.0
2025-08-06,2.67,2.67,2.68,2.64,35141706.0,93518096.0,-0.3731343283582156,-0.010000000000000231,0.005808209876359229,1.492537313432837,6050350581.0
2025-08-07,2.68,2.68,2.69,2.66,32725495.0,87454329.0,0.3745318352059934,0.010000000000000231,0.005408859298627806,1.1235955056179703,6050350581.0
2025-08-08,2.68,2.73,2.75,2.67,56594758.0,153457549.0,1.8656716417910335,0.04999999999999982,0.009353963417876199,2.985074626865674,6050350581.0
2025-08-11,2.76,2.78,2.81,2.75,83064200.0,231622234.0,1.831501831501825,0.04999999999999982,0.013728824286785573,2.1978021978021998,6050350581.0
2025-08-12,2.78,2.77,2.81,2.75,46847396.0,129631664.0,-0.3597122302158251,-0.009999999999999787,0.007742922558424222,2.158273381294966,6050350581.0
2025-08-13,2.78,2.78,2.79,2.76,49580236.0,137619050.0,0.3610108303248927,0.009999999999999787,0.008194605475540129,1.0830324909747382,6050350581.0
2025-08-14,2.78,2.73,2.79,2.73,57256135.0,158047258.0,-1.7985611510791255,-0.04999999999999982,0.009463275595930298,2.158273381294966,6050350581.0
2025-08-15,2.72,2.73,2.76,2.71,47711403.0,130682563.0,0.0,0.0,0.007885725357771628,1.831501831501825,6050350581.0
2025-08-18,2.75,2.72,2.77,2.72,58638450.0,160701948.0,-0.3663003663003539,-0.009999999999999787,0.009691744174981056,1.831501831501825,6050350581.0
2025-08-19,2.73,2.72,2.74,2.71,47906927.0,130493463.0,0.0,0.0,0.007918041501668149,1.1029411764705974,6050350581.0
2025-08-20,2.72,2.75,2.75,2.69,51838484.0,141411131.0,1.1029411764705843,0.029999999999999805,0.00856784797938637,2.2058823529411784,6050350581.0
2025-08-21,2.76,2.76,2.79,2.74,57590500.0,159140540.0,0.363636363636366,0.009999999999999787,0.009518539335696059,1.818181818181812,6050350581.0
2025-08-22,2.75,2.8,2.83,2.72,91234044.0,252652780.0,1.449275362318847,0.040000000000000036,0.015079133478067129,3.985507246376807,6050350581.0
2025-08-25,2.82,2.83,2.86,2.8,86642813.0,245034636.0,1.0714285714285898,0.03000000000000025,0.01432029629358762,2.142857142857145,6050350581.0
2025-08-26,2.82,2.83,2.84,2.8,63313301.0,178620384.0,0.0,0.0,0.010464402046192768,1.413427561837457,6050350581.0
2025-08-27,2.83,2.75,2.83,2.75,75555700.0,211007592.0,-2.8268551236749095,-0.08000000000000007,0.01248782181932872,2.826855123674914,6050350581.0
2025-08-28,2.75,2.75,2.78,2.68,74535998.0,203907472.0,0.0,0.0,0.012319285800407406,3.636363636363624,6050350581.0
2025-08-29,2.74,2.72,2.78,2.7,76829166.0,210491999.0,-1.0909090909090868,-0.029999999999999805,0.012698299870633563,2.9090909090908954,6050350581.0
2025-09-01,2.72,2.71,2.73,2.69,50915986.0,137991047.0,-0.3676470588235392,-0.010000000000000231,0.008415377806352606,1.4705882352941189,6050350581.0
2025-09-02,2.71,2.7,2.73,2.67,63053998.0,170126760.0,-0.36900369003689537,-0.009999999999999787,0.010421544529668966,2.214022140221404,6050350581.0
2025-09-03,2.7,2.66,2.71,2.65,52374393.0,140088192.0,-1.4814814814814836,-0.040000000000000036,0.008656422846714376,2.222222222222224,6050350581.0
2025-09-04,2.65,2.65,2.66,2.63,57655400.0,152646635.0,-0.375939849624074,-0.010000000000000231,0.009529265986843151,1.1278195488721898,6050350581.0
2025-09-05,2.65,2.67,2.67,2.63,59734301.0,158237947.0,0.7547169811320753,0.020000000000000018,0.009872866076155068,1.5094339622641524,6050350581.0
2025-09-08,2.66,2.68,2.7,2.66,52217714.0,139817815.0,0.3745318352059934,0.010000000000000231,0.008630526991936635,1.4981273408239715,6050350581.0
2025-09-09,2.69,2.69,2.7,2.67,43457400.0,116642225.0,0.3731343283581934,0.009999999999999787,0.007182625108777973,1.119402985074636,6050350581.0
2025-09-10,2.69,2.69,2.7,2.67,38756302.0,104066120.0,0.0,0.0,0.00640562914183964,1.1152416356877417,6050350581.0
2025-09-11,2.69,2.74,2.74,2.67,56432601.0,152660064.0,1.858736059479571,0.050000000000000266,0.009327162161018584,2.602230483271386,6050350581.0
2025-09-12,2.74,2.77,2.79,2.74,60360838.0,166812907.0,1.0948905109488871,0.029999999999999805,0.009976419910203546,1.8248175182481685,6050350581.0
2025-09-15,2.78,2.77,2.82,2.74,68756500.0,190268100.0,0.0,0.0,0.011364052227967911,2.8880866425992644,6050350581.0
2025-09-16,2.77,2.83,2.83,2.76,85442542.0,239888272.0,2.166064981949467,0.06000000000000005,0.014121915888364618,2.5270758122743784,6050350581.0
2025-09-17,2.82,2.81,2.85,2.79,68633878.0,193092732.0,-0.7067137809187329,-0.020000000000000018,0.011343785303207374,2.1201413427561855,6050350581.0
2025-09-18,2.82,2.79,2.86,2.77,93422258.0,263195919.0,-0.7117437722419906,-0.020000000000000018,0.015440800784895873,3.2028469750889625,6050350581.0
2025-09-19,2.79,2.76,2.81,2.72,73839766.0,203380516.0,-1.0752688172043112,-0.03000000000000025,0.012204212799152505,3.225806451612898,6050350581.0
2025-09-22,2.75,2.73,2.76,2.69,57333200.0,155519031.0,-1.0869565217391242,-0.029999999999999805,0.009476012874368675,2.5362318840579654,6050350581.0
2025-09-23,2.72,2.67,2.72,2.63,70159700.0,186738534.0,-2.197802197802201,-0.06000000000000005,0.011595972673108147,3.296703296703308,6050350581.0
2025-09-24,2.66,2.68,2.69,2.64,42735677.0,114028260.0,0.3745318352059934,0.010000000000000231,0.007063338963233542,1.872659176029956,6050350581.0
2025-09-25,2.68,2.65,2.69,2.64,43037781.0,114518810.0,-1.1194029850746356,-0.03000000000000025,0.007113270615285028,1.865671641791038,6050350581.0
2025-09-26,2.65,2.64,2.67,2.63,46329000.0,122752461.0,-0.37735849056602655,-0.009999999999999787,0.007657242234109144,1.5094339622641524,6050350581.0
2025-09-29,2.63,2.64,2.64,2.58,67890607.0,177387376.0,0.0,0.0,0.011220937711146494,2.2727272727272747,6050350581.0
2025-09-30,2.63,2.61,2.65,2.61,40967493.0,107509289.0,-1.1363636363636465,-0.03000000000000025,0.006771094079845685,1.5151515151515165,6050350581.0
2025-10-09,2.61,2.65,2.65,2.61,50634900.0,133468024.0,1.5325670498084198,0.040000000000000036,0.008368920002587864,1.5325670498084305,6050350581.0
2025-10-10,2.64,2.68,2.68,2.64,55671400.0,148461153.0,1.132075471698113,0.03000000000000025,0.00920135110431876,1.5094339622641524,6050350581.0
2025-10-13,2.63,2.66,2.67,2.59,67034017.0,176258433.0,-0.7462686567164201,-0.020000000000000018,0.011079360791175946,2.985074626865674,6050350581.0
2025-10-14,2.67,2.68,2.71,2.66,81694073.0,219864396.0,0.7518796992481258,0.020000000000000018,0.013502370136458709,1.879699248120294,6050350581.0
2025-10-15,2.68,2.69,2.71,2.68,47422400.0,127811621.0,0.3731343283581934,0.009999999999999787,0.007837959034790681,1.1194029850746194,6050350581.0
2025-10-16,2.7,2.69,2.7,2.67,38625548.0,103708550.0,0.0,0.0,0.006384018162731982,1.1152416356877417,6050350581.0
2025-10-17,2.69,2.66,2.71,2.65,45462600.0,121696227.0,-1.1152416356877248,-0.029999999999999805,0.00751404392049063,2.2304832713754665,6050350581.0
2025-10-20,2.68,2.69,2.7,2.67,55099025.0,147974132.0,1.1278195488721776,0.029999999999999805,0.00910674914822758,1.1278195488721898,6050350581.0
2025-10-21,2.7,2.8,2.83,2.7,131186007.0,364785080.0,4.089219330855021,0.10999999999999988,0.021682381085811,4.832713754646837,6050350581.0
2025-10-22,2.79,2.79,2.82,2.76,68147262.0,189801920.0,-0.35714285714284477,-0.009999999999999787,0.01126335756708112,2.142857142857145,6050350581.0
2025-10-23,2.78,2.82,2.83,2.76,60824352.0,169451074.0,1.0752688172043001,0.029999999999999805,0.010053029355192665,2.508960573476713,6050350581.0
2025-10-24,2.83,2.76,2.84,2.75,64522006.0,179355993.0,-2.127659574468088,-0.06000000000000005,0.010664176420225855,3.1914893617021227,6050350581.0
2025-10-27,2.77,2.76,2.79,2.75,51147606.0,141464035.0,0.0,0.0,0.008453659885531185,1.449275362318842,6050350581.0
2025-10-28,2.76,2.76,2.78,2.75,40508206.0,111851062.0,0.0,0.0,0.006695183272058396,1.0869565217391235,6050350581.0
2025-10-29,2.76,2.77,2.77,2.71,53958861.0,147746222.0,0.36231884057971175,0.010000000000000231,0.008918303208651704,2.173913043478263,6050350581.0
2025-10-30,2.76,2.73,2.76,2.72,49823100.0,136500154.0,-1.4440433212996373,-0.040000000000000036,0.008234745959425917,1.4440433212996242,6050350581.0
2025-10-31,2.73,2.68,2.75,2.67,77974619.0,210670161.0,-1.831501831501825,-0.04999999999999982,0.01288761997443004,2.9304029304029333,6050350581.0
2025-11-03,2.68,2.71,2.72,2.67,43188311.0,116341667.0,1.1194029850746245,0.029999999999999805,0.007138150165318494,1.8656716417910546,6050350581.0
2025-11-04,2.71,2.72,2.73,2.7,40511300.0,110087004.0,0.3690036900369176,0.010000000000000231,0.006695694647384269,1.1070110701106939,6050350581.0
2025-11-05,2.71,2.77,2.78,2.7,57896104.0,159167552.0,1.8382352941176405,0.04999999999999982,0.009569049466622966,2.9411764705882213,6050350581.0
2025-11-06,2.77,2.77,2.79,2.75,51146598.0,141457273.0,0.0,0.0,0.008453493283615063,1.4440433212996402,6050350581.0
2025-11-07,2.77,2.78,2.79,2.76,48343004.0,134285325.0,0.3610108303248927,0.009999999999999787,0.007990116168113003,1.0830324909747382,6050350581.0
2025-11-10,2.79,2.79,2.79,2.76,37691600.0,104755929.0,0.3597122302158251,0.010000000000000231,0.006229655537377199,1.079136690647491,6050350581.0
2025-11-11,2.78,2.82,2.83,2.78,58206881.0,163213325.0,1.0752688172043001,0.029999999999999805,0.009620414589327745,1.7921146953405114,6050350581.0
2025-11-12,2.82,2.82,2.84,2.8,54201001.0,152710767.0,0.0,0.0,0.008958324030050119,1.4184397163120581,6050350581.0
2025-11-13,2.82,2.82,2.83,2.8,44239202.0,124498936.0,0.0,0.0,0.0073118410921385255,1.0638297872340514,6050350581.0
2025-11-14,2.82,2.82,2.85,2.81,65425959.0,185221607.0,0.0,0.0,0.01081358148161828,1.4184397163120581,6050350581.0
2025-11-17,2.81,2.81,2.82,2.78,47796718.0,133937940.0,-0.35460992907800915,-0.009999999999999787,0.007899826193559212,1.4184397163120581,6050350581.0
2025-11-18,2.81,2.75,2.82,2.73,58553568.0,161499978.0,-2.135231316725983,-0.06000000000000005,0.009677714905294345,3.2028469750889625,6050350581.0
2025-11-19,2.74,2.7,2.76,2.7,51994037.0,141558231.0,-1.8181818181818077,-0.04999999999999982,0.008593557729245905,2.181818181818168,6050350581.0
2025-11-20,2.71,2.71,2.73,2.69,48183501.0,130404243.0,0.37037037037035425,0.009999999999999787,0.007963753563522635,1.4814814814814827,6050350581.0
2025-11-21,2.71,2.6,2.71,2.6,90713765.0,239925312.0,-4.059040590405905,-0.10999999999999988,0.014993141932117074,4.0590405904059,6050350581.0
2025-11-24,2.61,2.61,2.63,2.59,60202300.0,157036937.0,0.38461538461538325,0.009999999999999787,0.009950216800503118,1.5384615384615397,6050350581.0
2025-11-25,2.62,2.6,2.63,2.6,59692215.0,155835631.0,-0.3831417624520994,-0.009999999999999787,0.009865910115597646,1.1494252873563144,6050350581.0
2025-11-26,2.61,2.61,2.63,2.6,66851400.0,174775800.0,0.38461538461538325,0.009999999999999787,0.011049177912092298,1.1538461538461462,6050350581.0
2025-11-27,2.64,2.62,2.67,2.62,72437500.0,190868785.0,0.3831417624521105,0.010000000000000231,0.011972446725232169,1.9157088122605297,6050350581.0
2025-11-28,2.62,2.65,2.66,2.61,66850150.0,175839704.0,1.1450381679389166,0.029999999999999805,0.011048971312493933,1.9083969465648956,6050350581.0
2025-12-01,2.65,2.66,2.66,2.64,37770500.0,100073270.0,0.37735849056603765,0.010000000000000231,0.006242696104025976,0.7547169811320762,6050350581.0
2025-12-02,2.65,2.66,2.67,2.63,46040750.0,122164636.0,0.0,0.0,0.007609600366726254,1.5037593984962419,6050350581.0
2025-12-03,2.66,2.64,2.67,2.63,46524600.0,123096619.0,-0.7518796992481258,-0.020000000000000018,0.007689570939261247,1.5037593984962419,6050350581.0
2025-12-04,2.64,2.65,2.67,2.63,47317300.0,125272968.0,0.37878787878786735,0.009999999999999787,0.007820588140560181,1.5151515151515165,6050350581.0
2025-12-05,2.64,2.68,2.69,2.63,53468115.0,142081489.0,1.132075471698113,0.03000000000000025,0.008837192867452453,2.264150943396228,6050350581.0
2025-12-08,2.69,2.67,2.7,2.67,35493000.0,95152742.0,-0.3731343283582156,-0.010000000000000231,0.005866271635805562,1.119402985074636,6050350581.0
2025-12-09,2.67,2.65,2.68,2.63,47339802.0,125483923.0,-0.7490636704119868,-0.020000000000000018,0.007824307263890102,1.8726591760299727,6050350581.0
2025-12-10,2.65,2.68,2.7,2.63,52287463.0,139010745.0,1.132075471698113,0.03000000000000025,0.008642055084245703,2.641509433962275,6050350581.0
2025-12-11,2.69,2.63,2.69,2.62,48371901.0,127805765.0,-1.8656716417910557,-0.050000000000000266,0.007994892254988157,2.6119402985074567,6050350581.0
2025-12-12,2.63,2.6,2.64,2.6,54985450.0,144089689.0,-1.1406844106463754,-0.029999999999999805,0.009087977508720167,1.5209125475285186,6050350581.0
2025-12-15,2.59,2.61,2.62,2.58,37329500.0,97181492.0,0.38461538461538325,0.009999999999999787,0.006169807765722923,1.5384615384615397,6050350581.0
2025-12-16,2.61,2.57,2.61,2.55,55334544.0,142237939.0,-1.532567049808431,-0.040000000000000036,0.00914567565287338,2.2988505747126458,6050350581.0
2025-12-17,2.57,2.57,2.58,2.53,46483903.0,118576255.0,0.0,0.0,0.00768284455217753,1.9455252918288042,6050350581.0
2025-12-18,2.56,2.56,2.58,2.55,35472386.0,91002936.0,-0.38910505836574627,-0.009999999999999787,0.0058628645605090105,1.1673151750972859,6050350581.0
2025-12-19,2.57,2.6,2.62,2.56,49124183.0,127464279.0,1.5625,0.040000000000000036,0.00811922918223373,2.343750000000002,6050350581.0
2025-12-22,2.61,2.64,2.66,2.6,42166100.0,111325125.0,1.538461538461533,0.040000000000000036,0.006969199459683343,2.3076923076923097,6050350581.0
2025-12-23,2.64,2.61,2.65,2.61,37333194.0,97979747.0,-1.1363636363636465,-0.03000000000000025,0.006170418308856011,1.5151515151515165,6050350581.0
2025-12-24,2.61,2.62,2.64,2.6,32402500.0,85003087.0,0.3831417624521105,0.010000000000000231,0.005355474788808771,1.5325670498084305,6050350581.0
2025-12-25,2.64,2.64,2.66,2.63,42363699.0,112184836.0,0.7633587786259444,0.020000000000000018,0.00700185855891315,1.1450381679389408,6050350581.0
2025-12-26,2.64,2.63,2.65,2.61,42050201.0,110548653.0,-0.37878787878788955,-0.010000000000000231,0.0069500437102026505,1.5151515151515165,6050350581.0
2025-12-29,2.63,2.61,2.65,2.61,36034700.0,94697444.0,-0.760456273764254,-0.020000000000000018,0.005955803637752871,1.5209125475285186,6050350581.0
2025-12-30,2.61,2.59,2.62,2.57,43042500.0,111707580.0,-0.7662835249042099,-0.020000000000000018,0.007114050570088775,1.9157088122605466,6050350581.0
2025-12-31,2.59,2.61,2.63,2.58,40278200.0,104928584.0,0.7722007722007707,0.020000000000000018,0.006657167954281226,1.930501930501924,6050350581.0
2026-01-05,2.62,2.64,2.65,2.61,40049600.0,105251264.0,1.1494252873563315,0.03000000000000025,0.006619385019732297,1.5325670498084305,6050350581.0
2026-01-06,2.64,2.66,2.67,2.63,50820786.0,134922958.0,0.7575757575757569,0.020000000000000018,0.008399643180941154,1.5151515151515165,6050350581.0
2026-01-07,2.66,2.63,2.67,2.63,44811780.0,118405423.0,-1.1278195488721887,-0.03000000000000025,0.007406476600004478,1.5037593984962419,6050350581.0
2026-01-08,2.63,2.64,2.65,2.62,41513647.0,109529528.0,0.38022813688214363,0.010000000000000231,0.006861362237481888,1.1406844106463805,6050350581.0
2026-01-09,2.65,2.65,2.66,2.63,43260124.0,114547725.0,0.37878787878786735,0.009999999999999787,0.0071500193948843835,1.1363636363636458,6050350581.0
2026-01-12,2.65,2.68,2.69,2.63,77912301.0,207034195.0,1.132075471698113,0.03000000000000025,0.01287732007541333,2.264150943396228,6050350581.0
2026-01-13,2.69,2.66,2.71,2.65,71443801.0,191253582.0,-0.7462686567164201,-0.020000000000000018,0.011808208473795876,2.2388059701492558,6050350581.0
2026-01-14,2.66,2.64,2.69,2.61,92741100.0,246998382.0,-0.7518796992481258,-0.020000000000000018,0.015328219209517572,3.0075187969924837,6050350581.0
2026-01-15,2.63,2.63,2.65,2.62,46206734.0,121481961.0,-0.37878787878788955,-0.010000000000000231,0.007637034148914221,1.136363636363629,6050350581.0
2026-01-16,2.64,2.64,2.66,2.62,61086401.0,161208316.0,0.38022813688214363,0.010000000000000231,0.010096340729714154,1.5209125475285186,6050350581.0
2026-01-19,2.63,2.66,2.66,2.63,48215300.0,127770765.0,0.7575757575757569,0.020000000000000018,0.007969009292025354,1.1363636363636458,6050350581.0
2026-01-20,2.66,2.68,2.69,2.65,51987900.0,138869096.0,0.7518796992481258,0.020000000000000018,0.008592543407857773,1.5037593984962419,6050350581.0
2026-01-21,2.68,2.68,2.69,2.66,55177800.0,147466634.0,0.0,0.0,0.009119769054916523,1.1194029850746194,6050350581.0
2026-01-22,2.72,2.95,2.95,2.72,209108517.0,602819569.0,10.074626865671643,0.27,0.03456138850146409,8.582089552238804,6050350581.0
2026-01-23,2.91,2.87,2.93,2.84,268711490.0,772171734.0,-2.7118644067796627,-0.08000000000000007,0.04441254872797593,3.0508474576271287,6050350581.0
2026-01-26,2.88,2.86,2.9,2.83,156255501.0,446431933.0,-0.34843205574913716,-0.010000000000000231,0.025825858999095248,2.4390243902438966,6050350581.0
2026-01-27,2.87,2.85,2.94,2.84,151266401.0,434701888.0,-0.34965034965034336,-0.009999999999999787,0.025001262154134337,3.4965034965034993,6050350581.0
2026-01-28,2.85,2.97,3.07,2.83,270061964.0,796850144.0,4.210526315789487,0.1200000000000001,0.04463575463677747,8.421052631578938,6050350581.0
2026-01-29,2.95,2.97,2.99,2.91,128444790.0,379708482.0,0.0,0.0,0.021229313620826695,2.693602693602696,6050350581.0
2026-01-30,2.97,2.91,2.99,2.88,112472762.0,329039258.0,-2.020202020202022,-0.06000000000000005,0.018589461964931383,3.703703703703714,6050350581.0
2026-02-02,2.89,2.79,2.91,2.79,103318863.0,294499011.0,-4.123711340206193,-0.1200000000000001,0.01707650847943484,4.123711340206189,6050350581.0
2026-02-03,2.82,2.83,2.84,2.79,85478133.0,240912866.0,1.4336917562723928,0.040000000000000036,0.014127798357408936,1.7921146953404954,6050350581.0
2026-02-04,2.83,2.88,2.89,2.81,80901305.0,231028071.0,1.7667844522968101,0.04999999999999982,0.013371341696141624,2.826855123674914,6050350581.0
2026-02-05,2.88,2.84,2.89,2.83,67248801.0,191916057.0,-1.388888888888895,-0.040000000000000036,0.01111486022168407,2.0833333333333353,6050350581.0
2026-02-06,2.83,2.83,2.87,2.81,61128600.0,173741620.0,-0.35211267605632646,-0.009999999999999787,0.010103315366875268,2.1126760563380302,6050350581.0
2026-02-09,2.87,2.87,2.91,2.85,68516028.0,197046280.0,1.4134275618374659,0.040000000000000036,0.011324307093073555,2.1201413427561855,6050350581.0
2026-02-10,2.87,2.87,2.89,2.83,56156400.0,160718220.0,0.0,0.0,0.00928151174848425,2.0905923344947754,6050350581.0
2026-02-11,2.87,2.87,2.89,2.85,48714700.0,139986942.0,0.0,0.0,0.008051549963564004,1.3937282229965169,6050350581.0
2026-02-12,2.88,2.86,2.9,2.83,64902885.0,186088520.0,-0.34843205574913716,-0.010000000000000231,0.010727127978966283,2.4390243902438966,6050350581.0
2026-02-13,2.85,2.8,2.88,2.8,62074690.0,175657682.0,-2.0979020979021046,-0.06000000000000005,0.010259684818088725,2.7972027972028,6050350581.0
2026-02-24,2.84,2.9,2.92,2.81,106218891.0,306398266.0,3.571428571428581,0.10000000000000009,0.017555824175471857,3.9285714285714244,6050350581.0
2026-02-25,2.91,2.93,2.97,2.9,83861580.0,246642806.0,1.0344827586207028,0.03000000000000025,0.013860614996980785,2.413793103448286,6050350581.0
2026-02-26,2.93,2.9,2.94,2.88,60819100.0,176469572.0,-1.0238907849829393,-0.03000000000000025,0.010052161306320176,2.047781569965872,6050350581.0
2026-02-27,2.89,2.96,2.96,2.88,74098751.0,217061619.0,2.0689655172413834,0.06000000000000005,0.012247017756738483,2.758620689655175,6050350581.0
2026-03-02,2.94,2.95,2.96,2.89,92400599.0,270874494.0,-0.33783783783782884,-0.009999999999999787,0.015271941313643358,2.3648648648648596,6050350581.0
2026-03-03,2.94,2.9,2.98,2.88,91164562.0,267004502.0,-1.6949152542372947,-0.050000000000000266,0.015067649515432269,3.3898305084745792,6050350581.0
2026-03-04,2.86,2.85,2.88,2.82,94775400.0,269971491.0,-1.724137931034475,-0.04999999999999982,0.01566444765988016,2.0689655172413812,6050350581.0
2026-03-05,2.88,2.89,2.91,2.85,75519657.0,217595895.0,1.403508771929829,0.040000000000000036,0.012481864643869633,2.1052631578947385,6050350581.0
2026-03-06,2.87,2.96,2.97,2.86,91909203.0,269105623.0,2.422145328719716,0.06999999999999984,0.015190723540652958,3.8062283737024334,6050350581.0
2026-03-09,2.96,2.94,2.99,2.93,86505500.0,255417240.0,-0.6756756756756799,-0.020000000000000018,0.014297601245067421,2.027027027027029,6050350581.0
2026-03-10,2.96,2.97,3.0,2.94,79407524.0,235816390.0,1.0204081632653184,0.03000000000000025,0.013124450052425813,2.040816326530614,6050350581.0
2026-03-11,2.97,3.05,3.06,2.92,132642798.0,399512177.0,2.6936026936026813,0.07999999999999963,0.021923159034212006,4.713804713804718,6050350581.0
2026-03-12,3.05,3.04,3.08,3.0,106254748.0,323480846.0,-0.3278688524590123,-0.009999999999999787,0.017561750608910708,2.6229508196721336,6050350581.0
2026-03-13,3.05,3.07,3.14,3.03,135517548.0,419464119.0,0.9868421052631415,0.029999999999999805,0.022398296790531055,3.6184210526315894,6050350581.0
2026-03-16,3.07,3.14,3.18,3.06,118781754.0,369800215.0,2.28013029315961,0.07000000000000028,0.019632210135560078,3.9087947882736196,6050350581.0
2026-03-17,3.13,3.03,3.14,3.02,106314897.0,326624841.0,-3.5031847133758065,-0.11000000000000032,0.017571692016304336,3.821656050955417,6050350581.0
2026-03-18,3.02,2.99,3.05,2.95,104300100.0,312787338.0,-1.3201320132013028,-0.03999999999999959,0.017238687015515276,3.3003300330032888,6050350581.0
2026-03-19,2.96,2.91,2.99,2.89,94083758.0,276057795.0,-2.6755852842809347,-0.08000000000000007,0.015550133292350452,3.3444816053511732,6050350581.0
2026-03-20,2.92,2.83,2.95,2.82,101577189.0,292374545.0,-2.7491408934707917,-0.08000000000000007,0.0167886451603291,4.467353951890045,6050350581.0
2026-03-23,2.77,2.65,2.78,2.63,131973710.0,357473953.0,-6.360424028268552,-0.18000000000000016,0.02181257238455551,5.300353356890456,6050350581.0
2026-03-24,2.69,2.76,2.76,2.66,83823762.0,227198301.0,4.150943396226414,0.10999999999999988,0.01385436445009202,3.773584905660364,6050350581.0
2026-03-25,2.77,3.04,3.04,2.75,91790603.0,267614295.0,10.144927536231885,0.28000000000000025,0.015171121370760118,10.507246376811597,6050350581.0
2026-03-26,3.19,3.34,3.34,3.18,562839895.0,1862552681.0,9.868421052631572,0.2999999999999998,0.09302599700048687,5.263157894736832,6050350581.0
2026-03-27,3.35,3.13,3.43,3.11,514379341.0,1637517473.0,-6.287425149700598,-0.20999999999999996,0.08501645220614365,9.580838323353301,6050350581.0
2026-03-30,3.14,3.04,3.17,2.98,330812481.0,1005790786.0,-2.875399361022357,-0.08999999999999986,0.05467658056689393,6.070287539936101,6050350581.0
2026-03-31,3.09,3.34,3.34,3.07,185592161.0,605001028.0,9.868421052631572,0.2999999999999998,0.030674612737783765,8.881578947368421,6050350581.0
2026-04-01,3.32,3.17,3.32,3.15,396199737.0,1266344262.0,-5.089820359281438,-0.16999999999999993,0.0654837652291078,5.089820359281435,6050350581.0
2026-04-02,3.15,3.17,3.27,3.08,312069509.0,984967604.0,0.0,0.0,0.05157874817700584,5.993690851735014,6050350581.0
2026-04-03,3.16,3.11,3.35,3.08,291775288.0,924571574.0,-1.8927444794952675,-0.06000000000000005,0.04822452585082689,8.517350157728707,6050350581.0
2026-04-07,3.05,3.1,3.1,2.91,227057411.0,684577103.0,-0.3215434083601254,-0.009999999999999787,0.03752797593465601,6.109324758842442,6050350581.0
2026-04-08,3.1,3.13,3.14,3.03,198129690.0,613285111.0,0.9677419354838568,0.029999999999999805,0.03274681150249201,3.548387096774204,6050350581.0
2026-04-09,3.09,3.03,3.14,3.02,160768858.0,491871375.0,-3.194888178913746,-0.10000000000000009,0.026571825193876315,3.833865814696489,6050350581.0
2026-04-10,3.13,3.14,3.33,3.11,319587487.0,1021333774.0,3.630363036303641,0.11000000000000032,0.052821317165257335,7.260726072607268,6050350581.0
2026-04-13,3.15,3.09,3.15,3.03,202152323.0,620549064.0,-1.5923566878981,-0.050000000000000266,0.03341167099222676,3.821656050955417,6050350581.0
2026-04-14,3.07,3.06,3.08,3.03,122610064.0,373782250.0,-0.9708737864077555,-0.029999999999999805,0.020264951982292414,1.6181229773462869,6050350581.0
2026-04-15,3.04,2.97,3.05,2.96,140508204.0,420693817.0,-2.941176470588236,-0.08999999999999986,0.023223150810672007,2.9411764705882306,6050350581.0
2026-04-16,2.96,2.99,2.99,2.93,91777212.0,272685738.0,0.6734006734006703,0.020000000000000018,0.015168908110582758,2.0202020202020217,6050350581.0
2026-04-17,2.98,2.9,2.98,2.89,128548401.0,374450531.0,-3.0100334448160626,-0.0900000000000003,0.021246438413615624,3.0100334448160484,6050350581.0
2026-04-20,2.87,2.91,2.92,2.86,84001224.0,242957814.0,0.34482758620690834,0.010000000000000231,0.013883695312432012,2.0689655172413812,6050350581.0
2026-04-21,2.9,2.9,2.91,2.86,64614521.0,186729834.0,-0.3436426116838587,-0.010000000000000231,0.01067946726970002,1.7182130584192532,6050350581.0
2026-04-22,2.9,2.9,2.93,2.88,65437701.0,189708598.0,0.0,0.0,0.010815522195605477,1.7241379310344922,6050350581.0
2026-04-23,2.9,2.93,2.93,2.87,84883459.0,246532046.0,1.0344827586207028,0.03000000000000025,0.01402951082976261,2.0689655172413812,6050350581.0
2026-04-24,2.92,2.98,2.99,2.91,103326247.0,305924083.0,1.7064846416382284,0.04999999999999982,0.0170777289045823,2.7303754266211624,6050350581.0
2026-04-27,2.96,2.87,2.97,2.87,98223956.0,286127120.0,-3.691275167785235,-0.10999999999999988,0.016234423887510594,3.35570469798658,6050350581.0
2026-04-28,2.8,2.82,2.84,2.76,96163471.0,270121904.0,-1.7421602787456525,-0.050000000000000266,0.015893867588761466,2.7874564459930338,6050350581.0
2026-04-29,2.82,2.84,2.87,2.81,55979131.0,159329773.0,0.7092198581560183,0.020000000000000018,0.009252212785122244,2.1276595744680873,6050350581.0
2026-04-30,2.85,2.81,2.85,2.78,66582631.0,186765714.0,-1.0563380281690127,-0.029999999999999805,0.01100475585813,2.4647887323943762,6050350581.0
2026-05-06,2.81,2.81,2.84,2.8,66826544.0,188126700.0,0.0,0.0,0.011045069720398737,1.4234875444839872,6050350581.0
2026-05-07,2.82,2.86,2.87,2.8,87808640.0,248988386.0,1.7793594306049654,0.04999999999999982,0.014512983805557763,2.4911032028469853,6050350581.0
2026-05-08,2.85,2.88,2.9,2.84,78726589.0,226071718.0,0.6993006993007089,0.020000000000000018,0.01301190533441586,2.0979020979020997,6050350581.0
2026-05-11,2.88,2.84,2.88,2.82,68259354.0,194446162.0,-1.388888888888895,-0.040000000000000036,0.011281884096825033,2.0833333333333353,6050350581.0
2026-05-12,2.84,2.78,2.84,2.77,76491000.0,214401655.0,-2.1126760563380254,-0.06000000000000005,0.012642407902809094,2.4647887323943607,6050350581.0
2026-05-13,2.78,2.79,2.81,2.77,51562888.0,143923760.0,0.3597122302158251,0.010000000000000231,0.008522297561057645,1.4388489208633108,6050350581.0
2026-05-14,2.78,2.74,2.81,2.73,80784168.0,224177834.0,-1.7921146953404965,-0.04999999999999982,0.01335198133041871,2.8673835125448055,6050350581.0
2026-05-15,2.73,2.73,2.77,2.71,63001212.0,172520133.0,-0.36496350364964014,-0.010000000000000231,0.010412820076549544,2.189781021897812,6050350581.0
2026-05-18,2.72,2.72,2.73,2.68,57996376.0,156695588.0,-0.3663003663003539,-0.009999999999999787,0.009585622390564742,1.831501831501825,6050350581.0
2026-05-19,2.72,2.73,2.74,2.71,40093275.0,109421104.0,0.3676470588235281,0.009999999999999787,0.006626603609699158,1.1029411764705974,6050350581.0
2026-05-20,2.73,2.68,2.73,2.66,62848051.0,168745628.0,-1.831501831501825,-0.04999999999999982,0.01038750567568144,2.564102564102558,6050350581.0
2026-05-21,2.68,2.65,2.72,2.64,60771800.0,162987619.0,-1.1194029850746356,-0.03000000000000025,0.010044343577518058,2.985074626865674,6050350581.0
2026-05-22,2.67,2.68,2.69,2.63,44596121.0,118845782.0,1.132075471698113,0.03000000000000025,0.007370832549777499,2.264150943396228,6050350581.0
2026-05-25,2.67,2.68,2.71,2.67,45938027.0,123424575.0,0.0,0.0,0.007592622342292003,1.492537313432837,6050350581.0
2026-05-26,2.68,2.75,2.81,2.67,90652514.0,248096635.0,2.6119402985074647,0.06999999999999984,0.014983018386517527,5.22388059701493,6050350581.0
2026-05-27,2.73,2.67,2.74,2.64,76080016.0,204071773.0,-2.9090909090909167,-0.08000000000000007,0.012574480599341653,3.63636363636364,6050350581.0
2026-05-28,2.65,2.67,2.68,2.64,42480334.0,112991002.0,0.0,0.0,0.00702113595423736,1.4981273408239715,6050350581.0
2026-05-29,2.67,2.7,2.72,2.66,54917054.0,148021925.0,1.1235955056179803,0.03000000000000025,0.009076673039816368,2.247191011235957,6050350581.0
2026-06-01,2.7,2.74,2.75,2.67,62041286.0,168479646.0,1.4814814814814836,0.040000000000000036,0.010254163815701708,2.9629629629629655,6050350581.0
2026-06-02,2.74,2.7,2.74,2.69,46242380.0,125334945.0,-1.4598540145985384,-0.040000000000000036,0.007642925708340867,1.8248175182481847,6050350581.0
2026-06-03,2.69,2.65,2.7,2.64,49834500.0,132716504.0,-1.85185185185186,-0.050000000000000266,0.008236630147763003,2.222222222222224,6050350581.0
2026-06-04,2.65,2.58,2.67,2.57,59159116.0,154179736.0,-2.6415094339622636,-0.06999999999999984,0.009777799684166765,3.7735849056603805,6050350581.0
2026-06-05,2.59,2.58,2.62,2.58,38840300.0,100767459.0,0.0,0.0,0.0064195123042903885,1.5503875968992262,6050350581.0
2026-06-08,2.55,2.51,2.58,2.49,60266900.0,152474860.0,-2.7131782945736593,-0.07000000000000028,0.009960893867746604,3.48837209302325,6050350581.0
2026-06-09,2.51,2.49,2.52,2.45,52697358.0,130626967.0,-0.7968127490039723,-0.019999999999999574,0.00870980239814305,2.7888446215139377,6050350581.0
2026-06-10,2.48,2.47,2.48,2.43,49859900.0,122540989.0,-0.8032128514056214,-0.020000000000000018,0.008240828251601773,2.0080321285140488,6050350581.0
2026-06-11,2.46,2.45,2.48,2.44,36027000.0,88450645.0,-0.8097165991902799,-0.020000000000000018,0.005954530984226945,1.6194331983805683,6050350581.0
2026-06-12,2.46,2.51,2.51,2.44,47435155.0,117907230.0,2.4489795918367196,0.05999999999999961,0.007840067177092395,2.8571428571428505,6050350581.0
2026-06-15,2.52,2.54,2.59,2.51,52205080.0,133172220.0,1.195219123505975,0.03000000000000025,0.008628438848476043,3.1872509960159396,6050350581.0
2026-06-16,2.54,2.49,2.54,2.48,41858900.0,104439489.0,-1.9685039370078705,-0.04999999999999982,0.0069184255423892435,2.362204724409451,6050350581.0
2026-06-17,2.48,2.51,2.52,2.45,45849121.0,113686912.0,0.8032128514056103,0.019999999999999574,0.007577927987178236,2.811244979919672,6050350581.0
2026-06-18,2.49,2.44,2.5,2.44,40272899.0,99025943.0,-2.7888446215139417,-0.06999999999999984,0.006656291806704482,2.3904382470119545,6050350581.0
2026-06-22,2.42,2.43,2.45,2.36,51739789.0,123898786.0,-0.4098360655737654,-0.009999999999999787,0.00855153570149789,3.6885245901639467,6050350581.0
2026-06-23,2.43,2.44,2.49,2.41,44528448.0,109288737.0,0.411522633744843,0.009999999999999787,0.007359647578081393,3.29218106995885,6050350581.0
