date,open,close,high,low,volume,amount,pct_chg,change,turnover,amplitude,outstanding_share
2023-06-26,18.49,17.9,18.8,17.85,15158646.0,289556055.0,,,0.014769309989208662,,1026361151.0
2023-06-27,17.99,18.31,18.41,17.92,12717052.0,245202258.0,2.290502793296101,0.41000000000000014,0.01239042610645344,2.737430167597757,1026361151.0
2023-06-28,18.28,17.92,18.28,17.42,12552049.0,234756663.0,-2.1299836155106333,-0.389999999999997,0.012229661058166844,4.696886947023482,1026361151.0
2023-06-29,17.8,18.01,18.08,17.69,9353475.0,176931223.0,0.5022321428571397,0.08999999999999986,0.00911323951699337,2.176339285714269,1026361151.0
2023-06-30,17.95,17.9,17.97,17.57,9549900.0,179444334.0,-0.6107717934481061,-0.11000000000000298,0.00930461951983995,2.220988339811208,1026361151.0
2023-07-03,17.99,18.11,18.32,17.61,15125796.0,287848041.0,1.173184357541901,0.21000000000000085,0.014737303711527561,3.9664804469273793,1026361151.0
2023-07-04,18.05,18.26,18.3,17.8,10107026.0,193609119.0,0.8282716731087936,0.15000000000000213,0.009847436246152306,2.7609055770292654,1026361151.0
2023-07-05,18.25,17.63,18.28,17.59,11086518.0,209353136.0,-3.450164293537805,-0.6300000000000026,0.010801770886591166,3.778751369112822,1026361151.0
2023-07-06,17.55,17.59,17.97,17.43,7839859.0,146686625.0,-0.22688598979012653,-0.03999999999999915,0.007638499364830304,3.0629608621667566,1026361151.0
2023-07-07,17.57,17.71,18.09,17.34,12011017.0,225021435.0,0.6822057987492913,0.120000000000001,0.011702524972128451,4.263786242183058,1026361151.0
2023-07-10,17.78,17.71,18.16,17.56,8510180.0,160352936.0,0.0,0.0,0.008291603780704673,3.3879164313947006,1026361151.0
2023-07-11,17.82,17.78,18.03,17.68,5826349.0,109631192.0,0.39525691699604515,0.07000000000000028,0.005676704534581512,1.9762845849802453,1026361151.0
2023-07-12,17.85,17.31,18.05,17.27,11512632.0,213626933.0,-2.6434195725534404,-0.4700000000000024,0.011216940536752642,4.386951631046125,1026361151.0
2023-07-13,17.41,18.2,18.49,17.33,17285092.0,328059191.0,5.141536683997683,0.8900000000000006,0.016841140161198483,6.701328711727326,1026361151.0
2023-07-14,18.2,18.61,19.11,18.09,21061836.0,417743133.0,2.2527472527472447,0.41000000000000014,0.02052088193271844,5.604395604395602,1026361151.0
2023-07-17,18.77,18.64,19.06,18.43,15997511.0,315202399.0,0.1612036539494932,0.030000000000001137,0.01558662950601099,3.385276732939275,1026361151.0
2023-07-18,18.63,17.78,18.63,17.72,15634213.0,297944246.0,-4.613733905579398,-0.8599999999999994,0.015232662484123973,4.8819742489270395,1026361151.0
2023-07-19,17.79,17.9,18.14,17.71,7834541.0,148048618.0,0.6749156355455366,0.11999999999999744,0.007633317952814837,2.4184476940382433,1026361151.0
2023-07-20,17.87,17.47,17.92,17.43,7774286.0,144387220.0,-2.402234636871503,-0.4299999999999997,0.007574610547588819,2.737430167597777,1026361151.0
2023-07-21,17.42,17.23,17.58,17.11,9697565.0,177249155.0,-1.3737836290784067,-0.23999999999999844,0.00944849187885912,2.6903262736118996,1026361151.0
2023-07-24,17.25,17.87,18.09,17.19,13874491.0,260772680.0,3.7144515380150844,0.6400000000000006,0.01351813734033275,5.223447475333712,1026361151.0
2023-07-25,17.98,17.78,18.03,17.49,10264699.0,192231718.0,-0.5036373810856198,-0.08999999999999986,0.010001059558810211,3.021824286513725,1026361151.0
2023-07-26,17.79,17.27,17.87,17.2,9334933.0,171299062.0,-2.8683914510686304,-0.5100000000000016,0.009095173751368927,3.768278965129368,1026361151.0
2023-07-27,17.21,16.93,17.35,16.89,8952044.0,161368586.0,-1.968731905037635,-0.33999999999999986,0.008722118906466677,2.663578459756809,1026361151.0
2023-07-28,16.86,17.24,17.33,16.85,8216925.0,148573431.0,1.8310691080921426,0.3099999999999987,0.008005880768181959,2.8352037802716885,1026361151.0
2023-07-31,17.2,17.32,17.56,16.96,10298130.0,188645302.0,0.46403712296985145,0.08000000000000185,0.010033631914035687,3.48027842227377,1026361151.0
2023-08-01,17.34,17.26,17.46,17.09,8046485.0,146804725.0,-0.34642032332562467,-0.05999999999999872,0.007839818364286471,2.136258660508089,1026361151.0
2023-08-02,17.34,17.24,17.4,17.09,6387643.0,116351777.0,-0.11587485515645035,-0.020000000000003126,0.0062235822096115175,1.7960602549246738,1026361151.0
2023-08-03,17.2,17.17,17.37,17.07,4895895.0,88840842.0,-0.40603248259858393,-0.06999999999999673,0.004770148397793361,1.7401392111368954,1026361151.0
2023-08-04,17.28,18.53,18.83,17.23,32473744.0,629859531.0,7.920792079207906,1.3599999999999994,0.03163968547363695,9.318578916715188,1026361151.0
2023-08-07,18.49,18.51,18.55,18.24,16256778.0,315952995.0,-0.10793308148947522,-0.019999999999999574,0.01583923746934572,1.6729627630868982,1026361151.0
2023-08-08,18.51,18.3,18.7,18.18,12329595.0,239915172.0,-1.1345218800648316,-0.21000000000000085,0.01201292058646908,2.8092922744462427,1026361151.0
2023-08-09,18.36,18.18,18.58,18.12,9524548.0,184304632.0,-0.6557377049180357,-0.120000000000001,0.009279918662860613,2.5136612021857774,1026361151.0
2023-08-10,18.09,18.12,18.19,17.84,8709408.0,165748858.0,-0.3300330033003229,-0.05999999999999872,0.008485714791050192,1.925192519251933,1026361151.0
2023-08-11,18.04,17.49,18.12,17.41,9048464.0,169128788.0,-3.4768211920529923,-0.6300000000000026,0.008816062446619241,3.918322295805744,1026361151.0
2023-08-14,17.29,17.64,17.66,17.19,7507930.0,138788206.0,0.8576329331046351,0.15000000000000213,0.007315095658759984,2.6872498570611714,1026361151.0
2023-08-15,17.63,17.56,17.83,17.39,6750288.0,125531445.0,-0.45351473922903285,-0.08000000000000185,0.006576913003208556,2.4943310657596243,1026361151.0
2023-08-16,17.46,17.07,17.56,17.04,7362477.0,133798998.0,-2.790432801822318,-0.48999999999999844,0.007173378486536266,2.961275626423688,1026361151.0
2023-08-17,17.04,17.27,17.29,16.72,6472515.0,116424550.0,1.1716461628588082,0.1999999999999993,0.0063062743496221825,3.339191564147629,1026361151.0
2023-08-18,17.27,16.96,17.58,16.92,6287246.0,114105888.0,-1.7950202663578385,-0.3099999999999987,0.006125763815080332,3.8216560509553945,1026361151.0
2023-08-21,16.88,16.75,17.16,16.72,5928971.0,106145491.0,-1.2382075471698117,-0.21000000000000085,0.0057766907820149946,2.5943396226415167,1026361151.0
2023-08-22,16.9,17.38,17.52,16.84,9650817.0,174479017.0,3.761194029850734,0.629999999999999,0.009402944558644932,4.059701492537312,1026361151.0
2023-08-23,17.33,17.08,17.48,17.04,5802480.0,105420983.0,-1.7261219792865434,-0.3000000000000007,0.005653448588098401,2.531645569620261,1026361151.0
2023-08-24,17.09,17.2,17.46,16.95,8746520.0,158821225.0,0.7025761124121788,0.120000000000001,0.00852187360314459,2.985948477751766,1026361151.0
2023-08-25,17.06,16.53,17.16,16.4,11535791.0,202860727.0,-3.8953488372092893,-0.6699999999999982,0.01123950471893884,4.418604651162799,1026361151.0
2023-08-28,17.58,16.99,17.67,16.98,12380382.0,226873121.0,2.7828191167573957,0.4599999999999973,0.012062403168648381,4.174228675136123,1026361151.0
2023-08-29,17.02,18.63,18.66,16.97,27105753.0,518739914.0,9.65273690406121,1.6400000000000006,0.02640956643145586,9.94702766333138,1026361151.0
2023-08-30,18.73,18.89,19.01,18.54,17309130.0,343129892.0,1.3955984970477786,0.26000000000000156,0.016864560767070578,2.522812667740217,1026361151.0
2023-08-31,18.84,18.88,19.11,18.73,12855801.0,256522331.0,-0.0529380624669229,-0.010000000000001563,0.012525611464808843,2.0116463737427157,1026361151.0
2023-09-01,18.89,18.45,18.94,18.31,10692699.0,209045709.0,-2.277542372881358,-0.4299999999999997,0.010418066768780106,3.336864406779675,1026361151.0
2023-09-04,18.46,18.74,18.77,18.34,11482346.0,224930382.0,1.571815718157188,0.28999999999999915,0.011187432405067716,2.330623306233061,1026361151.0
2023-09-05,18.66,18.74,18.93,18.62,8258395.0,163605533.0,0.0,0.0,0.008046285649017127,1.6542155816435367,1026361151.0
2023-09-06,18.62,18.65,18.82,18.37,6688202.0,131651572.0,-0.48025613660619415,-0.08999999999999986,0.006516421625549231,2.4012806830309463,1026361151.0
2023-09-07,18.65,18.37,18.81,18.37,7657671.0,150015546.0,-1.5013404825737098,-0.2799999999999976,0.0074609906976106895,2.359249329758701,1026361151.0
2023-09-08,18.32,18.34,18.45,18.09,5987765.0,115763145.0,-0.16330974414807686,-0.030000000000001137,0.005833974711694831,1.959716929776807,1026361151.0
2023-09-11,18.38,18.63,18.8,18.2,10085188.0,197589651.0,1.5812431842966213,0.28999999999999915,0.00982615913528473,3.2715376226826685,1026361151.0
2023-09-12,18.64,18.54,18.83,18.52,6493482.0,127678659.0,-0.48309178743961567,-0.08999999999999986,0.006326702831331152,1.6639828234031064,1026361151.0
2023-09-13,18.61,18.08,18.63,17.91,8381380.0,160422470.0,-2.481121898597627,-0.46000000000000085,0.008166111891349246,3.8834951456310622,1026361151.0
2023-09-14,18.09,17.77,18.14,17.61,8824474.0,166279726.0,-1.7146017699114946,-0.3099999999999987,0.008597825425681958,2.9314159292035464,1026361151.0
2023-09-15,17.85,17.38,17.94,17.16,9980421.0,183615081.0,-2.19471018570625,-0.39000000000000057,0.009724082980221841,4.389420371412499,1026361151.0
2023-09-18,17.33,17.48,17.66,17.16,6947842.0,128070340.0,0.5753739930955293,0.10000000000000142,0.0067693930087188185,2.8768699654775607,1026361151.0
2023-09-19,17.45,17.27,17.51,17.14,5302500.0,96715204.0,-1.2013729977116805,-0.21000000000000085,0.005166310118844317,2.1167048054919966,1026361151.0
2023-09-20,17.27,17.24,17.56,17.16,4487084.0,82129956.0,-0.17371163867979655,-0.030000000000001137,0.004371837335842421,2.3161551823972126,1026361151.0
2023-09-21,17.07,17.06,17.36,17.01,5187257.0,93840062.0,-1.044083526682138,-0.17999999999999972,0.0050540270302962785,2.030162412993027,1026361151.0
2023-09-22,17.08,17.73,17.77,17.04,7487801.0,138710173.0,3.927315357561567,0.6700000000000017,0.007295483653784554,4.279015240328256,1026361151.0
2023-09-25,17.77,17.4,18.17,17.31,10335309.0,192391275.0,-1.861252115059231,-0.33000000000000185,0.010069856005296132,4.850535815002837,1026361151.0
2023-09-26,17.44,17.86,18.02,17.35,9877818.0,185807770.0,2.643678160919549,0.46000000000000085,0.009624115244790671,3.850574712643668,1026361151.0
2023-09-27,17.88,17.78,17.99,17.69,6982080.0,131740769.0,-0.4479283314669513,-0.0799999999999983,0.006802751636884589,1.679731243001104,1026361151.0
2023-09-28,17.82,18.04,18.23,17.82,8722026.0,166179908.0,1.4623172103486848,0.259999999999998,0.008498008709217015,2.305961754780653,1026361151.0
2023-10-09,18.04,18.28,18.4,18.02,10962447.0,210777936.0,1.330376940133049,0.240000000000002,0.010680886537179543,2.1064301552106377,1026361151.0
2023-10-10,18.28,18.4,18.61,18.22,9745386.0,189792592.0,0.6564551422319376,0.11999999999999744,0.009495084640045967,2.133479212253832,1026361151.0
2023-10-11,18.48,18.4,18.65,18.27,10288640.0,197975837.0,0.0,0.0,0.010024385656038923,2.0652173913043423,1026361151.0
2023-10-12,18.41,18.25,18.57,18.25,6260137.0,119476726.0,-0.8152173913043348,-0.14999999999999858,0.006099351085045112,1.7391304347826104,1026361151.0
2023-10-13,18.18,18.04,18.34,17.97,7435488.0,139969834.0,-1.1506849315068512,-0.21000000000000085,0.007244514265524846,2.027397260273978,1026361151.0
2023-10-16,18.01,17.88,18.01,17.67,8793739.0,163174721.0,-0.8869179600886956,-0.16000000000000014,0.00856787982615293,1.8847006651884695,1026361151.0
2023-10-17,18.04,18.23,18.46,17.84,11197568.0,211834402.0,1.957494407158844,0.3500000000000014,0.010909968668523775,3.467561521252802,1026361151.0
2023-10-18,18.13,18.05,18.15,17.54,8890054.0,165561844.0,-0.9873834339001575,-0.17999999999999972,0.008661721063134823,3.346132748217221,1026361151.0
2023-10-19,17.98,17.77,18.18,17.75,6656435.0,124645614.0,-1.5512465373961226,-0.28000000000000114,0.0064854705319999,2.382271468144043,1026361151.0
2023-10-20,17.61,17.23,17.88,17.18,8219967.0,149342685.0,-3.0388294879009514,-0.5399999999999991,0.008008844637183661,3.9392234102419774,1026361151.0
2023-10-23,17.1,16.52,17.2,16.38,9091738.0,158385690.0,-4.120719674985496,-0.7100000000000009,0.008858224993358112,4.759141033081836,1026361151.0
2023-10-24,16.64,16.51,16.88,16.33,9520354.0,164340299.0,-0.0605326876513157,-0.00999999999999801,0.009275832381929272,3.329297820823249,1026361151.0
2023-10-25,16.57,16.46,17.01,16.42,11687736.0,202089588.0,-0.30284675953967666,-0.05000000000000071,0.011387547150057709,3.5735917625681393,1026361151.0
2023-10-26,16.33,16.94,17.02,16.23,10183550.0,177222585.0,2.916160388821387,0.4800000000000004,0.009921994796936737,4.799513973268525,1026361151.0
2023-10-27,16.95,16.96,17.17,16.82,9216138.0,162957766.0,0.11806375442737771,0.019999999999999574,0.008979429892704503,2.066115702479347,1026361151.0
2023-10-30,16.93,16.61,16.93,16.15,17472832.0,299802851.0,-2.0636792452830233,-0.3500000000000014,0.017024058230356773,4.599056603773591,1026361151.0
2023-10-31,16.6,16.43,16.71,16.31,9595131.0,164319100.0,-1.0836845273931361,-0.17999999999999972,0.009348688802816934,2.4081878386514277,1026361151.0
2023-11-01,16.49,16.58,16.76,16.4,10419933.0,180497348.0,0.9129640900791047,0.14999999999999858,0.010152306514960834,2.191113816189915,1026361151.0
2023-11-02,16.58,16.4,16.69,16.38,8203543.0,141249847.0,-1.0856453558504175,-0.17999999999999972,0.007992842472659021,1.8697225572979634,1026361151.0
2023-11-03,16.4,16.64,16.85,16.4,7580242.0,131747976.0,1.4634146341463428,0.240000000000002,0.007385550390926673,2.743902439024408,1026361151.0
2023-11-06,16.72,16.92,17.05,16.71,9800638.0,172470817.0,1.6826923076923128,0.28000000000000114,0.00954891754276853,2.04326923076923,1026361151.0
2023-11-07,16.87,16.93,17.04,16.81,7068677.0,124617917.0,0.059101654846327456,0.00999999999999801,0.006887124471841978,1.3593380614657233,1026361151.0
2023-11-08,16.95,17.03,17.29,16.95,10898561.0,194151728.0,0.5906674542232704,0.10000000000000142,0.010618641390880158,2.008269344359125,1026361151.0
2023-11-09,17.03,16.91,17.14,16.81,8337480.0,147168272.0,-0.7046388725778119,-0.120000000000001,0.008123339422849998,1.9377568995889711,1026361151.0
2023-11-10,16.9,16.82,16.99,16.77,5813976.0,102079713.0,-0.5322294500295643,-0.08999999999999986,0.00566464932381292,1.3010053222944935,1026361151.0
2023-11-13,16.8,17.11,17.17,16.8,8687534.0,153862379.0,1.724137931034475,0.28999999999999915,0.008464402604809814,2.1997621878715874,1026361151.0
2023-11-14,17.16,17.51,17.65,17.08,11406150.0,207489883.0,2.337814143775585,0.40000000000000213,0.011113193429902142,3.331385154880189,1026361151.0
2023-11-15,17.74,17.46,17.88,17.39,8153392.0,149057857.0,-0.2855511136493516,-0.05000000000000071,0.007943979555399208,2.7984009137635546,1026361151.0
2023-11-16,17.46,17.4,17.6,17.33,5038980.0,91668474.0,-0.3436426116838587,-0.060000000000002274,0.004909558389939488,1.5463917525773374,1026361151.0
2023-11-17,17.47,17.41,17.49,17.24,5299820.0,95740094.0,0.057471264367814356,0.010000000000001563,0.005163698952202449,1.4367816091954024,1026361151.0
2023-11-20,17.46,17.68,17.76,17.29,9621994.0,176111170.0,1.5508328546812056,0.2699999999999996,0.00937486185113801,2.6995979322228743,1026361151.0
2023-11-21,17.69,17.53,17.81,17.49,8378084.0,154084762.0,-0.8484162895927572,-0.14999999999999858,0.008162900546106114,1.8099547511312233,1026361151.0
2023-11-22,17.52,17.37,17.75,17.36,7066099.0,129008463.0,-0.912721049629206,-0.16000000000000014,0.006884612685423047,2.2247575584711954,1026361151.0
2023-11-23,17.36,17.58,17.59,17.08,7176822.0,130151015.0,1.2089810017271052,0.2099999999999973,0.006992491866052713,2.936096718480147,1026361151.0
2023-11-24,17.48,17.07,17.61,16.93,8464240.0,150618155.0,-2.9010238907849706,-0.509999999999998,0.00824684370774669,3.868031854379976,1026361151.0
2023-11-27,17.0,17.33,17.43,16.96,9325022.0,167998986.0,1.5231400117164506,0.259999999999998,0.009085517306373574,2.7533684827182126,1026361151.0
2023-11-28,17.34,17.29,17.38,16.92,9828340.0,175650575.0,-0.2308136180034559,-0.03999999999999915,0.009575908042139057,2.6543566070398,1026361151.0
2023-11-29,17.23,17.14,17.32,17.09,4676660.0,83698879.0,-0.8675534991324341,-0.14999999999999858,0.004556544249013572,1.330248698669754,1026361151.0
2023-11-30,17.02,16.98,17.17,16.83,4428700.0,78317150.0,-0.9334889148191361,-0.16000000000000014,0.004314952875686153,1.9836639439906851,1026361151.0
2023-12-01,17.04,17.65,17.79,16.91,12858876.0,233737367.0,3.945818610129548,0.6699999999999982,0.012528607486235613,5.182567726737332,1026361151.0
2023-12-04,17.71,17.9,18.06,17.61,14406784.0,267926924.0,1.4164305949008416,0.25,0.01403675887962365,2.549575070821526,1026361151.0
2023-12-05,17.88,17.5,17.91,17.43,9177566.0,168141372.0,-2.2346368715083775,-0.3999999999999986,0.008941848579379833,2.6815642458100584,1026361151.0
2023-12-06,17.51,17.51,17.7,17.19,6990327.0,127203375.0,0.05714285714286671,0.010000000000001563,0.006810786820203798,2.914285714285703,1026361151.0
2023-12-07,17.51,17.77,17.91,17.49,8223401.0,151966596.0,1.484865790976575,0.259999999999998,0.008012190438022532,2.3986293546544926,1026361151.0
2023-12-08,17.8,18.14,18.34,17.8,14100638.0,265896360.0,2.0821609454136247,0.370000000000001,0.013738475960690371,3.0388294879009523,1026361151.0
2023-12-11,18.13,18.71,18.81,18.07,15706924.0,301872457.0,3.14222712238148,0.5700000000000003,0.01530350596833921,4.0793825799338395,1026361151.0
2023-12-12,18.7,19.07,19.19,18.62,15568197.0,307773030.0,1.9241047568145264,0.35999999999999943,0.01516834204493385,3.0464991982896863,1026361151.0
2023-12-13,19.07,18.9,19.16,18.88,8977970.0,177683476.0,-0.8914525432616727,-0.1700000000000017,0.008747379020779012,1.46827477713687,1026361151.0
2023-12-14,18.92,18.78,19.4,18.78,11470694.0,227178874.0,-0.6349206349206216,-0.11999999999999744,0.01117607967607106,3.2804232804232667,1026361151.0
2023-12-15,18.68,18.59,18.85,18.47,8181143.0,158945811.0,-1.0117145899893543,-0.19000000000000128,0.007971017796249383,2.023429179978714,1026361151.0
2023-12-18,18.63,18.46,18.72,18.34,7494478.0,144311062.0,-0.6993006993006978,-0.129999999999999,0.007301989161123266,2.044109736417423,1026361151.0
2023-12-19,18.43,18.6,18.64,18.28,6013153.0,115802489.0,0.7583965330444142,0.14000000000000057,0.005858710644046971,1.950162513542792,1026361151.0
2023-12-20,18.58,18.21,18.59,18.15,6547956.0,125177611.0,-2.0967741935483897,-0.39000000000000057,0.006379777716274844,2.365591397849469,1026361151.0
2023-12-21,18.15,18.43,18.54,17.97,6987780.0,133147746.0,1.2081274025260713,0.21999999999999886,0.006808305237578112,3.13014827018122,1026361151.0
2023-12-22,18.46,18.16,18.47,18.01,6342378.0,120029356.0,-1.4650027129679888,-0.2699999999999996,0.006179479799893556,2.4959305480195186,1026361151.0
2023-12-25,18.1,18.04,18.25,17.87,5400863.0,101295373.0,-0.6607929515418554,-0.120000000000001,0.005262146754812235,2.0925110132158533,1026361151.0
2023-12-26,17.96,17.61,18.02,17.47,6020400.0,110859428.0,-2.3835920177383563,-0.4299999999999997,0.005865771511455036,3.048780487804882,1026361151.0
2023-12-27,17.66,17.94,18.03,17.66,5366600.0,99811453.0,1.873935264054527,0.33000000000000185,0.005228763768748687,2.1010789324247643,1026361151.0
2023-12-28,17.86,18.3,18.42,17.7,8542528.0,161542996.0,2.006688963210701,0.35999999999999943,0.00832312095179838,4.013377926421418,1026361151.0
2023-12-29,18.27,18.83,19.04,18.2,10127334.0,197706693.0,2.896174863387957,0.5299999999999976,0.00986722265367583,4.590163934426228,1026361151.0
2024-01-02,18.88,18.74,19.08,18.58,9810816.0,192271047.0,-0.4779607010090281,-0.08999999999999986,0.00955883413011216,2.655337227827934,1026361151.0
2024-01-03,18.74,19.01,19.29,18.73,13437593.0,266528030.0,1.4407684098185936,0.2700000000000031,0.01309246066738549,2.98826040554962,1026361151.0
2024-01-04,19.0,19.19,19.42,18.79,11887646.0,237643997.0,0.9468700683850528,0.17999999999999972,0.011582322643854628,3.3140452393477253,1026361151.0
2024-01-05,19.1,18.78,19.23,18.59,10006481.0,196971859.0,-2.1365294424179226,-0.41000000000000014,0.009749473652866271,3.33507034914018,1026361151.0
2024-01-08,18.69,18.29,18.83,18.22,8323812.0,159632250.0,-2.609158679446233,-0.490000000000002,0.008110022472976474,3.248136315228964,1026361151.0
2024-01-09,18.35,17.96,18.36,17.9,11476420.0,215762841.0,-1.8042646254783912,-0.3299999999999983,0.011181658608978275,2.5150355385456584,1026361151.0
2024-01-10,17.94,17.64,17.96,17.31,9532208.0,175007469.0,-1.7817371937639215,-0.3200000000000003,0.00928738192273998,3.6191536748329742,1026361151.0
2024-01-11,17.67,17.79,18.03,17.57,10489619.0,194647022.0,0.8503401360544061,0.14999999999999858,0.010220202693544858,2.6077097505668982,1026361151.0
2024-01-12,17.79,17.73,18.1,17.62,8109762.0,150607555.0,-0.3372681281618828,-0.05999999999999872,0.007901470152195968,2.698145025295112,1026361151.0
2024-01-15,17.65,18.18,18.42,17.61,11584450.0,218579070.0,2.538071065989844,0.4499999999999993,0.011286913956859226,4.568527918781739,1026361151.0
2024-01-16,18.13,18.4,18.49,17.89,11678437.0,220715410.0,1.2101210121012063,0.21999999999999886,0.011378486986399976,3.3003300330032888,1026361151.0
2024-01-17,18.44,17.81,18.49,17.75,8159570.0,153958070.0,-3.20652173913043,-0.5899999999999999,0.00794999887909826,4.021739130434774,1026361151.0
2024-01-18,17.64,17.85,17.94,17.24,10932571.0,199792842.0,0.224592925322864,0.0400000000000027,0.010651777875018186,3.9303761931499324,1026361151.0
2024-01-19,17.83,17.1,17.85,16.62,16227230.0,288816347.0,-4.201680672268903,-0.75,0.015810448382803217,6.890756302521011,1026361151.0
2024-01-22,17.1,15.91,17.22,15.77,13376049.0,229156919.0,-6.959064327485387,-1.1900000000000013,0.013032497368950006,8.479532163742686,1026361151.0
2024-01-23,16.13,16.19,16.42,15.74,14228018.0,237634415.0,1.7598994343180463,0.28000000000000114,0.013862584321451972,4.274041483343819,1026361151.0
2024-01-24,16.37,16.4,16.46,15.78,10910155.0,183723190.0,1.2970969734403814,0.2099999999999973,0.010629937609553969,4.200123533045098,1026361151.0
2024-01-25,16.4,16.66,16.81,16.1,9398814.0,161857577.0,1.585365853658538,0.26000000000000156,0.009157414026088757,4.329268292682911,1026361151.0
2024-01-26,16.71,16.47,17.16,16.41,11876766.0,207704214.0,-1.140456182472993,-0.19000000000000128,0.011571722086741376,4.501800720288116,1026361151.0
2024-01-29,16.54,15.81,16.6,15.8,10753093.0,179662105.0,-4.007285974499075,-0.6599999999999984,0.010476909603917773,4.857316332726174,1026361151.0
2024-01-30,15.7,15.42,15.87,15.42,9920200.0,161262819.0,-2.4667931688804545,-0.39000000000000057,0.009665408701736803,2.8462998102466748,1026361151.0
2024-01-31,15.33,15.17,15.56,14.86,13798548.0,219236539.0,-1.6212710765240002,-0.25,0.013444144867092694,4.539559014267192,1026361151.0
2024-02-01,14.95,15.21,15.62,14.7,13148170.0,208036440.0,0.2636783124588149,0.040000000000000924,0.012810471233434283,6.064601186552405,1026361151.0
2024-02-02,15.21,14.44,15.38,13.9,12665747.0,192395920.0,-5.062458908612766,-0.7700000000000014,0.012340438828632165,9.730440499671271,1026361151.0
2024-02-05,14.41,13.88,14.66,13.31,14668228.0,213425116.0,-3.878116343490301,-0.5599999999999987,0.014291487928696943,9.349030470914126,1026361151.0
2024-02-06,13.75,14.99,15.18,13.64,16342691.0,246425404.0,7.997118155619587,1.1099999999999994,0.01592294387221989,11.095100864553308,1026361151.0
2024-02-07,15.11,16.49,16.49,15.03,18779571.0,317355402.0,10.006671114076049,1.4999999999999982,0.018297234829769974,9.739826551034017,1026361151.0
2024-02-08,16.69,17.9,18.14,16.5,30670182.0,569106971.0,8.55063674954517,1.4100000000000001,0.029882446320301147,9.9454214675561,1026361151.0
2024-02-19,18.01,17.74,18.26,17.46,26110594.0,484013887.0,-0.893854748603351,-0.16000000000000014,0.0254399671836371,4.469273743016764,1026361151.0
2024-02-20,17.46,17.57,17.63,17.22,11204059.0,203593545.0,-0.9582863585118284,-0.16999999999999815,0.010916292953103016,2.311161217587374,1026361151.0
2024-02-21,17.42,17.38,17.96,17.18,14910278.0,272440508.0,-1.081388730791133,-0.19000000000000128,0.014527321094989496,4.439385315879346,1026361151.0
2024-02-22,17.32,17.76,18.12,17.32,11945021.0,220685043.0,2.1864211737629535,0.38000000000000256,0.01163822401925655,4.602991944764101,1026361151.0
2024-02-23,17.82,17.72,17.83,17.45,10332362.0,189025264.0,-0.22522522522524513,-0.0400000000000027,0.010066984696305988,2.1396396396396336,1026361151.0
2024-02-26,17.68,17.92,18.21,17.51,14872482.0,276987473.0,1.1286681715575675,0.20000000000000284,0.014490495850811875,3.950338600451463,1026361151.0
2024-02-27,17.78,18.27,18.31,17.58,16538582.0,309378998.0,1.9531249999999778,0.34999999999999787,0.016113803590369916,4.073660714285716,1026361151.0
2024-02-28,18.24,17.37,18.34,17.37,16294069.0,303958875.0,-4.92610837438423,-0.8999999999999986,0.015875570683988212,5.309250136836337,1026361151.0
2024-02-29,17.35,18.53,18.61,17.3,20795391.0,394357546.0,6.678180771445019,1.1600000000000001,0.02026128032977351,7.541738629821523,1026361151.0
2024-03-01,18.49,18.41,18.61,18.18,15405499.0,294298158.0,-0.6475984889368624,-0.120000000000001,0.015009822794822443,2.3205612520237437,1026361151.0
2024-03-04,18.74,18.83,18.9,18.21,17749358.0,344240256.0,2.281368821292773,0.41999999999999815,0.01729348191200195,3.747963063552405,1026361151.0
2024-03-05,18.72,18.63,18.86,18.42,12835038.0,249195834.0,-1.0621348911311723,-0.1999999999999993,0.012505381743545747,2.3366967604885702,1026361151.0
2024-03-06,18.54,18.65,18.93,18.27,11672040.0,226140682.0,0.10735373054213682,0.019999999999999574,0.011372254287516384,3.5426731078905003,1026361151.0
2024-03-07,18.61,18.05,18.8,18.04,13465685.0,257741830.0,-3.2171581769436908,-0.5999999999999979,0.013119831149961365,4.075067024128695,1026361151.0
2024-03-08,18.09,18.5,18.58,17.98,10816688.0,205894527.0,2.4930747922437657,0.4499999999999993,0.010538871224287014,3.324099722991678,1026361151.0
2024-03-11,18.44,18.54,18.57,18.07,10065544.0,192509166.0,0.216216216216214,0.03999999999999915,0.009807019673526205,2.7027027027027026,1026361151.0
2024-03-12,18.57,18.46,18.85,18.31,10909140.0,210661779.0,-0.4314994606256617,-0.0799999999999983,0.010628948678904158,2.9126213592233157,1026361151.0
2024-03-13,18.58,18.61,18.94,18.4,10484280.0,203766721.0,0.8125677139761533,0.14999999999999858,0.010215000820895256,2.9252437703142076,1026361151.0
2024-03-14,18.53,18.49,18.69,18.19,10190942.0,196096319.0,-0.6448146157979617,-0.120000000000001,0.009929196940151918,2.6867275658248255,1026361151.0
2024-03-15,18.54,18.79,18.8,18.34,10378802.0,200624749.0,1.6224986479177916,0.3000000000000007,0.010112231927219545,2.4878312601406214,1026361151.0
2024-03-18,18.79,19.48,19.48,18.65,20764701.0,413210466.0,3.672166045769032,0.6900000000000013,0.020231378574460484,4.417243214475795,1026361151.0
2024-03-19,19.5,18.83,19.55,18.78,18286551.0,361414676.0,-3.3367556468172577,-0.6500000000000021,0.017816877599257458,3.952772073921969,1026361151.0
2024-03-20,18.72,18.93,18.97,18.58,12014425.0,234691541.0,0.5310674455655917,0.10000000000000142,0.011705845440753633,2.0711630377057917,1026361151.0
2024-03-21,18.98,18.64,19.03,18.49,14271929.0,277931826.0,-1.5319598520866284,-0.28999999999999915,0.013905367507426243,2.852614896988921,1026361151.0
2024-03-22,18.63,18.55,18.69,18.15,9860600.0,189053480.0,-0.4828326180257525,-0.08999999999999986,0.009607339473432583,2.896995708154521,1026361151.0
2024-03-25,18.39,18.17,18.91,18.13,13916785.0,269599655.0,-2.0485175202156314,-0.379999999999999,0.013559345057478701,4.204851752021569,1026361151.0
2024-03-26,18.14,17.37,18.25,17.26,21147437.0,388801673.0,-4.402861860209139,-0.8000000000000007,0.020604284349028328,5.4485415520087965,1026361151.0
2024-03-27,17.37,16.55,17.42,16.33,23073174.0,401532591.0,-4.720782959124925,-0.8200000000000003,0.022480560548808225,6.275187104202668,1026361151.0
2024-03-28,16.6,16.61,16.97,16.49,13738020.0,238864092.0,0.3625377643504457,0.05999999999999872,0.013385171473622934,2.900302114803628,1026361151.0
2024-03-29,16.6,16.74,16.78,16.17,13664792.0,233898091.0,0.7826610475617057,0.129999999999999,0.013313824268081635,3.6724864539434043,1026361151.0
2024-04-01,16.74,17.19,17.22,16.71,11366088.0,201770489.0,2.6881720430107725,0.45000000000000284,0.011074160385869867,3.0465949820788416,1026361151.0
2024-04-02,17.2,16.74,17.24,16.63,11177167.0,195857238.0,-2.6178010471204383,-0.45000000000000284,0.010890091649620515,3.548574752763231,1026361151.0
2024-04-03,16.65,16.49,16.81,16.44,8875885.0,153404513.0,-1.4934289127837563,-0.25,0.008647915980989814,2.210274790919937,1026361151.0
2024-04-08,16.52,16.52,16.9,16.18,12876966.0,222517821.0,0.181928441479684,0.030000000000001137,0.01254623286106822,4.366282595512425,1026361151.0
2024-04-09,16.52,16.34,16.61,16.19,11181820.0,190156328.0,-1.0895883777239712,-0.17999999999999972,0.010894625141555071,2.542372881355921,1026361151.0
2024-04-10,16.32,16.06,16.32,15.91,7784400.0,130319792.0,-1.7135862913096767,-0.28000000000000114,0.007584464778714135,2.5091799265605883,1026361151.0
2024-04-11,15.99,16.12,16.34,15.9,7822260.0,131721675.0,0.37359900373601374,0.060000000000002274,0.00762135237911007,2.7397260273972575,1026361151.0
2024-04-12,16.12,15.94,16.27,15.94,6678378.0,111711758.0,-1.1166253101737023,-0.1800000000000015,0.006506849946038147,2.047146401985112,1026361151.0
2024-04-15,16.04,16.32,16.52,15.9,11578345.0,196360557.0,2.3839397741530766,0.3800000000000008,0.011280965758221689,3.889585947302379,1026361151.0
2024-04-16,16.2,16.18,16.67,16.04,15428498.0,263218346.0,-0.85784313725491,-0.14000000000000057,0.015032231086462858,3.8602941176470744,1026361151.0
2024-04-17,16.37,16.57,16.89,16.36,19226931.0,331550278.0,2.410383189122367,0.39000000000000057,0.01873310479577963,3.2756489493201557,1026361151.0
2024-04-18,16.53,16.41,16.77,16.33,15854292.0,272755949.0,-0.965600482800244,-0.16000000000000014,0.015447088955532769,2.6554013277006714,1026361151.0
2024-04-19,16.34,16.17,16.47,16.0,13559967.0,228976639.0,-1.4625228519195566,-0.23999999999999844,0.013211691602695901,2.8641072516758004,1026361151.0
2024-04-22,15.98,16.21,16.44,15.83,10707229.0,181034891.0,0.24737167594310883,0.03999999999999915,0.010432223578969037,3.7724180581323505,1026361151.0
2024-04-23,16.21,16.54,16.7,16.02,20820474.0,356259655.0,2.0357803824799348,0.3299999999999983,0.02028571909577275,4.194941394201108,1026361151.0
2024-04-24,16.64,16.97,17.09,16.57,15768279.0,277945326.0,2.5997581620314403,0.4299999999999997,0.015363285121067487,3.143893591293831,1026361151.0
2024-04-25,16.88,16.71,16.94,16.59,9566116.0,166355271.0,-1.532115497937525,-0.259999999999998,0.009320419026655072,2.0624631703005387,1026361151.0
2024-04-26,16.73,17.19,17.3,16.73,12384179.0,220705134.0,2.872531418312385,0.4800000000000004,0.012066102646162997,3.411131059245962,1026361151.0
2024-04-29,17.23,17.62,17.71,17.13,15414297.0,280722499.0,2.501454333915065,0.4299999999999997,0.015018394826208694,3.3740546829552174,1026361151.0
2024-04-30,17.37,16.32,17.46,16.14,33306231.0,570918038.0,-7.377979568671966,-1.3000000000000007,0.032450790803558,7.491486946651533,1026361151.0
2024-05-06,16.49,16.33,16.64,16.25,21174657.0,362413079.0,0.06127450980391025,0.00999999999999801,0.020630805228129684,2.3897058823529447,1026361151.0
2024-05-07,16.29,16.18,16.49,16.05,16230565.0,274187326.0,-0.9185548071034777,-0.14999999999999858,0.015813697726366885,2.6944274341702252,1026361151.0
2024-05-08,16.21,15.58,16.21,15.57,20387936.0,334175868.0,-3.7082818294190356,-0.5999999999999996,0.019864290440198083,3.955500618046975,1026361151.0
2024-05-09,15.59,15.77,15.89,15.4,18487338.0,300807055.0,1.2195121951219523,0.1899999999999995,0.01801250756810845,3.145057766367139,1026361151.0
2024-05-10,15.72,15.83,15.87,15.58,11954032.0,196137549.0,0.38046924540267035,0.0600000000000005,0.011647003579931875,1.8389346861128673,1026361151.0
2024-05-13,15.72,15.34,15.75,15.25,22620756.0,362979319.0,-3.0953885028426997,-0.4900000000000002,0.02203976249292,3.1585596967782688,1026361151.0
2024-05-14,15.39,15.37,15.65,15.33,14837662.0,238452945.0,0.19556714471968828,0.02999999999999936,0.01445657017078582,2.086049543676664,1026361151.0
2024-05-15,15.33,15.14,15.37,15.08,8905260.0,140559506.0,-1.4964216005204811,-0.22999999999999865,0.008676536510879688,1.8867924528301832,1026361151.0
2024-05-16,15.16,15.39,15.53,15.11,12801266.0,204590342.0,1.651254953764858,0.25,0.01247247714659457,2.7741083223249663,1026361151.0
2024-05-17,15.4,15.5,15.51,15.22,9852000.0,157508671.0,0.7147498375568606,0.10999999999999943,0.00959896035659674,1.8843404808317032,1026361151.0
2024-05-20,15.51,15.41,15.6,15.37,10997505.0,177004073.0,-0.5806451612903163,-0.08999999999999986,0.010715044104392451,1.4838709677419384,1026361151.0
2024-05-21,15.4,15.14,15.45,15.06,10610315.0,167598242.0,-1.75210902011681,-0.2699999999999996,0.010337798726756367,2.530824140168714,1026361151.0
2024-05-22,15.12,15.15,15.22,15.06,6023826.0,94885948.0,0.06605019815060231,0.009999999999999787,0.005869109517766617,1.0568031704095122,1026361151.0
2024-05-23,15.09,14.74,15.13,14.72,9677001.0,149383719.0,-2.7062706270627124,-0.41000000000000014,0.009428456046462343,2.706270627062707,1026361151.0
2024-05-24,14.7,14.66,14.93,14.65,8036400.0,123525347.0,-0.5427408412483015,-0.08000000000000007,0.007829992388322578,1.8995929443690593,1026361151.0
2024-05-27,14.67,14.88,14.9,14.45,7979909.0,121829740.0,1.500682128240105,0.22000000000000064,0.007774952308186108,3.0695770804911393,1026361151.0
2024-05-28,14.85,14.68,14.93,14.62,5987632.0,91874224.0,-1.3440860215053863,-0.20000000000000107,0.005833845127678649,2.0833333333333366,1026361151.0
2024-05-29,14.65,14.45,14.74,14.37,9309200.0,140668067.0,-1.566757493188009,-0.23000000000000043,0.009070101680027443,2.520435967302459,1026361151.0
2024-05-30,14.32,14.48,14.53,14.17,6254375.0,93896620.0,0.20761245674740803,0.030000000000001137,0.006093737076765097,2.491349480968854,1026361151.0
2024-05-31,14.51,14.88,15.04,14.5,11318779.0,174520021.0,2.7624309392265234,0.40000000000000036,0.011028066474429526,3.7292817679557952,1026361151.0
2024-06-03,14.86,14.58,14.86,14.45,9924895.0,150804178.0,-2.016129032258074,-0.3000000000000007,0.009669983114939626,2.7553763440860224,1026361151.0
2024-06-04,14.53,14.63,14.66,14.43,8363811.0,126494314.0,0.3429355281207247,0.05000000000000071,0.008148994135106348,1.5775034293552843,1026361151.0
2024-06-05,14.58,14.68,14.84,14.56,8490089.0,130259521.0,0.34176349965822084,0.049999999999998934,0.008272028799733867,1.9138755980861197,1026361151.0
2024-06-06,14.7,14.35,14.73,14.26,8985694.0,134995175.0,-2.2479564032697574,-0.33000000000000007,0.008754904636876693,3.2016348773842003,1026361151.0
2024-06-07,14.48,14.24,14.53,14.15,7198866.0,107052275.0,-0.7665505226480795,-0.10999999999999943,0.007013969685997984,2.648083623693373,1026361151.0
2024-06-11,14.11,14.49,14.59,13.97,9067914.0,135284141.0,1.755617977528079,0.25,0.008835012891091003,4.353932584269658,1026361151.0
2024-06-12,14.46,14.76,14.89,14.45,8055209.0,123313949.0,1.8633540372670732,0.2699999999999996,0.007848318296295297,3.0365769496204367,1026361151.0
2024-06-13,14.76,14.6,14.81,14.54,6425200.0,98081462.0,-1.084010840108407,-0.16000000000000014,0.006260174592286376,1.829268292682936,1026361151.0
2024-06-14,14.58,14.61,14.66,14.41,7262236.0,109899372.0,0.068493150684934,0.009999999999999787,0.007075712085287219,1.7123287671232876,1026361151.0
2024-06-17,14.56,14.48,14.68,14.42,6233502.0,94419816.0,-0.8898015058179221,-0.129999999999999,0.006073400180751775,1.7796030116358645,1026361151.0
2024-06-18,14.48,14.7,14.75,14.46,6300974.0,96174598.0,1.5193370165745845,0.21999999999999886,0.006139139223908525,2.002762430939221,1026361151.0
2024-06-19,14.7,14.63,14.77,14.57,8204600.0,125364194.0,-0.4761904761904634,-0.06999999999999851,0.007993872324577102,1.3605442176870701,1026361151.0
2024-06-20,14.65,13.99,14.66,13.95,13561291.0,200237391.0,-4.374572795625431,-0.6400000000000006,0.013212981596962256,4.853041695146964,1026361151.0
2024-06-21,13.97,14.07,14.21,13.85,8296480.0,121940804.0,0.5718370264474526,0.08000000000000007,0.00808339247049307,2.57326661901359,1026361151.0
2024-06-24,14.0,13.67,14.06,13.5,10048003.0,143574473.0,-2.8429282160625458,-0.40000000000000036,0.009789929198128816,3.9800995024875654,1026361151.0
2024-06-25,13.66,13.43,13.77,13.22,10720001.0,150184481.0,-1.7556693489392816,-0.2400000000000002,0.010444667541786176,4.023408924652516,1026361151.0
2024-06-26,13.41,14.17,14.21,13.36,10943159.0,157129155.0,5.510052122114661,0.7400000000000002,0.010662093931885386,6.329113924050643,1026361151.0
2024-06-27,14.17,13.64,14.17,13.59,10263597.0,146973633.0,-3.740296400846854,-0.5299999999999994,0.00999998586267613,4.093154551870148,1026361151.0
2024-06-28,13.63,13.36,13.87,13.31,16046300.0,226621664.0,-2.052785923753675,-0.28000000000000114,0.015634165404999824,4.1055718475073215,1026361151.0
2024-07-01,13.37,13.7,13.74,13.32,11181860.0,157462338.0,2.5449101796407136,0.33999999999999986,0.010894664114191516,3.143712574850299,1026361151.0
2024-07-02,13.7,13.78,13.97,13.63,11025480.0,158158893.0,0.5839416058394109,0.08000000000000007,0.010742300592006721,2.4817518248175174,1026361151.0
2024-07-03,13.73,13.45,13.74,13.43,7397900.0,104273637.0,-2.394775036284469,-0.33000000000000007,0.0072078916790567415,2.2496371552975365,1026361151.0
2024-07-04,13.44,13.0,13.58,12.95,9504900.0,130347612.0,-3.3457249070631967,-0.4499999999999993,0.009260775303838445,4.684014869888482,1026361151.0
2024-07-05,12.96,13.12,13.2,12.85,8781297.0,119169149.0,0.9230769230769154,0.11999999999999922,0.008555757387586467,2.69230769230769,1026361151.0
2024-07-08,13.05,12.49,13.05,12.41,15168409.0,199720284.0,-4.801829268292678,-0.629999999999999,0.014778822235449168,4.878048780487809,1026361151.0
2024-07-09,12.47,12.86,12.98,12.45,11246278.0,149155462.0,2.9623698959167166,0.3699999999999992,0.01095742759655563,4.243394715772627,1026361151.0
2024-07-10,12.85,12.84,13.14,12.74,8889100.0,119840101.0,-0.15552099533436836,-0.019999999999999574,0.008660791565755591,3.110419906687406,1026361151.0
2024-07-11,13.15,13.04,13.2,12.92,9185608.0,124821125.0,1.5576323987538832,0.1999999999999993,0.008949684027937258,2.1806853582554466,1026361151.0
2024-07-12,13.02,12.75,13.03,12.71,7948080.0,106063932.0,-2.223926380368091,-0.28999999999999915,0.0077439408070502855,2.453987730061338,1026361151.0
2024-07-15,12.77,12.4,12.82,12.35,10931600.0,141796080.0,-2.7450980392156876,-0.34999999999999964,0.010650831814268465,3.6862745098039267,1026361151.0
2024-07-16,12.31,12.54,12.59,12.27,7755156.0,100550234.0,1.1290322580645107,0.1399999999999988,0.007555971884208622,2.5806451612903247,1026361151.0
2024-07-17,12.73,12.53,12.73,12.47,8028966.0,105273069.0,-0.07974481658692412,-0.009999999999999787,0.00782274932383913,2.0733652312599666,1026361151.0
2024-07-18,12.46,12.29,12.46,12.1,10685602.0,136176648.0,-1.9154030327214744,-0.2400000000000002,0.010411152048758712,2.8731045490822127,1026361151.0
2024-07-19,12.28,12.37,12.49,12.2,7864538.0,101269441.0,0.6509357200976451,0.08000000000000007,0.007662544507201443,2.359641985353954,1026361151.0
2024-07-22,12.41,12.37,12.51,12.25,6652174.0,85612098.0,0.0,0.0,0.006481318971902513,2.1018593371059,1026361151.0
2024-07-23,12.37,12.01,12.38,12.01,10009381.0,126660406.0,-2.9102667744543176,-0.35999999999999943,0.00975229916900859,2.9911075181891755,1026361151.0
2024-07-24,11.96,11.8,12.07,11.72,10742476.0,132969314.0,-1.7485428809325465,-0.20999999999999908,0.01046656529188915,2.914238134887591,1026361151.0
2024-07-25,11.8,11.92,12.08,11.77,8582900.0,106614636.0,1.0169491525423568,0.11999999999999922,0.00836245603376311,2.6271186440678007,1026361151.0
2024-07-26,11.92,12.03,12.08,11.88,6474951.0,80867972.0,0.9228187919463116,0.10999999999999943,0.006308647783181731,1.6778523489932826,1026361151.0
2024-07-29,12.05,12.31,12.52,12.01,15582227.0,198864993.0,2.3275145469659364,0.28000000000000114,0.015182011697167208,4.23940149625935,1026361151.0
2024-07-30,12.21,12.45,12.66,12.01,17118610.0,215741469.0,1.1372867587327251,0.1399999999999988,0.016678934099679306,5.280259951259141,1026361151.0
2024-07-31,12.43,13.03,13.03,12.38,16891658.0,222091731.0,4.658634538152606,0.5800000000000001,0.016457811155013213,5.220883534136535,1026361151.0
2024-08-01,12.99,12.95,13.15,12.85,10529800.0,139690987.0,-0.6139677666922472,-0.08000000000000007,0.010259351681170559,2.3023791250959382,1026361151.0
2024-08-02,12.86,12.87,13.1,12.81,8662180.0,114972035.0,-0.617760617760621,-0.08000000000000007,0.008439699799198655,2.239382239382233,1026361151.0
2024-08-05,12.79,12.54,13.02,12.5,10536380.0,137231453.0,-2.564102564102566,-0.33000000000000007,0.01026576267986589,4.040404040404037,1026361151.0
2024-08-06,12.63,12.71,12.81,12.55,7752487.0,100522915.0,1.3556618819776878,0.1700000000000017,0.007553371435041777,2.0733652312599666,1026361151.0
2024-08-07,12.62,12.66,12.82,12.62,6408502.0,83458766.0,-0.393391030684509,-0.05000000000000071,0.006243905465202083,1.57356412273801,1026361151.0
2024-08-08,12.6,12.6,12.72,12.38,8279149.0,106150319.0,-0.4739336492891044,-0.0600000000000005,0.008066506601437021,2.6856240126382294,1026361151.0
2024-08-09,12.66,12.45,12.74,12.44,5328083.0,68568083.0,-1.1904761904761973,-0.15000000000000036,0.00519123604279913,2.3809523809523867,1026361151.0
2024-08-12,12.39,12.45,12.52,12.31,5206140.0,66163277.0,0.0,0.0,0.005072425037646422,1.6867469879518,1026361151.0
2024-08-13,12.37,12.49,12.57,12.33,5386807.0,68524741.0,0.3212851405622663,0.040000000000000924,0.005248451770365186,1.927710843373496,1026361151.0
2024-08-14,12.48,12.31,12.5,12.27,4812361.0,60863435.0,-1.4411529223378627,-0.17999999999999972,0.004688759892471807,1.8414731785428375,1026361151.0
2024-08-15,12.22,12.49,12.67,12.18,7048100.0,90124299.0,1.462225832656383,0.17999999999999972,0.0068670759733383555,3.980503655564583,1026361151.0
2024-08-16,12.49,12.48,12.55,12.43,5154000.0,65821613.0,-0.08006405124099114,-0.009999999999999787,0.0050216242060393415,0.9607686148919214,1026361151.0
2024-08-19,12.5,12.88,13.04,12.48,13636900.0,179479794.0,3.205128205128216,0.40000000000000036,0.01328664864868799,4.487179487179477,1026361151.0
2024-08-20,12.81,12.27,12.84,12.21,16151602.0,205758231.0,-4.73602484472051,-0.6100000000000012,0.015736762819075174,4.891304347826079,1026361151.0
2024-08-21,12.21,12.28,12.46,12.18,6340181.0,79870233.0,0.08149959250203231,0.009999999999999787,0.006177339227836772,2.2819885900570593,1026361151.0
2024-08-22,12.29,12.06,12.45,12.02,6445721.0,80422025.0,-1.7915309446253969,-0.21999999999999886,0.006280168529098974,3.501628664495112,1026361151.0
2024-08-23,12.05,12.36,12.5,12.02,8130943.0,102186568.0,2.487562189054726,0.29999999999999893,0.007922107137509923,3.9800995024875654,1026361151.0
2024-08-26,12.49,12.29,12.53,12.17,7662663.0,96573349.0,-0.5663430420712046,-0.07000000000000028,0.007465854482639123,2.9126213592232966,1026361151.0
2024-08-27,12.21,11.93,12.27,11.87,9436396.0,115737642.0,-2.929210740439381,-0.35999999999999943,0.009194030766661393,3.2546786004882047,1026361151.0
2024-08-28,11.87,11.81,11.97,11.72,6778308.0,81996241.0,-1.0058675607711565,-0.11999999999999922,0.006604213335038828,2.095557418273261,1026361151.0
2024-08-29,11.73,12.12,12.16,11.67,8866859.0,108994057.0,2.624894157493629,0.3099999999999987,0.008639121805575823,4.149026248941577,1026361151.0
2024-08-30,12.12,12.58,12.78,12.08,14652810.0,188465093.0,3.7953795379538136,0.46000000000000085,0.014276465925978915,5.77557755775577,1026361151.0
2024-09-02,12.52,12.12,12.65,12.09,11211760.0,141245236.0,-3.656597774244841,-0.46000000000000085,0.01092379615993474,4.451510333863279,1026361151.0
2024-09-03,12.15,12.2,12.21,11.87,11750659.0,145199953.0,0.660066006600668,0.08000000000000007,0.011448854030134662,2.805280528052819,1026361151.0
2024-09-04,12.05,12.09,12.27,12.01,8047125.0,99912247.0,-0.901639344262295,-0.10999999999999943,0.007840441926469604,2.131147540983605,1026361151.0
2024-09-05,12.41,12.49,12.72,12.21,21986551.0,281556817.0,3.3085194375517046,0.40000000000000036,0.021421846470492528,4.21836228287841,1026361151.0
2024-09-06,12.47,12.1,12.6,12.09,16140500.0,203175697.0,-3.122497998398721,-0.39000000000000057,0.015725945963829646,4.083266613290631,1026361151.0
2024-09-09,12.0,11.94,12.22,11.89,11966100.0,146863423.0,-1.3223140495867813,-0.16000000000000014,0.011658761624347569,2.727272727272728,1026361151.0
2024-09-10,11.97,12.3,12.37,11.58,22160418.0,270704617.0,3.015075376884435,0.3600000000000012,0.02159124785501551,6.616415410385253,1026361151.0
2024-09-11,12.14,12.11,12.21,12.03,10312700.0,127940170.0,-1.5447154471544766,-0.19000000000000128,0.010047827696861064,1.4634146341463534,1026361151.0
2024-09-12,12.21,12.06,12.35,11.97,11049691.0,137343300.0,-0.41288191577207867,-0.049999999999998934,0.010765889754531443,3.1379025598678694,1026361151.0
2024-09-13,12.06,11.75,12.15,11.74,7960200.0,96944657.0,-2.570480928689889,-0.3100000000000005,0.0077557495158933586,3.3996683250414605,1026361151.0
2024-09-18,11.84,11.93,11.96,11.6,10659067.0,128565156.0,1.5319148936170146,0.17999999999999972,0.01038529857605649,3.0638297872340527,1026361151.0
2024-09-19,12.01,12.66,12.68,11.89,22666906.0,288157287.0,6.119027661357923,0.7300000000000004,0.022084727172219324,6.6219614417434975,1026361151.0
2024-09-20,12.62,12.75,12.81,12.53,17249966.0,223946692.0,0.7109004739336511,0.08999999999999986,0.016806916340503616,2.21169036334914,1026361151.0
2024-09-23,12.7,12.64,12.88,12.61,10181295.0,132595447.0,-0.8627450980392082,-0.10999999999999943,0.009919797714557105,2.11764705882354,1026361151.0
2024-09-24,12.7,13.16,13.21,12.55,20741027.0,275197927.0,4.113924050632911,0.5199999999999996,0.020208312619580046,5.221518987341773,1026361151.0
2024-09-25,13.28,13.54,13.83,13.28,28786641.0,402040712.0,2.8875379939209633,0.379999999999999,0.02804728235470791,4.179331306990887,1026361151.0
2024-09-26,13.5,14.14,14.14,13.46,23810784.0,336742034.0,4.431314623338278,0.6000000000000014,0.023199225708027602,5.022156573116689,1026361151.0
2024-09-27,14.32,15.29,15.55,14.32,40791149.0,634188674.0,8.13295615275813,1.1499999999999986,0.03974346550457072,8.6987270155587,1026361151.0
2024-09-30,15.88,16.72,16.81,15.87,43430897.0,734636671.0,9.35251798561152,1.4299999999999997,0.04231541398238289,6.147809025506865,1026361151.0
2024-10-08,18.39,17.99,18.39,16.62,68272944.0,1234099897.0,7.5956937799043,1.2699999999999996,0.06651941563988523,10.586124401913874,1026361151.0
2024-10-09,17.55,16.59,17.58,16.3,46340250.0,807916529.0,-7.78210116731517,-1.3999999999999986,0.04515004290141921,7.115063924402433,1026361151.0
2024-10-10,16.67,16.05,17.0,15.9,31274766.0,521860383.0,-3.2549728752260365,-0.5399999999999991,0.030471502131124602,6.630500301386376,1026361151.0
2024-10-11,15.87,15.48,16.05,15.24,23279163.0,371356075.0,-3.5514018691588767,-0.5700000000000003,0.02268125890902899,5.04672897196262,1026361151.0
2024-10-14,15.64,16.25,16.36,15.53,31980519.0,522020235.0,4.974160206718348,0.7699999999999996,0.03115912850836265,5.361757105943153,1026361151.0
2024-10-15,16.1,16.6,17.49,15.92,50651100.0,879266820.0,2.153846153846173,0.3500000000000014,0.04935017264697697,9.661538461538452,1026361151.0
2024-10-16,16.27,16.35,16.65,16.18,23751371.0,398751811.0,-1.5060240963855387,-0.25,0.023141338676798767,2.8313253012048123,1026361151.0
2024-10-17,16.56,16.58,16.89,16.33,27482233.0,468519456.0,1.406727828746157,0.22999999999999687,0.026776376885683587,3.425076452599402,1026361151.0
2024-10-18,16.59,16.96,17.46,16.49,33539174.0,581859270.0,2.291917973462021,0.38000000000000256,0.032677750874847755,5.850422195416179,1026361151.0
2024-10-21,17.09,18.17,18.33,16.98,46119227.0,839285989.0,7.134433962264164,1.2100000000000009,0.044934696675790295,7.959905660377345,1026361151.0
2024-10-22,18.22,16.92,18.26,16.72,42996786.0,759391169.0,-6.879471656576774,-1.25,0.041892452727879996,8.4755090809026,1026361151.0
2024-10-23,16.95,16.56,17.26,16.41,36814522.0,634693838.0,-2.1276595744680993,-0.360000000000003,0.035868974545783444,5.0236406619385425,1026361151.0
2024-10-24,16.41,16.38,16.51,16.13,18735159.0,312259601.0,-1.0869565217391242,-0.17999999999999972,0.01825396351152422,2.2946859903381798,1026361151.0
2024-10-25,16.42,16.63,16.71,16.3,19835758.0,335043626.0,1.5262515262515208,0.25,0.01932656610373157,2.5030525030525044,1026346734.0
2024-10-28,17.19,17.77,18.15,17.19,51493860.0,940382019.0,6.855081178592903,1.1400000000000006,0.05017199187579818,5.772699939867693,1026346734.0
2024-10-29,17.78,17.4,17.85,17.37,27385155.0,492257299.0,-2.0821609454136247,-0.370000000000001,0.02668216704239057,2.701181767023075,1026346734.0
2024-10-30,17.3,18.04,18.37,17.16,39509608.0,722407502.0,3.67816091954023,0.6400000000000006,0.03849538045102797,6.954022988505752,1026346734.0
2024-10-31,18.02,18.65,19.23,17.86,43638608.0,833155751.0,3.3813747228381263,0.6099999999999994,0.04251838735816545,7.594235033259429,1026346734.0
2024-11-01,18.56,17.89,19.04,17.83,36014108.0,677148868.0,-4.075067024128676,-0.759999999999998,0.035089611343762504,6.487935656836466,1026346734.0
2024-11-04,17.79,18.36,18.44,17.79,22523897.0,416404925.0,2.6271660145332554,0.46999999999999886,0.021945699493013636,3.633314700950263,1026346734.0
2024-11-05,18.36,20.19,20.19,18.36,33307134.0,672912986.0,9.967320261437917,1.8300000000000018,0.032452126456515816,9.96732026143792,1026346734.0
2024-11-06,20.97,20.82,21.49,20.51,74627707.0,1604371786.0,3.1203566121842385,0.629999999999999,0.07271198370666808,4.853888063397706,1026346734.0
2024-11-07,20.52,20.91,21.25,20.2,41866472.0,884776361.0,0.4322766570605152,0.08999999999999986,0.04079174280297364,5.043227665706055,1026346734.0
2024-11-08,20.92,20.14,21.36,20.03,44182386.0,935568570.0,-3.682448589191767,-0.7699999999999996,0.04304820635791101,6.3605930176948755,1026346734.0
2024-11-11,20.07,20.34,20.61,19.87,31137513.0,646498576.0,0.9930486593842991,0.1999999999999993,0.030338200501352205,3.674280039721939,1026346734.0
2024-11-12,20.53,20.2,21.15,20.03,28189817.0,594765942.0,-0.68829891838742,-0.14000000000000057,0.027466173044790924,5.506391347099299,1026346734.0
2024-11-13,20.03,20.78,20.83,19.93,28414051.0,592371460.0,2.871287128712874,0.5800000000000018,0.02768465086770569,4.455445544554449,1026346734.0
2024-11-14,20.81,21.12,21.45,20.47,40948483.0,883199163.0,1.6361886429258954,0.33999999999999986,0.039897318950303205,4.71607314725698,1026346734.0
2024-11-15,20.95,20.08,22.1,19.96,50497359.0,1082623888.0,-4.924242424242442,-1.0400000000000027,0.0492010714577867,10.13257575757576,1026346734.0
2024-11-18,20.11,19.1,20.25,18.9,31628520.0,626157683.0,-4.8804780876493865,-0.9799999999999969,0.030816603153920107,6.723107569721123,1026346734.0
2024-11-19,19.1,19.95,20.12,19.02,24638199.0,484695826.0,4.450261780104703,0.8499999999999979,0.024005726509185733,5.759162303664929,1026346734.0
2024-11-20,19.86,20.47,20.73,19.72,23887228.0,488735767.0,2.6065162907268125,0.5199999999999996,0.02327403323719253,5.0626566416040175,1026346734.0
2024-11-21,20.46,20.38,20.66,20.15,13418327.0,275322782.0,-0.43966780654616233,-0.08999999999999986,0.013073873141978547,2.4914509037616104,1026346734.0
2024-11-22,20.27,19.92,21.25,19.89,32660028.0,679669899.0,-2.257114818449446,-0.4599999999999973,0.0318216319281433,6.673209028459272,1026346734.0
2024-11-25,19.92,19.62,20.16,19.17,21012221.0,413383484.0,-1.5060240963855498,-0.3000000000000007,0.020472828824727375,4.969879518072281,1026346734.0
2024-11-26,19.62,19.25,19.82,19.23,12512282.0,245147443.0,-1.885830784913356,-0.370000000000001,0.01219108668201793,3.0071355759429146,1026346734.0
2024-11-27,19.17,19.6,19.62,18.73,15166956.0,292243936.0,1.81818181818183,0.3500000000000014,0.014777614131327279,4.623376623376626,1026346734.0
2024-11-28,19.62,19.48,20.42,19.43,16584210.0,332109418.0,-0.612244897959191,-0.120000000000001,0.01615848665037989,5.051020408163275,1026346734.0
2024-11-29,19.49,21.23,21.43,19.47,51064189.0,1073201718.0,8.983572895277202,1.75,0.04975335070340858,10.061601642710476,1026346734.0
2024-12-02,20.96,21.23,21.62,20.44,37723952.0,802590265.0,0.0,0.0,0.036755562959681035,5.558172397550634,1026346734.0
2024-12-03,21.11,21.04,21.46,20.61,22929638.0,483944610.0,-0.8949599623174764,-0.19000000000000128,0.022341024958140512,4.003768252472923,1026346734.0
2024-12-04,20.86,20.31,21.13,20.15,21319897.0,439803241.0,-3.469581749049433,-0.7300000000000004,0.02077260665789774,4.657794676806086,1026346734.0
2024-12-05,20.23,20.47,20.68,20.21,14561382.0,300543769.0,0.7877892663712416,0.16000000000000014,0.01418758545978868,2.314130969965529,1026346734.0
2024-12-06,20.52,20.49,21.05,20.29,19196350.0,398743523.0,0.09770395701025336,0.019999999999999574,0.018703571964598858,3.7127503663898462,1026346734.0
2024-12-09,20.37,20.56,20.87,20.31,14732002.0,305196083.0,0.341630063445586,0.07000000000000028,0.014353825575675286,2.733040507564677,1026346734.0
2024-12-10,21.05,21.48,22.32,21.02,36484999.0,794650955.0,4.474708171206232,0.9200000000000017,0.03554841438215168,6.322957198443584,1026346734.0
2024-12-11,21.48,21.86,22.02,21.4,20572642.0,452092384.0,1.7690875232774683,0.379999999999999,0.020044533994688,2.886405959031662,1026346734.0
2024-12-12,21.82,21.72,22.16,20.88,25838960.0,556780591.0,-0.6404391582799707,-0.14000000000000057,0.025175663490736064,5.8554437328453846,1026346734.0
2024-12-13,21.46,20.86,21.93,20.77,21045804.0,450144032.0,-3.959484346224673,-0.8599999999999994,0.02050554973559257,5.340699815837938,1026346734.0
2024-12-16,21.34,21.02,22.0,20.82,28707577.0,616507409.0,0.7670182166826578,0.16000000000000014,0.027970641937074648,5.656759348034514,1026346734.0
2024-12-17,20.87,20.05,20.92,19.9,27215826.0,554762006.0,-4.614652711703138,-0.9699999999999989,0.02651718478601404,4.852521408182698,1026346734.0
2024-12-18,20.05,20.07,20.35,19.88,14150385.0,286531251.0,0.09975062344138586,0.019999999999999574,0.01378713891829854,2.34413965087283,1026346734.0
2024-12-19,19.89,20.45,20.6,19.78,14342300.0,291049170.0,1.8933731938216125,0.379999999999999,0.013974127382959061,4.085700049825611,1026346734.0
2024-12-20,20.38,20.6,20.71,20.24,16051544.0,331411738.0,0.7334963325183574,0.15000000000000213,0.01563949440111922,2.298288508557469,1026346734.0
2024-12-23,20.71,20.42,21.03,20.37,16573977.0,344742745.0,-0.8737864077669855,-0.17999999999999972,0.016148516335611002,3.203883495145632,1026346734.0
2024-12-24,20.47,20.43,20.91,20.15,13146943.0,271377519.0,0.048971596474034484,0.00999999999999801,0.01280945567855239,3.7218413320274313,1026346734.0
2024-12-25,20.38,19.83,20.43,19.68,17447693.0,349781744.0,-2.936857562408235,-0.6000000000000014,0.0169998036940214,3.671071953010279,1026346734.0
2024-12-26,19.68,20.19,20.33,19.68,13538310.0,275147478.0,1.8154311649016819,0.360000000000003,0.013190776130048074,3.2778618255168865,1026346734.0
2024-12-27,20.26,19.9,20.46,19.7,17533920.0,354485481.0,-1.4363546310054653,-0.2900000000000027,0.017083817212205404,3.7642397226349753,1026346734.0
2024-12-30,19.9,20.5,20.71,19.75,17114311.0,351617083.0,3.015075376884435,0.6000000000000014,0.016674979744223554,4.82412060301508,1026346734.0
2024-12-31,20.57,19.82,20.73,19.79,16083982.0,325577268.0,-3.3170731707317103,-0.6799999999999997,0.015670219216703807,4.585365853658542,1026404403.0
2025-01-02,19.78,18.84,19.84,18.61,18782560.0,363847339.0,-4.944500504540872,-0.9800000000000004,0.01829937590398275,6.205852674066602,1026404403.0
2025-01-03,18.88,18.17,18.97,18.1,15712836.0,292061801.0,-3.5562632696390595,-0.6699999999999982,0.01530862100169693,4.617834394904445,1026404403.0
2025-01-06,18.08,17.75,18.27,17.56,14378101.0,258221004.0,-2.311502476609806,-0.4200000000000017,0.014008222254284308,3.907539900935612,1026404403.0
2025-01-07,17.81,17.8,17.93,17.61,12239674.0,218851252.0,0.28169014084507005,0.05000000000000071,0.01192480660081502,1.8028169014084523,1026404403.0
2025-01-08,17.71,17.89,18.1,17.28,13979480.0,248525371.0,0.5056179775280834,0.08999999999999986,0.013619855837660509,4.606741573033709,1026404403.0
2025-01-09,17.93,18.19,19.08,17.77,19707560.0,366415735.0,1.6769144773616684,0.3000000000000007,0.019200580144042894,7.322526551145884,1026404403.0
2025-01-10,18.18,18.68,19.2,17.89,24201747.0,459168057.0,2.693787795492031,0.48999999999999844,0.02357915352785173,7.201759208356232,1026404403.0
2025-01-13,18.58,18.86,19.22,18.45,16373704.0,310134151.0,0.9635974304068595,0.17999999999999972,0.015952488075988893,4.122055674518199,1026404403.0
2025-01-14,18.87,19.72,19.78,18.71,18334360.0,358561518.0,4.559915164369022,0.8599999999999994,0.017862705914366582,5.673382820784732,1026404403.0
2025-01-15,19.76,19.47,19.76,19.27,10230600.0,200940437.0,-1.2677484787018245,-0.25,0.009967416322550595,2.4847870182555885,1026404403.0
2025-01-16,19.62,19.42,19.84,19.27,10043300.0,197688002.0,-0.2568053415510918,-0.04999999999999716,0.009784934642374093,2.92758089368259,1026404403.0
2025-01-17,19.33,19.7,19.85,19.19,11073856.0,218428879.0,1.441812564366618,0.2799999999999976,0.01078897943893563,3.3985581874356336,1026404403.0
2025-01-20,19.92,19.74,20.09,19.59,12402540.0,247251039.0,0.20304568527917954,0.03999999999999915,0.012083482849205978,2.5380710659898478,1026404403.0
2025-01-21,19.8,20.42,20.45,19.6,14800362.0,299774953.0,3.4447821681864443,0.6800000000000033,0.014419620528459482,4.305977710233019,1026404403.0
2025-01-22,20.36,19.9,20.46,19.76,13039574.0,263054657.0,-2.5465230166503594,-0.5200000000000031,0.012704129056624868,3.42801175318315,1026404403.0
2025-01-23,20.13,19.65,20.35,19.57,14251374.0,285965149.0,-1.2562814070351758,-0.25,0.01388475532484636,3.9195979899497546,1026404403.0
2025-01-24,19.6,19.86,20.04,19.5,11904900.0,237795647.0,1.0687022900763399,0.21000000000000085,0.011598644710802162,2.748091603053431,1026404403.0
2025-01-27,20.05,19.77,20.18,19.6,10222600.0,204559069.0,-0.45317220543806824,-0.08999999999999986,0.009959622123717643,2.9204431017119754,1026404403.0
2025-02-05,20.17,19.99,20.41,19.84,15401892.0,311965026.0,1.1127971674253834,0.21999999999999886,0.015005676081457728,2.8831562974203355,1026404403.0
2025-02-06,19.93,20.39,20.44,19.57,16972429.0,344365353.0,2.0010005002501385,0.40000000000000213,0.016535810788021337,4.352176088044027,1026404403.0
2025-02-07,20.45,20.64,21.02,20.28,22179670.0,460452702.0,1.2260912211868646,0.25,0.021609094753659196,3.629230014713087,1026404403.0
2025-02-10,20.67,20.67,20.82,20.44,18022768.0,373901777.0,0.14534883720931369,0.030000000000001137,0.01755912966402191,1.8410852713178247,1026404403.0
2025-02-11,20.84,22.23,22.63,20.84,47698677.0,1045073779.0,7.547169811320753,1.5599999999999987,0.04647162157584782,8.659893565553938,1026404403.0
2025-02-12,22.41,24.46,24.46,22.23,73878320.0,1771898698.0,10.031488978857395,2.2300000000000004,0.07197778944056225,10.031488978857402,1026404403.0
2025-02-13,24.83,23.09,24.83,22.97,62126261.0,1471463648.0,-5.600981193785781,-1.370000000000001,0.060528053872738505,7.604251839738346,1026404403.0
2025-02-14,23.09,23.97,24.34,22.77,57011903.0,1359691766.0,3.8111736682546526,0.879999999999999,0.05554526347837578,6.799480294499785,1026404403.0
2025-02-17,23.94,23.29,24.25,22.98,41399460.0,980776141.0,-2.8368794326241176,-0.6799999999999997,0.04033445285210843,5.298289528577387,1026404403.0
2025-02-18,23.23,22.5,23.48,22.35,32514602.0,747120729.0,-3.3920137398024908,-0.7899999999999991,0.03167815912028974,4.8518677544010265,1026404403.0
2025-02-19,22.47,22.85,23.23,22.23,29400825.0,673611162.0,1.5555555555555545,0.3500000000000014,0.028644484487855417,4.444444444444445,1026404403.0
2025-02-20,22.9,22.66,23.0,22.3,24510985.0,557935457.0,-0.8315098468271387,-0.19000000000000128,0.023880436335189804,3.0634573304157517,1026404403.0
2025-02-21,22.73,23.48,23.61,22.65,33658521.0,785846083.0,3.6187113857016673,0.8200000000000003,0.03279265063713878,4.23654015887026,1026404403.0
2025-02-24,23.65,22.99,23.66,22.72,26897506.0,624379107.0,-2.0868824531516283,-0.490000000000002,0.02620556373431691,4.003407155025559,1026404403.0
2025-02-25,22.56,22.55,22.95,22.16,21515260.0,487774651.0,-1.9138755980861122,-0.4399999999999977,0.020961776797833943,3.4362766420182655,1026404403.0
2025-02-26,22.63,22.82,23.05,22.23,25018558.0,570581325.0,1.197339246119733,0.2699999999999996,0.024374951945719585,3.6363636363636376,1026404403.0
2025-02-27,22.81,23.78,23.95,22.68,47883575.0,1137258192.0,4.206836108676604,0.9600000000000009,0.04665176304782473,5.5652936021034165,1026404403.0
2025-02-28,23.44,22.51,23.56,22.35,26590400.0,613099667.0,-5.340622371740955,-1.2699999999999996,0.02590635808096782,5.088309503784681,1026404403.0
2025-03-03,22.35,22.75,23.55,21.95,25258200.0,583083178.0,1.0661928031985735,0.23999999999999844,0.024608429120310388,7.107952021323862,1026404403.0
2025-03-04,22.45,22.64,22.9,22.33,14649700.0,333746906.0,-0.48351648351647736,-0.10999999999999943,0.014272834330388194,2.505494505494507,1026404403.0
2025-03-05,22.61,22.96,23.0,22.38,15646514.0,357675711.0,1.4134275618374659,0.3200000000000003,0.015244005144822045,2.738515901060075,1026404403.0
2025-03-06,23.11,25.25,25.25,22.79,59985187.0,1478222972.0,9.97386759581882,2.289999999999999,0.05844205931373036,10.714285714285717,1026404403.0
2025-03-07,25.29,24.7,26.23,24.54,55305979.0,1404904469.0,-2.17821782178218,-0.5500000000000007,0.05388322462213756,6.693069306930697,1026404403.0
2025-03-10,24.58,24.24,24.63,23.84,31052335.0,753802684.0,-1.8623481781376516,-0.46000000000000085,0.03025350915218161,3.198380566801616,1026404403.0
2025-03-11,23.94,24.33,24.34,23.8,30273340.0,733083918.0,0.3712871287128605,0.08999999999999986,0.02949455391219712,2.2277227722772244,1026404403.0
2025-03-12,24.45,26.76,26.76,24.45,53024306.0,1395640331.0,9.987669543773126,2.4300000000000033,0.051660247992915125,9.494451294697914,1026404403.0
2025-03-13,26.19,26.91,28.81,25.9,77941952.0,2106228138.0,0.5605381165919132,0.14999999999999858,0.07593688391455584,10.874439461883407,1026404403.0
2025-03-14,27.46,27.14,27.81,26.42,57239815.0,1564118493.0,0.8547008547008517,0.23000000000000043,0.05576731240892777,5.165366034931241,1026404403.0
2025-03-17,27.4,28.62,29.02,26.89,51030271.0,1444277474.0,5.453205600589528,1.4800000000000004,0.0497175098341818,7.848194546794396,1026404403.0
2025-03-18,28.64,28.66,28.86,27.59,37701509.0,1068860314.0,0.13976240391333494,0.03999999999999915,0.036731632181043944,4.4374563242487755,1026404403.0
2025-03-19,28.81,28.64,30.78,27.93,59201011.0,1759743263.0,-0.06978367062107083,-0.019999999999999574,0.05767805635572668,9.944173063503145,1026404403.0
2025-03-20,28.64,27.37,28.69,27.22,45892968.0,1281978587.0,-4.434357541899436,-1.2699999999999996,0.04471236470329132,5.132681564245818,1026404403.0
2025-03-21,27.02,26.81,27.54,26.47,33319354.0,902182424.0,-2.0460358056266115,-0.5600000000000023,0.03246220875769178,3.9093898428936797,1026404403.0
2025-03-24,26.92,26.58,27.59,26.07,32409469.0,868244026.0,-0.8578888474449875,-0.23000000000000043,0.03157573068205164,5.669526296158148,1026404403.0
2025-03-25,26.79,26.4,27.07,26.21,22556304.0,601360279.0,-0.6772009029345383,-0.17999999999999972,0.02197603978906548,3.2355154251316764,1026404403.0
2025-03-26,26.35,26.53,27.2,26.26,22110944.0,594258669.0,0.49242424242426086,0.13000000000000256,0.02154213674003501,3.560606060606052,1026404403.0
2025-03-27,26.62,26.96,27.79,26.62,31307538.0,853910198.0,1.6208066339992389,0.4299999999999997,0.03050214701777736,4.4101017715793365,1026404403.0
2025-03-28,28.65,28.21,28.99,27.32,38940087.0,1103768820.0,4.636498516320464,1.25,0.03793834758130904,6.194362017804147,1026404403.0
2025-03-31,28.01,29.67,30.33,27.71,37642744.0,1091221384.0,5.175469691598722,1.4600000000000009,0.03667437891924164,9.287486706841536,1026404403.0
2025-04-01,29.68,29.24,30.14,28.7,29076516.0,859055127.0,-1.449275362318847,-0.43000000000000327,0.028328518384190916,4.853387259858447,1026404403.0
2025-04-02,29.32,28.82,29.68,28.69,17147351.0,501902996.0,-1.4363885088919282,-0.41999999999999815,0.016706232894053555,3.3857729138166843,1026404403.0
2025-04-03,28.24,28.33,28.9,28.14,15435234.0,442120176.0,-1.7002081887578124,-0.490000000000002,0.015038160353643767,2.637057598889653,1026404403.0
2025-04-07,25.82,25.5,26.45,25.5,18423640.0,476025922.0,-9.989410518884567,-2.8299999999999983,0.01794968917334233,3.3533356865513566,1026404403.0
2025-04-08,24.38,24.85,25.73,24.3,32778236.0,821041262.0,-2.549019607843128,-0.6499999999999986,0.031935011097180575,5.607843137254901,1026404403.0
2025-04-09,25.01,27.34,27.34,25.01,45682882.0,1227662788.0,10.02012072434606,2.4899999999999984,0.04450768319628886,9.376257545271622,1026404403.0
2025-04-10,27.83,28.86,29.66,27.42,47224775.0,1355902313.0,5.559619604974397,1.5199999999999996,0.04600991077393108,8.193123628383315,1026404403.0
2025-04-11,28.46,28.64,29.07,28.41,30276869.0,875353340.0,-0.7623007623007605,-0.21999999999999886,0.02949799212815731,2.2869022869022873,1026404403.0
2025-04-14,27.91,27.57,28.11,26.94,46192321.0,1279355764.0,-3.7360335195530725,-1.0700000000000003,0.04500401680369643,4.08519553072625,1026404403.0
2025-04-15,27.42,26.92,27.46,26.32,29500376.0,795348285.0,-2.3576351106274873,-0.6499999999999986,0.028741474523857825,4.134929270946683,1026404403.0
2025-04-16,26.71,26.62,27.42,26.44,22467661.0,607617542.0,-1.1144130757800963,-0.3000000000000007,0.021889677143171804,3.640416047548293,1026404403.0
2025-04-17,26.37,26.7,27.3,26.35,18562927.0,501790937.0,0.3005259203606281,0.0799999999999983,0.018085392994948015,3.568745304282492,1026404403.0
2025-04-18,26.62,26.14,27.01,25.52,22200531.0,588744362.0,-2.09737827715355,-0.5599999999999987,0.021629419101390976,5.580524344569296,1026404403.0
2025-04-21,26.15,27.61,27.76,26.15,30194816.0,829052791.0,5.623565416985454,1.4699999999999989,0.029418049953552274,6.159143075745995,1026404403.0
2025-04-22,28.19,28.18,28.5,27.76,32464515.0,918728416.0,2.064469395146684,0.5700000000000003,0.03162936061567148,2.68018833755885,1026404403.0
2025-04-23,28.6,27.62,28.6,27.12,34846119.0,972154257.0,-1.9872249822569188,-0.5599999999999987,0.03394969750534089,5.2519517388218615,1026404403.0
2025-04-24,27.42,26.98,27.79,26.89,17785572.0,486844285.0,-2.3171614771904436,-0.6400000000000006,0.017328035565724282,3.2585083272990536,1026404403.0
2025-04-25,27.22,26.85,27.6,26.74,15288956.0,415705805.0,-0.4818383988139274,-0.129999999999999,0.014895645376532938,3.187546330615282,1026404403.0
2025-04-28,26.87,26.52,27.22,26.43,11304581.0,303037752.0,-1.2290502793296132,-0.33000000000000185,0.011013769004652252,2.9422718808193635,1026404403.0
2025-04-29,26.38,26.53,26.86,26.21,10046180.0,269035240.0,0.037707390648566985,0.010000000000001563,0.009787740553953957,2.4509803921568576,1026404403.0
2025-04-30,26.55,26.63,27.12,26.45,12932398.0,348398485.0,0.3769317753486545,0.09999999999999787,0.012599710174859802,2.525442894836041,1026404403.0
2025-05-06,26.98,27.91,28.24,26.98,30222216.0,847411791.0,4.806609087495306,1.2800000000000011,0.02944474508455514,4.731505820503185,1026404403.0
2025-05-07,28.57,27.75,28.79,27.48,27062022.0,764313117.0,-0.5732712289502007,-0.16000000000000014,0.026365847536217166,4.693658187029734,1026404403.0
2025-05-08,27.62,29.71,30.52,27.61,52762548.0,1564418962.0,7.0630630630630575,1.9600000000000009,0.051405223755650625,10.486486486486488,1026404403.0
2025-05-09,29.3,28.31,29.34,28.04,31798149.0,910030323.0,-4.712218108381028,-1.4000000000000021,0.03098013697823157,4.375631100639517,1026404403.0
2025-05-12,28.56,31.14,31.14,27.84,50804537.0,1524684292.0,9.996467679265276,2.830000000000002,0.049497582874262085,11.656658424584956,1026404403.0
2025-05-13,31.73,30.37,31.99,30.24,50691402.0,1575619444.0,-2.4727039177906196,-0.7699999999999996,0.049387358288641325,5.619781631342325,1026404403.0
2025-05-14,30.41,30.15,30.7,29.83,29158144.0,888280263.0,-0.7243990780375409,-0.22000000000000242,0.028408046491982947,2.864669081330263,1026404403.0
2025-05-15,30.05,29.68,30.3,29.18,24014702.0,716432616.0,-1.558872305140957,-0.46999999999999886,0.02339692028776303,3.7147595356550616,1026404403.0
2025-05-16,29.65,29.69,30.08,29.51,18310588.0,548063793.0,0.03369272237196963,0.010000000000001563,0.017839545452534463,1.9204851752021455,1026404403.0
2025-05-19,29.7,29.26,29.74,28.8,18232260.0,535040800.0,-1.4482990906029003,-0.4299999999999997,0.017763232451761025,3.166049174806324,1026404403.0
2025-05-20,29.31,29.21,29.7,29.1,15688527.0,463780351.0,-0.17088174982912152,-0.05000000000000071,0.01528493735426815,2.0505809979494116,1026404403.0
2025-05-21,29.23,29.58,29.68,29.01,15082835.0,445304624.0,1.2666894899007186,0.36999999999999744,0.01469482686932706,2.2937350222526467,1026404403.0
2025-05-22,29.88,30.2,30.99,29.68,32533762.0,992236750.0,2.096010818120364,0.620000000000001,0.03169682622649467,4.428668018931706,1026404403.0
2025-05-23,30.15,29.11,30.16,29.11,21641968.0,644548882.0,-3.609271523178803,-1.0899999999999999,0.021085225216049663,3.4768211920529826,1026404403.0
2025-05-26,30.1,30.4,30.93,29.6,30350738.0,921294311.0,4.431466849879762,1.2899999999999991,0.02956996083735623,4.568876674682234,1026404403.0
2025-05-27,30.2,30.14,30.6,29.93,15680567.0,476009417.0,-0.8552631578947256,-0.259999999999998,0.015277182126429362,2.2039473684210584,1026404403.0
2025-05-28,30.13,29.83,30.24,29.74,10920739.0,329059494.0,-1.0285335102853455,-0.3100000000000023,0.01063980139609748,1.6589250165892502,1026404403.0
2025-05-29,29.87,31.32,31.43,29.73,33774899.0,1049299742.0,4.994971505196122,1.490000000000002,0.03290603479611145,5.698960777740528,1026404403.0
2025-05-30,31.36,30.86,31.87,30.52,23640807.0,736297073.0,-1.4687100893997496,-0.46000000000000085,0.023032643791182177,4.310344827586212,1026404403.0
2025-06-03,31.69,29.95,31.7,29.77,35412757.0,1090224310.0,-2.948801036941029,-0.9100000000000001,0.03450175866012921,6.254050550874918,1026404403.0
2025-06-04,29.65,29.6,29.94,29.11,22328222.0,663201059.0,-1.1686143572620988,-0.34999999999999787,0.021753825231788294,2.7712854757929946,1026404403.0
2025-06-05,29.64,29.93,30.1,29.5,17209108.0,516526329.0,1.1148648648648507,0.3299999999999983,0.016766401186219384,2.0270270270270316,1026404403.0
2025-06-06,29.97,29.4,30.07,29.37,16219923.0,483717454.0,-1.770798529903106,-0.5300000000000011,0.01580266311464761,2.338790511192781,1026404403.0
2025-06-09,29.46,29.69,29.98,29.24,16010699.0,478298041.0,0.9863945578231448,0.2900000000000027,0.015598821432569401,2.5170068027210952,1026404403.0
2025-06-10,29.73,29.58,29.95,29.28,14644661.0,436673688.0,-0.37049511620075304,-0.11000000000000298,0.01426792495939829,2.256652071404507,1026404403.0
2025-06-11,29.6,29.62,30.18,29.45,11785341.0,353149154.0,0.13522650439488082,0.0400000000000027,0.01148216138351854,2.467883705206222,1026404403.0
2025-06-12,29.6,29.71,30.1,29.4,11765004.0,352746222.0,0.30384875084401575,0.08999999999999986,0.011462347555810319,2.3632680621201985,1026404403.0
2025-06-13,29.71,28.86,29.8,28.6,21283706.0,623006142.0,-2.860989565802763,-0.8500000000000014,0.020736179558263255,4.039044092898012,1026404403.0
2025-06-16,28.04,29.61,29.81,28.03,22547506.0,661038424.0,2.598752598752596,0.75,0.02196746811889894,6.167706167706159,1026404403.0
2025-06-17,30.0,30.98,31.29,29.95,40598819.0,1254341446.0,4.626815265113149,1.370000000000001,0.03955440845863168,4.525498142519418,1026404403.0
2025-06-18,30.95,30.89,31.24,30.4,23158148.0,717917588.0,-0.29051000645577973,-0.08999999999999986,0.02256240126436792,2.7114267269205934,1026404403.0
2025-06-19,31.18,29.59,31.19,29.53,21920002.0,666125887.0,-4.208481709291034,-1.3000000000000007,0.021356106750839807,5.373907413402396,1026404403.0
2025-06-20,29.47,29.58,30.65,29.31,17992254.0,540015430.0,-0.03379520108145462,-0.010000000000001563,0.01752940064112332,4.528556944913822,1026404403.0
2025-06-23,29.21,29.94,30.25,28.92,26509754.0,790177488.0,1.217038539553772,0.360000000000003,0.02582778671108253,4.496281271129136,1026404403.0
2025-06-24,29.83,30.22,30.58,29.65,23236296.0,704921148.0,0.9352037408149494,0.2799999999999976,0.022638538895667616,3.1062124248496983,1026404403.0
2025-06-25,29.92,32.43,33.21,29.7,51971628.0,1661896736.0,7.313037723362026,2.210000000000001,0.05063465028803077,11.614824619457318,1026404403.0
2025-06-26,32.44,31.81,32.65,31.66,32677842.0,1054857650.0,-1.9118100524206039,-0.620000000000001,0.03183719974747614,3.0527289546715957,1026404403.0
2025-06-27,31.72,31.41,32.33,31.33,23480780.0,750727315.0,-1.2574662055957253,-0.3999999999999986,0.022876733509102066,3.143665513989312,1026404403.0
2025-06-30,31.8,32.17,32.67,31.8,26557832.0,862969125.0,2.4196115886660374,0.7600000000000016,0.02587462789751887,2.7698185291308532,1026404403.0
2025-07-01,32.32,31.6,32.36,31.59,20441615.0,651986857.0,-1.771837115324837,-0.5700000000000003,0.01991575147208327,2.3935343487721465,1026404403.0
2025-07-02,32.86,31.92,33.34,31.68,33734467.0,1096900572.0,1.0126582278481067,0.3200000000000003,0.03286664291520971,5.253164556962036,1026404403.0
2025-07-03,31.83,31.73,32.13,31.32,15017365.0,475000923.0,-0.5952380952381042,-0.19000000000000128,0.014631041094627885,2.537593984962413,1026404403.0
2025-07-04,31.75,31.81,32.24,31.16,20042390.0,636572551.0,0.2521273242987565,0.0799999999999983,0.019526796593447582,3.4037188780334127,1026404403.0
2025-07-07,31.99,32.89,33.1,31.99,25860068.0,844664771.0,3.3951587551084517,1.0800000000000018,0.025194813978209326,3.489468720528145,1026404403.0
2025-07-08,32.85,32.6,32.99,32.27,20539388.0,670567358.0,-0.8817269686834828,-0.28999999999999915,0.020011009247395056,2.18911523259349,1026404403.0
2025-07-09,32.54,32.27,32.88,32.1,16149186.0,523478805.0,-1.012269938650301,-0.3299999999999983,0.01573374583429179,2.3926380368098195,1026404403.0
2025-07-10,32.25,32.22,32.55,32.0,14098812.0,454535741.0,-0.15494267121166638,-0.05000000000000426,0.013736118004552246,1.7043693833281595,1026404403.0
2025-07-11,32.13,32.71,32.82,31.81,21612057.0,698109499.0,1.5207945375543153,0.490000000000002,0.021056083680888106,3.134698944754816,1026404403.0
2025-07-14,32.5,33.04,33.2,32.28,22901346.0,752266477.0,1.0088657902781906,0.3299999999999983,0.022312205533280432,2.8125955365331756,1026404403.0
2025-07-15,33.04,33.31,34.0,32.72,24033580.0,802247803.0,0.817191283292984,0.2700000000000031,0.02341531264845909,3.8740920096852336,1026404403.0
2025-07-16,33.01,32.7,33.66,32.7,19992578.0,661934384.0,-1.8312818973281297,-0.6099999999999994,0.019478266014414203,2.882017412188513,1026404403.0
2025-07-17,32.65,32.56,32.84,32.0,21223119.0,688110997.0,-0.4281345565749217,-0.14000000000000057,0.020677151167676742,2.5688073394495516,1026404403.0
2025-07-18,32.58,32.28,32.65,32.16,11948862.0,386139706.0,-0.8599508599508643,-0.28000000000000114,0.011641475781938944,1.5049140049140108,1026404403.0
2025-07-21,32.08,31.61,32.08,30.72,29194630.0,912351386.0,-2.075588599752176,-0.6700000000000017,0.028443593884310333,4.213135068153654,1026404403.0
2025-07-22,31.99,32.87,33.18,31.99,29951829.0,977874855.0,3.9860803543182444,1.259999999999998,0.029181313829574444,3.764631445745022,1026404403.0
2025-07-23,32.6,32.0,32.6,31.93,18067901.0,579933210.0,-2.6467903863705455,-0.8699999999999974,0.017603101611012868,2.038332826285372,1026404403.0
2025-07-24,32.02,32.33,33.41,32.02,22488231.0,732387716.0,1.0312499999999947,0.3299999999999983,0.021909717976921032,4.34374999999998,1026404403.0
2025-07-25,32.33,31.7,32.57,31.66,24165772.0,770703553.0,-1.9486545004639644,-0.629999999999999,0.023544103989974797,2.8147231673368394,1026404403.0
2025-07-28,31.44,31.47,31.58,30.7,21333817.0,666047249.0,-0.7255520504731883,-0.23000000000000043,0.020785001445478016,2.776025236593057,1026404403.0
2025-07-29,31.37,30.79,31.38,30.51,28645889.0,883934276.0,-2.1607880521131273,-0.6799999999999997,0.02790896932658618,2.764537654909429,1026404403.0
2025-07-30,30.79,30.3,30.8,29.82,24501254.0,741795828.0,-1.5914257875933702,-0.48999999999999844,0.023870955666584374,3.1828515751867505,1026404403.0
2025-07-31,30.1,29.77,30.39,29.6,18348299.0,549699346.0,-1.7491749174917581,-0.5300000000000011,0.017876286331558147,2.6072607260726044,1026404403.0
2025-08-01,29.69,29.6,29.85,29.04,21044324.0,617606593.0,-0.5710446758481647,-0.16999999999999815,0.020502955695134523,2.7208599261001085,1026404403.0
2025-08-04,29.22,29.68,29.86,29.16,12724761.0,376761285.0,0.2702702702702675,0.0799999999999983,0.01239741466697508,2.3648648648648622,1026404403.0
2025-08-05,29.69,29.52,29.8,29.22,11584071.0,341264800.0,-0.5390835579514808,-0.16000000000000014,0.011286069083629993,1.9541778975741302,1026404403.0
2025-08-06,29.39,29.63,29.84,29.35,12206642.0,360917264.0,0.37262872628727184,0.10999999999999943,0.011892624353833758,1.659891598915984,1026404403.0
2025-08-07,29.6,29.33,29.86,29.31,13267678.0,391362317.0,-1.0124873439082083,-0.3000000000000007,0.012926365047948845,1.856226797165038,1026404403.0
2025-08-08,29.25,29.03,29.29,28.91,11798349.0,342806833.0,-1.0228435049437379,-0.29999999999999716,0.01149483475082092,1.2956017729287386,1026404403.0
2025-08-11,29.01,29.21,29.28,28.92,10952828.0,319305065.0,0.6200482259731244,0.17999999999999972,0.010671064901891306,1.2400964519462605,1026404403.0
2025-08-12,29.22,30.01,30.14,29.09,22871470.0,677751460.0,2.7387880862718372,0.8000000000000007,0.022283098097738773,3.5946593632317727,1026404403.0
2025-08-13,30.1,30.12,30.18,29.86,15916397.0,478057025.0,0.366544485171616,0.10999999999999943,0.015506945365276264,1.0663112295901376,1026404403.0
2025-08-14,29.83,29.73,30.28,29.26,25589584.0,761585093.0,-1.294820717131473,-0.39000000000000057,0.024931288218567785,3.3864541832669306,1026404403.0
2025-08-15,29.56,29.74,29.75,29.2,18206139.0,537473251.0,0.03363605785400292,0.00999999999999801,0.017737783418296578,1.8499831819710753,1026404403.0
2025-08-18,29.22,29.3,29.62,28.6,45080150.0,1310429719.0,-1.4794889038332149,-0.4399999999999977,0.043920456564915965,3.429724277067921,1026404403.0
2025-08-19,29.28,29.05,29.74,29.01,26091141.0,763293186.0,-0.8532423208191142,-0.25,0.025419942591575186,2.491467576791798,1026404403.0
2025-08-20,28.92,29.29,29.44,28.7,20733604.0,602149708.0,0.8261617900171991,0.23999999999999844,0.020200229012462646,2.5473321858864093,1026404403.0
2025-08-21,30.01,30.68,31.49,30.01,53768870.0,1654265988.0,4.745646978490958,1.3900000000000006,0.05238565797539744,5.052919085011939,1026404403.0
2025-08-22,30.51,30.49,30.68,29.75,32806454.0,993665298.0,-0.6192959582790092,-0.19000000000000128,0.031962503185014104,3.031290743155149,1026404403.0
2025-08-25,30.61,30.7,30.99,30.2,30481569.0,931830546.0,0.6887504099704955,0.21000000000000085,0.029697426190795483,2.5910134470318114,1026404403.0
2025-08-26,30.21,30.1,30.54,29.5,31473719.0,946590842.0,-1.9543973941367976,-0.5999999999999979,0.03066405298730972,3.3876221498371306,1026404403.0
2025-08-27,30.18,29.37,30.35,29.37,30613511.0,917373572.0,-2.4252491694352174,-0.7300000000000004,0.02982597396359766,3.2558139534883734,1026404403.0
2025-08-28,29.3,29.16,29.36,28.0,34263838.0,985525980.0,-0.7150153217568955,-0.21000000000000085,0.033382395769009574,4.630575417092269,1026404403.0
2025-08-29,29.19,28.8,29.35,28.73,21514367.0,623277088.0,-1.2345679012345623,-0.35999999999999943,0.020960906770389216,2.126200274348426,1026404403.0
2025-09-01,28.81,29.42,30.4,28.7,31746807.0,939524705.0,2.1527777777777812,0.620000000000001,0.03093011575867139,5.902777777777775,1026404403.0
2025-09-02,29.35,28.23,29.35,27.97,28896638.0,820347913.0,-4.044867437117617,-1.1900000000000013,0.028153267771981683,4.690686607749839,1026404403.0
2025-09-03,28.3,27.36,28.32,27.2,17037481.0,472371784.0,-3.081827842720508,-0.870000000000001,0.01659918931583149,3.9674105561459476,1026404403.0
2025-09-04,27.36,26.86,27.37,26.52,16560151.0,446235502.0,-1.8274853801169555,-0.5,0.016134138699714834,3.1067251461988357,1026404403.0
2025-09-05,26.9,27.23,27.35,26.68,14701309.0,398028383.0,1.3775130305286654,0.370000000000001,0.014323115681334425,2.4944154877140794,1026404403.0
2025-09-08,27.1,27.79,27.87,26.94,13755410.0,377821996.0,2.0565552699228773,0.5599999999999987,0.01340155007109805,3.415350716121923,1026404403.0
2025-09-09,27.84,27.44,28.15,27.34,11766879.0,326533348.0,-1.2594458438287104,-0.34999999999999787,0.011464174321161792,2.914717524289308,1026404403.0
2025-09-10,27.69,27.47,28.1,27.41,9429927.0,260926492.0,0.10932944606412143,0.029999999999997584,0.009360292219904793,2.514577259475223,1007439381.0
2025-09-11,27.45,27.85,27.87,26.94,16069505.0,441699681.0,1.3833272661084806,0.38000000000000256,0.015950840619362288,3.385511467054968,1007439381.0
2025-09-12,28.06,27.28,28.07,27.22,15922269.0,439441215.0,-2.046678635547572,-0.5700000000000003,0.015804691875550177,3.0520646319569167,1007439381.0
2025-09-15,27.45,27.41,27.51,26.91,14631519.0,398316425.0,0.4765395894428037,0.129999999999999,0.014523473348318513,2.1994134897360755,1007439381.0
2025-09-16,27.47,28.41,28.47,27.1,23464288.0,654073988.0,3.648303538854436,1.0,0.02329101724880854,4.998175848230564,1007439381.0
2025-09-17,28.3,28.92,29.28,28.15,23001679.0,665748018.0,1.7951425554382228,0.5100000000000016,0.022831824359663383,3.977472720872941,1007439381.0
2025-09-18,28.88,27.75,29.07,27.41,22834478.0,645508204.0,-4.045643153526979,-1.1700000000000017,0.022665858046301647,5.739972337482711,1007439381.0
2025-09-19,27.76,27.58,28.19,27.56,11426683.0,317683361.0,-0.6126126126126175,-0.1700000000000017,0.011342303284449429,2.2702702702702795,1007439381.0
2025-09-22,27.58,28.0,28.05,27.49,12579176.0,348502833.0,1.5228426395939243,0.4200000000000017,0.012486285762934653,2.0304568527918865,1007439381.0
2025-09-23,27.84,26.86,27.9,26.21,24010434.0,643409911.0,-4.07142857142857,-1.1400000000000006,0.023833130263546845,6.035714285714278,1007439381.0
2025-09-24,26.65,27.36,27.37,26.55,14672709.0,396243680.0,1.8615040953090078,0.5,0.01456435918301669,3.052866716306777,1007439381.0
2025-09-25,27.6,28.7,29.48,27.59,43987080.0,1276447480.0,4.897660818713456,1.3399999999999999,0.043662259813923236,6.907894736842107,1007439381.0
2025-09-26,28.7,28.02,28.96,28.01,19489228.0,554484154.0,-2.369337979094077,-0.6799999999999997,0.01934531086193463,3.3101045296167224,1007439381.0
2025-09-29,28.0,28.27,28.45,27.8,16945953.0,476707518.0,0.8922198429692996,0.25,0.016820816537049785,2.319771591720195,1007439381.0
2025-09-30,28.26,29.56,29.8,28.26,34380959.0,1005429215.0,4.563141139016613,1.2899999999999991,0.034127074688973275,5.44747081712062,1007439381.0
2025-10-09,29.4,28.97,29.43,28.68,22127707.0,640269010.0,-1.9959404600811914,-0.5899999999999999,0.021964306158089326,2.537212449255751,1007439381.0
2025-10-10,28.74,28.16,28.93,28.08,18036720.0,513214127.0,-2.795995857783906,-0.8099999999999987,0.017903528827805472,2.9340697273041125,1007439381.0
2025-10-13,27.38,27.43,27.98,27.01,15851290.0,434034931.0,-2.5923295454545414,-0.7300000000000004,0.015734237016092983,3.4446022727272685,1007439381.0
2025-10-14,27.7,27.05,27.87,26.9,14566504.0,397827596.0,-1.3853445133065967,-0.379999999999999,0.014458938448029559,3.5362741523879055,1007439381.0
2025-10-15,26.98,27.17,27.18,26.75,8587512.0,231779947.0,0.44362292051756125,0.120000000000001,0.00852409798739047,1.5896487985212557,1007439381.0
2025-10-16,27.06,26.59,27.06,26.47,12530127.0,334418699.0,-2.1347073978652986,-0.5800000000000018,0.012437598962592073,2.171512697828487,1007439381.0
2025-10-17,26.6,26.25,26.78,26.1,8590703.0,227363463.0,-1.278676194057915,-0.33999999999999986,0.008527265423625523,2.557352388115832,1007439381.0
2025-10-20,26.42,26.28,26.51,26.15,7936930.0,209219850.0,0.11428571428571122,0.030000000000001137,0.007878320174581304,1.3714285714285828,1007439381.0
2025-10-21,26.28,26.37,26.55,26.21,6859969.0,181139057.0,0.3424657534246478,0.08999999999999986,0.006809311934173834,1.2937595129375945,1007439381.0
2025-10-22,26.22,26.27,26.65,26.18,7601583.0,200767500.0,-0.3792188092529458,-0.10000000000000142,0.007545449526158637,1.7823284034888087,1007439381.0
2025-10-23,26.28,26.09,26.38,25.57,12242523.0,316092402.0,-0.6851922344880079,-0.17999999999999972,0.012152118758597546,3.0833650551960363,1007439381.0
2025-10-24,26.1,26.35,26.4,26.09,9269239.0,243554361.0,0.9965504024530558,0.26000000000000156,0.00920079081165083,1.1881947106170898,1007439381.0
2025-10-27,26.5,27.29,27.59,26.46,21443029.0,581232614.0,3.567362428842502,0.9399999999999977,0.021284684125327042,4.288425047438326,1007439381.0
2025-10-28,27.1,28.02,28.4,26.98,22045691.0,615997544.0,2.6749725174056493,0.7300000000000004,0.021882895800754885,5.203371198241107,1007439381.0
2025-10-29,28.08,27.83,28.45,27.62,18359936.0,511577382.0,-0.6780870806566752,-0.19000000000000128,0.018224358056934047,2.962169878658095,1007439381.0
2025-10-30,27.84,27.29,27.84,27.25,13401243.0,368281226.0,-1.9403521379805944,-0.5399999999999991,0.013302282254141899,2.1200143729787997,1007439381.0
2025-10-31,27.35,27.52,27.74,27.11,12234041.0,335099057.0,0.8427995602784843,0.23000000000000043,0.012143699393462564,2.308537925980209,1007439381.0
2025-11-03,27.41,27.77,27.98,27.37,11071517.0,306054412.0,0.9084302325581328,0.25,0.010989759988348122,2.2165697674418583,1007439381.0
2025-11-04,27.66,26.99,27.75,26.72,11865889.0,321897954.0,-2.8087864602088675,-0.7800000000000011,0.011778265991767897,3.7090385307886247,1007439381.0
2025-11-05,26.51,26.65,26.76,26.27,8914424.0,236711262.0,-1.2597258243793985,-0.33999999999999986,0.008848595923609225,1.815487217487966,1007439381.0
2025-11-06,26.7,26.66,26.92,26.53,8149844.0,217419999.0,0.037523452157595116,0.010000000000001563,0.008089661922795135,1.4634146341463437,1007439381.0
2025-11-07,26.44,25.65,26.47,25.55,26582842.0,687035360.0,-3.7884471117779484,-1.0100000000000016,0.026386542457386822,3.450862715678913,1007439381.0
2025-11-10,25.75,25.75,25.77,25.55,7806812.0,200413679.0,0.3898635477582957,0.10000000000000142,0.007749163023834583,0.8576998050682217,1007439381.0
2025-11-11,25.8,25.7,26.19,25.6,11275634.0,290893517.0,-0.1941747572815511,-0.05000000000000071,0.01119236969752724,2.2912621359223295,1007439381.0
2025-11-12,25.69,25.43,25.73,25.31,8714245.0,222063334.0,-1.050583657587545,-0.2699999999999996,0.008649895134484524,1.6342412451361934,1007439381.0
2025-11-13,25.45,25.64,25.65,25.33,8092136.0,206170583.0,0.8257963035784632,0.21000000000000085,0.00803238006436439,1.258356272119545,1007439381.0
2025-11-14,25.48,25.33,25.74,25.31,7718540.0,196863499.0,-1.2090483619344838,-0.3100000000000023,0.007661542863589924,1.677067082683306,1007439381.0
2025-11-17,25.3,25.92,25.96,25.11,13043210.0,334349902.0,2.3292538491906933,0.5900000000000034,0.012946893129245263,3.3557046979865826,1007439381.0
2025-11-18,25.68,25.81,26.03,25.4,9224206.0,237162148.0,-0.4243827160493985,-0.11000000000000298,0.009156090355375932,2.430555555555565,1007439381.0
2025-11-19,25.93,25.81,25.95,25.6,7020473.0,180866085.0,0.0,0.0,0.006968630701165731,1.3560635412630682,1007439381.0
2025-11-20,25.85,25.28,25.93,25.2,7861668.0,200209639.0,-2.0534676481983594,-0.5299999999999976,0.007803613942703318,2.8283611003487037,1007439381.0
2025-11-21,25.15,25.27,25.45,24.8,13361843.0,335472121.0,-0.03955696202532222,-0.010000000000001563,0.01326317320128664,2.571202531645564,1007439381.0
2025-11-24,25.24,25.97,26.16,25.09,13720960.0,353527177.0,2.7700831024930705,0.6999999999999993,0.013619638321444574,4.234269885239415,1007439381.0
2025-11-25,26.06,26.48,26.65,25.96,18282550.0,482887820.0,1.9638043896804014,0.5100000000000016,0.018147543509617874,2.656911821332298,1007439381.0
2025-11-26,26.33,26.15,26.52,26.15,9426303.0,248308904.0,-1.246223564954685,-0.33000000000000185,0.009356694981134553,1.3972809667673753,1007439381.0
2025-11-27,26.15,25.64,26.23,25.6,9494632.0,245888124.0,-1.9502868068833612,-0.509999999999998,0.009424519409371787,2.409177820267683,1007439381.0
2025-11-28,25.63,25.84,25.89,25.45,8814480.0,226164796.0,0.7800312012480548,0.1999999999999993,0.008749389954610083,1.7160686427457148,1007439381.0
2025-12-01,25.83,25.78,26.02,25.64,6705832.0,173242589.0,-0.23219814241485226,-0.05999999999999872,0.006656313150418725,1.4705882352941138,1007439381.0
2025-12-02,25.68,25.52,25.83,25.22,13692837.0,349046266.0,-1.0085337470907785,-0.26000000000000156,0.013591722994199688,2.3661753297129535,1007439381.0
2025-12-03,25.53,24.83,25.55,24.71,12728061.0,317765617.0,-2.7037617554859006,-0.6900000000000013,0.012634071329796468,3.2915360501567394,1007439381.0
2025-12-04,24.83,24.94,24.98,24.66,6352893.0,157936935.0,0.4430124848973094,0.11000000000000298,0.00630598040915774,1.2887635924285152,1007439381.0
2025-12-05,24.88,25.52,25.64,24.71,11431417.0,288588656.0,2.3255813953488413,0.5799999999999983,0.01134700232648539,3.728949478748996,1007439381.0
2025-12-08,25.54,25.97,26.15,25.53,13605143.0,353177818.0,1.7633228840125303,0.4499999999999993,0.013504676565745647,2.4294670846394886,1007439381.0
2025-12-09,25.87,25.57,26.12,25.52,9190657.0,236892726.0,-1.5402387370042292,-0.3999999999999986,0.009122789096131234,2.310358105506359,1007439381.0
2025-12-10,25.54,26.04,26.33,25.24,13333955.0,346110783.0,1.838091513492368,0.46999999999999886,0.013235491138697108,4.262807978099334,1007439381.0
2025-12-11,26.05,25.67,26.32,25.63,11861281.0,307480803.0,-1.4208909370199585,-0.36999999999999744,0.011773692019291829,2.649769585253461,1007439381.0
2025-12-12,25.65,25.99,26.15,25.6,8474401.0,219537533.0,1.2465913517724747,0.31999999999999673,0.008411822249382566,2.142578885858968,1007439381.0
2025-12-15,25.9,25.73,26.23,25.68,7703261.0,199593187.0,-1.000384763370521,-0.259999999999998,0.007646376690529631,2.116198537899195,1007439381.0
2025-12-16,25.69,25.8,25.96,25.3,9825882.0,251891257.0,0.27205596579868985,0.07000000000000028,0.009753323311866841,2.5650991061018273,1007439381.0
2025-12-17,25.62,25.9,26.09,25.21,10734001.0,275156349.0,0.3875968992248069,0.09999999999999787,0.010654736356787308,3.4108527131782904,1007439381.0
2025-12-18,25.69,25.73,25.97,25.66,6669503.0,172227745.0,-0.6563706563706528,-0.16999999999999815,0.006620252419931954,1.196911196911192,1007439381.0
2025-12-19,25.74,26.09,26.28,25.74,10982114.0,286494863.0,1.3991449669646272,0.35999999999999943,0.010901017179911095,2.0987174504469595,1007439381.0
2025-12-22,26.05,26.27,26.49,25.91,10366542.0,272491260.0,0.6899195093905686,0.17999999999999972,0.010289990837672049,2.223073974702945,1007439381.0
2025-12-23,26.3,25.76,26.3,25.65,9914614.0,256981928.0,-1.9413779977160206,-0.509999999999998,0.009841400075266663,2.474305291206708,1007439381.0
2025-12-24,25.7,26.03,26.14,25.69,7996202.0,208081415.0,1.0481366459627273,0.2699999999999996,0.007937154483739602,1.7468944099378851,1007439381.0
2025-12-25,26.41,26.83,27.2,26.28,19766979.0,528900522.0,3.0733768728390176,0.7999999999999972,0.019621010824868678,3.5343834037648794,1007439381.0
2025-12-26,26.7,26.51,26.92,26.38,10406218.0,277260886.0,-1.1926947446887715,-0.31999999999999673,0.010329373852420406,2.0126723816623286,1007439381.0
2025-12-29,26.62,27.16,27.54,26.33,22260266.0,600636890.0,2.451904941531491,0.6499999999999986,0.022095886283405076,4.564315352697099,1007439381.0
2025-12-30,27.89,27.84,28.41,27.6,41174724.0,1157362722.0,2.503681885125175,0.6799999999999997,0.04087067150296361,2.9823269513991115,1007439381.0
2025-12-31,27.45,28.32,28.59,27.45,29036761.0,816198107.0,1.724137931034475,0.4800000000000004,0.02882234062676571,4.094827586206899,1007439381.0
2026-01-05,28.1,27.72,28.11,27.3,26295250.0,726233274.0,-2.1186440677966156,-0.6000000000000014,0.026101074164778953,2.8601694915254194,1007439381.0
2026-01-06,27.65,27.97,28.37,27.6,22885626.0,641652929.0,0.9018759018758926,0.25,0.022716628346693548,2.7777777777777763,1007439381.0
2026-01-07,27.98,27.58,28.13,27.51,16166147.0,448666814.0,-1.3943510904540601,-0.39000000000000057,0.016046768971799803,2.2166607079013136,1007439381.0
2026-01-08,27.55,27.67,27.97,27.42,10084106.0,278970553.0,0.32632342277012505,0.09000000000000341,0.010009640470864221,1.9941986947062988,1007439381.0
2026-01-09,27.66,28.05,28.07,27.46,16227517.0,451614654.0,1.3733285146367846,0.379999999999999,0.01610768578839187,2.204553668232741,1007439381.0
2026-01-12,28.16,29.17,29.28,28.11,29389191.0,845467882.0,3.9928698752228264,1.120000000000001,0.029172168126709353,4.171122994652412,1007439381.0
2026-01-13,29.59,29.15,29.88,28.8,29309005.0,856172452.0,-0.06856359273227364,-0.020000000000003126,0.029092574255840015,3.702434007541989,1007439381.0
2026-01-14,29.1,30.44,31.6,29.01,51146242.0,1572780058.0,4.425385934819914,1.2900000000000027,0.05076855537375504,8.88507718696398,1007439381.0
2026-01-15,30.89,30.45,31.44,30.03,32989897.0,1016695006.0,0.03285151116951823,0.00999999999999801,0.03274628491021833,4.6320630749014455,1007439381.0
2026-01-16,30.7,29.08,31.03,28.58,35880215.0,1053488025.0,-4.499178981937602,-1.370000000000001,0.03561525951505364,8.045977011494262,1007439381.0
2026-01-19,29.0,29.06,29.3,28.6,17731219.0,514585987.0,-0.06877579092159358,-0.019999999999999574,0.01760028378322844,2.407152682255844,1007439381.0
2026-01-20,29.06,28.61,29.5,28.22,18963593.0,542803029.0,-1.5485203028217431,-0.4499999999999993,0.01882355738483882,4.404679972470754,1007439381.0
2026-01-21,28.45,28.73,28.77,27.9,26104157.0,743002642.0,0.41943376441804237,0.120000000000001,0.025911392280584276,3.040894792030762,1007439381.0
2026-01-22,28.88,28.72,29.0,28.23,15261431.0,435940470.0,-0.03480682213714559,-0.010000000000001563,0.015148733797611988,2.6801253045596924,1007439381.0
2026-01-23,28.76,28.65,29.06,28.5,14948100.0,429096995.0,-0.24373259052924423,-0.07000000000000028,0.01483771657324164,1.9498607242339787,1007439381.0
2026-01-26,28.67,28.59,29.14,27.93,20384400.0,580504249.0,-0.20942408376962707,-0.05999999999999872,0.02023387251326837,4.223385689354279,1007439381.0
2026-01-27,28.41,28.3,28.74,27.76,13012272.0,365351137.0,-1.0143406785589337,-0.28999999999999915,0.01291618358921389,3.427771948233637,1007439381.0
2026-01-28,28.21,27.96,28.29,27.9,13216207.0,370460123.0,-1.201413427561837,-0.33999999999999986,0.013118612642362052,1.3780918727915215,1007439381.0
2026-01-29,27.81,28.18,28.6,27.37,19917975.0,559209313.0,0.7868383404864066,0.21999999999999886,0.019770891803166466,4.399141630901289,1007439381.0
2026-01-30,28.01,27.32,28.04,27.25,15301658.0,421033156.0,-3.0518097941802713,-0.8599999999999994,0.015188663743530987,2.8034066713981516,1007439381.0
2026-02-02,27.5,26.68,27.66,26.6,11496634.0,312122041.0,-2.342606149341142,-0.6400000000000006,0.011411737735116391,3.8799414348462617,1007439381.0
2026-02-03,26.89,26.97,27.1,26.61,10884810.0,292555660.0,1.0869565217391353,0.28999999999999915,0.010804431715976368,1.8365817091454346,1007439381.0
2026-02-04,26.8,26.98,27.16,26.3,16204402.0,433616222.0,0.03707823507601571,0.010000000000001563,0.01608474147984493,3.188728216536891,1007439381.0
2026-02-05,26.74,26.7,26.99,26.51,9909168.0,264552339.0,-1.0378057820607856,-0.28000000000000114,0.009835994290955755,1.779095626389907,1007439381.0
2026-02-06,26.5,26.74,26.95,26.1,11849380.0,314914043.0,0.1498127340823885,0.03999999999999915,0.01176187890157532,3.183520599250928,1007439381.0
2026-02-09,26.99,26.77,27.09,26.64,10051632.0,269098912.0,0.11219147344803115,0.030000000000001137,0.009977406273340827,1.6828721017202668,1007439381.0
2026-02-10,26.77,26.81,27.08,26.67,7946671.0,213733764.0,0.14942099364960715,0.03999999999999915,0.007887989242699655,1.5315651849084668,1007439381.0
2026-02-11,26.74,26.52,26.82,26.52,7130550.0,190080731.0,-1.0816859380827992,-0.28999999999999915,0.007077894843580668,1.1189854531891112,1007439381.0
2026-02-12,26.62,26.59,26.7,26.32,7940362.0,210730129.0,0.2639517345399689,0.07000000000000028,0.00788172683116504,1.4328808446455468,1007439381.0
2026-02-13,26.59,26.27,26.84,26.23,9655029.0,256166793.0,-1.2034599473486285,-0.3200000000000003,0.009583731966499332,2.2940955246333186,1007439381.0
2026-02-24,26.44,25.68,26.48,25.54,17922103.0,465143344.0,-2.2459078797106957,-0.5899999999999999,0.017789758210772187,3.578226113437386,1007439381.0
2026-02-25,25.7,25.8,26.06,25.65,11283508.0,291561562.0,0.4672897196261738,0.120000000000001,0.011200185552404963,1.596573208722742,1007439381.0
2026-02-26,25.9,25.38,26.05,25.28,13567748.0,346734539.0,-1.6279069767441978,-0.4200000000000017,0.013467557707077563,2.984496124031006,1007439381.0
2026-02-27,25.33,25.17,25.58,25.03,20511101.0,516767030.0,-0.8274231678486843,-0.2099999999999973,0.020359637896664673,2.1670606776989643,1007439381.0
2026-03-02,24.88,23.99,24.88,23.57,27743784.0,667778295.0,-4.6881207787048185,-1.1800000000000033,0.027538911544693723,5.2046086611044835,1007439381.0
2026-03-03,24.0,22.82,24.08,22.77,19453598.0,453353961.0,-4.877032096706957,-1.1699999999999982,0.019309943969720595,5.460608586911208,1007439381.0
2026-03-04,22.67,22.67,22.94,22.5,11581896.0,263033413.0,-0.6573181419807117,-0.14999999999999858,0.011496370122541398,1.9281332164767802,1007439381.0
2026-03-05,23.01,22.98,23.14,22.8,10998734.0,252348401.0,1.3674459638288505,0.3099999999999987,0.010917514450430243,1.4997794441993817,1007439381.0
2026-03-06,22.88,23.15,23.22,22.78,9446179.0,217669541.0,0.7397737162750051,0.16999999999999815,0.00937642420789981,1.9147084421235756,1007439381.0
2026-03-09,22.78,22.91,23.02,22.35,12402775.0,280967789.0,-1.0367170626349842,-0.23999999999999844,0.012311187386469658,2.8941684665226703,1007439381.0
2026-03-10,23.08,23.07,23.43,22.93,11542082.0,266399439.0,0.698384984722833,0.16000000000000014,0.011456850126846491,2.182453077258839,1007439381.0
2026-03-11,23.07,22.88,23.15,22.8,12124930.0,278709704.0,-0.8235804074555708,-0.19000000000000128,0.012035394117673468,1.5171218032076197,1007439381.0
2026-03-12,22.8,23.02,23.13,22.76,11363722.0,261282652.0,0.6118881118881037,0.14000000000000057,0.011279807216509834,1.617132867132856,1007439381.0
2026-03-13,22.97,22.51,22.97,22.45,13372943.0,302536266.0,-2.215464813205903,-0.509999999999998,0.013274191233943832,2.258905299739355,1007439381.0
2026-03-16,22.61,22.79,22.93,22.5,11073178.0,251830845.0,1.2438916037316616,0.2799999999999976,0.010991408722784483,1.910262105730785,1007439381.0
2026-03-17,22.79,22.03,22.79,22.03,18899119.0,423053759.0,-3.3347959631417234,-0.759999999999998,0.01875955948956496,3.33479596314172,1007439381.0
2026-03-18,22.01,22.26,22.35,21.76,10662834.0,235181859.0,1.0440308669995568,0.23000000000000043,0.010584094885605827,2.678166137085791,1007439381.0
2026-03-19,22.0,21.68,22.07,21.61,13645940.0,296850757.0,-2.605570530098844,-0.5800000000000018,0.013545172302530826,2.066486972147353,1007439381.0
2026-03-20,21.78,21.01,21.85,21.01,10324515.0,220512313.0,-3.090405904059035,-0.6699999999999982,0.010248274183754586,3.8745387453874534,1007439381.0
2026-03-23,20.58,19.75,20.7,19.52,19237934.0,387013663.0,-5.997144217039507,-1.2600000000000016,0.019095872528731333,5.6163731556401695,1007439381.0
2026-03-24,20.1,20.3,20.41,19.81,16704596.0,335140560.0,2.784810126582271,0.5500000000000007,0.016581241824613565,3.037974683544311,1007439381.0
2026-03-25,20.3,20.57,20.69,20.29,9971531.0,204717008.0,1.3300492610837322,0.2699999999999996,0.009897896774793639,1.970443349753705,1007439381.0
2026-03-26,20.57,20.14,20.63,20.1,7886815.0,160386864.0,-2.0904229460379176,-0.4299999999999997,0.00782857524605741,2.5765678172095168,1007439381.0
2026-03-27,19.88,20.15,20.39,19.85,12109310.0,244729452.0,0.049652432969216065,0.00999999999999801,0.012019889462709023,2.681231380337632,1007439381.0
2026-03-30,19.88,20.2,20.27,19.73,13485651.0,270892349.0,0.24813895781639062,0.05000000000000071,0.01338606694788319,2.6799007444168694,1007439381.0
2026-03-31,20.24,20.1,20.47,20.05,11628912.0,235287053.0,-0.4950495049504844,-0.09999999999999787,0.01154303893546127,2.0792079207920704,1007439381.0
2026-04-01,20.4,20.3,20.49,20.22,11550699.0,235076276.0,0.995024875621886,0.1999999999999993,0.011465403495081359,1.34328358208955,1007439381.0
2026-04-02,20.3,19.79,20.32,19.66,12476721.0,248175268.0,-2.512315270935972,-0.5100000000000016,0.012384587336277656,3.251231527093597,1007439381.0
2026-04-03,19.98,19.58,20.3,19.48,9315283.0,183565136.0,-1.0611419909045017,-0.21000000000000085,0.009246494802251532,4.143506821627086,1007439381.0
2026-04-07,19.51,19.62,19.9,19.51,6777867.0,133760943.0,0.20429009193054792,0.0400000000000027,0.0067278162119016865,1.9918283963227632,1007439381.0
2026-04-08,20.03,20.58,20.65,19.96,24501065.0,499212054.0,4.892966360856255,0.9599999999999973,0.024320138225765862,3.5168195718654314,1007439381.0
2026-04-09,20.34,19.79,20.34,19.72,21032938.0,419292093.0,-3.838678328474243,-0.7899999999999991,0.020877621419883724,3.012633624878528,1007439381.0
2026-04-10,19.97,20.18,20.4,19.86,31955046.0,644112954.0,1.9706922688226491,0.39000000000000057,0.03171907571081937,2.728650833754417,1007439381.0
2026-04-13,19.96,19.64,20.0,19.61,21225921.0,419374337.0,-2.6759167492566904,-0.5399999999999991,0.021069179347476787,1.9326065411298343,1007439381.0
2026-04-14,19.83,19.88,19.93,19.66,13792039.0,273209412.0,1.2219959266802416,0.23999999999999844,0.01369019244245724,1.3747454175152727,1007439381.0
2026-04-15,20.02,19.84,20.2,19.8,13497652.0,269257777.0,-0.2012072434607548,-0.03999999999999915,0.013397979327155168,2.012072434607639,1007439381.0
2026-04-16,19.86,20.22,20.29,19.86,22101185.0,445751428.0,1.9153225806451513,0.379999999999999,0.02193798000834752,2.1673387096774177,1007439381.0
2026-04-17,20.67,21.26,21.79,20.6,43980369.0,935263124.0,5.143422354104854,1.0400000000000027,0.04365559837093563,5.885262116716112,1007439381.0
2026-04-20,21.26,21.49,21.63,21.01,27889122.0,597960621.0,1.0818438381937856,0.22999999999999687,0.027683176304183012,2.916274694261512,1007439381.0
2026-04-21,21.51,21.11,21.51,21.01,17363112.0,366811114.0,-1.7682643089809158,-0.379999999999999,0.017234895049233735,2.326663564448581,1007439381.0
2026-04-22,21.02,21.2,21.24,20.81,17010157.0,358539186.0,0.426338228327805,0.08999999999999986,0.016884546426123876,2.036949313121742,1007439381.0
2026-04-23,21.11,21.04,21.34,20.92,17721380.0,372802502.0,-0.7547169811320753,-0.16000000000000014,0.01759051743878573,1.9811320754716895,1007439381.0
2026-04-24,20.91,20.96,21.04,20.47,16761543.0,347337858.0,-0.3802281368821214,-0.0799999999999983,0.016637768302607183,2.7091254752851723,1007439381.0
2026-04-27,20.69,20.08,20.69,20.0,27509875.0,555765376.0,-4.198473282442761,-0.8800000000000026,0.027306729832908924,3.291984732824434,1007439381.0
2026-04-28,20.03,19.79,20.03,19.6,15388491.0,304852542.0,-1.4442231075697198,-0.28999999999999915,0.015274855529992429,2.141434262948206,1007439381.0
2026-04-29,19.7,20.06,20.21,19.65,12041345.0,241167876.0,1.36432541687721,0.2699999999999996,0.011952426346533698,2.8297119757453375,1007439381.0
2026-04-30,19.99,19.89,20.15,19.84,10863664.0,216697613.0,-0.8474576271186307,-0.16999999999999815,0.010783441867456639,1.5453639082751682,1007439381.0
2026-05-06,20.09,20.44,20.66,20.09,21510900.0,439950279.0,2.765208647561601,0.5500000000000007,0.021352053935640224,2.8657616892911024,1007439381.0
2026-05-07,20.54,20.69,20.69,20.24,18974569.0,387687947.0,1.2230919765166437,0.25,0.01883445233316723,2.201565557729955,1007439381.0
2026-05-08,20.62,21.64,22.19,20.5,43426563.0,942314080.0,4.5915901401643255,0.9499999999999993,0.04310588192104831,8.168197196713393,1007439381.0
2026-05-11,21.78,22.49,22.78,21.45,45753126.0,1016190397.0,3.9279112754158962,0.8499999999999979,0.045415264543842565,6.146025878003705,1007439381.0
2026-05-12,22.38,21.97,22.64,21.9,31189656.0,688203059.0,-2.3121387283236983,-0.5199999999999996,0.03095933769140597,3.290351267229889,1007439381.0
2026-05-13,21.97,22.0,22.18,21.59,33290973.0,726880536.0,0.1365498406918686,0.030000000000001137,0.03304513763096581,2.6854802002730995,1007439381.0
2026-05-14,22.0,22.35,22.95,21.77,50469798.0,1134704925.0,1.5909090909090873,0.3500000000000014,0.05009710653747017,5.363636363636362,1007439381.0
2026-05-15,22.37,22.45,22.65,21.91,34542243.0,770406867.0,0.4474272930648615,0.09999999999999787,0.03428716769609784,3.3109619686800826,1007439381.0
2026-05-18,22.4,22.69,22.91,22.01,35618239.0,802327223.0,1.0690423162583507,0.240000000000002,0.03535521806249502,4.008908685968813,1007439381.0
2026-05-19,22.69,23.67,23.67,22.6,42056048.0,982953855.0,4.319083296606441,0.9800000000000004,0.04174548741409584,4.715733803437638,1007439381.0
2026-05-20,23.64,23.24,23.64,22.98,30687419.0,713247561.0,-1.816645542881301,-0.43000000000000327,0.03046080943305908,2.7883396704689485,1007439381.0
2026-05-21,23.35,22.55,23.77,22.4,36851290.0,854238301.0,-2.9690189328743455,-0.6899999999999977,0.03657916366483593,5.895008605851984,1007439381.0
2026-05-22,22.98,24.81,24.81,22.7,74897830.0,1798587195.0,10.022172949002206,2.259999999999998,0.07434475107142947,9.356984478935695,1007439381.0
2026-05-25,24.68,25.74,25.78,23.9,83887841.0,2092823367.0,3.7484885126964906,0.9299999999999997,0.08326837582697197,7.577589681580019,1007439381.0
2026-05-26,25.41,24.59,25.56,24.26,54965610.0,1362699297.0,-4.4677544677544585,-1.1499999999999986,0.05455971945968628,5.05050505050504,1007439381.0
2026-05-27,24.68,23.41,24.75,23.15,46549338.0,1105348545.0,-4.798698657991052,-1.1799999999999997,0.04620559695988299,6.506710044733638,1007439381.0
2026-05-28,23.3,21.75,23.3,21.3,55482055.0,1227934310.0,-7.0909867577958146,-1.6600000000000001,0.05507235079983438,8.543357539513028,1007439381.0
2026-05-29,21.75,20.68,21.95,20.56,37300853.0,783756888.0,-4.9195402298850555,-1.0700000000000003,0.03702540689145444,6.390804597701153,1007439381.0
2026-06-01,20.6,20.73,21.12,20.52,25984205.0,541097445.0,0.24177949709864865,0.05000000000000071,0.025792326059566655,2.9013539651837594,1007439381.0
2026-06-02,20.8,20.18,20.8,20.03,24872907.0,504573507.0,-2.6531596719729933,-0.5500000000000007,0.02468923437885738,3.714423540762178,1007439381.0
2026-06-03,20.12,19.93,20.43,19.76,26271296.0,527463348.0,-1.2388503468780954,-0.25,0.02607729705178162,3.3201189296332907,1007439381.0
2026-06-04,19.95,20.21,20.71,19.81,23779548.0,482010210.0,1.4049172102358343,0.28000000000000114,0.023603949228583908,4.515805318615164,1007439381.0
2026-06-05,20.22,19.76,20.25,19.61,21424660.0,425309237.0,-2.226620484908459,-0.4499999999999993,0.021266450770202717,3.166749134092036,1007439381.0
2026-06-08,19.2,18.01,19.23,17.85,36813739.0,683147637.0,-8.856275303643724,-1.75,0.03654188995814131,6.983805668016188,1007439381.0
2026-06-09,18.23,18.12,18.25,17.7,17250843.0,310819237.0,0.6107717934480839,0.10999999999999943,0.017123455093522894,3.0538589672404255,1007439381.0
2026-06-10,18.24,17.98,18.57,17.76,19378195.0,351781741.0,-0.7726269315673329,-0.14000000000000057,0.019235097779049398,4.470198675496682,1007439381.0
2026-06-11,17.71,17.33,17.8,17.15,21866488.0,379886123.0,-3.615127919911021,-0.6500000000000021,0.021705016115505613,3.6151279199110236,1007439381.0
2026-06-12,17.49,17.84,18.04,17.42,18631360.0,330929253.0,2.9428736295441515,0.5100000000000016,0.018493777741253496,3.57761107905365,1007439381.0
2026-06-15,18.0,18.25,18.54,17.96,21880068.0,399945742.0,2.298206278026904,0.41000000000000014,0.021718495834738467,3.2511210762331744,1007439381.0
2026-06-16,18.25,17.81,18.25,17.75,22370651.0,400663102.0,-2.4109589041095947,-0.4400000000000013,0.02220545615141086,2.73972602739726,1007439381.0
2026-06-17,17.76,17.62,17.88,17.47,22158020.0,389977278.0,-1.066816395283532,-0.18999999999999773,0.02199439531339901,2.3020774845592373,1007439381.0
2026-06-18,17.5,17.75,18.19,17.19,26111285.0,463123679.0,0.7377979568671922,0.129999999999999,0.025918467644258193,5.675368898978434,1007439381.0
2026-06-22,17.63,18.66,18.73,17.53,32431615.0,586974564.0,5.126760563380284,0.9100000000000001,0.03219212551310817,6.7605633802816865,1007439381.0
2026-06-23,18.45,18.2,18.76,18.09,20752677.0,382272493.0,-2.4651661307609873,-0.46000000000000085,0.020599429991907375,3.590568060021446,1007439381.0
