date,open,close,high,low,volume,amount,pct_chg,change,turnover,amplitude,outstanding_share
2023-06-26,7.86,7.73,7.86,7.72,4666005.0,40019791.0,,,0.006872607138354929,,678927939.0
2023-06-27,7.73,7.95,7.96,7.73,3847219.0,33459376.0,2.846054333764547,0.21999999999999975,0.005666608750358114,2.9754204398447546,678927939.0
2023-06-28,7.96,8.01,8.02,7.85,3771533.0,33048339.0,0.7547169811320753,0.05999999999999961,0.00555513005629895,2.138364779874213,678927939.0
2023-06-29,8.01,8.11,8.15,8.0,4225270.0,37704796.0,1.2484394506866447,0.09999999999999964,0.006223443987624731,1.8726591760299671,678927939.0
2023-06-30,8.12,8.09,8.16,8.08,4058620.0,36313220.0,-0.2466091245376001,-0.019999999999999574,0.005960165910722829,0.9864364981504324,680957554.0
2023-07-03,8.12,8.21,8.23,8.06,5668321.0,51117456.0,1.4833127317676276,0.120000000000001,0.00832404452627601,2.1013597033374527,680957554.0
2023-07-04,8.2,8.19,8.25,8.17,3639568.0,32935528.0,-0.24360535931792215,-0.02000000000000135,0.005344779536728658,0.9744214372716208,680957554.0
2023-07-05,8.19,8.15,8.2,8.13,2417330.0,21781725.0,-0.48840048840047556,-0.03999999999999915,0.0035498982070180543,0.8547008547008366,680957554.0
2023-07-06,8.14,8.12,8.18,8.1,2079668.0,18670413.0,-0.36809815950921143,-0.030000000000001137,0.00305403470125834,0.9815950920245406,680957554.0
2023-07-07,8.1,8.14,8.18,8.07,2306658.0,20675523.0,0.24630541871923928,0.02000000000000135,0.0033873741269929434,1.3546798029556582,680957554.0
2023-07-10,8.14,8.18,8.22,8.1,2994200.0,26927958.0,0.49140049140048436,0.03999999999999915,0.004397043519690509,1.4742014742014864,680957554.0
2023-07-11,8.18,8.25,8.25,8.11,3689403.0,33350718.0,0.8557457212714059,0.07000000000000028,0.0054179632465021456,1.711491442542794,680957554.0
2023-07-12,8.25,8.1,8.25,8.08,5266926.0,47347172.0,-1.8181818181818188,-0.15000000000000036,0.007734587815439668,2.0606060606060597,680957554.0
2023-07-13,8.13,8.13,8.19,8.1,3516833.0,31558008.0,0.37037037037037646,0.030000000000001137,0.005164540696173847,1.1111111111111094,680957554.0
2023-07-14,8.15,8.09,8.15,8.07,3204414.0,28652370.0,-0.49200492004921603,-0.040000000000000924,0.004705747048662595,0.9840098400984018,680957554.0
2023-07-17,8.08,8.06,8.11,7.99,4774305.0,42284923.0,-0.3708281829418958,-0.02999999999999936,0.007011163870575111,1.4833127317676047,680957554.0
2023-07-18,8.06,8.07,8.11,8.01,3424367.0,30461967.0,0.12406947890819531,0.009999999999999787,0.005028752496958129,1.2406947890818814,680957554.0
2023-07-19,8.09,8.07,8.12,8.01,3692841.0,32803110.0,0.0,0.0,0.005423012019336524,1.3630731102849991,680957554.0
2023-07-20,8.07,8.04,8.11,8.02,2792606.0,24843608.0,-0.3717472118959231,-0.030000000000001137,0.004100998635812181,1.1152416356877306,680957554.0
2023-07-21,8.03,7.98,8.06,7.94,4210565.0,37151765.0,-0.7462686567163979,-0.05999999999999872,0.0061833002296057945,1.4925373134328375,680957554.0
2023-07-24,7.72,7.52,7.84,7.46,18070964.0,150978147.0,-5.7644110275689275,-0.46000000000000085,0.02653757770047441,4.76190476190476,680957554.0
2023-07-25,7.57,7.73,7.75,7.55,12760823.0,108091217.0,2.7925531914893664,0.21000000000000085,0.018739527779730012,2.659574468085109,680957554.0
2023-07-26,7.67,7.75,7.77,7.67,4228756.0,36053696.0,0.2587322121604174,0.019999999999999574,0.0062100140826105,1.2936610608020653,680957554.0
2023-07-27,7.75,7.79,7.84,7.71,4556481.0,39116118.0,0.5161290322580614,0.040000000000000036,0.006691284902024892,1.6774193548387082,680957554.0
2023-07-28,7.76,7.91,7.92,7.71,5270610.0,45510475.0,1.5404364569961526,0.1200000000000001,0.0077399978442709225,2.69576379974326,680957554.0
2023-07-31,7.91,8.08,8.1,7.9,8742211.0,77697168.0,2.149178255372952,0.16999999999999993,0.012838114429669723,2.5284450063211033,680957554.0
2023-08-01,8.1,8.06,8.1,7.98,5717280.0,50739840.0,-0.24752475247524774,-0.019999999999999574,0.008395941812255746,1.4851485148514756,680957554.0
2023-08-02,8.06,8.07,8.12,8.04,5477100.0,48817651.0,0.12406947890819531,0.009999999999999787,0.008043232603599255,0.9925558312655095,680957554.0
2023-08-03,8.07,8.11,8.12,8.0,4285406.0,38173954.0,0.4956629491945419,0.03999999999999915,0.006293205758313682,1.4869888475836333,680957554.0
2023-08-04,8.19,8.11,8.2,8.1,5057381.0,45459500.0,0.0,0.0,0.007426866726556645,1.233045622688035,680957554.0
2023-08-07,8.11,8.1,8.18,8.08,4330648.0,38790553.0,-0.12330456226880004,-0.009999999999999787,0.006359644554291852,1.233045622688035,680957554.0
2023-08-08,8.08,8.02,8.1,7.97,3963055.0,35027975.0,-0.987654320987652,-0.08000000000000007,0.00581982676705867,1.604938271604937,680957554.0
2023-08-09,8.01,7.91,8.01,7.9,3409329.0,29908490.0,-1.3715710723191998,-0.10999999999999943,0.005006668888498739,1.371571072319195,680957554.0
2023-08-10,7.97,7.97,7.99,7.91,2585700.0,22678334.0,0.7585335018963191,0.05999999999999961,0.0037971529720338486,1.011378002528446,680957554.0
2023-08-11,7.98,7.81,7.98,7.81,3641441.0,31659263.0,-2.0075282308657516,-0.16000000000000014,0.0053475300752739725,2.132998745294866,680957554.0
2023-08-14,7.76,7.74,7.83,7.7,4862308.0,41573596.0,-0.8962868117797673,-0.0699999999999994,0.007140398063636136,1.6645326504481421,680957554.0
2023-08-15,7.76,7.76,7.94,7.69,5817128.0,49909942.0,0.2583979328165231,0.019999999999999574,0.008542570628418346,3.229974160206718,680957554.0
2023-08-16,7.72,7.67,7.76,7.65,4026200.0,34199874.0,-1.1597938144329856,-0.08999999999999986,0.0059125564821915465,1.417525773195869,680957554.0
2023-08-17,7.66,7.71,7.72,7.57,5294765.0,44672251.0,0.5215123859191761,0.040000000000000036,0.007775469952419384,1.9556714471968641,680957554.0
2023-08-18,7.67,7.68,7.82,7.67,4446467.0,38041900.0,-0.3891050583657574,-0.03000000000000025,0.006529727108365406,1.9455252918287984,680957554.0
2023-08-21,7.72,7.61,7.79,7.6,4592800.0,39035144.0,-0.9114583333333259,-0.0699999999999994,0.006744620091254616,2.4739583333333384,680957554.0
2023-08-22,7.67,7.59,7.69,7.44,5198737.0,43323742.0,-0.26281208935611255,-0.020000000000000462,0.007634450883850537,3.28515111695138,680957554.0
2023-08-23,7.57,7.51,7.64,7.5,3651209.0,30433188.0,-1.0540184453227908,-0.08000000000000007,0.005361874581686482,1.8445322793148837,680957554.0
2023-08-24,7.5,7.29,7.53,7.23,9259290.0,74692369.0,-2.929427430093201,-0.21999999999999975,0.013597455444337431,3.9946737683089193,680957554.0
2023-08-25,7.33,7.23,7.37,7.2,6429753.0,51493316.0,-0.8230452674897082,-0.05999999999999961,0.009442222884864274,2.3319615912208493,680957554.0
2023-08-28,7.52,7.42,7.64,7.38,12246100.0,101881034.0,2.6279391424619547,0.1899999999999995,0.017983646598918556,3.5961272475795267,680957554.0
2023-08-29,7.42,7.53,7.57,7.37,7004504.0,57668048.0,1.482479784366575,0.11000000000000032,0.01028625640299454,2.695417789757415,680957554.0
2023-08-30,7.51,7.4,7.56,7.39,7798801.0,64115703.0,-1.726427622841964,-0.1299999999999999,0.01145269768165315,2.2576361221779537,680957554.0
2023-08-31,7.38,7.33,7.42,7.31,4492384.0,36408661.0,-0.9459459459459474,-0.07000000000000028,0.006597157155554515,1.4864864864864908,680957554.0
2023-09-01,7.33,7.41,7.42,7.32,3625701.0,29507908.0,1.091405184174632,0.08000000000000007,0.005324415565555207,1.3642564802182762,680957554.0
2023-09-04,7.52,7.77,7.78,7.51,12392001.0,105087755.0,4.858299595141702,0.35999999999999943,0.018197905181032765,3.6437246963562813,680957554.0
2023-09-05,7.77,7.77,7.81,7.72,7296123.0,62476536.0,0.0,0.0,0.01071450482800577,1.1583011583011564,680957554.0
2023-09-06,7.73,7.7,7.74,7.66,4416568.0,37454864.0,-0.9009009009008917,-0.0699999999999994,0.006485819819541939,1.0296010296010305,680957554.0
2023-09-07,7.68,7.55,7.69,7.54,4722790.0,39617922.0,-1.9480519480519543,-0.15000000000000036,0.006935513046676622,1.9480519480519525,680957554.0
2023-09-08,7.53,7.54,7.59,7.5,2824800.0,23506238.0,-0.13245033112582183,-0.009999999999999787,0.004148276178752839,1.1920529801324484,680957554.0
2023-09-11,7.55,7.6,7.63,7.48,4137422.0,34553021.0,0.7957559681697646,0.05999999999999961,0.0060758882483885335,1.989389920424396,680957554.0
2023-09-12,7.62,7.61,7.65,7.54,2681588.0,22503203.0,0.13157894736843812,0.010000000000000675,0.003937966447758945,1.4473684210526359,680957554.0
2023-09-13,7.6,7.57,7.63,7.51,3471875.0,28981009.0,-0.5256241787122251,-0.040000000000000036,0.005098518959964427,1.5768725361366636,680957554.0
2023-09-14,7.56,7.52,7.56,7.47,3242431.0,26863101.0,-0.6605019815059565,-0.05000000000000071,0.004761575785382946,1.1889035667106982,680957554.0
2023-09-15,7.57,7.57,7.62,7.52,3880058.0,32441684.0,0.6648936170212894,0.05000000000000071,0.005697943986682025,1.3297872340425603,680957554.0
2023-09-18,7.57,7.63,7.66,7.52,3696868.0,31015140.0,0.7926023778071389,0.05999999999999961,0.005428925750634965,1.849405548216652,680957554.0
2023-09-19,7.63,7.58,7.65,7.55,3424200.0,28708340.0,-0.6553079947575369,-0.04999999999999982,0.005028507254065942,1.310615989515079,680957554.0
2023-09-20,7.55,7.57,7.65,7.53,4047281.0,33938706.0,-0.13192612137202797,-0.009999999999999787,0.00594351435889938,1.5831134564643814,680957554.0
2023-09-21,7.55,7.49,7.57,7.45,3829400.0,31683122.0,-1.0568031704095149,-0.08000000000000007,0.005623551684691349,1.585204755614268,680957554.0
2023-09-22,7.45,7.5,7.52,7.42,5178767.0,42729335.0,0.1335113484646211,0.009999999999999787,0.007607119040834593,1.33511348464619,680779014.0
2023-09-25,7.5,7.47,7.55,7.42,3705320.0,30512942.0,-0.40000000000000036,-0.03000000000000025,0.005442764720711558,1.7333333333333318,680779014.0
2023-09-26,7.48,7.38,7.48,7.38,3348443.0,27369441.0,-1.2048192771084265,-0.08999999999999986,0.004918546152481722,1.3386880856760446,680779014.0
2023-09-27,7.35,7.38,7.42,7.29,5822708.0,47291498.0,0.0,0.0,0.008437319197316863,1.7615176151761502,690113514.0
2023-09-28,7.36,7.34,7.4,7.33,4089719.0,33182870.0,-0.5420054200542035,-0.040000000000000036,0.005926154055867394,0.9485094850948549,690113514.0
2023-10-09,7.34,7.24,7.35,7.23,4963551.0,39730922.0,-1.3623978201634857,-0.09999999999999964,0.0071923689354096605,1.6348773841961748,690113514.0
2023-10-10,7.24,7.04,7.28,7.02,8955897.0,70179057.0,-2.7624309392265234,-0.20000000000000018,0.012977425913731636,3.591160220994484,690113514.0
2023-10-11,7.04,7.04,7.09,7.02,4351300.0,33805261.0,0.0,0.0,0.006305194597305046,0.9943181818181858,690113514.0
2023-10-12,7.06,7.19,7.19,7.06,5390049.0,42412759.0,2.130681818181812,0.15000000000000036,0.007810380307956119,1.8465909090909203,690113514.0
2023-10-13,7.13,7.04,7.15,7.03,4083151.0,31809588.0,-2.086230876216977,-0.15000000000000036,0.005916636781003538,1.6689847009735759,690113514.0
2023-10-16,7.03,7.05,7.1,6.95,4155606.0,32180583.0,0.14204545454545858,0.009999999999999787,0.006021626755160167,2.130681818181811,690113514.0
2023-10-17,7.06,7.05,7.06,6.99,3248800.0,25167461.0,0.0,0.0,0.004707631330343721,0.992907801418431,690113514.0
2023-10-18,7.05,6.93,7.05,6.91,3671406.0,28140995.0,-1.7021276595744705,-0.1200000000000001,0.005320003050976335,1.985815602836875,690113514.0
2023-10-19,6.92,6.8,6.94,6.78,5038706.0,38098689.0,-1.8759018759018753,-0.1299999999999999,0.0073012713094037455,2.308802308802311,690113514.0
2023-10-20,6.77,6.8,6.86,6.74,3194106.0,23994260.0,0.0,0.0,0.00462837770193267,1.764705882352943,690113514.0
2023-10-23,6.76,6.59,6.82,6.54,5107619.0,37384891.0,-3.088235294117647,-0.20999999999999996,0.007401128794588422,4.117647058823533,690113514.0
2023-10-24,6.62,6.72,6.74,6.58,4378800.0,32249416.0,1.9726858877086473,0.1299999999999999,0.0063450431141680265,2.427921092564494,690113514.0
2023-10-25,6.77,6.85,6.87,6.76,3986207.0,30056596.0,1.9345238095238138,0.1299999999999999,0.005776161340321181,1.6369047619047667,690113514.0
2023-10-26,6.8,6.85,6.85,6.73,3160543.0,23676736.0,0.0,0.0,0.0045797436738791355,1.751824817518237,690113514.0
2023-10-27,6.84,6.94,6.95,6.79,3910300.0,29790581.0,1.3138686131386912,0.09000000000000075,0.005666169290520516,2.3357664233576667,690113514.0
2023-10-30,6.79,6.6,6.83,6.55,14008254.0,102556193.0,-4.899135446685888,-0.34000000000000075,0.020298478026906167,4.034582132564845,690113514.0
2023-10-31,6.57,6.47,6.59,6.46,8943236.0,64210579.0,-1.9696969696969657,-0.1299999999999999,0.01295907965656792,1.9696969696969682,690113514.0
2023-11-01,6.49,6.51,6.57,6.46,5468165.0,39281210.0,0.6182380216383399,0.040000000000000036,0.007923573280438615,1.7001545595054144,690113514.0
2023-11-02,6.51,6.51,6.57,6.49,4802870.0,34610828.0,0.0,0.0,0.0069595362249347285,1.2288786482334881,690113514.0
2023-11-03,6.51,6.51,6.58,6.5,5728368.0,41337333.0,0.0,0.0,0.008300617048922187,1.2288786482334881,690113514.0
2023-11-06,6.53,6.64,6.65,6.52,6693897.0,48664084.0,1.9969278033794113,0.1299999999999999,0.009699704272129354,1.9969278033794284,690113514.0
2023-11-07,6.64,6.63,6.66,6.55,5411657.0,39447505.0,-0.1506024096385561,-0.009999999999999787,0.007841691098951584,1.6566265060241014,690113514.0
2023-11-08,6.64,6.57,6.64,6.55,4209049.0,30606364.0,-0.9049773755656076,-0.05999999999999961,0.0060990676383131945,1.3574660633484141,690113514.0
2023-11-09,6.59,6.57,6.61,6.55,3847967.0,27926820.0,0.0,0.0,0.005575846468643418,0.9132420091324277,690113514.0
2023-11-10,6.59,6.6,6.61,6.53,3152832.0,22833380.0,0.45662100456620447,0.02999999999999936,0.004568570149750755,1.2176560121765612,690113514.0
2023-11-13,6.59,6.65,6.65,6.58,4469062.0,32637502.0,0.7575757575757791,0.05000000000000071,0.0064758360897711675,1.060606060606065,690113514.0
2023-11-14,6.65,6.63,6.66,6.59,3764304.0,27490250.0,-0.300751879699257,-0.020000000000000462,0.005454615688050416,1.0526315789473726,690113514.0
2023-11-15,6.68,6.7,6.71,6.65,5010400.0,36913323.0,1.0558069381598756,0.07000000000000028,0.007260254868737435,0.9049773755656051,690113514.0
2023-11-16,6.68,6.64,6.69,6.64,3525993.0,25880804.0,-0.8955223880597107,-0.0600000000000005,0.00510929423706373,0.7462686567164285,690113514.0
2023-11-17,6.65,6.68,6.69,6.62,3327093.0,24434871.0,0.6024096385542244,0.040000000000000036,0.004821080782371116,1.0542168674698837,690113514.0
2023-11-20,6.69,6.67,6.71,6.63,3627200.0,26680396.0,-0.14970059880239361,-0.009999999999999787,0.005255946922378338,1.1976047904191627,690113514.0
2023-11-21,6.68,6.68,6.74,6.67,4937350.0,36538012.0,0.14992503748125774,0.009999999999999787,0.007154402717579589,1.0494752623688197,690113514.0
2023-11-22,6.69,6.65,6.71,6.65,3329548.0,24539760.0,-0.44910179640718084,-0.02999999999999936,0.004824638168149247,0.8982035928143655,690113514.0
2023-11-23,6.63,6.71,6.74,6.63,4659698.0,34408576.0,0.9022556390977376,0.05999999999999961,0.006752074702887212,1.6541353383458695,690113514.0
2023-11-24,6.7,6.66,6.72,6.65,2789800.0,20560333.0,-0.7451564828613977,-0.04999999999999982,0.004042523357976149,1.0432190760059523,690113514.0
2023-11-27,6.65,6.69,6.7,6.62,3436766.0,25239006.0,0.45045045045044585,0.03000000000000025,0.004980001014731614,1.2012012012012023,690113514.0
2023-11-28,6.68,6.74,6.76,6.63,4799614.0,35472913.0,0.7473841554558991,0.04999999999999982,0.006954818160538152,1.9431988041853496,690113514.0
2023-11-29,6.76,6.68,6.76,6.67,3048442.0,22552070.0,-0.8902077151335397,-0.0600000000000005,0.00441730517973888,1.3353115727002947,690113514.0
2023-11-30,6.68,6.63,6.7,6.59,4580241.0,33566746.0,-0.7485029940119681,-0.04999999999999982,0.006636938571818781,1.6467065868263524,690113514.0
2023-12-01,6.62,6.71,6.73,6.61,4839148.0,35736300.0,1.2066365007541435,0.08000000000000007,0.007012104388380373,1.8099547511312233,690113514.0
2023-12-04,6.74,6.76,6.78,6.7,5122376.0,38100138.0,0.7451564828613977,0.04999999999999982,0.007422512233255586,1.1922503725782425,690113514.0
2023-12-05,6.76,6.67,6.77,6.66,3681898.0,27301112.0,-1.3313609467455634,-0.08999999999999986,0.005335206346937295,1.6272189349112343,690113514.0
2023-12-06,6.71,6.74,6.77,6.65,5072171.0,37655165.0,1.0494752623688264,0.07000000000000028,0.007349763331833551,1.7991004497751009,690113514.0
2023-12-07,6.75,6.82,6.87,6.62,9435080.0,70409991.0,1.1869436201780381,0.08000000000000007,0.013671779799402681,3.7091988130563793,690113514.0
2023-12-08,6.78,6.74,6.93,6.74,12118968.0,91559433.0,-1.1730205278592365,-0.08000000000000007,0.017560832753088212,2.785923753665682,690113514.0
2023-12-11,6.73,6.82,6.84,6.62,7233277.0,53616786.0,1.1869436201780381,0.08000000000000007,0.010481285836694975,3.26409495548961,690113514.0
2023-12-12,6.8,6.89,6.89,6.78,6152684.0,46411238.0,1.026392961876832,0.0699999999999994,0.00891546662278519,1.6129032258064433,690113514.0
2023-12-13,6.88,6.88,6.94,6.86,6840532.0,52128007.0,-0.14513788098693414,-0.009999999999999787,0.009912183809227652,1.1611030478955018,690113514.0
2023-12-14,6.89,6.94,7.03,6.86,8136550.0,62276565.0,0.8720930232558155,0.0600000000000005,0.011790161813872262,2.470930232558138,690113514.0
2023-12-15,6.93,6.88,6.98,6.84,4877600.0,37089041.0,-0.8645533141210415,-0.0600000000000005,0.007067822758213658,2.0172910662824286,690113514.0
2023-12-18,6.85,6.77,6.86,6.74,4220899.0,31616401.0,-1.5988372093023284,-0.11000000000000032,0.006116238726488698,1.7441860465116297,690113514.0
2023-12-19,6.78,6.66,6.78,6.61,4715163.0,34667060.0,-1.6248153618906858,-0.10999999999999943,0.006832445538807403,2.5110782865583445,690113514.0
2023-12-20,6.67,6.6,6.7,6.6,3150457.0,23110264.0,-0.9009009009009028,-0.0600000000000005,0.004565128686930771,1.5015015015015094,690113514.0
2023-12-21,6.6,6.65,6.66,6.54,3595627.0,26163538.0,0.7575757575757791,0.05000000000000071,0.005210196477908705,1.81818181818182,690113514.0
2023-12-22,6.66,6.63,6.71,6.59,3653852.0,26771969.0,-0.300751879699257,-0.020000000000000462,0.005294566655884962,1.8045112781954902,690113514.0
2023-12-25,6.65,6.56,6.65,6.51,3489300.0,25226382.0,-1.0558069381598867,-0.07000000000000028,0.005056124723272699,2.111613876319767,690113514.0
2023-12-26,6.53,6.5,6.57,6.47,2534528.0,18217105.0,-0.9146341463414531,-0.05999999999999961,0.003672624790825354,1.5243902439024473,690113514.0
2023-12-27,6.51,6.52,6.53,6.44,3248996.0,23228872.0,0.3076923076922977,0.019999999999999574,0.004707915341591181,1.3846153846153824,690113514.0
2023-12-28,6.52,6.63,6.64,6.45,3431344.0,24916299.0,1.6871165644171793,0.11000000000000032,0.004972144336243211,2.9141104294478453,690113514.0
2023-12-29,6.62,6.63,6.66,6.6,3962988.0,28957870.0,0.0,0.0,0.005742516150756033,0.9049773755656184,690113514.0
2024-01-02,6.6,6.68,6.73,6.59,4539856.0,33402511.0,0.7541478129713397,0.04999999999999982,0.0065751403683112185,2.111613876319767,690457655.0
2024-01-03,6.65,6.74,6.75,6.65,4563418.0,33801796.0,0.8982035928143839,0.0600000000000005,0.006609265560246414,1.4970059880239468,690457655.0
2024-01-04,6.75,6.74,6.78,6.71,3344727.0,24880479.0,0.0,0.0,0.00484421741982135,1.0385756676557905,690457655.0
2024-01-05,6.75,6.73,6.88,6.72,6089851.0,45681972.0,-0.14836795252225476,-0.009999999999999787,0.008820020975797567,2.373887240356085,690457655.0
2024-01-08,6.73,6.67,6.74,6.62,3913275.0,28825657.0,-0.8915304606240793,-0.0600000000000005,0.005667653869374509,1.7830609212481439,690457655.0
2024-01-09,6.63,6.66,6.69,6.57,3859848.0,28251510.0,-0.14992503748125774,-0.009999999999999787,0.0055902747576895215,1.799100449775114,690457655.0
2024-01-10,6.65,6.58,6.65,6.57,2550768.0,18590325.0,-1.2012012012012074,-0.08000000000000007,0.0036943148961104647,1.2012012012012023,690457655.0
2024-01-11,6.59,6.64,6.65,6.55,2791704.0,20327157.0,0.911854103343468,0.05999999999999961,0.004043266056627325,1.5197568389057832,690457655.0
2024-01-12,6.62,6.68,6.74,6.61,3757568.0,27757056.0,0.6024096385542244,0.040000000000000036,0.005442141125946384,1.9578313253012032,690457655.0
2024-01-15,6.65,6.73,6.74,6.65,2780750.0,20583156.0,0.7485029940119903,0.05000000000000071,0.004027401216950806,1.3473053892215547,690457655.0
2024-01-16,6.73,6.68,6.75,6.59,3196248.0,23526527.0,-0.7429420505200679,-0.05000000000000071,0.004629173095343552,2.377414561664192,690457655.0
2024-01-17,6.65,6.53,6.69,6.53,2923100.0,21334997.0,-2.2455089820359153,-0.14999999999999947,0.004233568820378999,2.3952095808383254,690457655.0
2024-01-18,6.53,6.34,6.53,6.13,8849205.0,61289831.0,-2.9096477794793296,-0.1900000000000004,0.012816434050542896,6.12557427258806,690457655.0
2024-01-19,6.32,6.3,6.38,6.26,3331047.0,23209727.0,-0.6309148264984188,-0.040000000000000036,0.004824404474159968,1.89274447949527,690457655.0
2024-01-22,6.33,5.94,6.34,5.86,5332385.0,35694537.0,-5.714285714285705,-0.35999999999999943,0.007722971801942004,7.6190476190476115,690457655.0
2024-01-23,5.89,5.98,6.01,5.78,4183334.0,27227199.0,0.6734006734006703,0.040000000000000036,0.006058784300103096,3.872053872053864,690457655.0
2024-01-24,6.02,6.22,6.23,5.96,5893478.0,39647384.0,4.013377926421402,0.23999999999999932,0.008535611065098554,4.5150501672240875,690457655.0
2024-01-25,6.22,6.47,6.49,6.21,5613961.0,39492499.0,4.019292604501601,0.25,0.008130782473546478,4.5016077170418045,690457655.0
2024-01-26,6.45,6.65,6.7,6.45,7544877.0,55282793.0,2.782071097372496,0.1800000000000006,0.010927356580614635,3.863987635239567,690457655.0
2024-01-29,6.64,6.5,6.7,6.5,6112300.0,44464869.0,-2.2556390977443663,-0.15000000000000036,0.008852534193425663,3.0075187969924837,690457655.0
2024-01-30,6.46,6.34,6.55,6.32,4637304.0,32985148.0,-2.4615384615384595,-0.16000000000000014,0.006716275743224253,3.538461538461531,690457655.0
2024-01-31,6.27,6.19,6.38,6.16,4851897.0,33436095.0,-2.3659305993690816,-0.14999999999999947,0.007027073948510282,3.4700315457413216,690457655.0
2024-02-01,6.19,6.22,6.26,5.96,6381491.0,43103600.0,0.4846526655896577,0.02999999999999936,0.009242407486958776,4.846526655896604,690457655.0
2024-02-02,6.17,6.06,6.23,5.87,6710065.0,44967200.0,-2.5723472668810365,-0.16000000000000014,0.009718286054776233,5.78778135048232,690457655.0
2024-02-05,5.95,5.95,6.05,5.71,8116018.0,52467612.0,-1.8151815181518094,-0.10999999999999943,0.01175454851029206,5.610561056105609,690457655.0
2024-02-06,5.82,6.11,6.18,5.66,7653305.0,49709681.0,2.6890756302521135,0.16000000000000014,0.011084394451387465,8.73949579831932,690457655.0
2024-02-07,6.16,6.21,6.31,5.97,8067540.0,54722351.0,1.6366612111292866,0.09999999999999964,0.011684337108261911,5.564648117839605,690457655.0
2024-02-08,6.17,6.41,6.53,6.15,9111698.0,63450643.0,3.2206119162640823,0.20000000000000018,0.013196606531938588,6.119162640901769,690457655.0
2024-02-19,6.45,6.35,6.48,6.27,6800754.0,47576979.0,-0.9360374414976724,-0.0600000000000005,0.009849632270352626,3.276131045241823,690457655.0
2024-02-20,6.33,6.44,6.48,6.26,5755471.0,40506640.0,1.4173228346456845,0.09000000000000075,0.008335733492591953,3.4645669291338685,690457655.0
2024-02-21,6.4,6.47,6.55,6.36,5818272.0,41585814.0,0.46583850931676274,0.02999999999999936,0.00842668910666216,2.950310559006203,690457655.0
2024-02-22,6.45,6.49,6.53,6.4,4036372.0,28748433.0,0.30911901081918103,0.020000000000000462,0.005845937069087893,2.009273570324573,690457655.0
2024-02-23,6.51,6.54,6.57,6.45,5117643.0,36671060.0,0.7704160246533087,0.04999999999999982,0.007411957797759517,1.8489984591679522,690457655.0
2024-02-26,6.55,6.57,6.65,6.55,6721067.0,48939914.0,0.4587155963302836,0.03000000000000025,0.009734220413560337,1.5290519877675923,690457655.0
2024-02-27,6.59,6.69,6.7,6.55,8198429.0,60206549.0,1.82648401826484,0.1200000000000001,0.011873905576439732,2.2831050228310557,690457655.0
2024-02-28,6.66,6.45,6.74,6.45,7907602.0,57744864.0,-3.58744394618834,-0.2400000000000002,0.011452696545163222,4.334828101644246,690457655.0
2024-02-29,6.45,6.59,6.59,6.44,4669795.0,33670695.0,2.170542635658901,0.13999999999999968,0.006763332937484776,2.325581395348829,690457655.0
2024-03-01,6.6,6.69,6.71,6.57,5976350.0,43792353.0,1.5174506828528056,0.10000000000000053,0.008655635804341977,2.1244309559939256,690457655.0
2024-03-04,6.64,6.7,6.74,6.64,4270379.0,31515283.0,0.1494768310911887,0.009999999999999787,0.006184852856762085,1.4947683109118166,690457655.0
2024-03-05,6.65,6.58,6.72,6.56,3610525.0,26445755.0,-1.7910447761193993,-0.1200000000000001,0.005229176581437134,2.3880597014925393,690457655.0
2024-03-06,6.57,6.85,6.92,6.55,10611397.0,79444887.0,4.103343465045595,0.2699999999999996,0.01536864270119505,5.623100303951369,690457655.0
2024-03-07,6.85,7.04,7.21,6.84,16172785.0,126148015.0,2.7737226277372296,0.1900000000000004,0.023423282923845636,5.4014598540146,690457655.0
2024-03-08,7.04,6.94,7.13,6.92,10484928.0,81269990.0,-1.4204545454545414,-0.09999999999999964,0.015185475784173905,2.982954545454545,690457655.0
2024-03-11,6.93,6.91,7.02,6.84,8088458.0,61501095.0,-0.4322766570605263,-0.03000000000000025,0.011714632956021032,2.593659942363108,690457655.0
2024-03-12,6.89,6.9,6.96,6.84,6487734.0,49371871.0,-0.14471780028942893,-0.009999999999999787,0.009396280790021801,1.7366136034732287,690457655.0
2024-03-13,6.89,7.03,7.16,6.85,9079900.0,70128440.0,1.8840579710144967,0.1299999999999999,0.013150553019793806,4.492753623188412,690457655.0
2024-03-14,6.97,6.86,7.0,6.79,6236129.0,47395357.0,-2.4182076813655695,-0.16999999999999993,0.009031877559529701,2.9871977240398286,690457655.0
2024-03-15,6.85,6.92,6.96,6.84,5730543.0,43496166.0,0.8746355685131046,0.05999999999999961,0.008299629902720103,1.7492711370262406,690457655.0
2024-03-18,6.91,6.93,6.94,6.83,5250882.0,39851911.0,0.14450867052022698,0.009999999999999787,0.00760492980557946,1.589595375722548,690457655.0
2024-03-19,6.91,6.84,6.91,6.83,4100400.0,31040063.0,-1.2987012987012991,-0.08999999999999986,0.005938669765345711,1.1544011544011554,690457655.0
2024-03-20,6.84,6.84,6.85,6.81,2972112.0,22392677.0,0.0,0.0,0.00430455362248102,0.5847953216374274,690457655.0
2024-03-21,6.85,6.85,6.87,6.8,3392525.0,25595156.0,0.14619883040936088,0.009999999999999787,0.004913443967827397,1.0233918128655013,690457655.0
2024-03-22,6.85,6.74,6.85,6.71,3986416.0,29752588.0,-1.6058394160583855,-0.10999999999999943,0.005773585057870059,2.0437956204379515,690457655.0
2024-03-25,6.72,6.71,6.83,6.71,3451354.0,25775462.0,-0.4451038575667643,-0.03000000000000025,0.004998646875745045,1.7804154302670638,690457655.0
2024-03-26,6.73,6.74,6.77,6.65,2760807.0,20424988.0,0.44709388971684305,0.03000000000000025,0.00399851747606448,1.7883755588673504,690457655.0
2024-03-27,6.73,6.65,6.79,6.65,2969596.0,22031459.0,-1.3353115727002929,-0.08999999999999986,0.004300909662591836,2.0771513353115676,690457655.0
2024-03-28,6.65,6.64,6.73,6.64,3644888.0,26840691.0,-0.15037593984963404,-0.010000000000000675,0.005278945020893424,1.3533834586466276,690457655.0
2024-03-29,6.65,6.73,6.74,6.64,3187985.0,23558031.0,1.3554216867470048,0.09000000000000075,0.00461720567063595,1.5060240963855502,690457655.0
2024-04-01,6.8,6.88,6.89,6.77,3996926.0,30153411.0,2.2288261515601704,0.14999999999999947,0.005788806845801427,1.7830609212481439,690457655.0
2024-04-02,6.89,6.94,6.97,6.86,4096603.0,31272781.0,0.8720930232558155,0.0600000000000005,0.0059331705142728845,1.5988372093023173,690457655.0
2024-04-03,6.93,7.0,7.01,6.9,5017200.0,38509193.0,0.8645533141210304,0.05999999999999961,0.0072664847201962006,1.5850144092218938,690457655.0
2024-04-08,7.0,6.98,7.13,6.94,6195700.0,48092335.0,-0.28571428571427804,-0.019999999999999574,0.008973323642852507,2.7142857142857073,690457655.0
2024-04-09,6.94,6.97,7.01,6.91,3570568.0,27428906.0,-0.14326647564470996,-0.010000000000000675,0.005171306269317848,1.4326647564469863,690457655.0
2024-04-10,6.97,6.91,7.01,6.84,3701472.0,28262084.0,-0.8608321377331363,-0.05999999999999961,0.005360896462216789,2.4390243902439015,690457655.0
2024-04-11,6.89,6.96,7.0,6.81,3304600.0,25299334.0,0.723589001447178,0.04999999999999982,0.004786100894196039,2.749638205499282,690457655.0
2024-04-12,6.94,6.97,7.03,6.94,3008955.0,23177898.0,0.1436781609195359,0.009999999999999787,0.004357913882495806,1.2931034482758599,690457655.0
2024-04-15,6.94,6.98,7.08,6.8,7406747.0,57127505.0,0.1434720229555264,0.010000000000000675,0.010727300865394852,4.017216642754667,690457655.0
2024-04-16,6.95,6.81,7.0,6.77,7617378.0,57769393.0,-2.4355300859598916,-0.17000000000000082,0.011032360847675735,3.295128939828086,690457655.0
2024-04-17,6.81,7.04,7.04,6.8,7145071.0,54807863.0,3.3773861967694607,0.23000000000000043,0.010348311657142827,3.524229074889871,690457655.0
2024-04-18,7.05,6.99,7.07,6.97,5762200.0,44586698.0,-0.7102272727272707,-0.04999999999999982,0.008345479202486357,1.420454545454553,690457655.0
2024-04-19,6.99,7.01,7.09,6.94,7054000.0,54713826.0,0.28612303290413976,0.019999999999999574,0.010216412185335247,2.145922746781108,690457655.0
2024-04-22,7.01,6.85,7.04,6.83,5849701.0,44722791.0,-2.2824536376604865,-0.16000000000000014,0.008472208190667392,2.995720399429386,690457655.0
2024-04-23,6.85,6.72,6.87,6.68,5684511.0,42288427.0,-1.897810218978102,-0.1299999999999999,0.008232961078547242,2.7737226277372318,690457655.0
2024-04-24,6.69,6.63,6.7,6.47,5186273.0,37740421.0,-1.3392857142857095,-0.08999999999999986,0.0075113556384569305,3.422619047619054,690457655.0
2024-04-25,6.82,6.97,7.04,6.76,17611208.0,134730212.0,5.128205128205132,0.33999999999999986,0.025506572159012416,4.223227752639521,690457655.0
2024-04-26,6.91,6.86,7.02,6.75,13770796.0,104146696.0,-1.5781922525107572,-0.10999999999999943,0.019944446846635367,3.873744619799133,690457655.0
2024-04-29,6.83,6.87,6.89,6.74,8806094.0,66413906.0,0.1457725947521915,0.009999999999999787,0.01275399575372946,2.186588921282791,690457655.0
2024-04-30,6.87,6.97,7.01,6.85,9357705.0,71736017.0,1.455604075691408,0.09999999999999964,0.013552902096508728,2.328966521106261,690457655.0
2024-05-06,7.04,7.14,7.17,6.98,10394880.0,81418740.0,2.4390243902439046,0.16999999999999993,0.015055057938346704,2.7259684361549428,690457655.0
2024-05-07,7.13,7.13,7.16,7.05,7278451.0,57028731.0,-0.1400560224089631,-0.009999999999999787,0.010541487877341297,1.540616246498604,690457655.0
2024-05-08,7.09,7.01,7.12,6.99,6916493.0,53729260.0,-1.6830294530154277,-0.1200000000000001,0.01001725877019931,1.8232819074333786,690457655.0
2024-05-09,7.02,7.12,7.12,7.0,8580381.0,67018921.0,1.5691868758915817,0.11000000000000032,0.012427092288519851,1.7118402282453653,690457655.0
2024-05-10,7.13,7.19,7.23,7.09,9188671.0,72525963.0,0.9831460674157411,0.07000000000000028,0.01330808766252291,1.9662921348314686,690457655.0
2024-05-13,7.17,7.21,7.27,7.13,13037409.0,103560620.0,0.2781641168289273,0.019999999999999574,0.018882271643436265,1.947148817802499,690457655.0
2024-05-14,7.15,7.32,7.38,7.15,11869110.0,95367391.0,1.5256588072122046,0.11000000000000032,0.017190206979456255,3.190013869625514,690457655.0
2024-05-15,7.32,7.34,7.4,7.26,8704987.0,70543421.0,0.2732240437158362,0.019999999999999574,0.0126075609951779,1.9125683060109366,690457655.0
2024-05-16,7.33,7.31,7.4,7.27,6904463.0,55862702.0,-0.4087193460490468,-0.03000000000000025,0.009999835543861121,1.7711171662125447,690457655.0
2024-05-17,7.31,7.33,7.34,7.19,9299941.0,74459393.0,0.2735978112175186,0.020000000000000462,0.013469241643790595,2.0519835841313196,690457655.0
2024-05-20,7.34,7.33,7.37,7.28,6194726.0,50020645.0,0.0,0.0,0.008971912984294454,1.227830832196451,690457655.0
2024-05-21,7.33,7.4,7.41,7.29,7315589.0,59381720.0,0.9549795361528002,0.07000000000000028,0.010595275390204776,1.6371077762619386,690457655.0
2024-05-22,7.37,7.3,7.41,7.28,6426648.0,51973549.0,-1.3513513513513598,-0.10000000000000053,0.009307809035732974,1.756756756756755,690457655.0
2024-05-23,7.28,7.18,7.28,7.14,6309346.0,50095031.0,-1.6438356164383605,-0.1200000000000001,0.00913791881994559,1.9178082191780899,690457655.0
2024-05-24,7.13,7.25,7.3,7.13,5382703.0,43018931.0,0.9749303621169991,0.07000000000000028,0.007795848103096199,2.3676880222841215,690457655.0
2024-05-27,7.24,7.29,7.3,7.18,4772462.0,38084515.0,0.5517241379310311,0.040000000000000036,0.0069120270670328075,1.655172413793105,690457655.0
2024-05-28,7.19,7.22,7.29,7.19,5474500.0,43755306.0,-0.9602194787380003,-0.07000000000000028,0.007928799051405984,1.3717421124828484,690457655.0
2024-05-29,7.26,7.2,7.28,7.19,7463241.0,56940373.0,-0.27700831024930483,-0.019999999999999574,0.010809121958391496,1.2465373961218817,690457655.0
2024-05-30,7.21,7.17,7.27,7.14,4705566.0,35728509.0,-0.4166666666666652,-0.03000000000000025,0.006815140604096858,1.805555555555554,690457655.0
2024-05-31,7.17,7.21,7.24,7.12,3870800.0,29350512.0,0.557880055788007,0.040000000000000036,0.005606136700736557,1.6736401673640184,690457655.0
2024-06-03,7.23,7.09,7.26,6.97,7267094.0,54399976.0,-1.664355062413314,-0.1200000000000001,0.010525039366824024,4.0221914008321775,690457655.0
2024-06-04,7.06,7.16,7.17,7.01,4545917.0,33927168.0,0.9873060648801113,0.07000000000000028,0.006583918603958414,2.256699576868831,690457655.0
2024-06-05,7.15,6.97,7.15,6.94,4708500.0,35010103.0,-2.6536312849162025,-0.1900000000000004,0.006819389959547917,2.932960893854748,690457655.0
2024-06-06,6.95,6.72,7.0,6.69,7285437.0,52244624.0,-3.5868005738880937,-0.25,0.010551605804124222,4.447632711621228,690457655.0
2024-06-07,6.74,6.88,6.9,6.73,4574982.0,32933530.0,2.3809523809523725,0.16000000000000014,0.006626013871915143,2.5297619047619038,690457655.0
2024-06-11,6.87,6.8,6.87,6.77,4584100.0,32960329.0,-1.1627906976744207,-0.08000000000000007,0.006639219605726582,1.453488372093031,690457655.0
2024-06-12,6.8,6.78,6.86,6.77,4570512.0,32807082.0,-0.2941176470588225,-0.019999999999999574,0.006619539905021402,1.323529411764717,690457655.0
2024-06-13,6.8,6.65,6.82,6.6,6113694.0,43057528.0,-1.9174041297935096,-0.1299999999999999,0.008854553144175076,3.2448377581121033,690457655.0
2024-06-14,6.65,6.53,6.67,6.48,9754208.0,67339725.0,-1.8045112781954864,-0.1200000000000001,0.014127163236389928,2.857142857142849,690457655.0
2024-06-17,6.5,6.48,6.53,6.44,4431933.0,30333598.0,-0.7656967840734996,-0.04999999999999982,0.006418833896482761,1.3782542113323102,690457655.0
2024-06-18,6.48,6.51,6.54,6.4,4881468.0,33381361.0,0.4629629629629539,0.02999999999999936,0.007069902063726124,2.1604938271604888,690457655.0
2024-06-19,6.51,6.46,6.52,6.46,3303245.0,22627436.0,-0.7680491551459223,-0.04999999999999982,0.004784138427721538,0.9216589861751093,690457655.0
2024-06-20,6.47,6.36,6.5,6.35,4536325.0,30627701.0,-1.5479876160990669,-0.09999999999999964,0.006570026368959586,2.3219814241486123,690457655.0
2024-06-21,6.35,6.38,6.42,6.33,3601902.0,24234175.0,0.3144654088050203,0.019999999999999574,0.0052166877634226535,1.4150943396226392,690457655.0
2024-06-24,6.37,6.22,6.38,6.18,4086580.0,26974997.0,-2.5078369905956133,-0.16000000000000014,0.0059186540556205435,3.134796238244517,690457655.0
2024-06-25,6.22,6.28,6.33,6.22,3287247.0,21757725.0,0.9646302250803984,0.0600000000000005,0.0047609682884897555,1.7684887459807126,690457655.0
2024-06-26,6.26,6.4,6.41,6.25,3934531.0,26240571.0,1.9108280254777066,0.1200000000000001,0.0056984392475162,2.5477707006369448,690457655.0
2024-06-27,6.35,6.34,6.4,6.33,3367979.0,22574327.0,-0.9375000000000022,-0.0600000000000005,0.004877893634186734,1.0937500000000044,690457655.0
2024-06-28,6.33,6.39,6.46,6.32,4053084.0,27390303.0,0.7886435331230235,0.04999999999999982,0.005870141305044985,2.2082018927444746,690457655.0
2024-07-01,6.43,6.51,6.53,6.4,3921400.0,26791611.0,1.8779342723004744,0.1200000000000001,0.005658985466252203,2.0344287949921736,692951064.0
2024-07-02,6.47,6.43,6.49,6.37,6231656.0,42301098.0,-1.228878648233489,-0.08000000000000007,0.008876740289693198,1.8433179723502322,702020764.0
2024-07-03,6.43,6.38,6.46,6.37,3566631.0,24202141.0,-0.7776049766718529,-0.04999999999999982,0.0050805206667647795,1.399688958009329,702020764.0
2024-07-04,6.38,6.25,6.42,6.23,3614920.0,24076290.0,-2.037617554858928,-0.1299999999999999,0.00514930638148475,2.9780564263322806,702020764.0
2024-07-05,6.26,6.31,6.33,6.24,2985003.0,19807919.0,0.9599999999999831,0.05999999999999961,0.004252015258055814,1.4399999999999977,702020764.0
2024-07-08,6.28,6.11,6.31,6.09,3883200.0,25243258.0,-3.1695721077654393,-0.1999999999999993,0.005531460320167966,3.4865293185419928,702020764.0
2024-07-09,6.16,6.24,6.26,6.04,4547336.0,29557545.0,2.127659574468077,0.1299999999999999,0.006477495016087587,3.6006546644844475,702020764.0
2024-07-10,6.23,6.14,6.33,6.11,5732100.0,37374817.0,-1.602564102564108,-0.10000000000000053,0.00816514310394386,3.5256410256410216,702020764.0
2024-07-11,6.21,6.32,6.33,6.18,6274729.0,41493439.0,2.931596091205213,0.1800000000000006,0.00893809602474949,2.4429967426710157,702020764.0
2024-07-12,6.31,6.31,6.35,6.28,3847800.0,25640927.0,-0.15822784810127777,-0.010000000000000675,0.005481034461254197,1.1075949367088511,702020764.0
2024-07-15,6.33,6.3,6.33,6.23,2904800.0,19257920.0,-0.15847860538826808,-0.009999999999999787,0.004137769349511719,1.5847860538827203,702020764.0
2024-07-16,6.3,6.24,6.3,6.16,3412909.0,22403626.0,-0.952380952380949,-0.05999999999999961,0.004861549935579968,2.222222222222217,702020764.0
2024-07-17,6.2,6.2,6.31,6.18,3984693.0,26204598.0,-0.6410256410256387,-0.040000000000000036,0.00567603296702489,2.0833333333333313,702020764.0
2024-07-18,6.16,6.33,6.37,6.07,6347827.0,41625589.0,2.0967741935483897,0.1299999999999999,0.009042221150028548,4.838709677419352,702020764.0
2024-07-19,6.21,6.14,6.23,6.07,8595609.0,55490846.0,-3.001579778830965,-0.1900000000000004,0.01224409510485647,2.527646129541866,702020764.0
2024-07-22,6.1,6.09,6.13,6.07,3507297.0,22529228.0,-0.8143322475570036,-0.04999999999999982,0.0049960017991718545,0.9771986970683976,702020764.0
2024-07-23,6.07,6.05,6.12,6.02,3909355.0,25043339.0,-0.6568144499178974,-0.040000000000000036,0.005568717052933209,1.6420361247947541,702020764.0
2024-07-24,6.02,5.95,6.09,5.93,4308641.0,27129748.0,-1.6528925619834656,-0.09999999999999964,0.006137483705538943,2.644628099173556,702020764.0
2024-07-25,5.93,5.89,6.01,5.87,4805128.0,30050472.0,-1.0084033613445453,-0.0600000000000005,0.0068447092257231295,2.3529411764705825,702020764.0
2024-07-26,5.89,5.96,5.99,5.89,5034555.0,31518024.0,1.1884550084889645,0.07000000000000028,0.007171518647559547,1.6977928692699582,702020764.0
2024-07-29,5.96,5.92,5.97,5.89,4213800.0,26330458.0,-0.6711409395973145,-0.040000000000000036,0.006002386561888075,1.342281879194632,702020764.0
2024-07-30,5.89,5.86,5.91,5.83,3798632.0,23498435.0,-1.0135135135135087,-0.05999999999999961,0.005410996646817131,1.3513513513513526,702020764.0
2024-07-31,5.86,6.09,6.11,5.84,7518124.0,47782884.0,3.924914675767921,0.22999999999999954,0.010709261585316869,4.607508532423216,702020764.0
2024-08-01,6.04,6.01,6.08,5.98,5586347.0,35536939.0,-1.3136288998357948,-0.08000000000000007,0.007957523888851811,1.6420361247947397,702020764.0
2024-08-02,5.98,5.96,6.03,5.95,3229400.0,20385680.0,-0.8319467554076532,-0.04999999999999982,0.004600148835483733,1.3311148086522475,702020764.0
2024-08-05,5.94,5.9,6.03,5.9,3976747.0,24986793.0,-1.0067114093959662,-0.05999999999999961,0.005664714213495827,2.1812080536912735,702020764.0
2024-08-06,5.94,5.97,5.99,5.92,2751073.0,17280136.0,1.186440677966094,0.0699999999999994,0.003918791496030451,1.1864406779661063,702020764.0
2024-08-07,5.97,5.96,5.99,5.92,2012600.0,12652772.0,-0.16750418760468344,-0.009999999999999787,0.00286686676976979,1.1725293132328356,702020764.0
2024-08-08,5.95,6.03,6.04,5.94,3648200.0,23098173.0,1.1744966442952975,0.07000000000000028,0.005196712386700858,1.6778523489932826,702020764.0
2024-08-09,6.03,6.03,6.07,6.01,2583173.0,16460495.0,0.0,0.0,0.0036796247810128874,0.9950248756218987,702020764.0
2024-08-12,5.99,5.95,6.02,5.95,2162715.0,13621844.0,-1.3266998341625258,-0.08000000000000007,0.003080699476290704,1.1608623548921955,702020764.0
2024-08-13,5.95,5.96,5.97,5.91,1920303.0,12036783.0,0.1680672268907557,0.009999999999999787,0.002735393450556115,1.0084033613445313,702020764.0
2024-08-14,5.97,5.9,5.98,5.89,2198700.0,13742321.0,-1.0067114093959662,-0.05999999999999961,0.003131958643889912,1.5100671140939723,702020764.0
2024-08-15,5.88,5.92,5.95,5.85,2428204.0,15131390.0,0.3389830508474523,0.019999999999999574,0.0034588777490917634,1.6949152542372972,702020764.0
2024-08-16,5.91,5.89,5.94,5.87,2481000.0,15446630.0,-0.5067567567567655,-0.03000000000000025,0.003534083501837846,1.1824324324324371,702020764.0
2024-08-19,5.87,5.89,5.96,5.87,3097565.0,19312000.0,0.0,0.0,0.004412355244808685,1.5280135823429517,702020764.0
2024-08-20,5.88,5.74,5.92,5.71,4728000.0,28750344.0,-2.5466893039049143,-0.14999999999999947,0.006734843529499933,3.5653650254668925,702020764.0
2024-08-21,5.71,5.67,5.77,5.65,3113625.0,18687210.0,-1.2195121951219523,-0.07000000000000028,0.0044352320610277565,2.09059233449476,702020764.0
2024-08-22,5.67,5.6,5.7,5.59,3083933.0,18372151.0,-1.2345679012345734,-0.07000000000000028,0.00439293701574901,1.9400352733686126,702020764.0
2024-08-23,5.46,5.25,5.46,5.22,10428631.0,58224972.0,-6.249999999999989,-0.34999999999999964,0.014855160324004319,4.28571428571429,702020764.0
2024-08-26,5.25,5.28,5.3,5.17,4115800.0,22770440.0,0.5714285714285783,0.03000000000000025,0.005862789551335835,2.476190476190474,702020764.0
2024-08-27,5.26,5.19,5.26,5.17,3076500.0,16882347.0,-1.7045454545454475,-0.08999999999999986,0.00438234900983641,1.7045454545454517,702020764.0
2024-08-28,5.19,5.23,5.25,5.16,2994468.0,16475825.0,0.7707129094412402,0.040000000000000036,0.004265497765248437,1.7341040462427717,702020764.0
2024-08-29,5.2,5.23,5.25,5.17,3598992.0,19824541.0,0.0,0.0,0.005126617593892138,1.5296367112810718,702020764.0
2024-08-30,5.23,5.3,5.39,5.19,5806814.0,32433337.0,1.338432122370925,0.0699999999999994,0.008271570155437738,3.824091778202663,702020764.0
2024-09-02,4.98,4.77,5.03,4.77,25363262.0,130092673.0,-10.000000000000009,-0.5300000000000002,0.03612893421482901,4.905660377358504,702020764.0
2024-09-03,4.65,4.71,4.79,4.65,13504921.0,67077929.0,-1.2578616352201144,-0.05999999999999961,0.019237210197389547,2.935010482180287,702020764.0
2024-09-04,4.67,4.68,4.75,4.65,7273629.0,35987147.0,-0.6369426751592355,-0.03000000000000025,0.010360988410878399,2.123142250530778,702020764.0
2024-09-05,4.68,4.69,4.71,4.66,6133636.0,30282781.0,0.21367521367523512,0.010000000000000675,0.00873711478995513,1.0683760683760646,702020764.0
2024-09-06,4.68,4.6,4.69,4.57,6860950.0,33544757.0,-1.9189765458422325,-0.09000000000000075,0.009773143974983623,2.558635394456292,702020764.0
2024-09-09,4.55,4.49,4.58,4.46,8019264.0,38118362.0,-2.391304347826073,-0.10999999999999943,0.011423115114583705,2.6086956521739157,702020764.0
2024-09-10,4.47,4.51,4.53,4.41,6233294.0,29433821.0,0.44543429844097204,0.019999999999999574,0.008879073554012427,2.672605790645882,702020764.0
2024-09-11,4.5,4.39,4.5,4.35,11045494.0,51340384.0,-2.6607538802660757,-0.1200000000000001,0.01573385655584398,3.3259423503326024,702020764.0
2024-09-12,4.4,4.3,4.44,4.29,13343342.0,61095218.0,-2.050113895216399,-0.08999999999999986,0.019007047489552602,3.4168564920273434,702020764.0
2024-09-13,4.31,4.16,4.31,4.14,19721798.0,87406777.0,-3.2558139534883623,-0.13999999999999968,0.028092898403215893,3.953488372093022,702020764.0
2024-09-18,4.15,4.13,4.17,4.03,15199737.0,65638045.0,-0.7211538461538547,-0.03000000000000025,0.02165140659571716,3.3653846153846074,702020764.0
2024-09-19,4.15,4.27,4.3,4.15,15702535.0,70154303.0,3.3898305084745672,0.13999999999999968,0.022367621878489053,3.6319612590798904,702020764.0
2024-09-20,4.27,4.2,4.3,4.15,11581002.0,51212018.0,-1.6393442622950727,-0.0699999999999994,0.016496665902035912,3.512880562060878,702020764.0
2024-09-23,4.19,4.21,4.23,4.17,9811497.0,43447341.0,0.23809523809523725,0.009999999999999787,0.013976078063696704,1.4285714285714404,702020764.0
2024-09-24,4.23,4.63,4.63,4.23,22049366.0,103202486.0,9.976247030878849,0.41999999999999993,0.03140842426706342,9.501187648456044,702020764.0
2024-09-25,5.09,5.09,5.09,5.08,14091923.0,75673018.0,9.935205183585305,0.45999999999999996,0.020073370650330224,0.21598272138228483,702020764.0
2024-09-26,5.2,5.49,5.5,5.05,76759767.0,426901863.0,7.858546168958758,0.40000000000000036,0.10934116330496459,8.840864440078589,702020764.0
2024-09-27,5.39,5.66,5.87,5.27,67600244.0,392512762.0,3.0965391621129212,0.16999999999999993,0.09629379566328611,10.928961748633888,702020764.0
2024-09-30,5.79,6.08,6.16,5.55,73346286.0,453170917.0,7.420494699646651,0.41999999999999993,0.10447879857866996,10.777385159010606,702020764.0
2024-10-08,6.68,6.17,6.68,5.77,67050089.0,440943800.0,1.4802631578947345,0.08999999999999986,0.09551012226185378,14.967105263157897,702020764.0
2024-10-09,5.97,5.56,5.97,5.56,36169334.0,219388097.0,-9.886547811993518,-0.6100000000000003,0.051521743878219534,6.645056726094005,702020764.0
2024-10-10,5.66,5.77,5.88,5.56,27419800.0,165909866.0,3.7769784172661858,0.20999999999999996,0.03905838887694211,5.755395683453243,702020764.0
2024-10-11,5.76,5.56,5.83,5.49,17748836.0,105906301.0,-3.6395147313691534,-0.20999999999999996,0.02528249435083661,5.892547660311957,702020764.0
2024-10-14,5.59,5.62,5.66,5.52,13476325.0,79583832.0,1.0791366906474975,0.0600000000000005,0.01919647635949412,2.517985611510802,702020764.0
2024-10-15,5.61,5.59,5.68,5.53,11641783.0,68881876.0,-0.5338078291814985,-0.03000000000000025,0.01658324596222342,2.6690391459074636,702020764.0
2024-10-16,5.52,5.57,5.59,5.5,8856901.0,51858413.0,-0.3577817531305816,-0.019999999999999574,0.012616294922011736,1.610017889087654,702020764.0
2024-10-17,5.57,5.46,5.64,5.46,9473270.0,55311605.0,-1.9748653500897717,-0.11000000000000032,0.013494287470961472,3.2315978456014314,702020764.0
2024-10-18,5.41,5.53,5.61,5.41,13993829.0,81067685.0,1.2820512820512775,0.07000000000000028,0.019933639740604595,3.663003663003666,702020764.0
2024-10-21,5.6,5.46,5.62,5.43,14836777.0,86093725.0,-1.2658227848101333,-0.07000000000000028,0.021134384851328986,3.4358047016274935,702020764.0
2024-10-22,5.47,5.54,5.55,5.42,10565955.0,61167626.0,1.46520146520146,0.08000000000000007,0.015050772771729583,2.380952380952379,702020764.0
2024-10-23,5.54,5.57,5.65,5.5,12840124.0,75377410.0,0.5415162454873723,0.03000000000000025,0.018290233933878342,2.7075812274368296,702020764.0
2024-10-24,5.57,5.51,5.62,5.49,9913170.0,57975344.0,-1.0771992818671583,-0.0600000000000005,0.01412090711322607,2.333931777378813,702020764.0
2024-10-25,5.54,5.73,5.78,5.52,20960903.0,125019121.0,3.9927404718693493,0.22000000000000064,0.02985795303342338,4.718693284936491,702020764.0
2024-10-28,5.69,5.79,5.79,5.61,19112470.0,115394217.0,1.0471204188481575,0.05999999999999961,0.027224935472136547,3.1413612565444975,702020764.0
2024-10-29,5.81,5.66,5.87,5.65,16861226.0,102237020.0,-2.2452504317789224,-0.1299999999999999,0.024018130039241973,3.7996545768566454,702020764.0
2024-10-30,5.63,5.78,5.9,5.63,16459589.0,100314681.0,2.1201413427561766,0.1200000000000001,0.023446014482842278,4.770318021201422,702020764.0
2024-10-31,5.77,5.8,5.86,5.76,16328533.0,99830355.0,0.34602076124565784,0.019999999999999574,0.02325933054595519,1.730103806228383,702020764.0
2024-11-01,5.8,5.73,5.81,5.67,11740487.0,71170543.0,-1.2068965517241237,-0.0699999999999994,0.01672384579211677,2.4137931034482705,702020764.0
2024-11-04,5.73,5.76,5.76,5.68,8062977.0,48678750.0,0.5235602094240788,0.02999999999999936,0.011485382503586461,1.3961605584642245,702020764.0
2024-11-05,5.76,5.85,5.86,5.74,17917956.0,109985142.0,1.5625,0.08999999999999986,0.02552339890618962,2.0833333333333353,702020764.0
2024-11-06,5.87,5.78,5.87,5.75,17628636.0,107725042.0,-1.1965811965811812,-0.0699999999999994,0.025111274344016412,2.0512820512820533,702020764.0
2024-11-07,5.75,5.92,5.93,5.7,19821149.0,122540730.0,2.422145328719716,0.13999999999999968,0.028234419858270746,3.979238754325251,702020764.0
2024-11-08,5.97,5.84,6.02,5.82,17816500.0,110651041.0,-1.3513513513513487,-0.08000000000000007,0.025378878964326473,3.378378378378366,702020764.0
2024-11-11,5.84,5.87,5.89,5.75,13649045.0,83578314.0,0.5136986301369939,0.03000000000000025,0.019442508968295986,2.3972602739725972,702020764.0
2024-11-12,5.87,5.98,6.02,5.86,24770906.0,155590969.0,1.873935264054527,0.11000000000000032,0.03528514720684245,2.725724020442917,702020764.0
2024-11-13,5.96,6.3,6.45,5.93,52976906.0,347348600.0,5.351170568561869,0.3199999999999994,0.07546344597864345,8.69565217391305,702020764.0
2024-11-14,6.39,6.53,6.62,6.16,52672359.0,359334875.0,3.65079365079366,0.23000000000000043,0.07502963117484086,7.3015873015873005,702020764.0
2024-11-15,6.39,6.13,6.52,6.09,35731698.0,237172213.0,-6.1255742725880635,-0.40000000000000036,0.05089834921179055,6.584992343032154,702020764.0
2024-11-18,6.25,6.74,6.74,6.2,46576733.0,318267465.0,9.951060358890707,0.6100000000000003,0.06634666008254993,8.809135399673737,702020764.0
2024-11-19,6.82,7.02,7.42,6.78,97700964.0,734362396.0,4.154302670623133,0.27999999999999936,0.13917104594359264,9.495548961424326,702020764.0
2024-11-20,6.71,7.0,7.17,6.7,66363620.0,482187826.0,-0.2849002849002802,-0.019999999999999574,0.09453227511658045,6.695156695156693,702020764.0
2024-11-21,6.83,6.62,6.84,6.6,49911366.0,351164734.0,-5.428571428571427,-0.3799999999999999,0.07109670904264023,3.4285714285714315,702020764.0
2024-11-22,6.63,6.33,6.82,6.31,38598285.0,269165912.0,-4.380664652567978,-0.29000000000000004,0.054981685698401936,7.703927492447139,702020764.0
2024-11-25,6.33,6.34,6.47,6.12,28785896.0,190125162.0,0.15797788309637184,0.009999999999999787,0.04100433701701735,5.529225908372823,702020764.0
2024-11-26,6.36,6.98,6.98,6.35,39005573.0,278951555.0,10.094637223974768,0.6400000000000006,0.055561850874257045,9.93690851735017,702020764.0
2024-11-27,6.98,6.99,7.1,6.7,59228525.0,430507530.0,0.14326647564468775,0.009999999999999787,0.08436862274916986,5.730659025787958,702020764.0
2024-11-28,7.01,7.26,7.69,6.97,78811643.0,610386717.0,3.862660944205998,0.2699999999999996,0.1122639771378614,10.300429184549365,702020764.0
2024-11-29,7.02,7.43,7.67,7.02,68115917.0,526218824.0,2.3415977961432466,0.16999999999999993,0.09702835085943412,8.95316804407714,702020764.0
2024-12-02,7.26,7.21,7.3,7.09,51661317.0,390686836.0,-2.96096904441453,-0.21999999999999975,0.07358944300399639,2.8263795423956926,702020764.0
2024-12-03,7.12,7.49,7.76,6.99,55674214.0,433891754.0,3.8834951456310662,0.28000000000000025,0.07930565142087449,10.67961165048543,702020764.0
2024-12-04,7.29,7.1,7.4,7.02,37895915.0,286668102.0,-5.206942590120168,-0.39000000000000057,0.05398118822593686,5.073431241655551,702020764.0
2024-12-05,7.06,7.1,7.15,6.99,24493112.0,182220714.0,0.0,0.0,0.034889440962461334,2.2535211267605657,702020764.0
2024-12-06,7.04,7.06,7.16,6.88,26988673.0,200104483.0,-0.5633802816901401,-0.040000000000000036,0.038444266016040514,3.9436619718309895,702020764.0
2024-12-09,7.06,7.32,7.36,7.06,35911848.0,273741638.0,3.682719546742219,0.2600000000000007,0.051154965553127145,4.24929178470256,702020764.0
2024-12-10,7.48,7.13,7.49,7.11,36053259.0,275754502.0,-2.595628415300555,-0.1900000000000004,0.051356399765976155,5.191256830601091,702020764.0
2024-12-11,7.06,7.13,7.2,7.04,19604421.0,146987110.0,0.0,0.0,0.027925699644975172,2.244039270687239,702020764.0
2024-12-12,7.14,7.06,7.2,6.99,22516385.0,167665772.0,-0.9817671809256745,-0.07000000000000028,0.03207367382085012,2.945301542776998,702020764.0
2024-12-13,7.06,6.75,7.06,6.71,37970707.0,273197285.0,-4.390934844192628,-0.3099999999999996,0.05408772638525546,4.957507082152969,702020764.0
2024-12-16,6.73,6.65,6.78,6.6,22056602.0,155498018.0,-1.4814814814814725,-0.09999999999999964,0.03141873165449562,2.6666666666666754,702020764.0
2024-12-17,6.64,6.46,6.67,6.41,19487104.0,133722054.0,-2.857142857142858,-0.1900000000000004,0.027758586354291938,3.9097744360902222,702020764.0
2024-12-18,6.49,6.45,6.53,6.38,14078100.0,95878624.0,-0.1547987616099089,-0.009999999999999787,0.0200536803495459,2.3219814241486123,702020764.0
2024-12-19,6.32,6.42,6.44,6.28,11554836.0,77531013.0,-0.46511627906976605,-0.03000000000000025,0.016459393500218463,2.480620155038762,702020764.0
2024-12-20,6.42,6.4,6.46,6.37,10668199.0,72028783.0,-0.31152647975076775,-0.019999999999999574,0.015196415187514311,1.4018691588785024,702020764.0
2024-12-23,6.4,6.66,6.78,6.35,30505838.0,210782044.0,4.062499999999991,0.2599999999999998,0.04345432437949941,6.71875000000001,702020764.0
2024-12-24,6.55,6.7,6.84,6.53,22426160.0,158083357.0,0.6006006006006093,0.040000000000000036,0.03194515198128812,4.654654654654649,702020764.0
2024-12-25,6.65,6.49,6.67,6.43,16111929.0,110727847.0,-3.13432835820896,-0.20999999999999996,0.022950786965611748,3.5820895522388088,702020764.0
2024-12-26,6.47,6.41,6.51,6.39,13053086.0,88616398.0,-1.2326656394452962,-0.08000000000000007,0.018593589633482694,1.8489984591679522,702020764.0
2024-12-27,6.39,6.47,6.52,6.36,10456482.0,71122954.0,0.9360374414976613,0.05999999999999961,0.014894832939727692,2.496099843993748,702020764.0
2024-12-30,6.46,6.51,6.59,6.43,10794140.0,74240897.0,0.6182380216383399,0.040000000000000036,0.015375813015126145,2.472952086553325,702020764.0
2024-12-31,6.49,6.26,6.51,6.25,12323719.0,82635766.0,-3.840245775729645,-0.25,0.01760145904283037,3.99385560675883,700153264.0
2025-01-02,6.27,6.0,6.31,5.96,17642800.0,113984254.0,-4.153354632587858,-0.2599999999999998,0.025198482828182604,5.591054313099035,700153264.0
2025-01-03,6.02,5.78,6.04,5.78,14082063.0,87704233.0,-3.6666666666666625,-0.21999999999999975,0.020112829181926088,4.33333333333333,700153264.0
2025-01-06,5.74,5.8,5.84,5.65,10358171.0,62910864.0,0.34602076124565784,0.019999999999999574,0.014794147985290261,3.2871972318339013,700153264.0
2025-01-07,5.78,5.83,5.83,5.73,7341159.0,44737667.0,0.5172413793103514,0.03000000000000025,0.01048507430795895,1.7241379310344769,700153264.0
2025-01-08,5.81,5.75,5.81,5.59,10980980.0,66133786.0,-1.3722126929674117,-0.08000000000000007,0.01568368036630334,3.773584905660373,700153264.0
2025-01-09,5.7,5.71,5.75,5.68,5628350.0,33912751.0,-0.6956521739130417,-0.040000000000000036,0.008038739929376378,1.217391304347831,700153264.0
2025-01-10,5.74,5.57,5.75,5.56,6978659.0,41587191.0,-2.4518388791593626,-0.13999999999999968,0.00996733052436359,3.3274956217162943,700153264.0
2025-01-13,5.49,5.6,5.61,5.46,5960450.0,34897907.0,0.538599640933568,0.02999999999999936,0.008513064648085393,2.6929982046678695,700153264.0
2025-01-14,5.61,5.79,5.8,5.61,9467640.0,57290546.0,3.392857142857153,0.1900000000000004,0.013522239325017272,3.3928571428571344,700153264.0
2025-01-15,5.79,5.79,5.83,5.77,6386521.0,39011729.0,0.0,0.0,0.009121604266348175,1.036269430051822,700153264.0
2025-01-16,5.81,5.85,5.91,5.78,8542812.0,52650776.0,1.0362694300518172,0.05999999999999961,0.012201345675651953,2.2452504317789272,700153264.0
2025-01-17,5.78,5.82,5.86,5.77,5336100.0,32732936.0,-0.5128205128204999,-0.02999999999999936,0.0076213313203950155,1.5384615384615514,700153264.0
2025-01-20,5.88,5.84,5.89,5.8,5418300.0,33474354.0,0.3436426116838476,0.019999999999999574,0.007738734186633743,1.546391752577317,700153264.0
2025-01-21,5.86,5.79,5.88,5.75,6088121.0,37179776.0,-0.8561643835616417,-0.04999999999999982,0.008695411866279609,2.226027397260272,700153264.0
2025-01-22,5.79,5.77,5.81,5.74,4199900.0,25530999.0,-0.3454231433506094,-0.020000000000000462,0.005998543770267991,1.2089810017271052,700153264.0
2025-01-23,5.8,5.78,5.88,5.77,7624710.0,46905253.0,0.17331022530331364,0.010000000000000675,0.010890058494392736,1.9064124783362275,700153264.0
2025-01-24,5.66,5.64,5.67,5.55,15037400.0,88982817.0,-2.422145328719738,-0.14000000000000057,0.021477297576377504,2.07612456747405,700153264.0
2025-01-27,5.65,5.68,5.85,5.65,11332000.0,68784171.0,0.7092198581560183,0.040000000000000036,0.016185027739869254,3.5460992907801296,700153264.0
2025-02-05,5.68,5.57,5.74,5.56,9157500.0,54010861.0,-1.936619718309851,-0.10999999999999943,0.013079279167653784,3.169014084507053,700153264.0
2025-02-06,5.59,5.6,5.61,5.49,9424436.0,55341618.0,0.538599640933568,0.02999999999999936,0.013460532835564986,2.1543985637342926,700153264.0
2025-02-07,5.62,5.8,5.83,5.59,16025281.0,96946886.0,3.571428571428581,0.20000000000000018,0.022888247222396723,4.28571428571429,700153264.0
2025-02-10,5.81,5.85,5.86,5.79,13209597.0,81182709.0,0.8620689655172376,0.04999999999999982,0.018866722015310065,1.206896551724143,700153264.0
2025-02-11,5.84,5.8,5.87,5.75,8397958.0,51311285.0,-0.8547008547008517,-0.04999999999999982,0.01199445668798596,2.0512820512820533,700153264.0
2025-02-12,5.79,6.0,6.05,5.77,25929249.0,161947961.0,3.4482758620689724,0.20000000000000018,0.037033675815299774,4.827586206896556,700153264.0
2025-02-13,5.96,5.92,6.05,5.92,12966865.0,81682201.0,-1.3333333333333308,-0.08000000000000007,0.018520037921297187,2.166666666666665,700153264.0
2025-02-14,5.91,5.9,5.94,5.85,9312991.0,57885347.0,-0.33783783783782884,-0.019999999999999574,0.013301360543253855,1.5202702702702828,700153264.0
2025-02-17,5.88,6.02,6.03,5.85,14458832.0,90809301.0,2.033898305084736,0.11999999999999922,0.020650952789102475,3.0508474576271287,700153264.0
2025-02-18,6.02,5.89,6.04,5.88,10334900.0,64790981.0,-2.1594684385382035,-0.1299999999999999,0.01476091097677151,2.657807308970102,700153264.0
2025-02-19,5.89,5.89,5.92,5.83,9478477.0,58675951.0,0.0,0.0,0.013537717364694024,1.5280135823429517,700153264.0
2025-02-20,5.92,5.86,5.92,5.82,7161489.0,44198277.0,-0.5093378607809784,-0.02999999999999936,0.01022845906492839,1.6977928692699433,700153264.0
2025-02-21,5.88,5.88,6.0,5.8,11583560.0,71799240.0,0.3412969283276279,0.019999999999999574,0.016544320501803732,3.4129692832764533,700153264.0
2025-02-24,5.86,5.87,5.94,5.84,7150732.0,44396667.0,-0.170068027210879,-0.009999999999999787,0.010213095285948706,1.7006802721088528,700153264.0
2025-02-25,5.86,5.82,5.86,5.8,6494152.0,39902597.0,-0.8517887563884163,-0.04999999999999982,0.009275329179926526,1.0221465076661072,700153264.0
2025-02-26,5.84,5.89,5.93,5.83,8099992.0,50188183.0,1.2027491408934665,0.0699999999999994,0.011568884152198996,1.7182130584192379,700153264.0
2025-02-27,5.91,5.87,5.92,5.78,7926842.0,48824170.0,-0.3395585738539819,-0.019999999999999574,0.011321581155979586,2.3769100169779236,700153264.0
2025-02-28,5.86,5.77,5.87,5.75,7432532.0,45568251.0,-1.7035775127768438,-0.10000000000000053,0.010615578591375388,2.0442930153321996,700153264.0
2025-03-03,5.76,5.81,5.96,5.76,12515726.0,77208410.0,0.6932409012131657,0.040000000000000036,0.017875694713607733,3.466204506065861,700153264.0
2025-03-04,5.75,5.76,5.8,5.72,9476175.0,57542401.0,-0.8605851979345935,-0.04999999999999982,0.013534429513135856,1.376936316695354,700153264.0
2025-03-05,5.77,5.72,5.77,5.67,8022633.0,48220288.0,-0.694444444444442,-0.040000000000000036,0.011458395486391677,1.736111111111105,700153264.0
2025-03-06,5.78,6.09,6.29,5.76,38513627.0,249205087.0,6.46853146853148,0.3700000000000001,0.055007423346097546,9.26573426573427,700153264.0
2025-03-07,6.06,5.95,6.1,5.91,23259533.0,147436289.0,-2.298850574712641,-0.13999999999999968,0.0332206306760858,3.1198686371100086,700153264.0
2025-03-10,5.95,5.95,5.96,5.87,13362777.0,83399018.0,0.0,0.0,0.019085502685023546,1.5126050420168042,700153264.0
2025-03-11,5.89,5.95,5.96,5.85,8631642.0,53723038.0,0.0,0.0,0.0123282178971603,1.8487394957983245,700153264.0
2025-03-12,5.97,5.92,5.98,5.91,8888200.0,55568416.0,-0.5042016806722782,-0.03000000000000025,0.012694649096144183,1.1764705882352988,700153264.0
2025-03-13,5.91,5.91,5.93,5.83,9421318.0,58276217.0,-0.16891891891891442,-0.009999999999999787,0.013456079524896709,1.689189189189183,700153264.0
2025-03-14,5.91,5.97,5.99,5.87,13447470.0,84335740.0,1.0152284263959421,0.05999999999999961,0.019206466200234695,2.0304568527918803,700153264.0
2025-03-17,5.97,6.02,6.04,5.96,11086204.0,70266318.0,0.8375209380234505,0.04999999999999982,0.01583396746115862,1.3400335008375222,700153264.0
2025-03-18,6.04,6.04,6.09,5.98,9147100.0,58087621.0,0.33222591362127574,0.020000000000000462,0.013064425277034773,1.8272425249169344,700153264.0
2025-03-19,6.02,6.0,6.05,5.99,6763068.0,42919462.0,-0.6622516556291425,-0.040000000000000036,0.009659410800090192,0.993377483443702,700153264.0
2025-03-20,6.01,5.98,6.04,5.96,8018839.0,50762431.0,-0.33333333333332993,-0.019999999999999574,0.011452976672833164,1.3333333333333344,700153264.0
2025-03-21,5.97,5.93,6.03,5.9,8826495.0,55529031.0,-0.8361204013378032,-0.05000000000000071,0.012606518392235904,2.173913043478259,700153264.0
2025-03-24,5.95,5.9,5.95,5.78,9547734.0,59060949.0,-0.5059021922428242,-0.02999999999999936,0.01363663427840565,2.866779089376053,700153264.0
2025-03-25,5.91,5.95,5.97,5.86,8014500.0,50102205.0,0.8474576271186418,0.04999999999999982,0.011446779458275868,1.8644067796610073,700153264.0
2025-03-26,5.93,6.01,6.01,5.91,9262050.0,58371108.0,1.0084033613445342,0.05999999999999961,0.013228603616136252,1.680672268907557,700153264.0
2025-03-27,5.98,5.97,6.01,5.92,7312218.0,46001624.0,-0.6655574043261225,-0.040000000000000036,0.01044373907253541,1.4975041597337746,700153264.0
2025-03-28,5.96,5.85,5.99,5.83,8626400.0,53519081.0,-2.010050251256279,-0.1200000000000001,0.012320730964984832,2.6800670016750443,700153264.0
2025-03-31,5.85,5.75,5.89,5.73,8169259.0,49855749.0,-1.7094017094017033,-0.09999999999999964,0.011667815348497755,2.7350427350427227,700153264.0
2025-04-01,5.77,5.83,5.86,5.75,6179218.0,37953475.0,1.3913043478260834,0.08000000000000007,0.008825521950291158,1.913043478260875,700153264.0
2025-04-02,5.8,5.78,5.84,5.77,4638700.0,28375999.0,-0.857632933104624,-0.04999999999999982,0.006625263693693214,1.2006861063464884,700153264.0
2025-04-03,5.74,5.86,5.87,5.72,7271721.0,44554139.0,1.384083044982698,0.08000000000000007,0.010385898879420206,2.5951557093425666,700153264.0
2025-04-07,5.67,5.27,5.67,5.27,11804611.0,66920956.0,-10.068259385665545,-0.5900000000000007,0.01686003851865211,6.825938566552907,700153264.0
2025-04-08,5.23,5.3,5.33,5.15,11337127.0,62925719.0,0.569259962049351,0.03000000000000025,0.01619235042229268,3.41555977229601,700153264.0
2025-04-09,5.34,5.49,5.54,5.19,13420105.0,75913204.0,3.584905660377369,0.1900000000000004,0.019167381900543422,6.603773584905653,700153264.0
2025-04-10,5.59,5.76,5.83,5.51,16843698.0,101312749.0,4.918032786885229,0.2699999999999996,0.024057158433814,5.8287795992714075,700153264.0
2025-04-11,5.71,5.65,5.76,5.64,11511220.0,69071258.0,-1.9097222222222099,-0.10999999999999943,0.016441000266478798,2.0833333333333353,700153264.0
2025-04-14,5.67,5.74,5.83,5.64,9453279.0,56966432.0,1.5929203539823078,0.08999999999999986,0.013501728101634615,3.3628318584070866,700153264.0
2025-04-15,5.73,5.84,6.1,5.7,15904074.0,98193320.0,1.7421602787456303,0.09999999999999964,0.02271513226852571,6.968641114982568,700153264.0
2025-04-16,5.74,5.78,5.92,5.72,13518368.0,82659641.0,-1.0273972602739656,-0.05999999999999961,0.019307726886494955,3.424657534246579,700153264.0
2025-04-17,5.74,5.73,5.79,5.67,7922027.0,47899507.0,-0.865051903114189,-0.04999999999999982,0.011314704090274725,2.07612456747405,700153264.0
2025-04-18,5.71,5.66,5.73,5.63,5581668.0,33346789.0,-1.221640488656195,-0.07000000000000028,0.007972065956119002,1.7452006980802883,700153264.0
2025-04-21,5.65,5.67,5.72,5.62,4336419.0,25941071.0,0.17667844522968323,0.009999999999999787,0.006193528221558073,1.7667844522968137,700153264.0
2025-04-22,5.64,5.81,5.86,5.64,12643419.0,77290908.0,2.4691358024691246,0.13999999999999968,0.01805807335349364,3.880070546737225,700153264.0
2025-04-23,5.79,5.77,5.83,5.74,8623502.0,52449844.0,-0.688468158347677,-0.040000000000000036,0.012316591871233497,1.5490533562822695,700153264.0
2025-04-24,5.83,5.85,5.93,5.79,15713879.0,97317965.0,1.3864818024263537,0.08000000000000007,0.022443484602536968,2.426343154246095,700153264.0
2025-04-25,5.84,5.96,5.96,5.83,15166815.0,94558439.0,1.8803418803418959,0.11000000000000032,0.021662135677767834,2.2222222222222205,700153264.0
2025-04-28,5.96,5.91,5.96,5.85,8589809.0,53410223.0,-0.8389261744966459,-0.04999999999999982,0.012268469550404039,1.8456375838926227,700153264.0
2025-04-29,5.87,5.93,5.99,5.86,8102918.0,50801585.0,0.33840947546530664,0.019999999999999574,0.011573063237194307,2.1996615905245327,700153264.0
2025-04-30,5.93,5.87,5.95,5.85,7563808.0,47013261.0,-1.0118043844856595,-0.05999999999999961,0.01080307468223129,1.6863406408094523,700153264.0
2025-05-06,5.9,5.96,5.96,5.87,8132135.0,50653237.0,1.5332197614991383,0.08999999999999986,0.011614792672022737,1.5332197614991459,700153264.0
2025-05-07,5.98,6.11,6.11,5.96,18067782.0,115277681.0,2.5167785234899487,0.15000000000000036,0.025805467072706527,2.516778523489939,700153264.0
2025-05-08,6.05,6.08,6.09,6.01,8350865.0,53389598.0,-0.49099836333879043,-0.03000000000000025,0.011927195700397393,1.3093289689034382,700153264.0
2025-05-09,6.07,6.08,6.09,6.0,7448201.0,47559935.0,0.0,0.0,0.010637957977155128,1.4802631578947345,700153264.0
2025-05-12,6.06,6.06,6.12,6.02,8107419.0,51812511.0,-0.328947368421062,-0.020000000000000462,0.011579491829663169,1.6447368421052717,700153264.0
2025-05-13,6.11,6.14,6.2,6.08,13529148.0,87542662.0,1.320132013201314,0.08000000000000007,0.019323123515425044,1.980198019801982,700153264.0
2025-05-14,6.13,6.26,6.26,6.11,17077604.0,111857510.0,1.9543973941368087,0.1200000000000001,0.024391236716422706,2.442996742671001,700153264.0
2025-05-15,6.32,6.23,6.37,6.2,15356147.0,101676407.0,-0.4792332268370503,-0.02999999999999936,0.02193255075648694,2.715654952076676,700153264.0
2025-05-16,6.19,6.19,6.25,6.16,8576001.0,56158900.0,-0.6420545746388395,-0.040000000000000036,0.012248748154089873,1.4446227929373974,700153264.0
2025-05-19,6.14,6.18,6.22,6.12,11004596.0,71543382.0,-0.1615508885298933,-0.010000000000000675,0.015717410124078204,1.6155088852988633,700153264.0
2025-05-20,6.17,6.12,6.19,6.09,9949400.0,64156119.0,-0.9708737864077555,-0.05999999999999961,0.01421031724276872,1.6181229773462869,700153264.0
2025-05-21,6.13,6.14,6.18,6.1,7839235.0,50737053.0,0.32679738562091387,0.019999999999999574,0.011196455694877686,1.3071895424836613,700153264.0
2025-05-22,6.13,6.2,6.24,6.12,9740356.0,63614703.0,0.9771986970684043,0.0600000000000005,0.013911748328291732,1.9543973941368098,700153264.0
2025-05-23,6.16,6.06,6.2,6.05,10560800.0,68203413.0,-2.2580645161290436,-0.14000000000000057,0.015083554620121002,2.4193548387096833,700153264.0
2025-05-26,6.05,6.08,6.09,6.01,6257972.0,39962061.0,0.33003300330034513,0.020000000000000462,0.008938003037003624,1.3201320132013215,700153264.0
2025-05-27,6.07,6.07,6.09,6.02,4723800.0,30203128.0,-0.1644736842105199,-0.009999999999999787,0.006746808510200704,1.1513157894736887,700153264.0
2025-05-28,6.1,6.14,6.19,6.09,5926600.0,38373210.0,1.153212520593061,0.0699999999999994,0.008464718090637938,1.647446457990124,700153264.0
2025-05-29,6.13,6.2,6.2,6.11,5856423.0,38136308.0,0.9771986970684043,0.0600000000000005,0.008364487178910017,1.4657980456026036,700153264.0
2025-05-30,6.2,6.19,6.22,6.15,5880900.0,38340992.0,-0.1612903225806428,-0.009999999999999787,0.008399446667437088,1.1290322580645062,700153264.0
2025-06-03,6.17,6.16,6.19,6.11,6392796.0,41418361.0,-0.4846526655896688,-0.03000000000000025,0.00913056658977455,1.2924071082390964,700153264.0
2025-06-04,6.15,6.24,6.26,6.14,7608368.0,49789580.0,1.2987012987013102,0.08000000000000007,0.0108667178904989,1.9480519480519498,700153264.0
2025-06-05,6.26,6.14,6.26,6.14,8615600.0,54523465.0,-1.602564102564108,-0.10000000000000053,0.012305305770880475,1.9230769230769247,700153264.0
2025-06-06,6.15,6.21,6.25,6.14,5689766.0,36057877.0,1.140065146579805,0.07000000000000028,0.008126457866516494,1.7915309446254124,700153264.0
2025-06-09,6.26,6.28,6.32,6.2,6182978.0,39589993.0,1.1272141706924366,0.07000000000000028,0.008830892203053416,1.9323671497584558,700153264.0
2025-06-10,6.28,6.2,6.28,6.15,7476398.0,47446241.0,-1.273885350318471,-0.08000000000000007,0.010678230588095923,2.070063694267514,700153264.0
2025-06-11,6.21,6.27,6.29,6.19,6164888.0,39444366.0,1.1290322580645107,0.0699999999999994,0.008805055002928617,1.6129032258064457,700153264.0
2025-06-12,6.27,6.23,6.27,6.2,5587500.0,35569679.0,-0.6379585326953596,-0.03999999999999915,0.007980395560935355,1.1164274322168963,700153264.0
2025-06-13,6.21,6.14,6.23,6.12,6178300.0,38944836.0,-1.4446227929374111,-0.09000000000000075,0.008824210808792287,1.7656500802568267,700153264.0
2025-06-16,6.14,6.12,6.18,6.1,6435100.0,40378374.0,-0.32573289902279035,-0.019999999999999574,0.009190987646384806,1.3029315960912065,700153264.0
2025-06-17,6.12,6.12,6.14,6.09,3685200.0,23025546.0,0.0,0.0,0.00526341901049825,0.8169934640522847,700153264.0
2025-06-18,6.11,6.04,6.12,6.0,5515123.0,34076161.0,-1.3071895424836666,-0.08000000000000007,0.007877022480038028,1.960784313725492,700153264.0
2025-06-19,6.04,5.94,6.06,5.91,5046690.0,30772554.0,-1.655629139072845,-0.09999999999999964,0.007207978966159615,2.4834437086092627,700153264.0
2025-06-20,5.94,5.99,6.04,5.93,5319341.0,32567772.0,0.8417508417508435,0.04999999999999982,0.007597395132617707,1.851851851851857,700153264.0
2025-06-23,5.96,6.07,6.13,5.96,5275922.0,32676958.0,1.3355592654423987,0.08000000000000007,0.007535381567542046,2.8380634390651074,700153264.0
2025-06-24,6.08,6.18,6.18,6.05,7772400.0,48836464.0,1.812191103789118,0.10999999999999943,0.011100998023769836,2.141680395387148,700153264.0
2025-06-25,6.19,6.24,6.26,6.16,8695278.0,55288842.0,0.9708737864077666,0.0600000000000005,0.012419106568644091,1.6181229773462726,700153264.0
2025-06-26,6.25,6.15,6.25,6.14,10659910.0,67439986.0,-1.4423076923076872,-0.08999999999999986,0.015225109341202758,1.762820512820518,700153264.0
2025-06-27,6.16,6.22,6.24,6.16,9752981.0,61930414.0,1.1382113821138073,0.0699999999999994,0.013929780094547985,1.3008130081300824,700153264.0
2025-06-30,6.21,6.23,6.25,6.19,6770109.0,43077348.0,0.1607717041800738,0.010000000000000675,0.009669467169691007,0.9646302250803797,700153264.0
2025-07-01,6.21,6.25,6.25,6.17,6616400.0,42044057.0,0.32102728731941976,0.019999999999999574,0.009435289240100765,1.2841091492776897,701239764.0
2025-07-02,6.28,6.33,6.39,6.24,13057721.0,84229508.0,1.2799999999999923,0.08000000000000007,0.01862090781263796,2.3999999999999915,701239764.0
2025-07-03,6.32,6.31,6.36,6.27,10681000.0,68856501.0,-0.3159557661927437,-0.020000000000000462,0.01523159488143345,1.4218009478673104,701239764.0
2025-07-04,6.3,6.26,6.33,6.25,8177944.0,52512790.0,-0.7923930269413626,-0.04999999999999982,0.011662122457733301,1.267828843106182,701239764.0
2025-07-07,6.24,6.31,6.31,6.24,7967882.0,51167266.0,0.7987220447284393,0.04999999999999982,0.011362564430958311,1.1182108626197986,701239764.0
2025-07-08,6.3,6.36,6.39,6.3,8158934.0,52949956.0,0.7923930269413848,0.05000000000000071,0.01163501332762413,1.4263074484944511,701239764.0
2025-07-09,6.37,6.35,6.44,6.34,7813836.0,50975223.0,-0.15723270440252124,-0.010000000000000675,0.011142887784098906,1.5723270440251655,701239764.0
2025-07-10,6.35,6.45,6.45,6.33,11966516.0,78313555.0,1.5748031496063186,0.10000000000000053,0.017064799536952672,1.8897637795275608,701239764.0
2025-07-11,6.44,6.44,6.5,6.39,9561225.0,62923388.0,-0.15503875968991832,-0.009999999999999787,0.013634744478066991,1.705426356589152,701239764.0
2025-07-14,6.5,6.49,6.61,6.47,12120346.0,80839038.0,0.7763975155279379,0.04999999999999982,0.017284168157925512,2.1739130434782696,701239764.0
2025-07-15,6.46,6.39,6.53,6.35,9284190.0,60695716.0,-1.5408320493066285,-0.10000000000000053,0.013239679887862149,2.773497688751935,701239764.0
2025-07-16,6.39,6.36,6.4,6.33,8102626.0,52705000.0,-0.46948356807510194,-0.02999999999999936,0.011554715542343375,1.095461658841945,701239764.0
2025-07-17,6.37,6.36,6.4,6.33,7866663.0,51137362.0,0.0,0.0,0.011218221504050361,1.1006289308176145,701239764.0
2025-07-18,6.38,6.4,6.45,6.33,9836154.0,64185884.0,0.6289308176100628,0.040000000000000036,0.014026805815877834,1.8867924528301903,701239764.0
2025-07-21,6.42,6.51,6.52,6.39,13684511.0,90771712.0,1.7187499999999911,0.10999999999999943,0.019514739041524176,2.0312499999999982,701239764.0
2025-07-22,6.48,6.52,6.56,6.44,14485566.0,96299271.0,0.1536098310291889,0.009999999999999787,0.020657080136716265,1.8433179723502187,701239764.0
2025-07-23,6.52,6.51,6.64,6.51,12384569.0,83166465.0,-0.15337423312883347,-0.009999999999999787,0.017660962249710643,1.993865030674845,701239764.0
2025-07-24,6.5,6.6,6.61,6.48,11233465.0,75597872.0,1.382488479262678,0.08999999999999986,0.016019435258380472,1.996927803379415,701239764.0
2025-07-25,6.61,6.52,6.62,6.5,8464681.0,56703809.0,-1.2121212121212088,-0.08000000000000007,0.01207102254400964,1.81818181818182,701239764.0
2025-07-28,6.51,6.48,6.55,6.45,10497569.0,69487214.0,-0.6134969325153228,-0.03999999999999915,0.014970013879589407,1.5337423312883383,701239764.0
2025-07-29,6.5,6.44,6.5,6.36,9293500.0,60886317.0,-0.6172839506172867,-0.040000000000000036,0.013252956373991364,2.1604938271604888,701239764.0
2025-07-30,6.44,6.43,6.47,6.38,8775633.0,57795139.0,-0.15527950310559868,-0.010000000000000675,0.01251445432863388,1.3975155279503084,701239764.0
2025-07-31,6.4,6.26,6.42,6.23,12988965.0,83686310.0,-2.6438569206842955,-0.16999999999999993,0.018522858609598188,2.954898911353025,701239764.0
2025-08-01,6.29,6.34,6.41,6.27,12807755.0,83168424.0,1.2779552715654896,0.08000000000000007,0.018264444855411822,2.2364217252396257,701239764.0
2025-08-04,6.34,6.36,6.38,6.28,6878744.0,44546285.0,0.3154574132492094,0.020000000000000462,0.009809403791881945,1.5772870662460512,701239764.0
2025-08-05,6.37,6.38,6.42,6.36,6999302.0,45725335.0,0.3144654088050203,0.019999999999999574,0.009981325017957766,0.9433962264150882,701239764.0
2025-08-06,6.39,6.37,6.42,6.34,7942617.0,51637524.0,-0.15673981191222097,-0.009999999999999787,0.011326535384550725,1.2539184952978069,701239764.0
2025-08-07,6.39,6.38,6.41,6.34,9966922.0,64913197.0,0.15698587127157548,0.009999999999999787,0.014213286969276888,1.0989010989011034,701239764.0
2025-08-08,6.36,6.4,6.41,6.33,6781635.0,44158511.0,0.31347962382446415,0.020000000000000462,0.009670921913093336,1.2539184952978069,701239764.0
2025-08-11,6.38,6.46,6.47,6.37,8830941.0,58028336.0,0.9374999999999911,0.05999999999999961,0.012593326068143507,1.5624999999999944,701239764.0
2025-08-12,6.47,6.46,6.5,6.43,7794194.0,51461411.0,0.0,0.0,0.011114877393062382,1.0835913312693541,701239764.0
2025-08-13,6.46,6.45,6.47,6.41,8196825.0,54009108.0,-0.1547987616099089,-0.009999999999999787,0.011689047627937996,0.9287925696594366,701239764.0
2025-08-14,6.46,6.37,6.5,6.35,11289405.0,74358566.0,-1.2403100775193798,-0.08000000000000007,0.01609920825881745,2.3255813953488427,701239764.0
2025-08-15,6.35,6.4,6.41,6.34,9812804.0,64006052.0,0.47095761381477086,0.03000000000000025,0.013993507647121962,1.0989010989011034,701239764.0
2025-08-18,6.4,6.41,6.45,6.37,12375971.0,81199702.0,0.15624999999999112,0.009999999999999787,0.017648701108170472,1.250000000000001,701239764.0
2025-08-19,6.43,6.49,6.52,6.4,12671371.0,83707553.0,1.2480499219968744,0.08000000000000007,0.018069955028962106,1.8720748829953078,701239764.0
2025-08-20,6.46,6.57,6.58,6.45,10493475.0,70124465.0,1.2326656394453073,0.08000000000000007,0.014964175648202403,2.0030816640986115,701239764.0
2025-08-21,6.58,6.6,6.6,6.54,10376289.0,69807228.0,0.45662100456620447,0.02999999999999936,0.014797063048466829,0.9132420091324142,701239764.0
2025-08-22,6.59,6.55,6.6,6.46,11733865.0,78251312.0,-0.7575757575757569,-0.04999999999999982,0.016733028562253636,2.1212121212121167,701239764.0
2025-08-25,6.48,6.42,6.5,6.37,36423536.0,238713577.0,-1.984732824427482,-0.1299999999999999,0.05194162948238058,1.9847328244274793,701239764.0
2025-08-26,6.41,6.43,6.48,6.37,25657168.0,168666621.0,0.15576323987538387,0.009999999999999787,0.03658829592555735,1.7133956386292886,701239764.0
2025-08-27,6.43,6.25,6.43,6.23,22919561.0,148575484.0,-2.7993779160186527,-0.17999999999999972,0.03268434304019303,3.1104199066873917,701239764.0
2025-08-28,6.24,6.12,6.28,6.01,22869085.0,143302447.0,-2.079999999999993,-0.1299999999999999,0.0326123619538495,4.320000000000007,701239764.0
2025-08-29,6.12,6.09,6.16,6.06,14152248.0,88353139.0,-0.4901960784313819,-0.03000000000000025,0.020181753412374943,1.633986928104584,701239764.0
2025-09-01,6.07,6.08,6.09,6.01,10449323.0,64743851.0,-0.16420361247947435,-0.009999999999999787,0.014901212875315496,1.3136288998357974,701239764.0
2025-09-02,6.07,6.03,6.09,5.98,10222973.0,62997713.0,-0.8223684210526327,-0.04999999999999982,0.01457842741502035,1.8092105263157803,701239764.0
2025-09-03,6.04,5.94,6.05,5.93,9335615.0,57022936.0,-1.492537313432829,-0.08999999999999986,0.01331301429164248,1.9900497512437827,701239764.0
2025-09-04,5.96,6.0,6.01,5.93,8849502.0,54126880.0,1.0101010101009944,0.05999999999999961,0.012619794903701438,1.346801346801348,701239764.0
2025-09-05,6.0,6.05,6.05,5.97,7254900.0,44539472.0,0.8333333333333304,0.04999999999999982,0.010345819464966906,1.3333333333333344,701239764.0
2025-09-08,6.03,6.08,6.08,6.02,7588245.0,47101402.0,0.49586776859504855,0.03000000000000025,0.010821184692544047,0.9917355371900909,701239764.0
2025-09-09,6.08,6.05,6.08,6.01,6575300.0,40675421.0,-0.49342105263158187,-0.03000000000000025,0.009376678758907346,1.1513157894736887,701239764.0
2025-09-10,6.06,6.05,6.07,6.01,5477008.0,33866884.0,0.0,0.0,0.007810464096842061,0.9917355371900909,701239764.0
2025-09-11,6.03,6.08,6.08,6.0,7961204.0,49200903.0,0.49586776859504855,0.03000000000000025,0.011353041297298708,1.322314049586778,701239764.0
2025-09-12,6.08,6.04,6.09,6.04,7711098.0,47841582.0,-0.6578947368421018,-0.040000000000000036,0.010996378693664611,0.8223684210526285,701239764.0
2025-09-15,6.06,6.01,6.07,5.99,7679400.0,47207072.0,-0.4966887417218624,-0.03000000000000025,0.01095117589481135,1.3245033112582794,701239764.0
2025-09-16,6.01,6.06,6.08,6.0,8721378.0,53990651.0,0.8319467554076532,0.04999999999999982,0.012437084215321251,1.3311148086522475,701239764.0
2025-09-17,6.06,6.06,6.08,6.03,8016382.0,49656142.0,0.0,0.0,0.011431727650858089,0.8250825082508222,701239764.0
2025-09-18,6.07,5.97,6.07,5.95,10664264.0,65522975.0,-1.4851485148514865,-0.08999999999999986,0.015207728579407827,1.980198019801982,701239764.0
2025-09-19,5.98,6.0,6.03,5.97,6272055.0,38467658.0,0.5025125628140836,0.03000000000000025,0.008944237509041202,1.005025125628149,701239764.0
2025-09-22,5.99,5.95,6.0,5.92,6840100.0,41542838.0,-0.8333333333333304,-0.04999999999999982,0.00975429567910242,1.3333333333333344,701239764.0
2025-09-23,5.94,5.86,5.94,5.77,8821815.0,52658447.0,-1.5126050420168013,-0.08999999999999986,0.01258031197443618,2.857142857142871,701239764.0
2025-09-24,5.85,5.89,5.9,5.82,4964613.0,29784541.0,0.5119453924914641,0.02999999999999936,0.007079765373944196,1.3651877133105812,701239764.0
2025-09-25,5.89,5.93,6.01,5.89,9468230.0,57699178.0,0.679117147707986,0.040000000000000036,0.01350212935158081,2.037351443123941,701239764.0
2025-09-26,5.92,5.97,5.99,5.9,7238478.0,43999616.0,0.6745362563237878,0.040000000000000036,0.010322400941313419,1.5177065767284967,701239764.0
2025-09-29,5.95,6.04,6.07,5.93,10395336.0,63885275.0,1.1725293132328396,0.07000000000000028,0.014824224942269532,2.345058626465671,701239764.0
2025-09-30,6.02,5.99,6.04,5.97,6879636.0,42092597.0,-0.8278145695364225,-0.04999999999999982,0.009810675824709791,1.1589403973509982,701239764.0
2025-10-09,5.99,5.97,5.99,5.91,6930123.0,42129669.0,-0.33388981636061077,-0.020000000000000462,0.009882672597556803,1.335559265442405,701239764.0
2025-10-10,5.96,6.1,6.11,5.95,14094775.0,87287570.0,2.1775544388609624,0.1299999999999999,0.02009979428377082,2.6800670016750443,701239764.0
2025-10-13,6.02,6.03,6.04,5.97,10208144.0,62603465.0,-1.147540983606543,-0.0699999999999994,0.014557280582280271,1.1475409836065622,701239764.0
2025-10-14,6.02,6.07,6.11,6.02,9791854.0,60846242.0,0.6633499170812573,0.040000000000000036,0.0139636319882168,1.4925373134328481,701239764.0
2025-10-15,6.06,6.07,6.1,6.05,6087600.0,37823389.0,0.0,0.0,0.008681196236327522,0.8237232289950547,701239764.0
2025-10-16,6.08,6.05,6.09,6.02,6032106.0,37352863.0,-0.32948929159802853,-0.020000000000000462,0.008602059252304466,1.1532125205930852,701239764.0
2025-10-17,6.04,6.0,6.08,5.99,6068700.0,37476178.0,-0.8264462809917328,-0.04999999999999982,0.008654243971253176,1.4876033057851217,701239764.0
2025-10-20,6.02,6.06,6.06,6.0,5543380.0,34183054.0,1.0000000000000009,0.05999999999999961,0.007905113606763464,0.9999999999999934,701239764.0
2025-10-21,6.06,6.12,6.13,6.04,8309301.0,51840222.0,0.990099009900991,0.0600000000000005,0.011849443552091549,1.485148514851483,701239764.0
2025-10-22,6.1,6.14,6.16,6.09,7868048.0,49370760.0,0.32679738562091387,0.019999999999999574,0.011220196577443374,1.1437908496732072,701239764.0
2025-10-23,6.12,6.17,6.19,6.1,8003867.0,50320983.0,0.48859934853420217,0.03000000000000025,0.011413880688032403,1.465798045602618,701239764.0
2025-10-24,6.17,6.1,6.18,6.09,7835200.0,49059381.0,-1.1345218800648316,-0.07000000000000028,0.011173353825953315,1.458670988654779,701239764.0
2025-10-27,6.03,6.06,6.06,5.92,15020125.0,92454854.0,-0.6557377049180357,-0.040000000000000036,0.02141938573808544,2.2950819672131098,701239764.0
2025-10-28,6.04,6.01,6.08,6.0,7604727.0,46967958.0,-0.8250825082508184,-0.04999999999999982,0.010844688778943802,1.3201320132013215,701239764.0
2025-10-29,6.02,5.99,6.03,5.93,8125445.0,49562932.0,-0.33277870216305017,-0.019999999999999574,0.011587256480794778,1.6638935108153168,701239764.0
2025-10-30,5.98,5.94,5.99,5.94,6507979.0,39648506.0,-0.8347245409014992,-0.04999999999999982,0.009280675931549142,0.8347245409014995,701239764.0
2025-10-31,5.96,5.98,5.99,5.94,6675863.0,40754379.0,0.6734006734006703,0.040000000000000036,0.009520086199789434,0.8417508417508388,701239764.0
2025-11-03,6.0,6.02,6.03,5.96,6473680.0,39793360.0,0.6688963210702115,0.03999999999999915,0.009231763987645173,1.1705685618729142,701239764.0
2025-11-04,6.02,6.04,6.08,6.0,7460259.0,46073389.0,0.33222591362127574,0.020000000000000462,0.010638670798480276,1.328903654485051,701239764.0
2025-11-05,6.04,6.1,6.13,6.0,8254172.0,51386471.0,0.9933774834437026,0.05999999999999961,0.011770827074774955,2.1523178807947003,701239764.0
2025-11-06,6.11,6.1,6.13,6.07,5085139.0,31735534.0,0.0,0.0,0.007251640966555342,0.9836065573770428,701239764.0
2025-11-07,6.1,6.16,6.18,6.1,8691989.0,54662238.0,0.9836065573770592,0.0600000000000005,0.01239517415615353,1.3114754098360668,701239764.0
2025-11-10,6.13,6.17,6.18,6.11,6657370.0,41942406.0,0.16233766233766378,0.009999999999999787,0.009493714335343939,1.1363636363636265,701239764.0
2025-11-11,6.18,6.15,6.18,6.14,5834219.0,36759449.0,-0.32414910858994395,-0.019999999999999574,0.008319863332792976,0.6482982171799033,701239764.0
2025-11-12,6.16,6.18,6.19,6.14,8632147.0,54470457.0,0.4878048780487809,0.02999999999999936,0.012309836725117602,0.8130081300813123,701239764.0
2025-11-13,6.17,6.21,6.22,6.14,8972636.0,56670123.0,0.4854368932038833,0.03000000000000025,0.01279538962368369,1.294498381877024,701239764.0
2025-11-14,6.21,6.17,6.24,6.17,11833042.0,75091327.0,-0.6441223832528209,-0.040000000000000036,0.01687445950369694,1.1272141706924361,701239764.0
2025-11-17,6.17,6.13,6.17,6.08,10487813.0,65712166.0,-0.648298217179899,-0.040000000000000036,0.014956101377046269,1.458670988654779,701239764.0
2025-11-18,6.14,6.04,6.14,6.03,8215754.0,50938823.0,-1.4681892332789492,-0.08999999999999986,0.011716041248339705,1.794453507340937,701239764.0
2025-11-19,6.06,5.98,6.07,5.96,6845177.0,41969556.0,-0.9933774834437026,-0.05999999999999961,0.009761535713482443,1.8211920529801375,701239764.0
2025-11-20,6.0,6.0,6.04,5.99,5659708.0,34781516.0,0.33444816053511683,0.019999999999999574,0.008071002659227408,0.8361204013377896,701239764.0
2025-11-21,6.0,5.8,6.01,5.8,10168800.0,61290876.0,-3.3333333333333326,-0.20000000000000018,0.014501174237460956,3.4999999999999996,701239764.0
2025-11-24,5.85,5.81,5.87,5.77,6602076.0,39242626.0,0.17241379310344307,0.009999999999999787,0.009414862560475107,1.7241379310344922,701239764.0
2025-11-25,5.82,5.85,5.89,5.8,4562000.0,27309970.0,0.6884681583476882,0.040000000000000036,0.006505620807892463,1.5490533562822695,701239764.0
2025-11-26,5.84,5.8,5.89,5.78,5616426.0,33479891.0,-0.8547008547008517,-0.04999999999999982,0.008009280546161384,1.880341880341871,701239764.0
2025-11-27,5.8,5.94,6.0,5.79,11720673.0,70968373.0,2.413793103448292,0.14000000000000057,0.016714216166440896,3.6206896551724133,701239764.0
2025-11-28,5.92,5.9,5.93,5.86,5159126.0,31026524.0,-0.6734006734006703,-0.040000000000000036,0.007357149815023895,1.1784511784511682,701239764.0
2025-12-01,5.89,5.9,5.91,5.87,6472147.0,38985879.0,0.0,0.0,0.009229577859478031,0.6779661016949159,701239764.0
2025-12-02,5.89,5.91,5.92,5.85,5512447.0,33179436.0,0.16949152542371504,0.009999999999999787,0.007861001732925118,1.1864406779661063,701239764.0
2025-12-03,5.91,5.92,5.95,5.9,5184101.0,31366693.0,0.16920473773265332,0.009999999999999787,0.0073927653081578525,0.8460236886632796,701239764.0
2025-12-04,5.9,5.85,5.91,5.83,4049121.0,24278672.0,-1.1824324324324342,-0.07000000000000028,0.0057742318788413715,1.3513513513513526,701239764.0
2025-12-05,5.85,5.88,5.89,5.82,4366209.0,26112025.0,0.512820512820511,0.03000000000000025,0.00622641388031726,1.1965811965811863,701239764.0
2025-12-08,5.87,5.84,5.92,5.84,5296186.0,31734699.0,-0.6802721088435382,-0.040000000000000036,0.007552603648414895,1.360544217687076,701239764.0
2025-12-09,5.83,5.81,5.85,5.79,4706396.0,28007224.0,-0.5136986301369939,-0.03000000000000025,0.006711536113060468,1.027397260273966,701239764.0
2025-12-10,5.81,5.82,5.84,5.77,3605100.0,21409801.0,0.1721170395869276,0.010000000000000675,0.00514103760949871,1.2048192771084387,701239764.0
2025-12-11,5.84,5.69,5.84,5.69,6671000.0,39166363.0,-2.2336769759450203,-0.1299999999999999,0.009513151339204433,2.577319587628857,701239764.0
2025-12-12,5.71,5.66,5.72,5.65,4546800.0,26394656.0,-0.5272407732864748,-0.03000000000000025,0.006483944912171295,1.2302284710017468,701239764.0
2025-12-15,5.65,5.7,5.71,5.61,4492137.0,26068433.0,0.7067137809187329,0.040000000000000036,0.006405992972184048,1.7667844522968137,701239764.0
2025-12-16,5.71,5.76,5.81,5.65,6399902.0,37513040.0,1.0526315789473717,0.05999999999999961,0.009126553182742785,2.807017543859636,701239764.0
2025-12-17,5.74,5.73,5.75,5.65,4076829.0,23746524.0,-0.5208333333333259,-0.02999999999999936,0.005813744755067826,1.736111111111105,701239764.0
2025-12-18,5.72,5.74,5.77,5.71,3917775.0,23031363.0,0.17452006980802626,0.009999999999999787,0.0055869264709866055,1.0471204188481607,701239764.0
2025-12-19,5.75,5.81,5.81,5.72,3975359.0,23486136.0,1.21951219512193,0.0699999999999994,0.005669043890671323,1.5679442508710777,701239764.0
2025-12-22,5.8,5.99,6.06,5.8,19553318.0,118995425.0,3.0981067125645634,0.1800000000000006,0.027883926445448976,4.4750430292598935,701239764.0
2025-12-23,6.0,5.83,6.01,5.82,12230878.0,73663850.0,-2.6711185308848084,-0.16000000000000014,0.01744179184909999,3.171953255425701,701239764.0
2025-12-24,5.83,5.86,5.89,5.8,5166902.0,30944489.0,0.5145797598627766,0.03000000000000025,0.007368238746940198,1.5437392795883338,701239764.0
2025-12-25,5.88,5.92,5.93,5.87,6413793.0,38683856.0,1.0238907849829282,0.05999999999999961,0.009146362384549545,1.0238907849829284,701239764.0
2025-12-26,5.9,5.92,5.95,5.89,5428195.0,32840973.0,0.0,0.0,0.00774085452461592,1.0135135135135218,701239764.0
2025-12-29,5.9,5.85,5.92,5.84,4931100.0,29599159.0,-1.1824324324324342,-0.07000000000000028,0.007031974302016335,1.3513513513513526,701239764.0
2025-12-30,5.85,5.81,5.86,5.77,4338040.0,25801801.0,-0.6837606837606813,-0.040000000000000036,0.006186243596990316,1.5384615384615514,701239764.0
2025-12-31,5.82,5.79,5.84,5.78,3933601.0,23330361.0,-0.344234079173833,-0.019999999999999574,0.0056094950713605,1.032702237521508,701239764.0
2026-01-05,5.8,5.81,5.85,5.77,6341683.0,37655884.0,0.3454231433505983,0.019999999999999574,0.009043530223993401,1.381692573402419,701239764.0
2026-01-06,5.8,5.88,5.88,5.8,5270661.0,31538550.0,1.2048192771084487,0.07000000000000028,0.0075162038301068166,1.376936316695354,701239764.0
2026-01-07,5.87,5.82,5.89,5.82,5513279.0,32912775.0,-1.0204081632652962,-0.05999999999999961,0.007862188203006697,1.1904761904761803,701239764.0
2026-01-08,5.82,5.85,5.87,5.8,5614994.0,33515674.0,0.5154639175257714,0.02999999999999936,0.008007238448617126,1.2027491408934756,701239764.0
2026-01-09,5.84,5.84,5.86,5.8,7371331.0,43900373.0,-0.17094017094017033,-0.009999999999999787,0.010511855400145277,1.0256410256410342,701239764.0
2026-01-12,5.84,5.86,5.87,5.82,7657224.0,45728983.0,0.34246575342467,0.020000000000000462,0.010919551903790783,0.8561643835616408,701239764.0
2026-01-13,5.86,5.89,5.9,5.83,8377632.0,50274576.0,0.5119453924914641,0.02999999999999936,0.011946886685678594,1.1945392491467623,701239764.0
2026-01-14,5.87,5.88,5.91,5.83,8922115.0,53604647.0,-0.1697792869269965,-0.009999999999999787,0.012723344365280461,1.3582342954159605,701239764.0
2026-01-15,5.86,5.86,5.89,5.84,4389803.0,26302821.0,-0.340136054421758,-0.019999999999999574,0.006260060004241288,0.8503401360544187,701239764.0
2026-01-16,5.88,5.86,5.92,5.83,7284090.0,43799020.0,0.0,0.0,0.010387445741026175,1.5358361774744003,701239764.0
2026-01-19,5.83,5.95,5.95,5.83,7793086.0,47079681.0,1.5358361774743923,0.08999999999999986,0.01111329733434797,2.047781569965872,701239764.0
2026-01-20,5.96,5.99,6.0,5.92,9219822.0,56234514.0,0.6722689075630228,0.040000000000000036,0.01314788817366609,1.3445378151260516,701239764.0
2026-01-21,5.97,5.95,5.98,5.93,5235364.0,31852736.0,-0.6677796327211993,-0.040000000000000036,0.007465868692523261,0.8347245409015143,701239764.0
2026-01-22,5.95,6.01,6.01,5.94,7243858.0,44400022.0,1.0084033613445342,0.05999999999999961,0.010330073067562095,1.176470588235284,701239764.0
2026-01-23,6.0,6.0,6.04,5.99,6492741.0,39863040.0,-0.16638935108153063,-0.009999999999999787,0.00925894584608867,0.831946755407651,701239764.0
2026-01-26,6.0,6.06,6.08,5.98,11456663.0,70744166.0,1.0000000000000009,0.05999999999999961,0.016337725822405016,1.6666666666666607,701239764.0
2026-01-27,6.05,6.13,6.13,6.01,14534122.0,90233328.0,1.1551155115511635,0.07000000000000028,0.020726323215179223,1.980198019801982,701239764.0
2026-01-28,6.13,6.08,6.14,6.06,8526749.0,53245558.0,-0.815660685154973,-0.04999999999999982,0.012159534352932102,1.305057096247962,701239764.0
2026-01-29,6.03,6.07,6.11,6.02,9824525.0,61013271.0,-0.1644736842105199,-0.009999999999999787,0.01401022232960537,1.4802631578947492,701239764.0
2026-01-30,6.04,6.09,6.13,6.03,7897269.0,49111160.0,0.32948929159801743,0.019999999999999574,0.011261867060921547,1.6474464579901094,701239764.0
2026-02-02,6.06,5.9,6.1,5.87,9071619.0,55482844.0,-3.1198686371100126,-0.1899999999999995,0.012936543912247396,3.7766830870279073,701239764.0
2026-02-03,5.93,5.98,5.99,5.91,5749300.0,35002224.0,1.3559322033898313,0.08000000000000007,0.008198764951954436,1.3559322033898318,701239764.0
2026-02-04,5.98,6.06,6.07,5.97,6306364.0,38935776.0,1.3377926421404451,0.07999999999999918,0.00899316371340288,1.6722408026755942,701239764.0
2026-02-05,6.07,6.07,6.09,6.01,5372913.0,33305527.0,0.16501650165017256,0.010000000000000675,0.007662019862296343,1.3201320132013215,701239764.0
2026-02-06,6.04,6.02,6.1,6.01,5610500.0,34828887.0,-0.8237232289950658,-0.05000000000000071,0.008000829798921671,1.4827018121911013,701239764.0
2026-02-09,6.07,6.1,6.11,6.04,5588539.0,34734707.0,1.3289036544850585,0.08000000000000007,0.007969512407741897,1.1627906976744233,701239764.0
2026-02-10,6.09,6.09,6.11,6.03,4957811.0,30879872.0,-0.16393442622950616,-0.009999999999999787,0.007070065410608974,1.3114754098360668,701239764.0
2026-02-11,6.08,6.09,6.11,6.06,4593460.0,28621280.0,0.0,0.0,0.006550484207852195,0.8210180623973844,701239764.0
2026-02-12,6.11,6.08,6.13,6.05,5208019.0,32463743.0,-0.16420361247947435,-0.009999999999999787,0.007426873470911727,1.3136288998357974,701239764.0
2026-02-13,6.06,6.0,6.11,5.99,4989639.0,30858165.0,-1.3157894736842146,-0.08000000000000007,0.007115453595412481,1.9736842105263175,701239764.0
2026-02-24,6.04,6.11,6.13,6.04,8231435.0,51396693.0,1.8333333333333313,0.11000000000000032,0.011738403072076785,1.4999999999999978,701239764.0
2026-02-25,6.13,6.1,6.16,6.09,6879812.0,43163277.0,-0.16366612111293755,-0.010000000000000675,0.00981092680876551,1.145662847790512,701239764.0
2026-02-26,6.13,6.09,6.14,6.06,5898288.0,36756025.0,-0.16393442622950616,-0.009999999999999787,0.008411228659303467,1.3114754098360668,701239764.0
2026-02-27,6.09,6.12,6.13,6.06,5369335.0,33545145.0,0.49261083743843415,0.03000000000000025,0.007656917470527242,1.1494252873563264,701239764.0
2026-03-02,6.1,6.11,6.18,6.04,10446686.0,65394162.0,-0.16339869281045694,-0.009999999999999787,0.014897452392617028,2.2875816993463998,701239764.0
2026-03-03,6.11,6.01,6.15,5.98,11519093.0,71550369.0,-1.6366612111293088,-0.10000000000000053,0.01642675385989663,2.7823240589198024,701239764.0
2026-03-04,5.98,5.79,5.98,5.78,12514592.0,74952633.0,-3.660565723793674,-0.21999999999999975,0.017846380999010203,3.327787021630619,701239764.0
2026-03-05,5.92,5.85,5.93,5.84,7828966.0,47110559.0,1.0362694300518172,0.05999999999999961,0.011164463856616095,1.5544041450777177,701239764.0
2026-03-06,5.85,6.01,6.05,5.82,9570184.0,58335916.0,2.7350427350427475,0.16000000000000014,0.01364752042213054,3.931623931623924,701239764.0
2026-03-09,5.99,5.98,6.08,5.95,8367186.0,51246203.0,-0.4991680532445808,-0.02999999999999936,0.011931990211553377,2.1630615640598987,701239764.0
2026-03-10,6.0,5.97,6.01,5.95,6397529.0,39016380.0,-0.16722408026756952,-0.010000000000000675,0.009123169176127896,1.0033444816053445,701239764.0
2026-03-11,5.97,6.0,6.01,5.91,6600647.0,40182747.0,0.5025125628140836,0.03000000000000025,0.009412824741068164,1.675041876046895,701239764.0
2026-03-12,5.99,5.99,6.04,5.98,7007024.0,43051823.0,-0.1666666666666594,-0.009999999999999787,0.009992336943402428,0.9999999999999934,701239764.0
2026-03-13,5.99,5.96,6.04,5.92,9183070.0,56185370.0,-0.5008347245409106,-0.03000000000000025,0.013095478139485542,2.0033388981636078,701239764.0
2026-03-16,5.95,5.93,6.0,5.91,6762012.0,41083462.0,-0.5033557046979942,-0.03000000000000025,0.009642938616926463,1.5100671140939574,701239764.0
2026-03-17,5.96,5.9,6.01,5.89,6856600.0,41780443.0,-0.5059021922428242,-0.02999999999999936,0.009777825434326055,2.023608768971334,701239764.0
2026-03-18,5.93,5.86,5.94,5.8,8021098.0,48017431.0,-0.6779661016949157,-0.040000000000000036,0.011438452882714735,2.3728813559322126,701239764.0
2026-03-19,5.82,5.74,5.86,5.73,7214336.0,42606504.0,-2.0477815699658675,-0.1200000000000001,0.010287973344306813,2.2184300341296908,701239764.0
2026-03-20,5.75,5.6,5.78,5.58,8317631.0,48280763.0,-2.4390243902439157,-0.14000000000000057,0.011861322513365058,3.4843205574912925,701239764.0
2026-03-23,5.54,5.21,5.54,5.19,13926555.0,76082078.0,-6.964285714285712,-0.3899999999999997,0.01985990486415143,6.249999999999994,701239764.0
2026-03-24,5.3,5.4,5.4,5.21,7988171.0,43361463.0,3.646833013435713,0.1900000000000004,0.011391497473608755,3.646833013435708,701239764.0
2026-03-25,5.4,5.53,5.54,5.37,7493682.0,41951594.0,2.4074074074074137,0.1299999999999999,0.010686333526288734,3.1481481481481466,701239764.0
2026-03-26,5.55,5.55,5.63,5.51,7727779.0,43976831.0,0.3616636528028794,0.019999999999999574,0.01102016656317282,2.1699819168173615,701239764.0
2026-03-27,5.55,5.56,5.57,5.47,6057319.0,34255130.0,0.18018018018017834,0.009999999999999787,0.008638014144331952,1.8018018018018116,701239764.0
2026-03-30,5.53,5.62,5.64,5.47,5622936.0,32031670.0,1.0791366906474975,0.0600000000000005,0.008018564104131437,3.0575539568345316,701239764.0
2026-03-31,5.62,5.65,5.73,5.6,5498619.0,31990072.0,0.5338078291815096,0.03000000000000025,0.00784128237200194,2.3131672597864905,701239764.0
2026-04-01,5.71,5.69,5.72,5.63,4823797.0,28005993.0,0.707964601769917,0.040000000000000036,0.006878955312636835,1.5929203539822985,701239764.0
2026-04-02,5.68,5.66,5.72,5.61,4711107.0,27293080.0,-0.5272407732864748,-0.03000000000000025,0.006718254214688259,1.9332161687170373,701239764.0
2026-04-03,5.65,5.49,5.66,5.47,4599351.0,25982269.0,-3.0035335689045928,-0.16999999999999993,0.006558885043489918,3.356890459363964,701239764.0
2026-04-07,5.48,5.55,5.56,5.39,4456505.0,25020339.0,1.0928961748633892,0.05999999999999961,0.006355180109267163,3.0965391621129315,701239764.0
2026-04-08,5.58,5.67,5.7,5.58,5362340.0,31001835.0,2.1621621621621623,0.1200000000000001,0.007646942280358192,2.162162162162164,701239764.0
2026-04-09,5.64,5.6,5.69,5.55,6206523.0,35579840.0,-1.2345679012345734,-0.07000000000000028,0.008850785877567548,2.469135802469146,701239764.0
2026-04-10,5.64,5.6,5.68,5.57,7157782.0,41249083.0,0.0,0.0,0.01020732475176636,1.9642857142857042,701239764.0
2026-04-13,5.59,5.58,5.6,5.54,4471001.0,25479141.0,-0.35714285714284477,-0.019999999999999574,0.0063758520687654556,1.0714285714285645,701239764.0
2026-04-14,5.6,5.59,5.66,5.53,5831259.0,33239142.0,0.17921146953405742,0.009999999999999787,0.008315642237310433,2.3297491039426506,701239764.0
2026-04-15,5.6,5.57,5.63,5.56,3684859.0,21060737.0,-0.3577817531305816,-0.019999999999999574,0.005254777594158223,1.2522361359570713,701239764.0
2026-04-16,5.59,5.6,5.61,5.56,4746560.0,27124045.0,0.538599640933568,0.02999999999999936,0.006768811815412111,0.8976660682226338,701239764.0
2026-04-17,5.61,5.55,5.61,5.52,4571473.0,25962732.0,-0.8928571428571397,-0.04999999999999982,0.006519129739482372,1.6071428571428705,701239764.0
2026-04-20,5.58,5.57,5.61,5.55,4698100.0,26812878.0,0.3603603603603789,0.020000000000000462,0.0066997056373431785,1.0810810810810902,701239764.0
2026-04-21,5.56,5.59,5.62,5.56,4161900.0,23783606.0,0.35906642728904536,0.019999999999999574,0.005935059894863578,1.0771992818671543,701239764.0
2026-04-22,5.59,5.61,5.63,5.56,4130451.0,23671371.0,0.3577817531305927,0.020000000000000462,0.005890212181407328,1.2522361359570713,701239764.0
2026-04-23,5.6,5.65,5.65,5.54,7134411.0,40974154.0,0.7130124777183555,0.040000000000000036,0.010173996636049292,1.9607843137254957,701239764.0
2026-04-24,6.09,6.22,6.22,5.98,58252656.0,368362098.0,10.088495575221224,0.5699999999999994,0.08307095374585746,4.247787610619456,701239764.0
2026-04-27,6.17,6.3,6.35,5.93,73913939.0,463316805.0,1.2861736334405238,0.08000000000000007,0.1054046601384687,6.7524115755627,701239764.0
2026-04-28,6.19,6.07,6.26,6.04,37047978.0,232008974.0,-3.650793650793649,-0.22999999999999954,0.052832112355796185,3.492063492063488,701239764.0
2026-04-29,6.15,6.17,6.25,6.11,29209397.0,184102056.0,1.6474464579901094,0.09999999999999964,0.04165393706909068,2.306425041186156,701239764.0
2026-04-30,6.12,6.2,6.28,6.12,22709687.0,144058161.0,0.4862236628849326,0.03000000000000025,0.03238505311002301,2.5931928687196133,701239764.0
2026-05-06,6.23,6.47,6.61,6.22,44945029.0,297021888.0,4.354838709677411,0.2699999999999996,0.06409366853873963,6.290322580645171,701239764.0
2026-05-07,6.47,6.43,6.53,6.41,21404397.0,141055087.0,-0.6182380216383287,-0.040000000000000036,0.030523649825425474,1.8547140649149938,701239764.0
2026-05-08,6.41,6.56,6.65,6.38,26408234.0,176722915.0,2.0217729393468,0.1299999999999999,0.037659350418696454,4.199066874028001,701239764.0
2026-05-11,6.51,6.65,6.72,6.46,22385896.0,151589387.0,1.371951219512213,0.09000000000000075,0.031923312323743236,3.9634146341463388,701239764.0
2026-05-12,6.63,6.52,6.69,6.49,19140088.0,128681383.0,-1.9548872180451204,-0.13000000000000078,0.027294641551445162,3.0075187969924837,701239764.0
2026-05-13,6.51,6.69,6.8,6.46,25678453.0,174291532.0,2.6073619631902023,0.17000000000000082,0.036618649309795845,5.214723926380366,701239764.0
2026-05-14,6.68,6.5,6.69,6.5,16423300.0,110531934.0,-2.840059790732441,-0.1900000000000004,0.02342037751298998,2.840059790732442,701239764.0
2026-05-15,6.51,6.48,6.58,6.45,15162911.0,101053928.0,-0.3076923076922977,-0.019999999999999574,0.021623005109561926,1.9999999999999982,701239764.0
2026-05-18,6.44,6.34,6.45,6.27,16711746.0,108063096.0,-2.1604938271605034,-0.14000000000000057,0.02383171471148918,2.777777777777787,701239764.0
2026-05-19,6.34,6.32,6.37,6.22,12987245.0,83464943.0,-0.3154574132492094,-0.019999999999999574,0.018520405810871842,2.365930599369091,701239764.0
2026-05-20,6.3,6.21,6.31,6.17,10686695.0,67912464.0,-1.7405063291139333,-0.11000000000000032,0.01523971621210003,2.2151898734177164,701239764.0
2026-05-21,6.22,6.04,6.28,6.03,12340700.0,77805066.0,-2.7375201288244777,-0.16999999999999993,0.017598403047776965,4.025764895330113,701239764.0
2026-05-22,6.07,6.18,6.21,5.99,11148895.0,69528733.0,2.3178807947019875,0.13999999999999968,0.015898834567516056,3.6423841059602604,701239764.0
2026-05-25,6.19,6.3,6.34,6.16,11252697.0,71979172.0,1.9417475728155331,0.1200000000000001,0.01604686097065083,2.9126213592232966,701239764.0
2026-05-26,6.26,6.42,6.45,6.24,14755779.0,96369008.0,1.904761904761898,0.1200000000000001,0.02104241624267046,3.3333333333333326,701239764.0
2026-05-27,6.38,6.23,6.42,6.17,12628572.0,80717336.0,-2.9595015576323935,-0.1899999999999995,0.018008921696003537,3.894080996884735,701239764.0
2026-05-28,6.28,6.17,6.38,6.03,11931248.0,75504281.0,-0.9630818619582704,-0.0600000000000005,0.017014505754696478,5.617977528089881,701239764.0
2026-05-29,6.14,6.14,6.23,6.09,9163216.0,57729376.0,-0.4862236628849326,-0.03000000000000025,0.013067165426745537,2.269043760129669,701239764.0
2026-06-01,6.13,6.27,6.29,5.95,14346931.0,90669043.0,2.1172638436482094,0.1299999999999999,0.020459380281235735,5.53745928338762,701239764.0
2026-06-02,6.26,6.2,6.35,6.13,10563118.0,67138918.0,-1.1164274322168932,-0.0699999999999994,0.01506348975384117,3.5087719298245577,701239764.0
2026-06-03,6.18,6.02,6.19,5.99,10489889.0,64779328.0,-2.903225806451626,-0.1800000000000006,0.014959061848067133,3.2258064516129057,701239764.0
2026-06-04,6.01,5.78,6.04,5.75,11038632.0,65927710.0,-3.9867109634551423,-0.23999999999999932,0.01574159448265401,4.817275747508306,701239764.0
2026-06-05,5.81,5.9,6.0,5.8,8540491.0,50335563.0,2.076124567474058,0.1200000000000001,0.012179131073918962,3.4602076124567507,701239764.0
2026-06-08,5.81,5.65,5.88,5.59,9826295.0,56098176.0,-4.23728813559322,-0.25,0.01401274643062027,4.915254237288136,701239764.0
2026-06-09,5.68,5.66,5.72,5.57,8551968.0,48193567.0,0.1769911504424737,0.009999999999999787,0.012195497801234216,2.6548672566371585,701239764.0
2026-06-10,5.6,5.56,5.63,5.47,7096763.0,39273764.0,-1.7667844522968323,-0.10000000000000053,0.010120308864857812,2.826855123674914,701239764.0
2026-06-11,5.55,5.48,5.59,5.41,5703374.0,31169830.0,-1.4388489208632893,-0.07999999999999918,0.008133272373869545,3.237410071942441,701239764.0
2026-06-12,5.52,5.56,5.62,5.48,9568233.0,53214674.0,1.4598540145985162,0.07999999999999918,0.013644738206831066,2.5547445255474392,701239764.0
2026-06-15,5.61,5.6,5.72,5.57,11017505.0,62019590.0,0.7194244604316502,0.040000000000000036,0.01571146641364736,2.6978417266186954,701239764.0
2026-06-16,5.61,5.46,5.62,5.44,8347003.0,45741283.0,-2.499999999999991,-0.13999999999999968,0.011903208329754672,3.214285714285709,701239764.0
2026-06-17,5.46,5.43,5.47,5.36,7163129.0,38707532.0,-0.5494505494505586,-0.03000000000000025,0.010214949818504588,2.0146520146520044,701239764.0
2026-06-18,5.41,5.41,5.45,5.3,7722036.0,41618123.0,-0.36832412523019054,-0.019999999999999574,0.011011976782309224,2.762430939226526,701239764.0
2026-06-22,5.36,5.44,5.44,5.22,7994961.0,42635737.0,0.5545286506469571,0.03000000000000025,0.011401180324394725,4.0665434380776455,701239764.0
2026-06-23,5.45,5.48,5.58,5.42,7590169.0,41733342.0,0.7352941176470562,0.040000000000000036,0.0108239284046077,2.9411764705882377,701239764.0
