date,open,close,high,low,volume,amount,pct_chg,change,turnover,amplitude,outstanding_share
2023-06-26,15.01,14.75,15.1,14.56,17923656.0,265353508.0,,,0.030884297277418888,,580348513.0
2023-06-27,14.86,14.9,14.96,14.75,9584449.0,142340542.0,1.016949152542379,0.15000000000000036,0.01651498846866176,1.4237288135593278,580348513.0
2023-06-28,14.96,14.68,15.0,14.24,17024538.0,248494262.0,-1.4765100671141007,-0.22000000000000064,0.02933502476295653,5.100671140939596,580348513.0
2023-06-29,14.65,14.73,15.16,14.51,13070887.0,194598908.0,0.34059945504087974,0.05000000000000071,0.022522478661024845,4.427792915531337,580348513.0
2023-06-30,14.61,14.95,15.05,14.58,14371599.0,214049845.0,1.4935505770536261,0.21999999999999886,0.02476373881912574,3.1907671418873087,580348513.0
2023-07-03,14.9,14.99,15.23,14.87,12286532.0,184545684.0,0.26755852842810235,0.040000000000000924,0.02117095456398628,2.408026755852851,580348513.0
2023-07-04,15.01,15.3,15.5,14.98,21828360.0,333306274.0,2.068045363575721,0.3100000000000005,0.0376125026790583,3.4689793195463614,580348513.0
2023-07-05,15.3,15.03,15.34,15.01,15139172.0,229041026.0,-1.764705882352946,-0.27000000000000135,0.02608634580924652,2.1568627450980395,580348513.0
2023-07-06,14.98,14.98,15.18,14.85,9195400.0,138198784.0,-0.3326679973386537,-0.049999999999998934,0.015844617146455926,2.19560878243513,580348513.0
2023-07-07,14.89,14.79,14.96,14.65,10427492.0,154215815.0,-1.2683578104138893,-0.19000000000000128,0.017967638007887858,2.0694259012016056,580348513.0
2023-07-10,14.79,14.83,14.97,14.76,7343768.0,109007159.0,0.27045300878973944,0.040000000000000924,0.012654065334014218,1.4198782961460505,580348513.0
2023-07-11,14.89,15.15,15.25,14.8,16093642.0,243336436.0,2.157788267026306,0.3200000000000003,0.027730995495804777,3.034389750505727,580348513.0
2023-07-12,15.03,14.78,15.25,14.77,14682441.0,219385217.0,-2.442244224422452,-0.370000000000001,0.025299351460559356,3.168316831683171,580348513.0
2023-07-13,15.0,16.26,16.26,14.95,41233059.0,656699280.0,10.01353179972937,1.4800000000000022,0.07104878891970212,8.86332882273344,580348513.0
2023-07-14,16.95,16.61,17.19,16.6,94589834.0,1591980470.0,2.152521525215234,0.34999999999999787,0.16298798373935008,3.6285362853628524,580348513.0
2023-07-17,16.62,16.58,16.77,16.34,43064484.0,712220013.0,-0.18061408789886713,-0.030000000000001137,0.07420452199900786,2.5888019265502695,580348513.0
2023-07-18,16.64,17.14,18.24,16.6,97886851.0,1696312822.0,3.3775633293124496,0.5600000000000023,0.16866908212445098,9.891435464414942,580348513.0
2023-07-19,16.71,17.43,17.51,16.49,65900256.0,1129040443.0,1.6919486581096876,0.28999999999999915,0.11355289885958578,5.950991831972013,580348513.0
2023-07-20,17.15,16.68,17.3,16.55,53083699.0,895014343.0,-4.302925989672978,-0.75,0.09146865686894592,4.3029259896729775,580348513.0
2023-07-21,16.68,16.74,17.54,16.58,46472635.0,791727091.0,0.3597122302158251,0.05999999999999872,0.08007711566239509,5.7553956834532425,580348513.0
2023-07-24,16.32,16.98,17.17,15.89,43494689.0,726049380.0,1.433691756272415,0.240000000000002,0.07494580932957434,7.646356033452816,580348513.0
2023-07-25,16.82,16.98,17.0,16.6,38159996.0,643160951.0,0.0,0.0,0.06575358624206555,2.355712603062418,580348513.0
2023-07-26,16.99,17.18,17.98,16.57,55674495.0,967318128.0,1.1778563015311994,0.1999999999999993,0.09593286405129464,8.303886925795053,580348513.0
2023-07-27,17.0,16.71,17.4,16.64,38032948.0,646162496.0,-2.7357392316647244,-0.46999999999999886,0.06553466950987087,4.423748544819546,580348513.0
2023-07-28,16.6,16.35,16.86,16.26,31884141.0,524125322.0,-2.1543985637342833,-0.35999999999999943,0.05493964451667338,3.590664272890472,580348513.0
2023-07-31,16.28,16.57,16.63,16.02,28444156.0,467122666.0,1.3455657492354778,0.21999999999999886,0.04901219760685421,3.7308868501529013,580348513.0
2023-08-01,16.41,16.58,16.74,16.3,24262250.0,401430734.0,0.06035003017499374,0.00999999999999801,0.04180634473341022,2.65540132770065,580348513.0
2023-08-02,16.6,16.09,16.6,15.98,25685156.0,417713372.0,-2.9553679131483657,-0.48999999999999844,0.04425815768395016,3.739445114595905,580348513.0
2023-08-03,15.92,15.65,16.08,15.54,27119408.0,426613363.0,-2.7346177750155354,-0.4399999999999995,0.04672952095597081,3.3561218147917913,580348513.0
2023-08-04,15.71,15.8,15.93,15.61,17692228.0,279016194.0,0.9584664536741228,0.15000000000000036,0.030485523101529854,2.044728434504794,580348513.0
2023-08-07,15.81,15.7,15.87,15.62,14378455.0,226066770.0,-0.6329113924050778,-0.10000000000000142,0.024775552410177364,1.582278481012658,580348513.0
2023-08-08,15.69,15.52,15.78,15.5,13034464.0,203240419.0,-1.146496815286624,-0.17999999999999972,0.022459718097011822,1.783439490445856,580348513.0
2023-08-09,15.52,15.32,15.57,15.26,12189577.0,187343563.0,-1.2886597938144284,-0.1999999999999993,0.02100389115669191,1.9974226804123745,580348513.0
2023-08-10,15.29,15.41,15.48,15.25,9050863.0,139066699.0,0.5874673629242766,0.08999999999999986,0.015595565073843827,1.5013054830287234,580348513.0
2023-08-11,15.41,14.97,15.45,14.95,12526867.0,189576854.0,-2.8552887735236787,-0.4399999999999995,0.02158507641424766,3.244646333549643,580348513.0
2023-08-14,14.88,15.09,15.1,14.74,9500014.0,141639129.0,0.8016032064128265,0.11999999999999922,0.01636949830523646,2.404809619238473,580348513.0
2023-08-15,15.19,14.86,15.25,14.72,10286979.0,153722450.0,-1.5241882041086896,-0.23000000000000043,0.01772551969991866,3.5122597746852176,580348513.0
2023-08-16,14.7,14.44,14.93,14.42,11324366.0,165647987.0,-2.826379542395696,-0.41999999999999993,0.01951304388023822,3.432032301480483,580348513.0
2023-08-17,14.4,14.69,14.77,14.3,12215801.0,178135198.0,1.7313019390581719,0.25,0.021049077797843863,3.2548476454293556,580348513.0
2023-08-18,14.74,14.47,14.94,14.46,11518832.0,169492721.0,-1.497617426820963,-0.21999999999999886,0.019848128739842225,3.267528931245736,580348513.0
2023-08-21,14.3,14.46,14.59,14.3,6879367.0,99750434.0,-0.06910850034553828,-0.009999999999999787,0.011853854788803431,2.0041465100207265,580348513.0
2023-08-22,14.48,14.56,14.7,14.18,11687492.0,168889761.0,0.6915629322268302,0.09999999999999964,0.020138747215158282,3.5961272475795267,580348513.0
2023-08-23,14.47,14.13,14.49,14.13,8156091.0,116496199.0,-2.953296703296704,-0.4299999999999997,0.014053781163044007,2.4725274725274686,580348513.0
2023-08-24,14.19,14.38,14.58,14.03,12345719.0,177114423.0,1.7692852087756616,0.25,0.021272939834343987,3.8924274593064454,580348513.0
2023-08-25,14.33,13.75,14.33,13.62,14922649.0,207360788.0,-4.381084840055638,-0.6300000000000008,0.02571325447679746,4.937413073713497,580348513.0
2023-08-28,14.58,13.95,14.68,13.83,14441984.0,205050982.0,1.4545454545454417,0.1999999999999993,0.02488501939178743,6.181818181818179,580348513.0
2023-08-29,13.95,14.44,14.45,13.88,17822942.0,254660283.0,3.512544802867379,0.4900000000000002,0.030710756727656163,4.086021505376334,580348513.0
2023-08-30,14.74,15.88,15.88,14.74,52808439.0,826516854.0,9.972299168975084,1.4400000000000013,0.0909943556622846,7.894736842105267,580348513.0
2023-08-31,15.72,16.4,17.19,15.5,84986462.0,1363275539.0,3.2745591939546514,0.5199999999999978,0.14644038900122072,10.642317380352653,580348513.0
2023-09-01,15.89,15.91,16.3,15.75,48458059.0,772696835.0,-2.987804878048772,-0.48999999999999844,0.08349820481059801,3.35365853658537,580348513.0
2023-09-04,15.91,16.59,17.17,15.85,71664274.0,1181347211.0,4.2740414833438045,0.6799999999999997,0.12348489294742106,8.296668761785053,580348513.0
2023-09-05,16.3,16.39,17.11,16.3,66782100.0,1113855294.0,-1.2055455093429757,-0.1999999999999993,0.11507240650067799,4.882459312839052,580348513.0
2023-09-06,16.21,17.19,17.86,16.16,95177231.0,1609837752.0,4.881025015253204,0.8000000000000007,0.16400012900524139,10.372178157413051,580348513.0
2023-09-07,16.75,16.25,16.77,16.25,58048503.0,954062613.0,-5.4682955206515445,-0.9400000000000013,0.10002352327901975,3.025014543339148,580348513.0
2023-09-08,16.21,16.1,16.53,16.1,36389171.0,592646042.0,-0.9230769230769154,-0.14999999999999858,0.06270227317701424,2.6461538461538443,580348513.0
2023-09-11,16.05,15.92,16.34,15.86,34430657.0,551155406.0,-1.1180124223602594,-0.1800000000000015,0.05932755271830945,2.9813664596273317,580348513.0
2023-09-12,16.02,15.78,16.17,15.73,25169430.0,399057982.0,-0.8793969849246297,-0.14000000000000057,0.04336950890059401,2.763819095477395,580348513.0
2023-09-13,15.63,15.42,15.83,15.23,26170122.0,404739690.0,-2.281368821292773,-0.35999999999999943,0.045093803833008185,3.8022813688212906,580348513.0
2023-09-14,15.35,15.03,15.38,14.9,22718240.0,342963487.0,-2.529182879377434,-0.39000000000000057,0.03914585717220576,3.1128404669260727,580348513.0
2023-09-15,15.12,15.44,15.82,14.91,38681856.0,594188159.0,2.727877578176985,0.41000000000000014,0.0666528045364355,6.054557551563541,580348513.0
2023-09-18,15.26,15.17,15.32,15.01,22759162.0,345431554.0,-1.7487046632124303,-0.2699999999999996,0.03921636997457078,2.0077720207253917,580348513.0
2023-09-19,15.11,14.99,15.26,14.76,18698369.0,280071464.0,-1.1865524060646004,-0.17999999999999972,0.0322192072197142,3.2959789057350033,580348513.0
2023-09-20,14.82,15.01,15.44,14.82,23358650.0,352857300.0,0.13342228152100066,0.019999999999999574,0.04024934927333914,4.136090727151429,580348513.0
2023-09-21,14.83,14.99,15.17,14.83,16396897.0,245464956.0,-0.13324450366422047,-0.019999999999999574,0.02825353495822604,2.2651565622918044,580348513.0
2023-09-22,14.9,15.21,15.25,14.75,23933794.0,361085463.0,1.4676450967311627,0.22000000000000064,0.041240381363740995,3.3355570380253505,580348513.0
2023-09-25,15.16,14.97,15.22,14.92,18524234.0,279419288.0,-1.5779092702169595,-0.2400000000000002,0.03191915475796179,1.9723865877712077,580348513.0
2023-09-26,14.95,14.74,14.98,14.69,17215214.0,255129180.0,-1.5364061456245803,-0.23000000000000043,0.029663579063913273,1.9372077488310016,580348513.0
2023-09-27,14.68,14.8,15.0,14.65,14618335.0,217055752.0,0.4070556309362372,0.0600000000000005,0.025188890248780564,2.374491180461327,580348513.0
2023-09-28,14.87,14.91,15.07,14.74,15733912.0,234674935.0,0.7432432432432412,0.10999999999999943,0.02711114381712907,2.2297297297297303,580348513.0
2023-10-09,14.91,15.05,15.1,14.83,15996917.0,239834390.0,0.9389671361502483,0.14000000000000057,0.027564328402095863,1.8108651911468785,580348513.0
2023-10-10,15.05,15.82,16.14,15.0,46743480.0,730719604.0,5.116279069767438,0.7699999999999996,0.08054380937131823,7.5747508305647875,580348513.0
2023-10-11,15.6,15.96,16.02,15.56,38280838.0,605344905.0,0.8849557522123908,0.14000000000000057,0.06596180939986315,2.9077117572692734,580348513.0
2023-10-12,15.85,15.77,15.88,15.51,24322205.0,381670509.0,-1.1904761904761973,-0.19000000000000128,0.041909653346522836,2.318295739348377,580348513.0
2023-10-13,15.65,15.96,16.2,15.6,34532571.0,549705503.0,1.2048192771084487,0.19000000000000128,0.05950316099112672,3.8046924540266307,580348513.0
2023-10-16,15.83,15.28,15.89,15.25,26525899.0,409349627.0,-4.260651629072687,-0.6800000000000015,0.045706844087321716,4.010025062656645,580348513.0
2023-10-17,15.35,15.54,15.75,15.28,22368754.0,347059779.0,1.7015706806282616,0.2599999999999998,0.03854365695600567,3.0759162303664964,580348513.0
2023-10-18,15.43,15.01,15.85,15.0,25471546.0,393020059.0,-3.4105534105534074,-0.5299999999999994,0.043890085749216004,5.469755469755468,580348513.0
2023-10-19,14.82,16.51,16.51,14.76,38965875.0,630428909.0,9.99333777481679,1.5000000000000018,0.06714219839829244,11.6588940706196,580348513.0
2023-10-20,16.92,16.38,17.36,16.36,99550611.0,1675412589.0,-0.7874015748031704,-0.13000000000000256,0.17153591121547337,6.0569351907934585,580348513.0
2023-10-23,16.0,16.55,16.7,16.0,62131342.0,1022422320.0,1.0378510378510564,0.1700000000000017,0.1070586735525934,4.273504273504269,580348513.0
2023-10-24,16.33,16.02,16.39,15.23,62646337.0,991412132.0,-3.2024169184290074,-0.5300000000000011,0.1079460627479888,7.0090634441087625,580348513.0
2023-10-25,15.81,16.1,16.34,15.74,43347641.0,698131893.0,0.4993757802746579,0.08000000000000185,0.07469243054647062,3.745318352059923,580348513.0
2023-10-26,15.93,15.87,16.29,15.56,38852504.0,617150805.0,-1.4285714285714457,-0.2300000000000022,0.06694684853961193,4.534161490683221,580348513.0
2023-10-27,15.75,16.3,16.51,15.58,52101761.0,839276112.0,2.7095148078134956,0.4300000000000015,0.08977667700166916,5.860113421550104,580348513.0
2023-10-30,16.0,16.37,16.65,16.0,46583931.0,764505481.0,0.4294478527607337,0.07000000000000028,0.0802688900832938,3.987730061349684,580348513.0
2023-10-31,16.31,16.57,16.75,16.1,41942003.0,690746107.0,1.221747098350634,0.1999999999999993,0.07227037213068555,3.970678069639576,580348513.0
2023-11-01,16.45,16.48,16.95,16.31,39710989.0,659891583.0,-0.5431502715751324,-0.08999999999999986,0.0684261062283449,3.862401931200969,580348513.0
2023-11-02,16.5,15.9,16.62,15.86,32130610.0,516719413.0,-3.5194174757281593,-0.5800000000000001,0.05536433587794857,4.611650485436902,580348513.0
2023-11-03,15.87,16.27,16.5,15.68,35756331.0,577096195.0,2.327044025157221,0.3699999999999992,0.06161182496214994,5.157232704402517,580348513.0
2023-11-06,16.27,16.54,16.58,16.18,38235890.0,627756272.0,1.659496004917016,0.2699999999999996,0.06588435938665013,2.4585125998770656,580348513.0
2023-11-07,16.4,16.91,17.17,16.38,57598298.0,968208083.0,2.2370012091898595,0.370000000000001,0.09924777389754422,4.776299879081032,580348513.0
2023-11-08,16.69,16.78,16.98,16.57,40491823.0,677898069.0,-0.7687758722649263,-0.129999999999999,0.06977156328132092,2.4246008279124784,580348513.0
2023-11-09,16.85,16.55,17.28,16.5,39917651.0,672126509.0,-1.3706793802145456,-0.23000000000000043,0.06878220604659324,4.648390941597146,580348513.0
2023-11-10,16.41,16.91,17.99,16.35,76527744.0,1315475331.0,2.1752265861027187,0.35999999999999943,0.13186515048415398,9.909365558912368,580348513.0
2023-11-13,16.93,16.82,17.14,16.54,43221438.0,723850536.0,-0.5322294500295643,-0.08999999999999986,0.07447496983592684,3.5481963335304636,580348513.0
2023-11-14,16.66,17.02,17.11,16.63,40956742.0,692545535.0,1.189060642092743,0.1999999999999993,0.07057266639365026,2.8537455410225947,580348513.0
2023-11-15,17.05,17.41,17.77,16.86,63530918.0,1092875885.0,2.291421856639242,0.39000000000000057,0.10947028652074792,5.346650998824913,580348513.0
2023-11-16,17.25,17.85,18.5,17.11,84194762.0,1503586286.0,2.527283170591632,0.4400000000000013,0.1450762087159858,7.98391728891442,580348513.0
2023-11-17,17.54,18.02,18.08,17.4,57896794.0,1024854229.0,0.952380952380949,0.16999999999999815,0.09976211311495167,3.809523809523808,580348513.0
2023-11-20,18.1,17.89,18.28,17.82,48638076.0,876142700.0,-0.721420643729187,-0.129999999999999,0.08380839256152277,2.5527192008879074,580348513.0
2023-11-21,17.81,17.17,17.87,17.16,46932725.0,819496675.0,-4.024594745667964,-0.7199999999999989,0.08086989791253243,3.968697596422587,580348513.0
2023-11-22,17.0,17.49,17.69,16.94,47527571.0,825091635.0,1.8637157833430118,0.31999999999999673,0.0818948785692848,4.36808386721025,580348513.0
2023-11-23,17.35,17.35,17.6,17.07,28727589.0,496557719.0,-0.8004574042309698,-0.13999999999999702,0.04950058173061951,3.030303030303037,580348513.0
2023-11-24,17.3,16.25,17.32,16.22,35943077.0,600367153.0,-6.34005763688762,-1.1000000000000014,0.061933607470103055,6.340057636887615,580348513.0
2023-11-27,16.04,16.2,16.52,16.04,19353039.0,315703215.0,-0.3076923076923088,-0.05000000000000071,0.03334727076314573,2.9538461538461567,580348513.0
2023-11-28,16.22,16.33,16.48,16.05,17711382.0,288405882.0,0.8024691358024638,0.129999999999999,0.03051852740768546,2.6543209876543195,580348513.0
2023-11-29,16.26,16.37,16.68,16.21,18477145.0,304336206.0,0.24494794856093627,0.0400000000000027,0.03183801558219897,2.8781383955909305,580348513.0
2023-11-30,16.28,15.7,16.31,15.57,23882472.0,378777896.0,-4.092852779474654,-0.6700000000000017,0.041151948294903276,4.520464263897363,580348513.0
2023-12-01,15.72,15.91,15.99,15.6,13681190.0,216314089.0,1.3375796178344057,0.21000000000000085,0.023574093313822275,2.4840764331210226,580348513.0
2023-12-04,15.9,16.13,16.3,15.9,16566378.0,267430399.0,1.3827781269641681,0.21999999999999886,0.028545568100731913,2.514142049025772,580348513.0
2023-12-05,16.05,15.6,16.05,15.55,14974885.0,236350991.0,-3.2858028518288895,-0.5299999999999994,0.02580326246136173,3.0998140111593306,580348513.0
2023-12-06,15.6,15.5,15.76,15.45,12696250.0,197895513.0,-0.6410256410256387,-0.09999999999999964,0.021876940692704076,1.9871794871794906,580348513.0
2023-12-07,15.42,15.63,15.7,15.37,11603581.0,180905194.0,0.8387096774193692,0.13000000000000078,0.019994159957466798,2.1290322580645165,580348513.0
2023-12-08,15.63,15.94,15.94,15.61,17171874.0,271490107.0,1.9833653230965975,0.3099999999999987,0.02958889979959335,2.1113243761996165,580348513.0
2023-12-11,15.8,16.05,16.1,15.6,13827179.0,220037752.0,0.6900878293601087,0.11000000000000121,0.02382564733133037,3.1367628607277402,580348513.0
2023-12-12,16.08,16.02,16.15,15.91,10998339.0,176218379.0,-0.18691588785046953,-0.030000000000001137,0.018951265926651906,1.4953271028037285,580348513.0
2023-12-13,15.96,15.67,15.97,15.67,11269232.0,178111942.0,-2.184769038701617,-0.34999999999999964,0.01941804234449723,1.8726591760299671,580348513.0
2023-12-14,15.75,15.63,15.87,15.6,9540899.0,149954455.0,-0.255264837268665,-0.03999999999999915,0.016439947352807294,1.7230376515634944,580348513.0
2023-12-15,15.63,15.44,15.7,15.38,8972520.0,139215632.0,-1.2156110044785784,-0.19000000000000128,0.015460572051125424,2.047344849648103,580348513.0
2023-12-18,15.42,15.12,15.42,15.05,9246231.0,140365623.0,-2.0725388601036343,-0.3200000000000003,0.015932204171943833,2.396373056994814,580348513.0
2023-12-19,15.0,15.2,15.34,14.99,7283519.0,110589643.0,0.5291005291005346,0.08000000000000007,0.012550250128753238,2.3148148148148127,580348513.0
2023-12-20,15.21,14.9,15.28,14.89,8354306.0,126028331.0,-1.9736842105263053,-0.29999999999999893,0.014395325934090918,2.5657894736842026,580348513.0
2023-12-21,14.77,15.0,15.07,14.61,9854531.0,146289983.0,0.6711409395973034,0.09999999999999964,0.01698036745034272,3.0872483221476568,580348513.0
2023-12-22,15.13,14.85,15.17,14.8,8748001.0,130771272.0,-1.0000000000000009,-0.15000000000000036,0.015073702790722926,2.4666666666666615,580348513.0
2023-12-25,14.83,14.87,14.99,14.8,6049075.0,90037475.0,0.13468013468012074,0.019999999999999574,0.010423176530134403,1.279461279461276,580348513.0
2023-12-26,14.89,14.47,14.91,14.43,9275884.0,135296149.0,-2.6899798251513007,-0.3999999999999986,0.015983299331724144,3.227975790181577,580348513.0
2023-12-27,14.47,14.72,14.86,14.47,10742500.0,158136213.0,1.727712508638568,0.25,0.018510429094525827,2.6952315134761493,580348513.0
2023-12-28,14.75,15.06,15.14,14.55,13242003.0,197538008.0,2.309782608695654,0.33999999999999986,0.022817329076192532,4.008152173913042,580348513.0
2023-12-29,15.07,15.25,15.28,15.0,10735723.0,163311108.0,1.2616201859229736,0.1899999999999995,0.018498751628575293,1.8592297476759585,580348513.0
2024-01-02,15.26,15.08,15.27,15.07,7147040.0,108170256.0,-1.1147540983606596,-0.16999999999999993,0.012315082816452397,1.3114754098360608,580348513.0
2024-01-03,15.04,15.06,15.13,14.86,7467198.0,112094966.0,-0.13262599469495706,-0.019999999999999574,0.012866747881199448,1.7904509283819716,580348513.0
2024-01-04,15.07,14.86,15.08,14.8,6118201.0,91139659.0,-1.3280212483399834,-0.20000000000000107,0.010542287716691367,1.8592297476759585,580348513.0
2024-01-05,14.87,14.5,14.96,14.4,8510510.0,124500505.0,-2.4226110363391617,-0.35999999999999943,0.014664481444100813,3.7685060565275945,580348513.0
2024-01-08,14.53,14.13,14.53,14.12,6583637.0,93672946.0,-2.551724137931033,-0.3699999999999992,0.011344281673036699,2.8275862068965525,580348513.0
2024-01-09,14.17,14.2,14.37,13.99,6777000.0,96275706.0,0.4953998584571684,0.06999999999999851,0.011677465950533072,2.689313517338988,580348513.0
2024-01-10,14.18,13.98,14.26,13.81,6519117.0,91318180.0,-1.5492957746478742,-0.21999999999999886,0.011233107096804088,3.169014084507037,580348513.0
2024-01-11,13.97,14.13,14.19,13.88,7126178.0,100505240.0,1.0729613733905685,0.15000000000000036,0.012279135451149161,2.217453505007144,580348513.0
2024-01-12,14.1,13.94,14.18,13.93,6395252.0,89833320.0,-1.3446567586695046,-0.19000000000000128,0.011019675000011588,1.7692852087756548,580348513.0
2024-01-15,13.85,15.15,15.33,13.81,50443024.0,768052169.0,8.680057388809193,1.2100000000000009,0.08691850305473256,10.903873744619796,580348513.0
2024-01-16,14.72,14.51,14.77,14.23,37311928.0,540455255.0,-4.224422442244224,-0.6400000000000006,0.06429227811254855,3.5643564356435586,580348513.0
2024-01-17,14.51,14.4,14.97,14.4,24150260.0,354776523.0,-0.7580978635423841,-0.10999999999999943,0.04161337447934497,3.9283252929014494,580348513.0
2024-01-18,14.12,14.85,14.86,14.02,26138370.0,379987272.0,3.125,0.4499999999999993,0.04503909188098497,5.833333333333332,580348513.0
2024-01-19,15.28,14.75,15.65,14.75,32894748.0,500105263.0,-0.6734006734006703,-0.09999999999999964,0.05668102401082572,6.060606060606063,580348513.0
2024-01-22,14.58,14.19,14.92,13.82,20477441.0,296028420.0,-3.796610169491532,-0.5600000000000005,0.03528473071145786,7.457627118644066,580348513.0
2024-01-23,14.0,14.58,14.9,13.54,23365954.0,334352940.0,2.748414376321362,0.39000000000000057,0.04026193481433112,9.584214235377035,580348513.0
2024-01-24,14.48,14.56,14.65,13.99,17830027.0,256474591.0,-0.137174211248281,-0.019999999999999574,0.030722964909190697,4.526748971193417,580348513.0
2024-01-25,14.56,15.0,15.28,14.35,27465685.0,409670609.0,3.0219780219780112,0.4399999999999995,0.047326191736102544,6.387362637362635,580348513.0
2024-01-26,14.84,15.29,15.76,14.78,38429849.0,588086303.0,1.9333333333333202,0.28999999999999915,0.0662185706332636,6.533333333333337,580348513.0
2024-01-29,15.06,14.8,15.39,14.8,20971539.0,315099856.0,-3.2047089601046297,-0.48999999999999844,0.036136112232960954,3.8587311968606923,580348513.0
2024-01-30,14.51,14.1,14.84,14.1,15350439.0,221290482.0,-4.729729729729737,-0.7000000000000011,0.02645038051471668,5.000000000000001,580348513.0
2024-01-31,14.15,14.17,14.63,13.9,18735004.0,266929559.0,0.4964539007092261,0.07000000000000028,0.03228233308146686,5.177304964539011,580348513.0
2024-02-01,14.05,14.68,14.88,13.9,25289849.0,366648637.0,3.59915314043755,0.5099999999999998,0.04357700318601488,6.916019760056461,580348513.0
2024-02-02,14.56,14.23,14.85,13.25,25324143.0,363386831.0,-3.06539509536784,-0.4499999999999993,0.04363609526470864,10.8991825613079,580348513.0
2024-02-05,13.93,12.81,14.0,12.81,22283954.0,294265626.0,-9.978917779339424,-1.42,0.038397537860151286,8.362614195361907,580348513.0
2024-02-06,12.34,13.28,13.56,11.64,23104179.0,292936062.0,3.669008587041356,0.46999999999999886,0.03981086964549524,14.988290398126464,580348513.0
2024-02-07,13.09,13.47,14.0,13.08,22757242.0,310183708.0,1.4307228915662717,0.19000000000000128,0.03921306161768351,6.927710843373494,580348513.0
2024-02-08,13.68,13.9,14.15,13.68,22555839.0,314177564.0,3.1922791388270255,0.4299999999999997,0.038866023595721694,3.489235337787681,580348513.0
2024-02-19,14.1,14.2,14.33,13.97,20973286.0,296713562.0,2.1582733812949506,0.29999999999999893,0.03613912249310786,2.5899280575539527,580348513.0
2024-02-20,14.0,14.2,14.27,13.82,18924046.0,265427313.0,0.0,0.0,0.032608071832864335,3.169014084507037,580348513.0
2024-02-21,14.0,14.2,14.54,13.92,24424820.0,349257770.0,0.0,0.0,0.04208646951422446,4.366197183098587,580348513.0
2024-02-22,14.09,14.59,14.92,14.06,29193839.0,423844377.0,2.746478873239444,0.39000000000000057,0.050303978292436845,6.0563380281690105,580348513.0
2024-02-23,14.61,14.62,14.75,14.38,23825051.0,346875290.0,0.20562028786839104,0.02999999999999936,0.041053006023640835,2.535983550376965,580348513.0
2024-02-26,14.51,14.67,14.9,14.51,24057366.0,353569632.0,0.3419972640218871,0.05000000000000071,0.04145330859148768,2.6675786593707294,580348513.0
2024-02-27,14.52,15.17,15.18,14.51,30647225.0,457377850.0,3.4083162917518672,0.5,0.05280831140856219,4.567143830947511,580348513.0
2024-02-28,15.29,14.07,15.29,14.07,36191747.0,537188026.0,-7.25115359261701,-1.0999999999999996,0.06236209138008078,8.042188529993402,580348513.0
2024-02-29,14.0,14.95,15.16,13.92,35862624.0,531936310.0,6.254442075337585,0.879999999999999,0.06179497870101375,8.813077469793889,580348513.0
2024-03-01,14.97,15.13,15.25,14.81,31406350.0,472768761.0,1.2040133779264384,0.1800000000000015,0.05411636162837898,2.943143812709027,580348513.0
2024-03-04,15.14,15.58,15.58,14.9,40765724.0,624582876.0,2.974223397224063,0.4499999999999993,0.07024352279162296,4.494382022471908,580348513.0
2024-03-05,15.35,15.27,15.91,15.14,36887276.0,572220131.0,-1.9897304236200286,-0.3100000000000005,0.06356055917041696,4.942233632862641,580348513.0
2024-03-06,15.07,15.31,15.63,14.82,30878451.0,468120662.0,0.2619515389652882,0.040000000000000924,0.05320673751773704,5.304518664047155,580348513.0
2024-03-07,15.29,14.81,15.45,14.8,22084143.0,333490215.0,-3.2658393207054215,-0.5,0.03805324301744183,4.245591116917039,580348513.0
2024-03-08,14.8,15.07,15.29,14.72,19224122.0,289873679.0,1.7555705604321403,0.2599999999999998,0.0331251335522936,3.848750844024298,580348513.0
2024-03-11,14.91,15.09,15.09,14.8,13679158.0,204632643.0,0.13271400132712774,0.019999999999999574,0.023570591969449915,1.9243530192435248,580348513.0
2024-03-12,15.12,15.15,15.4,15.03,18109692.0,274972329.0,0.3976143141153132,0.0600000000000005,0.03120485638256473,2.451954937044407,580348513.0
2024-03-13,15.14,15.19,15.33,15.06,19599645.0,297841108.0,0.26402640264024946,0.03999999999999915,0.033772198189469645,1.7821782178217793,580348513.0
2024-03-14,15.15,14.83,15.16,14.68,17853351.0,266129305.0,-2.369980250164583,-0.35999999999999943,0.030763154552960834,3.1599736668861125,580348513.0
2024-03-15,14.87,14.85,14.87,14.63,12195774.0,179672010.0,0.13486176668913163,0.019999999999999574,0.02101456922316608,1.6183412002697128,580348513.0
2024-03-18,14.81,15.13,15.15,14.81,18374970.0,275475580.0,1.8855218855218903,0.28000000000000114,0.03166195757961734,2.2895622895622885,580348513.0
2024-03-19,15.03,15.09,15.3,14.95,18175377.0,275117973.0,-0.26437541308659274,-0.040000000000000924,0.03131803837326279,2.3132848645076103,580348513.0
2024-03-20,15.06,15.12,15.17,14.99,13778002.0,207891652.0,0.1988071570576455,0.02999999999999936,0.023740910317452645,1.1928429423459226,580348513.0
2024-03-21,15.21,15.12,15.38,15.05,17393400.0,264271885.0,0.0,0.0,0.02997061181407731,2.1825396825396832,580348513.0
2024-03-22,15.21,15.68,15.88,15.13,55373433.0,862867264.0,3.703703703703698,0.5600000000000005,0.09541410335275555,4.9603174603174605,580348513.0
2024-03-25,15.39,14.81,15.48,14.8,32607976.0,491774482.0,-5.548469387755095,-0.8699999999999992,0.05618688644766115,4.33673469387755,580348513.0
2024-03-26,14.72,14.34,14.98,14.19,21876328.0,318486776.0,-3.1735313977042545,-0.47000000000000064,0.037695156461958576,5.334233625928433,580348513.0
2024-03-27,14.33,13.56,14.43,13.55,17500741.0,242842113.0,-5.4393305439330515,-0.7799999999999994,0.030155571364408752,6.136680613668054,580348513.0
2024-03-28,13.56,13.8,14.03,13.55,13825219.0,190976057.0,1.7699115044247815,0.2400000000000002,0.023822270050341286,3.539823008849548,580348513.0
2024-03-29,13.75,13.85,13.89,13.58,10695907.0,147045175.0,0.36231884057971175,0.049999999999998934,0.018430144577625547,2.246376811594206,580348513.0
2024-04-01,13.87,14.11,14.14,13.87,10557117.0,148380041.0,1.8772563176895352,0.2599999999999998,0.018190995175342166,1.9494584837545224,580348513.0
2024-04-02,14.1,13.91,14.14,13.84,10132088.0,141301382.0,-1.417434443656973,-0.1999999999999993,0.01745862662355094,2.1261516654854766,580348513.0
2024-04-03,13.8,13.98,14.18,13.6,14466625.0,200931695.0,0.5032350826743359,0.07000000000000028,0.024927478361609932,4.169662113587347,580348513.0
2024-04-08,13.83,13.65,13.91,13.65,8169151.0,112418830.0,-2.3605150214592308,-0.33000000000000007,0.01407628488228762,1.8597997138769653,580348513.0
2024-04-09,13.6,13.75,13.78,13.6,5592957.0,76699291.0,0.73260073260073,0.09999999999999964,0.0096372384433076,1.3186813186813167,580348513.0
2024-04-10,13.76,13.23,13.76,13.16,10726028.0,143629848.0,-3.781818181818175,-0.5199999999999996,0.01848204614939713,4.3636363636363615,580348513.0
2024-04-11,13.0,13.25,13.45,12.97,7431055.0,98947240.0,0.15117157974300355,0.019999999999999574,0.01280446978589915,3.628117913832189,580348513.0
2024-04-12,13.27,13.18,13.44,13.13,6881957.0,91532773.0,-0.5283018867924594,-0.07000000000000028,0.011858317624396153,2.339622641509424,580348513.0
2024-04-15,13.1,12.95,13.28,12.49,11069603.0,142924341.0,-1.7450682852807264,-0.23000000000000043,0.019074061106451046,5.993930197268583,580348513.0
2024-04-16,12.8,11.98,12.95,11.95,13837159.0,170234622.0,-7.490347490347482,-0.9699999999999989,0.02384284389473399,7.722007722007722,580348513.0
2024-04-17,12.18,12.75,12.79,12.18,12362497.0,155916578.0,6.427378964941566,0.7699999999999996,0.021301850048851594,5.09181969949916,580348513.0
2024-04-18,12.7,12.51,12.8,12.48,10217004.0,129075013.0,-1.8823529411764683,-0.2400000000000002,0.017604945599300606,2.5098039215686296,580348513.0
2024-04-19,12.41,12.24,12.45,12.17,8093780.0,99509742.0,-2.1582733812949617,-0.2699999999999996,0.013946412920334302,2.2382094324540316,580348513.0
2024-04-22,12.1,12.48,12.55,11.93,9934009.0,122238684.0,1.9607843137254832,0.2400000000000002,0.017117316194450213,5.065359477124192,580348513.0
2024-04-23,12.48,12.46,12.6,12.4,7076300.0,88410550.0,-0.1602564102564097,-0.019999999999999574,0.01219319054238707,1.6025641025640969,580348513.0
2024-04-24,12.44,12.71,12.71,12.44,7900144.0,99727136.0,2.006420545746379,0.25,0.01361275823584302,2.1669341894061103,580348513.0
2024-04-25,12.65,12.77,12.91,12.61,7765467.0,99227204.0,0.472069236821393,0.05999999999999872,0.013380695954329084,2.3603461841070077,580348513.0
2024-04-26,12.77,12.92,12.97,12.76,11413292.0,147125213.0,1.1746280344557603,0.15000000000000036,0.019666272497195148,1.6444792482380646,580348513.0
2024-04-29,12.75,12.99,13.08,12.71,14299822.0,185192271.0,0.5417956656346812,0.07000000000000028,0.024640059687720782,2.8637770897832757,580348513.0
2024-04-30,12.98,12.77,13.05,12.65,10167732.0,130180604.0,-1.6936104695919996,-0.22000000000000064,0.01752004489068106,3.0792917628945373,580348513.0
2024-05-06,12.9,12.8,13.05,12.76,9958475.0,128325642.0,0.2349256068911565,0.030000000000001137,0.01715947362132726,2.2709475332811353,580348513.0
2024-05-07,12.76,12.74,12.91,12.67,8636005.0,110376500.0,-0.46875000000000666,-0.0600000000000005,0.014880722198042403,1.8750000000000018,580348513.0
2024-05-08,12.74,12.42,12.76,12.41,9507624.0,119034370.0,-2.5117739403453743,-0.3200000000000003,0.016382611115607355,2.7472527472527446,580348513.0
2024-05-09,12.42,12.79,12.79,12.42,9879164.0,125126327.0,2.9790660225442744,0.3699999999999992,0.01702281263534486,2.979066022544277,580348513.0
2024-05-10,12.83,12.53,12.89,12.49,8838438.0,111250039.0,-2.0328381548084473,-0.2599999999999998,0.015229535015626032,3.1274433150899172,580348513.0
2024-05-13,12.39,12.29,12.48,12.25,6718000.0,82859243.0,-1.9154030327214744,-0.2400000000000002,0.011575802900351363,1.835594573024744,580348513.0
2024-05-14,12.33,12.36,12.55,12.26,5806800.0,71821237.0,0.5695687550854478,0.07000000000000028,0.010005711860934845,2.359641985353954,580348513.0
2024-05-15,12.38,12.42,12.74,12.22,13412124.0,168318011.0,0.4854368932038833,0.0600000000000005,0.023110465004327493,4.20711974110032,580348513.0
2024-05-16,12.34,12.48,12.62,12.33,9104574.0,113998929.0,0.48309178743961567,0.0600000000000005,0.015688114634662638,2.3349436392914584,580348513.0
2024-05-17,12.4,12.66,12.67,12.25,11195824.0,140064672.0,1.4423076923076872,0.17999999999999972,0.019291552832840633,3.3653846153846145,580348513.0
2024-05-20,12.7,12.62,12.79,12.58,9062706.0,114842060.0,-0.3159557661927437,-0.040000000000000924,0.015615971777289623,1.6587677725118413,580348513.0
2024-05-21,12.57,12.37,12.61,12.35,7313611.0,90963813.0,-1.9809825673534065,-0.25,0.012602101730551001,2.060221870047542,580348513.0
2024-05-22,12.37,12.46,12.5,12.32,6256125.0,77641825.0,0.7275666936136016,0.09000000000000163,0.010779944912170387,1.4551333872271603,580348513.0
2024-05-23,12.39,12.17,12.46,12.15,8864541.0,108724929.0,-2.327447833065821,-0.2900000000000009,0.015274513161369985,2.487961476725525,580348513.0
2024-05-24,12.17,11.86,12.17,11.85,9189700.0,109982454.0,-2.5472473294987696,-0.3100000000000005,0.015834795461946844,2.6294165981922784,580348513.0
2024-05-27,11.86,12.79,13.03,11.44,25637605.0,315169746.0,7.841483979763919,0.9299999999999997,0.04417622243481134,13.406408094435077,580348513.0
2024-05-28,12.7,12.9,13.49,12.6,36306788.0,475015357.0,0.8600469116497367,0.11000000000000121,0.06256031882001221,6.958561376075063,580348513.0
2024-05-29,12.66,12.72,13.03,12.66,17631852.0,225742703.0,-1.3953488372092981,-0.17999999999999972,0.030381489062245602,2.8682170542635594,580348513.0
2024-05-30,12.66,13.16,13.26,12.45,29850677.0,387567488.0,3.459119496855334,0.4399999999999995,0.051435777522186914,6.367924528301891,580348513.0
2024-05-31,13.06,13.09,13.27,12.97,20176337.0,264573721.0,-0.5319148936170248,-0.07000000000000028,0.034765897642611863,2.2796352583586548,580348513.0
2024-06-03,13.09,13.3,13.41,13.0,23981209.0,317585901.0,1.6042780748663166,0.21000000000000085,0.04132208227093364,3.1321619556913682,580348513.0
2024-06-04,13.2,12.83,13.2,12.66,18702526.0,240343395.0,-3.533834586466167,-0.47000000000000064,0.03222637015699565,4.060150375939843,580348513.0
2024-06-05,12.71,12.84,13.28,12.7,18140662.0,236777271.0,0.0779423226812126,0.009999999999999787,0.0312582208683974,4.520654715510522,580348513.0
2024-06-06,12.8,13.09,13.44,12.8,24049426.0,315908041.0,1.947040498442365,0.25,0.04143962715727679,4.984423676012452,580348513.0
2024-06-07,13.11,13.65,13.73,12.83,43690070.0,586601411.0,4.278074866310155,0.5600000000000005,0.07528247082800744,6.875477463712761,580348513.0
2024-06-11,13.65,14.14,14.49,13.47,50169552.0,697252911.0,3.589743589743599,0.4900000000000002,0.08644728275542252,7.47252747252747,580348513.0
2024-06-12,13.81,13.82,13.97,13.67,34260976.0,473040971.0,-2.2630834512022635,-0.3200000000000003,0.05903517495529449,2.1216407355021265,580348513.0
2024-06-13,13.9,13.87,14.31,13.72,36631000.0,511303971.0,0.3617945007235779,0.049999999999998934,0.06311896934247853,4.26917510853835,580348513.0
2024-06-14,13.6,13.3,13.64,13.26,28459000.0,381406128.0,-4.109589041095885,-0.5699999999999985,0.04903777534103891,2.739726027397266,580348513.0
2024-06-17,13.21,13.53,13.63,13.12,21796140.0,293152728.0,1.7293233082706694,0.22999999999999865,0.03755698431504381,3.834586466165425,580348513.0
2024-06-18,13.5,13.46,13.68,13.27,20525759.0,276106806.0,-0.5173688100517215,-0.06999999999999851,0.03536798758024904,3.0303030303030316,580348513.0
2024-06-19,13.47,13.79,13.82,13.16,34743750.0,469860314.0,2.4517087667161874,0.3299999999999983,0.059867044063572884,4.903417533432393,580348513.0
2024-06-20,13.61,13.62,14.15,13.58,39006042.0,542385092.0,-1.2327773749093551,-0.16999999999999993,0.06721141025823564,4.133430021754897,580348513.0
2024-06-21,13.34,13.2,13.45,13.0,22312387.0,294758953.0,-3.083700440528636,-0.41999999999999993,0.03844653083482614,3.303964757709246,580348513.0
2024-06-24,13.05,12.45,13.36,12.14,21952831.0,282356573.0,-5.681818181818176,-0.75,0.037826978975993346,9.242424242424233,580348513.0
2024-06-25,12.45,11.96,12.55,11.82,19582400.0,236798517.0,-3.9357429718875347,-0.48999999999999844,0.033742483286073315,5.863453815261048,580348513.0
2024-06-26,12.02,12.2,12.26,11.76,15018204.0,180479280.0,2.006688963210679,0.23999999999999844,0.025877905540528195,4.1806020066889635,580348513.0
2024-06-27,12.11,11.82,12.27,11.82,13413000.0,161488291.0,-3.1147540983606503,-0.379999999999999,0.02311197444215731,3.688524590163929,580348513.0
2024-06-28,11.74,11.92,12.24,11.71,13473300.0,161673351.0,0.8460236886632888,0.09999999999999964,0.02321587752564811,4.4839255499153925,580348513.0
2024-07-01,11.92,11.99,12.09,11.76,8957200.0,106738942.0,0.5872483221476488,0.07000000000000028,0.015434174120129089,2.7684563758389267,580348513.0
2024-07-02,11.96,11.94,12.05,11.9,7640800.0,91386697.0,-0.417014178482078,-0.05000000000000071,0.01316588192929513,1.2510425354462082,580348513.0
2024-07-03,11.95,12.13,12.26,11.77,15287975.0,184379428.0,1.5912897822445649,0.19000000000000128,0.02634274863731752,4.10385259631491,580348513.0
2024-07-04,12.1,11.99,12.14,11.85,10773356.0,129052131.0,-1.1541632316570571,-0.14000000000000057,0.018563597146668318,2.390766694146751,580348513.0
2024-07-05,11.96,11.93,12.0,11.74,6913600.0,82144228.0,-0.5004170141784892,-0.0600000000000005,0.011912841758241914,2.168473728106754,580348513.0
2024-07-08,11.95,11.78,12.12,11.7,9933900.0,118824863.0,-1.257334450963954,-0.15000000000000036,0.01711712837627276,3.5205364626990776,580348513.0
2024-07-09,11.3,11.27,11.44,10.68,28976328.0,321946314.0,-4.329371816638372,-0.5099999999999998,0.04992918453467288,6.451612903225805,580348513.0
2024-07-10,11.18,10.78,11.18,10.77,17008000.0,186121462.0,-4.347826086956519,-0.4900000000000002,0.029306528093059833,3.637976929902397,580348513.0
2024-07-11,11.0,11.11,11.13,10.84,16037152.0,176713071.0,3.0612244897959107,0.33000000000000007,0.027633657433012153,2.6901669758812705,580348513.0
2024-07-12,11.05,11.04,11.1,10.95,9964400.0,109813509.0,-0.6300630063006296,-0.07000000000000028,0.017169683003909066,1.3501350135013535,580348513.0
2024-07-15,11.01,10.87,11.15,10.83,8924700.0,97903549.0,-1.5398550724637694,-0.16999999999999993,0.015378173287401875,2.898550724637684,580348513.0
2024-07-16,10.8,10.93,10.97,10.66,9929000.0,107569040.0,0.5519779208831732,0.0600000000000005,0.01710868517380004,2.8518859245630224,580348513.0
2024-07-17,10.9,10.74,10.94,10.73,7227800.0,78246970.0,-1.7383348581884728,-0.1899999999999995,0.012454240578023157,1.9213174748398818,580348513.0
2024-07-18,10.6,10.61,10.77,10.31,12626070.0,132941691.0,-1.2104283054003795,-0.13000000000000078,0.021756013356064204,4.283054003724386,580348513.0
2024-07-19,10.62,11.67,11.67,10.54,33300555.0,379663488.0,9.990574929311968,1.0600000000000005,0.057380271085488245,10.650329877474089,580348513.0
2024-07-22,11.84,12.12,12.43,11.75,50343170.0,607552431.0,3.8560411311054033,0.4499999999999993,0.08674644437315893,5.826906598114822,580348513.0
2024-07-23,12.04,12.01,12.25,11.94,30239001.0,365041305.0,-0.9075907590759047,-0.10999999999999943,0.05210489959504729,2.557755775577562,580348513.0
2024-07-24,11.86,12.26,12.97,11.81,42050381.0,520366382.0,2.0815986677768628,0.25,0.07245711853835662,9.658617818484599,580348513.0
2024-07-25,12.06,12.1,12.21,11.85,26608150.0,319674607.0,-1.3050570962479635,-0.16000000000000014,0.04584857099478775,2.9363784665579216,580348513.0
2024-07-26,12.04,12.0,12.1,11.78,19624100.0,234582383.0,-0.8264462809917328,-0.09999999999999964,0.03381433666221869,2.644628099173556,580348513.0
2024-07-29,12.02,12.03,12.25,11.95,19013801.0,229681053.0,0.24999999999999467,0.02999999999999936,0.03276272890183144,2.500000000000006,580348513.0
2024-07-30,11.86,12.92,13.22,11.73,48475458.0,603781981.0,7.39817123857025,0.8900000000000006,0.08352818507178635,12.38570241064007,580348513.0
2024-07-31,12.6,12.8,13.18,12.49,45990500.0,589280223.0,-0.9287925696594312,-0.11999999999999922,0.07924634761664325,5.3405572755417925,580348513.0
2024-08-01,12.76,13.01,13.49,12.71,44816000.0,585327101.0,1.6406249999999956,0.20999999999999908,0.07722256367700903,6.093749999999995,580348513.0
2024-08-02,12.77,12.67,13.18,12.45,33254823.0,423597543.0,-2.613374327440432,-0.33999999999999986,0.0573014701598796,5.611068408916221,580348513.0
2024-08-05,12.39,11.93,12.59,11.93,24015301.0,293877766.0,-5.840568271507496,-0.7400000000000002,0.04138082628291321,5.20915548539858,580348513.0
2024-08-06,12.15,12.09,12.24,11.91,14672711.0,176554736.0,1.3411567476948827,0.16000000000000014,0.0252825856727921,2.766135792120705,580348513.0
2024-08-07,12.11,12.13,12.24,11.94,12236700.0,148617071.0,0.3308519437551727,0.040000000000000924,0.021085088917941277,2.481389578163778,580348513.0
2024-08-08,12.02,12.12,12.3,11.85,15809500.0,191120726.0,-0.08244023083265883,-0.010000000000001563,0.02724138969233475,3.7098103874690938,580348513.0
2024-08-09,12.36,12.25,12.55,12.14,21175800.0,260967472.0,1.0726072607260884,0.13000000000000078,0.03648807488199767,3.3828382838283844,580348513.0
2024-08-12,12.0,11.67,12.14,11.61,17785300.0,210653300.0,-4.734693877551022,-0.5800000000000001,0.03064589570164023,4.326530612244907,580348513.0
2024-08-13,11.66,11.77,11.88,11.55,10518200.0,123349967.0,0.8568980291345341,0.09999999999999964,0.018123937193580783,2.8277634961439593,580348513.0
2024-08-14,11.79,11.63,11.95,11.63,12030600.0,141839513.0,-1.189464740866597,-0.1399999999999988,0.020729957483323472,2.718776550552239,580348513.0
2024-08-15,11.61,11.67,11.84,11.46,11574800.0,135129386.0,0.34393809114359186,0.03999999999999915,0.019944567343106123,3.267411865864136,580348513.0
2024-08-16,11.75,11.57,11.9,11.57,13808400.0,161479606.0,-0.8568980291345341,-0.09999999999999964,0.023793289188629316,2.8277634961439593,580348513.0
2024-08-19,11.5,11.38,11.66,11.35,10367400.0,119044766.0,-1.6421780466724267,-0.1899999999999995,0.01786409332972651,2.679343128781335,580348513.0
2024-08-20,11.4,11.23,11.42,11.17,9007393.0,101346082.0,-1.3181019332161759,-0.15000000000000036,0.015520661806192998,2.196836555360281,580348513.0
2024-08-21,11.13,11.17,11.34,11.12,6360255.0,71291358.0,-0.534283170080152,-0.0600000000000005,0.010959371580228378,1.9590382902938612,580348513.0
2024-08-22,11.23,11.05,11.3,11.01,7320800.0,81333992.0,-1.074306177260509,-0.11999999999999922,0.012614489114750261,2.5962399283795965,580348513.0
2024-08-23,10.98,11.01,11.09,10.85,6443200.0,70693279.0,-0.36199095022625416,-0.040000000000000924,0.011102294320860955,2.1719457013574677,580348513.0
2024-08-26,11.01,11.06,11.14,10.92,5143200.0,56870982.0,0.4541326067211582,0.05000000000000071,0.008862261011772421,1.9981834695731213,580348513.0
2024-08-27,10.96,10.83,11.06,10.82,5560600.0,60612693.0,-2.0795660036166397,-0.23000000000000043,0.009581484014244386,2.1699819168173615,580348513.0
2024-08-28,10.82,10.97,11.03,10.75,6312534.0,69190059.0,1.2927054478301114,0.14000000000000057,0.01087714340365683,2.585410895660197,580348513.0
2024-08-29,10.89,11.16,11.21,10.87,7971734.0,88592964.0,1.731996353691878,0.1899999999999995,0.01373611514707198,3.0993618960802336,580348513.0
2024-08-30,11.17,11.28,11.5,11.15,14013320.0,159120377.0,1.0752688172043001,0.11999999999999922,0.024146387362243487,3.136200716845875,580348513.0
2024-09-02,11.23,10.94,11.31,10.91,8642986.0,96026852.0,-3.014184397163122,-0.33999999999999986,0.014892751176912208,3.5460992907801447,580348513.0
2024-09-03,11.0,11.02,11.1,10.94,5526900.0,60867575.0,0.7312614259597838,0.08000000000000007,0.00952341545846263,1.4625228519195625,580348513.0
2024-09-04,10.86,10.92,11.05,10.85,5099300.0,55901242.0,-0.9074410163339319,-0.09999999999999964,0.008786616810027046,1.8148820326678865,580348513.0
2024-09-05,10.95,11.03,11.09,10.93,5127518.0,56449528.0,1.0073260073260037,0.10999999999999943,0.008835239317654632,1.4652014652014667,580348513.0
2024-09-06,11.08,10.83,11.13,10.83,7458100.0,81766791.0,-1.8132366273798661,-0.1999999999999993,0.01285107109424092,2.719854941069816,580348513.0
2024-09-09,10.81,10.89,10.95,10.7,4996300.0,54313471.0,0.5540166204986097,0.0600000000000005,0.008609137247845417,2.3084025854108954,580348513.0
2024-09-10,10.92,11.0,11.05,10.7,6772100.0,73707753.0,1.0101010101009944,0.10999999999999943,0.011669022748060354,3.2139577594123176,580348513.0
2024-09-11,11.0,10.95,11.03,10.88,4382800.0,47986147.0,-0.454545454545463,-0.05000000000000071,0.007552013836210174,1.3636363636363507,580348513.0
2024-09-12,10.95,10.89,11.08,10.88,5706600.0,62790465.0,-0.5479452054794387,-0.05999999999999872,0.009833056985880483,1.8264840182648339,580348513.0
2024-09-13,10.92,10.7,10.95,10.7,4728855.0,51108957.0,-1.7447199265381186,-0.19000000000000128,0.008148302087576815,2.295684113865932,580348513.0
2024-09-18,10.91,10.63,10.97,10.51,5401000.0,57792884.0,-0.6542056074766212,-0.06999999999999851,0.009306476847990132,4.299065420560757,580348513.0
2024-09-19,10.7,10.85,10.93,10.6,7645700.0,82572204.0,2.069614299153333,0.21999999999999886,0.013174325131767849,3.10442144873001,580348513.0
2024-09-20,10.85,10.82,10.91,10.72,5408700.0,58438789.0,-0.2764976958525289,-0.02999999999999936,0.009319744737590117,1.7511520737327142,580348513.0
2024-09-23,10.81,10.93,11.03,10.76,7098100.0,77380292.0,1.0166358595194103,0.10999999999999943,0.01223075417787794,2.4953789279112715,580348513.0
2024-09-24,11.04,11.25,11.25,10.91,15280360.0,169961753.0,2.9277218664226945,0.3200000000000003,0.0263296272114339,3.1107044830741066,580348513.0
2024-09-25,11.3,11.37,11.8,11.3,22347765.0,256844967.0,1.0666666666666602,0.11999999999999922,0.03850749075667917,4.444444444444445,580348513.0
2024-09-26,11.37,11.72,11.76,11.35,20559302.0,238128960.0,3.0782761653474155,0.3500000000000014,0.035425785608931164,3.6059806508355337,580348513.0
2024-09-27,11.84,12.34,12.48,11.8,26813971.0,325167069.0,5.290102389078499,0.6199999999999992,0.04620322168379537,5.802047781569963,580348513.0
2024-09-30,12.89,13.48,13.49,12.54,40425306.0,529846029.0,9.238249594813631,1.1400000000000006,0.06965694766930505,7.698541329011353,580348513.0
2024-10-08,14.83,14.83,14.83,14.07,56061409.0,825131707.0,10.014836795252213,1.3499999999999996,0.09659955654956594,5.637982195845695,580348513.0
2024-10-09,14.83,14.48,15.47,14.05,60567953.0,906664640.0,-2.3600809170600145,-0.34999999999999964,0.10436479398716061,9.575185434929196,580348513.0
2024-10-10,14.48,13.59,14.68,13.43,35255201.0,487387537.0,-6.146408839779005,-0.8900000000000006,0.06074832658354722,8.632596685082873,580348513.0
2024-10-11,13.28,12.8,13.65,12.65,23006325.0,299327300.0,-5.813097866077987,-0.7899999999999991,0.03964225716901251,7.358351729212656,580348513.0
2024-10-14,12.8,13.3,13.32,12.59,22301572.0,290091937.0,3.90625,0.5,0.03842789548079707,5.7031250000000036,580348513.0
2024-10-15,13.34,13.19,13.64,13.08,25247350.0,338591247.0,-0.8270676691729428,-0.11000000000000121,0.04350377305093569,4.210526315789477,580348513.0
2024-10-16,12.92,13.07,13.38,12.88,15194079.0,199701238.0,-0.9097801364670199,-0.11999999999999922,0.026180956200709694,3.790750568612585,580348513.0
2024-10-17,13.17,12.99,13.33,12.98,15127300.0,199120640.0,-0.6120887528691665,-0.08000000000000007,0.026065889135826907,2.6778882938025985,580348513.0
2024-10-18,13.1,13.8,14.15,13.0,37986497.0,515096342.0,6.235565819861444,0.8100000000000005,0.06545462967353205,8.852963818321788,580348513.0
2024-10-21,13.8,14.1,14.45,13.8,46491143.0,657096041.0,2.1739130434782483,0.29999999999999893,0.08010900684430633,4.710144927536222,580348513.0
2024-10-22,13.82,13.98,14.31,13.8,28735605.0,402577567.0,-0.8510638297872242,-0.11999999999999922,0.04951439412062386,3.617021276595743,580348513.0
2024-10-23,13.9,13.83,14.1,13.8,21094600.0,293423535.0,-1.0729613733905574,-0.15000000000000036,0.036348158955306915,2.145922746781108,580348513.0
2024-10-24,13.72,14.09,14.16,13.66,29473601.0,411863214.0,1.8799710773680367,0.2599999999999998,0.05078603690675779,3.6153289949385394,580348513.0
2024-10-25,14.1,14.29,14.5,13.94,33211532.0,472085300.0,1.419446415897796,0.1999999999999993,0.05722687532758441,3.974449964513843,580348513.0
2024-10-28,14.29,15.72,15.72,14.29,45931123.0,701249525.0,10.006997900629822,1.4300000000000015,0.0791440349568019,10.006997900629822,580348513.0
2024-10-29,15.99,15.0,15.99,14.8,86481280.0,1328869106.0,-4.580152671755733,-0.7200000000000006,0.14901611370200926,7.569974554707376,580348513.0
2024-10-30,14.6,14.53,14.94,14.37,45855082.0,669980776.0,-3.1333333333333324,-0.47000000000000064,0.07901300851614312,3.800000000000002,580348513.0
2024-10-31,14.5,15.04,15.31,14.33,54317067.0,807692674.0,3.509979353062631,0.5099999999999998,0.09359387640922585,6.74466620784584,580348513.0
2024-11-01,14.8,14.01,15.14,14.01,39519604.0,570796854.0,-6.84840425531914,-1.0299999999999994,0.06809633024768343,7.513297872340432,580348513.0
2024-11-04,13.8,14.23,14.35,13.75,18765512.0,265556605.0,1.570306923625986,0.22000000000000064,0.03233490149392353,4.282655246252674,580348513.0
2024-11-05,14.2,14.62,14.69,14.12,27087100.0,393231150.0,2.7406886858749147,0.3899999999999988,0.046673850958932325,4.005621925509488,580348513.0
2024-11-06,14.68,14.6,15.0,14.45,34209299.0,502452884.0,-0.1367989056087482,-0.019999999999999574,0.05894613018505313,3.761969904240771,580348513.0
2024-11-07,14.44,14.79,14.96,14.36,24980726.0,366887494.0,1.3013698630137016,0.1899999999999995,0.0430443525578569,4.109589041095901,580348513.0
2024-11-08,14.95,16.27,16.27,14.8,55295074.0,859336119.0,10.006761325219738,1.4800000000000004,0.09527908276039643,9.939148073022306,580348513.0
2024-11-11,17.15,17.9,17.9,16.99,31326299.0,548628620.0,10.018438844499066,1.629999999999999,0.05397842554651294,5.593116164720345,580348513.0
2024-11-12,19.69,18.32,19.69,17.3,166715123.0,3111567630.0,2.346368715083802,0.4200000000000017,0.287267252806763,13.351955307262575,580348513.0
2024-11-13,18.28,17.39,18.57,17.01,93522581.0,1642421162.0,-5.076419213973793,-0.9299999999999997,0.16114899737840804,8.515283842794753,580348513.0
2024-11-14,17.0,16.35,17.25,16.31,63011004.0,1052589949.0,-5.980448533640015,-1.0399999999999991,0.10857442138393142,5.405405405405412,580348513.0
2024-11-15,16.3,15.92,16.74,15.83,53923952.0,882405148.0,-2.629969418960254,-0.4300000000000015,0.0929164989520702,5.565749235473995,580348513.0
2024-11-18,15.8,15.17,16.1,14.9,43590612.0,666636288.0,-4.711055276381915,-0.75,0.07511109449504182,7.537688442211062,580348513.0
2024-11-19,15.18,16.19,16.58,15.18,59409846.0,948508001.0,6.723796967699425,1.0200000000000014,0.10236925686755399,9.228740936058,580348513.0
2024-11-20,15.98,16.31,16.73,15.82,53623147.0,869486789.0,0.7411982705373577,0.11999999999999744,0.0923981810908853,5.620753551575047,580348513.0
2024-11-21,16.11,16.51,16.79,16.02,49614881.0,813131686.0,1.226241569589237,0.20000000000000284,0.08549152774343372,4.721030042918453,580348513.0
2024-11-22,16.3,15.44,16.5,15.38,41731157.0,666813193.0,-6.480920654149013,-1.070000000000002,0.07190706285138702,6.783767413688668,580348513.0
2024-11-25,15.63,15.65,15.87,15.16,27988300.0,433220891.0,1.36010362694301,0.21000000000000085,0.04822671097289432,4.598445595854916,580348513.0
2024-11-26,15.58,15.3,15.79,15.23,20976246.0,324727308.0,-2.2364217252396124,-0.34999999999999964,0.0361442228766424,3.5782747603833784,580348513.0
2024-11-27,15.15,15.42,15.42,14.63,28335600.0,424683607.0,0.7843137254901933,0.11999999999999922,0.048825144486930046,5.163398692810452,580348513.0
2024-11-28,15.39,15.72,16.29,15.13,41053382.0,646193441.0,1.945525291828809,0.3000000000000007,0.0707391870236428,7.522697795071326,580348513.0
2024-11-29,15.5,16.19,16.4,15.41,47468083.0,755310220.0,2.9898218829516487,0.47000000000000064,0.08179237464506091,6.297709923664112,580348513.0
2024-12-02,16.43,16.52,16.75,16.11,46925073.0,768180696.0,2.0382952439777613,0.3299999999999983,0.08085671273185463,3.9530574428659695,580348513.0
2024-12-03,16.52,16.24,16.65,16.11,32878200.0,538517917.0,-1.6949152542372947,-0.28000000000000114,0.05665251010990356,3.2687651331719083,580348513.0
2024-12-04,16.94,16.27,17.36,16.23,49529962.0,829037037.0,0.1847290640394128,0.030000000000001137,0.08534520359837641,6.958128078817729,580348513.0
2024-12-05,15.9,16.19,16.5,15.8,31180194.0,503687909.0,-0.49170251997540104,-0.0799999999999983,0.053726671649109575,4.302397049784876,580348513.0
2024-12-06,16.1,16.0,16.2,15.66,30931500.0,492674812.0,-1.1735639283508403,-0.19000000000000128,0.05329814638467076,3.335392217418154,580348513.0
2024-12-09,15.88,15.65,16.0,15.5,20967552.0,329837319.0,-2.187499999999998,-0.34999999999999964,0.036129242223112236,3.125,580348513.0
2024-12-10,16.1,15.71,16.28,15.68,22510471.0,358689915.0,0.383386581469658,0.0600000000000005,0.0387878498794396,3.8338658146964946,580348513.0
2024-12-11,15.71,15.98,16.26,15.68,25192044.0,403476880.0,1.7186505410566433,0.2699999999999996,0.04340847514155688,3.6919159770846712,580348513.0
2024-12-12,15.86,16.11,16.15,15.66,25280803.0,402519009.0,0.8135168961201478,0.129999999999999,0.043561416000388715,3.066332916145172,580348513.0
2024-12-13,15.96,16.64,17.08,15.63,59763059.0,974977611.0,3.2898820608317836,0.5300000000000011,0.10297787908694099,9.000620732464293,580348513.0
2024-12-16,16.3,16.1,16.6,15.89,37206889.0,606977762.0,-3.2451923076923017,-0.5399999999999991,0.06411128514427675,4.266826923076928,580348513.0
2024-12-17,15.91,15.98,16.71,15.81,30572486.0,495272418.0,-0.7453416149068359,-0.120000000000001,0.05267952844741759,5.5900621118012435,580348513.0
2024-12-18,15.91,17.58,17.58,15.2,61984546.0,1036014989.0,10.012515644555675,1.5999999999999979,0.10680572899133112,14.89361702127659,580348513.0
2024-12-19,17.58,17.56,18.58,17.31,131066850.0,2356119991.0,-0.11376564277587597,-0.019999999999999574,0.22584162285946963,7.224118316268485,580348513.0
2024-12-20,17.41,17.74,18.68,17.2,99258510.0,1780539793.0,1.0250569476081939,0.17999999999999972,0.1710325912388441,8.42824601366743,580348513.0
2024-12-23,17.4,17.94,18.45,17.38,74991860.0,1344342465.0,1.1273957158963066,0.20000000000000284,0.1292186648542339,6.031567080045098,580348513.0
2024-12-24,18.0,19.2,19.73,17.5,123371671.0,2294860807.0,7.0234113712374535,1.259999999999998,0.21258204033685532,12.430323299888519,580348513.0
2024-12-25,18.45,17.28,18.45,17.28,74993372.0,1331051690.0,-9.999999999999986,-1.9199999999999982,0.12922127018528262,6.093749999999991,580348513.0
2024-12-26,16.28,16.51,17.09,16.2,70693699.0,1175825721.0,-4.456018518518512,-0.7699999999999996,0.1218124926943683,5.1504629629629655,580348513.0
2024-12-27,16.36,16.46,17.2,16.1,56931877.0,950230838.0,-0.30284675953967666,-0.05000000000000071,0.09809946217610108,6.6626287098727905,580348513.0
2024-12-30,16.21,15.91,16.54,15.86,42066753.0,675302122.0,-3.3414337788578385,-0.5500000000000007,0.07248532917323078,4.131227217496961,580348513.0
2024-12-31,15.93,14.67,16.05,14.61,48008070.0,727538653.0,-7.7938403519798864,-1.2400000000000002,0.08272282761927229,9.050911376492781,580348513.0
2025-01-02,14.63,14.32,14.75,14.08,31080757.0,449932321.0,-2.385821404226307,-0.34999999999999964,0.0535553315012974,4.567143830947511,580348513.0
2025-01-03,14.51,14.24,14.88,13.89,40709353.0,584342479.0,-0.5586592178770999,-0.08000000000000007,0.07014638977803325,6.913407821229052,580348513.0
2025-01-06,14.1,13.86,14.33,13.77,26186094.0,366612101.0,-2.6685393258427004,-0.3800000000000008,0.045121325226864156,3.9325842696629247,580348513.0
2025-01-07,13.96,14.59,14.74,13.9,35984287.0,514316824.0,5.266955266955264,0.7300000000000004,0.062004616526001165,6.06060606060606,580348513.0
2025-01-08,14.39,14.49,14.71,13.87,34489999.0,494160533.0,-0.6854009595613442,-0.09999999999999964,0.05942980506956171,5.757368060315296,580348513.0
2025-01-09,14.36,14.48,14.79,14.35,27788000.0,405513871.0,-0.06901311249136732,-0.009999999999999787,0.047881573533040137,3.0365769496204247,580348513.0
2025-01-10,14.4,14.0,14.86,14.0,30930400.0,449467693.0,-3.314917127071826,-0.4800000000000004,0.05329625097187076,5.939226519337012,580348513.0
2025-01-13,13.66,13.63,13.94,13.38,21877200.0,297681473.0,-2.6428571428571357,-0.3699999999999992,0.03769665900737821,3.999999999999991,580348513.0
2025-01-14,13.8,14.42,14.43,13.66,32622819.0,461878233.0,5.796038151137184,0.7899999999999991,0.056212462458743305,5.649303008070429,580348513.0
2025-01-15,14.44,14.5,14.7,14.28,26609186.0,385536578.0,0.554785020804438,0.08000000000000007,0.045850356129024834,2.9126213592233006,580348513.0
2025-01-16,14.54,14.59,14.84,14.33,25670800.0,374769117.0,0.6206896551724128,0.08999999999999986,0.04423342082380764,3.517241379310344,580348513.0
2025-01-17,14.59,14.77,15.0,14.4,38535699.0,568932800.0,1.2337217272104128,0.17999999999999972,0.06640096103769977,4.112405757368058,580348513.0
2025-01-20,14.88,14.71,14.91,14.57,24949900.0,367784309.0,-0.4062288422477911,-0.05999999999999872,0.04299123619879078,2.301963439404197,580348513.0
2025-01-21,14.75,14.59,14.81,14.45,22557600.0,330051143.0,-0.8157715839565038,-0.120000000000001,0.03886905797930424,2.4473147518694844,580348513.0
2025-01-22,14.42,14.25,14.61,14.21,19490400.0,280361444.0,-2.3303632625085613,-0.33999999999999986,0.03358395785189166,2.741603838245364,580348513.0
2025-01-23,14.5,13.94,14.69,13.91,25752600.0,369153613.0,-2.1754385964912304,-0.3100000000000005,0.044374370612025676,5.4736842105263115,580348513.0
2025-01-24,13.9,14.11,14.16,13.85,17149673.0,241102884.0,1.2195121951219523,0.16999999999999993,0.029550645199981757,2.2238163558106203,580348513.0
2025-01-27,14.23,13.78,14.24,13.78,14628500.0,204085937.0,-2.3387668320340227,-0.33000000000000007,0.02520640558615509,3.260099220411062,580348513.0
2025-02-05,14.0,14.22,14.36,13.99,21292274.0,301637644.0,3.19303338171264,0.4400000000000013,0.03668877152787673,2.68505079825834,580348513.0
2025-02-06,14.12,14.68,14.68,14.1,26845951.0,390260905.0,3.234880450070321,0.4599999999999991,0.04625832650319895,4.078762306610408,580348513.0
2025-02-07,14.66,14.83,15.09,14.61,35217408.0,522532649.0,1.021798365122617,0.15000000000000036,0.06068320536904693,3.2697547683923736,580348513.0
2025-02-10,14.85,14.98,15.0,14.74,27341703.0,407159407.0,1.0114632501685872,0.15000000000000036,0.04711255803631222,1.7532029669588656,580348513.0
2025-02-11,14.96,14.77,14.96,14.67,18347567.0,271052184.0,-1.4018691588785104,-0.21000000000000085,0.03161473940056429,1.9359145527369888,580348513.0
2025-02-12,14.73,15.23,15.25,14.69,40318066.0,605896570.0,3.114421123899813,0.46000000000000085,0.0694721621523307,3.7914691943128,580348513.0
2025-02-13,15.11,14.88,15.11,14.85,27479627.0,411321651.0,-2.2980958634274407,-0.34999999999999964,0.04735021523179125,1.7071569271175295,580348513.0
2025-02-14,14.88,14.76,14.93,14.58,21180548.0,312343035.0,-0.8064516129032362,-0.120000000000001,0.03649625617288348,2.3521505376344063,580348513.0
2025-02-17,14.7,14.89,15.0,14.7,21579722.0,320641159.0,0.880758807588089,0.13000000000000078,0.03718407390836202,2.0325203252032567,580348513.0
2025-02-18,14.85,14.64,15.28,14.57,35057800.0,522280087.0,-1.6789791806581578,-0.25,0.060408184417972306,4.768300873069167,580348513.0
2025-02-19,14.5,15.05,15.05,14.5,34581584.0,516682530.0,2.8005464480874265,0.41000000000000014,0.059587615416187,3.756830601092901,580348513.0
2025-02-20,15.06,14.9,15.09,14.81,21182418.0,316288892.0,-0.9966777408637939,-0.15000000000000036,0.03649947837464348,1.8604651162790655,580348513.0
2025-02-21,14.93,15.19,15.28,14.82,36665046.0,554075430.0,1.946308724832213,0.28999999999999915,0.06317763409174101,3.0872483221476448,580348513.0
2025-02-24,15.17,15.84,15.9,15.06,57501685.0,893803345.0,4.279131007241599,0.6500000000000004,0.0990812997913204,5.52995391705069,580348513.0
2025-02-25,15.5,15.57,15.9,15.42,38992649.0,609467298.0,-1.7045454545454475,-0.2699999999999996,0.06718833274584439,3.030303030303033,580348513.0
2025-02-26,15.61,15.85,15.87,15.36,38705079.0,604545992.0,1.7983301220295456,0.27999999999999936,0.06669282014684856,3.2755298651252396,580348513.0
2025-02-27,15.8,15.59,15.95,15.29,29745589.0,463671917.0,-1.6403785488958933,-0.2599999999999998,0.05125470012189038,4.164037854889591,580348513.0
2025-02-28,15.4,14.94,15.65,14.88,29555133.0,451031756.0,-4.16933932007697,-0.6500000000000004,0.050926524903493635,4.939063502245026,580348513.0
2025-03-03,14.94,14.81,15.09,14.73,18348934.0,273380828.0,-0.870147255689413,-0.129999999999999,0.031617094881743926,2.4096385542168637,580348513.0
2025-03-04,14.7,15.16,15.26,14.62,23842140.0,358075533.0,2.363268062120194,0.34999999999999964,0.04108245212304008,4.32140445644835,580348513.0
2025-03-05,15.49,15.33,15.85,15.21,33616000.0,522656800.0,1.121372031662271,0.16999999999999993,0.057923815167938576,4.221635883905005,580348513.0
2025-03-06,15.38,15.38,15.5,15.26,27031784.0,416340817.0,0.3261578604044413,0.05000000000000071,0.04657853581852806,1.5655577299412928,580348513.0
2025-03-07,15.28,15.01,15.29,14.91,23683108.0,357307737.0,-2.4057217165149636,-0.370000000000001,0.04080842367903164,2.4707412223667036,580348513.0
2025-03-10,15.03,15.08,15.09,14.9,11339700.0,170291207.0,0.4663557628247883,0.07000000000000028,0.01953946593467019,1.2658227848101233,580348513.0
2025-03-11,14.92,15.08,15.13,14.86,10639400.0,159468424.0,0.0,0.0,0.01833277722208965,1.7904509283819716,580348513.0
2025-03-12,15.08,15.07,15.24,15.03,14983501.0,226604896.0,-0.06631299734748408,-0.009999999999999787,0.02581810871289335,1.3925729442970878,580348513.0
2025-03-13,15.0,14.72,15.02,14.62,15686801.0,232008817.0,-2.3224950232249464,-0.34999999999999964,0.02702996673311025,2.6542800265428026,580348513.0
2025-03-14,14.68,14.91,14.94,14.61,13221809.0,196003592.0,1.2907608695652106,0.1899999999999995,0.02278253274338966,2.241847826086957,580348513.0
2025-03-17,14.91,14.93,15.06,14.85,10617329.0,158833586.0,0.13413816230716247,0.019999999999999574,0.018294746625808964,1.4084507042253578,580348513.0
2025-03-18,14.98,15.38,15.69,14.94,33312775.0,510917333.0,3.0140656396517196,0.45000000000000107,0.05740132739859368,5.023442732752847,580348513.0
2025-03-19,15.22,15.24,15.48,15.15,21653408.0,331515540.0,-0.9102730819245841,-0.14000000000000057,0.037311042442526254,2.1456436931079326,580348513.0
2025-03-20,15.2,15.22,15.48,15.1,18046701.0,276386866.0,-0.1312335958005173,-0.019999999999999574,0.03109631643012412,2.493438320209979,580348513.0
2025-03-21,15.15,14.7,15.22,14.64,19844983.0,294786412.0,-3.416557161629441,-0.5200000000000014,0.034194940721765925,3.8107752956636007,580348513.0
2025-03-24,14.7,14.35,14.74,14.05,15613638.0,224084060.0,-2.3809523809523836,-0.34999999999999964,0.02690389938157729,4.693877551020405,580348513.0
2025-03-25,14.35,14.18,14.36,14.12,9338758.0,132747363.0,-1.184668989547033,-0.16999999999999993,0.016091637681166938,1.6724738675958202,580348513.0
2025-03-26,14.15,14.19,14.34,14.15,6559058.0,93466995.0,0.0705218617771397,0.009999999999999787,0.011301929535572016,1.339915373765864,580348513.0
2025-03-27,14.2,14.33,14.45,14.06,10279022.0,146919389.0,0.9866102889358741,0.14000000000000057,0.017711808972964493,2.7484143763213447,580348513.0
2025-03-28,14.4,14.18,14.47,14.16,7164143.0,102328119.0,-1.046755059316118,-0.15000000000000036,0.012344553039287274,2.163293789253318,580348513.0
2025-03-31,14.13,14.23,14.33,13.95,7338032.0,104025012.0,0.35260930888576514,0.05000000000000071,0.012644181617813501,2.6798307475317404,580348513.0
2025-04-01,14.22,14.57,14.8,14.2,15159922.0,219391809.0,2.3893183415319763,0.33999999999999986,0.026122100187064665,4.216444132115259,580348513.0
2025-04-02,14.45,14.37,14.56,14.32,8733300.0,126040295.0,-1.3726835964310347,-0.20000000000000107,0.015048371460202225,1.6472203157172287,580348513.0
2025-04-03,14.2,14.23,14.45,14.12,7001800.0,99822049.0,-0.9742519137091121,-0.1399999999999988,0.012064819402750844,2.2964509394572032,580348513.0
2025-04-07,13.3,12.81,13.81,12.81,12915400.0,168896106.0,-9.978917779339424,-1.42,0.02225455861554004,7.027406886858749,580348513.0
2025-04-08,12.6,12.65,13.15,12.21,14743524.0,187323011.0,-1.2490241998438734,-0.16000000000000014,0.025404603733343245,7.338017174082744,580348513.0
2025-04-09,12.38,12.88,13.15,11.67,17289158.0,218322987.0,1.81818181818183,0.23000000000000043,0.02979099215853423,11.699604743083007,580348513.0
2025-04-10,13.1,13.12,13.43,13.02,14441658.0,190791148.0,1.8633540372670732,0.23999999999999844,0.024884457660357615,3.1832298136645973,580348513.0
2025-04-11,13.03,14.43,14.43,13.01,20976363.0,298639475.0,9.984756097560975,1.3100000000000005,0.03614442447964022,10.823170731707316,580348513.0
2025-04-14,15.14,14.76,15.2,14.53,53364972.0,793287195.0,2.2869022869022926,0.33000000000000007,0.09195331909121304,4.6431046431046425,580348513.0
2025-04-15,14.6,14.3,14.68,14.21,26978731.0,388478261.0,-3.1165311653116423,-0.4599999999999991,0.046487120059184164,3.1842818428184207,580348513.0
2025-04-16,14.12,14.96,14.97,14.12,38668464.0,564666627.0,4.615384615384621,0.6600000000000001,0.0666297287471468,5.944055944055954,580348513.0
2025-04-17,14.68,14.63,15.19,14.59,33796108.0,502506195.0,-2.2058823529411797,-0.33000000000000007,0.05823415972119498,4.010695187165773,580348513.0
2025-04-18,14.45,14.14,14.54,14.06,22899802.0,325621822.0,-3.349282296650724,-0.4900000000000002,0.03945870711656325,3.280929596719061,580348513.0
2025-04-21,14.14,14.27,14.32,14.14,12731308.0,181098030.0,0.9193776520509234,0.129999999999999,0.021937349221742557,1.272984441301271,580348513.0
2025-04-22,14.21,14.4,14.76,14.13,20110355.0,291372244.0,0.9110021023125414,0.13000000000000078,0.034652203890457804,4.414856341976167,580348513.0
2025-04-23,14.4,14.26,14.55,14.21,14209910.0,203267057.0,-0.9722222222222299,-0.14000000000000057,0.024485132091654038,2.36111111111111,580348513.0
2025-04-24,14.26,13.83,14.26,13.73,16989772.0,236694185.0,-3.0154277699859677,-0.4299999999999997,0.02927511937986132,3.716690042075732,580348513.0
2025-04-25,13.78,13.84,14.25,13.7,12780886.0,178109420.0,0.0723065798987621,0.009999999999999787,0.022022777199741012,3.976861894432399,580348513.0
2025-04-28,13.85,13.6,13.95,13.55,8970100.0,122652625.0,-1.7341040462427793,-0.2400000000000002,0.015456402142965429,2.890173410404614,580348513.0
2025-04-29,13.64,13.65,13.7,13.5,7313880.0,99739912.0,0.3676470588235281,0.05000000000000071,0.012602565245135727,1.4705882352941124,580348513.0
2025-04-30,13.79,13.86,13.92,13.7,9235900.0,127885980.0,1.538461538461533,0.20999999999999908,0.01591440279954676,1.6117216117216164,580348513.0
2025-05-06,13.9,14.26,14.26,13.9,13276246.0,187762210.0,2.886002886002892,0.40000000000000036,0.02287633327665647,2.5974025974025934,580348513.0
2025-05-07,14.35,14.3,14.44,14.13,14333491.0,204604317.0,0.28050490883591017,0.040000000000000924,0.02469807482732363,2.173913043478252,580348513.0
2025-05-08,14.3,14.33,14.35,14.24,10815500.0,154772530.0,0.20979020979019491,0.02999999999999936,0.018636215580343875,0.7692307692307652,580348513.0
2025-05-09,14.35,14.08,14.36,14.02,8430100.0,119019722.0,-1.7445917655268706,-0.25,0.01452592676842096,2.3726448011165377,580348513.0
2025-05-12,14.21,14.29,14.33,14.16,8353406.0,119041118.0,1.4914772727272707,0.20999999999999908,0.01439377514180001,1.207386363636363,580348513.0
2025-05-13,14.4,14.14,14.4,14.1,8703400.0,123764304.0,-1.049685094471653,-0.14999999999999858,0.014996850694093188,2.0993701889433223,580348513.0
2025-05-14,14.16,14.16,14.26,14.03,8659552.0,122414637.0,0.14144271570013522,0.019999999999999574,0.014921296093680179,1.6265912305516297,580348513.0
2025-05-15,14.09,13.82,14.15,13.81,8684380.0,120917260.0,-2.401129943502822,-0.33999999999999986,0.014964077283678679,2.401129943502824,580348513.0
2025-05-16,13.75,13.81,13.91,13.75,5214291.0,72166603.0,-0.07235890014472002,-0.009999999999999787,0.0089847580948312,1.1577424023154859,580348513.0
2025-05-19,13.8,13.98,14.0,13.74,7209000.0,100253296.0,1.2309920347574277,0.16999999999999993,0.012421846250168646,1.8826937002172324,580348513.0
2025-05-20,13.97,14.27,14.45,13.86,18355754.0,261567700.0,2.07439198855508,0.28999999999999915,0.03162884644110392,4.220314735336193,580348513.0
2025-05-21,14.18,14.09,14.33,14.06,9014840.0,127296606.0,-1.261387526278901,-0.17999999999999972,0.015533493750848983,1.8920812894183574,580348513.0
2025-05-22,14.05,13.93,14.3,13.92,9112410.0,128349052.0,-1.1355571327182457,-0.16000000000000014,0.015701616866208804,2.6969481902058257,580348513.0
2025-05-23,13.93,13.61,14.01,13.6,9222800.0,127169469.0,-2.2972002871500363,-0.3200000000000003,0.015891830156201332,2.9432878679109846,580348513.0
2025-05-26,13.61,13.71,13.85,13.61,5989500.0,82151527.0,0.7347538574577595,0.10000000000000142,0.010320522695989057,1.7634092578986058,580348513.0
2025-05-27,13.68,13.65,13.77,13.57,5798219.0,79146022.0,-0.4376367614879695,-0.0600000000000005,0.009990925917992315,1.458789204959878,580348513.0
2025-05-28,13.68,13.4,13.73,13.4,7397600.0,99804114.0,-1.831501831501836,-0.25,0.01274682339024103,2.417582417582418,580348513.0
2025-05-29,13.43,13.69,13.7,13.4,7207075.0,97982109.0,2.164179104477615,0.28999999999999915,0.01241852927776865,2.2388059701492455,580348513.0
2025-05-30,13.58,13.43,13.63,13.4,5620000.0,75680650.0,-1.8991964937910888,-0.2599999999999998,0.009683836305444277,1.6800584368151967,580348513.0
2025-06-03,13.32,13.42,13.52,13.26,4784524.0,64281210.0,-0.07446016381236209,-0.009999999999999787,0.008244225483179622,1.9359642591213686,580348513.0
2025-06-04,13.42,13.48,13.53,13.41,4631278.0,62431285.0,0.44709388971684305,0.0600000000000005,0.007980166910499175,0.8941877794336752,580348513.0
2025-06-05,13.46,13.6,13.64,13.38,7197400.0,97464879.0,0.8902077151335286,0.11999999999999922,0.012401858260641396,1.9287833827893157,580348513.0
2025-06-06,13.64,13.55,13.77,13.53,8731477.0,119059569.0,-0.367647058823517,-0.049999999999998934,0.015045230244261864,1.764705882352943,580348513.0
2025-06-09,13.53,13.66,13.68,13.52,6360535.0,86639848.0,0.8118081180811698,0.10999999999999943,0.010959854048941106,1.1808118081180823,580348513.0
2025-06-10,13.67,13.54,13.9,13.42,10380140.0,141518738.0,-0.8784773060029338,-0.120000000000001,0.01788604565615558,3.513909224011716,580348513.0
2025-06-11,13.55,13.61,13.87,13.46,11563277.0,158302455.0,0.5169867060561328,0.07000000000000028,0.019924712032474874,3.0280649926144636,580348513.0
2025-06-12,13.6,13.46,13.7,13.45,8360984.0,113258302.0,-1.102130786186617,-0.14999999999999858,0.014406832812889452,1.836884643644379,580348513.0
2025-06-13,13.4,13.18,13.49,13.1,11625554.0,154019898.0,-2.08023774145617,-0.28000000000000114,0.020032021689698032,2.8974739970282357,580348513.0
2025-06-16,13.1,13.24,13.29,13.1,4639288.0,61296986.0,0.4552352048558417,0.0600000000000005,0.00799396896188825,1.4415781487101633,580348513.0
2025-06-17,13.25,13.39,13.52,13.21,8272146.0,110416100.0,1.1329305135951762,0.15000000000000036,0.014253755828956521,2.341389728096667,580348513.0
2025-06-18,13.34,13.45,13.54,13.3,8583000.0,115235623.0,0.44809559372664953,0.05999999999999872,0.014789389147620681,1.792382374906635,580348513.0
2025-06-19,13.5,13.29,13.57,13.26,8192671.0,109835138.0,-1.1895910780669205,-0.16000000000000014,0.014116812254156667,2.3048327137546507,580348513.0
2025-06-20,13.29,13.3,13.54,13.2,8656225.0,115991442.0,0.07524454477052522,0.010000000000001563,0.014915563331511457,2.55831452219714,580348513.0
2025-06-23,13.17,13.81,14.2,13.1,24414500.0,335620158.0,3.8345864661654128,0.5099999999999998,0.04206868709595539,8.27067669172932,580348513.0
2025-06-24,13.82,13.94,14.16,13.82,20568362.0,287270163.0,0.9413468501086042,0.129999999999999,0.035441396917992966,2.4619840695148434,580348513.0
2025-06-25,13.9,14.07,14.17,13.83,21556126.0,301838317.0,0.9325681492108995,0.13000000000000078,0.03714341558069952,2.4390243902439015,580348513.0
2025-06-26,14.11,13.98,14.15,13.93,13906040.0,195078633.0,-0.6396588486140664,-0.08999999999999986,0.02396153292116732,1.5636105188344038,580348513.0
2025-06-27,14.13,14.08,14.44,14.0,22375000.0,316744939.0,0.7153075822603716,0.09999999999999964,0.03855441945450457,3.1473533619456333,580348513.0
2025-06-30,14.2,14.34,14.6,14.2,21344688.0,305806109.0,1.8465909090909172,0.2599999999999998,0.03677908622469409,2.8409090909090935,580348513.0
2025-07-01,14.25,14.55,14.97,14.2,43472886.0,638093551.0,1.4644351464435212,0.21000000000000085,0.07490824052477585,5.3695955369595625,580348513.0
2025-07-02,14.31,14.2,14.47,14.1,24458900.0,347738451.0,-2.4054982817869552,-0.3500000000000014,0.042145192848973494,2.5429553264604876,580348513.0
2025-07-03,14.2,14.46,14.7,14.18,18638243.0,268822802.0,1.8309859154929775,0.26000000000000156,0.03211560395606631,3.661971830985913,580348513.0
2025-07-04,14.32,14.21,14.73,14.06,22726786.0,325003546.0,-1.7289073305670866,-0.25,0.0391605828065592,4.633471645919778,580348513.0
2025-07-07,14.09,14.1,14.23,14.05,9965000.0,140735409.0,-0.7741027445461013,-0.11000000000000121,0.01717071686543634,1.266713581984516,580348513.0
2025-07-08,14.15,14.22,14.25,14.11,10768499.0,152834135.0,0.8510638297872353,0.120000000000001,0.01855522803760505,0.9929078014184437,580348513.0
2025-07-09,14.18,14.04,14.21,14.02,12325600.0,173836082.0,-1.2658227848101333,-0.1800000000000015,0.021238272734232025,1.3361462728551425,580348513.0
2025-07-10,14.04,14.07,14.11,13.95,9079200.0,127365075.0,0.21367521367521292,0.030000000000001137,0.015644392630674322,1.1396011396011407,580348513.0
2025-07-11,14.05,14.18,14.25,13.91,12601003.0,178112927.0,0.7818052594172009,0.10999999999999943,0.02171282034455734,2.416488983653162,580348513.0
2025-07-14,14.17,14.09,14.22,14.07,7757938.0,109497590.0,-0.6346967559943573,-0.08999999999999986,0.01336772271526437,1.0578279266572663,580348513.0
2025-07-15,14.09,13.96,14.12,13.85,10698100.0,149407208.0,-0.9226401703335663,-0.129999999999999,0.018433923341507726,1.9162526614620268,580348513.0
2025-07-16,13.96,13.99,14.15,13.9,8748294.0,122852611.0,0.21489971346704273,0.02999999999999936,0.015074207659768742,1.7908309455587392,580348513.0
2025-07-17,13.93,14.11,14.12,13.89,8885943.0,124824916.0,0.8577555396711789,0.11999999999999922,0.015311391002047764,1.6440314510364449,580348513.0
2025-07-18,14.11,14.06,14.18,14.01,10741200.0,151212715.0,-0.3543586109142405,-0.049999999999998934,0.018508189061216738,1.2048192771084332,580348513.0
2025-07-21,14.0,14.08,14.11,14.0,9273331.0,130387409.0,0.14224751066855834,0.019999999999999574,0.0159789002509256,0.7823613086770941,580348513.0
2025-07-22,14.02,14.04,14.13,13.99,9865400.0,138586919.0,-0.28409090909091717,-0.040000000000000924,0.016999095851909247,0.9943181818181858,580348513.0
2025-07-23,13.95,14.01,14.13,13.95,12338632.0,173391073.0,-0.21367521367521292,-0.02999999999999936,0.021260728206604365,1.2820512820512928,580348513.0
2025-07-24,14.01,14.21,14.24,13.98,15582877.0,220646537.0,1.4275517487509104,0.20000000000000107,0.02685089502417662,1.8558172733761584,580348513.0
2025-07-25,14.21,14.33,14.34,14.12,17535801.0,250091092.0,0.8444757213230014,0.11999999999999922,0.030215983339652325,1.548205489092193,580348513.0
2025-07-28,14.35,14.27,14.42,14.22,13134637.0,187667234.0,-0.41870202372644716,-0.0600000000000005,0.022632326448297456,1.3956734124214882,580348513.0
2025-07-29,14.25,14.32,14.45,14.2,16190864.0,231700311.0,0.3503854239663706,0.05000000000000071,0.02789851897147878,1.751927119831815,580348513.0
2025-07-30,14.31,14.18,14.36,14.08,12470399.0,177304648.0,-0.9776536312849249,-0.14000000000000057,0.021487776259711034,1.955307262569828,580348513.0
2025-07-31,14.11,13.97,14.27,13.92,13506731.0,190462518.0,-1.480959097320167,-0.20999999999999908,0.02327348256684514,2.4682651622002796,580348513.0
2025-08-01,13.98,13.99,14.15,13.88,7965800.0,111353278.0,0.14316392269146938,0.019999999999999574,0.013725890256567263,1.9327129563350005,580348513.0
2025-08-04,13.9,14.09,14.15,13.87,7274800.0,102138508.0,0.7147962830593269,0.09999999999999964,0.012535226397659435,2.0014295925661267,580348513.0
2025-08-05,14.1,14.09,14.13,14.05,7402898.0,104247908.0,0.0,0.0,0.012755952387526838,0.5677785663591205,580348513.0
2025-08-06,14.09,14.29,14.34,13.98,15423606.0,218904077.0,1.419446415897796,0.1999999999999993,0.02657645475865982,2.555003548616036,580348513.0
2025-08-07,14.28,14.65,14.78,14.22,41290102.0,602154173.0,2.519244226731998,0.3600000000000012,0.07114707985820237,3.9188243526941826,580348513.0
2025-08-08,14.49,14.34,14.49,14.3,19133251.0,274763520.0,-2.116040955631404,-0.3100000000000005,0.03296855350088577,1.2969283276450476,580348513.0
2025-08-11,14.3,14.44,14.52,14.28,15277186.0,219930282.0,0.6973500697350143,0.09999999999999964,0.02632415808395463,1.6736401673640184,580348513.0
2025-08-12,14.44,14.56,14.64,14.3,21185263.0,307044703.0,0.8310249307479367,0.120000000000001,0.03650438060138529,2.3545706371191124,580348513.0
2025-08-13,14.55,14.5,14.66,14.41,17051064.0,247321098.0,-0.4120879120879106,-0.0600000000000005,0.02938073178107721,1.717032967032967,580348513.0
2025-08-14,14.48,14.22,14.63,14.21,18431386.0,265810124.0,-1.93103448275862,-0.27999999999999936,0.0317591681328216,2.8965517241379306,580348513.0
2025-08-15,14.22,14.4,14.43,14.17,12689086.0,181904239.0,1.2658227848101333,0.17999999999999972,0.02186459638606845,1.828410689170181,580348513.0
2025-08-18,14.27,14.51,14.58,14.25,23181836.0,335278871.0,0.7638888888888751,0.10999999999999943,0.03994468061986746,2.2916666666666674,580348513.0
2025-08-19,14.5,14.46,14.56,14.31,15627652.0,225788903.0,-0.3445899379738049,-0.049999999999998934,0.026928046940649264,1.722949689869056,580348513.0
2025-08-20,14.41,14.68,14.68,14.31,22949757.0,333370988.0,1.5214384508990264,0.21999999999999886,0.03954478470422134,2.5587828492392752,580348513.0
2025-08-21,14.67,14.64,14.8,14.5,19253770.0,281642870.0,-0.27247956403269047,-0.03999999999999915,0.03317622009656118,2.0435967302452362,580348513.0
2025-08-22,14.6,15.01,15.33,14.58,46781135.0,700911945.0,2.5273224043715903,0.3699999999999992,0.08060869279766725,5.122950819672131,580348513.0
2025-08-25,15.07,14.98,15.27,14.82,37329163.0,560616772.0,-0.19986675549633626,-0.02999999999999936,0.06432197578491944,2.998001332445032,580348513.0
2025-08-26,14.88,14.99,15.2,14.74,26081154.0,390706250.0,0.06675567423231055,0.009999999999999787,0.04494050284574435,3.070761014686242,580348513.0
2025-08-27,14.98,14.71,15.28,14.7,34804471.0,522792068.0,-1.867911941294187,-0.27999999999999936,0.05997167257323532,3.8692461641094065,580348513.0
2025-08-28,14.82,16.18,16.18,14.82,75074574.0,1158316908.0,9.99320190346702,1.4699999999999989,0.12936118955817846,9.245411284840241,580348513.0
2025-08-29,16.68,15.95,16.99,15.94,100230860.0,1639648325.0,-1.4215080346106301,-0.23000000000000043,0.17270804999891504,6.489493201483307,580348513.0
2025-09-01,16.29,16.69,17.5,15.68,76165062.0,1243711058.0,4.639498432601896,0.740000000000002,0.1312402122067641,11.410658307210033,580348513.0
2025-09-02,16.2,16.48,17.14,16.18,67896112.0,1132855184.0,-1.2582384661473989,-0.21000000000000085,0.11699196341354286,5.751947273816661,580348513.0
2025-09-03,16.47,16.95,18.0,15.77,85614441.0,1457196574.0,2.851941747572817,0.46999999999999886,0.14752246121461157,13.531553398058255,580348513.0
2025-09-04,16.62,15.59,16.87,15.26,71345718.0,1139990844.0,-8.023598820058996,-1.3599999999999994,0.12293598829295183,9.49852507374632,580348513.0
2025-09-05,15.59,16.7,17.15,15.12,89701599.0,1478028104.0,7.119948685054522,1.1099999999999994,0.154565053568079,13.021167415009618,580348513.0
2025-09-08,16.32,16.71,16.8,16.11,67539490.0,1111931370.0,0.05988023952097077,0.010000000000001563,0.11637746713757842,4.131736526946115,580348513.0
2025-09-09,16.55,16.02,16.59,15.92,44255779.0,716258840.0,-4.129263913824066,-0.6900000000000013,0.07625724544589296,4.009575104727707,580348513.0
2025-09-10,16.05,17.62,17.62,16.05,64656538.0,1115112252.0,9.987515605493137,1.6000000000000014,0.1114098452079604,9.800249687890139,580348513.0
2025-09-11,17.0,17.63,18.17,16.9,112413040.0,1978678391.0,0.05675368898976352,0.00999999999999801,0.19369919536607824,7.207718501702629,580348513.0
2025-09-12,17.54,17.79,18.5,17.2,92308378.0,1638541493.0,0.9075439591605283,0.16000000000000014,0.1590568010984117,7.373794668179244,580348513.0
2025-09-15,18.3,17.45,18.5,17.4,56898404.0,1005610820.0,-1.9111860595840358,-0.33999999999999986,0.09804178476459713,6.183249016301301,580348513.0
2025-09-16,17.16,17.29,17.46,16.96,43229137.0,742810825.0,-0.9169054441260704,-0.16000000000000014,0.07448823600242428,2.865329512893983,580348513.0
2025-09-17,17.4,16.91,17.45,16.86,41290581.0,706259412.0,-2.19780219780219,-0.379999999999999,0.07114790522432164,3.4123770965876226,580348513.0
2025-09-18,16.74,16.44,17.26,16.13,50766798.0,855364779.0,-2.779420461265514,-0.46999999999999886,0.08747639885828397,6.68243642814904,580348513.0
2025-09-19,16.4,16.65,16.96,16.3,33399000.0,554720865.0,1.2773722627737127,0.2099999999999973,0.05754990191557534,4.014598540145986,580348513.0
2025-09-22,16.41,16.89,16.89,16.28,29292095.0,489055325.0,1.441441441441449,0.240000000000002,0.050473283456142846,3.6636636636636606,580348513.0
2025-09-23,16.89,16.27,16.89,15.94,31987375.0,519919975.0,-3.670811130846663,-0.620000000000001,0.05511752728485065,5.624629958555364,580348513.0
2025-09-24,16.15,16.7,16.95,16.13,36641782.0,610359549.0,2.6429010448678625,0.4299999999999997,0.06313754783412359,5.039950829748005,580348513.0
2025-09-25,16.51,17.21,17.68,16.36,55798014.0,949817963.0,3.0538922155688653,0.5100000000000016,0.09614569995460641,7.904191616766469,580348513.0
2025-09-26,16.91,17.05,17.8,16.88,47252720.0,815022350.0,-0.929692039511909,-0.16000000000000014,0.08142128211156457,5.345729227193502,580348513.0
2025-09-29,16.81,16.66,16.98,16.54,29958563.0,501422875.0,-2.28739002932552,-0.39000000000000057,0.05162167616340563,2.58064516129033,580348513.0
2025-09-30,16.72,17.14,17.3,16.7,38960909.0,662379519.0,2.881152460984393,0.4800000000000004,0.06713364147105172,3.601440576230501,580348513.0
2025-10-09,17.49,17.39,17.75,17.17,52123318.0,910738115.0,1.4585764294049008,0.25,0.08981382192324149,3.38389731621936,580348513.0
2025-10-10,17.13,16.52,17.19,16.51,34481175.0,577709893.0,-5.002875215641178,-0.870000000000001,0.059414600412700636,3.910293271995398,580348513.0
2025-10-13,15.52,16.36,16.58,15.52,21081435.0,340785496.0,-0.9685230024213065,-0.16000000000000014,0.03632547431029603,6.416464891041154,580348513.0
2025-10-14,16.4,15.69,16.5,15.68,25431803.0,407298803.0,-4.095354523227379,-0.6699999999999999,0.04382160448475208,5.012224938875307,580348513.0
2025-10-15,15.7,15.78,15.8,15.5,14750101.0,230996784.0,0.5736137667303964,0.08999999999999986,0.025415936578784687,1.912045889101343,580348513.0
2025-10-16,15.81,16.69,17.28,15.7,57541038.0,949372572.0,5.7667934093789786,0.9100000000000019,0.09914910904579159,10.012674271229416,580348513.0
2025-10-17,16.37,16.73,17.25,16.36,46395985.0,786295681.0,0.23966446974235112,0.03999999999999915,0.07994503985228614,5.332534451767528,580348513.0
2025-10-20,17.07,16.95,17.17,16.66,28880091.0,488456290.0,1.3150029886431547,0.21999999999999886,0.04976335831500614,3.0484160191273255,580348513.0
2025-10-21,17.0,17.2,17.3,16.72,33121481.0,567713577.0,1.4749262536873253,0.25,0.05707170822026385,3.421828908554583,580348513.0
2025-10-22,17.0,17.07,17.45,16.8,27575468.0,470096144.0,-0.7558139534883712,-0.129999999999999,0.04751535910284998,3.7790697674418525,580348513.0
2025-10-23,16.86,16.71,16.89,16.42,20990932.0,348039321.0,-2.108963093145866,-0.35999999999999943,0.03616952836062492,2.7533684827182126,580348513.0
2025-10-24,16.31,16.68,17.0,16.31,32596943.0,543698222.0,-0.17953321364453378,-0.030000000000001137,0.05616787545727717,4.129263913824064,580348513.0
2025-10-27,16.83,16.61,17.0,16.25,38742469.0,643958491.0,-0.4196642685851293,-0.07000000000000028,0.06675724695102303,4.496402877697841,580348513.0
2025-10-28,16.69,17.15,17.27,16.48,50493190.0,860946289.0,3.2510535821794084,0.5399999999999991,0.08700494421702774,4.756170981336539,580348513.0
2025-10-29,17.1,17.04,17.13,16.9,28693192.0,487763395.0,-0.641399416909616,-0.10999999999999943,0.049441312172363576,1.3411078717201192,580348513.0
2025-10-30,17.05,16.81,17.38,16.81,40015892.0,682905138.0,-1.3497652582159625,-0.23000000000000043,0.06895148536376107,3.3450704225352133,580348513.0
2025-10-31,16.74,17.01,17.28,16.55,29528204.0,500020784.0,1.1897679952409534,0.20000000000000284,0.05088012347504714,4.34265318262939,580348513.0
2025-11-03,17.01,17.5,18.1,16.21,62922430.0,1077791561.0,2.8806584362139898,0.48999999999999844,0.10842179929907049,11.111111111111112,580348513.0
2025-11-04,17.74,17.19,17.96,17.09,36416758.0,631492297.0,-1.7714285714285682,-0.3099999999999987,0.06274980840693564,4.971428571428578,580348513.0
2025-11-05,16.82,16.92,17.17,16.7,25466273.0,430114862.0,-1.5706806282722474,-0.2699999999999996,0.04388099982949383,2.7341477603257847,580348513.0
2025-11-06,17.05,17.58,17.7,16.62,61303541.0,1061555253.0,3.900709219858145,0.6599999999999966,0.10563228754236509,6.382978723404245,580348513.0
2025-11-07,17.36,17.61,17.8,17.3,47035165.0,822360328.0,0.17064846416383617,0.030000000000001137,0.0810464125372886,2.8441410693970424,580348513.0
2025-11-10,17.56,17.68,17.8,17.4,44023696.0,775985102.0,0.3975014196479387,0.07000000000000028,0.07585734263783665,2.2714366837024538,580348513.0
2025-11-11,17.68,17.18,18.0,17.16,45559361.0,799318061.0,-2.828054298642535,-0.5,0.0785034509082993,4.751131221719456,580348513.0
2025-11-12,17.05,18.9,18.9,16.61,84062643.0,1508931699.0,10.011641443538988,1.7199999999999989,0.14484855413078312,13.329452852153661,580348513.0
2025-11-13,19.08,18.62,19.2,18.48,93078828.0,1743271040.0,-1.4814814814814725,-0.2799999999999976,0.16038436545455576,3.8095238095238035,580348513.0
2025-11-14,18.62,17.76,18.7,17.71,61911141.0,1116133190.0,-4.618689581095592,-0.8599999999999994,0.10667924464898215,5.31686358754027,580348513.0
2025-11-17,17.68,17.89,18.28,17.68,45392272.0,814659207.0,0.7319819819819662,0.129999999999999,0.07821553942708215,3.378378378378386,580348513.0
2025-11-18,17.73,18.57,18.76,17.61,78368811.0,1446740328.0,3.8010061486864144,0.6799999999999997,0.135037497718203,6.4281721632196875,580348513.0
2025-11-19,18.1,18.47,18.83,17.97,55267460.0,1017934269.0,-0.5385029617662962,-0.10000000000000142,0.0952315010067063,4.631125471190088,580348513.0
2025-11-20,18.53,18.65,19.5,18.05,86610116.0,1637082623.0,0.9745533297238707,0.17999999999999972,0.1492381113415552,7.850568489442336,580348513.0
2025-11-21,18.08,16.79,18.59,16.79,69620351.0,1218653888.0,-9.973190348525463,-1.8599999999999994,0.1199630040234117,9.651474530831104,580348513.0
2025-11-24,16.64,15.86,16.71,15.29,54225986.0,858613216.0,-5.539011316259678,-0.9299999999999997,0.09343693450628347,8.457415128052423,580348513.0
2025-11-25,16.12,15.9,16.38,15.89,40300133.0,649396246.0,0.2522068095838659,0.040000000000000924,0.06944126175438309,3.08953341740226,580348513.0
2025-11-26,15.8,15.63,15.89,15.56,30889741.0,484465435.0,-1.6981132075471694,-0.2699999999999996,0.053226191345475196,2.075471698113208,580348513.0
2025-11-27,15.67,15.9,16.64,15.64,37946804.0,609161139.0,1.7274472168905985,0.2699999999999996,0.0653862345641954,6.397952655150352,580348513.0
2025-11-28,15.8,15.8,15.83,15.45,24727975.0,387809785.0,-0.6289308176100628,-0.09999999999999964,0.04260883666639118,2.389937106918244,580348513.0
2025-12-01,15.81,16.0,16.08,15.71,23840717.0,379609485.0,1.2658227848101111,0.1999999999999993,0.04108000014811789,2.341772151898718,580348513.0
2025-12-02,16.01,15.64,16.01,15.61,20243550.0,317810609.0,-2.2499999999999964,-0.35999999999999943,0.034881712533999375,2.5000000000000133,580348513.0
2025-12-03,15.63,14.98,15.69,14.95,29747287.0,451605646.0,-4.21994884910486,-0.6600000000000001,0.051257625950012556,4.73145780051151,580348513.0
2025-12-04,14.96,15.0,15.13,14.76,17905432.0,267286231.0,0.1335113484646211,0.019999999999999574,0.030852895456630558,2.469959946595467,580348513.0
2025-12-05,15.06,15.07,15.09,14.62,18247819.0,271689767.0,0.4666666666666597,0.07000000000000028,0.03144286336786048,3.1333333333333373,580348513.0
2025-12-08,15.1,15.34,15.45,15.05,21621338.0,330203742.0,1.791639017916391,0.2699999999999996,0.037255782543893584,2.6542800265427906,580348513.0
2025-12-09,15.24,15.19,15.38,15.16,15789323.0,240867553.0,-0.9778357235984414,-0.15000000000000036,0.02720662265227515,1.4341590612777095,580348513.0
2025-12-10,15.09,15.21,15.28,15.01,13455633.0,203609539.0,0.13166556945358732,0.02000000000000135,0.023185435472977595,1.7774851876234337,580348513.0
2025-12-11,15.23,14.76,15.26,14.75,16505625.0,246687153.0,-2.9585798816568087,-0.45000000000000107,0.028440884451788023,3.353057199211044,580348513.0
2025-12-12,14.76,14.84,15.02,14.67,12391485.0,183901591.0,0.5420054200542035,0.08000000000000007,0.02135179934543918,2.371273712737125,580348513.0
2025-12-15,14.69,14.58,14.84,14.55,12798050.0,187807501.0,-1.7520215633423208,-0.2599999999999998,0.022052352531831163,1.9541778975741182,580348513.0
2025-12-16,14.55,14.3,14.6,14.18,15035994.0,215363603.0,-1.9204389574759895,-0.27999999999999936,0.0259085595348118,2.880658436213991,580348513.0
2025-12-17,14.29,14.55,14.55,14.13,14776554.0,211944261.0,1.7482517482517501,0.25,0.025461517810419547,2.937062937062936,580348513.0
2025-12-18,14.4,14.47,14.67,14.35,12554301.0,182821157.0,-0.5498281786941561,-0.08000000000000007,0.021632348009479607,2.1993127147766343,580348513.0
2025-12-19,14.63,14.59,14.68,14.51,10826644.0,157931879.0,0.8293020041465038,0.11999999999999922,0.0186554178351104,1.1748445058742218,580348513.0
2025-12-22,14.61,14.76,14.9,14.61,14459400.0,213986527.0,1.165181631254275,0.16999999999999993,0.024915028945719037,1.987662782727902,580348513.0
2025-12-23,14.77,14.63,14.83,14.56,11783230.0,173042960.0,-0.8807588075880668,-0.129999999999999,0.020303713606654835,1.829268292682924,580348513.0
2025-12-24,14.7,14.87,14.93,14.64,16259604.0,241172934.0,1.640464798359531,0.23999999999999844,0.0280169650404532,1.9822282980177657,580348513.0
2025-12-25,14.84,14.93,14.98,14.71,14996114.0,223133699.0,0.4034969737727101,0.0600000000000005,0.025839842205299147,1.8157363819771324,580348513.0
2025-12-26,14.92,14.97,15.04,14.85,14632619.0,219000607.0,0.26791694574681557,0.040000000000000924,0.02521350304553981,1.2726054922973846,580348513.0
2025-12-29,14.96,14.9,15.07,14.84,11514671.0,172228567.0,-0.4676018704074858,-0.07000000000000028,0.019840958910150596,1.5364061456245854,580348513.0
2025-12-30,14.82,14.88,15.04,14.76,11424101.0,170691319.0,-0.13422818791946067,-0.019999999999999574,0.019684897512608945,1.879194630872479,580348513.0
2025-12-31,14.97,14.87,15.0,14.76,10602907.0,157747240.0,-0.06720430107527431,-0.010000000000001563,0.018269896040898445,1.6129032258064528,580348513.0
2026-01-05,14.94,15.28,15.28,14.94,23494739.0,356163684.0,2.7572293207800858,0.41000000000000014,0.04048384457564726,2.2864828513786137,580348513.0
2026-01-06,15.4,15.47,15.58,15.32,25720999.0,397329836.0,1.2434554973822065,0.19000000000000128,0.04431991884848682,1.7015706806282709,580348513.0
2026-01-07,15.8,15.42,15.88,15.36,27892022.0,433947837.0,-0.3232062055591567,-0.05000000000000071,0.04806081410602322,3.361344537815135,580348513.0
2026-01-08,15.33,15.43,15.59,15.32,20529351.0,317833314.0,0.06485084306095956,0.009999999999999787,0.03537417696459231,1.7509727626459117,580348513.0
2026-01-09,15.43,15.63,15.73,15.35,26251998.0,408144851.0,1.2961762799740928,0.20000000000000107,0.04523488457701967,2.4627349319507505,580348513.0
2026-01-12,15.64,15.92,15.92,15.62,29247523.0,461609668.0,1.855406269993587,0.28999999999999915,0.050396481329486924,1.91938579654511,580348513.0
2026-01-13,15.94,15.38,15.99,15.35,28664918.0,447877621.0,-3.39195979899497,-0.5399999999999991,0.04939259317099345,4.020100502512566,580348513.0
2026-01-14,15.42,15.55,15.82,15.38,28089195.0,438640404.0,1.105331599479853,0.16999999999999993,0.04840056340421777,2.86085825747724,580348513.0
2026-01-15,15.41,15.86,16.05,15.36,41464306.0,652541600.0,1.9935691318327953,0.3099999999999987,0.07144725121403042,4.437299035369783,580348513.0
2026-01-16,16.0,16.67,16.97,15.81,67656768.0,1113233517.0,5.107187894073162,0.8100000000000023,0.11657954915790401,7.313997477931894,580348513.0
2026-01-19,16.58,17.1,17.54,16.28,58743729.0,985158133.0,2.5794841031793636,0.4299999999999997,0.10122146896928468,7.558488302339519,580348513.0
2026-01-20,16.73,16.85,17.45,16.66,50548977.0,862351956.0,-1.4619883040935644,-0.25,0.08710107093873092,4.619883040935667,580348513.0
2026-01-21,16.77,18.54,18.54,16.68,47325538.0,857586247.0,10.02967359050444,1.6899999999999977,0.08154675499271935,11.038575667655783,580348513.0
2026-01-22,19.46,18.43,20.39,18.24,138643404.0,2668851772.0,-0.5933117583603043,-0.10999999999999943,0.23889680234262958,11.596548004315006,580348513.0
2026-01-23,18.54,18.84,19.01,18.09,93580881.0,1743126870.0,2.2246337493217583,0.41000000000000014,0.16124945425680792,4.991861096039076,580348513.0
2026-01-26,18.15,17.25,18.35,17.06,77403628.0,1360121277.0,-8.439490445859876,-1.5899999999999999,0.1333743884340753,6.847133757961797,580348513.0
2026-01-27,17.12,17.95,18.19,17.0,64571504.0,1138560441.0,4.057971014492745,0.6999999999999993,0.11126332290611038,6.89855072463769,580348513.0
2026-01-28,17.78,17.94,18.68,17.7,66806247.0,1214108478.0,-0.055710306406675514,-0.00999999999999801,0.11511401425784303,5.459610027855156,580348513.0
2026-01-29,17.66,17.38,18.39,17.31,56372119.0,1005674674.0,-3.1215161649944423,-0.5600000000000023,0.09713494174146355,6.020066889632117,580348513.0
2026-01-30,17.18,17.5,17.92,17.13,41044863.0,719809405.0,0.6904487917146263,0.120000000000001,0.0707245079130581,4.545454545454562,580348513.0
2026-02-02,17.05,16.99,17.52,16.8,34853784.0,596913084.0,-2.914285714285725,-0.5100000000000016,0.060056643929059225,4.114285714285708,580348513.0
2026-02-03,17.39,17.45,17.49,16.99,31529139.0,545002263.0,2.707474985285474,0.46000000000000085,0.054327939666832574,2.9429075927015895,580348513.0
2026-02-04,17.27,17.23,17.5,16.94,25275738.0,433686104.0,-1.2607449856733455,-0.21999999999999886,0.043552688485996,3.2091690544412534,580348513.0
2026-02-05,16.92,16.68,16.92,16.43,28128252.0,468130961.0,-3.192106790481719,-0.5500000000000007,0.04846786262033551,2.8438769587928148,580348513.0
2026-02-06,16.5,16.5,16.76,16.38,18204405.0,301863658.0,-1.0791366906474753,-0.17999999999999972,0.03136805659395219,2.2781774580335883,580348513.0
2026-02-09,16.71,16.89,16.98,16.68,23007625.0,388011438.0,2.3636363636363678,0.39000000000000057,0.0396444972023216,1.8181818181818226,580348513.0
2026-02-10,16.83,16.66,16.94,16.61,15881535.0,265948792.0,-1.3617525162818223,-0.23000000000000043,0.027365513384196436,1.9538188277087143,580348513.0
2026-02-11,16.54,16.46,16.68,16.44,13083160.0,216225923.0,-1.2004801920768249,-0.1999999999999993,0.022543626298565187,1.4405762304921874,580348513.0
2026-02-12,16.56,16.63,16.71,16.48,16598906.0,275693793.0,1.0328068043742311,0.16999999999999815,0.0286016171803304,1.3973268529769163,580348513.0
2026-02-13,16.51,16.51,16.85,16.46,16514189.0,275545275.0,-0.7215874924834442,-0.11999999999999744,0.02845564110198728,2.3451593505712602,580348513.0
2026-02-24,16.69,16.93,17.08,16.62,20522824.0,346247901.0,2.5439127801332395,0.41999999999999815,0.035362930274278136,2.786190187764974,580348513.0
2026-02-25,16.95,17.13,17.2,16.81,23057101.0,393453516.0,1.1813349084465408,0.1999999999999993,0.03972974942386042,2.303603071470765,580348513.0
2026-02-26,17.15,17.26,17.34,17.01,23642200.0,406501731.0,0.7589025102160196,0.13000000000000256,0.040737935000102254,1.9264448336252091,580348513.0
2026-02-27,16.99,17.17,17.17,16.81,16740544.0,285304219.0,-0.5214368482039378,-0.08999999999999986,0.028845673978663233,2.085747392815776,580348513.0
2026-03-02,16.7,16.58,16.97,16.49,23017636.0,383627317.0,-3.4362259755387536,-0.5900000000000034,0.03966174718190413,2.7955736750145626,580348513.0
2026-03-03,16.57,15.48,16.78,15.46,29119090.0,463993392.0,-6.63449939686368,-1.0999999999999979,0.050175178100266796,7.961399276236432,580348513.0
2026-03-04,15.2,15.62,15.98,15.2,17083332.0,268107078.0,0.9043927648578753,0.1399999999999988,0.029436332854013876,5.038759689922488,580348513.0
2026-03-05,15.96,16.07,16.29,15.83,20067223.0,323443152.0,2.8809218950064164,0.45000000000000107,0.03457788303146733,2.944942381562094,580348513.0
2026-03-06,15.97,16.16,16.22,15.9,11012772.0,177488087.0,0.5600497822028538,0.08999999999999986,0.018976135465690425,1.9912881144990573,580348513.0
2026-03-09,15.8,16.09,16.15,15.51,14814200.0,233937464.0,-0.4331683168316891,-0.07000000000000028,0.02552638572884566,3.960396039603953,580348513.0
2026-03-10,16.28,16.34,16.56,16.25,14410415.0,236109830.0,1.5537600994406375,0.25,0.024830622767530033,1.9266625233063934,580348513.0
2026-03-11,16.34,16.22,16.49,16.15,11216005.0,182743214.0,-0.7343941248470043,-0.120000000000001,0.019326326765310417,2.0807833537331692,580348513.0
2026-03-12,16.17,16.0,16.25,15.84,11287748.0,180817719.0,-1.3563501849568338,-0.21999999999999886,0.01944994731122883,2.527743526510482,580348513.0
2026-03-13,15.95,15.82,16.19,15.76,11659400.0,185877179.0,-1.1249999999999982,-0.17999999999999972,0.020090341818451426,2.6875000000000093,580348513.0
2026-03-16,15.8,16.4,16.4,15.73,20066110.0,324664459.0,3.6662452591656125,0.5799999999999983,0.03457596521833425,4.235145385587852,580348513.0
2026-03-17,16.4,15.84,16.41,15.83,14808700.0,238278698.0,-3.4146341463414553,-0.5599999999999987,0.02551690866484567,3.5365853658536595,580348513.0
2026-03-18,15.99,17.1,17.42,15.98,86212406.0,1462548712.0,7.954545454545459,1.2600000000000016,0.1485528162282032,9.090909090909099,580348513.0
2026-03-19,16.73,17.05,17.41,16.67,73658483.0,1260450393.0,-0.29239766081872176,-0.05000000000000071,0.12692111955148577,4.32748538011695,580348513.0
2026-03-20,17.2,16.72,17.25,16.7,42170406.0,714548499.0,-1.935483870967758,-0.33000000000000185,0.07266393392137459,3.2258064516129075,580348513.0
2026-03-23,16.22,16.3,16.76,15.63,36404466.0,593495698.0,-2.511961722488032,-0.41999999999999815,0.06272862803044695,6.7583732057416315,580348513.0
2026-03-24,16.57,16.61,16.8,15.88,38402056.0,629587180.0,1.901840490797535,0.3099999999999987,0.06617068044421784,5.644171779141104,580348513.0
2026-03-25,16.7,17.03,17.05,16.6,41902686.0,709804738.0,2.5285972305840065,0.4200000000000017,0.07220262490790598,2.7092113184828377,580348513.0
2026-03-26,16.81,16.76,17.05,16.68,30667147.0,517284554.0,-1.5854374633000545,-0.2699999999999996,0.0528426390574727,2.1726365237815677,580348513.0
2026-03-27,16.35,16.52,16.66,15.7,30036510.0,487546414.0,-1.4319809069212486,-0.240000000000002,0.051755986837516026,5.7279236276849685,580348513.0
2026-03-30,16.3,16.95,16.98,15.61,38808428.0,639699614.0,2.6029055690072633,0.4299999999999997,0.06687090107181855,8.292978208232451,580348513.0
2026-03-31,16.84,16.53,16.89,16.45,24547929.0,407944398.0,-2.4778761061946764,-0.41999999999999815,0.0422985989454926,2.5958702064896833,580348513.0
2026-04-01,16.93,16.65,17.15,16.52,27080996.0,452986219.0,0.7259528130671322,0.11999999999999744,0.046663333140994884,3.8112522686025345,580348513.0
2026-04-02,16.49,15.62,16.77,15.6,33173296.0,531999130.0,-6.186186186186182,-1.0299999999999994,0.05716099077865648,7.027027027027027,580348513.0
2026-04-03,15.7,14.68,15.79,14.68,29124612.0,436978466.0,-6.017925736235597,-0.9399999999999995,0.05018469307252279,7.106274007682455,580348513.0
2026-04-07,14.73,15.0,15.4,14.73,20230033.0,305291521.0,2.1798365122615904,0.3200000000000003,0.034858421356892495,4.564032697547684,580348513.0
2026-04-08,15.45,15.94,15.96,15.42,29922260.0,469565095.0,6.266666666666665,0.9399999999999995,0.05155912237169805,3.600000000000006,580348513.0
2026-04-09,15.77,15.68,15.91,15.65,17142314.0,269972054.0,-1.6311166875784155,-0.2599999999999998,0.02953796488834977,1.6311166875784175,580348513.0
2026-04-10,15.86,15.66,16.23,15.66,18196196.0,289097011.0,-0.12755102040815647,-0.019999999999999574,0.03135391164515657,3.635204081632655,580348513.0
2026-04-13,15.55,15.86,16.08,15.52,17148269.0,271573407.0,1.2771392081736943,0.1999999999999993,0.02954822596400794,3.5759897828863263,580348513.0
2026-04-14,16.01,16.22,16.27,16.01,20363302.0,329110938.0,2.2698612862547263,0.35999999999999943,0.03508805751002243,1.6393442622950696,580348513.0
2026-04-15,16.24,15.9,16.36,15.8,17363717.0,278693533.0,-1.9728729963008562,-0.3199999999999985,0.029919464961220638,3.4525277435265025,580348513.0
2026-04-16,15.89,16.12,16.13,15.77,15761761.0,252688273.0,1.383647798742138,0.22000000000000064,0.027159130499917382,2.264150943396223,580348513.0
2026-04-17,16.04,16.16,16.26,15.98,14256476.0,230246661.0,0.2481389578163684,0.03999999999999915,0.024565370084785588,1.7369727047146473,580348513.0
2026-04-20,16.17,16.1,16.28,16.05,15291859.0,246843895.0,-0.3712871287128605,-0.05999999999999872,0.02634944116760406,1.4232673267326759,580348513.0
2026-04-21,16.0,15.77,16.08,15.61,16159768.0,253852805.0,-2.049689440993796,-0.33000000000000185,0.027844937374725383,2.919254658385086,580348513.0
2026-04-22,15.76,15.96,15.99,15.61,15537124.0,246179672.0,1.2048192771084487,0.19000000000000128,0.02677205791341452,2.4096385542168726,580348513.0
2026-04-23,16.05,15.48,16.07,15.39,19331552.0,301774838.0,-3.007518796992481,-0.4800000000000004,0.03331024645875159,4.2606516290726795,580348513.0
2026-04-24,15.42,15.65,16.06,15.4,22326839.0,350719669.0,1.0981912144702788,0.16999999999999993,0.03847143311281302,4.263565891472858,580348513.0
2026-04-27,15.84,15.77,16.1,15.68,17734618.0,280874506.0,0.7667731629392938,0.11999999999999922,0.030558565418431598,2.683706070287551,580348513.0
2026-04-28,15.66,15.3,15.71,15.21,16374965.0,252458726.0,-2.9803424223208586,-0.46999999999999886,0.02821574387319917,3.1705770450221946,580348513.0
2026-04-29,15.82,16.02,16.08,15.65,30373329.0,483708715.0,4.70588235294116,0.7199999999999989,0.05233636051377287,2.8104575163398557,580348513.0
2026-04-30,16.01,16.51,16.57,16.01,30909061.0,505029969.0,3.0586766541822907,0.490000000000002,0.05325948168665334,3.4956304619225884,580348513.0
2026-05-06,16.82,17.04,17.21,16.8,43605797.0,743093111.0,3.210175651120517,0.5299999999999976,0.0751372598071945,2.483343428225319,580348513.0
2026-05-07,17.05,17.14,17.15,16.92,32447878.0,553560375.0,0.5868544600938996,0.10000000000000142,0.05591102117633926,1.349765258215944,580348513.0
2026-05-08,16.97,17.09,17.15,16.82,22470916.0,381890542.0,-0.29171528588098905,-0.05000000000000071,0.038719692558254214,1.9253208868144591,580348513.0
2026-05-11,17.29,17.56,17.73,17.26,44724499.0,784109338.0,2.75014628437682,0.46999999999999886,0.07706489807099756,2.750146284376822,580348513.0
2026-05-12,17.53,17.43,17.55,17.2,28105629.0,487866712.0,-0.740318906605919,-0.129999999999999,0.04842888087144974,1.9931662870159534,580348513.0
2026-05-13,17.17,17.58,17.62,16.93,26186529.0,455230039.0,0.8605851979345935,0.14999999999999858,0.04512207477647143,3.9586919104991467,580348513.0
2026-05-14,17.6,17.29,17.67,17.19,25401456.0,442712952.0,-1.6496018202502793,-0.28999999999999915,0.043769313491805226,2.7303754266211633,580348513.0
2026-05-15,17.35,17.24,17.63,17.0,25904499.0,448563921.0,-0.28918449971081506,-0.05000000000000071,0.0446361081655774,3.6437246963562693,580348513.0
2026-05-18,17.11,17.28,17.5,17.03,21249700.0,366824168.0,0.23201856148493682,0.0400000000000027,0.03661541216010663,2.7262180974477896,580348513.0
2026-05-19,17.1,17.45,17.46,16.82,24168290.0,415083456.0,0.9837962962962798,0.16999999999999815,0.041644442018239476,3.703703703703707,580348513.0
2026-05-20,17.3,18.34,18.98,17.2,77229239.0,1400912939.0,5.1002865329512925,0.8900000000000006,0.13307389830427635,10.200573065902585,580348513.0
2026-05-21,18.63,17.79,18.82,17.74,73683725.0,1355521763.0,-2.9989094874591116,-0.5500000000000007,0.1269646141059381,5.8887677208288,580348513.0
2026-05-22,17.87,17.96,18.1,17.43,42859129.0,760115821.0,0.9555930297920234,0.1700000000000017,0.07385067427578641,3.7661607644744333,580348513.0
2026-05-25,18.0,18.97,18.98,17.86,66289828.0,1230361648.0,5.623608017817361,1.009999999999998,0.11422417136442288,6.236080178173724,580348513.0
2026-05-26,18.7,18.46,18.76,17.95,61396467.0,1122665272.0,-2.6884554559831186,-0.509999999999998,0.10579240856950382,4.269899841855573,580348513.0
2026-05-27,18.47,18.45,19.38,18.3,77498810.0,1456896571.0,-0.05417118093175022,-0.010000000000001563,0.1335383967805566,5.850487540628376,580348513.0
2026-05-28,18.27,18.64,18.66,18.01,50915010.0,938076951.0,1.0298102981029844,0.19000000000000128,0.08773178333275061,3.5230352303522956,580348513.0
2026-05-29,18.33,17.0,18.46,16.84,61885091.0,1080464909.0,-8.798283261802576,-1.6400000000000006,0.10663435782767311,8.690987124463524,580348513.0
2026-06-01,16.89,17.19,17.8,16.85,40563977.0,703190315.0,1.1176470588235343,0.19000000000000128,0.06989589202238553,5.588235294117643,580348513.0
2026-06-02,17.14,16.83,17.35,16.73,31221782.0,531664011.0,-2.0942408376963484,-0.360000000000003,0.05379833203776986,3.6067481093659164,580348513.0
2026-06-03,16.81,17.06,17.49,16.71,34646695.0,596696522.0,1.3666072489601833,0.23000000000000043,0.059699808346023966,4.634581105169326,580348513.0
2026-06-04,16.76,17.39,17.51,16.68,28686498.0,495704832.0,1.9343493552169022,0.33000000000000185,0.04942977772392431,4.865181711606107,580348513.0
2026-06-05,17.23,16.66,17.39,16.26,35635812.0,598441395.0,-4.1978148361127126,-0.7300000000000004,0.061404158366474525,6.497987349051174,580348513.0
2026-06-08,15.91,15.5,16.29,15.33,30061468.0,474936750.0,-6.962785114045622,-1.1600000000000001,0.05179899203084544,5.762304921968782,580348513.0
2026-06-09,15.79,16.31,16.35,15.37,31011208.0,496007977.0,5.225806451612902,0.8099999999999987,0.0534354914423637,6.322580645161305,580348513.0
2026-06-10,16.01,16.25,16.95,15.97,26611272.0,438023012.0,-0.3678724708767511,-0.05999999999999872,0.045853950520934654,6.008583690987117,580348513.0
2026-06-11,16.09,16.3,16.5,16.04,23993626.0,391317030.0,0.3076923076923199,0.05000000000000071,0.04134347803524052,2.830769230769236,580348513.0
2026-06-12,16.66,15.82,17.2,15.75,35456592.0,580623950.0,-2.944785276073625,-0.4800000000000004,0.06109534392827849,8.895705521472388,580348513.0
2026-06-15,15.97,16.76,16.8,15.81,30822984.0,505928624.0,5.941845764854614,0.9400000000000013,0.05311116218884841,6.257901390644754,580348513.0
2026-06-16,16.62,17.06,17.34,16.62,28352581.0,482672054.0,1.7899761336515274,0.29999999999999716,0.04885440449125438,4.2959427207637155,580348513.0
2026-06-17,16.83,17.74,18.06,16.78,38460663.0,673544223.0,3.98593200468933,0.6799999999999997,0.06627166631509918,7.502930832356376,580348513.0
2026-06-18,17.8,17.96,18.08,17.66,34160349.0,611780009.0,1.2401352874859217,0.22000000000000242,0.05886178431545322,2.367531003382177,580348513.0
2026-06-22,17.95,17.97,18.07,17.4,33435356.0,593316058.0,0.055679287305121505,0.00999999999999801,0.057612547031717816,3.7305122494432164,580348513.0
2026-06-23,17.85,18.22,18.55,17.5,39253850.0,713987374.0,1.3912075681691727,0.25,0.06763840885381919,5.843071786310522,580348513.0
