date,open,close,high,low,volume,amount,pct_chg,change,turnover,amplitude,outstanding_share
2023-06-26,6.59,6.57,6.68,6.55,8687551.0,59629197.0,,,0.0066841391358972305,,1299726236.0
2023-06-27,6.58,6.67,6.71,6.52,6597760.0,45536892.0,1.522070015220689,0.09999999999999964,0.005076268999774196,2.891933028919336,1299726236.0
2023-06-28,6.66,6.68,6.71,6.56,6227600.0,42910674.0,0.14992503748125774,0.009999999999999787,0.004791470563190201,2.248875562218896,1299726236.0
2023-06-29,6.66,6.77,6.8,6.66,7605235.0,53362605.0,1.3473053892215647,0.08999999999999986,0.005851413004792187,2.0958083832335284,1299726236.0
2023-06-30,6.75,6.85,6.88,6.75,7858060.0,55866906.0,1.1816838995568624,0.08000000000000007,0.006045934737905837,1.92023633677991,1299726236.0
2023-07-03,6.86,6.93,6.96,6.86,10608352.0,76315655.0,1.167883211678844,0.08000000000000007,0.008161989583781858,1.459854014598535,1299726236.0
2023-07-04,7.01,6.92,7.01,6.89,9599120.0,69163718.0,-0.1443001443001357,-0.009999999999999787,0.007385493755625011,1.7316017316017334,1299726236.0
2023-07-05,6.9,6.97,7.02,6.87,9822730.0,71234359.0,0.7225433526011571,0.04999999999999982,0.007557537678265348,2.1676300578034606,1299726236.0
2023-07-06,7.02,7.01,7.04,6.89,11827015.0,85912031.0,0.5738880918221057,0.040000000000000036,0.009099620114154562,2.15208034433286,1299726236.0
2023-07-07,7.0,6.97,7.02,6.92,6612800.0,47876399.0,-0.5706134094151216,-0.040000000000000036,0.0050878406673942065,1.426533523537798,1299726236.0
2023-07-10,7.0,6.97,7.03,6.94,5124253.0,37193903.0,0.0,0.0,0.003942563332236989,1.291248206599711,1299726236.0
2023-07-11,6.96,7.01,7.04,6.96,5880400.0,42860572.0,0.5738880918221057,0.040000000000000036,0.004524337385153777,1.1477761836441904,1299726236.0
2023-07-12,7.0,6.95,7.04,6.93,5770900.0,41890402.0,-0.8559201141226769,-0.05999999999999961,0.00444008887422351,1.569186875891588,1299726236.0
2023-07-13,6.98,7.0,7.03,6.96,5918748.0,43061968.0,0.7194244604316502,0.04999999999999982,0.004553842060013629,1.0071942446043207,1299726236.0
2023-07-14,6.99,6.99,7.03,6.97,5376132.0,39132836.0,-0.14285714285714457,-0.009999999999999787,0.004136357219767625,0.8571428571428643,1299726236.0
2023-07-17,7.02,7.23,7.48,6.95,28335758.0,211758071.0,3.433476394849788,0.2400000000000002,0.021801328014432724,7.582260371959946,1299726236.0
2023-07-18,7.11,7.12,7.18,7.0,27155992.0,200051779.0,-1.5214384508990375,-0.11000000000000032,0.020893624555563716,2.4896265560165936,1299726236.0
2023-07-19,7.12,7.14,7.27,7.07,14409902.0,107097294.0,0.2808988764044784,0.019999999999999574,0.01108687475937048,2.808988764044934,1299726236.0
2023-07-20,7.18,7.05,7.19,7.02,10677096.0,78827873.0,-1.2605042016806678,-0.08999999999999986,0.0082148807220046,2.3809523809523925,1299726236.0
2023-07-21,7.05,7.08,7.14,7.03,9030000.0,66497312.0,0.42553191489362874,0.03000000000000025,0.006947616928769914,1.5602836879432544,1299726236.0
2023-07-24,7.08,6.97,7.08,6.95,7572803.0,55074789.0,-1.5536723163841804,-0.11000000000000032,0.005826460057700951,1.8361581920903938,1299726236.0
2023-07-25,7.02,7.09,7.11,7.02,8994805.0,66168951.0,1.7216642754662947,0.1200000000000001,0.006920538149389177,1.291248206599724,1299726236.0
2023-07-26,7.08,7.02,7.1,6.99,6134460.0,44818071.0,-0.9873060648801224,-0.07000000000000028,0.004719809318367872,1.5514809590973122,1299726236.0
2023-07-27,7.04,7.01,7.08,7.0,5018642.0,36720125.0,-0.14245014245013454,-0.009999999999999787,0.003861306989882137,1.1396011396011407,1299726236.0
2023-07-28,6.99,7.07,7.08,6.94,7487410.0,54692670.0,0.8559201141226991,0.0600000000000005,0.005760759298852839,1.9971469329529197,1299726236.0
2023-07-31,7.07,7.12,7.17,7.06,8730600.0,64714093.0,0.7072135785006983,0.04999999999999982,0.006717260726281131,1.5558698727015603,1299726236.0
2023-08-01,7.12,7.19,7.2,7.09,10134509.0,75347482.0,0.9831460674157411,0.07000000000000028,0.007797418194149618,1.5449438202247237,1299726236.0
2023-08-02,7.34,7.24,7.35,7.2,19240721.0,145178432.0,0.6954102920723182,0.04999999999999982,0.014803672086526998,2.0862308762169604,1299726236.0
2023-08-03,7.24,7.2,7.24,7.06,16616195.0,123515855.0,-0.5524861878453025,-0.040000000000000036,0.012784380694766555,2.4861878453038755,1299726236.0
2023-08-04,7.2,7.15,7.23,7.09,9772856.0,72540296.0,-0.694444444444442,-0.04999999999999982,0.007519164982063192,1.9444444444444524,1299726236.0
2023-08-07,7.15,7.18,7.23,7.09,9393855.0,70073518.0,0.41958041958041203,0.02999999999999936,0.007227564343788471,1.958041958041966,1299726236.0
2023-08-08,7.16,7.09,7.18,7.05,6506500.0,47931888.0,-1.253481894150421,-0.08999999999999986,0.005006054213404368,1.8105849582172688,1299726236.0
2023-08-09,7.08,6.98,7.09,6.96,6134828.0,44705477.0,-1.5514809590973067,-0.10999999999999943,0.004720092454916021,1.8335684062059223,1299726236.0
2023-08-10,6.98,7.0,7.01,6.94,5149904.0,37343853.0,0.2865329512893977,0.019999999999999574,0.003962299026792901,1.0028653295128853,1299726236.0
2023-08-11,7.01,6.83,7.01,6.82,7490102.0,53661511.0,-2.4285714285714244,-0.16999999999999993,0.0057628305042539745,2.7142857142857073,1299726236.0
2023-08-14,6.77,6.81,6.82,6.71,7395500.0,52033640.0,-0.2928257686676483,-0.020000000000000462,0.005690044407166988,1.6105417276720397,1299726236.0
2023-08-15,6.85,6.77,6.85,6.73,5480702.0,38579784.0,-0.5873715124816492,-0.040000000000000036,0.004216812624224044,1.7621145374449227,1299726236.0
2023-08-16,6.77,6.73,6.8,6.71,5402200.0,37908414.0,-0.5908419497784201,-0.03999999999999915,0.004156413751118585,1.329394387001475,1299726236.0
2023-08-17,6.69,6.79,6.8,6.62,5801254.0,40617667.0,0.8915304606240682,0.05999999999999961,0.004463443023089056,2.67459138187221,1299726236.0
2023-08-18,6.76,6.69,6.84,6.68,6671847.0,46794994.0,-1.4727540500736325,-0.09999999999999964,0.005133271003694658,2.356406480117822,1299726236.0
2023-08-21,6.66,6.6,6.75,6.6,8681451.0,60342226.0,-1.3452914798206428,-0.09000000000000075,0.00667944583985454,2.242152466367718,1299726236.0
2023-08-22,6.64,6.62,6.7,6.54,7077158.0,48617818.0,0.3030303030303161,0.020000000000000462,0.005445114366376459,2.4242424242424265,1299726236.0
2023-08-23,6.64,6.51,6.64,6.5,5516932.0,37650259.0,-1.6616314199395799,-0.11000000000000032,0.004244687725146451,2.1148036253776388,1299726236.0
2023-08-24,6.55,6.56,6.66,6.49,6496900.0,44342843.0,0.7680491551459223,0.04999999999999982,0.004998668042583084,2.6113671274961585,1299726236.0
2023-08-25,6.55,6.46,6.56,6.41,7622600.0,51237826.0,-1.5243902439024293,-0.09999999999999964,0.005864773510657978,2.2865853658536506,1299726236.0
2023-08-28,6.75,6.51,6.8,6.5,11895381.0,82053827.0,0.7739938080495223,0.04999999999999982,0.009152220421901216,4.643962848297211,1299726236.0
2023-08-29,6.5,6.69,6.7,6.5,9015915.0,62206912.0,2.764976958525356,0.1800000000000006,0.006936780031268062,3.0721966205837203,1299726236.0
2023-08-30,6.72,6.72,6.77,6.67,7597456.0,53066360.0,0.4484304932735439,0.02999999999999936,0.005845427898248566,1.4947683109118033,1299726236.0
2023-08-31,6.74,6.75,6.81,6.69,8935788.0,62549136.0,0.44642857142858094,0.03000000000000025,0.006875130894872542,1.7857142857142743,1299726236.0
2023-09-01,6.72,6.71,6.76,6.68,5681678.0,39620452.0,-0.592592592592589,-0.040000000000000036,0.0043714421103676175,1.1851851851851862,1299726236.0
2023-09-04,6.71,6.85,6.86,6.7,9704020.0,68666732.0,2.086438152011927,0.13999999999999968,0.007466203059703413,2.384500745156485,1299726236.0
2023-09-05,6.88,6.89,6.9,6.83,8186185.0,58422264.0,0.5839416058394109,0.040000000000000036,0.00629839174839893,1.0218978102189822,1299726236.0
2023-09-06,6.91,6.95,6.96,6.84,5984107.0,42972153.0,0.8708272859216271,0.0600000000000005,0.004604128803629075,1.7416545718432528,1299726236.0
2023-09-07,6.91,6.83,6.97,6.82,7112900.0,50766154.0,-1.726618705035976,-0.1200000000000001,0.005472614003615451,2.158273381294956,1299726236.0
2023-09-08,6.79,6.81,6.87,6.79,4677502.0,33203480.0,-0.2928257686676483,-0.020000000000000462,0.0035988363321766475,1.1713030746705722,1299726236.0
2023-09-11,6.81,6.9,6.93,6.78,6456885.0,46148503.0,1.3215859030837107,0.09000000000000075,0.004967880789935828,2.2026431718061596,1299726236.0
2023-09-12,6.89,6.89,6.94,6.87,4554400.0,32661115.0,-0.14492753623189802,-0.010000000000000675,0.003504122540463975,1.0144927536231925,1299726236.0
2023-09-13,6.88,6.85,6.9,6.81,5034665.0,35848524.0,-0.5805515239477477,-0.040000000000000036,0.0038736349706185356,1.3062409288824492,1299726236.0
2023-09-14,6.91,6.88,6.92,6.85,6319715.0,45225261.0,0.43795620437956373,0.03000000000000025,0.004862343180398799,1.0218978102189822,1299726236.0
2023-09-15,6.92,6.89,6.94,6.84,5374353.0,38497738.0,0.14534883720929148,0.009999999999999787,0.004141329045916827,1.453488372093031,1297736292.0
2023-09-18,6.85,6.89,6.91,6.82,6476037.0,46171691.0,0.0,0.0,0.0049902565258612645,1.3062409288824361,1297736292.0
2023-09-19,6.88,6.82,6.89,6.8,6013000.0,42734884.0,-1.01596516690855,-0.0699999999999994,0.004633452911094206,1.3062409288824361,1297736292.0
2023-09-20,6.83,6.75,6.85,6.73,7279500.0,51323592.0,-1.026392961876832,-0.07000000000000028,0.005609383081042785,1.7595307917888448,1297736292.0
2023-09-21,6.74,6.69,6.77,6.66,6429180.0,44809687.0,-0.8888888888888835,-0.05999999999999961,0.00495414980657719,1.629629629629621,1297736292.0
2023-09-22,6.73,6.81,6.81,6.67,5545732.0,38926406.0,1.7937219730941534,0.11999999999999922,0.004273389003749924,2.0926756352765272,1297736292.0
2023-09-25,6.79,6.73,6.81,6.69,6094700.0,42641490.0,-1.1747430249632762,-0.07999999999999918,0.004696408690711102,1.7621145374449227,1297736292.0
2023-09-26,6.69,6.67,6.75,6.66,5367394.0,37314873.0,-0.8915304606240793,-0.0600000000000005,0.00413596663134701,1.337295690936105,1297736292.0
2023-09-27,6.66,6.67,6.72,6.61,4691008.0,32505940.0,0.0,0.0,0.0036147621276511237,1.6491754122938445,1297736292.0
2023-09-28,6.7,6.75,6.76,6.68,6480600.0,45266469.0,1.1994002998500841,0.08000000000000007,0.00499377264853436,1.199400299850076,1297736292.0
2023-10-09,6.74,6.76,6.79,6.71,10326381.0,72427087.0,0.1481481481481417,0.009999999999999787,0.007957226027859287,1.1851851851851862,1297736292.0
2023-10-10,6.76,6.76,6.81,6.74,5430602.0,38182008.0,0.0,0.0,0.004184672982852821,1.0355029585798727,1297736292.0
2023-10-11,6.76,6.69,6.77,6.67,8661800.0,60322590.0,-1.0355029585798703,-0.0699999999999994,0.006674545555515681,1.479289940828397,1297736292.0
2023-10-12,6.73,6.79,6.8,6.69,7988099.0,56057396.0,1.4947683109117982,0.09999999999999964,0.006155410039191537,1.6442451420029809,1297736292.0
2023-10-13,6.76,6.76,6.77,6.72,5195400.0,36434547.0,-0.44182621502208974,-0.03000000000000025,0.004003432771378486,0.7363770250368162,1297736292.0
2023-10-16,6.78,6.66,6.78,6.64,8321302.0,57700845.0,-1.4792899408283988,-0.09999999999999964,0.006412167133875608,2.0710059171597717,1297736292.0
2023-10-17,6.68,6.65,6.71,6.62,7169901.0,49540767.0,-0.15015015015015232,-0.009999999999999787,0.0055249290970742155,1.351351351351349,1297736292.0
2023-10-18,6.65,6.53,6.66,6.53,6760700.0,46142896.0,-1.8045112781954864,-0.1200000000000001,0.005209610027612606,1.9548872180451111,1297736292.0
2023-10-19,6.5,6.43,6.56,6.42,9799806.0,65951661.0,-1.5313935681470214,-0.10000000000000053,0.0075514617726357,2.1439509954058145,1297736292.0
2023-10-20,6.44,6.4,6.48,6.39,6210301.0,41464120.0,-0.4665629860031051,-0.02999999999999936,0.0047854876512924095,1.399688958009343,1297736292.0
2023-10-23,6.38,6.22,6.4,6.17,9161900.0,59678776.0,-2.8125000000000067,-0.1800000000000006,0.007059908901738567,3.5937500000000067,1297736292.0
2023-10-24,6.24,6.25,6.27,6.18,8641582.0,55947365.0,0.4823151125401992,0.03000000000000025,0.006658966119135089,1.4469453376205765,1297736292.0
2023-10-25,6.53,6.65,6.87,6.46,31988424.0,222488603.0,6.400000000000006,0.40000000000000036,0.024649402345603817,6.560000000000002,1297736292.0
2023-10-26,6.63,6.84,6.85,6.59,23902919.0,168030835.0,2.857142857142847,0.1899999999999995,0.018418933913886413,3.9097744360902222,1297736292.0
2023-10-27,6.83,6.94,6.98,6.78,18605873.0,133857316.0,1.4619883040935644,0.10000000000000053,0.014337175522251635,2.9239766081871372,1297736292.0
2023-10-30,6.93,6.94,6.99,6.88,17134849.0,123684521.0,0.0,0.0,0.013203644766374461,1.5850144092219065,1297736292.0
2023-10-31,6.94,7.01,7.01,6.91,15166079.0,110078848.0,1.0086455331411948,0.0699999999999994,0.01168656459212285,1.4409221902017237,1297736292.0
2023-11-01,6.99,7.01,7.03,6.95,11742576.0,85440899.0,0.0,0.0,0.009048507059861126,1.1412268188302437,1297736292.0
2023-11-02,7.02,6.88,7.02,6.86,10195553.0,73499240.0,-1.854493580599148,-0.1299999999999999,0.007856413558633837,2.2824536376604745,1297736292.0
2023-11-03,6.93,6.95,6.99,6.88,10015922.0,72242730.0,1.0174418604651292,0.07000000000000028,0.00771799483588766,1.5988372093023302,1297736292.0
2023-11-06,6.98,7.08,7.12,6.92,17139500.0,125255361.0,1.8705035971223083,0.1299999999999999,0.013207228699434415,2.8776978417266212,1297736292.0
2023-11-07,7.09,7.09,7.15,7.02,12437025.0,91773592.0,0.14124293785311437,0.009999999999999787,0.009583630416032166,1.8361581920904066,1297736292.0
2023-11-08,7.08,7.07,7.13,7.01,12349400.0,90772385.0,-0.2820874471085921,-0.019999999999999574,0.009516108993891033,1.6925246826516236,1297736292.0
2023-11-09,7.04,7.11,7.17,7.03,13022471.0,96124547.0,0.5657708628005631,0.040000000000000036,0.01003475904949108,1.9801980198019757,1297736292.0
2023-11-10,7.08,7.08,7.13,7.05,7007883.0,51686218.0,-0.42194092827004814,-0.03000000000000025,0.005400082469143122,1.1251758087201134,1297736292.0
2023-11-13,7.07,7.13,7.13,7.02,12012417.0,88327072.0,0.7062146892655274,0.04999999999999982,0.009256439134862385,1.5536723163841852,1297736292.0
2023-11-14,7.12,7.12,7.15,7.08,9846258.0,72843602.0,-0.14025245441794398,-0.009999999999999787,0.007587256410025713,0.9817671809256702,1297736292.0
2023-11-15,7.21,7.18,7.23,7.14,11525343.0,86017578.0,0.8426966292134797,0.05999999999999961,0.008881113267039619,1.264044943820235,1297736292.0
2023-11-16,7.17,7.11,7.18,7.1,8415200.0,62453046.0,-0.974930362116988,-0.0699999999999994,0.006484522357798097,1.1142061281337057,1297736292.0
2023-11-17,7.14,7.2,7.21,7.09,9369932.0,69812281.0,1.2658227848101333,0.08999999999999986,0.007220212656270539,1.6877637130801704,1297736292.0
2023-11-20,7.2,7.31,7.43,7.17,15175219.0,114885502.0,1.5277777777777724,0.10999999999999943,0.011693607625485132,3.611111111111108,1297736292.0
2023-11-21,7.31,7.26,7.37,7.24,13785200.0,104496804.0,-0.6839945280437743,-0.04999999999999982,0.010622497101283193,1.7783857729138153,1297736292.0
2023-11-22,7.23,7.17,7.27,7.17,8772102.0,65715495.0,-1.2396694214875992,-0.08999999999999986,0.006759541252006536,1.3774104683195545,1297736292.0
2023-11-23,7.13,7.26,7.27,7.12,8934200.0,66918530.0,1.2552301255230214,0.08999999999999986,0.006884449525743863,2.0920502092050137,1297736292.0
2023-11-24,7.28,7.24,7.29,7.19,8721700.0,65545387.0,-0.2754820936639035,-0.019999999999999574,0.006720702852933699,1.3774104683195545,1297736292.0
2023-11-27,7.2,7.29,7.31,7.2,11215520.0,84823522.0,0.6906077348066253,0.04999999999999982,0.008642372159227554,1.5193370165745779,1297736292.0
2023-11-28,7.29,7.35,7.36,7.24,10359967.0,78694523.0,0.8230452674897082,0.05999999999999961,0.00798310647846165,1.6460905349794255,1297736292.0
2023-11-29,7.38,7.42,7.48,7.32,12280800.0,94633812.0,0.952380952380949,0.07000000000000028,0.009463247715045022,2.1768707482993217,1297736292.0
2023-11-30,7.43,7.29,7.44,7.23,11993209.0,90998360.0,-1.7520215633423208,-0.1299999999999999,0.009241637976785502,2.830188679245283,1297736292.0
2023-12-01,7.3,7.3,7.36,7.27,9088869.0,68973982.0,0.137174211248281,0.009999999999999787,0.007003633215799747,1.234567901234578,1297736292.0
2023-12-04,7.29,7.33,7.36,7.26,8901360.0,67674985.0,0.4109589041095818,0.03000000000000025,0.0068591439222846365,1.3698630136986376,1297736292.0
2023-12-05,7.28,7.22,7.36,7.22,10357900.0,78498914.0,-1.5006821282401162,-0.11000000000000032,0.007981513704943068,1.909959072305601,1297736292.0
2023-12-06,7.22,7.26,7.31,7.17,7791629.0,58770594.0,0.5540166204986097,0.040000000000000036,0.006004015644805593,1.939058171745148,1297736292.0
2023-12-07,7.25,7.26,7.29,7.17,8459107.0,63598023.0,0.0,0.0,0.006518355887977278,1.6528925619834725,1297736292.0
2023-12-08,7.26,7.11,7.28,7.1,11039014.0,82327795.0,-2.066115702479332,-0.14999999999999947,0.008506361475787408,2.4793388429752152,1297736292.0
2023-12-11,7.12,7.27,7.27,7.06,13906320.0,103899412.0,2.250351617440205,0.15999999999999925,0.010715827852786004,2.953586497890295,1297736413.0
2023-12-12,7.23,7.16,7.25,7.13,8560100.0,63670739.0,-1.5130674002750921,-0.10999999999999943,0.006596177709317308,1.650618982118296,1297736413.0
2023-12-13,7.22,7.14,7.23,7.12,8599802.0,64075017.0,-0.27932960893854997,-0.020000000000000462,0.006626770978953798,1.5363128491620157,1297736413.0
2023-12-14,7.19,7.1,7.22,7.07,6050100.0,44931145.0,-0.5602240896358524,-0.040000000000000036,0.004662040719050086,2.1008403361344463,1297736413.0
2023-12-15,7.14,7.07,7.19,7.06,6529260.0,48289212.0,-0.42253521126759397,-0.02999999999999936,0.005031268241064605,1.8309859154929689,1297736413.0
2023-12-18,7.04,7.0,7.06,6.96,9156500.0,66659585.0,-0.990099009900991,-0.07000000000000028,0.007055747151944946,1.4144271570014093,1297736413.0
2023-12-19,6.99,7.01,7.02,6.94,5815508.0,42154097.0,0.14285714285713347,0.009999999999999787,0.004481270573703167,1.1428571428571312,1297736413.0
2023-12-20,7.0,6.95,7.06,6.95,5652320.0,41157824.0,-0.8559201141226769,-0.05999999999999961,0.004355522387580566,1.5691868758915755,1297736413.0
2023-12-21,6.94,6.98,6.99,6.85,8992300.0,64781324.0,0.4316546762589857,0.03000000000000025,0.00692921914644619,2.0143884892086414,1297736413.0
2023-12-22,7.0,7.01,7.07,6.92,8292700.0,60299290.0,0.42979942693408546,0.02999999999999936,0.006390126621190832,2.148997134670492,1297736413.0
2023-12-25,7.01,6.95,7.06,6.92,8790800.0,63505634.0,-0.8559201141226769,-0.05999999999999961,0.006773948786470555,1.9971469329529197,1297736413.0
2023-12-26,6.98,6.9,7.01,6.89,7674800.0,55333365.0,-0.7194244604316502,-0.04999999999999982,0.005913989869682419,1.7266187050359725,1297736413.0
2023-12-27,6.9,7.0,7.02,6.86,7215044.0,52118181.0,1.4492753623188248,0.09999999999999964,0.005559714536575926,2.318840579710134,1297736413.0
2023-12-28,7.0,7.1,7.14,6.98,9678804.0,71323289.0,1.4285714285714235,0.09999999999999964,0.00745822025416189,2.285714285714275,1297736413.0
2023-12-29,7.09,7.2,7.21,7.07,7747364.0,57562811.0,1.4084507042253502,0.10000000000000053,0.005969905693013794,1.9718309859154886,1297736413.0
2024-01-02,7.2,7.27,7.31,7.18,9947402.0,75137653.0,0.9722222222222188,0.0699999999999994,0.007665194488150654,1.805555555555554,1297736413.0
2024-01-03,7.31,7.27,7.31,7.19,10711904.0,80696053.0,0.0,0.0,0.00825429871019578,1.6506189821182837,1297736413.0
2024-01-04,7.25,7.22,7.27,7.14,7296242.0,54578605.0,-0.687757909215958,-0.04999999999999982,0.005622283482924818,1.7881705639614842,1297736413.0
2024-01-05,7.24,7.12,7.26,7.07,7478400.0,55774116.0,-1.3850415512465353,-0.09999999999999964,0.005762649429487805,2.631578947368414,1297736413.0
2024-01-08,7.14,6.94,7.14,6.94,9000644.0,65672905.0,-2.52808988764045,-0.17999999999999972,0.006935648803436943,2.808988764044934,1297736413.0
2024-01-09,6.93,6.97,7.02,6.92,7816850.0,56594097.0,0.4322766570605152,0.02999999999999936,0.006023449694171446,1.4409221902017237,1297736413.0
2024-01-10,6.98,6.89,7.02,6.85,7609566.0,54818462.0,-1.147776183644189,-0.08000000000000007,0.0058637223428206296,2.4390243902439015,1297736413.0
2024-01-11,6.9,6.93,6.99,6.85,8008208.0,57539701.0,0.5805515239477588,0.040000000000000036,0.006170904907790393,2.0319303338171344,1297736413.0
2024-01-12,6.93,6.93,7.03,6.9,8409000.0,60864483.0,0.0,0.0,0.006479744203648234,1.8759018759018746,1297736413.0
2024-01-15,6.97,6.85,6.97,6.84,9031832.0,64672176.0,-1.1544011544011523,-0.08000000000000007,0.006959681418756645,1.8759018759018746,1297736413.0
2024-01-16,6.82,6.78,6.9,6.69,10882614.0,76603580.0,-1.0218978102189746,-0.0699999999999994,0.008385843142709135,3.065693430656934,1297736413.0
2024-01-17,6.78,6.6,6.81,6.6,7148480.0,49884723.0,-2.6548672566371723,-0.1800000000000006,0.005508422148281047,3.097345132743362,1297736413.0
2024-01-18,6.59,6.45,6.6,6.28,13930249.0,92709821.0,-2.2727272727272596,-0.14999999999999947,0.010734266882284052,4.84848484848484,1297736413.0
2024-01-19,6.46,6.4,6.51,6.38,10171576.0,67958919.0,-0.7751937984496138,-0.04999999999999982,0.007837936809129205,2.0155038759689905,1297736413.0
2024-01-22,6.36,5.92,6.4,5.88,15243349.0,97382598.0,-7.500000000000007,-0.4800000000000004,0.01174610564002106,8.125000000000007,1297736413.0
2024-01-23,5.93,6.12,6.14,5.82,16398291.0,102407473.0,3.378378378378377,0.20000000000000018,0.012636072191341063,5.4054054054053955,1297736413.0
2024-01-24,6.74,6.41,6.74,6.24,49120205.0,333006142.0,4.738562091503273,0.29000000000000004,0.037850679466139014,8.169934640522875,1297736413.0
2024-01-25,6.4,6.56,6.6,6.34,36825315.0,248948049.0,2.340093603744142,0.14999999999999947,0.02837657526682963,4.056162246489857,1297736413.0
2024-01-26,6.56,6.53,6.7,6.5,19669503.0,134314719.0,-0.45731707317072656,-0.02999999999999936,0.015156778220108401,3.048780487804881,1297736413.0
2024-01-29,6.5,6.46,6.58,6.43,20055365.0,135395084.0,-1.071975497702915,-0.07000000000000028,0.015454112868450429,2.297090352220526,1297736413.0
2024-01-30,6.45,6.27,6.5,6.25,12263045.0,81528678.0,-2.941176470588236,-0.1900000000000004,0.009449565317853187,3.8699690402476783,1297736413.0
2024-01-31,6.24,6.07,6.36,6.05,14515229.0,93390109.0,-3.1897926634768647,-0.1999999999999993,0.011185036386892227,4.944178628389163,1297736413.0
2024-02-01,6.09,6.04,6.18,5.91,18342760.0,115462533.0,-0.49423393739703725,-0.03000000000000025,0.014134426541670908,4.448105436573304,1297736413.0
2024-02-02,6.04,5.75,6.13,5.58,21347687.0,130489004.0,-4.801324503311255,-0.29000000000000004,0.01644994067065605,9.10596026490066,1297736413.0
2024-02-05,5.74,5.32,5.78,5.18,33964648.0,190741474.0,-7.4782608695652115,-0.4299999999999997,0.026172223927571955,10.434782608695661,1297736413.0
2024-02-06,5.13,5.68,5.75,5.11,32710260.0,184953403.0,6.766917293233066,0.35999999999999943,0.025205627022812066,12.030075187969919,1297736413.0
2024-02-07,5.69,5.91,5.99,5.66,31768671.0,194347738.0,4.049295774647899,0.23000000000000043,0.024480064427382296,5.809859154929579,1297736413.0
2024-02-08,5.91,6.25,6.25,5.88,33580685.0,213027356.0,5.752961082910324,0.33999999999999986,0.025747982061472326,6.260575296108292,1304206478.0
2024-02-19,6.26,6.2,6.33,6.12,24196287.0,156542067.0,-0.8000000000000007,-0.04999999999999982,0.018552497175987805,3.359999999999999,1304206478.0
2024-02-20,6.2,6.25,6.27,6.08,12653151.0,81425059.0,0.8064516129032251,0.04999999999999982,0.009701800453716195,3.06451612903225,1304206478.0
2024-02-21,6.25,6.33,6.5,6.16,15516071.0,102394286.0,1.2799999999999923,0.08000000000000007,0.011896943667841527,5.439999999999998,1304206478.0
2024-02-22,6.3,6.38,6.43,6.27,11995016.0,79137142.0,0.789889415481837,0.04999999999999982,0.009197175602435553,2.527646129541866,1304206478.0
2024-02-23,6.4,6.42,6.43,6.3,12756566.0,84402419.0,0.6269592476489061,0.040000000000000036,0.009781093879829663,2.0376175548589326,1304206478.0
2024-02-26,6.44,6.49,6.59,6.39,15046466.0,101468198.0,1.0903426791277315,0.07000000000000028,0.011536874148235905,3.1152647975077907,1304206478.0
2024-02-27,6.47,6.57,6.57,6.42,10456112.0,70883848.0,1.2326656394453073,0.08000000000000007,0.008017221334488725,2.311248073959944,1304206478.0
2024-02-28,6.6,6.31,6.68,6.31,17928835.0,121595227.0,-3.9573820395738313,-0.2600000000000007,0.013746929878383874,5.631659056316591,1304206478.0
2024-02-29,6.31,6.57,6.57,6.25,14951122.0,100918550.0,4.120443740095103,0.2600000000000007,0.011463769159410662,5.071315372424728,1304206478.0
2024-03-01,6.57,6.67,6.68,6.53,14241110.0,98144967.0,1.522070015220689,0.09999999999999964,0.010919367630989486,2.2831050228310423,1304206478.0
2024-03-04,6.72,6.64,6.81,6.6,13317561.0,92307665.0,-0.4497751124437843,-0.03000000000000025,0.010211236659721606,3.1484257871064467,1304206478.0
2024-03-05,6.64,6.64,6.69,6.56,11182280.0,76919695.0,0.0,0.0,0.00857401047198295,1.9578313253012167,1304206478.0
2024-03-06,6.59,6.67,6.74,6.54,14053279.0,97015040.0,0.45180722891566827,0.03000000000000025,0.010861021798633418,3.012048192771087,1293918681.0
2024-03-07,6.71,6.68,6.84,6.66,12868827.0,90281666.0,0.14992503748125774,0.009999999999999787,0.009945622695588859,2.698650674662664,1293918681.0
2024-03-08,6.67,6.76,6.77,6.65,11640466.0,81335007.0,1.1976047904191711,0.08000000000000007,0.008996288693354138,1.796407185628731,1293918681.0
2024-03-11,6.77,6.82,6.82,6.71,11705793.0,82383633.0,0.887573964497057,0.0600000000000005,0.009046776410209352,1.6272189349112474,1293918681.0
2024-03-12,6.84,6.81,6.85,6.72,14084559.0,99166882.0,-0.14662756598241566,-0.010000000000000675,0.01088519642448844,1.9061583577712593,1293918681.0
2024-03-13,6.8,6.84,6.91,6.73,13266341.0,94003752.0,0.4405286343612369,0.03000000000000025,0.01025283983824019,2.643171806167397,1293918681.0
2024-03-14,6.9,6.86,7.01,6.81,13922908.0,100117560.0,0.29239766081872176,0.020000000000000462,0.010760265080367907,2.9239766081871372,1293918681.0
2024-03-15,6.83,7.08,7.09,6.8,18907525.0,137365971.0,3.206997084548102,0.21999999999999975,0.01461260686443401,4.227405247813412,1293918681.0
2024-03-18,7.11,7.21,7.22,7.05,20554301.0,152956189.0,1.836158192090398,0.1299999999999999,0.015885311265553943,2.401129943502824,1293918681.0
2024-03-19,7.22,7.34,7.45,7.17,24293814.0,185225656.0,1.8030513176144236,0.1299999999999999,0.01877537928521491,3.883495145631071,1293918681.0
2024-03-20,7.41,7.43,7.49,7.32,30787497.0,237239311.0,1.2261580381471404,0.08999999999999986,0.02379399683464343,2.3160762942779285,1293918681.0
2024-03-21,7.52,7.45,7.55,7.32,23207002.0,178828680.0,0.2691790040376896,0.020000000000000462,0.017935440874896836,3.0955585464333724,1293918681.0
2024-03-22,7.55,8.19,8.19,7.48,93302559.0,769841566.0,9.932885906040267,0.7399999999999993,0.07210851838686762,9.530201342281867,1293918681.0
2024-03-25,8.34,7.87,8.46,7.85,108801029.0,917661436.0,-3.9072039072039044,-0.3199999999999994,0.08408645040653834,7.448107448107463,1293918681.0
2024-03-26,7.79,7.74,8.02,7.63,61482722.0,499006832.0,-1.6518424396442133,-0.1299999999999999,0.04751668161439892,4.955527318932652,1293918681.0
2024-03-27,7.55,7.37,7.81,7.35,47215479.0,369947768.0,-4.780361757105944,-0.3700000000000001,0.0364902985738715,5.943152454780361,1293918681.0
2024-03-28,7.37,7.76,7.86,7.3,45266122.0,360916595.0,5.29172320217095,0.3899999999999997,0.03498374562844726,7.598371777476262,1293918681.0
2024-03-29,7.71,7.87,7.88,7.65,35372792.0,286115049.0,1.4175257731958713,0.11000000000000032,0.027337724170318243,2.96391752577319,1293918681.0
2024-04-01,7.89,7.91,8.0,7.81,39869862.0,327485591.0,0.5082592121982143,0.040000000000000036,0.030813267159252027,2.4142312579415552,1293918681.0
2024-04-02,7.93,7.98,8.03,7.81,43067195.0,355690447.0,0.8849557522123908,0.07000000000000028,0.03328431348306656,2.781289506953221,1293918681.0
2024-04-03,7.9,7.94,7.98,7.78,33562612.0,275122315.0,-0.5012531328320802,-0.040000000000000036,0.025938733625873046,2.506265664160403,1293918681.0
2024-04-08,7.9,7.84,8.11,7.83,37074905.0,306846547.0,-1.2594458438287215,-0.10000000000000053,0.028653195555803247,3.526448362720395,1293918681.0
2024-04-09,7.74,7.87,7.97,7.7,25249605.0,206001287.0,0.3826530612244916,0.03000000000000025,0.019514058627305653,3.443877551020403,1293918681.0
2024-04-10,7.88,7.77,7.92,7.68,19965488.0,161506603.0,-1.270648030495558,-0.10000000000000053,0.015430249437754272,3.049555273189329,1293918681.0
2024-04-11,7.7,7.84,8.01,7.65,23276593.0,189988732.0,0.9009009009009139,0.07000000000000028,0.017989224007501598,4.633204633204626,1293918681.0
2024-04-12,7.84,7.81,7.92,7.77,17963026.0,146344197.0,-0.3826530612244916,-0.03000000000000025,0.013882654500449244,1.9132653061224536,1293918681.0
2024-04-15,7.85,7.74,7.86,7.54,26166600.0,209869548.0,-0.8962868117797673,-0.0699999999999994,0.020222754632290528,4.097311139564665,1293918681.0
2024-04-16,7.67,7.42,7.8,7.38,25638586.0,201890102.0,-4.134366925064603,-0.3200000000000003,0.019814681074227417,5.426356589147286,1293918681.0
2024-04-17,7.49,7.77,7.78,7.49,21446277.0,170540666.0,4.7169811320754595,0.34999999999999964,0.016574671434085277,3.908355795148249,1293918681.0
2024-04-18,7.78,7.92,7.97,7.78,23152000.0,189671815.0,1.9305019305019266,0.15000000000000036,0.017892932793973627,2.445302445302439,1293918681.0
2024-04-19,8.02,7.89,8.17,7.82,26990669.0,223648848.0,-0.37878787878787845,-0.03000000000000025,0.020859633141041264,4.419191919191915,1293918681.0
2024-04-22,7.85,7.72,7.98,7.71,20345700.0,165140893.0,-2.154626108998736,-0.16999999999999993,0.01572409479726802,3.422053231939169,1293918681.0
2024-04-23,7.65,7.61,7.73,7.58,15344980.0,121832311.0,-1.4248704663212375,-0.10999999999999943,0.01185930787253237,1.9430051813471552,1293918681.0
2024-04-24,7.52,7.84,7.85,7.5,19269811.0,154211776.0,3.0223390275952555,0.22999999999999954,0.014892598184846827,4.599211563731926,1293918681.0
2024-04-25,7.87,7.85,7.88,7.68,16155700.0,131200645.0,0.12755102040815647,0.009999999999999787,0.01248586965875949,2.551020408163268,1293918681.0
2024-04-26,7.49,7.61,7.66,7.19,38330600.0,298218777.0,-3.0573248407643194,-0.23999999999999932,0.02962365453320169,5.987261146496812,1293918681.0
2024-04-29,7.57,7.52,7.59,7.36,34991063.0,272100206.0,-1.182654402102501,-0.09000000000000075,0.027042706403278213,3.022339027595263,1293918681.0
2024-04-30,7.53,7.34,7.63,7.31,28756886.0,221599680.0,-2.393617021276595,-0.17999999999999972,0.022224647052607165,4.255319148936175,1293918681.0
2024-05-06,7.44,7.44,7.52,7.38,25231500.0,195465081.0,1.3623978201634968,0.10000000000000053,0.019500066248753695,1.9073569482288784,1293918681.0
2024-05-07,7.44,7.47,7.5,7.34,25895725.0,199780891.0,0.40322580645160144,0.02999999999999936,0.02001340994627776,2.1505376344086042,1293918681.0
2024-05-08,7.47,7.3,7.47,7.29,16925434.0,129359815.0,-2.2757697456492587,-0.16999999999999993,0.013080755574932455,2.4096385542168637,1293918681.0
2024-05-09,7.27,7.53,7.57,7.25,24416402.0,190019954.0,3.150684931506853,0.23000000000000043,0.018870120942322186,4.383561643835621,1293918681.0
2024-05-10,7.56,7.51,7.61,7.44,16656507.0,129782343.0,-0.26560424966800555,-0.020000000000000462,0.01287291639311296,2.2576361221779537,1293918681.0
2024-05-13,7.47,7.37,7.47,7.27,17517327.0,133810089.0,-1.8641810918774926,-0.13999999999999968,0.013538197768705065,2.6631158455392834,1293918681.0
2024-05-14,7.32,7.45,7.48,7.31,14292903.0,110253017.0,1.085481682496603,0.08000000000000007,0.01104621427132792,2.3066485753053025,1293918681.0
2024-05-15,7.46,7.39,7.48,7.34,12353202.0,95094121.0,-0.8053691275167862,-0.0600000000000005,0.009547123927798057,1.8791946308724907,1293918681.0
2024-05-16,7.39,7.42,7.51,7.39,16451900.0,127376194.0,0.4059539918809252,0.03000000000000025,0.012714786672130905,1.6238159675236823,1293918681.0
2024-05-17,7.52,7.65,7.79,7.5,44737235.0,355896399.0,3.0997304582210283,0.23000000000000043,0.03457499737574312,3.908355795148249,1293918681.0
2024-05-20,7.67,7.69,7.81,7.59,38028010.0,303898590.0,0.5228758169934622,0.040000000000000036,0.029389799033282524,2.875816993464049,1293918681.0
2024-05-21,7.72,7.48,7.73,7.42,27169300.0,212318793.0,-2.73081924577373,-0.20999999999999996,0.020997687411856758,4.031209362808849,1293918681.0
2024-05-22,7.43,7.24,7.46,7.22,26529913.0,201598966.0,-3.208556149732622,-0.2400000000000002,0.02050353966564302,3.208556149732623,1293918681.0
2024-05-23,7.17,7.0,7.17,6.97,23582000.0,172526457.0,-3.314917127071826,-0.2400000000000002,0.018225256614870684,2.7624309392265216,1293918681.0
2024-05-24,7.01,7.02,7.12,6.93,17498800.0,127748190.0,0.28571428571428914,0.019999999999999574,0.013523879249100972,2.7142857142857197,1293918681.0
2024-05-27,7.01,7.03,7.03,6.89,12012400.0,86891053.0,0.14245014245015675,0.010000000000000675,0.00928373643289257,1.9943019943020026,1293918681.0
2024-05-28,7.01,7.08,7.21,7.01,16295079.0,120752786.0,0.7112375533428139,0.04999999999999982,0.012593588174649749,2.8449502133712685,1293918681.0
2024-05-29,7.05,7.23,7.3,7.04,19794327.0,148528587.0,2.1186440677966045,0.15000000000000036,0.015297968327269247,3.6723163841807875,1293918681.0
2024-05-30,7.27,7.14,7.27,7.09,13734802.0,102263819.0,-1.2448132780083054,-0.09000000000000075,0.01061488809280125,2.4896265560165936,1293918681.0
2024-05-31,7.1,7.08,7.19,7.04,10071000.0,74300598.0,-0.8403361344537785,-0.05999999999999961,0.007783333023847114,2.1008403361344588,1293918681.0
2024-06-03,7.11,7.01,7.19,6.96,16041144.0,117885383.0,-0.9887005649717562,-0.07000000000000028,0.012397335501488135,3.248587570621475,1293918681.0
2024-06-04,6.99,7.14,7.16,6.95,12587440.0,92483232.0,1.854493580599148,0.1299999999999999,0.0097281538514243,2.995720399429386,1293918681.0
2024-06-05,7.09,7.01,7.14,7.01,9845400.0,72309553.0,-1.8207282913165201,-0.1299999999999999,0.007608978944790426,1.8207282913165252,1293918681.0
2024-06-06,7.01,6.86,7.09,6.81,15043626.0,108157319.0,-2.139800285306692,-0.14999999999999947,0.011626407610386762,3.9942938659058527,1293918681.0
2024-06-07,6.93,6.87,6.97,6.77,11188600.0,79763114.0,0.1457725947521915,0.009999999999999787,0.008647065819741418,2.9154518950437343,1293918681.0
2024-06-11,6.79,6.81,6.84,6.7,11008563.0,77399954.0,-0.8733624454148492,-0.0600000000000005,0.008507924927316201,2.037845705967972,1293918681.0
2024-06-12,6.76,6.85,6.89,6.75,9196432.0,65376965.0,0.5873715124816492,0.040000000000000036,0.007107426560139447,2.055800293685752,1293918681.0
2024-06-13,6.87,6.84,6.88,6.79,12102554.0,85888919.0,-0.14598540145984717,-0.009999999999999787,0.009353411599751067,1.313868613138684,1293918681.0
2024-06-14,6.8,6.76,7.0,6.76,23528815.0,167547120.0,-1.1695906432748537,-0.08000000000000007,0.018184152795302288,3.5087719298245648,1293918681.0
2024-06-17,6.71,6.68,6.82,6.66,14757162.0,103125322.0,-1.183431952662728,-0.08000000000000007,0.011405015026597333,2.3668639053254457,1293918681.0
2024-06-18,6.71,6.74,6.79,6.69,13141781.0,90067116.0,0.8982035928143839,0.0600000000000005,0.010156574128633359,1.4970059880239468,1293918681.0
2024-06-19,6.75,6.82,6.89,6.7,15875410.0,110104136.0,1.1869436201780381,0.08000000000000007,0.012269248626761268,2.8189910979228414,1293918681.0
2024-06-20,6.82,6.64,6.88,6.61,13196125.0,90005002.0,-2.639296187683293,-0.1800000000000006,0.010198573676825987,3.9589442815249205,1293918681.0
2024-06-21,6.56,6.61,6.69,6.55,6564262.0,44267921.0,-0.45180722891565717,-0.02999999999999936,0.005073164253975247,2.1084337349397675,1293918681.0
2024-06-24,6.52,6.38,6.58,6.32,10229332.0,66879617.0,-3.479576399394868,-0.23000000000000043,0.007905699291777982,3.933434190620269,1293918681.0
2024-06-25,6.39,6.42,6.51,6.37,8750520.0,57273930.0,0.6269592476489061,0.040000000000000036,0.006762805212177009,2.194357366771155,1293918681.0
2024-06-26,6.33,6.6,6.61,6.32,10333945.0,68008726.0,2.8037383177569986,0.17999999999999972,0.007986549040325665,4.517133956386293,1293918681.0
2024-06-27,6.6,6.4,6.61,6.36,8931951.0,58894331.0,-3.0303030303030165,-0.1999999999999993,0.006903023452058808,3.787878787878788,1293918681.0
2024-06-28,6.31,6.48,6.58,6.31,12606103.0,83141180.0,1.2499999999999956,0.08000000000000007,0.009742577478097328,4.218750000000007,1293918681.0
2024-07-01,6.52,6.52,6.57,6.4,9049055.0,59641210.0,0.6172839506172645,0.03999999999999915,0.006993526821180504,2.6234567901234556,1293918681.0
2024-07-02,6.52,6.47,6.53,6.45,6461800.0,42639578.0,-0.7668711656441674,-0.04999999999999982,0.004993976897378144,1.2269938650306762,1293918681.0
2024-07-03,6.47,6.45,6.51,6.42,5345600.0,35104941.0,-0.3091190108191588,-0.019999999999999574,0.004131326086016993,1.391035548686242,1293918681.0
2024-07-04,6.45,6.32,6.51,6.26,9642832.0,62344556.0,-2.0155038759689936,-0.1299999999999999,0.007452425056996298,3.875968992248062,1293918681.0
2024-07-05,6.28,6.36,6.37,6.23,7511176.0,48144347.0,0.6329113924050667,0.040000000000000036,0.0058049830412797015,2.2151898734177164,1293918681.0
2024-07-08,6.31,6.16,6.35,6.14,8747400.0,55426106.0,-3.1446540880503138,-0.20000000000000018,0.006760393932360267,3.3018867924528292,1293918681.0
2024-07-09,6.15,6.27,6.29,6.09,9765400.0,61799099.0,1.7857142857142794,0.10999999999999943,0.007547151257181671,3.2467532467532494,1293918681.0
2024-07-10,6.25,6.22,6.36,6.19,8356402.0,53440974.0,-0.797448165869219,-0.04999999999999982,0.00644022894723271,2.711323763955342,1297531822.0
2024-07-11,6.34,6.51,6.51,6.29,13006762.0,85130511.0,4.662379421221874,0.29000000000000004,0.010024233532825062,3.5369774919614105,1297531822.0
2024-07-12,6.52,6.42,6.52,6.36,8869838.0,57940552.0,-1.3824884792626668,-0.08999999999999986,0.006835930995764048,2.4577572964669625,1297531822.0
2024-07-15,6.39,6.33,6.39,6.28,8192002.0,52760697.0,-1.4018691588784993,-0.08999999999999986,0.006313526852368789,1.7133956386292746,1297531822.0
2024-07-16,6.32,6.24,6.34,6.21,8028255.0,51092286.0,-1.421800947867291,-0.08999999999999986,0.006187328020691889,2.053712480252763,1297531822.0
2024-07-17,6.25,6.13,6.25,6.11,7984302.0,49991753.0,-1.7628205128205177,-0.11000000000000032,0.006153453706971975,2.2435897435897383,1297531822.0
2024-07-18,6.11,6.14,6.16,6.01,7421569.0,45913323.0,0.16313213703098572,0.009999999999999787,0.005719758755943637,2.4469820554649324,1297531822.0
2024-07-19,6.13,6.12,6.17,6.02,8363347.0,51936062.0,-0.32573289902279035,-0.019999999999999574,0.0064455814171161035,2.4429967426710157,1297531822.0
2024-07-22,6.14,6.04,6.15,6.0,8494600.0,52127759.0,-1.3071895424836666,-0.08000000000000007,0.006546737317707187,2.4509803921568687,1297531822.0
2024-07-23,6.05,5.79,6.05,5.76,11651512.0,69867645.0,-4.139072847682124,-0.25,0.008979750478905788,4.801324503311259,1297531822.0
2024-07-24,5.8,5.74,5.85,5.69,12241600.0,71663714.0,-0.8635578583765069,-0.04999999999999982,0.009434527764514434,2.763385146804823,1297531822.0
2024-07-25,5.71,5.75,5.82,5.67,7522584.0,43887462.0,0.17421602787455193,0.009999999999999787,0.005797610411130248,2.613240418118473,1297531822.0
2024-07-26,5.78,5.9,5.91,5.74,8458300.0,50515655.0,2.60869565217392,0.15000000000000036,0.0065187611252281105,2.9565217391304333,1297531822.0
2024-07-29,6.0,5.9,6.0,5.88,6411581.0,38611567.0,0.0,0.0,0.004941367056506765,2.0338983050847474,1297531822.0
2024-07-30,5.9,5.9,5.92,5.82,5967900.0,35639835.0,0.0,0.0,0.004599424768481709,1.6949152542372818,1297531822.0
2024-07-31,5.95,6.16,6.16,5.91,11910231.0,73413283.0,4.406779661016946,0.2599999999999998,0.00917914366188084,4.23728813559322,1297531822.0
2024-08-01,6.18,6.21,6.27,6.16,16322502.0,103231213.0,0.8116883116883189,0.04999999999999982,0.012579654481876746,1.7857142857142767,1297531822.0
2024-08-02,6.17,6.08,6.21,6.08,8507700.0,53195842.0,-2.093397745571657,-0.1299999999999999,0.006556833409207902,2.093397745571657,1297531822.0
2024-08-05,6.08,5.92,6.12,5.92,10080810.0,61691440.0,-2.631578947368418,-0.16000000000000014,0.007769219859642101,3.2894736842105288,1297531822.0
2024-08-06,5.99,5.98,6.05,5.9,8956414.0,54331624.0,1.013513513513531,0.0600000000000005,0.0069026546001736515,2.533783783783775,1297531822.0
2024-08-07,5.95,5.98,6.04,5.92,8538900.0,51898889.0,0.0,0.0,0.00658087906224777,2.006688963210704,1297531822.0
2024-08-08,5.96,5.95,6.0,5.87,7678500.0,46356640.0,-0.5016722408026753,-0.03000000000000025,0.005917773938032943,2.173913043478259,1297531822.0
2024-08-09,5.96,5.89,6.05,5.89,8455402.0,51295773.0,-1.0084033613445453,-0.0600000000000005,0.00651652765399383,2.6890756302521033,1297531822.0
2024-08-12,5.89,5.85,5.95,5.82,5901100.0,35254993.0,-0.6791171477079749,-0.040000000000000036,0.004547942408768145,2.207130730050932,1297531822.0
2024-08-13,5.87,5.91,5.92,5.83,5119702.0,30609438.0,1.0256410256410442,0.0600000000000005,0.003945723652548693,1.538461538461536,1297531822.0
2024-08-14,5.9,5.8,5.93,5.79,6428912.0,38137729.0,-1.861252115059231,-0.11000000000000032,0.0049547239543540076,2.3688663282571856,1297531822.0
2024-08-15,5.79,5.81,5.91,5.73,7408061.0,43947205.0,0.17241379310344307,0.009999999999999787,0.005709348221287786,3.103448275862064,1297531822.0
2024-08-16,5.84,5.72,5.9,5.71,10147865.0,59893678.0,-1.5490533562822706,-0.08999999999999986,0.007820898746327626,3.27022375215147,1297531822.0
2024-08-19,5.67,5.68,5.74,5.61,11813014.0,68357497.0,-0.6993006993006978,-0.040000000000000036,0.009104219102535428,2.272727272727271,1297531822.0
2024-08-20,5.63,5.54,5.69,5.5,11097847.0,62803596.0,-2.464788732394363,-0.13999999999999968,0.008553044181139165,3.3450704225352186,1297531822.0
2024-08-21,5.54,5.55,5.58,5.5,6622730.0,37413116.0,0.18050541516245744,0.009999999999999787,0.005104098325536096,1.4440433212996402,1297531822.0
2024-08-22,5.54,5.48,5.58,5.47,8719698.0,48858977.0,-1.2612612612612484,-0.0699999999999994,0.00672021899744976,1.9819819819819877,1297531822.0
2024-08-23,5.47,5.5,5.51,5.42,6283459.0,35024139.0,0.36496350364962904,0.019999999999999574,0.004842624198853752,1.6423357664233549,1297531822.0
2024-08-26,5.5,5.59,5.66,5.5,8999035.0,51200051.0,1.6363636363636358,0.08999999999999986,0.006935502349475326,2.9090909090909114,1297531822.0
2024-08-27,5.55,5.5,5.59,5.48,7367744.0,41324142.0,-1.610017889087656,-0.08999999999999986,0.005678276150979825,1.9677996422182369,1297531822.0
2024-08-28,5.43,5.34,5.52,5.32,15577000.0,85695052.0,-2.9090909090909167,-0.16000000000000014,0.012005100557757265,3.636363636363624,1297531822.0
2024-08-29,5.32,5.47,5.5,5.29,13729373.0,75879619.0,2.434456928838946,0.1299999999999999,0.010581145500414555,3.9325842696629207,1297531822.0
2024-08-30,5.5,5.58,5.67,5.41,14136557.0,80207842.0,2.010968921389411,0.11000000000000032,0.010894959769241019,4.7531992687385705,1297531822.0
2024-09-02,5.61,5.43,5.61,5.42,10898426.0,60958319.0,-2.6881720430107614,-0.15000000000000036,0.008399351611432002,3.4050179211469604,1297531822.0
2024-09-03,5.41,5.45,5.5,5.39,8844631.0,48985504.0,0.36832412523020164,0.020000000000000462,0.006816504111912255,2.02578268876612,1297531822.0
2024-09-04,5.41,5.44,5.5,5.38,8724300.0,48294427.0,-0.18348623853210455,-0.009999999999999787,0.006723765731273141,2.201834862385323,1297531822.0
2024-09-05,5.45,5.45,5.5,5.41,7193160.0,39855178.0,0.18382352941175295,0.009999999999999787,0.005543725308341609,1.6544117647058796,1297531822.0
2024-09-06,5.46,5.39,5.62,5.38,16819807.0,93550844.0,-1.1009174311926717,-0.0600000000000005,0.012962924465370068,4.403669724770646,1297531822.0
2024-09-09,5.32,5.35,5.39,5.29,11266190.0,61160498.0,-0.7421150278293154,-0.040000000000000036,0.008682785122475402,1.8552875695732773,1297531822.0
2024-09-10,5.4,5.36,5.4,5.22,10630655.0,57355072.0,0.18691588785046953,0.010000000000000675,0.008192982106299354,3.3644859813084222,1297531822.0
2024-09-11,5.32,5.4,5.4,5.31,7594500.0,41487689.0,0.746268656716409,0.040000000000000036,0.005853035641387144,1.6791044776119541,1297531822.0
2024-09-12,5.37,5.37,5.5,5.36,7857162.0,43303973.0,-0.5555555555555647,-0.03000000000000025,0.006055467670834511,2.592592592592587,1297531822.0
2024-09-13,5.4,5.25,5.43,5.25,7406678.0,40004247.0,-2.2346368715083775,-0.1200000000000001,0.005708282351475153,3.351955307262564,1297531822.0
2024-09-18,5.25,5.31,5.34,5.17,9564638.0,51047828.0,1.1428571428571344,0.05999999999999961,0.007371409192305728,3.2380952380952364,1297531822.0
2024-09-19,5.32,5.47,5.49,5.27,11454600.0,63115149.0,3.0131826741996326,0.16000000000000014,0.008827991580463913,4.143126177024494,1297531822.0
2024-09-20,5.48,5.5,5.5,5.41,8760200.0,48670601.0,0.5484460694698434,0.03000000000000025,0.006751433646149142,1.6453382084095038,1297531822.0
2024-09-23,5.49,5.5,5.6,5.49,7564662.0,42558603.0,0.0,0.0,0.0058300396735857475,1.9999999999999896,1297531822.0
2024-09-24,5.53,5.73,5.73,5.53,14643400.0,84059500.0,4.181818181818198,0.23000000000000043,0.011285580632179671,3.63636363636364,1297531822.0
2024-09-25,5.78,5.69,5.9,5.68,17883576.0,105475131.0,-0.6980802792321161,-0.040000000000000036,0.013782764859234412,3.8394415357766256,1297531822.0
2024-09-26,5.71,5.92,5.92,5.68,14005862.0,82613908.0,4.042179261862899,0.22999999999999954,0.010794233915906226,4.217926186291743,1297531822.0
2024-09-27,6.0,6.16,6.23,5.96,22214376.0,137388141.0,4.054054054054057,0.2400000000000002,0.01712048646772996,4.5608108108108185,1297531822.0
2024-09-30,6.36,6.78,6.78,6.31,42704503.0,285794825.0,10.064935064935066,0.6200000000000001,0.0329533195328426,7.629870129870141,1295908989.0
2024-10-08,7.46,7.19,7.46,6.77,48849806.0,355606111.0,6.047197640117985,0.41000000000000014,0.037695398685130964,10.176991150442483,1295908989.0
2024-10-09,7.08,6.51,7.08,6.49,37458516.0,257167173.0,-9.457579972183595,-0.6800000000000006,0.02890520578061983,8.205841446453405,1295908989.0
2024-10-10,6.54,6.51,6.7,6.41,23407214.0,156820604.0,0.0,0.0,0.018062390336579415,4.454685099846391,1295908989.0
2024-10-11,6.56,6.28,6.56,6.19,20663347.0,132871588.0,-3.533026113671267,-0.22999999999999954,0.015945060320898815,5.683563748079865,1295908989.0
2024-10-14,6.32,6.41,6.45,6.2,15817410.0,102024506.0,2.070063694267521,0.1299999999999999,0.012205648802703074,3.9808917197452227,1295908989.0
2024-10-15,6.39,6.24,6.46,6.24,17983521.0,116124020.0,-2.6521060842433664,-0.16999999999999993,0.013877148127413754,3.4321372854914154,1295908989.0
2024-10-16,6.17,6.26,6.33,6.15,14872089.0,94512080.0,0.3205128205128194,0.019999999999999574,0.011476183224468705,2.8846153846153797,1295908989.0
2024-10-17,6.3,6.14,6.33,6.13,13581200.0,86059657.0,-1.9169329073482455,-0.1200000000000001,0.010480056944801391,3.1948881789137404,1295908989.0
2024-10-18,6.14,6.34,6.46,6.11,23451249.0,150411592.0,3.2573289902280145,0.20000000000000018,0.018096370346266655,5.700325732899017,1295908989.0
2024-10-21,6.39,6.37,6.46,6.3,23208854.0,150708915.0,0.4731861198738141,0.03000000000000025,0.017909324032013486,2.5236593059936934,1295908989.0
2024-10-22,6.38,6.43,6.45,6.32,18805372.0,122218266.0,0.9419152276294973,0.05999999999999961,0.014511336953153892,2.0408163265306105,1295908989.0
2024-10-23,6.45,6.51,6.59,6.39,22418195.0,148202124.0,1.244167962674969,0.08000000000000007,0.017299204797783834,3.110419906687406,1295908989.0
2024-10-24,6.52,6.44,6.52,6.35,15780185.0,102931411.0,-1.075268817204289,-0.0699999999999994,0.012176923791675311,2.6113671274961585,1295908989.0
2024-10-25,6.43,6.58,6.58,6.42,21064816.0,139493396.0,2.1739130434782483,0.13999999999999968,0.01625485753922801,2.484472049689443,1295908989.0
2024-10-28,6.12,6.34,6.41,6.05,58183386.0,368440035.0,-3.6474164133738607,-0.2400000000000002,0.04489774088603069,5.471124620060795,1295908989.0
2024-10-29,6.38,6.21,6.44,6.18,34595819.0,221114501.0,-2.050473186119872,-0.1299999999999999,0.026696179510797422,4.1009463722397586,1295908989.0
2024-10-30,6.18,6.2,6.32,6.15,20808853.0,131743382.0,-0.16103059581320522,-0.009999999999999787,0.016057341353930527,2.7375201288244755,1295908989.0
2024-10-31,6.21,6.25,6.28,6.16,24907897.0,157476469.0,0.8064516129032251,0.04999999999999982,0.019220406071278513,1.9354838709677438,1295908989.0
2024-11-01,6.26,6.17,6.35,6.14,31498876.0,198095804.0,-1.2800000000000034,-0.08000000000000007,0.02430639517695328,3.359999999999999,1295908989.0
2024-11-04,6.17,6.27,6.27,6.12,18788118.0,117384717.0,1.620745542949753,0.09999999999999964,0.01449802274656496,2.431118314424627,1295908989.0
2024-11-05,6.29,6.9,6.9,6.27,60313944.0,405205802.0,10.047846889952172,0.6300000000000008,0.04654180541377509,10.047846889952167,1295908989.0
2024-11-06,7.02,7.11,7.29,6.85,93753240.0,667395617.0,3.04347826086957,0.20999999999999996,0.07234554339525459,6.376811594202904,1295908989.0
2024-11-07,7.02,7.19,7.24,6.95,51113017.0,363562284.0,1.1251758087201136,0.08000000000000007,0.03944182611113904,4.078762306610408,1295908989.0
2024-11-08,7.25,7.11,7.34,7.06,36459489.0,263092927.0,-1.1126564673157202,-0.08000000000000007,0.028134297477274462,3.8942976356050103,1295908989.0
2024-11-11,7.06,7.38,7.45,7.04,43251235.0,316498146.0,3.797468354430378,0.2699999999999996,0.033375210271035474,5.766526019690579,1295908989.0
2024-11-12,7.45,7.93,8.12,7.38,101517407.0,812067129.0,7.452574525745259,0.5499999999999998,0.07833683372961,10.0271002710027,1295908989.0
2024-11-13,7.81,7.85,8.34,7.65,75717199.0,610440550.0,-1.0088272383354413,-0.08000000000000007,0.05842786773045526,8.701134930643121,1295908989.0
2024-11-14,7.81,7.63,7.87,7.59,44355972.0,344148696.0,-2.8025477707006363,-0.21999999999999975,0.034227690660767536,3.566878980891723,1295908989.0
2024-11-15,7.55,7.74,7.92,7.53,52625808.0,411317123.0,1.4416775884665833,0.11000000000000032,0.04060918509455605,5.111402359108777,1295908989.0
2024-11-18,7.71,7.4,7.82,7.36,30665733.0,233583126.0,-4.392764857881137,-0.33999999999999986,0.023663492776343418,5.943152454780361,1295908989.0
2024-11-19,7.38,7.55,7.55,7.25,25322076.0,189100625.0,2.0270270270270174,0.14999999999999947,0.01954001107712048,4.054054054054052,1295908989.0
2024-11-20,7.55,7.66,7.73,7.48,22127521.0,170002496.0,1.4569536423841178,0.11000000000000032,0.017074903552505568,3.3112582781456954,1295908989.0
2024-11-21,7.68,7.97,8.12,7.67,55854335.0,443261106.0,4.046997389033935,0.3099999999999996,0.04310050742305639,5.87467362924281,1295908989.0
2024-11-22,7.9,7.91,8.32,7.87,75578795.0,614701124.0,-0.7528230865746499,-0.05999999999999961,0.05549991943020645,5.646173149309915,1361782067.0
2024-11-25,7.89,7.99,8.07,7.81,54605911.0,437484598.0,1.0113780025284402,0.08000000000000007,0.040098861868769195,3.286978508217455,1361782067.0
2024-11-26,7.98,7.86,8.19,7.8,38099198.0,305930432.0,-1.6270337922402955,-0.1299999999999999,0.027977456102012247,4.881101376720897,1361782067.0
2024-11-27,7.8,8.12,8.12,7.56,49134531.0,389592191.0,3.307888040712448,0.2599999999999989,0.036081053048556556,7.124681933842234,1361782067.0
2024-11-28,8.47,8.65,8.93,8.26,132362188.0,1148520653.0,6.527093596059119,0.5300000000000011,0.09368319314896083,8.251231527093596,1412870159.0
2024-11-29,8.58,8.66,8.84,8.43,84231116.0,732958755.0,0.11560693641619046,0.009999999999999787,0.05961702528958289,4.739884393063585,1412870159.0
2024-12-02,8.53,8.56,8.69,8.39,51204750.0,440491068.0,-1.1547344110854452,-0.09999999999999964,0.03584051469148227,3.464203233256339,1428683445.0
2024-12-03,8.64,8.49,8.69,8.28,40376452.0,342969490.0,-0.8177570093457986,-0.07000000000000028,0.028261300389044543,4.7897196261682256,1428683445.0
2024-12-04,8.48,8.55,8.89,8.46,49953437.0,434859974.0,0.7067137809187329,0.0600000000000005,0.03496466426822773,5.064782096584213,1428683445.0
2024-12-05,8.49,8.68,8.7,8.37,38815906.0,334008526.0,1.5204678362572999,0.129999999999999,0.026701381885777323,3.8596491228070176,1453704013.0
2024-12-06,8.76,8.91,9.04,8.65,58999190.0,526038176.0,2.6497695852534697,0.23000000000000043,0.04058542142856422,4.493087557603673,1453704013.0
2024-12-09,9.04,8.79,9.31,8.69,60025281.0,542447538.0,-1.3468013468013629,-0.120000000000001,0.04129126731660195,6.958473625140303,1453704013.0
2024-12-10,8.97,8.79,9.03,8.61,55228508.0,488690175.0,0.0,0.0,0.03799157703776663,4.778156996587031,1453704013.0
2024-12-11,8.74,8.87,8.98,8.7,35245060.0,313269863.0,0.9101251422070522,0.08000000000000007,0.024245004268279476,3.1854379977247,1453704013.0
2024-12-12,8.88,9.49,9.7,8.88,74992626.0,713194780.0,6.989853438556937,0.620000000000001,0.051587273151456864,9.244644870349477,1453704013.0
2024-12-13,9.44,9.12,9.48,8.89,56199307.0,516205913.0,-3.898840885142263,-0.370000000000001,0.03865938767275041,6.217070600632243,1453704013.0
2024-12-16,9.1,8.99,9.24,8.92,28342216.0,258762968.0,-1.425438596491213,-0.129999999999999,0.0194965520811285,3.5087719298245648,1453704013.0
2024-12-17,8.97,8.75,8.99,8.69,18947149.0,167562679.0,-2.6696329254727535,-0.2400000000000002,0.013033704819249198,3.337041156840942,1453704013.0
2024-12-18,8.7,8.82,8.92,8.69,22872400.0,202839989.0,0.8000000000000007,0.07000000000000028,0.01573387690716927,2.6285714285714334,1453704013.0
2024-12-19,8.69,8.61,8.78,8.45,24189883.0,208515254.0,-2.3809523809523947,-0.21000000000000085,0.01664017075255883,3.7414965986394564,1453704013.0
2024-12-20,8.79,9.0,9.21,8.64,42598905.0,386522560.0,4.529616724738683,0.39000000000000057,0.029303699115536527,6.620209059233454,1453704013.0
2024-12-23,9.0,8.86,9.21,8.83,23915311.0,216894356.0,-1.5555555555555656,-0.14000000000000057,0.016156762517181057,4.22222222222223,1480204402.0
2024-12-24,8.82,8.73,9.04,8.65,25783786.0,228972804.0,-1.46726862302482,-0.129999999999999,0.017419071288507084,4.401805869074479,1480204402.0
2024-12-25,8.72,8.69,8.77,8.48,17265456.0,149820328.0,-0.45819014891180787,-0.040000000000000924,0.011664207998981376,3.321878579610529,1480208172.0
2024-12-26,8.68,8.93,9.12,8.55,29024434.0,262285202.0,2.7617951668584606,0.2400000000000002,0.019608346007699246,6.559263521288821,1480208172.0
2024-12-27,8.93,8.93,9.16,8.87,29645539.0,268973569.0,0.0,0.0,0.020027952527747563,3.247480403135509,1480208172.0
2024-12-30,8.86,8.7,8.89,8.65,18205845.0,160488175.0,-2.5755879059350506,-0.23000000000000043,0.01229951661150537,2.6875699888017945,1480208172.0
2024-12-31,8.69,8.15,8.73,8.14,38162749.0,319324242.0,-6.321839080459757,-0.5499999999999989,0.025452870100162638,6.781609195402298,1499349537.0000002
2025-01-02,8.1,8.03,8.27,7.95,23890365.0,194566599.0,-1.4723926380368235,-0.120000000000001,0.01593381957338744,3.926380368098152,1499349537.0000002
2025-01-03,7.99,8.03,8.42,7.97,26434933.0,218103033.0,0.0,0.0,0.017630934180226446,5.603985056039853,1499349537.0000002
2025-01-06,8.0,8.03,8.16,7.87,17373929.0,140486371.0,0.0,0.0,0.011587644222549286,3.611457036114571,1499349537.0000002
2025-01-07,8.05,8.41,8.42,7.97,15488977.0,128612509.0,4.732254047322559,0.3800000000000008,0.010330464389905633,5.603985056039853,1499349537.0000002
2025-01-08,8.36,8.02,8.36,7.59,28718269.0,228497100.0,-4.637336504161715,-0.39000000000000057,0.019153818566857633,9.155766944114145,1499349537.0000002
2025-01-09,7.86,8.37,8.48,7.83,23360731.0,193833312.0,4.364089775561086,0.34999999999999964,0.015580577059263797,8.104738154613472,1499349537.0000002
2025-01-10,8.33,8.26,8.72,8.26,19495720.0,166035907.0,-1.314217443249699,-0.10999999999999943,0.013002785220455233,5.495818399044216,1499349537.0000002
2025-01-13,8.18,8.29,8.42,8.12,12755203.0,106274905.0,0.363196125907983,0.02999999999999936,0.00850715772755796,3.6319612590799117,1499349537.0000002
2025-01-14,8.31,8.79,8.82,8.2,21161567.0,183596152.0,6.031363088057895,0.5,0.014113831683532242,7.47889022919181,1499349537.0000002
2025-01-15,8.77,8.69,8.82,8.49,16146285.0,140583258.0,-1.1376564277588153,-0.09999999999999964,0.010768859829914362,3.754266211604097,1499349537.0000002
2025-01-16,8.72,8.69,8.86,8.6,14963408.0,131201152.0,0.0,0.0,0.009979933051461633,2.9919447640966603,1499349537.0000002
2025-01-17,8.62,8.71,8.89,8.62,15357470.0,135979473.0,0.23014959723821615,0.02000000000000135,0.010242755022106628,3.107019562715781,1499349537.0000002
2025-01-20,8.77,8.66,8.84,8.62,10865769.0,95635408.0,-0.5740528128587941,-0.05000000000000071,0.007246988598629886,2.5258323765786526,1499349537.0000002
2025-01-21,8.69,8.31,8.73,8.26,21713026.0,183503004.0,-4.041570438799069,-0.34999999999999964,0.014481630509884231,5.427251732101624,1499349537.0000002
2025-01-22,8.31,8.47,8.67,8.28,28868241.0,247268931.0,1.9253910950661979,0.16000000000000014,0.0192538432751055,4.693140794223833,1499349537.0000002
2025-01-23,8.52,8.36,8.69,8.32,15763980.0,134799079.0,-1.2987012987013102,-0.11000000000000121,0.010513879259629903,4.3683589138134495,1499349537.0000002
2025-01-24,8.31,8.56,8.6,8.3,12614456.0,107854272.0,2.392344497607679,0.20000000000000107,0.008413285687365372,3.5885167464114707,1499349537.0000002
2025-01-27,8.57,8.37,8.6,8.33,9402113.0,79749093.0,-2.219626168224309,-0.19000000000000128,0.006270794613251012,3.1542056074766305,1499349537.0000002
2025-02-05,8.47,8.08,8.5,8.03,16507100.0,135994853.0,-3.464755077658288,-0.28999999999999915,0.011009507518192536,5.615292712066914,1499349537.0000002
2025-02-06,8.12,7.98,8.2,7.91,28368329.0,229506202.0,-1.2376237623762387,-0.09999999999999964,0.01892042402384788,3.5891089108910785,1499349537.0000002
2025-02-07,7.97,8.28,8.37,7.91,25944457.0,213670925.0,3.7593984962405846,0.29999999999999893,0.01730380832471621,5.76441102756891,1499349537.0000002
2025-02-10,8.28,8.33,8.46,8.25,21980659.0,184991516.0,0.6038647342995196,0.05000000000000071,0.014660129914723145,2.5362318840579814,1499349537.0000002
2025-02-11,8.37,8.09,8.43,8.04,19873292.0,163132678.0,-2.881152460984393,-0.2400000000000002,0.013254609088527698,4.681872749099647,1499349537.0000002
2025-02-12,8.07,8.13,8.15,8.02,12333259.0,100444910.0,0.49443757725589066,0.040000000000000924,0.008225739692878565,1.6069221260815918,1499349537.0000002
2025-02-13,8.15,7.94,8.17,7.92,18447298.0,148637842.0,-2.337023370233704,-0.1900000000000004,0.012303533995755652,3.0750307503075027,1499349537.0000002
2025-02-14,7.91,7.76,8.01,7.7,20890460.0,164088991.0,-2.267002518891692,-0.1800000000000006,0.013933015273942754,3.9042821158690124,1499349537.0000002
2025-02-17,7.76,7.59,7.76,7.44,34249833.0,261331229.0,-2.1907216494845394,-0.16999999999999993,0.02284312773959925,4.123711340206178,1499349537.0000002
2025-02-18,7.6,7.68,7.85,7.48,27104915.0,209993198.0,1.1857707509881354,0.08999999999999986,0.018077782619143862,4.874835309617908,1499349537.0000002
2025-02-19,7.68,8.19,8.27,7.66,34690335.0,279307907.0,6.640625,0.5099999999999998,0.023136923141624976,7.942708333333326,1499349537.0000002
2025-02-20,8.15,8.69,8.73,8.11,43480188.0,370853702.0,6.1050061050061055,0.5,0.02899936734365363,7.570207570207582,1499349537.0000002
2025-02-21,8.59,8.65,8.8,8.58,22784521.0,198663450.0,-0.460299194476399,-0.03999999999999915,0.015196270407758826,2.531645569620261,1499349537.0000002
2025-02-24,8.6,8.78,8.95,8.56,21781121.0,192926517.0,1.5028901734103872,0.129999999999999,0.014527046870992561,4.5086705202312,1499349537.0000002
2025-02-25,8.7,8.78,8.92,8.53,18910094.0,166532494.0,0.0,0.0,0.012612198512320611,4.441913439635542,1499349537.0000002
2025-02-26,8.79,9.09,9.23,8.66,28461406.0,260452554.0,3.530751708428248,0.3100000000000005,0.01898250227691903,6.492027334851939,1499349537.0000002
2025-02-27,9.17,8.91,9.2,8.72,24622571.0,221046494.0,-1.980198019801982,-0.17999999999999972,0.01642216867540207,5.280528052805266,1499349537.0000002
2025-02-28,9.03,8.71,9.36,8.67,20881592.0,188134593.0,-2.244668911335568,-0.1999999999999993,0.013927100709139044,7.744107744107738,1499349537.0000002
2025-03-03,8.71,9.07,9.24,8.58,30426696.0,276381934.0,4.133180252583224,0.35999999999999943,0.020293264011592514,7.577497129735937,1499349537.0000002
2025-03-04,9.03,9.39,9.47,8.99,30135485.0,281612585.0,3.528114663726578,0.3200000000000003,0.020099039120855776,5.292171995589861,1499349537.0000002
2025-03-05,9.4,9.41,9.54,9.14,18913328.0,177377580.0,0.21299254526090383,0.019999999999999574,0.012614355447658364,4.259850905218302,1499349537.0000002
2025-03-06,9.41,9.39,9.5,9.29,17866984.0,168357823.0,-0.2125398512221044,-0.019999999999999574,0.011916490157291453,2.2316684378321026,1499349537.0000002
2025-03-07,9.4,9.7,9.76,9.3,28595884.0,276449924.0,3.301384451544176,0.3099999999999987,0.019072193170657573,4.898828541001055,1499349537.0000002
2025-03-10,9.8,9.8,10.18,9.63,31261603.0,309558771.0,1.030927835051565,0.10000000000000142,0.020850110150132387,5.670103092783495,1499349537.0000002
2025-03-11,9.78,9.89,10.1,9.68,20982161.0,208227399.0,0.9183673469387754,0.08999999999999986,0.013994175795713736,4.285714285714285,1499349537.0000002
2025-03-12,9.93,9.92,10.08,9.86,31618452.0,317081475.0,0.30333670374114163,0.02999999999999936,0.021088112691363705,2.2244691607684595,1499349537.0000002
2025-03-13,9.93,9.76,9.96,9.64,22416485.0,219543656.0,-1.6129032258064502,-0.16000000000000014,0.01495080663102242,3.2258064516129057,1499349537.0000002
2025-03-14,9.79,9.81,9.86,9.58,20982655.0,205227727.0,0.5122950819672178,0.05000000000000071,0.013994505271921791,2.868852459016387,1499349537.0000002
2025-03-17,9.77,9.64,10.1,9.63,30847748.0,304269770.0,-1.732925586136591,-0.16999999999999993,0.020574087121620923,4.791029561671752,1499349537.0000002
2025-03-18,9.69,9.48,9.82,9.41,40723867.0,392989689.0,-1.6597510373444035,-0.16000000000000014,0.027161022826927377,4.2531120331950225,1499349537.0000002
2025-03-19,9.62,9.58,9.62,9.35,25311980.0,241847341.0,1.0548523206751037,0.09999999999999964,0.016881974066331403,2.84810126582278,1499349537.0000002
2025-03-20,9.6,9.53,9.67,9.4,19253500.0,184549532.0,-0.521920668058462,-0.05000000000000071,0.012841235165566331,2.8183716075156533,1499349537.0000002
2025-03-21,9.51,9.2,9.6,9.1,26376167.0,246792179.0,-3.46274921301154,-0.33000000000000007,0.017591739850585618,5.246589716684156,1499349537.0000002
2025-03-24,9.2,9.02,9.31,8.84,23183510.0,210781534.0,-1.9565217391304346,-0.17999999999999972,0.015462378470057844,5.10869565217392,1499349537.0000002
2025-03-25,9.23,9.16,9.42,9.0,35931817.0,333144829.0,1.55210643015522,0.14000000000000057,0.023964936869820767,4.656319290465631,1499349537.0000002
2025-03-26,9.14,9.11,9.43,9.09,23083500.0,214410999.0,-0.5458515283842891,-0.05000000000000071,0.015395676211823845,3.7117903930130987,1499349537.0000002
2025-03-27,9.07,9.05,9.2,8.94,14233200.0,129938984.0,-0.6586169045005308,-0.05999999999999872,0.009492916527308734,2.8540065861690427,1499349537.0000002
2025-03-28,9.05,8.83,9.14,8.79,15203607.0,136244096.0,-2.4309392265193464,-0.22000000000000064,0.01014013518850341,3.867403314917142,1499349537.0000002
2025-03-31,8.77,8.72,8.89,8.57,16260643.0,142617375.0,-1.245753114382775,-0.10999999999999943,0.010845126840684812,3.624009060022653,1499350191.0
2025-04-01,8.73,9.0,9.04,8.67,22927728.0,204769216.0,3.2110091743119185,0.27999999999999936,0.015291776489325835,4.243119266055037,1499350191.0
2025-04-02,9.0,9.04,9.27,8.94,23404050.0,215224797.0,0.4444444444444251,0.03999999999999915,0.01560946211264397,3.6666666666666674,1499350191.0
2025-04-03,8.99,9.01,9.07,8.85,15350565.0,138519060.0,-0.33185840707964376,-0.02999999999999936,0.01023814522594075,2.433628318584078,1499350191.0
2025-04-07,8.45,8.11,8.54,8.11,22788602.0,188253040.0,-9.98890122086571,-0.9000000000000004,0.015198983972761312,4.772475027746944,1499350354.0
2025-04-08,8.05,8.05,8.29,7.85,34211783.0,275773921.0,-0.7398273736128114,-0.05999999999999872,0.022817737634655604,5.425400739827368,1499350354.0
2025-04-09,7.9,8.58,8.72,7.39,40730774.0,337076284.0,6.5838509316770155,0.5299999999999994,0.027165614688613334,16.521739130434792,1499350354.0
2025-04-10,8.62,8.77,8.84,8.49,25791274.0,226607157.0,2.2144522144522005,0.1899999999999995,0.01720163264789545,4.079254079254075,1499350354.0
2025-04-11,8.69,8.79,9.01,8.65,20316440.0,180983490.0,0.22805017103761926,0.019999999999999574,0.013550161872306465,4.104903078677303,1499350354.0
2025-04-14,9.04,8.87,9.22,8.83,26350761.0,239224019.0,0.9101251422070522,0.08000000000000007,0.017574785592774134,4.436860068259393,1499350354.0
2025-04-15,8.84,8.69,8.87,8.41,27547302.0,238550591.0,-2.0293122886133053,-0.17999999999999972,0.01837282522160928,5.186020293122876,1499350354.0
2025-04-16,8.65,8.67,8.71,8.36,20762864.0,178056924.0,-0.23014959723820505,-0.019999999999999574,0.013847906824851425,4.027617951668601,1499350354.0
2025-04-17,8.64,8.6,8.74,8.6,11458056.0,100094725.0,-0.8073817762399127,-0.07000000000000028,0.0076420137357702585,1.6147635524798218,1499350354.0
2025-04-18,8.6,8.71,8.86,8.51,11621540.0,101520748.0,1.279069767441876,0.11000000000000121,0.007751050292545567,4.069767441860462,1499350354.0
2025-04-21,8.72,8.9,9.07,8.72,15269800.0,137181522.0,2.1814006888633664,0.1899999999999995,0.01018427745007222,4.018369690011476,1499350354.0
2025-04-22,8.85,8.94,9.02,8.7,15921000.0,142948063.0,0.44943820224718767,0.03999999999999915,0.010618598886861636,3.595505617977531,1499350354.0
2025-04-23,8.99,8.89,9.02,8.82,11228439.0,100467457.0,-0.5592841163310824,-0.049999999999998934,0.0074888694093708805,2.237136465324377,1499350354.0
2025-04-24,8.89,8.72,8.93,8.68,11659991.0,102837845.0,-1.9122609673790758,-0.16999999999999993,0.007776695399372947,2.8121484814398197,1499350354.0
2025-04-25,8.73,8.72,8.82,8.68,9595383.0,84560074.0,0.0,0.0,0.006399693690271407,1.6055045871559697,1499350354.0
2025-04-28,8.62,8.51,8.7,8.45,11418325.0,97887940.0,-2.40825688073395,-0.21000000000000085,0.007615514925873023,2.86697247706422,1499350354.0
2025-04-29,8.46,8.55,8.6,8.41,6211687.0,53273631.0,0.4700352526439522,0.040000000000000924,0.0041429189538177815,2.2326674500587487,1499350354.0
2025-04-30,8.55,8.43,8.8,8.38,16293152.0,140816614.0,-1.40350877192984,-0.120000000000001,0.010866807718778182,4.912280701754384,1499350354.0
2025-05-06,8.47,8.75,8.77,8.46,18185597.0,158971377.0,3.7959667852906387,0.3200000000000003,0.012128984364117475,3.677342823250281,1499350354.0
2025-05-07,8.82,8.83,9.09,8.71,31493207.0,281881392.0,0.9142857142857119,0.08000000000000007,0.02100456835587608,4.342857142857132,1499350354.0
2025-05-08,8.81,8.96,9.1,8.61,28562066.0,255302124.0,1.4722536806342168,0.13000000000000078,0.019049627676280923,5.549263873159685,1499350354.0
2025-05-09,8.9,8.57,8.98,8.54,26605839.0,231551476.0,-4.352678571428581,-0.39000000000000057,0.017744911273752897,4.9107142857143,1499350354.0
2025-05-12,8.64,8.93,9.12,8.57,48684555.0,436599675.0,4.200700116686118,0.35999999999999943,0.032470432857882925,6.417736289381551,1499350354.0
2025-05-13,9.01,8.63,9.04,8.56,38903048.0,339146953.0,-3.3594624860022293,-0.29999999999999893,0.02594660273778813,5.375139977603569,1499350354.0
2025-05-14,8.59,8.63,8.72,8.54,18085156.0,157277694.0,0.0,0.0,0.01206199468439916,2.085747392815776,1499350354.0
2025-05-15,8.61,8.47,8.63,8.38,22241148.0,189338573.0,-1.8539976825028948,-0.16000000000000014,0.014833856503694799,2.896871378910776,1499350354.0
2025-05-16,8.41,8.38,8.59,8.38,15020526.0,127868682.0,-1.0625737898465104,-0.08999999999999986,0.010018022778950836,2.4793388429751957,1499350354.0
2025-05-19,8.37,8.4,8.48,8.16,14951496.0,125117590.0,0.23866348448686736,0.019999999999999574,0.009971982839175693,3.818615751789979,1499350354.0
2025-05-20,8.4,8.46,8.63,8.36,15921378.0,136089158.0,0.7142857142857117,0.0600000000000005,0.010618850996049454,3.21428571428573,1499350354.0
2025-05-21,8.46,8.47,8.53,8.34,12891644.0,109150698.0,0.11820330969267712,0.009999999999999787,0.008598153170543087,2.24586288416075,1499350354.0
2025-05-22,8.46,8.46,8.6,8.37,15404547.0,131577947.0,-0.11806375442738881,-0.009999999999999787,0.01027414770597373,2.715466351829993,1499350354.0
2025-05-23,8.4,8.4,8.63,8.39,19147800.0,163928520.0,-0.7092198581560294,-0.0600000000000005,0.01277073096952762,2.836879432624116,1499350354.0
2025-05-26,8.38,8.49,8.59,8.36,15682866.0,134105325.0,1.0714285714285676,0.08999999999999986,0.010459774100270096,2.738095238095243,1499350354.0
2025-05-27,8.48,8.33,8.49,8.24,14756266.0,123466609.0,-1.8845700824499434,-0.16000000000000014,0.0098417731123569,2.9446407538280326,1499350354.0
2025-05-28,8.33,8.52,8.66,8.32,26114985.0,223857139.0,2.280912364945964,0.1899999999999995,0.017417533487306597,4.081632653061223,1499350354.0
2025-05-29,8.6,8.72,8.79,8.5,27201313.0,237348566.0,2.3474178403755985,0.20000000000000107,0.0181420560492949,3.4037558685445912,1499351172.0
2025-05-30,8.69,8.57,8.69,8.55,13697480.0,118463957.0,-1.7201834862385357,-0.15000000000000036,0.009135604957528923,1.6055045871559492,1499351172.0
2025-06-03,8.61,8.64,8.69,8.56,19036259.0,165146198.0,0.8168028004667427,0.07000000000000028,0.012696331156767856,1.5169194865810853,1499351172.0
2025-06-04,8.64,8.65,8.7,8.57,23389179.0,202952701.0,0.11574074074074403,0.009999999999999787,0.015599533609461839,1.504629629629618,1499351172.0
2025-06-05,8.65,8.73,8.75,8.61,26977517.0,235882392.0,0.9248554913294793,0.08000000000000007,0.017992786292179572,1.6184971098265961,1499351827.0
2025-06-06,8.77,8.96,9.04,8.66,35665306.0,319001367.0,2.6345933562428536,0.23000000000000043,0.023787149458684057,4.352806414662074,1499351827.0
2025-06-09,8.86,9.12,9.17,8.76,34662961.0,313024499.0,1.7857142857142572,0.15999999999999837,0.02311863058142657,4.5758928571428585,1499351827.0
2025-06-10,9.15,9.06,9.26,8.95,25625316.0,234325380.0,-0.6578947368420907,-0.05999999999999872,0.01709092925259096,3.3991228070175494,1499351827.0
2025-06-11,9.08,9.39,9.49,9.08,41181752.0,388501963.0,3.6423841059602724,0.33000000000000007,0.027466369972949652,4.525386313465785,1499351827.0
2025-06-12,9.49,9.46,9.58,9.35,29928133.0,285530098.0,0.7454739084132189,0.07000000000000028,0.01996071399724916,2.449414270500537,1499351827.0
2025-06-13,9.44,9.31,9.52,9.24,34343244.0,323185322.0,-1.5856236786469413,-0.15000000000000036,0.02290539377186486,2.959830866807604,1499351827.0
2025-06-16,9.31,9.21,9.45,9.13,24042621.0,224078800.0,-1.0741138560687369,-0.09999999999999964,0.01603534311763639,3.4371643394199625,1499351827.0
2025-06-17,9.17,9.18,9.26,9.13,11870000.0,109630091.0,-0.32573289902281255,-0.030000000000001137,0.00791675428424979,1.4115092290987947,1499351827.0
2025-06-18,9.18,9.13,9.28,9.06,13521700.0,124322742.0,-0.5446623093681824,-0.049999999999998934,0.009018363639877033,2.3965141612200314,1499351827.0
2025-06-19,9.14,8.9,9.23,8.86,16756759.0,151678118.0,-2.5191675794085433,-0.23000000000000043,0.011176001988491257,4.052573932092015,1499351827.0
2025-06-20,8.87,8.85,8.95,8.8,11721191.0,104539564.0,-0.5617977528090012,-0.05000000000000071,0.007817505397283916,1.6853932584269502,1499351827.0
2025-06-23,8.8,8.89,8.99,8.8,14592255.0,131007411.0,0.4519774011299438,0.040000000000000924,0.009732375508687061,2.146892655367226,1499351827.0
2025-06-24,8.94,9.32,9.37,8.9,24469574.0,226412345.0,4.836895388076479,0.4299999999999997,0.016320101499432794,5.286839145106848,1499351827.0
2025-06-25,9.36,9.58,9.62,9.3,28390651.0,272153913.0,2.7896995708154515,0.2599999999999998,0.018935282892745625,3.4334763948497695,1499351827.0
2025-06-26,9.6,9.45,9.69,9.43,21959548.0,211348132.0,-1.3569937369519947,-0.13000000000000078,0.01464602743969578,2.7139874739039644,1499351827.0
2025-06-27,9.51,9.47,9.59,9.42,16265400.0,155633419.0,0.2116402116402183,0.02000000000000135,0.010848287711460534,1.7989417989417982,1499351827.0
2025-06-30,9.59,9.67,9.93,9.44,39635099.0,386630568.0,2.11193241816261,0.1999999999999993,0.02643482222535085,5.174234424498418,1499351827.0
2025-07-01,9.76,9.66,9.77,9.53,19753400.0,191006420.0,-0.10341261633919352,-0.009999999999999787,0.01317462629136477,2.4819027921406436,1499351827.0
2025-07-02,9.64,9.48,9.67,9.38,28588800.0,273127427.0,-1.8633540372670732,-0.17999999999999972,0.01906743933290315,3.002070393374732,1499351827.0
2025-07-03,9.48,9.31,9.51,9.24,36775435.0,344331441.0,-1.793248945147674,-0.16999999999999993,0.02452755539944395,2.84810126582278,1499351827.0
2025-07-04,9.31,9.22,9.36,9.07,34225390.0,316994664.0,-0.9667024704618665,-0.08999999999999986,0.02282679047284077,3.114930182599346,1499351827.0
2025-07-07,9.22,9.14,9.31,9.1,19851799.0,183242107.0,-0.8676789587852451,-0.08000000000000007,0.013240253983430135,2.277657266811289,1499351827.0
2025-07-08,9.12,9.17,9.21,9.12,30004730.0,276932070.0,0.3282275711159688,0.02999999999999936,0.020011800739280387,0.984682713347939,1499351827.0
2025-07-09,9.2,8.92,9.24,8.89,57077695.0,519446351.0,-2.726281352235549,-0.25,0.03806824653970959,3.816793893129767,1499351827.0
2025-07-10,8.95,8.75,8.98,8.55,60407957.0,529135526.0,-1.905829596412556,-0.16999999999999993,0.040289380992630755,4.82062780269058,1499351827.0
2025-07-11,8.92,8.88,8.98,8.69,60798366.0,540522043.0,1.4857142857142902,0.13000000000000078,0.040549766175727614,3.314285714285725,1499351827.0
2025-07-14,8.92,8.8,8.97,8.77,49951337.0,444501232.0,-0.9009009009009028,-0.08000000000000007,0.03331528737984457,2.252252252252264,1499351827.0
2025-07-15,8.81,8.86,9.02,8.76,53580209.0,478057962.0,0.6818181818181612,0.05999999999999872,0.035735581225926634,2.954545454545452,1499351827.0
2025-07-16,8.89,8.75,8.93,8.71,42373805.0,374746947.0,-1.241534988713311,-0.10999999999999943,0.028261415524323097,2.483069977426624,1499351827.0
2025-07-17,8.74,8.92,8.94,8.69,50025609.0,445721299.0,1.942857142857135,0.16999999999999993,0.03336482345180749,2.857142857142857,1499351827.0
2025-07-18,8.92,8.99,9.02,8.89,41816717.0,377407490.0,0.7847533632286963,0.07000000000000028,0.02788986297076757,1.4573991031390023,1499351827.0
2025-07-21,9.02,9.08,9.1,8.99,39769249.0,362530102.0,1.0011123470522687,0.08999999999999986,0.026524294220905364,1.2235817575083363,1499351827.0
2025-07-22,9.07,8.99,9.07,8.91,39786492.0,359556879.0,-0.9911894273127775,-0.08999999999999986,0.026535794523695873,1.7621145374449354,1499351827.0
2025-07-23,8.95,8.79,8.95,8.76,46867488.0,416024974.0,-2.2246941045606317,-0.20000000000000107,0.03072300756887272,2.1134593993325863,1525485026.0
2025-07-24,8.75,8.91,8.94,8.73,49616815.0,442181286.0,1.3651877133106005,0.120000000000001,0.03252527173609897,2.389078498293505,1525485026.0
2025-07-25,8.94,9.1,9.24,8.77,85689586.0,777381823.0,2.1324354657688005,0.1899999999999995,0.05617202695505187,5.274971941638616,1525485026.0
2025-07-28,9.1,9.21,9.37,8.98,79402862.0,738829804.0,1.2087912087912267,0.11000000000000121,0.05205089571295471,4.285714285714272,1525485026.0
2025-07-29,9.21,9.12,9.23,9.02,43602982.0,398630189.0,-0.9771986970684265,-0.09000000000000163,0.028583028516728292,2.280130293159618,1525485026.0
2025-07-30,9.1,8.93,9.1,8.84,47737564.0,430938061.0,-2.083333333333326,-0.1899999999999995,0.03129336780523731,2.8508771929824537,1525485026.0
2025-07-31,8.86,8.81,8.99,8.78,34151311.0,304124179.0,-1.3437849944008873,-0.11999999999999922,0.022387182055499246,2.3516237402015774,1525485026.0
2025-08-01,8.79,8.84,8.9,8.75,25857396.0,229846594.0,0.34052213393869213,0.02999999999999936,0.016950278474906513,1.702610669693534,1525485026.0
2025-08-04,8.77,9.02,9.02,8.76,35896788.0,322612477.0,2.036199095022617,0.17999999999999972,0.02278149421761493,2.941176470588233,1575699454.0
2025-08-05,9.03,9.07,9.18,9.01,54864444.0,501485145.0,0.5543237250554389,0.05000000000000071,0.03452914579287114,1.8847006651884695,1588931401.0
2025-08-06,9.05,9.25,9.27,9.03,64214267.0,593422802.0,1.9845644983461863,0.17999999999999972,0.04041349233804965,2.6460859977949305,1588931401.0
2025-08-07,9.28,9.18,9.32,9.09,41163179.0,380453551.0,-0.7567567567567601,-0.07000000000000028,0.02571022530250961,2.486486486486491,1601043107.0
2025-08-08,9.14,9.22,9.28,9.04,39094030.0,361120596.0,0.43572984749455923,0.040000000000000924,0.0242927684357008,2.614379084967323,1609286735.0
2025-08-11,9.27,9.27,9.39,9.24,44942469.0,420955303.0,0.5422993492407713,0.049999999999998934,0.027926949264265203,1.6268980477223465,1609286735.0
2025-08-12,9.27,9.19,9.29,9.11,33916902.0,313094562.0,-0.8629989212513456,-0.08000000000000007,0.02107573576687687,1.9417475728155311,1609286735.0
2025-08-13,9.17,9.63,9.64,9.17,80564663.0,768098193.0,4.787812840043548,0.4400000000000013,0.04992414491275359,5.114254624591955,1613741470.0
2025-08-14,9.84,9.71,10.04,9.66,112264421.0,1112035943.0,0.8307372793354029,0.08000000000000007,0.06956778584862171,3.946002076843188,1613741470.0
2025-08-15,9.66,10.19,10.19,9.66,98264212.0,990109782.0,4.943357363542722,0.47999999999999865,0.060892165087633274,5.458290422245101,1613741470.0
2025-08-18,10.32,10.07,10.39,10.02,109011571.0,1115776855.0,-1.177625122669279,-0.11999999999999922,0.06755206644097707,3.6310107948969677,1613741470.0
2025-08-19,10.03,9.92,10.07,9.84,61552039.0,615242169.0,-1.4895729890764708,-0.15000000000000036,0.038142441118526875,2.284011916583917,1613741470.0
2025-08-20,9.95,9.94,10.04,9.77,61072302.0,607991443.0,0.20161290322580072,0.019999999999999574,0.0378451586795994,2.721774193548383,1613741470.0
2025-08-21,9.94,9.79,9.95,9.72,49451594.0,489128589.0,-1.5090543259557387,-0.15000000000000036,0.030644062211526362,2.3138832997987793,1613741470.0
2025-08-22,9.83,9.83,9.91,9.74,46890100.0,462643140.0,0.40858018386109585,0.040000000000000924,0.02905676087012872,1.7364657814096012,1613741470.0
2025-08-25,9.85,10.2,10.27,9.85,99329275.0,1009017820.0,3.7639877924720233,0.3699999999999992,0.06155216114016082,4.272634791454729,1613741470.0
2025-08-26,10.04,9.89,10.13,9.86,75348855.0,752257358.0,-3.039215686274499,-0.3099999999999987,0.0466920237229821,2.6470588235294255,1613741470.0
2025-08-27,9.89,9.78,10.08,9.73,70709248.0,705024409.0,-1.1122345803842415,-0.11000000000000121,0.04381696158555063,3.538928210313444,1613741470.0
2025-08-28,9.79,9.83,10.0,9.52,63014890.0,620590648.0,0.5112474437627856,0.05000000000000071,0.039048937621959975,4.907975460122705,1613741470.0
2025-08-29,9.84,9.73,9.85,9.64,57334782.0,560073307.0,-1.0172939979654072,-0.09999999999999964,0.03552909996171816,2.136317395727356,1613741470.0
2025-09-01,9.82,9.88,9.99,9.75,59144703.0,586931102.0,1.541623843782114,0.15000000000000036,0.036650668089976024,2.4665981500513894,1613741470.0
2025-09-02,9.89,9.48,9.93,9.37,64743879.0,623490049.0,-4.048582995951422,-0.40000000000000036,0.04012035397466733,5.6680161943319884,1613741470.0
2025-09-03,9.5,9.25,9.57,9.2,40937497.0,385372896.0,-2.426160337552752,-0.23000000000000043,0.025368064067907977,3.902953586497901,1613741470.0
2025-09-04,9.21,9.11,9.63,9.0,55339632.0,519364233.0,-1.5135135135135203,-0.14000000000000057,0.03429274950714379,6.810810810810819,1613741470.0
2025-09-05,9.12,9.37,9.41,9.09,42448928.0,395642682.0,2.8540065861690334,0.2599999999999998,0.026304664525972677,3.5126234906695974,1613741470.0
2025-09-08,9.5,9.7,9.84,9.45,62066897.0,604215134.0,3.521878335112061,0.33000000000000007,0.03846148726660659,4.162219850586986,1613741470.0
2025-09-09,9.66,9.59,9.91,9.54,50881972.0,496544784.0,-1.134020618556697,-0.10999999999999943,0.03153043591300904,3.8144329896907325,1613741470.0
2025-09-10,9.59,9.39,9.68,9.34,41113847.0,391055638.0,-2.085505735140769,-0.1999999999999993,0.025477344273739214,3.54535974973931,1613741470.0
2025-09-11,9.38,9.62,9.63,9.26,38856277.0,370226427.0,2.449414270500516,0.22999999999999865,0.024078377932494975,3.940362087326954,1613741470.0
2025-09-12,9.62,9.76,9.9,9.59,51380803.0,504370022.0,1.455301455301461,0.14000000000000057,0.031839550482643295,3.222453222453228,1613741470.0
2025-09-15,9.76,9.56,9.8,9.54,37347405.0,363681629.0,-2.049180327868849,-0.1999999999999993,0.023143363230294874,2.6639344262295244,1613741470.0
2025-09-16,9.58,9.46,9.66,9.26,51261721.0,484934915.0,-1.0460251046025104,-0.09999999999999964,0.03176575799344117,4.184100418410045,1613741470.0
2025-09-17,9.42,9.64,9.65,9.36,41154485.0,394514217.0,1.9027484143763207,0.17999999999999972,0.025502526746121235,3.0655391120507494,1613741470.0
2025-09-18,9.59,9.4,9.83,9.29,67515732.0,648878629.0,-2.4896265560165998,-0.2400000000000002,0.04183801014917216,5.601659751037354,1613741470.0
2025-09-19,9.43,9.31,9.51,9.26,34704604.0,328085721.0,-0.9574468085106314,-0.08999999999999986,0.021505677734116855,2.6595744680851063,1613741470.0
2025-09-22,9.35,9.46,9.47,9.26,32130609.0,303624721.0,1.6111707841031109,0.15000000000000036,0.01991062979871243,2.25563909774437,1613741470.0
2025-09-23,9.42,9.23,9.5,9.05,44893262.0,416489158.0,-2.4312896405919715,-0.23000000000000043,0.027819364399180993,4.7568710359407955,1613741470.0
2025-09-24,9.19,9.47,9.51,9.11,38808441.0,365662391.0,2.600216684723722,0.2400000000000002,0.024048735018255434,4.3336944745395485,1613741470.0
2025-09-25,9.63,9.52,9.75,9.5,45950490.0,444455102.0,0.5279831045406524,0.049999999999998934,0.028474505274999222,2.6399155227032733,1613741470.0
2025-09-26,9.54,9.32,9.6,9.32,33093633.0,314048991.0,-2.1008403361344463,-0.1999999999999993,0.020507394533276758,2.941176470588229,1613741470.0
2025-09-29,9.39,9.45,9.52,9.3,34373561.0,326011627.0,1.3948497854077146,0.129999999999999,0.021300537687737552,2.360515021459215,1613741470.0
2025-09-30,9.48,9.61,9.67,9.45,39132500.0,378273652.0,1.693121693121702,0.16000000000000014,0.024249547233857725,2.328042328042335,1613741470.0
2025-10-09,9.79,10.0,10.03,9.69,99787852.0,993909573.0,4.058272632674309,0.39000000000000057,0.06183633119374444,3.537981269510925,1613741470.0
2025-10-10,10.04,9.94,10.04,9.8,70888501.0,707778074.0,-0.6000000000000005,-0.0600000000000005,0.04392804071645999,2.3999999999999844,1613741470.0
2025-10-13,9.59,10.23,10.26,9.59,99466744.0,1000850928.0,2.917505030181089,0.2900000000000009,0.061637347647761694,6.740442655935613,1613741470.0
2025-10-14,11.25,11.25,11.25,11.25,38952391.0,440941066.0,9.97067448680351,1.0199999999999996,0.024137937658626322,0.0,1613741470.0
2025-10-15,11.97,11.49,12.22,11.31,332448518.0,3914713764.0,2.1333333333333426,0.2400000000000002,0.20601101488703763,8.08888888888889,1613741470.0
2025-10-16,11.48,12.64,12.64,11.29,345829355.0,4276708488.0,10.008703220191473,1.1500000000000004,0.21430282447906604,11.74934725848565,1613741470.0
2025-10-17,12.27,11.84,12.32,11.5,272002802.0,3257060214.0,-6.329113924050633,-0.8000000000000007,0.16855413773310293,6.4873417721519,1613741470.0
2025-10-20,12.22,12.56,13.02,11.71,327751284.0,4071694464.0,6.081081081081097,0.7200000000000006,0.20310024256859432,11.064189189189179,1613741470.0
2025-10-21,12.51,12.7,13.22,12.32,294464919.0,3800330048.0,1.1146496815286566,0.1399999999999988,0.18247341626536995,7.1656050955414035,1613741470.0
2025-10-22,12.25,12.76,13.34,11.83,317443085.0,4010171546.0,0.47244094488190225,0.0600000000000005,0.19671247898215072,11.889763779527557,1613741470.0
2025-10-23,12.44,11.96,12.98,11.9,204276964.0,2506080322.0,-6.2695924764890165,-0.7999999999999989,0.126585929529344,8.46394984326019,1613741470.0
2025-10-24,12.14,12.39,12.77,11.7,240866457.0,2952044268.0,3.5953177257525004,0.4299999999999997,0.14925963140799747,8.946488294314383,1613741470.0
2025-10-27,12.52,12.77,13.1,12.52,294532583.0,3808449979.0,3.0669895076674614,0.379999999999999,0.18251534615392886,4.681194511702986,1613741470.0
2025-10-28,12.9,13.63,14.05,12.72,430163937.0,5877231094.0,6.734534064213005,0.8600000000000012,0.26656310505548325,10.415035238841035,1613741470.0
2025-10-29,13.52,13.92,14.22,13.19,370126118.0,5086252398.0,2.127659574468077,0.28999999999999915,0.22935899267681334,7.556859867938378,1613741470.0
2025-10-30,13.66,13.27,13.66,13.24,227736645.0,3079793360.0,-4.669540229885061,-0.6500000000000004,0.14112337647244078,3.0172413793103443,1613741470.0
2025-10-31,13.26,13.25,13.56,12.96,145437970.0,1942582344.0,-0.15071590052749828,-0.019999999999999574,0.09012470256465555,4.521477015825167,1613741470.0
2025-11-03,13.4,12.83,13.55,12.62,146588062.0,1919402735.0,-3.169811320754712,-0.41999999999999993,0.09083738921327962,7.018867924528313,1613741470.0
2025-11-04,12.61,12.85,13.12,12.39,144645453.0,1855138786.0,0.1558846453624252,0.019999999999999574,0.08963359725768218,5.68978955572875,1613741470.0
2025-11-05,12.48,12.49,12.67,12.32,112053525.0,1409984911.0,-2.801556420233464,-0.35999999999999943,0.06943709824845735,2.7237354085603087,1613741470.0
2025-11-06,12.32,12.63,12.76,12.27,120237009.0,1518791265.0,1.1208967173738982,0.14000000000000057,0.07450822280721335,3.9231385108086485,1613741470.0
2025-11-07,12.53,12.14,12.54,12.1,130993864.0,1613071908.0,-3.879651623119562,-0.4900000000000002,0.08117400862233527,3.4837688044338835,1613741470.0
2025-11-10,12.18,12.39,12.5,12.13,97157147.0,1202970055.0,2.0593080724876422,0.25,0.06020614132200494,3.0477759472817065,1613741470.0
2025-11-11,12.32,12.87,13.05,12.19,163191077.0,2091669738.0,3.874092009685226,0.47999999999999865,0.10112591145098353,6.941081517352714,1613741470.0
2025-11-12,12.62,12.3,12.67,12.22,99721989.0,1244380145.0,-4.428904428904412,-0.5699999999999985,0.06179551734516682,3.4965034965034913,1613741470.0
2025-11-13,12.22,12.3,12.47,12.16,74285552.0,921564296.0,0.0,0.0,0.04603311830364005,2.5203252032520362,1613741470.0
2025-11-14,12.17,11.76,12.18,11.76,98646222.0,1186579832.0,-4.390243902439028,-0.5400000000000009,0.061128888259902,3.414634146341463,1613741470.0
2025-11-17,11.67,11.76,11.89,11.62,50065574.0,593530239.0,0.0,0.0,0.031024532076999917,2.2959183673469505,1613741470.0
2025-11-18,11.73,11.55,11.77,11.39,67365340.0,781261663.0,-1.7857142857142794,-0.20999999999999908,0.04174481554347116,3.2312925170067945,1613741470.0
2025-11-19,11.54,11.39,11.65,11.34,50372124.0,580051733.0,-1.3852813852813894,-0.16000000000000014,0.03121449435144032,2.683982683982688,1613741470.0
2025-11-20,11.5,11.3,11.57,11.26,43446194.0,498922763.0,-0.7901668129938533,-0.08999999999999986,0.02692264827277445,2.721685689201058,1613741470.0
2025-11-21,11.12,10.72,11.18,10.68,75114001.0,820466733.0,-5.13274336283186,-0.5800000000000001,0.046546489878580115,4.424778761061947,1613741470.0
2025-11-24,10.73,10.97,11.03,10.72,50164204.0,550243747.0,2.332089552238803,0.25,0.031085650912844175,2.8917910447761073,1613741470.0
2025-11-25,11.13,11.14,11.29,11.03,53466642.0,602076746.0,1.5496809480401108,0.16999999999999993,0.03313209891049029,2.3701002734731063,1613741470.0
2025-11-26,11.16,11.32,11.54,11.16,83652409.0,959282689.0,1.6157989228007263,0.17999999999999972,0.05183755301275117,3.411131059245951,1613741470.0
2025-11-27,11.29,11.28,11.47,11.24,59069861.0,675477402.0,-0.35335689045937757,-0.040000000000000924,0.036604290153118516,2.0318021201413465,1613741470.0
2025-11-28,11.25,11.49,11.53,11.13,52845377.0,605661433.0,1.8617021276595924,0.21000000000000085,0.03274711469117789,3.5460992907801296,1613741470.0
2025-12-01,11.66,11.65,11.81,11.51,67756984.0,794428733.0,1.3925152306353272,0.16000000000000014,0.04198750869307461,2.610966057441259,1613741470.0
2025-12-02,11.54,11.46,11.62,11.39,45844370.0,528538182.0,-1.6309012875536433,-0.1899999999999995,0.028408745051337128,1.974248927038615,1613741470.0
2025-12-03,11.56,11.7,11.95,11.44,97707025.0,1151193519.0,2.094240837696315,0.23999999999999844,0.06054688859176433,4.45026178010471,1613741470.0
2025-12-04,11.7,11.47,11.75,11.43,50699801.0,587139918.0,-1.9658119658119588,-0.22999999999999865,0.03141754856185235,2.7350427350427373,1613741470.0
2025-12-05,11.51,11.94,11.99,11.41,93798198.0,1115256627.0,4.097646033129898,0.46999999999999886,0.05812467470393507,5.056669572798605,1613741470.0
2025-12-08,12.1,12.01,12.24,11.97,92339254.0,1124704756.0,0.5862646566164198,0.07000000000000028,0.05722059928223819,2.2613065326633133,1613741470.0
2025-12-09,11.92,11.77,11.96,11.66,70133353.0,831845648.0,-1.9983347210657754,-0.2400000000000002,0.04346009215466217,2.497918401332229,1613741470.0
2025-12-10,11.79,11.8,11.87,11.64,50760221.0,600175337.0,0.2548853016142827,0.030000000000001137,0.03145498950336822,1.9541206457094193,1613741470.0
2025-12-11,11.83,11.78,12.0,11.77,58960519.0,703871490.0,-0.16949152542373724,-0.02000000000000135,0.03653653332711342,1.949152542372885,1613741470.0
2025-12-12,11.81,12.12,12.2,11.8,91649168.0,1110725660.0,2.8862478777589073,0.33999999999999986,0.05679296820698299,3.3955857385398867,1613741470.0
2025-12-15,12.18,12.28,12.49,12.13,111637117.0,1384716698.0,1.320132013201314,0.16000000000000014,0.06917905939419156,2.970297029702966,1613741470.0
2025-12-16,12.32,11.73,12.32,11.6,81634713.0,969314024.0,-4.478827361563509,-0.5499999999999989,0.05058723129919937,5.863192182410429,1613741470.0
2025-12-17,11.65,11.89,11.94,11.38,73605604.0,863503379.0,1.364023870417741,0.16000000000000014,0.04561176952340452,4.774083546462052,1613741470.0
2025-12-18,11.76,11.85,12.12,11.72,55784537.0,670711256.0,-0.3364171572750263,-0.040000000000000924,0.0345684473238455,3.3641715727501986,1613741470.0
2025-12-19,11.96,12.06,12.35,11.94,65033522.0,793923918.0,1.7721518987341867,0.21000000000000085,0.04029983935406952,3.4599156118143473,1613741470.0
2025-12-22,12.23,12.11,12.27,12.06,59871995.0,731402658.0,0.4145936981757803,0.049999999999998934,0.037101354902901514,1.741293532338301,1613741470.0
2025-12-23,12.1,12.2,12.42,11.99,85441846.0,1053365259.0,0.7431874483897705,0.08999999999999986,0.05294642765795689,3.550784475639965,1613741470.0
2025-12-24,12.28,12.41,12.51,12.07,94881825.0,1179989190.0,1.7213114754098369,0.21000000000000085,0.05879617445785786,3.6065573770491763,1613741470.0
2025-12-25,12.42,12.92,12.99,12.35,144396636.0,1859957572.0,4.109589041095885,0.5099999999999998,0.08947941085011592,5.157131345688965,1613741470.0
2025-12-26,13.0,12.91,13.19,12.58,138341786.0,1786803878.0,-0.07739938080495445,-0.009999999999999787,0.08572735383691912,4.721362229102163,1613741470.0
2025-12-29,13.07,13.15,13.37,12.92,139992939.0,1853024531.0,1.8590240123934842,0.2400000000000002,0.08675053693699772,3.4856700232377946,1613741470.0
2025-12-30,13.02,13.3,13.41,12.86,131177290.0,1743279101.0,1.1406844106463865,0.15000000000000036,0.08128767366931458,4.182509505703427,1613741470.0
2025-12-31,13.31,13.18,13.88,13.12,144260078.0,1941695219.0,-0.9022556390977488,-0.120000000000001,0.08939478886912412,5.714285714285726,1613741470.0
2026-01-05,13.3,13.0,13.37,12.92,122685310.0,1610224912.0,-1.365705614567525,-0.17999999999999972,0.07602538094283466,3.4142640364188113,1613741470.0
2026-01-06,13.06,13.1,13.13,12.8,111656706.0,1458057723.0,0.7692307692307665,0.09999999999999964,0.06919119826548177,2.538461538461539,1613741470.0
2026-01-07,13.07,13.29,13.59,12.9,140083325.0,1862948167.0,1.450381679389312,0.1899999999999995,0.08680654714785262,5.26717557251908,1613741470.0
2026-01-08,13.18,13.94,13.98,13.12,180699107.0,2496647818.0,4.890895410082763,0.6500000000000004,0.11197525152526445,6.471030850263365,1613741470.0
2026-01-09,13.97,14.13,14.65,13.89,183528613.0,2630602784.0,1.3629842180774787,0.19000000000000128,0.11372863399240772,5.451936872309898,1613741470.0
2026-01-12,14.41,15.54,15.54,14.41,223906241.0,3386053655.0,9.97876857749469,1.4099999999999984,0.13874975958819474,7.9971691436659516,1613741470.0
2026-01-13,15.8,14.24,15.8,14.04,237887083.0,3487370427.0,-8.365508365508356,-1.299999999999999,0.14741337904639706,11.325611325611336,1613741470.0
2026-01-14,14.23,14.25,14.91,13.95,186595422.0,2707620830.0,0.0702247191011196,0.009999999999999787,0.11562906789524346,6.741573033707871,1613741470.0
2026-01-15,14.01,13.8,14.1,13.6,110858389.0,1543070139.0,-3.157894736842104,-0.4499999999999993,0.06869649882641982,3.508771929824561,1613741470.0
2026-01-16,13.94,14.33,14.55,13.91,123029371.0,1758866470.0,3.8405797101449313,0.5299999999999994,0.07623858795671899,4.6376811594202945,1613741470.0
2026-01-19,14.39,14.52,14.68,14.11,104780858.0,1519266125.0,1.3258897418004123,0.1899999999999995,0.06493038689772285,3.977669225401258,1613741470.0
2026-01-20,14.46,13.9,14.59,13.83,96564502.0,1367071517.0,-4.269972451790627,-0.6199999999999992,0.059838892285515845,5.234159779614324,1613741470.0
2026-01-21,13.87,14.02,14.26,13.79,63700942.0,899409793.0,0.8633093525179714,0.11999999999999922,0.03947406891637977,3.3812949640287817,1613741470.0
2026-01-22,14.05,14.31,14.41,13.96,83243550.0,1192775934.0,2.0684736091298284,0.2900000000000009,0.05158419210730204,3.209700427960052,1613741470.0
2026-01-23,14.31,14.76,14.81,14.17,110154771.0,1619756534.0,3.1446540880503138,0.4499999999999993,0.0682604822691952,4.472396925227118,1613741470.0
2026-01-26,14.86,14.43,15.0,14.31,120106974.0,1770102238.0,-2.2357723577235755,-0.33000000000000007,0.07442764298546532,4.674796747967477,1613741470.0
2026-01-27,14.23,14.19,14.41,13.62,97491072.0,1373233162.0,-1.6632016632016633,-0.2400000000000002,0.060413067280225496,5.474705474705481,1613741470.0
2026-01-28,14.15,14.34,14.56,14.02,100995188.0,1454573601.0,1.0570824524313016,0.15000000000000036,0.06258449068672692,3.805496828752649,1613741470.0
2026-01-29,14.35,13.62,14.35,13.61,112707266.0,1574655499.0,-5.020920502092052,-0.7200000000000006,0.06984220712875402,5.160390516039053,1613741470.0
2026-01-30,13.44,13.12,13.48,12.77,96766495.0,1273581960.0,-3.6710719530102742,-0.5,0.05996406289292423,5.2129221732746025,1613741470.0
2026-02-02,12.92,12.5,13.09,12.5,66544667.0,857301640.0,-4.72560975609756,-0.6199999999999992,0.041236262584241574,4.496951219512194,1613741470.0
2026-02-03,12.72,12.95,12.97,12.61,54277096.0,699928720.0,3.600000000000003,0.4499999999999993,0.033634319380786565,2.8800000000000097,1613741470.0
2026-02-04,12.97,12.91,13.09,12.76,43411630.0,563544887.0,-0.3088803088802994,-0.03999999999999915,0.026901229724238293,2.548262548262549,1613741470.0
2026-02-05,12.76,12.53,12.86,12.47,44114649.0,559796091.0,-2.9434546862897037,-0.3800000000000008,0.02733687509437308,3.0209140201394176,1613741470.0
2026-02-06,12.38,12.43,12.65,12.27,34971532.0,440631086.0,-0.7980845969672745,-0.09999999999999964,0.02167108712896868,3.032721468475665,1613741470.0
2026-02-09,12.66,12.78,12.8,12.62,37840280.0,484939035.0,2.8157683024939706,0.34999999999999964,0.023448786998080926,1.4481094127111946,1613741470.0
2026-02-10,12.82,12.74,12.89,12.67,34355180.0,441651673.0,-0.312989045383405,-0.03999999999999915,0.021289147387406483,1.7214397496087688,1613741470.0
2026-02-11,12.72,12.83,12.97,12.7,43632670.0,565878769.0,0.706436420722123,0.08999999999999986,0.027038203337489988,2.1193092621664156,1613741470.0
2026-02-12,12.77,12.89,13.02,12.75,48922050.0,635389369.0,0.4676539360872978,0.0600000000000005,0.03031591547312718,2.104442712392826,1613741470.0
2026-02-13,12.82,12.63,12.95,12.62,41411173.0,532773207.0,-2.0170674941815347,-0.2599999999999998,0.02566159063880288,2.5601241272304116,1613741470.0
2026-02-24,12.88,13.0,13.07,12.8,45478851.0,594011187.0,2.9295328582739533,0.3699999999999992,0.028182240988080948,2.1377672209026093,1613741470.0
2026-02-25,13.02,13.28,13.32,12.92,56415321.0,748758397.0,2.1538461538461506,0.27999999999999936,0.0349593302575288,3.0769230769230793,1613741470.0
2026-02-26,13.35,13.43,13.52,13.19,57881444.0,779664631.0,1.1295180722891596,0.15000000000000036,0.035867854347202216,2.4849397590361453,1613741470.0
2026-02-27,13.37,13.65,13.71,13.29,58700792.0,801498905.0,1.6381236038719438,0.22000000000000064,0.03637558623315295,3.1273268801191487,1613741470.0
2026-03-02,13.5,13.62,13.79,13.42,68356738.0,935417365.0,-0.2197802197802301,-0.030000000000001137,0.042359163020084,2.710622710622705,1613741470.0
2026-03-03,13.61,12.77,13.65,12.74,79890401.0,1051220834.0,-6.240822320117467,-0.8499999999999996,0.04950631962132076,6.6813509544787095,1613741470.0
2026-03-04,12.57,12.77,13.04,12.5,43356254.0,559876410.0,0.0,0.0,0.0268669144382836,4.228660924040714,1613741470.0
2026-03-05,13.02,12.89,13.19,12.77,43765956.0,573062508.0,0.9397024275646038,0.120000000000001,0.02712079773224146,3.2889584964761154,1613741470.0
2026-03-06,12.77,12.73,12.95,12.66,37687389.0,485224791.0,-1.241272304111718,-0.16000000000000014,0.023354043817192107,2.249806051202476,1613741470.0
2026-03-09,12.61,12.22,12.61,11.9,64844673.0,790395209.0,-4.006284367635504,-0.5099999999999998,0.040182813793587395,5.577376276512169,1613741470.0
2026-03-10,12.41,12.47,12.54,12.29,40896428.0,511604680.0,2.0458265139116305,0.25,0.025342614514331098,2.0458265139116203,1613741470.0
2026-03-11,12.47,12.53,12.66,12.45,32514708.0,410226897.0,0.4811547714514752,0.05999999999999872,0.020148647478210994,1.6840417000801993,1613741470.0
2026-03-12,12.71,12.64,12.99,12.49,54221418.0,694298180.0,0.8778930566640142,0.11000000000000121,0.03359981695209208,3.9904229848363926,1613741470.0
2026-03-13,12.53,12.32,12.64,12.28,39132657.0,490159158.0,-2.5316455696202556,-0.3200000000000003,0.024249644523295297,2.848101265822794,1613741470.0
2026-03-16,12.23,12.19,12.28,11.94,31882632.0,387950201.0,-1.0551948051948146,-0.13000000000000078,0.019756963920621064,2.7597402597402585,1613741470.0
2026-03-17,12.25,11.85,12.3,11.83,37506305.0,455087335.0,-2.789171452009842,-0.33999999999999986,0.02324183005596305,3.8556193601312607,1613741470.0
2026-03-18,11.85,11.81,11.89,11.53,36513270.0,429425649.0,-0.33755274261603185,-0.03999999999999915,0.022626468166552106,3.037974683544314,1613741470.0
2026-03-19,11.58,11.23,11.61,11.18,41287487.0,471697194.0,-4.911092294665542,-0.5800000000000001,0.025584945152335958,3.64098221845893,1613741470.0
2026-03-20,11.34,11.0,11.39,10.99,30324972.0,341752003.0,-2.048085485307216,-0.23000000000000043,0.01879171637077654,3.5618878005342864,1613741470.0
2026-03-23,10.81,10.38,10.97,10.29,45238331.0,482752004.0,-5.636363636363628,-0.6199999999999992,0.028033196048435193,6.181818181818195,1613741470.0
2026-03-24,10.62,10.68,10.71,10.33,31468532.0,333004863.0,2.890173410404606,0.29999999999999893,0.019500355283055347,3.6608863198458645,1613741470.0
2026-03-25,10.79,10.86,10.91,10.79,31036347.0,338884198.0,1.6853932584269593,0.17999999999999972,0.019232539769830664,1.123595505617987,1613741470.0
2026-03-26,10.87,10.73,10.91,10.67,24589851.0,267121519.0,-1.1970534069981498,-0.129999999999999,0.015237788367674532,2.2099447513812174,1613741470.0
2026-03-27,10.56,10.89,10.96,10.52,24701618.0,268231141.0,1.491146318732528,0.16000000000000014,0.015307047912699424,4.100652376514457,1613741470.0
2026-03-30,10.77,11.03,11.08,10.77,36971040.0,408394696.0,1.2855831037649201,0.1399999999999988,0.02291013814003305,2.8466483011937602,1613741470.0
2026-03-31,11.05,11.29,11.4,11.03,46671077.0,526952805.0,2.357207615593837,0.2599999999999998,0.02892103714729473,3.3544877606527743,1613741470.0
2026-04-01,11.43,11.2,11.48,11.11,34857457.0,393412288.0,-0.7971656333038091,-0.08999999999999986,0.021600397367243715,3.2772364924712227,1613741470.0
2026-04-02,11.14,10.91,11.22,10.83,25609710.0,283030000.0,-2.589285714285705,-0.28999999999999915,0.015869772498317218,3.482142857142862,1613741470.0
2026-04-03,10.88,10.71,10.98,10.7,19042209.0,206657195.0,-1.8331805682859748,-0.1999999999999993,0.01180003696626821,2.5664527956003766,1613741470.0
2026-04-07,10.78,10.8,10.86,10.69,13863907.0,150484929.0,0.8403361344537785,0.08999999999999986,0.008591157417550904,1.5873015873015865,1613741470.0
2026-04-08,11.08,11.29,11.29,11.04,32566591.0,366164775.0,4.537037037037028,0.48999999999999844,0.020180798229099236,2.314814814814815,1613741470.0
2026-04-09,11.18,11.11,11.26,11.08,23468176.0,263532427.0,-1.5943312666076181,-0.17999999999999972,0.014542711107250654,1.594331266607615,1613741470.0
2026-04-10,11.24,11.25,11.37,11.19,26536812.0,301341135.0,1.2601260126012592,0.14000000000000057,0.016444277161694307,1.620162016201618,1613741470.0
2026-04-13,11.24,11.28,11.39,11.19,23789899.0,270174973.0,0.2666666666666595,0.02999999999999936,0.014742075755170374,1.7777777777777872,1613741470.0
2026-04-14,11.37,11.49,11.49,11.3,32797065.0,376767642.0,1.8617021276595924,0.21000000000000085,0.020323617884096392,1.6843971631205632,1613741470.0
2026-04-15,11.6,11.37,11.66,11.33,30340443.0,350730523.0,-1.0443864229765065,-0.120000000000001,0.018801303408283856,2.872062663185379,1613741470.0
2026-04-16,11.4,11.42,11.46,11.34,22682735.0,260028454.0,0.4397537379067895,0.05000000000000071,0.014055990641425358,1.0554089709762622,1613741470.0
2026-04-17,11.43,11.72,11.79,11.38,43014432.0,502833816.0,2.626970227670755,0.3000000000000007,0.026655094883321056,3.5901926444833485,1613741470.0
2026-04-20,11.77,11.89,12.01,11.77,43264839.0,518412116.0,1.4505119453924964,0.16999999999999993,0.026810266578821948,2.047781569965872,1613741470.0
2026-04-21,11.9,11.76,11.9,11.68,28675556.0,338710841.0,-1.0933557611438216,-0.13000000000000078,0.017769609651290673,1.8502943650126211,1613741470.0
2026-04-22,11.69,11.92,11.94,11.66,35963230.0,429566084.0,1.3605442176870763,0.16000000000000014,0.022285620508965417,2.3809523809523756,1613741470.0
2026-04-23,11.95,11.75,12.01,11.62,33577405.0,397333729.0,-1.4261744966442946,-0.16999999999999993,0.020807177372717575,3.2718120805369177,1613741470.0
2026-04-24,11.65,11.58,11.78,11.44,27396832.0,318192743.0,-1.4468085106382977,-0.16999999999999993,0.016977212589077233,2.8936170212765946,1613741470.0
2026-04-27,11.55,11.45,11.64,11.29,29097888.0,334860782.0,-1.1226252158894723,-0.13000000000000078,0.018031319477710393,3.0224525043178017,1613741470.0
2026-04-28,11.43,11.23,11.44,11.12,30152983.0,341364105.0,-1.9213973799126594,-0.21999999999999886,0.01868513858046915,2.7947598253275134,1613741470.0
2026-04-29,11.19,11.35,11.37,11.15,22712329.0,258608068.0,1.0685663401602818,0.11999999999999922,0.014074329390568366,1.9590382902938457,1613741470.0
2026-04-30,11.33,11.24,11.36,11.15,25298921.0,285546950.0,-0.9691629955947079,-0.10999999999999943,0.01567718340906242,1.8502202643171726,1613741470.0
2026-05-06,11.28,11.56,11.63,11.28,37851509.0,438019121.0,2.8469750889679846,0.3200000000000003,0.023455745361740006,3.1138790035587314,1613741470.0
2026-05-07,11.63,11.8,11.85,11.52,39262826.0,461384143.0,2.076124567474058,0.2400000000000002,0.024330307381888128,2.854671280276817,1613741470.0
2026-05-08,11.73,11.85,11.9,11.66,33860735.0,400785380.0,0.4237288135593209,0.049999999999998934,0.020982750725244734,2.0338983050847474,1613741470.0
2026-05-11,11.89,11.84,12.02,11.83,46190734.0,553543668.0,-0.08438818565400519,-0.009999999999999787,0.028623379183531795,1.603375527426156,1613741470.0
2026-05-12,11.85,11.78,11.94,11.72,36303153.0,431801773.0,-0.5067567567567655,-0.0600000000000005,0.022496263295507923,1.8581081081080986,1613741470.0
2026-05-13,11.73,11.88,11.94,11.73,33173628.0,396436812.0,0.8488964346349936,0.10000000000000142,0.020556965670591586,1.7826825127334387,1613741470.0
2026-05-14,11.9,12.21,12.49,11.48,107215345.0,1303462296.0,2.777777777777768,0.33000000000000007,0.06643898480219387,8.501683501683498,1613741470.0
2026-05-15,12.53,11.92,12.62,11.88,76651712.0,940694477.0,-2.375102375102378,-0.2900000000000009,0.047499375473073764,6.060606060606047,1613741470.0
2026-05-18,11.72,11.53,11.74,11.42,57071541.0,663383922.0,-3.2718120805369177,-0.39000000000000057,0.03536597531945436,2.684563758389264,1613741470.0
2026-05-19,11.54,11.56,11.73,11.19,44794679.0,515000112.0,0.2601908065915204,0.030000000000001137,0.02775827468820021,4.683434518647016,1613741470.0
2026-05-20,11.45,11.2,11.46,11.08,42699093.0,480999396.0,-3.114186851211087,-0.3600000000000012,0.026459686259410562,3.287197231833917,1613741470.0
2026-05-21,11.28,10.75,11.38,10.69,51422771.0,573828942.0,-4.01785714285714,-0.4499999999999993,0.03186555712669391,6.160714285714298,1613741470.0
2026-05-22,10.79,11.35,11.72,10.75,59561785.0,677576874.0,5.581395348837215,0.5999999999999996,0.03690912460717763,9.023255813953494,1613741470.0
2026-05-25,11.4,11.76,11.78,11.31,56851956.0,663797824.0,3.612334801762107,0.41000000000000014,0.03522990333761454,4.140969162995585,1613741470.0
2026-05-26,11.64,11.5,11.7,11.3,47696739.0,549901751.0,-2.2108843537414935,-0.2599999999999998,0.029556617269059834,3.401360544217675,1613741470.0
2026-05-27,11.39,11.61,11.91,11.39,65121455.0,767792839.0,0.9565217391304337,0.10999999999999943,0.04035432949492213,4.521739130434779,1613741470.0
2026-05-28,11.49,12.17,12.17,11.46,84997960.0,1023813100.0,4.823428079242031,0.5600000000000005,0.05267136129308247,6.115417743324712,1613741470.0
2026-05-29,12.42,11.85,12.5,11.79,95193786.0,1159179155.0,-2.62941659819228,-0.3200000000000003,0.058989489809665736,5.8340180772391195,1613741470.0
2026-06-01,11.63,11.68,11.96,11.53,50722149.0,601519629.0,-1.4345991561181437,-0.16999999999999993,0.03143139712459642,3.628691983122376,1613741470.0
2026-06-02,11.68,11.89,11.96,11.52,59795280.0,712464453.0,1.7979452054794676,0.21000000000000085,0.03705381630925058,3.767123287671244,1613741470.0
2026-06-03,12.05,12.8,13.09,12.05,177730322.0,2300985364.0,7.653490328006729,0.9100000000000001,0.1101355609334375,8.746846089150539,1613741470.0
2026-06-04,12.59,12.64,12.9,12.31,135494790.0,1718029530.0,-1.2499999999999956,-0.16000000000000014,0.08396313320249495,4.609374999999999,1613741470.0
2026-06-05,12.7,12.85,13.27,12.7,145262404.0,1885751759.0,1.661392405063289,0.20999999999999908,0.0900159081863342,4.509493670886078,1613741470.0
2026-06-08,12.51,13.24,13.24,12.45,146020189.0,1894944276.0,3.0350194552529297,0.39000000000000057,0.09048549083887644,6.147859922178996,1613741470.0
2026-06-09,13.18,13.44,13.47,12.93,145449830.0,1926561323.0,1.5105740181268867,0.1999999999999993,0.09013205194509874,4.078549848942605,1613741470.0
2026-06-10,13.2,12.7,13.35,12.6,103932907.0,1337645549.0,-5.505952380952383,-0.7400000000000002,0.0644049303634739,5.580357142857143,1613741470.0
2026-06-11,12.35,12.88,13.18,12.24,103238967.0,1333788194.0,1.4173228346456845,0.1800000000000015,0.06397491104941364,7.401574803149604,1613741470.0
2026-06-12,13.1,13.59,13.71,12.89,166883175.0,2231944479.0,5.512422360248448,0.7099999999999991,0.10341382315718763,6.366459627329195,1613741470.0
2026-06-15,13.58,13.77,14.03,13.46,175113814.0,2415925041.0,1.324503311258285,0.17999999999999972,0.10851416862950172,4.194260485651203,1613741470.0
2026-06-16,13.77,14.34,14.88,13.6,187685520.0,2669154874.0,4.139433551198257,0.5700000000000003,0.1163045775851568,9.295570079883813,1613741470.0
2026-06-17,14.01,15.0,15.48,13.83,239819510.0,3495821456.0,4.602510460251041,0.6600000000000001,0.14861086144114521,11.506276150627617,1613741470.0
2026-06-18,14.85,15.38,15.96,14.65,212091013.0,3239108901.0,2.533333333333343,0.3800000000000008,0.13142812336600607,8.733333333333336,1613741470.0
2026-06-22,15.85,16.43,16.47,15.24,231689981.0,3698202530.0,6.827048114434331,1.049999999999999,0.1435731716059822,7.99739921976592,1613741470.0
2026-06-23,16.31,14.8,16.33,14.79,224880902.0,3447555451.0,-9.920876445526472,-1.629999999999999,0.13935373551502026,9.373097991478998,1613741470.0
