date,open,close,high,low,volume,amount,pct_chg,change,turnover,amplitude,outstanding_share
2023-06-26,75.79,72.04,77.88,71.48,103786644.0,7733680190.0,,,0.04877850530264854,,2127712674.9999998
2023-06-27,72.82,71.99,73.29,69.91,64798096.0,4660619688.0,-0.06940588561911154,-0.05000000000001137,0.030454345063296674,4.691837867851207,2127712674.9999998
2023-06-28,71.36,68.93,71.45,67.0,96275179.0,6633760701.0,-4.250590359772177,-3.059999999999988,0.04524575236991488,6.181414085289628,2127828005.0000002
2023-06-29,69.75,68.64,69.95,66.78,77321695.0,5310232302.0,-0.4207166690845865,-0.29000000000000625,0.03633832002319191,4.598868417234878,2127828005.0000002
2023-06-30,67.6,67.55,68.62,65.75,86205102.0,5819472316.0,-1.5879953379953404,-1.0900000000000034,0.04051319082060864,4.1812354312354385,2127828005.0000002
2023-07-03,67.79,65.68,68.14,63.1,101401382.0,6653381348.0,-2.768319763138405,-1.8699999999999903,0.04765487706794234,7.461139896373056,2127828005.0000002
2023-07-04,65.68,66.14,67.17,64.56,66066133.0,4383302586.0,0.7003654080389721,0.45999999999999375,0.031048624627910183,3.973812423873324,2127828005.0000002
2023-07-05,65.67,64.39,66.31,64.26,56394287.0,3683897125.0,-2.6459026307831923,-1.75,0.026503216833072933,3.0994859389174434,2127828005.0000002
2023-07-06,64.31,66.84,68.78,64.31,103623800.0,6978226377.0,3.8049386550706776,2.450000000000003,0.04869933084652676,6.942071750271779,2127828005.0000002
2023-07-07,66.89,68.3,69.67,63.82,108818735.0,7339788985.0,2.184320766008363,1.4599999999999937,0.05114075702749292,8.75224416517056,2127828005.0000002
2023-07-10,67.4,65.59,67.59,65.36,73591689.0,4882647418.0,-3.967789165446556,-2.7099999999999937,0.03458535597194567,3.2650073206442225,2127828005.0000002
2023-07-11,65.6,68.86,69.37,65.59,98933568.0,6777281284.0,4.985516084769004,3.269999999999996,0.0464950962989135,5.763073639274281,2127828005.0000002
2023-07-12,67.88,67.84,69.48,67.35,81473991.0,5575304284.0,-1.4812663374963675,-1.019999999999996,0.038289744663831504,3.093232645948315,2127828005.0000002
2023-07-13,68.04,68.03,69.17,64.59,112755052.0,7507820136.0,0.28007075471698784,0.18999999999999773,0.052990679573276876,6.751179245283017,2127828005.0000002
2023-07-14,68.69,69.87,71.84,68.59,100301627.0,7106430366.0,2.704689107746594,1.8400000000000034,0.04713803313252285,4.7773041305306485,2127828005.0000002
2023-07-17,68.74,69.68,71.67,68.47,53602046.0,3768444072.0,-0.27193359095463165,-0.18999999999999773,0.025190967443818373,4.579934163446405,2127828005.0000002
2023-07-18,69.78,66.83,70.38,66.8,61372310.0,4215092082.0,-4.090126291618845,-2.8500000000000085,0.028842702443894187,5.137772675086105,2127828005.0000002
2023-07-19,69.05,67.45,70.18,67.14,55907146.0,3846273301.0,0.9277270686817385,0.6200000000000045,0.02627427868635463,4.5488553045039755,2127828005.0000002
2023-07-20,67.74,63.76,67.99,63.69,78239167.0,5120828255.0,-5.470719051149009,-3.690000000000005,0.036769497730151354,6.375092661230537,2127828005.0000002
2023-07-21,63.48,64.29,65.38,63.11,43948807.0,2835459893.0,0.8312421580928708,0.5300000000000082,0.02065430424673821,3.560225846925966,2127828005.0000002
2023-07-24,63.71,63.12,65.44,62.38,58154345.0,3720748980.0,-1.8198786747550266,-1.1700000000000088,0.027330378613002602,4.7596826878208045,2127828005.0000002
2023-07-25,64.16,64.02,64.91,62.77,52614422.0,3378609811.0,1.425855513307983,0.8999999999999986,0.02472682090674899,3.3903675538656426,2127828005.0000002
2023-07-26,63.71,62.44,63.91,61.85,51964464.0,3271154997.0,-2.4679787566385447,-1.5799999999999983,0.024421364827370055,3.2177444548578493,2127828005.0000002
2023-07-27,62.42,62.07,63.2,61.82,31157662.0,1952652720.0,-0.5925688661114648,-0.36999999999999744,0.014642941970302716,2.210121716848178,2127828005.0000002
2023-07-28,61.82,62.15,63.01,61.38,35964028.0,2247705528.0,0.12888674077653484,0.0799999999999983,0.016901755177341035,2.6260673433220485,2127828005.0000002
2023-07-31,62.15,62.6,63.39,61.17,45398937.0,2854344537.0,0.7240547063555924,0.45000000000000284,0.02133581139703065,3.572003218020915,2127828005.0000002
2023-08-01,60.82,60.57,61.48,58.53,90880195.0,5468125513.0,-3.2428115015974424,-2.030000000000001,0.042710310601443556,4.7124600638977565,2127828005.0000002
2023-08-02,60.57,61.54,62.52,60.43,42086647.0,2596945544.0,1.6014528644543446,0.9699999999999989,0.019779158325345943,3.4505530790820598,2127828005.0000002
2023-08-03,60.81,61.86,62.69,60.7,28042385.0,1741412433.0,0.519987000324984,0.3200000000000003,0.01317887767907256,3.2336691582710353,2127828005.0000002
2023-08-04,62.0,63.03,63.51,61.56,44850669.0,2834322476.0,1.891367604267713,1.1700000000000017,0.021078145834442102,3.1522793404461615,2127828005.0000002
2023-08-07,63.71,63.51,64.71,63.18,47069928.0,3028083665.0,0.7615421227986641,0.4799999999999969,0.022121115000551934,2.4274155164207425,2127828005.0000002
2023-08-08,63.51,63.28,64.38,63.17,26139375.0,1673325391.0,-0.36214769327664875,-0.22999999999999687,0.012284533777437523,1.9052117776727977,2127828005.0000002
2023-08-09,63.08,63.66,64.67,62.52,45192764.0,2902559635.0,0.6005056890012517,0.37999999999999545,0.02123891775735887,3.3975979772439926,2127828005.0000002
2023-08-10,62.99,62.9,63.56,62.22,33418948.0,2107351966.0,-1.1938422871504817,-0.759999999999998,0.015705662262866963,2.1049324536600746,2127828005.0000002
2023-08-11,63.21,61.72,63.98,61.68,27685192.0,1744150385.0,-1.8759936406995248,-1.1799999999999997,0.013011010257852113,3.6565977742448283,2127828005.0000002
2023-08-14,60.93,63.69,63.74,60.73,50839390.0,3193184799.0,3.191834089436152,1.9699999999999989,0.023892621903902424,4.876863253402472,2127828005.0000002
2023-08-15,63.47,63.71,64.66,62.32,60984828.0,3899196523.0,0.03140210394096954,0.020000000000003126,0.028660600319526292,3.6740461610927873,2127828005.0000002
2023-08-16,62.87,58.22,63.41,57.34,103299701.0,6134832512.0,-8.617171558625024,-5.490000000000002,0.048547016374098334,9.527546695966086,2127828005.0000002
2023-08-17,57.32,58.56,58.95,56.48,59279472.0,3444521958.0,0.5839917554105067,0.3400000000000034,0.027859146444498457,4.242528340776376,2127828005.0000002
2023-08-18,58.33,56.42,58.9,56.07,49643571.0,2842882472.0,-3.654371584699456,-2.1400000000000006,0.02333063146238645,4.832650273224041,2127828005.0000002
2023-08-21,55.85,55.65,57.2,55.45,40838466.0,2311762047.0,-1.3647642679900818,-0.7700000000000031,0.019192559691872273,3.1017369727047144,2127828005.0000002
2023-08-22,56.24,57.04,57.24,55.3,46675663.0,2641823648.0,2.4977538185085413,1.3900000000000006,0.021935825118534424,3.4860736747529284,2127828005.0000002
2023-08-23,56.54,53.93,56.63,53.81,55490575.0,3058474135.0,-5.452314165497896,-3.1099999999999994,0.026078505814195258,4.94389901823282,2127828005.0000002
2023-08-24,54.55,53.06,54.64,52.95,50330654.0,2727924423.0,-1.6132022992768391,-0.8699999999999974,0.02365353491059067,3.1336918227331685,2127828005.0000002
2023-08-25,52.32,51.14,52.86,50.74,57300376.0,2966498509.0,-3.6185450433471544,-1.9200000000000017,0.026929044953518222,3.995476818695811,2127828005.0000002
2023-08-28,54.75,51.09,54.75,50.25,77320461.0,4005190238.0,-0.09777082518576119,-0.04999999999999716,0.03633774008910085,8.79937426671881,2127828005.0000002
2023-08-29,50.14,51.82,52.84,49.89,78408203.0,4077772018.0,1.4288510471716531,0.7299999999999969,0.036848938361444296,5.774124094734787,2127828005.0000002
2023-08-30,52.2,55.21,55.4,51.97,102938652.0,5600192148.0,6.54187572365883,3.3900000000000006,0.04837733677633404,6.619065997684291,2127828005.0000002
2023-08-31,54.6,54.58,55.3,53.36,56866739.0,3110997768.0,-1.1410976272414497,-0.6300000000000026,0.02672525169627138,3.513856185473642,2127828005.0000002
2023-09-01,54.37,54.12,54.92,53.33,34777022.0,1883416522.0,-0.8427995602784955,-0.46000000000000085,0.016343906517951857,2.9131550018321795,2127828005.0000002
2023-09-04,54.41,53.01,54.41,52.73,60345991.0,3218091779.0,-2.0509977827050996,-1.1099999999999994,0.028360370696408798,3.1042128603104207,2127828005.0000002
2023-09-05,53.5,52.12,54.12,51.92,57518006.0,3052951489.0,-1.6789285040558433,-0.8900000000000006,0.027031322956951116,4.150160347104312,2127828005.0000002
2023-09-06,51.86,51.57,51.86,50.77,39974564.0,2060346662.0,-1.0552570990022936,-0.5499999999999972,0.018786557891928863,2.091327705295465,2127828005.0000002
2023-09-07,51.76,50.48,51.84,50.45,31142810.0,1592661949.0,-2.1136319565638995,-1.0900000000000034,0.01463596208284701,2.6953655225906545,2127828005.0000002
2023-09-08,50.37,49.25,50.75,49.19,41859637.0,2088767919.0,-2.4366085578446883,-1.2299999999999969,0.019672472070880558,3.0903328050713204,2127828005.0000002
2023-09-11,49.67,50.77,52.26,48.78,81687348.0,4125286342.0,3.0862944162436623,1.5200000000000031,0.038390014516234354,7.06598984771573,2127828005.0000002
2023-09-12,50.28,50.58,51.31,50.04,36622583.0,1865807921.0,-0.37423675398858824,-0.19000000000000483,0.01721125152688269,2.501477250344698,2127828005.0000002
2023-09-13,50.37,49.09,50.37,48.58,43999150.0,2173961333.0,-2.945828390668237,-1.4899999999999949,0.020677963583809487,3.538948200869908,2127828005.0000002
2023-09-14,49.09,48.86,49.59,48.68,26878501.0,1324381802.0,-0.46852719494806516,-0.23000000000000398,0.012631895499467307,1.8537380321857886,2127828005.0000002
2023-09-15,48.98,47.8,49.2,47.68,37303819.0,1804761428.0,-2.169463774048308,-1.0600000000000023,0.017531407102614947,3.110929185427759,2127828005.0000002
2023-09-18,47.78,48.16,49.38,47.48,42558755.0,2076124831.0,0.7531380753138084,0.35999999999999943,0.020001031521342343,3.974895397489552,2127828005.0000002
2023-09-19,48.08,46.54,48.13,46.13,63934350.0,3003135634.0,-3.3637873754152725,-1.6199999999999974,0.030046765927399285,4.152823920265781,2127828005.0000002
2023-09-20,46.82,46.29,47.22,46.26,29697671.0,1394043121.0,-0.5371723248818183,-0.25,0.013956800516872602,2.0627417275461988,2127828005.0000002
2023-09-21,46.03,46.39,47.29,45.93,38526764.0,1805764077.0,0.21602937999567473,0.10000000000000142,0.018106145754952594,2.937999567941239,2127828005.0000002
2023-09-22,46.39,49.23,49.66,46.15,91560770.0,4454248095.0,6.122009053675348,2.8399999999999963,0.043030155531767235,7.566285837464967,2127828005.0000002
2023-09-25,49.42,48.67,49.87,48.39,51391650.0,2537795450.0,-1.137517773715202,-0.5599999999999952,0.024152163557975163,3.006296973390203,2127828005.0000002
2023-09-26,48.79,50.87,51.74,48.79,77984044.0,3978925080.0,4.520238339839722,2.1999999999999957,0.036649599411584015,6.0612286829669255,2127828005.0000002
2023-09-27,50.37,50.7,51.17,50.24,40268449.0,2049211029.0,-0.3341851779044558,-0.1699999999999946,0.018924672908419586,1.8281895026538229,2127828005.0000002
2023-09-28,51.01,50.43,51.52,50.24,37953458.0,1932144603.0,-0.5325443786982298,-0.2700000000000031,0.017836713263861756,2.524654832347142,2127828005.0000002
2023-10-09,50.54,51.0,51.45,50.13,41886071.0,2142432047.0,1.1302795954788891,0.5700000000000003,0.019684895067446955,2.617489589530042,2127828005.0000002
2023-10-10,51.04,51.42,53.54,50.36,72447373.0,3770985340.0,0.8235294117647118,0.4200000000000017,0.03404757002434508,6.235294117647058,2127828005.0000002
2023-10-11,51.17,55.23,56.56,51.09,145206930.0,8024991287.0,7.4095682613768865,3.809999999999995,0.0682418549143966,10.637884091793074,2127828005.0000002
2023-10-12,54.73,54.03,55.0,52.9,85419334.0,4624675812.0,-2.172732210755013,-1.1999999999999957,0.040143909093817945,3.8022813688212955,2127828005.0000002
2023-10-13,53.62,53.1,54.54,52.61,53346573.0,2866715294.0,-1.7212659633536909,-0.9299999999999997,0.025070904638272204,3.5720895798630385,2127828005.0000002
2023-10-16,53.06,52.76,53.92,52.09,48800657.0,2594524419.0,-0.6403013182674222,-0.3400000000000034,0.022934493241618933,3.4463276836158157,2127828005.0000002
2023-10-17,53.02,52.14,53.24,51.68,40349347.0,2118388050.0,-1.1751326762698966,-0.6199999999999974,0.018962691958742218,2.956785443517821,2127828005.0000002
2023-10-18,52.65,53.23,54.08,50.77,69596054.0,3695505026.0,2.090525508247021,1.0899999999999963,0.032707556172990586,6.348293057153807,2127828005.0000002
2023-10-19,53.23,53.56,55.44,52.92,71628614.0,3892155425.0,0.6199511553635295,0.3300000000000054,0.03366278375493041,4.734172459139576,2127828005.0000002
2023-10-20,52.06,50.85,52.82,50.37,75318552.0,3888316687.0,-5.059746079163552,-2.710000000000001,0.035396917336840854,4.5743091859596765,2127828005.0000002
2023-10-23,51.28,51.64,52.31,49.46,53006319.0,2718698393.0,1.5535889872173136,0.7899999999999991,0.024910997916864054,5.6047197640118025,2127828005.0000002
2023-10-24,51.86,46.49,52.43,46.47,120911075.0,5851606638.0,-9.972889233152593,-5.149999999999999,0.05682370695182198,11.541440743609606,2127828005.0000002
2023-10-25,46.52,47.43,49.49,46.52,95142207.0,4619959591.0,2.021940202194017,0.9399999999999977,0.044713297680279374,6.388470638847061,2127828005.0000002
2023-10-26,47.42,45.51,47.42,44.67,91375884.0,4179604584.0,-4.048070841239726,-1.9200000000000017,0.04294326599014754,5.7980181319839765,2127828005.0000002
2023-10-27,45.12,45.35,45.87,44.47,59931166.0,2714839578.0,-0.35157108327839026,-0.1599999999999966,0.02816541837929236,3.076246978686,2127828005.0000002
2023-10-30,44.9,45.45,45.88,44.54,54560262.0,2480226217.0,0.22050716648291946,0.10000000000000142,0.025641293314964144,2.9547960308710106,2127828005.0000002
2023-10-31,45.49,45.35,46.09,44.3,59396277.0,2678625484.0,-0.22002200220022639,-0.10000000000000142,0.02791404044896006,3.9383938393839517,2127828005.0000002
2023-11-01,45.24,44.76,45.94,44.72,43086467.0,1955499721.0,-1.3009922822491804,-0.5900000000000034,0.02024903652868315,2.6901874310915077,2127828005.0000002
2023-11-02,44.9,44.19,45.23,43.89,39184179.0,1750208825.0,-1.2734584450402098,-0.5700000000000003,0.018415106346906077,2.993744414655935,2127828005.0000002
2023-11-03,44.6,45.84,46.12,44.28,68563119.0,3132499302.0,3.7338764426340987,1.6500000000000057,0.032222115151642625,4.163837972391936,2127828005.0000002
2023-11-06,46.2,47.23,47.67,45.71,65640417.0,3098811863.0,3.03228621291447,1.3899999999999935,0.03084855394597553,4.2757417102966855,2127828005.0000002
2023-11-07,47.0,47.89,48.23,46.84,65720457.0,3137160267.0,1.3974168960406708,0.6600000000000037,0.030886169768218646,2.943044674994693,2127828005.0000002
2023-11-08,48.16,48.38,48.77,47.58,58233777.0,2822158045.0,1.0231781165170206,0.490000000000002,0.027367708697865357,2.4848611401127685,2127828005.0000002
2023-11-09,48.78,48.29,49.34,47.76,44975724.0,2185589610.0,-0.18602728400165525,-0.09000000000000341,0.021136917031975993,3.2658123191401516,2127828005.0000002
2023-11-10,47.86,47.19,48.05,47.06,36663288.0,1744702933.0,-2.277904328018221,-1.1000000000000014,0.017230381362519944,2.05011389521639,2127828005.0000002
2023-11-13,48.13,49.42,50.54,47.6,82261899.0,4082429222.0,4.725577452850183,2.230000000000004,0.03866003211100701,6.230133502860771,2127828005.0000002
2023-11-14,49.73,49.68,50.12,48.79,50944338.0,2528928370.0,0.5261027923917361,0.259999999999998,0.02394194355948426,2.6912181303116114,2127828005.0000002
2023-11-15,50.69,50.17,51.63,49.87,59030600.0,2995728065.0,0.9863123993558709,0.490000000000002,0.027742185863372914,3.5426731078905096,2127828005.0000002
2023-11-16,49.74,49.04,50.07,49.01,36481102.0,1811833103.0,-2.252342037073951,-1.1300000000000026,0.01714476072045118,2.112816424157868,2127828005.0000002
2023-11-17,48.78,48.98,49.53,48.44,33544720.0,1645522512.0,-0.12234910277325595,-0.060000000000002274,0.015764770423726045,2.2226753670473154,2127828005.0000002
2023-11-20,48.95,49.45,49.96,48.59,41871439.0,2075089061.0,0.9595753368722093,0.47000000000000597,0.01967801857180651,2.7970600244997907,2127828005.0000002
2023-11-21,49.47,48.77,49.82,48.5,34089919.0,1681696828.0,-1.3751263902932243,-0.6799999999999997,0.016020993670491708,2.669362992922144,2127828005.0000002
2023-11-22,48.45,47.58,48.68,47.58,30504504.0,1472893053.0,-2.4400246052901475,-1.1900000000000048,0.01433598200997453,2.2554849292597936,2127828005.0000002
2023-11-23,48.13,47.67,48.28,46.6,28782945.0,1368506274.0,0.1891551071879105,0.09000000000000341,0.013526913327752728,3.5308953341740223,2127828005.0000002
2023-11-24,48.15,46.17,48.25,45.67,45558883.0,2123672471.0,-3.146633102580243,-1.5,0.02141098006650213,5.412208936438008,2127828005.0000002
2023-11-27,45.55,45.5,46.06,45.29,29506216.0,1349554687.0,-1.4511587611002907,-0.6700000000000017,0.013866823789641774,1.6677496209660019,2127828005.0000002
2023-11-28,45.48,45.47,45.6,44.95,23444841.0,1065784416.0,-0.06593406593407014,-0.030000000000001137,0.011018203043154326,1.4285714285714255,2127828005.0000002
2023-11-29,45.44,44.86,45.56,44.7,25762725.0,1165500800.0,-1.3415438750824737,-0.6099999999999994,0.012107522290082839,1.8913569386408609,2127828005.0000002
2023-11-30,44.68,44.55,44.98,44.14,25623859.0,1146262284.0,-0.6910387873383939,-0.3100000000000023,0.011946015455831826,1.872492197949167,2144971191.0
2023-12-01,44.53,46.97,47.55,44.25,66237484.0,3065953181.0,5.432098765432114,2.4200000000000017,0.03088036066774381,7.407407407407401,2144971191.0
2023-12-04,46.96,47.06,47.84,46.51,44598034.0,2118696779.0,0.19161166702150734,0.09000000000000341,0.020791903493681936,2.8315946348733347,2144971191.0
2023-12-05,46.62,45.24,46.86,45.2,35072820.0,1616288005.0,-3.8674033149171283,-1.8200000000000003,0.01635118464395264,3.527411814704625,2144971191.0
2023-12-06,45.19,45.17,45.71,44.71,28617688.0,1297242380.0,-0.15473032714412582,-0.07000000000000028,0.013341758677261414,2.210433244916003,2144971191.0
2023-12-07,45.17,46.87,47.77,45.0,63987676.0,2986958509.0,3.7635598848793306,1.6999999999999957,0.029831485042075792,6.132388753597527,2144971191.0
2023-12-08,47.09,48.23,49.24,46.64,77279041.0,3715949064.0,2.9016428419031293,1.3599999999999994,0.03602800882559732,5.547258374226587,2144971191.0
2023-12-11,47.76,49.44,49.72,47.42,63977516.0,3128807140.0,2.508811942774214,1.2100000000000009,0.029826748381722206,4.768816089570801,2144971191.0
2023-12-12,49.18,49.27,49.77,48.78,43416030.0,2146854944.0,-0.34385113268606826,-0.1699999999999946,0.020240845276695372,2.0024271844660233,2144971191.0
2023-12-13,49.28,48.68,49.89,48.66,42982871.0,2128353192.0,-1.1974832555307513,-0.5900000000000034,0.02003890363672488,2.4964481428861456,2144971191.0
2023-12-14,49.0,48.68,49.88,48.65,40717470.0,2012544098.0,0.0,0.0,0.018982758449551596,2.5267050123253987,2144971191.0
2023-12-15,48.96,48.12,49.16,47.62,33042865.0,1601000425.0,-1.1503697617091246,-0.5600000000000023,0.01533631627504845,3.16351684470008,2154550311.0
2023-12-18,47.78,47.12,48.23,46.96,29964423.0,1430155291.0,-2.0781379883624274,-1.0,0.013907506753041424,2.6392352452202745,2154550311.0
2023-12-19,47.05,47.96,48.46,46.68,31209342.0,1495787816.0,1.7826825127334578,0.8400000000000034,0.014485315956959337,3.777589134125639,2154550311.0
2023-12-20,47.92,46.12,48.03,46.09,32969330.0,1547195122.0,-3.8365304420350355,-1.8400000000000034,0.015302186183203033,4.0450375312760585,2154550311.0
2023-12-21,45.78,46.92,47.44,45.78,29692678.0,1394451373.0,1.7346053772766767,0.8000000000000043,0.013781380666027992,3.5993061578490826,2154550311.0
2023-12-22,46.73,45.75,47.04,45.46,32162154.0,1488194457.0,-2.493606138107418,-1.1700000000000017,0.014927548377866588,3.3674339300937732,2154550311.0
2023-12-25,45.9,46.43,47.38,45.67,27824108.0,1298745337.0,1.4863387978142129,0.6799999999999997,0.012914113844520013,3.737704918032789,2154550311.0
2023-12-26,46.22,44.97,46.27,44.61,30506154.0,1380736139.0,-3.1445186301959915,-1.4600000000000009,0.01415894251540641,3.575274606935179,2154550311.0
2023-12-27,45.01,44.85,45.17,44.53,25863618.0,1164934535.0,-0.26684456304202353,-0.11999999999999744,0.012004183828037794,1.4231710028908173,2154550311.0
2023-12-28,44.81,45.84,46.09,44.07,40894581.0,1860358253.0,2.2073578595317667,0.990000000000002,0.018980564432036603,4.5039018952062495,2154550311.0
2023-12-29,45.84,46.17,46.45,45.7,33360328.0,1545400716.0,0.7198952879581055,0.3299999999999983,0.01548366163912707,1.6361256544502618,2154550311.0
2024-01-02,46.14,44.9,46.22,44.86,30823658.0,1402697765.0,-2.7507039202945727,-1.2700000000000031,0.014306306908978,2.9456356941737045,2154550311.0
2024-01-03,44.8,43.08,44.85,42.48,57593644.0,2513704706.0,-4.053452115812917,-1.8200000000000003,0.026364850589838052,5.2783964365256235,2184485886.0
2024-01-04,42.81,41.51,42.91,41.35,47430077.0,1989797107.0,-3.6443825441039968,-1.5700000000000003,0.021712237787376576,3.6211699164345292,2184485886.0
2024-01-05,41.68,40.75,41.72,40.47,36701974.0,1515018364.0,-1.830884124307386,-0.759999999999998,0.01680119529964315,3.0113225728740067,2184485886.0
2024-01-08,40.64,39.83,40.79,39.78,30740082.0,1237026255.0,-2.2576687116564464,-0.9200000000000017,0.014071998449158211,2.4785276073619587,2184485886.0
2024-01-09,39.83,39.98,40.32,39.52,30064101.0,1204613669.0,0.3766005523474725,0.14999999999999858,0.013762552183411086,2.0085362791865355,2184485886.0
2024-01-10,39.82,39.22,40.12,38.6,34512052.0,1363231586.0,-1.9009504752376172,-0.759999999999998,0.01579870679008818,3.801900950475228,2184485886.0
2024-01-11,39.22,40.64,40.89,39.22,43825597.0,1775118930.0,3.620601733809292,1.4200000000000017,0.020062201949150062,4.258031616522187,2184485886.0
2024-01-12,40.42,40.01,40.67,39.92,24980138.0,1011210841.0,-1.5501968503937036,-0.6300000000000026,0.011435248064587403,1.8454724409448817,2184485886.0
2024-01-15,39.82,39.7,40.62,39.47,26771173.0,1074969854.0,-0.774806298425379,-0.30999999999999517,0.012255136630349462,2.874281429642586,2184485886.0
2024-01-16,39.62,39.77,39.77,38.95,30257794.0,1195313411.0,0.17632241813601013,0.07000000000000028,0.013851219728136984,2.065491183879094,2184485886.0
2024-01-17,39.95,39.0,40.01,39.0,25250180.0,1001958259.0,-1.9361327633894976,-0.7700000000000031,0.011558866167011711,2.53960271561478,2184485886.0
2024-01-18,38.7,39.84,39.88,38.31,43138183.0,1687765603.0,2.153846153846173,0.8400000000000034,0.019747521957667616,4.025641025641026,2184485886.0
2024-01-19,39.68,39.17,40.0,39.02,26035163.0,1033864359.0,-1.6817269076305208,-0.6700000000000017,0.011918210672293627,2.459839357429711,2184485886.0
2024-01-22,39.72,38.11,39.81,37.72,37725775.0,1473331115.0,-2.706152667858064,-1.0600000000000023,0.017269864384008203,5.335716109267305,2184485886.0
2024-01-23,37.93,41.92,41.92,37.7,105142255.0,4299831646.0,9.997376016793492,3.8100000000000023,0.04813135011484345,11.073209131461557,2184485886.0
2024-01-24,41.54,42.21,42.27,40.69,78055437.0,3262509819.0,0.6917938931297662,0.28999999999999915,0.03573171953192469,3.7690839694656613,2184485886.0
2024-01-25,41.78,42.41,42.71,41.15,67127371.0,2833551980.0,0.4738213693437521,0.19999999999999574,0.030729139258902038,3.6958066808813133,2184485886.0
2024-01-26,42.0,41.65,42.53,41.6,45240547.0,1905600546.0,-1.792030181560944,-0.759999999999998,0.02070992872507852,2.192879037962744,2184485886.0
2024-01-29,41.64,40.23,41.89,40.22,44320020.0,1813963671.0,-3.409363745498206,-1.4200000000000017,0.020288535752984033,4.009603841536618,2184485886.0
2024-01-30,41.1,40.95,43.0,40.72,74398815.0,3127719708.0,1.7897091722595126,0.720000000000006,0.034057814461887534,5.667412378821778,2184485886.0
2024-01-31,41.68,38.23,41.81,38.13,70080427.0,2772273053.0,-6.642246642246652,-2.720000000000006,0.03208097037803429,8.986568986568985,2184485886.0
2024-02-01,37.74,40.8,42.05,37.23,97407555.0,3974416952.0,6.7224692649751505,2.5700000000000003,0.04459060853826913,12.607899555323046,2184485886.0
2024-02-02,40.7,39.72,41.26,38.55,71250422.0,2854131197.0,-2.6470588235294024,-1.0799999999999983,0.03261656321820703,6.642156862745101,2184485886.0
2024-02-05,39.42,39.31,41.19,38.12,75735070.0,3026060897.0,-1.0322255790533696,-0.4099999999999966,0.03466951674321781,7.729103726082578,2184485886.0
2024-02-06,37.88,41.01,41.48,37.84,76951141.0,3083095860.0,4.3245993385906845,1.6999999999999957,0.03522620196045524,9.259730348511813,2184485886.0
2024-02-07,41.31,41.81,42.39,40.42,70814124.0,2970325570.0,1.9507437210436684,0.8000000000000043,0.032416837505719644,4.80370641306998,2184485886.0
2024-02-08,42.33,43.35,43.68,42.01,69832843.0,3014847521.0,3.6833293470461603,1.5399999999999991,0.031967632955445885,3.9942597464721397,2184485886.0
2024-02-19,45.69,46.33,46.74,44.5,103055020.0,4735696685.0,6.874279123414073,2.979999999999997,0.0471758690044473,5.167243367935414,2184485886.0
2024-02-20,45.75,45.25,45.89,45.0,61915475.0,2824688878.0,-2.3311029570472708,-1.0799999999999983,0.028343270788246236,1.921001510900066,2184485886.0
2024-02-21,44.46,44.82,45.74,44.22,56554637.0,2558770829.0,-0.9502762430939171,-0.4299999999999997,0.025889220599889927,3.3591160220994545,2184485886.0
2024-02-22,45.68,46.14,47.37,45.68,84005364.0,3913018472.0,2.9451137884872747,1.3200000000000003,0.03845543912111136,3.7706381079875007,2184485886.0
2024-02-23,46.49,46.12,46.57,45.49,53454014.0,2467860763.0,-0.04334633723450665,-0.020000000000003126,0.024469837201777186,2.340702210663195,2184485886.0
2024-02-26,46.77,46.78,47.65,46.0,75091250.0,3552386991.0,1.431049436253251,0.6600000000000037,0.03437479293468871,3.5776235906331277,2184485886.0
2024-02-27,46.48,49.59,49.77,45.99,107787128.0,5205401506.0,6.006840530141089,2.8100000000000023,0.04934210318811829,8.080376229157762,2184485886.0
2024-02-28,49.62,47.38,50.21,47.34,97744520.0,4801975084.0,-4.45654365799556,-2.210000000000001,0.044744862224300956,5.7874571486186674,2184485886.0
2024-02-29,47.24,49.17,49.34,47.09,76707104.0,3745382146.0,3.777965386238913,1.7899999999999991,0.03511448826087769,4.7488391726466865,2184485886.0
2024-03-01,49.64,52.33,53.25,49.57,125775034.0,6469301927.0,6.426682936750039,3.1599999999999966,0.05757649193619006,7.484238356721577,2184485886.0
2024-03-04,52.33,52.09,52.98,51.28,83211122.0,4354463066.0,-0.45862793808522095,-0.23999999999999488,0.03809185608993218,3.2486145614370265,2184485886.0
2024-03-05,51.76,52.27,54.09,51.35,108417973.0,5733892175.0,0.345555768861594,0.17999999999999972,0.049630887383998415,5.2601267037819195,2184485886.0
2024-03-06,51.84,51.82,52.56,51.05,68547583.0,3564670575.0,-0.8609144824947457,-0.45000000000000284,0.03137927483959033,2.888846374593467,2184485886.0
2024-03-07,52.04,50.04,52.42,49.77,71449754.0,3653219665.0,-3.4349671941335425,-1.7800000000000011,0.032707812148345464,5.11385565418757,2184485886.0
2024-03-08,50.1,50.58,50.97,49.59,54417611.0,2743988245.0,1.0791366906474753,0.5399999999999991,0.02491094648345098,2.7577937649880004,2184485886.0
2024-03-11,49.78,51.26,51.46,49.38,55015958.0,2806010725.0,1.3444049031237748,0.6799999999999997,0.02518485395240498,4.112297350731511,2184485886.0
2024-03-12,51.57,50.56,51.7,50.25,50519038.0,2577357012.0,-1.365587202497065,-0.6999999999999957,0.023126282629596262,2.8287163480296584,2184485886.0
2024-03-13,50.97,50.61,51.28,50.37,49004331.0,2503005587.0,0.09889240506328889,0.04999999999999716,0.022432889731199664,1.799841772151906,2184485886.0
2024-03-14,50.21,49.93,50.72,49.29,44851700.0,2250782178.0,-1.3436079826121272,-0.6799999999999997,0.020531924828375844,2.82552855166963,2184485886.0
2024-03-15,49.77,50.45,50.55,49.1,46488105.0,2329374241.0,1.04145804125777,0.5200000000000031,0.021281027860117745,2.9040656919687478,2184485886.0
2024-03-18,50.65,51.17,51.37,50.14,54437525.0,2778838602.0,1.4271555996035579,0.7199999999999989,0.024920062587211425,2.4380574826560886,2184485886.0
2024-03-19,50.97,50.27,50.99,50.27,37540191.0,1908636867.0,-1.7588430721125592,-0.8999999999999986,0.01718490892552281,1.4070744576900505,2184485886.0
2024-03-20,50.18,51.7,52.52,50.17,83376829.0,4322106155.0,2.844638949671774,1.4299999999999997,0.03816771238228087,4.674756315894174,2184485886.0
2024-03-21,51.76,51.99,53.91,51.46,85275698.0,4508630769.0,0.560928433268848,0.28999999999999915,0.03903696450799591,4.738878143133453,2184485886.0
2024-03-22,51.57,50.85,51.86,50.46,53521259.0,2743200512.0,-2.1927293710328866,-1.1400000000000006,0.024500620188488597,2.692825543373723,2184485886.0
2024-03-25,50.84,48.89,51.28,48.78,61296449.0,3084200384.0,-3.8544739429695163,-1.9600000000000009,0.02805989701871665,4.916420845624385,2184485886.0
2024-03-26,48.78,47.8,49.25,47.38,53876297.0,2616125721.0,-2.2294947842094515,-1.0900000000000034,0.024663147217056453,3.824913070157491,2184485886.0
2024-03-27,47.97,45.64,48.01,45.61,50491238.0,2355620401.0,-4.51882845188284,-2.1599999999999966,0.02311355652311136,5.020920502092047,2184485886.0
2024-03-28,45.69,49.4,50.15,45.68,92872321.0,4526925938.0,8.238387379491673,3.759999999999998,0.04251449807719197,9.794040315512706,2184485886.0
2024-03-29,49.24,48.5,49.24,47.68,44348424.0,2151907217.0,-1.8218623481781382,-0.8999999999999986,0.02030153835473213,3.15789473684211,2184485886.0
2024-04-01,48.78,49.31,49.65,48.39,38689591.0,1907298708.0,1.6701030927835037,0.8100000000000023,0.017711073918103584,2.597938144329893,2184485886.0
2024-04-02,49.11,48.58,49.18,48.13,29574103.0,1442346740.0,-1.4804299330764659,-0.730000000000004,0.013538244027821564,2.129385520178457,2184485886.0
2024-04-03,48.33,47.44,48.38,46.98,27837800.0,1327508958.0,-2.3466447097571064,-1.1400000000000006,0.012743410327531866,2.8818443804034697,2184485886.0
2024-04-08,47.45,46.79,47.55,46.54,23513807.0,1112413773.0,-1.3701517706576682,-0.6499999999999986,0.010764000422568993,2.1290050590219183,2184485886.0
2024-04-09,46.79,46.95,47.03,46.0,24405513.0,1141061368.0,0.34195340884806136,0.1600000000000037,0.011172199901318108,2.2013250694592883,2184485886.0
2024-04-10,46.95,45.69,46.95,45.32,30467164.0,1402934209.0,-2.6837060702875504,-1.2600000000000051,0.013947063789818416,3.4717784877529336,2184485886.0
2024-04-11,45.69,46.2,47.16,45.69,34301815.0,1605407058.0,1.116217990807633,0.5100000000000051,0.015702465838682924,3.217334208798422,2184485886.0
2024-04-12,46.34,45.79,47.04,45.77,26251238.0,1218284216.0,-0.8874458874458924,-0.4100000000000037,0.012017124106060716,2.74891774891774,2184485886.0
2024-04-15,45.79,45.57,46.32,45.05,30959065.0,1422056166.0,-0.4804542476523288,-0.21999999999999886,0.014172243088596454,2.7735313387202516,2184485886.0
2024-04-16,45.34,45.37,46.94,45.17,37823180.0,1745807597.0,-0.4388852315119651,-0.20000000000000284,0.017314453822934884,3.8841342988808343,2184485886.0
2024-04-17,45.67,46.87,46.93,45.36,42750619.0,1995178992.0,3.3061494379545975,1.5,0.019570105384512426,3.4604364117258113,2184485886.0
2024-04-18,46.49,46.25,46.83,45.8,31903146.0,1483450796.0,-1.3228077661617155,-0.6199999999999974,0.0146044184604084,2.1975677405589957,2184485886.0
2024-04-19,45.77,44.4,45.98,43.81,50169258.0,2249786098.0,-4.0000000000000036,-1.8500000000000014,0.022966162574693787,4.6918918918918795,2184485886.0
2024-04-22,43.6,44.08,44.29,42.18,31833980.0,1396084380.0,-0.7207207207207245,-0.3200000000000003,0.014572756090583412,4.752252252252251,2184485886.0
2024-04-23,42.96,41.78,43.04,40.56,74606104.0,3125688751.0,-5.217785843920142,-2.299999999999997,0.03415270589667706,5.626134301270411,2184485886.0
2024-04-24,41.81,43.22,43.35,41.33,50424409.0,2145737662.0,3.446625179511731,1.4399999999999977,0.02308296397022361,4.834849210148404,2184485886.0
2024-04-25,42.59,42.79,43.08,42.34,27843650.0,1196362040.0,-0.994909763998153,-0.4299999999999997,0.012746088303177071,1.7121702915316868,2184485886.0
2024-04-26,42.81,44.15,44.46,42.81,43462840.0,1923457904.0,3.1783126898808023,1.3599999999999994,0.01989614136605138,3.856041131105395,2184485886.0
2024-04-29,44.66,45.3,46.13,44.63,49137691.0,2242163727.0,2.6047565118912708,1.1499999999999986,0.022493938420438026,3.3975084937712348,2184485886.0
2024-04-30,45.19,44.91,45.75,44.6,30700043.0,1390958193.0,-0.8609271523178808,-0.39000000000000057,0.01405366965140465,2.5386313465783634,2184485886.0
2024-05-06,45.99,45.32,46.17,45.08,32970816.0,1511083061.0,0.9129369850812807,0.4100000000000037,0.015093169615470796,2.427076374972174,2184485886.0
2024-05-07,45.32,45.39,46.29,44.99,34960605.0,1603512582.0,0.1544571932921457,0.07000000000000028,0.016004042518222066,2.868490732568396,2184485886.0
2024-05-08,44.93,44.14,44.95,44.04,25141851.0,1120042263.0,-2.7539105529852392,-1.25,0.01150927600911952,2.004846882573262,2184485886.0
2024-05-09,44.16,44.47,44.74,44.01,21163868.0,943652777.0,0.7476212052559994,0.3299999999999983,0.00968826035253221,1.653828726778441,2184485886.0
2024-05-10,44.25,43.55,44.54,43.46,27793201.0,1221496330.0,-2.0688104340004565,-0.9200000000000017,0.012722994082095892,2.4286035529570458,2184485886.0
2024-05-13,43.8,43.9,44.58,43.21,26623881.0,1174415539.0,0.8036739380022917,0.3500000000000014,0.012187710239112984,3.1458094144661253,2184485886.0
2024-05-14,44.54,43.33,44.65,43.17,32065815.0,1403404128.0,-1.298405466970387,-0.5700000000000003,0.014678884036516042,3.371298405466963,2184485886.0
2024-05-15,43.07,42.81,43.3,42.68,17729395.0,764687682.0,-1.2000923147934328,-0.519999999999996,0.008116049233197014,1.430879298407564,2184485886.0
2024-05-16,43.02,42.65,43.26,42.49,27344660.0,1176530648.0,-0.37374445223079533,-0.1600000000000037,0.012517663847245383,1.798645176360654,2184485886.0
2024-05-17,42.51,42.99,43.0,42.21,20756576.0,890805150.0,0.797186400937866,0.3400000000000034,0.009501812821508887,1.8522860492379816,2184485886.0
2024-05-20,43.0,43.4,43.79,42.81,26934161.0,1173959995.0,0.9537101651546864,0.4099999999999966,0.012329748236240149,2.2795999069550983,2184485886.0
2024-05-21,43.4,43.19,43.54,43.1,16676341.0,725208951.0,-0.4838709677419395,-0.21000000000000085,0.007633988897285098,1.0138248847926215,2184485886.0
2024-05-22,43.39,43.67,43.99,42.89,26678827.0,1166808641.0,1.1113683723084078,0.480000000000004,0.012212863068138862,2.5468858532067644,2184485886.0
2024-05-23,43.68,42.46,43.9,42.36,31315212.0,1347106991.0,-2.7707808564231717,-1.2100000000000009,0.014335277788102861,3.526448362720401,2184485886.0
2024-05-24,42.22,41.61,42.6,41.61,23740396.0,1001070056.0,-2.001884126236464,-0.8500000000000014,0.010867726888119615,2.3316062176165846,2184485886.0
2024-05-27,41.62,41.97,42.02,41.09,19087793.0,795183578.0,0.8651766402307137,0.35999999999999943,0.008737887995674603,2.235039653929343,2184485886.0
2024-05-28,41.92,40.95,41.92,40.88,21409973.0,886179046.0,-2.430307362401707,-1.019999999999996,0.00980092072794468,2.4779604479390023,2184485886.0
2024-05-29,41.31,41.0,42.01,40.89,19449755.0,805475130.0,0.12210012210012167,0.04999999999999716,0.008903584648749706,2.7350427350427284,2184485886.0
2024-05-30,40.99,41.79,42.11,40.52,28263842.0,1178250704.0,1.9268292682926846,0.7899999999999991,0.012938441113828282,3.878048780487796,2184485886.0
2024-05-31,41.79,42.01,42.51,41.64,21900501.0,926997634.0,0.5264417324718718,0.21999999999999886,0.01002547150354992,2.081837760229714,2184485886.0
2024-06-03,42.02,42.05,42.31,41.71,16768471.0,707652144.0,0.09521542489883128,0.03999999999999915,0.007676163580394952,1.4282313734825076,2184485886.0
2024-06-04,42.06,41.97,42.25,41.39,17303100.0,725158650.0,-0.19024970273483488,-0.0799999999999983,0.007920902630176115,2.0451843043995233,2184485886.0
2024-06-05,42.0,42.16,42.68,41.86,21796672.0,927499356.0,0.45270431260424626,0.18999999999999773,0.009977941326923272,1.9537765070288309,2184485886.0
2024-06-06,42.24,41.79,42.95,41.71,27641436.0,1172912507.0,-0.8776091081593829,-0.36999999999999744,0.012653520069481465,2.94117647058824,2184485886.0
2024-06-07,41.89,41.32,42.14,40.81,22503319.0,934234340.0,-1.1246709739172078,-0.46999999999999886,0.010301425678334641,3.1825795644891084,2184485886.0
2024-06-11,41.33,41.62,41.8,40.72,19941526.0,829603224.0,0.7260406582768608,0.29999999999999716,0.00912870443695785,2.6137463697967043,2184485886.0
2024-06-12,41.81,42.74,43.1,41.72,34307761.0,1471592381.0,2.691013935607889,1.1200000000000045,0.015705187760595127,3.3157135992311453,2184485886.0
2024-06-13,42.71,42.89,43.05,42.36,27127691.0,1166443888.0,0.3509592887225077,0.14999999999999858,0.012418341163866874,1.6144127281235325,2184485886.0
2024-06-14,42.89,43.2,43.3,42.36,31506275.0,1361269829.0,0.7227792026113455,0.3100000000000023,0.014422741388222455,2.191653065982741,2184485886.0
2024-06-17,43.11,42.71,43.28,42.41,27680057.0,1191284894.0,-1.1342592592592626,-0.490000000000002,0.012671199744249573,2.0138888888888995,2184485886.0
2024-06-18,42.73,43.4,44.01,42.66,36472607.0,1595421414.0,1.6155467103722732,0.6899999999999977,0.016696197138991266,3.1608522594240256,2184485886.0
2024-06-19,43.32,42.85,43.44,42.81,20179348.0,871983819.0,-1.2672811059907807,-0.5499999999999972,0.00923757307352088,1.451612903225796,2184485886.0
2024-06-20,42.61,41.91,42.75,41.9,23038986.0,978348752.0,-2.193698949824985,-0.9400000000000048,0.010546639897127721,1.9836639439906683,2184485886.0
2024-06-21,41.75,42.54,42.65,41.42,19685199.0,833298518.0,1.5032211882605617,0.6300000000000026,0.0090113646996573,2.9348604151753688,2184485886.0
2024-06-24,42.29,41.29,42.46,41.24,22663753.0,949940829.0,-2.9384109073812836,-1.25,0.010374868130413729,2.8678890456041346,2184485886.0
2024-06-25,41.81,41.32,42.38,40.86,21913579.0,915077012.0,0.0726568176314002,0.030000000000001137,0.0100314582668812,3.6812787599903203,2184485886.0
2024-06-26,42.01,44.56,45.21,41.63,86661284.0,3794111586.0,7.841239109390141,3.240000000000002,0.03967124921950629,8.664085188770567,2184485886.0
2024-06-27,44.19,42.94,44.47,42.85,54612205.0,2394587349.0,-3.635547576301623,-1.6200000000000045,0.0250000264822036,3.63554757630161,2184485886.0
2024-06-28,43.0,42.76,43.26,42.49,48399169.0,2085958469.0,-0.41918956683745234,-0.17999999999999972,0.022155862535062402,1.7931998136935166,2184485886.0
2024-07-01,42.65,43.29,43.54,42.21,38552865.0,1667621074.0,1.2394761459307846,0.5300000000000011,0.017648484362878598,3.1103835360149636,2184485886.0
2024-07-02,43.04,42.64,43.68,42.48,32052764.0,1385605000.0,-1.501501501501501,-0.6499999999999986,0.014672909633072356,2.7720027720027787,2184485886.0
2024-07-03,42.61,41.87,42.64,41.22,27726057.0,1163070557.0,-1.805816135084437,-0.7700000000000031,0.012692257330519553,3.3302063789868703,2184485886.0
2024-07-04,41.98,40.92,42.13,40.92,26895350.0,1119274858.0,-2.2689276331502195,-0.9499999999999957,0.012311981584485276,2.889897301170291,2184485886.0
2024-07-05,41.01,41.11,41.28,40.11,23252223.0,949364092.0,0.4643206256109478,0.18999999999999773,0.010644254169376675,2.8592375366568956,2184485886.0
2024-07-08,40.32,38.62,40.32,38.3,48149503.0,1878697889.0,-6.056920457309667,-2.490000000000002,0.02204157202780847,4.913646314765272,2184485886.0
2024-07-09,38.61,38.92,39.02,37.82,39902345.0,1541676079.0,0.7767995857068888,0.30000000000000426,0.018266240700261498,3.107198342827558,2184485886.0
2024-07-10,38.86,38.78,39.55,38.55,25694268.0,1006234460.0,-0.3597122302158251,-0.14000000000000057,0.011762157935956561,2.5693730729701953,2184485886.0
2024-07-11,39.42,39.17,39.54,39.0,26667686.0,1048726611.0,1.0056730273336756,0.39000000000000057,0.012207763012298995,1.3924703455389353,2184485886.0
2024-07-12,38.99,38.58,39.15,38.54,24251904.0,941637921.0,-1.5062547868266662,-0.5900000000000034,0.011101881754158424,1.55731427112586,2184485886.0
2024-07-15,38.54,38.05,38.54,37.82,21018422.0,802398432.0,-1.373768792120278,-0.5300000000000011,0.00962167901138822,1.8662519440124388,2184485886.0
2024-07-16,38.05,38.93,39.12,37.82,29607370.0,1146196747.0,2.312746386333786,0.8800000000000026,0.013553472782657292,3.4165571616294277,2184485886.0
2024-07-17,38.94,38.84,39.52,38.78,23174706.0,906726163.0,-0.23118417672745029,-0.0899999999999963,0.010608768932096455,1.9008476753146726,2184485886.0
2024-07-18,38.41,38.61,38.62,37.62,29012681.0,1107927015.0,-0.5921730175077355,-0.23000000000000398,0.013281239849585368,2.5746652935118433,2184485886.0
2024-07-19,38.24,39.22,39.42,38.2,28657184.0,1122935318.0,1.579901579901577,0.6099999999999994,0.013118502702928428,3.1598031598031566,2184485886.0
2024-07-22,39.22,39.56,40.1,39.22,29780869.0,1184481262.0,0.866904640489552,0.3400000000000034,0.01363289604701067,2.24375318714942,2184485886.0
2024-07-23,39.42,38.5,39.43,38.5,21004948.0,821038118.0,-2.6794742163801843,-1.0600000000000023,0.009615510969705574,2.3508594539939325,2184485886.0
2024-07-24,38.45,38.26,39.0,38.1,19248380.0,743298128.0,-0.6233766233766258,-0.240000000000002,0.00881140048711672,2.337662337662334,2184485886.0
2024-07-25,38.12,38.34,38.63,37.93,15463746.0,594035953.0,0.2090956612650352,0.0800000000000054,0.0070788949011319,1.8295870360690092,2184485886.0
2024-07-26,38.39,38.58,38.73,38.15,14964954.0,576447432.0,0.62597809076681,0.23999999999999488,0.006850561084375896,1.5127803860198181,2184485886.0
2024-07-29,38.62,38.53,38.78,38.33,11470720.0,443251495.0,-0.12960082944529772,-0.04999999999999716,0.005250992956060692,1.1664074650077836,2184485886.0
2024-07-30,38.53,38.68,38.71,38.13,13390021.0,515505362.0,0.38930703348039053,0.14999999999999858,0.006129598312268519,1.5053205294575611,2184485886.0
2024-07-31,38.61,39.64,39.74,38.49,28158340.0,1111355253.0,2.4819027921406445,0.9600000000000009,0.012890145081944466,3.2316442605997935,2184485886.0
2024-08-01,39.65,39.18,39.8,39.14,20544843.0,810990833.0,-1.160443995963678,-0.46000000000000085,0.009404887040776239,1.664984863773957,2184485886.0
2024-08-02,38.9,38.79,39.41,38.67,15724777.0,613826144.0,-0.9954058192955584,-0.39000000000000057,0.0071983880055153625,1.8887187340479707,2184485886.0
2024-08-05,38.32,37.82,39.04,37.8,24101401.0,924062575.0,-2.500644496004123,-0.9699999999999989,0.011032985451845579,3.1967001804588864,2184485886.0
2024-08-06,38.09,36.34,38.26,35.13,50868923.0,1850530614.0,-3.9132734003172853,-1.4799999999999969,0.023286450750728264,8.27604442094129,2184485886.0
2024-08-07,36.35,36.38,36.77,36.12,21856753.0,798025323.0,0.11007154650521933,0.03999999999999915,0.01000544482345994,1.7886626307099769,2184485886.0
2024-08-08,36.03,36.07,36.34,35.46,19705617.0,708703937.0,-0.8521165475536052,-0.3100000000000023,0.009020711521319483,2.4189114898295836,2184485886.0
2024-08-09,36.22,35.82,36.47,35.78,13199724.0,476915204.0,-0.6930967563071766,-0.25,0.006042485366737682,1.9129470474078119,2184485886.0
2024-08-12,35.8,34.64,35.81,33.73,33142321.0,1154457791.0,-3.294249022892237,-1.1799999999999997,0.01517168007923673,5.8068118369626065,2184485886.0
2024-08-13,34.73,34.85,35.02,34.43,16609387.0,577006706.0,0.6062355658198681,0.21000000000000085,0.007603339122695526,1.7032332563510493,2184485886.0
2024-08-14,34.85,34.6,34.93,34.44,13188921.0,458029118.0,-0.717360114777621,-0.25,0.006037540038379538,1.4060258249641375,2184485886.0
2024-08-15,34.53,34.61,35.17,34.16,21328123.0,741380014.0,0.028901734104036514,0.00999999999999801,0.009763451957592552,2.919075144508685,2184485886.0
2024-08-16,34.6,34.39,34.78,34.34,13464535.0,465800731.0,-0.6356544351343474,-0.21999999999999886,0.0061637088553842,1.2713088702687019,2184485886.0
2024-08-19,34.38,34.44,34.67,34.3,14621461.0,505417292.0,0.14539110206455153,0.04999999999999716,0.006693319052188191,1.0758941552777104,2184485886.0
2024-08-20,34.45,33.95,34.57,33.7,17091654.0,582122637.0,-1.4227642276422592,-0.4899999999999949,0.007824108230470847,2.5261324041811775,2184485886.0
2024-08-21,33.9,33.93,34.62,33.43,17042519.0,582822376.0,-0.0589101620029564,-0.020000000000003126,0.007801615523919205,3.5051546391752506,2184485886.0
2024-08-22,33.98,33.01,34.42,32.97,24729453.0,829677239.0,-2.711464780430306,-0.9200000000000017,0.011320491086020228,4.273504273504282,2184485886.0
2024-08-23,32.93,33.86,33.98,32.88,25052367.0,843483507.0,2.574977279612245,0.8500000000000014,0.011468312594993804,3.3323235383217034,2184485886.0
2024-08-26,33.87,33.93,34.26,33.74,14481535.0,492683559.0,0.20673360897813797,0.07000000000000028,0.0066292646213965975,1.5357353809804963,2184485886.0
2024-08-27,33.84,33.26,33.87,33.13,14814838.0,495164434.0,-1.9746536987916397,-0.6700000000000017,0.006781841940451887,2.180960801650442,2184485886.0
2024-08-28,33.22,33.25,33.43,32.59,15425333.0,510333309.0,-0.030066145520135645,-0.00999999999999801,0.007061310443275622,2.525556223692112,2184485886.0
2024-08-29,32.98,33.52,33.85,32.92,16625988.0,558439385.0,0.812030075187975,0.2700000000000031,0.007610938622470917,2.7969924812030067,2184485886.0
2024-08-30,33.51,34.32,34.68,33.44,28409323.0,978243498.0,2.386634844868718,0.7999999999999972,0.013005038477048782,3.699284009546545,2184485886.0
2024-09-02,34.43,33.32,34.46,33.32,20065696.0,678010655.0,-2.9137529137529095,-1.0,0.009185546186678361,3.321678321678323,2184485886.0
2024-09-03,33.33,34.02,34.21,33.24,20415570.0,692972145.0,2.1008403361344685,0.7000000000000028,0.009345709272300605,2.911164465786311,2184485886.0
2024-09-04,33.66,33.81,34.05,33.61,11688344.0,396415615.0,-0.6172839506172867,-0.21000000000000085,0.005350615481156741,1.2933568489123977,2184485886.0
2024-09-05,33.82,34.18,34.38,33.74,14346518.0,490117796.0,1.0943507837917643,0.36999999999999744,0.006567457401278902,1.8929310854776709,2184485886.0
2024-09-06,34.28,33.93,34.69,33.82,19424574.0,667682294.0,-0.7314218841427689,-0.25,0.00889205745136135,2.5453481568168446,2184485886.0
2024-09-09,33.83,33.59,34.18,33.43,13268707.0,448339328.0,-1.0020630710285805,-0.3399999999999963,0.006074063963991205,2.2104332449160036,2184485886.0
2024-09-10,33.61,34.09,34.36,33.19,16748292.0,566933119.0,1.4885382554331583,0.5,0.007666926166626649,3.4831795177136096,2184485886.0
2024-09-11,34.06,34.27,34.43,33.89,14948315.0,512893609.0,0.5280140803754829,0.17999999999999972,0.006842944189203152,1.5840422411264272,2184485886.0
2024-09-12,34.41,34.01,34.78,34.01,14255151.0,491054536.0,-0.758681062153499,-0.2600000000000051,0.006525631999436961,2.2468631456084127,2184485886.0
2024-09-13,34.13,33.75,34.33,33.73,13073080.0,445507614.0,-0.7644810349897058,-0.259999999999998,0.005984511085094738,1.7641870038224094,2184485886.0
2024-09-18,33.76,33.77,33.88,33.34,11051861.0,371853924.0,0.05925925925927,0.020000000000003126,0.005059250357637697,1.5999999999999976,2184485886.0
2024-09-19,33.93,34.51,34.7,33.54,25135461.0,864006381.0,2.1912940479715592,0.7399999999999949,0.011506350835722452,3.4350014806040967,2184485886.0
2024-09-20,34.52,34.62,34.71,34.3,18352544.0,634556172.0,0.31874818893073975,0.10999999999999943,0.008401310403339452,1.1880614314691502,2184485886.0
2024-09-23,34.62,34.74,35.31,34.56,20131748.0,704323145.0,0.34662045060660507,0.12000000000000455,0.009215783049467595,2.166377816291161,2184485886.0
2024-09-24,34.85,35.77,35.77,34.28,37954328.0,1339333538.0,2.964881980426015,1.0300000000000011,0.017374489916937828,4.289004029936678,2184485886.0
2024-09-25,36.04,36.3,37.38,36.04,48058528.0,1769655937.0,1.4816885658372803,0.529999999999994,0.021999926073223437,3.7461559966452422,2184485886.0
2024-09-26,36.3,37.49,37.49,36.1,38043638.0,1406537751.0,3.278236914600563,1.1900000000000048,0.01741537367845461,3.8292011019283763,2184485886.0
2024-09-27,38.17,40.31,40.91,38.17,74378654.0,2950486696.0,7.522005868231529,2.8200000000000003,0.03404858528804429,7.308615630834875,2184485886.0
2024-09-30,42.29,44.35,44.35,42.17,110559772.0,4828743059.0,10.022326966013395,4.039999999999999,0.050611346453899676,5.408087323244851,2184485886.0
2024-10-08,48.78,48.78,48.78,45.9,137813583.0,6678014044.0,9.988726042841044,4.43,0.06308742202603547,6.493799323562575,2184485886.0
2024-10-09,48.78,46.87,50.03,45.97,144300702.0,6942143623.0,-3.9155391553915564,-1.9100000000000037,0.06605705393877742,8.323083230832312,2184485886.0
2024-10-10,46.87,44.65,47.6,43.82,94711110.0,4293400007.0,-4.73650522722423,-2.219999999999999,0.043356247164143956,8.06486025176019,2184485886.0
2024-10-11,44.29,42.82,44.4,42.29,59485159.0,2568282971.0,-4.0985442329227295,-1.8299999999999983,0.02723073624839158,4.725643896976483,2184485886.0
2024-10-14,42.82,43.56,43.57,42.05,53732497.0,2313967454.0,1.7281644091545978,0.740000000000002,0.024597319371282036,3.549743110695944,2184485886.0
2024-10-15,43.51,42.96,44.66,42.92,54286563.0,2385162817.0,-1.377410468319562,-0.6000000000000014,0.024850956166809494,3.99449035812671,2184485886.0
2024-10-16,42.15,42.91,43.47,41.97,32935771.0,1412525057.0,-0.11638733705773285,-0.05000000000000426,0.015077126939148372,3.4916201117318435,2184485886.0
2024-10-17,43.21,44.31,45.54,43.01,79848642.0,3534829720.0,3.2626427406199143,1.4000000000000057,0.03655260146643035,5.896061524120254,2184485886.0
2024-10-18,43.92,45.73,47.41,42.96,112878222.0,5100644027.0,3.2046941999548606,1.4199999999999946,0.05167267169058743,10.042879711126146,2184485886.0
2024-10-21,46.12,46.08,46.9,45.73,95626350.0,4441628408.0,0.7653619068445305,0.3500000000000014,0.04377521988713824,2.558495517165978,2184485886.0
2024-10-22,45.9,45.45,46.2,45.02,55342974.0,2516923851.0,-1.367187499999989,-0.6299999999999955,0.025334553248745503,2.5607638888888884,2184485886.0
2024-10-23,45.4,45.48,45.9,45.04,45149911.0,2059996997.0,0.06600660066005126,0.02999999999999403,0.020668437955748825,1.8921892189218907,2184485886.0
2024-10-24,45.51,44.72,45.65,44.69,37681320.0,1697958587.0,-1.6710642040457246,-0.759999999999998,0.017249514057972724,2.110817941952509,2184485886.0
2024-10-25,45.35,45.38,45.71,45.07,41053888.0,1866511889.0,1.4758497316637031,0.6600000000000037,0.01879338670169829,1.4311270125223625,2184485886.0
2024-10-28,45.65,45.55,46.0,45.3,39844756.0,1821071795.0,0.37461436756278665,0.1699999999999946,0.018239877975572326,1.5425297487880185,2184485886.0
2024-10-29,45.74,45.81,47.32,45.05,81010326.0,3752782509.0,0.5708013172338156,0.2600000000000051,0.03708438975009244,4.983534577387493,2184485886.0
2024-10-30,45.5,45.45,46.23,44.9,47383812.0,2160674500.0,-0.7858546168958758,-0.35999999999999943,0.021691058891098736,2.903296223531976,2184485886.0
2024-10-31,45.45,45.85,46.45,44.61,64000431.0,2930889740.0,0.8800880088008833,0.3999999999999986,0.029297708632574797,4.048404840484056,2184485886.0
2024-11-01,45.86,44.69,47.09,44.68,60443706.0,2752387532.0,-2.5299890948745962,-1.1600000000000037,0.027669533773311824,5.25627044711015,2184485886.0
2024-11-04,44.35,45.33,46.01,43.65,48351023.0,2180904470.0,1.4320877153725764,0.6400000000000006,0.022133822566615568,5.280823450436338,2184485886.0
2024-11-05,45.4,46.69,46.99,45.03,92624548.0,4303433742.0,3.0002206044562163,1.3599999999999994,0.04240107413539041,4.323847341716305,2184485886.0
2024-11-06,46.7,47.69,48.79,46.55,110341760.0,5284244456.0,2.1417862497322693,1.0,0.05051154631264118,4.7976011994003045,2184485886.0
2024-11-07,46.9,48.6,49.3,46.3,101427309.0,4836029294.0,1.908156846299014,0.9100000000000037,0.04643074585651042,6.290626965820927,2184485886.0
2024-11-08,49.13,48.1,50.29,47.99,107426945.0,5288687969.0,-1.0288065843621408,-0.5,0.049177220914303495,4.732510288065837,2184485886.0
2024-11-11,47.9,51.24,51.71,47.74,162826834.0,8227981097.0,6.528066528066523,3.1400000000000006,0.07453782834832196,8.25363825363825,2184485886.0
2024-11-12,50.89,49.18,51.09,48.68,110434710.0,5508650546.0,-4.020296643247468,-2.0600000000000023,0.05055409637011498,4.703356752537088,2184485886.0
2024-11-13,48.57,54.1,54.1,48.38,224644282.0,11740730574.0,10.004066693777958,4.920000000000002,0.10283622496245325,11.630744204961365,2184485886.0
2024-11-14,54.47,52.58,55.03,52.29,195114568.0,10529295828.0,-2.8096118299445583,-1.5200000000000031,0.0893183010476086,5.064695009242148,2184485886.0
2024-11-15,52.87,52.96,56.38,52.83,189928635.0,10385019896.0,0.7227082540890217,0.38000000000000256,0.08694431775330774,6.751616584252576,2184485886.0
2024-11-18,53.87,48.25,54.24,47.66,165442716.0,8207257821.0,-8.893504531722051,-4.710000000000001,0.07573531010673694,12.424471299093666,2184485886.0
2024-11-19,47.2,47.66,47.96,45.51,128943053.0,6044962784.0,-1.22279792746115,-0.5900000000000034,0.05902672744483001,5.077720207253892,2184485886.0
2024-11-20,47.69,49.05,49.77,47.37,104671294.0,5131498449.0,2.9164918170373477,1.3900000000000006,0.0479157565955544,5.035669324381044,2184485886.0
2024-11-21,48.9,49.94,51.07,48.09,101276737.0,5056707844.0,1.8144750254841968,0.8900000000000006,0.04636181796781817,6.075433231396528,2184485886.0
2024-11-22,49.59,48.82,52.24,48.6,133218125.0,6760262845.0,-2.2426912294753687,-1.1199999999999974,0.06098374260679476,7.288746495794955,2184485886.0
2024-11-25,50.04,48.69,50.67,46.91,90911483.0,4388962800.0,-0.26628430970914163,-0.13000000000000256,0.041616878178355965,7.701761573125779,2184485886.0
2024-11-26,47.91,46.94,48.78,46.9,63659832.0,3040706029.0,-3.5941671801191233,-1.75,0.02914179139722764,3.861162456356547,2184485886.0
2024-11-27,46.82,48.38,48.4,46.38,65878381.0,3120429634.0,3.0677460587984706,1.4400000000000048,0.030157384592046754,4.30336599914784,2184485886.0
2024-11-28,48.4,47.72,49.08,47.67,58074797.0,2811825527.0,-1.3642000826788014,-0.6600000000000037,0.026590391942034844,2.914427449359232,2184051936.0
2024-11-29,47.4,51.2,52.42,47.31,155844163.0,7856545954.0,7.292539815590948,3.480000000000004,0.07135552064087912,10.708298407376361,2184051936.0
2024-12-02,50.89,51.04,51.38,50.39,87295210.0,4453201552.0,-0.31250000000000444,-0.1600000000000037,0.03996938376835376,1.933593750000004,2184051936.0
2024-12-03,51.04,49.77,51.28,49.26,76900285.0,3859608600.0,-2.4882445141065745,-1.269999999999996,0.03520991590558953,3.9576802507837052,2184051936.0
2024-12-04,49.96,49.77,50.65,49.31,67458177.0,3375035118.0,0.0,0.0,0.030886709188585888,2.6923849708659757,2184051936.0
2024-12-05,49.87,51.19,51.98,49.87,93918221.0,4840352156.0,2.853124372111693,1.4199999999999946,0.043001825850353774,4.239501707856137,2184051936.0
2024-12-06,52.27,51.71,52.82,50.77,87702554.0,4551823404.0,1.015823403008409,0.5200000000000031,0.040155892153656184,4.0046884157061875,2184051936.0
2024-12-09,51.73,52.57,54.1,51.73,91582247.0,4861529162.0,1.6631212531425188,0.8599999999999994,0.041932266119884064,4.583252755753247,2184051936.0
2024-12-10,54.1,54.39,56.68,52.68,152641172.0,8345556961.0,3.462050599201061,1.8200000000000003,0.06988898454473383,7.608902415826517,2184051936.0
2024-12-11,53.81,53.1,53.93,52.34,81031303.0,4307642435.0,-2.371759514616656,-1.2899999999999991,0.03710136268481117,2.9233314947600597,2184051936.0
2024-12-12,52.89,52.22,53.69,51.74,73388309.0,3850817468.0,-1.6572504708098013,-0.8800000000000026,0.033601906525358376,3.6723163841807827,2184051936.0
2024-12-13,51.89,50.86,52.54,50.75,68369835.0,3536434087.0,-2.6043661432401333,-1.3599999999999994,0.03130412508651992,3.4278054385292975,2184051936.0
2024-12-16,50.89,50.39,51.39,50.1,46652651.0,2364113042.0,-0.9241053873377925,-0.46999999999999886,0.021310323310714523,2.536374360990954,2189204280.0
2024-12-17,50.19,49.83,50.8,49.6,43940461.0,2208399717.0,-1.1113316134153672,-0.5600000000000023,0.02007143024587911,2.3814248858900493,2189204280.0
2024-12-18,49.9,50.49,50.99,49.51,44409009.0,2239341388.0,1.324503311258285,0.6600000000000037,0.020285456869287684,2.970098334336753,2189204280.0
2024-12-19,49.89,51.48,51.75,49.74,60221003.0,3076032672.0,1.9607843137254832,0.9899999999999949,0.0275081697720781,3.9809863339275062,2189204280.0
2024-12-20,51.18,51.64,52.39,50.88,60396855.0,3124270597.0,0.3108003108003077,0.1600000000000037,0.027588496675148105,2.9331779331779293,2189204280.0
2024-12-23,51.66,50.13,51.69,50.04,46323866.0,2353131611.0,-2.9240898528272607,-1.509999999999998,0.021160138605247018,3.1951975213013144,2189204280.0
2024-12-24,50.13,50.17,50.39,49.36,42544548.0,2124543802.0,0.0797925393975607,0.03999999999999915,0.019433795369703917,2.054657889487335,2189204280.0
2024-12-25,50.13,49.76,50.83,49.6,35629235.0,1787460601.0,-0.817221447079941,-0.4100000000000037,0.016274970465524577,2.4516643412397783,2189204280.0
2024-12-26,49.76,50.69,51.17,49.66,42953883.0,2181236822.0,1.8689710610932497,0.9299999999999997,0.019620774265981245,3.034565916398724,2189204280.0
2024-12-27,50.51,49.85,51.13,49.69,46529395.0,2352838834.0,-1.6571315841388712,-0.8399999999999963,0.02125402157536436,2.840797001380953,2189204280.0
2024-12-30,49.7,49.99,50.89,48.71,47296657.0,2366736372.0,0.2808425275827586,0.14000000000000057,0.02160449686312508,4.373119358074222,2189204280.0
2024-12-31,49.99,48.22,50.48,48.2,51430074.0,2521599846.0,-3.540708141628335,-1.7700000000000031,0.023493488112382468,4.560912182436475,2189120396.0
2025-01-02,47.92,46.2,48.12,45.9,55514657.0,2609222544.0,-4.189133139776013,-2.019999999999996,0.02535934391796695,4.603898797179591,2189120396.0
2025-01-03,46.36,44.38,46.52,44.35,52476776.0,2373980682.0,-3.9393939393939426,-1.8200000000000003,0.023971626273222114,4.6969696969697,2189120396.0
2025-01-06,44.31,44.31,45.31,43.93,29570815.0,1316446929.0,-0.1577287066246047,-0.07000000000000028,0.013508080713163298,3.109508787742232,2189120396.0
2025-01-07,44.46,45.11,45.14,44.21,32791879.0,1471804893.0,1.8054615211013259,0.7999999999999972,0.014979477172620524,2.0988490182802972,2189120396.0
2025-01-08,44.91,44.99,45.4,43.64,42800895.0,1913404368.0,-0.26601640434492646,-0.11999999999999744,0.019551640502827785,3.9015739303923698,2189120396.0
2025-01-09,44.88,45.31,45.99,44.73,34101338.0,1553088702.0,0.7112691709268759,0.3200000000000003,0.015577643907713152,2.800622360524572,2189120396.0
2025-01-10,45.4,44.71,46.0,44.71,34920089.0,1587914512.0,-1.3242109909512245,-0.6000000000000014,0.01595165303096468,2.8470536305451315,2189120396.0
2025-01-13,44.19,45.03,45.9,43.94,40761350.0,1842694016.0,0.7157235517781357,0.3200000000000003,0.018619967213534656,4.3838067546410215,2189120396.0
2025-01-14,45.15,46.91,47.07,44.8,57814700.0,2682180974.0,4.174994448145664,1.8799999999999955,0.026410013860197024,5.041083721963142,2189120396.0
2025-01-15,47.01,46.39,47.3,46.25,38280576.0,1787118742.0,-1.1085056491153211,-0.519999999999996,0.017486738541172497,2.238328714559789,2189120396.0
2025-01-16,46.88,48.06,49.7,46.86,87361768.0,4248842232.0,3.59991377452038,1.6700000000000017,0.0399072468374188,6.122009053675368,2189120396.0
2025-01-17,47.67,47.83,48.49,47.56,41741262.0,2005915068.0,-0.47856845609655085,-0.23000000000000398,0.019067595403281786,1.9350811485642938,2189120396.0
2025-01-20,48.41,47.71,48.59,47.56,34576759.0,1660325359.0,-0.2508885636629654,-0.11999999999999744,0.015794818349497485,2.153460171440521,2189120396.0
2025-01-21,47.99,48.07,48.19,47.4,34858794.0,1673157963.0,0.7545587927059394,0.35999999999999943,0.01592365320047934,1.6558373506602373,2189120396.0
2025-01-22,48.1,47.69,48.25,47.58,29033948.0,1393303243.0,-0.7905138339921014,-0.38000000000000256,0.01326283746341743,1.393800707301855,2189120396.0
2025-01-23,48.2,47.26,48.89,47.25,41005970.0,1974108700.0,-0.9016565317676695,-0.4299999999999997,0.018731710724968275,3.4388760746487743,2189120396.0
2025-01-24,47.25,49.71,50.38,47.15,89496034.0,4401497977.0,5.184088023698696,2.450000000000003,0.040882189103682354,6.8345323741007284,2189120396.0
2025-01-27,52.07,50.57,52.09,49.99,104183991.0,5310111058.0,1.7300341983504275,0.8599999999999994,0.0475917136354706,4.224502112251058,2189120396.0
2025-02-05,52.89,54.31,54.88,52.89,160069853.0,8669412283.0,7.395689143761119,3.740000000000002,0.07312062565973187,3.935139410717821,2189120396.0
2025-02-06,53.28,54.48,54.87,52.9,112012534.0,6070443551.0,0.3130178604308531,0.1699999999999946,0.051167827134894595,3.62732461793408,2189120396.0
2025-02-07,54.37,54.19,55.57,53.34,134241129.0,7332974004.0,-0.5323054331864863,-0.28999999999999915,0.06132194887283851,4.093245227606455,2189120396.0
2025-02-10,54.75,54.92,55.75,54.11,97813641.0,5379572637.0,1.3471120132865888,0.730000000000004,0.04468170922838544,3.0263886325890397,2189120396.0
2025-02-11,54.8,53.8,54.92,53.69,82880178.0,4507529028.0,-2.039329934450118,-1.1200000000000045,0.037860036456395976,2.239621267297895,2189120396.0
2025-02-12,53.74,53.98,54.38,53.5,59170308.0,3195595244.0,0.33457249070631967,0.17999999999999972,0.02702926166514964,1.6356877323420123,2189120396.0
2025-02-13,53.98,52.67,54.14,52.49,71903315.0,3827816345.0,-2.4268247499073636,-1.3099999999999952,0.032845756282469905,3.0566876620970707,2189120396.0
2025-02-14,52.67,54.46,54.62,52.04,100408661.0,5401839661.0,3.3985190810708277,1.7899999999999991,0.04586712598515299,4.898424150370227,2189120396.0
2025-02-17,55.16,54.93,56.0,54.31,96730635.0,5344949699.0,0.8630187293426239,0.46999999999999886,0.044186987237772736,3.103195005508626,2189120396.0
2025-02-18,54.96,53.71,56.38,53.5,84194849.0,4627403670.0,-2.2210085563444393,-1.2199999999999989,0.03846058405642848,5.24303659202622,2189120396.0
2025-02-19,53.79,54.3,54.7,53.28,59620858.0,3238198385.0,1.0984919009495275,0.5899999999999963,0.02723507492275907,2.64382796499721,2189120396.0
2025-02-20,54.39,53.51,54.77,53.19,60132595.0,3247555519.0,-1.4548802946592998,-0.7899999999999991,0.0274688386759702,2.9097605893186103,2189120396.0
2025-02-21,53.79,55.48,55.86,53.62,112183343.0,6165845053.0,3.681554849560831,1.9699999999999989,0.05124585345099494,4.186133433003181,2189120396.0
2025-02-24,55.74,57.33,59.24,55.08,137430781.0,7916747729.0,3.334534967555869,1.8500000000000014,0.06277899619002957,7.498197548666193,2189120396.0
2025-02-25,55.88,55.5,56.58,55.38,84354602.0,4720261616.0,-3.1920460491889013,-1.8299999999999983,0.03853355994221891,2.0931449502878,2189120396.0
2025-02-26,55.55,55.23,55.84,54.62,62457964.0,3451125967.0,-0.4864864864864926,-0.2700000000000031,0.028531077648412718,2.198198198198209,2189120396.0
2025-02-27,55.59,54.21,56.68,53.39,76704222.0,4203173120.0,-1.846822379141766,-1.019999999999996,0.03503883209902723,5.956907477820024,2189120396.0
2025-02-28,53.87,51.69,54.22,51.39,77489598.0,4079255569.0,-4.648588821250699,-2.520000000000003,0.03539759537282206,5.22043903338867,2189120396.0
2025-03-03,51.99,51.35,52.36,50.96,45800948.0,2375722061.0,-0.6577674598568284,-0.3399999999999963,0.020922078147774928,2.708454246469334,2189120396.0
2025-03-04,51.35,51.49,51.82,51.12,41752768.0,2152846784.0,0.2726387536514219,0.14000000000000057,0.01907285139560684,1.363193768257065,2189120396.0
2025-03-05,51.62,51.68,51.84,50.98,37823740.0,1949179855.0,0.36900369003689537,0.18999999999999773,0.017278053810613713,1.670227228588088,2189120396.0
2025-03-06,52.42,53.18,53.47,52.3,66154295.0,3509240582.0,2.9024767801857587,1.5,0.03021957820176465,2.263931888544895,2189120396.0
2025-03-07,53.18,52.26,53.38,52.0,47677146.0,2517897872.0,-1.7299736743136562,-0.9200000000000017,0.021779133795983324,2.594960511470483,2189120396.0
2025-03-10,53.25,52.04,53.47,51.48,41724953.0,2183869975.0,-0.42097206276310306,-0.21999999999999886,0.019060145379048397,3.8078836586299314,2189120396.0
2025-03-11,51.29,51.87,51.88,51.16,33967099.0,1754035243.0,-0.3266717909300554,-0.1700000000000017,0.015516322931377046,1.383551114527298,2189120396.0
2025-03-12,52.45,51.69,52.58,51.67,37360145.0,1949679908.0,-0.3470213996529803,-0.17999999999999972,0.017066281538587427,1.7543859649122744,2189120396.0
2025-03-13,51.71,50.39,52.17,50.24,41843454.0,2134423757.0,-2.5149932288643817,-1.2999999999999972,0.019114277166508115,3.733797639775585,2189120396.0
2025-03-14,50.39,51.14,51.29,50.32,34591159.0,1763592319.0,1.4883905536812847,0.75,0.01580139633398217,1.924985116094461,2189120396.0
2025-03-17,51.15,50.82,51.28,50.74,28514198.0,1455592093.0,-0.6257332811888894,-0.3200000000000003,0.013025413335923256,1.0559249120062557,2189120396.0
2025-03-18,50.99,50.85,51.39,50.71,26687380.0,1362468542.0,0.05903187721369996,0.030000000000001137,0.0121909146928436,1.3380558835104284,2189120396.0
2025-03-19,50.79,50.05,50.83,49.75,37116722.0,1861842582.0,-1.5732546705998107,-0.8000000000000043,0.016955084822114098,2.123893805309731,2189120396.0
2025-03-20,49.97,49.48,49.97,49.44,32390876.0,1612015023.0,-1.1388611388611358,-0.5700000000000003,0.014796297206487678,1.0589410589410613,2189120396.0
2025-03-21,49.47,48.44,49.47,48.37,35214755.0,1721864458.0,-2.1018593371059047,-1.0399999999999991,0.016086257779309457,2.2231204527081676,2189120396.0
2025-03-24,48.44,48.84,48.99,47.92,33733977.0,1641220381.0,0.8257638315441795,0.4000000000000057,0.015409831757832657,2.208918249380678,2189120396.0
2025-03-25,48.84,48.07,48.84,48.0,22070797.0,1068106343.0,-1.5765765765765827,-0.7700000000000031,0.01008203890490818,1.7199017199017268,2189120396.0
2025-03-26,48.1,48.16,48.4,48.0,15793967.0,762949224.0,0.18722696068234068,0.0899999999999963,0.007214754852615242,0.8321198252548336,2189120396.0
2025-03-27,48.1,48.18,48.49,47.63,18538149.0,893708231.0,0.04152823920267057,0.020000000000003126,0.008468309478945625,1.7857142857142845,2189120396.0
2025-03-28,48.2,47.71,48.3,47.7,17450692.0,838234994.0,-0.9755085097550853,-0.46999999999999886,0.00797155425160088,1.2453300124532882,2189120396.0
2025-03-31,47.47,47.47,47.68,46.79,22733083.0,1075276312.0,-0.5030391951372892,-0.240000000000002,0.01038457411549328,1.8654370153007767,2189120396.0
2025-04-01,47.56,47.95,48.5,47.56,21952614.0,1057841329.0,1.0111649462818617,0.480000000000004,0.0100280523812725,1.9801980198019753,2189120396.0
2025-04-02,47.96,48.15,48.33,47.7,15122705.0,729023549.0,0.4171011470281538,0.19999999999999574,0.0069081193650346855,1.3138686131386765,2189120396.0
2025-04-03,47.9,48.11,48.28,47.78,16168300.0,778357631.0,-0.08307372793353585,-0.03999999999999915,0.007385751843317073,1.0384215991692627,2189120396.0
2025-04-07,45.15,43.3,45.7,43.3,50661652.0,2236916751.0,-9.997921430056122,-4.810000000000002,0.0231424695017094,4.98856786530868,2189120396.0
2025-04-08,42.98,42.7,43.67,41.41,57554111.0,2453207610.0,-1.385681293302532,-0.5999999999999943,0.026290975638052574,5.219399538106248,2189120396.0
2025-04-09,41.84,43.35,43.56,41.11,50609420.0,2163598135.0,1.5222482435597096,0.6499999999999986,0.02311836291076953,5.737704918032794,2189143764.0
2025-04-10,44.24,44.07,45.0,43.61,41395115.0,1840316218.0,1.660899653979242,0.7199999999999989,0.018909272054551098,3.2064590542099203,2189143764.0
2025-04-11,43.79,44.44,44.78,43.66,28557793.0,1266631309.0,0.839573405945071,0.36999999999999744,0.01304518847488538,2.541411390968923,2189143764.0
2025-04-14,44.94,44.67,45.34,44.58,24037204.0,1081151388.0,0.517551755175516,0.23000000000000398,0.010980185219119304,1.7101710171017217,2189143764.0
2025-04-15,44.58,44.28,44.76,44.07,15768315.0,699705106.0,-0.8730691739422425,-0.39000000000000057,0.007202960015375217,1.544660846205502,2189143764.0
2025-04-16,44.12,44.15,44.22,43.36,19350855.0,850297554.0,-0.29358626919603337,-0.13000000000000256,0.008839462861334493,1.9421860885275506,2189143764.0
2025-04-17,43.91,44.06,44.59,43.87,17207622.0,763258128.0,-0.20385050962626883,-0.0899999999999963,0.007860434880054775,1.6308040770102061,2189143764.0
2025-04-18,43.9,44.4,44.46,43.66,16340086.0,722500722.0,0.771674988651827,0.3399999999999963,0.007464144780580066,1.8157058556513939,2189143764.0
2025-04-21,44.41,45.28,45.28,44.02,22377472.0,1006600036.0,1.981981981981984,0.8800000000000026,0.010222020302180574,2.8378378378378333,2189143764.0
2025-04-22,45.28,45.08,45.68,44.36,31395179.0,1411384327.0,-0.4416961130742081,-0.20000000000000284,0.014341305270255426,2.9151943462897534,2189143764.0
2025-04-23,45.43,45.0,45.7,44.72,25404487.0,1148098974.0,-0.17746228926353025,-0.0799999999999983,0.01160475954926823,2.1739130434782696,2189143764.0
2025-04-24,45.2,45.09,45.9,44.93,33767494.0,1535934607.0,0.20000000000000018,0.09000000000000341,0.01542497781794837,2.155555555555553,2189143764.0
2025-04-25,45.23,45.39,45.75,45.05,19837338.0,901025747.0,0.6653359946773074,0.29999999999999716,0.009061688102088484,1.5524506542470677,2189143764.0
2025-04-28,45.75,45.75,46.56,45.6,27133435.0,1248564820.0,0.793126239259756,0.35999999999999943,0.012394542307455327,2.1150033046926655,2189143764.0
2025-04-29,45.75,45.89,46.0,45.38,18703057.0,858987437.0,0.30601092896174187,0.14000000000000057,0.008543548992792417,1.3551912568305955,2189143764.0
2025-04-30,46.0,46.83,47.06,45.9,30813362.0,1442945388.0,2.0483765526258413,0.9399999999999977,0.014075531496249417,2.527783830899986,2189143764.0
2025-05-06,47.12,47.68,47.77,47.06,34097359.0,1621584079.0,1.8150758061072025,0.8500000000000014,0.015575660018644622,1.5161221439248365,2189143764.0
2025-05-07,48.26,47.6,48.29,47.25,28735174.0,1372945864.0,-0.1677852348993203,-0.0799999999999983,0.013126216045078343,2.1812080536912735,2189143764.0
2025-05-08,47.4,48.16,48.35,47.31,24941215.0,1200677559.0,1.17647058823529,0.5599999999999952,0.011393137084075033,2.18487394957983,2189143764.0
2025-05-09,47.9,47.37,47.9,46.9,23849668.0,1131262281.0,-1.6403654485049768,-0.7899999999999991,0.010894518848968568,2.0764119601328903,2189143764.0
2025-05-12,47.46,47.6,47.84,47.31,20020694.0,954163189.0,0.485539370909871,0.23000000000000398,0.009145445049903082,1.1188515938357635,2189143764.0
2025-05-13,48.0,47.57,48.08,47.31,19528250.0,932352338.0,-0.06302521008403339,-0.030000000000001137,0.008920496826721884,1.617647058823521,2189143764.0
2025-05-14,47.58,47.66,47.86,47.15,19757045.0,939830222.0,0.1891948707168245,0.0899999999999963,0.009025010291649352,1.4925373134328375,2189143764.0
2025-05-15,47.67,46.9,47.7,46.7,20430005.0,964414027.0,-1.5946286193873282,-0.759999999999998,0.009332418151775618,2.0981955518254303,2189143764.0
2025-05-16,46.65,46.72,47.01,46.51,13076678.0,612787600.0,-0.3837953091684443,-0.17999999999999972,0.005973421305189347,1.0660980810234542,2189143764.0
2025-05-19,46.6,46.93,47.0,46.27,12857366.0,601711592.0,0.44948630136987244,0.21000000000000085,0.005873239670887142,1.5624999999999933,2189143764.0
2025-05-20,46.83,47.21,47.22,46.59,12810250.0,603152378.0,0.596633283613901,0.28000000000000114,0.0058517171008418065,1.3424248881312497,2189143764.0
2025-05-21,47.14,46.54,47.39,46.42,17901572.0,838882260.0,-1.4191908493963235,-0.6700000000000017,0.008177430963825909,2.054649438678244,2189143764.0
2025-05-22,46.35,46.61,47.06,46.25,14630696.0,684520477.0,0.1504082509669047,0.07000000000000028,0.0066832961090078505,1.7404383326171087,2189143764.0
2025-05-23,46.43,45.94,46.85,45.91,16991550.0,789289350.0,-1.4374597725809957,-0.6700000000000017,0.007761733276462879,2.0167346063076694,2189143764.0
2025-05-26,45.93,46.02,46.26,45.86,11914086.0,549763485.0,0.17414018284720445,0.0800000000000054,0.005442349742362558,0.8707009142359569,2189143764.0
2025-05-27,45.99,45.72,46.19,45.6,11892981.0,546209521.0,-0.6518904823989646,-0.30000000000000426,0.005432708986763466,1.282051282051274,2189143764.0
2025-05-28,45.73,45.41,45.95,45.31,10519784.0,479582352.0,-0.6780402449693801,-0.3100000000000023,0.004805433143768624,1.3998250218722672,2189143764.0
2025-05-29,45.42,46.58,46.6,45.41,19895041.0,922242365.0,2.576524994494611,1.1700000000000017,0.009088046809519633,2.6205681567936687,2189143764.0
2025-05-30,46.26,45.93,46.49,45.92,13419432.0,619392563.0,-1.3954486904250718,-0.6499999999999986,0.0061299911959550955,1.2237011592958358,2189143764.0
2025-06-03,46.36,47.78,48.12,46.2,49798647.0,2382244229.0,4.027868495536691,1.8500000000000014,0.022748002127100136,4.180274330502928,2189143764.0
2025-06-04,47.71,47.89,48.0,47.48,21545355.0,1031477151.0,0.23022185014649477,0.10999999999999943,0.009841909587807226,1.0883214734198474,2189143764.0
2025-06-05,48.06,48.51,48.65,47.81,30240338.0,1463789799.0,1.294633535184797,0.6199999999999974,0.013813774361143328,1.7540196283148803,2189143764.0
2025-06-06,48.45,48.67,48.86,48.29,24049649.0,1171522047.0,0.32982890125747844,0.1600000000000037,0.010985870090165535,1.1750154607297472,2189143764.0
2025-06-09,48.79,48.72,48.97,48.43,20048427.0,979446878.0,0.10273268954179571,0.04999999999999716,0.009158113473263878,1.1095130470515702,2189143764.0
2025-06-10,48.65,47.9,48.74,47.5,31094195.0,1494901302.0,-1.6830870279146093,-0.8200000000000003,0.014203815898863005,2.5451559934318597,2189143764.0
2025-06-11,47.98,48.0,48.7,47.98,16200853.0,783483801.0,0.20876826722338038,0.10000000000000142,0.007400543201602177,1.5031315240083631,2189143764.0
2025-06-12,48.03,47.84,48.19,47.73,18636733.0,895737673.0,-0.33333333333332993,-0.1599999999999966,0.008513252215992882,0.9583333333333351,2189143764.0
2025-06-13,47.65,47.76,48.27,47.13,56537374.0,2699870027.0,-0.16722408026756952,-0.0800000000000054,0.02582624993832977,2.38294314381271,2189143764.0
2025-06-16,47.61,47.8,48.56,47.48,19790403.0,948634495.0,0.08375209380233617,0.03999999999999915,0.0090402482127711,2.261306532663328,2189143764.0
2025-06-17,47.9,47.53,48.1,47.41,13700904.0,654492117.0,-0.5648535564853452,-0.269999999999996,0.006258567493514327,1.4435146443514746,2189143764.0
2025-06-18,47.54,47.59,47.79,47.18,14994700.0,712930440.0,0.1262360614348923,0.060000000000002274,0.006849572991314974,1.2833999579213116,2189143764.0
2025-06-19,47.56,46.86,47.85,46.76,17781842.0,843532233.0,-1.5339357007774779,-0.730000000000004,0.008122738347484794,2.2903971422567837,2189143764.0
2025-06-20,46.8,45.74,47.11,45.7,21683333.0,1003125528.0,-2.390098164746046,-1.1199999999999974,0.009904937883284672,3.0089628681177905,2189143764.0
2025-06-23,45.6,45.92,46.07,45.42,14934302.0,685801697.0,0.3935286401399285,0.17999999999999972,0.006821983208956577,1.4210756449497126,2189143764.0
2025-06-24,46.07,46.64,46.65,45.9,20628058.0,959977493.0,1.5679442508710784,0.7199999999999989,0.009422888683340031,1.633275261324042,2189143764.0
2025-06-25,46.64,47.45,47.45,46.4,23443494.0,1103632972.0,1.7367066895368932,0.8100000000000023,0.01070897872744734,2.251286449399666,2189143764.0
2025-06-26,47.48,47.26,47.98,47.24,21682994.0,1033431902.0,-0.40042149631192014,-0.19000000000000483,0.009904783028219613,1.5595363540568912,2189143764.0
2025-06-27,47.28,47.14,47.64,47.09,17120645.0,811269407.0,-0.2539145154464628,-0.11999999999999744,0.00782070382107623,1.163774862462965,2189143764.0
2025-06-30,47.15,47.78,47.8,47.14,18938275.0,902438057.0,1.3576580398812155,0.6400000000000006,0.008651187210128024,1.4000848536274852,2189095501.0
2025-07-01,47.83,47.73,47.98,47.3,17824468.0,851643562.0,-0.10464629552114912,-0.05000000000000426,0.008142389398661506,1.4231896190874838,2189095501.0
2025-07-02,47.42,47.04,47.6,46.8,17210343.0,811718968.0,-1.4456316781898182,-0.6899999999999977,0.007861851158224093,1.6760946993505226,2189095501.0
2025-07-03,46.98,47.02,47.23,46.81,12224599.0,575593366.0,-0.04251700680271142,-0.01999999999999602,0.005584315071871321,0.8928571428571314,2189095501.0
2025-07-04,47.11,46.91,47.35,46.55,15829904.0,742840139.0,-0.23394300297746584,-0.11000000000000654,0.007231253270023508,1.7014036580178737,2189095501.0
2025-07-07,46.88,46.33,46.89,46.28,14024001.0,651435797.0,-1.2364101470901723,-0.5799999999999983,0.006406299311105295,1.3003623960775943,2189095501.0
2025-07-08,46.33,46.84,46.85,46.1,16623691.0,775425259.0,1.1007986186056584,0.5100000000000051,0.0075938628499332885,1.6188214979494928,2189095501.0
2025-07-09,46.84,46.82,47.15,46.7,17713391.0,830515335.0,-0.0426985482493647,-0.020000000000003126,0.008091648350612548,0.9607173356105801,2189095501.0
2025-07-10,46.77,46.81,47.0,46.58,15070165.0,705286547.0,-0.021358393848780466,-0.00999999999999801,0.006884197145860381,0.8970525416488717,2189095501.0
2025-07-11,46.49,46.98,47.11,44.98,45847573.0,2118150736.0,0.36317026276435627,0.1699999999999946,0.02094361483044316,4.550309762871187,2189095501.0
2025-07-14,46.94,46.37,46.94,46.33,20916354.0,972179829.0,-1.2984248616432548,-0.6099999999999994,0.009554792831306448,1.2984248616432512,2189095501.0
2025-07-15,46.33,47.24,47.38,46.02,34173865.0,1596294259.0,1.8762130687944856,0.8700000000000045,0.015610952096146125,2.9329307742074606,2189095501.0
2025-07-16,47.36,47.08,47.86,46.91,28258789.0,1338939509.0,-0.3386960203217715,-0.1600000000000037,0.0129088881627554,2.0110076206604632,2189095501.0
2025-07-17,47.08,47.6,47.94,46.83,30897041.0,1463258311.0,1.1045029736618694,0.5200000000000031,0.014114067196194013,2.3576890399320294,2189095501.0
2025-07-18,47.76,47.66,48.5,47.48,33241377.0,1592677048.0,0.12605042016806678,0.05999999999999517,0.01518498255778015,2.1428571428571495,2189095501.0
2025-07-21,47.78,47.92,48.07,47.55,23950269.0,1145416696.0,0.5455308434746176,0.2600000000000051,0.010940714550397315,1.0910616869492302,2189095501.0
2025-07-22,47.72,47.52,47.86,47.3,20930697.0,994319557.0,-0.8347245409014992,-0.3999999999999986,0.009561344852446436,1.1686143572621082,2189095501.0
2025-07-23,47.49,47.7,48.09,47.45,27186748.0,1298187325.0,0.37878787878786735,0.17999999999999972,0.012419169464091826,1.346801346801348,2189095501.0
2025-07-24,47.8,48.25,48.28,47.61,31228686.0,1499661236.0,1.1530398322851187,0.5499999999999972,0.014265565840199496,1.404612159329144,2189095501.0
2025-07-25,48.88,50.19,50.62,48.88,92633575.0,4622057873.0,4.020725388601032,1.9399999999999977,0.042315913105519645,3.6062176165803006,2189095501.0
2025-07-28,50.18,49.29,50.18,49.0,49602060.0,2445167752.0,-1.7931858936042988,-0.8999999999999986,0.02265870080923436,2.3510659493923085,2189095501.0
2025-07-29,49.05,49.01,49.29,48.35,37164091.0,1811638309.0,-0.5680665449381284,-0.28000000000000114,0.016976916257432844,1.9070805437208314,2189095501.0
2025-07-30,48.72,48.41,49.06,48.08,29343059.0,1426389948.0,-1.2242399510304036,-0.6000000000000014,0.013404193186910213,1.9995919200163315,2189095501.0
2025-07-31,48.53,48.78,49.89,48.53,55961722.0,2748856438.0,0.7643048956827103,0.37000000000000455,0.025563855927910016,2.8093369138607716,2189095501.0
2025-08-01,49.31,48.62,49.38,47.81,42915568.0,2080777938.0,-0.328003280032807,-0.1600000000000037,0.019604246585128767,3.218532185321854,2189095501.0
2025-08-04,48.28,49.07,49.07,48.11,29384906.0,1433134022.0,0.9255450431921108,0.45000000000000284,0.013423309301296673,1.9744960921431527,2189095501.0
2025-08-05,49.08,48.96,49.16,48.41,27658415.0,1348725534.0,-0.2241695536987942,-0.10999999999999943,0.01263463151213155,1.5284287752190748,2189095501.0
2025-08-06,48.92,49.04,49.15,48.7,27152583.0,1329859867.0,0.16339869281045694,0.0799999999999983,0.012403562561613433,0.9191176470588149,2189095501.0
2025-08-07,49.04,48.88,49.44,48.6,25836779.0,1264121092.0,-0.32626427406198255,-0.1599999999999966,0.011802490566627865,1.712887438825441,2189095501.0
2025-08-08,48.88,48.22,48.88,48.16,27427322.0,1327548820.0,-1.3502454991816792,-0.6600000000000037,0.012529065994366593,1.4729950900163788,2189095501.0
2025-08-11,48.21,49.06,49.6,48.18,35387023.0,1726009250.0,1.7420157610949838,0.8400000000000034,0.016165134405435884,2.944836167565329,2189095501.0
2025-08-12,49.0,48.72,49.01,48.48,28885526.0,1406015152.0,-0.6930289441500315,-0.3400000000000034,0.013195187686788819,1.0803098247044458,2189095501.0
2025-08-13,48.77,48.91,49.07,48.56,34233084.0,1673255201.0,0.38998357963875296,0.18999999999999773,0.01563800390817212,1.0467980295566461,2189095501.0
2025-08-14,48.99,48.53,49.69,48.41,46571067.0,2285567494.0,-0.7769372316499545,-0.37999999999999545,0.021274113888008032,2.617051727663057,2189095501.0
2025-08-15,48.48,49.07,49.1,48.19,38055064.0,1854512874.0,1.1127137852874558,0.5399999999999991,0.017383921342223798,1.8751287863177493,2189095501.0
2025-08-18,49.19,49.81,50.21,49.13,65103659.0,3242150312.0,1.5080497248828317,0.740000000000002,0.029739981179560244,2.2009374363154643,2189095501.0
2025-08-19,49.81,49.67,50.21,49.6,44787185.0,2234673597.0,-0.28106805862276873,-0.14000000000000057,0.020459219334899175,1.2246536839991957,2189095501.0
2025-08-20,49.67,50.5,50.66,49.1,55934119.0,2790261899.0,1.671028790014084,0.8299999999999983,0.025551246610505916,3.1407288101469604,2189095501.0
2025-08-21,50.67,50.98,51.79,50.66,73796443.0,3781221222.0,0.9504950495049513,0.4799999999999969,0.0337109289961489,2.2376237623762427,2189095501.0
2025-08-22,50.31,52.22,52.4,50.0,99770900.0,5137275825.0,2.432326402510787,1.240000000000002,0.04557631220493747,4.707728520988621,2189095501.0
2025-08-25,53.0,52.2,53.25,51.5,96899580.0,5063588058.0,-0.03829950210646471,-0.01999999999999602,0.044264665454629704,3.351206434316354,2189095501.0
2025-08-26,52.2,52.05,52.62,51.85,57884179.0,3018639472.0,-0.287356321839094,-0.15000000000000568,0.026442052881456266,1.4750957854406053,2189095501.0
2025-08-27,54.0,52.68,56.18,52.65,161256085.0,8790187019.0,1.2103746397694515,0.6300000000000026,0.07366333945976165,6.781940441882807,2189095501.0
2025-08-28,52.03,53.7,53.71,51.79,107102870.0,5638298276.0,1.9362186788155045,1.0200000000000031,0.04892562702315836,3.6446469248291606,2189095501.0
2025-08-29,53.78,53.35,54.35,52.68,70012709.0,3737377748.0,-0.6517690875232796,-0.3500000000000014,0.03198248270485117,3.1098696461824984,2189095501.0
2025-09-01,53.88,53.14,54.37,52.88,57969380.0,3092559362.0,-0.3936269915651325,-0.21000000000000085,0.02648097352240641,2.792877225866907,2189095501.0
2025-09-02,53.14,53.4,54.3,51.85,97966858.0,5207733280.0,0.4892736168611078,0.259999999999998,0.044752208368820726,4.610462928114407,2189095501.0
2025-09-03,53.11,51.1,53.53,51.0,71955665.0,3743851068.0,-4.307116104868913,-2.299999999999997,0.03287004379988445,4.737827715355807,2189095501.0
2025-09-04,51.12,49.2,51.46,48.19,72813603.0,3625928129.0,-3.7181996086105618,-1.8999999999999986,0.033261958177127515,6.399217221135036,2189095501.0
2025-09-05,49.19,49.89,50.0,48.31,50549169.0,2487573905.0,1.402439024390234,0.6899999999999977,0.023091349361829418,3.4349593495934907,2189095501.0
2025-09-08,50.05,52.7,53.77,50.05,111817519.0,5856961667.0,5.632391260773706,2.8100000000000023,0.05107932429120642,7.456404088995802,2189095501.0
2025-09-09,52.01,50.31,52.32,50.28,67373879.0,3433665891.0,-4.535104364326381,-2.3900000000000006,0.03077703963542155,3.8709677419354818,2189095501.0
2025-09-10,50.35,50.17,50.87,50.1,34180978.0,1724253923.0,-0.2782746968793437,-0.14000000000000057,0.015614201383350247,1.5305108328364063,2189095501.0
2025-09-11,50.47,51.49,51.49,49.72,53469569.0,2721586223.0,2.6310544149890314,1.3200000000000003,0.024425416330888527,3.5280047837353066,2189095501.0
2025-09-12,51.54,51.47,52.66,51.38,62268666.0,3235648545.0,-0.038842493688096,-0.020000000000003126,0.02844492895424392,2.485919596038054,2189095501.0
2025-09-15,51.49,51.6,52.11,51.13,42784169.0,2207847573.0,0.2525743151350346,0.13000000000000256,0.019544222250904894,1.9040217602486826,2189095501.0
2025-09-16,51.6,52.27,52.65,51.36,54788971.0,2855578250.0,1.2984496124031075,0.6700000000000017,0.025028131927077583,2.4999999999999982,2189095501.0
2025-09-17,52.25,52.4,52.75,51.7,49909695.0,2603880299.0,0.24870862827623963,0.12999999999999545,0.022799231452990867,2.008800459154385,2189095501.0
2025-09-18,52.43,52.58,54.26,51.8,100956565.0,5363628288.0,0.34351145038167274,0.17999999999999972,0.04611793544588715,4.6946564885496205,2189095501.0
2025-09-19,52.58,52.8,53.92,52.17,74461813.0,3962036238.0,0.4184100418409997,0.21999999999999886,0.034014876448279725,3.3282616964625333,2189095501.0
2025-09-22,53.25,53.2,53.77,52.59,62664549.0,3331938106.0,0.7575757575757791,0.4000000000000057,0.02862577213802423,2.2348484848484844,2189095501.0
2025-09-23,53.31,51.65,53.36,50.75,77932340.0,4035116424.0,-2.913533834586479,-1.5500000000000043,0.035600246752322935,4.906015037593984,2189095501.0
2025-09-24,51.25,55.05,55.99,51.05,159476440.0,8653428484.0,6.582768635043568,3.3999999999999986,0.07285038040923734,9.564375605033892,2189095501.0
2025-09-25,54.5,56.17,56.66,54.4,123458703.0,6893545690.0,2.034514078110816,1.1200000000000045,0.05639712974769848,4.105358764759306,2189095501.0
2025-09-26,55.8,54.2,56.0,54.13,79625927.0,4368605054.0,-3.507210254584292,-1.9699999999999989,0.03637389367600733,3.3291792771942275,2189095501.0
2025-09-29,54.25,53.95,54.9,53.61,58830414.0,3178034501.0,-0.46125461254612476,-0.25,0.026874302182397114,2.3800738007380056,2189095501.0
2025-09-30,54.85,56.05,56.42,54.3,97079854.0,5402759284.0,3.8924930491195386,2.0999999999999943,0.04434701636162195,3.9295644114921306,2189095501.0
2025-10-09,56.4,59.64,60.99,55.66,157332469.0,9192616377.0,6.404995539696712,3.5900000000000034,0.0718709937177839,9.509366636931322,2189095501.0
2025-10-10,58.5,55.97,59.07,55.66,119966108.0,6841558737.0,-6.153588195841719,-3.6700000000000017,0.05480167856779127,5.7176391683434,2189095501.0
2025-10-13,53.77,55.42,56.5,53.71,81288285.0,4497019125.0,-0.9826692871180986,-0.5499999999999972,0.03713327489041329,4.984813292835446,2189095501.0
2025-10-14,56.0,52.9,56.26,52.82,86805592.0,4701299402.0,-4.547094911584271,-2.520000000000003,0.0396536340969804,6.207145434861057,2189095501.0
2025-10-15,53.06,54.48,54.55,52.51,58826099.0,3154843096.0,2.986767485822295,1.5799999999999983,0.026872331048658073,3.856332703213609,2189095501.0
2025-10-16,53.97,53.71,54.24,53.37,40501586.0,2174948131.0,-1.413362701908949,-0.769999999999996,0.01850151625705616,1.59691629955948,2189095501.0
2025-10-17,53.72,51.34,53.72,51.27,62899897.0,3272441723.0,-4.41258611059393,-2.3699999999999974,0.02873328138094785,4.561534164959962,2189095501.0
2025-10-20,52.17,51.35,52.6,51.07,43331365.0,2243922144.0,0.019477989871430346,0.00999999999999801,0.019794186676737408,2.9801324503311277,2189095501.0
2025-10-21,52.53,52.6,53.26,51.88,52993725.0,2778513306.0,2.434274586173313,1.25,0.024208046188844642,2.687439143135337,2189095501.0
2025-10-22,52.3,51.75,52.36,51.64,33891044.0,1757583526.0,-1.615969581749055,-0.8500000000000014,0.015481756727615694,1.3688212927756631,2189095501.0
2025-10-23,51.82,51.85,52.1,50.69,35494526.0,1819513374.0,0.19323671497584183,0.10000000000000142,0.016214242815713504,2.7246376811594275,2189095501.0
2025-10-24,52.27,52.55,52.75,52.12,46709029.0,2450064703.0,1.3500482160077043,0.6999999999999957,0.02133713626411587,1.2150433944069479,2189095501.0
2025-10-27,53.2,52.82,53.53,52.56,50969978.0,2697902337.0,0.5137963843958149,0.2700000000000031,0.023283578983519185,1.845861084681254,2189095501.0
2025-10-28,52.79,53.59,54.48,52.46,71984100.0,3865422283.0,1.4577811435062538,0.7700000000000031,0.0328830331829365,3.8243089738735256,2189095501.0
2025-10-29,53.34,53.99,53.99,53.01,51181606.0,2744158443.0,0.7464079119238631,0.3999999999999986,0.023380252700998996,1.82869938421348,2189095501.0
2025-10-30,53.7,54.02,55.15,53.43,74352501.0,4042739344.0,0.05556584552695032,0.030000000000001137,0.033964941669303625,3.1857751435450985,2189095501.0
2025-10-31,54.11,55.6,55.83,54.1,85594598.0,4735820623.0,2.924842650870052,1.5799999999999983,0.03910044032382304,3.202517586079224,2189095501.0
2025-11-03,56.28,55.6,56.38,54.71,66267134.0,3673186707.0,0.0,0.0,0.030269325795943106,3.0035971223021614,2189250413.0
2025-11-04,54.9,54.09,54.9,53.71,56357496.0,3058841264.0,-2.715827338129495,-1.509999999999998,0.025742827620514875,2.1402877697841682,2189250413.0
2025-11-05,53.01,52.77,53.39,52.09,56542146.0,2977680525.0,-2.4403771491957826,-1.3200000000000003,0.02582717155801217,2.403401737844328,2189250413.0
2025-11-06,52.78,53.6,54.6,52.38,49475837.0,2636640397.0,1.5728633693386396,0.8299999999999983,0.022599441665607213,4.206935758953949,2189250413.0
2025-11-07,53.15,52.52,53.27,52.5,38475085.0,2030721679.0,-2.014925373134324,-1.0799999999999983,0.017574547329775928,1.4365671641791102,2189250413.0
2025-11-10,52.66,52.91,53.42,52.66,34712189.0,1840704652.0,0.742574257425721,0.38999999999999346,0.015855741670242635,1.4470677837014567,2189250413.0
2025-11-11,53.02,51.48,53.15,51.2,52203179.0,2717365847.0,-2.7027027027026973,-1.4299999999999997,0.02384522971424923,3.685503685503678,2189250413.0
2025-11-12,51.48,50.55,51.68,50.18,38068571.0,1932575700.0,-1.8065268065268092,-0.9299999999999997,0.017388860942514756,2.913752913752914,2189250413.0
2025-11-13,50.54,50.87,51.06,50.37,27468832.0,1394510651.0,0.6330365974282826,0.3200000000000003,0.012547140261747664,1.3649851632047574,2189250413.0
2025-11-14,50.4,49.98,50.54,49.98,30107385.0,1510723296.0,-1.7495576960880665,-0.8900000000000006,0.013752371506347182,1.1008452919205864,2189250413.0
2025-11-17,49.9,50.56,50.9,49.82,29297838.0,1476611348.0,1.1604641856742814,0.5800000000000054,0.01338258877377679,2.160864345738292,2189250413.0
2025-11-18,50.4,51.55,52.0,50.1,45693349.0,2343992656.0,1.9580696202531556,0.9899999999999949,0.02087168682425184,3.7579113924050604,2189250413.0
2025-11-19,51.46,50.92,51.49,50.55,29111328.0,1484210466.0,-1.2221144519883542,-0.6299999999999955,0.013297395230410309,1.8234723569350242,2189250413.0
2025-11-20,51.3,50.1,51.4,50.08,24210821.0,1222637641.0,-1.610369206598583,-0.8200000000000003,0.01105895463407639,2.5923016496465046,2189250413.0
2025-11-21,49.54,49.2,50.2,48.64,37714069.0,1859923804.0,-1.7964071856287345,-0.8999999999999986,0.017226932458731026,3.113772455089825,2189250413.0
2025-11-24,49.8,50.55,50.84,48.83,41529696.0,2077273344.0,2.7439024390243816,1.3499999999999943,0.018969824444655704,4.085365853658547,2189250413.0
2025-11-25,50.66,50.53,51.58,50.46,40604112.0,2069265044.0,-0.039564787339263496,-0.01999999999999602,0.018547038638836607,2.215628090999006,2189250413.0
2025-11-26,50.11,50.02,50.74,49.9,30017760.0,1507441648.0,-1.009301405105878,-0.509999999999998,0.0137114328364409,1.6623787848802758,2189250413.0
2025-11-27,50.03,49.37,50.49,49.33,28779929.0,1435825349.0,-1.2994802079168477,-0.6500000000000057,0.01314601967372108,2.3190723710515866,2189250413.0
2025-11-28,49.45,49.52,49.68,49.18,20985265.0,1037150024.0,0.30382823577073115,0.15000000000000568,0.009585593715267692,1.01276078590237,2189250413.0
2025-12-01,49.82,50.08,50.3,49.45,28084370.0,1403439786.0,1.1308562197092087,0.5599999999999952,0.012828304077611244,1.7164781906300368,2189250413.0
2025-12-02,50.15,49.49,50.2,49.43,21049314.0,1046033644.0,-1.1781150159744347,-0.5899999999999963,0.009614849847695336,1.5375399361022426,2189250413.0
2025-12-03,49.55,48.51,49.61,48.5,27198473.0,1330140841.0,-1.980198019801993,-0.980000000000004,0.012423646394442864,2.2428773489593845,2189250413.0
2025-12-04,48.46,48.63,48.79,48.08,19780200.0,958420508.0,0.24737167594310883,0.12000000000000455,0.009035147319165996,1.4636157493300368,2189250413.0
2025-12-05,48.63,48.83,49.06,48.2,21320021.0,1036382488.0,0.41126876413735136,0.19999999999999574,0.009738502673517595,1.7684556857906628,2189250413.0
2025-12-08,49.06,49.18,49.41,48.9,23956216.0,1177586876.0,0.7167724759369332,0.3500000000000014,0.010942656837128115,1.0444398935080852,2189250413.0
2025-12-09,49.18,48.63,49.31,48.51,21278868.0,1040111090.0,-1.1183407889385877,-0.5499999999999972,0.009719704915273207,1.6266775111834164,2189250413.0
2025-12-10,48.4,49.16,49.18,48.1,23390462.0,1138057622.0,1.089862224964011,0.529999999999994,0.010684233224808349,2.2208513263417604,2189250413.0
2025-12-11,49.25,48.87,49.28,48.85,21127203.0,1036437914.0,-0.589910496338486,-0.28999999999999915,0.009650427778633472,0.8746948738812037,2189250413.0
2025-12-12,48.8,49.7,49.82,48.71,40063623.0,1980640770.0,1.6983834663392816,0.8300000000000054,0.018300155506239934,2.2713321055862483,2189250413.0
2025-12-15,49.5,49.87,50.38,49.2,30288338.0,1509499654.0,0.3420523138832898,0.1699999999999946,0.013835026737985135,2.3742454728370213,2189250413.0
2025-12-16,49.66,48.75,49.86,48.75,21558527.0,1058375712.0,-2.2458391818728662,-1.1199999999999974,0.009847446811923932,2.2257870463204323,2189250413.0
2025-12-17,48.74,49.33,49.42,48.51,21704079.0,1063011608.0,1.189743589743597,0.5799999999999983,0.009913931668629083,1.866666666666674,2189250413.0
2025-12-18,48.91,48.66,49.33,48.66,17993019.0,881133855.0,-1.3581998783701588,-0.6700000000000017,0.008218803519759801,1.3581998783701636,2189250413.0
2025-12-19,48.75,48.8,48.96,48.66,15812949.0,772071318.0,0.28771064529387047,0.14000000000000057,0.007222996924472888,0.6165228113440285,2189250413.0
2025-12-22,48.94,49.05,49.24,48.76,20540101.0,1006958365.0,0.5122950819672178,0.25,0.00938225288346674,0.9836065573770574,2189250413.0
2025-12-23,49.01,48.62,49.05,48.58,20332108.0,990285842.0,-0.8766564729867476,-0.4299999999999997,0.009287246392311176,0.9582059123343504,2189250413.0
2025-12-24,48.63,48.73,48.9,48.45,20168442.0,981671775.0,0.2262443438914019,0.10999999999999943,0.0092124874707058,0.9255450431920933,2189250413.0
2025-12-25,48.8,48.75,48.9,48.37,24945060.0,1213394427.0,0.04104247896572488,0.020000000000003126,0.011394338378046476,1.087625692591835,2189250413.0
2025-12-26,48.76,48.84,49.35,48.62,29547418.0,1447838262.0,0.18461538461538307,0.09000000000000341,0.013496591264546219,1.4974358974359054,2189250413.0
2025-12-29,48.87,49.02,49.3,48.46,34137194.0,1667284547.0,0.3685503685503688,0.17999999999999972,0.015593096978440538,1.7199017199017124,2189250413.0
2025-12-30,48.71,48.95,49.16,48.66,29672777.0,1451104870.0,-0.1427988576091388,-0.07000000000000028,0.013553852416242526,1.0199918400652794,2189250413.0
2025-12-31,49.5,50.29,50.79,49.5,66144393.0,3323210618.0,2.73748723186924,1.3399999999999963,0.030212676907021157,2.6353421859039816,2189292700.0
2026-01-05,51.0,53.84,54.54,51.0,134685730.0,7127686667.0,7.059057466693197,3.5500000000000043,0.061520202392306884,7.039172797772915,2189292700.0
2026-01-06,54.07,53.89,54.59,53.18,112052553.0,6031721441.0,0.0928677563150071,0.04999999999999716,0.05118207949078714,2.618870728083216,2189292700.0
2026-01-07,53.91,53.02,54.22,52.57,82805682.0,4416441016.0,-1.614399703098901,-0.8699999999999974,0.03782302932814785,3.06179254035999,2189292700.0
2026-01-08,53.73,53.41,54.46,53.1,77902465.0,4176899690.0,0.7355714824594406,0.38999999999999346,0.035583394125417764,2.5650697849867963,2189292700.0
2026-01-09,53.15,55.6,55.85,52.92,141793653.0,7736755063.0,4.100355738625727,2.190000000000005,0.06476687790536186,5.485864070398802,2189292700.0
2026-01-12,57.5,59.6,60.5,57.3,199793135.0,11794942724.0,7.194244604316546,4.0,0.09125921581888068,5.7553956834532425,2189292700.0
2026-01-13,61.02,60.89,65.0,60.8,223585590.0,13858254114.0,2.1644295302013505,1.2899999999999991,0.10212686042391682,7.046979865771817,2189292700.0
2026-01-14,61.26,62.64,64.5,61.26,209243343.0,13132728031.0,2.874035145344056,1.75,0.09557577339932664,5.321070783379868,2189292700.0
2026-01-15,61.66,63.39,66.3,61.54,149937186.0,9570270505.0,1.1973180076628287,0.75,0.06848658747183509,7.598978288633458,2189292700.0
2026-01-16,61.54,63.7,67.5,61.52,157239198.0,10160664529.0,0.48903612557185117,0.3100000000000023,0.07182191673137174,9.433664615870006,2189292700.0
2026-01-19,63.78,61.05,65.02,60.81,149168201.0,9286832583.0,-4.160125588697028,-2.6500000000000057,0.06813533932671496,6.609105180533742,2189292700.0
2026-01-20,61.5,58.63,61.83,58.02,120442957.0,7132471424.0,-3.963963963963957,-2.4199999999999946,0.05501455196009195,6.240786240786233,2189292700.0
2026-01-21,58.03,58.09,59.23,57.85,71692267.0,4194035246.0,-0.921030189322869,-0.5399999999999991,0.03274677113754593,2.3537438171584437,2189292700.0
2026-01-22,58.6,58.44,59.77,58.11,63777036.0,3746334575.0,0.6025133413668282,0.3499999999999943,0.029131342739141277,2.857634704768469,2189292700.0
2026-01-23,59.0,58.75,59.3,58.11,69505794.0,4083467558.0,0.5304585900068437,0.3100000000000023,0.03174805908775925,2.0362765229294966,2189292700.0
2026-01-26,59.7,58.17,60.0,57.7,84600776.0,4962568922.0,-0.9872340425531867,-0.5799999999999983,0.038642971768918795,3.9148936170212716,2189292700.0
2026-01-27,58.45,58.15,58.99,57.26,68626505.0,3978486086.0,-0.0343819838404702,-0.020000000000003126,0.031346427547125154,2.9740416022004537,2189292700.0
2026-01-28,58.5,57.32,58.75,57.26,68016830.0,3933553200.0,-1.4273430782459129,-0.8299999999999983,0.031067947195914006,2.5623387790197802,2189292700.0
2026-01-29,58.51,61.0,63.05,58.51,206628885.0,12688753520.0,6.420097697138871,3.6799999999999997,0.09438157127185415,7.920446615491973,2189292700.0
2026-01-30,60.68,59.6,61.21,58.68,131630865.0,7853863089.0,-2.2950819672131084,-1.3999999999999986,0.06012483620851611,4.147540983606559,2189292700.0
2026-02-02,59.6,57.0,60.25,56.85,100838103.0,5888395180.0,-4.36241610738255,-2.6000000000000014,0.04605967169214057,5.7046979865771785,2189292700.0
2026-02-03,57.99,58.12,58.14,56.48,78213058.0,4495687412.0,1.9649122807017472,1.1199999999999974,0.035725263232275886,2.9122807017543924,2189292700.0
2026-02-04,57.42,56.93,58.28,56.35,68123715.0,3878533159.0,-2.0474879559531978,-1.1899999999999977,0.03111676889983692,3.320715760495526,2189292700.0
2026-02-05,56.15,55.75,56.94,55.66,50414774.0,2827155392.0,-2.0727208852977297,-1.1799999999999997,0.023027882018699465,2.2483751976111033,2189292700.0
2026-02-06,55.25,54.81,55.64,54.32,49832700.0,2740836895.0,-1.6860986547085122,-0.9399999999999977,0.02276200893557997,2.3677130044843056,2189292700.0
2026-02-09,55.75,56.41,56.7,55.35,63446965.0,3555871565.0,2.9191753329684156,1.5999999999999943,0.02898057669492983,2.463054187192121,2189292700.0
2026-02-10,56.5,56.86,57.24,55.82,61844477.0,3506003301.0,0.7977308987768161,0.45000000000000284,0.028248610612916218,2.5172841694735006,2189292700.0
2026-02-11,56.51,56.47,57.16,56.38,41603442.0,2359057319.0,-0.6858951811466785,-0.39000000000000057,0.019003142887198225,1.3717903622933416,2189292700.0
2026-02-12,56.95,57.8,58.4,56.56,80709412.0,4639970912.0,2.3552328670090272,1.3299999999999983,0.03686551916973002,3.2583672746591046,2189292700.0
2026-02-13,56.88,57.12,57.67,56.81,54681803.0,3126377990.0,-1.17647058823529,-0.6799999999999997,0.024976926566283256,1.4878892733564004,2189292700.0
2026-02-24,58.4,57.16,58.45,55.86,74094209.0,4223020218.0,0.07002801120448154,0.03999999999999915,0.033843902644904444,4.534313725490202,2189292700.0
2026-02-25,56.7,56.12,57.12,55.96,57642499.0,3245816379.0,-1.8194541637508777,-1.0399999999999991,0.026329279314730277,2.0293911826452007,2189292700.0
2026-02-26,56.13,55.69,56.18,55.4,45653983.0,2543350301.0,-0.7662152530292232,-0.4299999999999997,0.020853302530081975,1.3898788310762673,2189292700.0
2026-02-27,55.48,55.82,56.27,55.3,44625965.0,2491942172.0,0.23343508708923988,0.13000000000000256,0.02038373626331463,1.7417848805889855,2189292700.0
2026-03-02,54.76,54.32,55.21,54.1,57718854.0,3150990302.0,-2.687208885704051,-1.5,0.0263641558755483,1.988534575420995,2189292700.0
2026-03-03,54.59,52.15,54.81,52.09,65214027.0,3468043123.0,-3.9948453608247503,-2.1700000000000017,0.02978771500037432,5.007363770250366,2189292700.0
2026-03-04,51.46,51.72,52.51,51.22,44006883.0,2283367039.0,-0.8245445829338394,-0.4299999999999997,0.02010095909057752,2.4736337488015323,2189292700.0
2026-03-05,52.88,52.19,52.96,51.91,36059485.0,1888642166.0,0.9087393658159248,0.46999999999999886,0.016470837818990582,2.0301624129930476,2189292700.0
2026-03-06,52.2,52.53,52.83,51.87,31099310.0,1629494278.0,0.6514657980456029,0.3400000000000034,0.01420518599454518,1.8394328415405268,2189292700.0
2026-03-09,51.79,53.5,53.7,51.5,54825499.0,2888883354.0,1.8465638682657604,0.9699999999999989,0.02504256237642413,4.188083000190373,2189292700.0
2026-03-10,54.11,53.7,54.38,53.19,49323030.0,2650356476.0,0.37383177570093906,0.20000000000000284,0.02252920772083148,2.2242990654205697,2189292700.0
2026-03-11,53.68,53.08,53.68,52.97,33530526.0,1784316645.0,-1.1545623836126673,-0.6200000000000045,0.015315688943739683,1.322160148975793,2189292700.0
2026-03-12,52.91,52.68,53.4,52.32,29675027.0,1565362445.0,-0.7535795026375247,-0.3999999999999986,0.013554618347743087,2.0346646571213234,2189292700.0
2026-03-13,52.52,51.8,52.52,51.61,28474658.0,1481886274.0,-1.6704631738800324,-0.8800000000000026,0.0130063275687166,1.7274107820804931,2189292700.0
2026-03-16,51.75,52.13,52.14,51.0,31012385.0,1597227336.0,0.637065637065648,0.3300000000000054,0.014165481390405221,2.200772200772202,2189292700.0
2026-03-17,52.18,51.17,52.34,51.11,27623125.0,1430552178.0,-1.8415499712257866,-0.9600000000000009,0.01261737409529571,2.3594859006330404,2189292700.0
2026-03-18,51.23,51.58,51.64,50.66,30233143.0,1544757566.0,0.8012507328512664,0.4099999999999966,0.013809548170511873,1.9151846785225795,2189292700.0
2026-03-19,50.7,50.36,51.02,50.01,34558637.0,1742837453.0,-2.3652578518805756,-1.2199999999999989,0.015785297689979966,1.9581233036060588,2189292700.0
2026-03-20,50.8,49.06,50.83,49.06,36042220.0,1794876999.0,-2.581413820492451,-1.2999999999999972,0.016462951710385733,3.5146942017474108,2189292700.0
2026-03-23,48.1,46.45,48.65,46.3,51267857.0,2428440314.0,-5.3200163065633905,-2.6099999999999994,0.023417543483335964,4.790052996331026,2189292700.0
2026-03-24,47.16,46.83,47.28,45.74,38375622.0,1781471179.0,0.8180839612486501,0.37999999999999545,0.017528776302958484,3.3153928955866503,2189292700.0
2026-03-25,47.15,47.57,47.95,47.1,34209609.0,1626959072.0,1.580183642963906,0.740000000000002,0.015625872684817337,1.8150758061071994,2189292700.0
2026-03-26,47.6,46.57,47.62,46.43,23796921.0,1118509968.0,-2.102165230187092,-1.0,0.010869684533274148,2.5015766239226354,2189292700.0
2026-03-27,45.88,46.74,46.86,45.77,21080746.0,978459700.0,0.36504187245007813,0.1700000000000017,0.009629021281622142,2.3405625939445915,2189292700.0
2026-03-30,45.98,46.4,46.42,45.36,25695313.0,1181652410.0,-0.7274283269148585,-0.3400000000000034,0.011736810249264523,2.2678647839110018,2189292700.0
2026-03-31,46.4,46.21,47.15,46.06,24872262.0,1160281839.0,-0.40948275862068284,-0.18999999999999773,0.011360866457006869,2.349137931034475,2189292700.0
2026-04-01,47.25,47.01,47.36,46.55,27399585.0,1285642890.0,1.7312270071413005,0.7999999999999972,0.0125152680589489,1.7528673447305825,2189292700.0
2026-04-02,46.71,45.88,46.71,45.78,25133941.0,1160380935.0,-2.4037438842799297,-1.1299999999999955,0.011480393188174428,1.9783024888321628,2189292700.0
2026-04-03,46.02,45.72,46.27,45.62,18696054.0,858109985.0,-0.34873583260680574,-0.1600000000000037,0.008539769031340579,1.4167393199651388,2189292700.0
2026-04-07,45.75,45.58,45.99,45.38,17066994.0,779754340.0,-0.30621172353455517,-0.14000000000000057,0.007795665696048774,1.3342082239720023,2189292700.0
2026-04-08,46.5,47.91,47.92,46.5,52406841.0,2482663823.0,5.111891180342254,2.3299999999999983,0.023937795526381648,3.1154014918824084,2189292700.0
2026-04-09,47.26,47.21,47.41,46.8,30245250.0,1426238984.0,-1.4610728449175436,-0.6999999999999957,0.01381507826705858,1.2732206219995814,2189292700.0
2026-04-10,47.5,47.64,48.33,47.47,39002542.0,1866549559.0,0.9108239779707761,0.4299999999999997,0.017815133627403956,1.8216479559415366,2189292700.0
2026-04-13,47.23,47.78,47.92,47.06,27860475.0,1326252523.0,0.2938706968933724,0.14000000000000057,0.012725788104989342,1.805205709487824,2189292700.0
2026-04-14,48.5,48.33,48.64,47.87,36626803.0,1768145918.0,1.1511092507325182,0.5499999999999972,0.016729970825737465,1.61155295102554,2189292700.0
2026-04-15,48.86,47.54,48.98,47.39,35978985.0,1729037367.0,-1.6345954893440928,-0.7899999999999991,0.01643406795263146,3.289882060831774,2189292700.0
2026-04-16,47.83,48.1,48.46,47.8,35134960.0,1689317381.0,1.1779554059739183,0.5600000000000023,0.01604854389730528,1.3883045856121239,2189292700.0
2026-04-17,47.86,48.24,48.45,47.64,29099650.0,1399841760.0,0.2910602910602966,0.14000000000000057,0.013291804243443556,1.6839916839916886,2189292700.0
2026-04-20,48.2,48.94,49.07,47.9,43495977.0,2120636423.0,1.4510779436152532,0.6999999999999957,0.019867593309930646,2.4253731343283618,2189292700.0
2026-04-21,49.5,48.78,49.64,48.4,32747564.0,1597300299.0,-0.3269309358397976,-0.1599999999999966,0.014958056544928872,2.5337147527584842,2189292700.0
2026-04-22,48.6,49.51,49.76,48.51,40049724.0,1973915043.0,1.4965149651496423,0.7299999999999969,0.018293453406207402,2.5625256252562525,2189292700.0
2026-04-23,49.73,48.89,50.09,48.68,38515776.0,1896372750.0,-1.252272268228638,-0.6199999999999974,0.017592794238979557,2.8479095132296584,2189292700.0
2026-04-24,48.5,49.07,49.48,47.75,39198106.0,1902140239.0,0.368173450603404,0.17999999999999972,0.017904461107461786,3.538555941910405,2189292700.0
2026-04-27,49.08,49.81,50.02,48.54,38620772.0,1913134435.0,1.5080497248828317,0.740000000000002,0.01764075310715648,3.016099449765649,2189292700.0
2026-04-28,49.58,49.17,50.03,48.9,35086313.0,1730764448.0,-1.2848825537040809,-0.6400000000000006,0.016026323478811215,2.2686207588837637,2189292700.0
2026-04-29,47.68,48.06,48.18,47.01,48923914.0,2342237705.0,-2.2574740695546103,-1.1099999999999994,0.022346904093728536,2.37949969493594,2189292700.0
2026-04-30,47.98,47.79,48.41,47.69,38018174.0,1821756993.0,-0.5617977528089901,-0.2700000000000031,0.01736550530680525,1.4981273408239677,2189292700.0
2026-05-06,48.35,49.48,50.19,48.34,70810376.0,3509881053.0,3.536304666248169,1.6899999999999977,0.03234395108520665,3.871102741159226,2189292700.0
2026-05-07,49.73,49.98,50.04,49.21,52630932.0,2614014007.0,1.0105092966855356,0.5,0.02404015324218639,1.6774454324979755,2189292700.0
2026-05-08,50.5,49.91,50.88,49.62,64741273.0,3248741395.0,-0.1400560224089631,-0.07000000000000028,0.02957177585253904,2.521008403361355,2189292700.0
2026-05-11,50.0,50.3,50.66,49.68,58970515.0,2960786349.0,0.7814065317571561,0.39000000000000057,0.02693587522582065,1.9635343618513261,2189292700.0
2026-05-12,50.3,48.83,50.3,48.81,53809808.0,2649970105.0,-2.9224652087475156,-1.4699999999999989,0.024578626695279257,2.962226640159036,2189292700.0
2026-05-13,48.59,49.4,49.6,48.12,52879775.0,2582084144.0,1.1673151750972721,0.5700000000000003,0.024153816892551645,3.030923612533287,2189292700.0
2026-05-14,49.77,47.68,50.29,47.68,61328561.0,2973490828.0,-3.4817813765182115,-1.7199999999999989,0.028012956421953082,5.283400809716598,2189292700.0
2026-05-15,47.68,47.14,48.54,47.04,52807889.0,2514352169.0,-1.1325503355704702,-0.5399999999999991,0.024120981630277212,3.1459731543624163,2189292700.0
2026-05-18,47.0,48.71,49.12,46.86,62270902.0,3018476028.0,3.3305048790835734,1.5700000000000003,0.028443388131701164,4.7942299533305,2189292700.0
2026-05-19,48.71,49.12,49.6,48.35,50693124.0,2483938695.0,0.8417162800246292,0.4099999999999966,0.023155023537967306,2.566208170806816,2189292700.0
2026-05-20,48.88,48.0,48.94,47.88,40329463.0,1945944528.0,-2.280130293159599,-1.1199999999999974,0.01842122937695814,2.1579804560260487,2189292700.0
2026-05-21,48.25,47.2,49.36,47.15,58739722.0,2847680323.0,-1.6666666666666607,-0.7999999999999972,0.02683045624735331,4.604166666666668,2189292700.0
2026-05-22,47.58,47.35,47.88,46.77,41252913.0,1949517529.0,0.3177966101694851,0.14999999999999858,0.018843032272477772,2.351694915254236,2189292700.0
2026-05-25,47.7,48.68,48.68,47.41,53720367.0,2585302275.0,2.80887011615627,1.3299999999999983,0.024537772861527377,2.682154171066532,2189292700.0
2026-05-26,48.34,49.25,50.1,47.73,68937637.0,3387189241.0,1.1709120788824912,0.5700000000000003,0.031488542852218894,4.868529170090396,2189292700.0
2026-05-27,49.24,50.25,50.99,48.7,108408481.0,5435962111.0,2.0304568527918843,1.0,0.04951758209397948,4.649746192893399,2189292700.0
2026-05-28,50.27,49.13,50.27,47.91,87309360.0,4268002314.0,-2.2288557213930305,-1.1199999999999974,0.03988016769068841,4.696517412935337,2189292700.0
2026-05-29,49.66,47.9,50.45,47.81,72645080.0,3570329498.0,-2.5035619784245955,-1.230000000000004,0.03318198612730038,5.373498880521067,2189292700.0
2026-06-01,47.9,49.14,49.87,47.6,70303148.0,3444255490.0,2.588726513569939,1.240000000000002,0.032112265299199146,4.739039665970765,2189292700.0
2026-06-02,49.31,48.26,49.45,47.88,53732395.0,2593490746.0,-1.7908017908017992,-0.8800000000000026,0.024543266873360513,3.1949531949531957,2189292700.0
2026-06-03,47.82,47.51,48.62,47.04,58098355.0,2770800876.0,-1.5540820555325352,-0.75,0.026537499988009826,3.2739328636551974,2189292700.0
2026-06-04,46.96,45.84,46.98,45.83,60594363.0,2796621798.0,-3.5150494632708806,-1.6699999999999946,0.0276775978835539,2.4205430435697717,2189292700.0
2026-06-05,45.83,46.03,46.43,45.01,48205483.0,2200804679.0,0.41448516579405403,0.18999999999999773,0.022018747424681955,3.097731239092499,2189292700.0
2026-06-08,45.0,44.12,45.39,43.96,43757662.0,1958185101.0,-4.149467738431467,-1.9100000000000037,0.019987122781709363,3.1066695633282637,2189292700.0
2026-06-09,44.31,44.51,44.9,43.96,32675647.0,1453150807.0,0.8839528558476806,0.39000000000000057,0.014925207122830127,2.130553037171346,2189292700.0
2026-06-10,44.3,42.29,44.4,42.11,54278138.0,2333194977.0,-4.987643226241289,-2.219999999999999,0.024792545099154628,5.14491125589755,2189292700.0
2026-06-11,41.9,40.79,41.9,40.53,51036137.0,2098152815.0,-3.5469378103570537,-1.5,0.02331170108044484,3.239536533459441,2189292700.0
2026-06-12,41.2,40.39,41.38,40.24,72321924.0,2943754769.0,-0.9806325079676381,-0.3999999999999986,0.03303437863744761,2.794802647707773,2189292700.0
2026-06-15,41.01,41.48,41.77,41.01,49322247.0,2039871206.0,2.698687794008414,1.0899999999999963,0.022528850071075468,1.8816538747214784,2189292700.0
2026-06-16,41.45,41.28,41.57,40.86,36357613.0,1498105600.0,-0.48216007714559916,-0.19999999999999574,0.016607013306169614,1.711668273866926,2189292700.0
2026-06-17,41.27,41.59,41.95,40.58,43108291.0,1782809795.0,0.7509689922480689,0.3100000000000023,0.01969051054708217,3.3187984496124137,2189292700.0
2026-06-18,41.33,42.61,43.6,40.95,66372710.0,2825097516.0,2.4525126232267214,1.019999999999996,0.030316964926617625,6.371723972108676,2189292700.0
2026-06-22,42.19,43.88,44.58,42.01,68438111.0,2993460403.0,2.980521004459047,1.2700000000000031,0.03126037509740018,6.031448016897443,2189292700.0
2026-06-23,43.46,42.25,43.96,42.05,53704066.0,2304844363.0,-3.7146763901549695,-1.6300000000000026,0.02453032707778179,4.352780309936198,2189292700.0
