date,open,close,high,low,volume,amount,pct_chg,change,turnover,amplitude,outstanding_share
2023-06-26,10.81,10.9,11.13,10.73,9898802.0,110208036.0,,,0.03690704637055431,,268209000.0
2023-06-27,11.01,11.15,11.16,10.88,7648811.0,86026548.0,2.2935779816513735,0.25,0.028518099690912683,2.568807339449535,268209000.0
2023-06-28,11.16,11.2,11.2,10.86,7613500.0,85434834.0,0.4484304932735439,0.049999999999998934,0.028386444899313596,3.0493273542600883,268209000.0
2023-06-29,11.2,11.27,11.34,11.13,7941000.0,90875092.0,0.6250000000000089,0.07000000000000028,0.029607507578045478,1.874999999999992,268209000.0
2023-06-30,11.32,11.52,11.63,11.27,13198500.0,154273245.0,2.2182786157941337,0.25,0.04920975806181001,3.194321206743578,268209000.0
2023-07-03,11.5,11.42,11.62,11.35,9797408.0,113966247.0,-0.868055555555558,-0.09999999999999964,0.036529005365218914,2.3437499999999964,268209000.0
2023-07-04,11.36,11.45,11.5,11.26,6800100.0,78659189.0,0.26269702276706663,0.02999999999999936,0.025353735333266222,2.101576182136604,268209000.0
2023-07-05,11.41,11.23,11.45,11.23,6695858.0,77018372.0,-1.9213973799126594,-0.21999999999999886,0.024965075743170438,1.9213973799126538,268209000.0
2023-07-06,11.26,11.43,11.52,11.22,7564250.0,87752704.0,1.780943900267129,0.1999999999999993,0.02820281944304628,2.671415850400703,268209000.0
2023-07-07,11.54,11.22,11.54,11.16,5183050.0,59303621.0,-1.8372703412073421,-0.20999999999999908,0.01932466844885891,3.324584426946623,268209000.0
2023-07-10,11.29,11.21,11.32,11.13,3961000.0,45033000.0,-0.08912655971479166,-0.009999999999999787,0.014768333650250364,1.6934046345811007,268209000.0
2023-07-11,11.25,11.45,11.62,11.13,7291050.0,84591807.0,2.140945584299714,0.23999999999999844,0.027184210820665973,4.371097234611939,268209000.0
2023-07-12,11.47,11.28,11.62,11.24,5999650.0,69555706.0,-1.4847161572052348,-0.16999999999999993,0.022369309009019085,3.318777292576411,268209000.0
2023-07-13,11.26,11.16,11.35,11.08,6624350.0,75125203.0,-1.0638297872340385,-0.11999999999999922,0.02469846276597728,2.3936170212765924,268209000.0
2023-07-14,11.33,11.35,11.57,11.19,9651148.0,111858054.0,1.7025089605734678,0.1899999999999995,0.035983684365550744,3.4050179211469604,268209000.0
2023-07-17,11.36,11.34,11.38,11.08,5827200.0,66580701.0,-0.08810572687224516,-0.009999999999999787,0.02172634027940897,2.643171806167407,268209000.0
2023-07-18,11.34,11.37,11.57,11.18,7225500.0,83723292.0,0.2645502645502562,0.02999999999999936,0.026939811863136584,3.4391534391534444,268209000.0
2023-07-19,11.32,11.35,11.5,11.16,5095050.0,58555116.0,-0.17590149516270026,-0.019999999999999574,0.01899656611075691,2.9903254177660497,268209000.0
2023-07-20,11.32,11.24,11.51,11.22,5847200.0,67516208.0,-0.9691629955947079,-0.10999999999999943,0.021800908992613968,2.555066079295147,268209000.0
2023-07-21,11.21,11.38,11.82,11.04,15635903.0,183126461.0,1.2455516014235002,0.14000000000000057,0.05829745832541041,6.93950177935944,268209000.0
2023-07-24,11.49,11.46,11.66,11.38,10849859.0,126801593.0,0.7029876977152849,0.08000000000000007,0.040453001204284716,2.460456942003509,268209000.0
2023-07-25,11.53,11.65,11.78,11.43,11929554.0,140729082.0,1.6579406631762605,0.1899999999999995,0.04447857454447837,3.0541012216404853,268209000.0
2023-07-26,11.66,11.04,11.66,11.04,13408300.0,152327053.0,-5.2360515021459335,-0.6100000000000012,0.04999198386333046,5.321888412017175,268209000.0
2023-07-27,10.98,11.08,11.62,10.98,10468451.0,120277732.0,0.36231884057971175,0.040000000000000924,0.039030946015980075,5.797101449275352,268209000.0
2023-07-28,10.99,10.86,11.1,10.52,11035500.0,120699126.0,-1.9855595667870096,-0.22000000000000064,0.0411451517286892,5.234657039711192,268209000.0
2023-07-31,10.81,10.9,10.92,10.69,5692400.0,62655254.0,0.36832412523020164,0.040000000000000924,0.021223747152407265,2.117863720073669,268209000.0
2023-08-01,10.92,10.73,10.98,10.63,5813200.0,63368679.0,-1.559633027522933,-0.16999999999999993,0.021674142180165466,3.2110091743119233,268209000.0
2023-08-02,10.64,10.83,10.9,10.64,4986200.0,54621537.0,0.9319664492078328,0.09999999999999964,0.018590725889138696,2.423112767940352,268209000.0
2023-08-03,10.82,10.53,10.82,10.53,5221900.0,56237390.0,-2.7700831024930817,-0.3000000000000007,0.019469518174259626,2.6777469990766476,268209000.0
2023-08-04,10.54,10.62,10.76,10.54,4156400.0,44960199.0,0.8547008547008517,0.08999999999999986,0.01549686997826322,2.089268755935429,268209000.0
2023-08-07,10.54,10.5,10.7,10.47,3954750.0,42288789.0,-1.1299435028248483,-0.11999999999999922,0.014745030927373802,2.165725047080967,268209000.0
2023-08-08,10.46,10.55,10.59,10.44,2869000.0,30610529.0,0.4761904761904745,0.05000000000000071,0.010696881909257333,1.428571428571432,268209000.0
2023-08-09,10.53,10.4,10.56,10.36,3647403.0,38687465.0,-1.4218009478673022,-0.15000000000000036,0.013599107412502935,1.895734597156408,268209000.0
2023-08-10,10.42,10.51,10.52,10.36,2811000.0,29856484.0,1.057692307692304,0.10999999999999943,0.010480632640962832,1.5384615384615397,268209000.0
2023-08-11,10.46,10.31,10.59,10.3,3975800.0,42131041.0,-1.9029495718363432,-0.1999999999999993,0.014823514498022066,2.759276879162694,268209000.0
2023-08-14,10.24,10.52,10.53,10.16,3168200.0,33374208.0,2.0368574199805867,0.20999999999999908,0.011812429858804142,3.588748787584861,268209000.0
2023-08-15,10.52,10.57,10.67,10.46,3237800.0,34789404.0,0.47528517110266844,0.05000000000000071,0.012071928980757544,1.9961977186311701,268209000.0
2023-08-16,10.54,10.51,10.62,10.48,2878500.0,30843636.0,-0.5676442762535538,-0.0600000000000005,0.010732302048029708,1.3245033112582667,268209000.0
2023-08-17,10.59,10.76,10.78,10.31,4707250.0,50814019.0,2.37868696479544,0.25,0.017550678761711947,4.471931493815403,268209000.0
2023-08-18,10.77,10.62,10.88,10.59,3870700.0,42335290.0,-1.3011152416356975,-0.14000000000000057,0.014431655910129787,2.6951672862453617,268209000.0
2023-08-21,10.62,10.62,10.81,10.62,3268203.0,35545727.0,0.0,0.0,0.012185284610136125,1.7890772128060384,268209000.0
2023-08-22,10.68,10.55,10.83,10.36,4884100.0,52402758.0,-0.6591337099811523,-0.06999999999999851,0.018210052608227167,4.4256120527307035,268209000.0
2023-08-23,10.67,10.38,10.67,10.35,3728400.0,39651340.0,-1.6113744075829328,-0.16999999999999993,0.013901099515676208,3.0331753554502394,268209000.0
2023-08-24,10.42,10.42,10.57,10.3,3841300.0,40756063.0,0.3853564547205979,0.03999999999999915,0.014322039901718436,2.6011560693641576,268209000.0
2023-08-25,10.43,10.09,10.49,10.04,4715400.0,49037829.0,-3.1669865642994233,-0.33000000000000007,0.017581065512342987,4.318618042226498,268209000.0
2023-08-28,10.5,10.22,10.61,10.16,6222700.0,65478814.0,1.288404360753237,0.13000000000000078,0.023200936583037856,4.459861248761142,268209000.0
2023-08-29,10.22,10.6,10.62,10.16,4709750.0,50220657.0,3.7181996086105507,0.379999999999999,0.017559999850862575,4.500978473581204,268209000.0
2023-08-30,10.62,10.68,10.83,10.6,4295650.0,46813037.0,0.7547169811320753,0.08000000000000007,0.016016054643953035,2.169811320754721,268209000.0
2023-08-31,10.69,10.76,10.78,10.63,3748300.0,40769811.0,0.7490636704119868,0.08000000000000007,0.013975295385315183,1.4044943820224587,268209000.0
2023-09-01,10.76,10.65,10.82,10.6,3497200.0,37888360.0,-1.0223048327137496,-0.10999999999999943,0.013039085191026402,2.044609665427515,268209000.0
2023-09-04,10.72,10.78,10.83,10.65,3254500.0,35519764.0,1.2206572769952961,0.129999999999999,0.012134193856283719,1.6901408450704198,268209000.0
2023-09-05,10.81,10.78,10.98,10.74,3150950.0,34577503.0,0.0,0.0,0.011748114343664828,2.2263450834879426,268209000.0
2023-09-06,10.71,11.0,11.23,10.71,9207100.0,102750840.0,2.0408163265306145,0.22000000000000064,0.03432807996748804,4.823747680890535,268209000.0
2023-09-07,11.0,10.79,11.02,10.78,6274900.0,69371052.0,-1.9090909090909158,-0.21000000000000085,0.023395560924502908,2.181818181818184,268209000.0
2023-09-08,10.75,11.0,11.47,10.75,11124563.0,125528873.0,1.9462465245597915,0.21000000000000085,0.04147721739389804,6.6728452270621,268209000.0
2023-09-11,11.03,11.22,11.33,10.95,10708700.0,121385510.0,2.0000000000000018,0.22000000000000064,0.03992669895491949,3.4545454545454617,268209000.0
2023-09-12,11.22,11.39,11.75,11.05,16763801.0,193672654.0,1.5151515151515138,0.16999999999999993,0.06250275344973509,6.238859180035644,268209000.0
2023-09-13,11.23,11.01,11.24,10.91,11793702.0,132174398.0,-3.336259877085168,-0.3800000000000008,0.043972059103162084,2.897278314310799,268209000.0
2023-09-14,11.03,10.78,11.06,10.64,8289550.0,90721103.0,-2.0890099909173565,-0.23000000000000043,0.03090705382742563,3.814713896457765,268209000.0
2023-09-15,10.78,10.78,10.96,10.66,4959700.0,54473347.0,0.0,0.0,0.01849192234414207,2.7829313543599326,268209000.0
2023-09-18,10.75,11.01,11.22,10.74,8314100.0,93459956.0,2.133580705009286,0.23000000000000043,0.030998586922884767,4.452690166975885,268209000.0
2023-09-19,10.92,10.8,11.03,10.76,5290950.0,58374860.0,-1.9073569482288777,-0.20999999999999908,0.01972696665659989,2.452316076294274,268209000.0
2023-09-20,10.76,10.55,10.86,10.47,4979700.0,54228016.0,-2.314814814814814,-0.25,0.01856649105734707,3.6111111111110996,268209000.0
2023-09-21,10.57,10.61,10.73,10.53,4157511.0,44915972.0,0.5687203791469031,0.05999999999999872,0.015501012270281759,1.895734597156408,268209000.0
2023-09-22,10.59,10.88,10.91,10.44,4450850.0,48497047.0,2.5447690857681504,0.27000000000000135,0.016594707858423843,4.429783223374181,268209000.0
2023-09-25,10.92,10.83,10.93,10.72,3668700.0,40332906.0,-0.4595588235294157,-0.05000000000000071,0.013678511906759281,1.9301470588235208,268209000.0
2023-09-26,10.82,10.76,10.97,10.73,3692600.0,40592233.0,-0.6463527239150557,-0.07000000000000028,0.013767621519039257,2.2160664819944618,268209000.0
2023-09-27,10.73,10.73,10.88,10.68,3081400.0,33682746.0,-0.27881040892192566,-0.02999999999999936,0.01148880164349444,1.8587360594795637,268209000.0
2023-09-28,10.76,11.12,11.32,10.7,7231450.0,81609887.0,3.63466915191053,0.3899999999999988,0.02696199605531507,5.778191985088546,268209000.0
2023-10-09,11.21,10.88,11.26,10.82,7247800.0,81045360.0,-2.1582733812949506,-0.23999999999999844,0.027022955978360158,3.956834532374096,268209000.0
2023-10-10,10.89,10.84,10.99,10.79,3507300.0,38774016.0,-0.3676470588235392,-0.040000000000000924,0.013076742391194926,1.8382352941176567,268209000.0
2023-10-11,10.83,11.02,11.16,10.73,5132663.0,57277323.0,1.6605166051660403,0.17999999999999972,0.019136803761245894,3.9667896678966765,268209000.0
2023-10-12,11.1,11.03,11.1,10.83,4142200.0,46047759.0,0.09074410163338875,0.009999999999999787,0.015443926191887669,2.4500907441016295,268209000.0
2023-10-13,10.94,11.19,11.23,10.89,5314261.0,59729962.0,1.450589301903893,0.16000000000000014,0.01981388022027598,3.082502266545783,268209000.0
2023-10-16,11.22,11.38,11.5,11.1,8965350.0,103572091.0,1.6979445933869686,0.19000000000000128,0.0334267306466226,3.5746201966041142,268209000.0
2023-10-17,11.39,11.06,11.4,11.04,5250200.0,59487587.0,-2.811950790861162,-0.3200000000000003,0.0195750329034447,3.1634446397188154,268209000.0
2023-10-18,11.03,10.77,11.03,10.71,5117900.0,56216134.0,-2.622061482820981,-0.2900000000000009,0.019081760865593624,2.8933092224231327,268209000.0
2023-10-19,10.73,10.56,10.73,10.52,3993950.0,42983905.0,-1.949860724233976,-0.20999999999999908,0.014891185605255602,1.9498607242339914,268209000.0
2023-10-20,10.49,10.38,10.58,10.36,3007900.0,31933445.0,-1.7045454545454475,-0.17999999999999972,0.011214761622466062,2.0833333333333393,268209000.0
2023-10-23,10.43,10.1,10.43,10.04,3593100.0,37178489.0,-2.6974951830443294,-0.28000000000000114,0.013396642170844379,3.7572254335260165,268209000.0
2023-10-24,10.31,10.64,10.67,10.2,5494350.0,58874343.0,5.346534653465351,0.5400000000000009,0.020485330469894748,4.653465346534659,268209000.0
2023-10-25,10.81,10.94,11.01,10.59,4848700.0,53406062.0,2.819548872180433,0.29999999999999893,0.018078065985854316,3.9473684210526305,268209000.0
2023-10-26,10.94,10.78,11.0,10.55,5059900.0,54976227.0,-1.4625228519195677,-0.16000000000000014,0.01886551159729912,4.11334552102376,268209000.0
2023-10-27,11.0,10.93,11.06,10.63,5304200.0,58886645.0,1.3914656771799594,0.15000000000000036,0.019776368429098204,3.9888682745825577,268209000.0
2023-10-30,10.99,11.02,11.21,10.84,4567379.0,51393519.0,0.8234217749313766,0.08999999999999986,0.017029178737477117,3.385178408051244,268209000.0
2023-10-31,11.07,11.06,11.19,10.98,4355229.0,48915308.0,0.3629764065335772,0.040000000000000924,0.016238191112155072,1.905626134301262,268209000.0
2023-11-01,11.13,11.13,11.21,11.0,3609700.0,40771867.0,0.6329113924050667,0.07000000000000028,0.01345853420280453,1.8987341772151975,268209000.0
2023-11-02,11.09,11.04,11.14,11.01,2742800.0,30841899.0,-0.8086253369272378,-0.09000000000000163,0.01022635332893378,1.1680143755615524,268209000.0
2023-11-03,11.06,11.15,11.26,11.05,3034900.0,34391923.0,0.9963768115942129,0.11000000000000121,0.011315429385292813,1.90217391304347,268209000.0
2023-11-06,11.14,11.16,11.22,11.08,2839000.0,32136589.0,0.08968609865471766,0.009999999999999787,0.010585028839449832,1.2556053811659242,268209000.0
2023-11-07,11.1,11.32,11.37,11.07,4479950.0,51327232.0,1.4336917562723928,0.16000000000000014,0.016703205336137117,2.688172043010743,268209000.0
2023-11-08,11.26,11.26,11.38,11.15,4025468.0,46057799.0,-0.5300353356890497,-0.0600000000000005,0.015008698440395363,2.0318021201413465,268209000.0
2023-11-09,11.23,11.13,11.27,11.07,3107935.0,35192720.0,-1.1545293072824037,-0.129999999999999,0.011587735683739173,1.776198934280633,268209000.0
2023-11-10,11.13,11.42,11.8,11.03,10576267.0,123314866.0,2.605570530098822,0.28999999999999915,0.039432931035125594,6.918238993710703,268209000.0
2023-11-13,11.42,11.55,11.7,11.33,8734850.0,102407721.0,1.1383537653240072,0.13000000000000078,0.032567326226934964,3.2399299474605887,268209000.0
2023-11-14,11.54,11.34,11.59,11.32,6729850.0,78001911.0,-1.81818181818183,-0.21000000000000085,0.025091812728133656,2.337662337662334,268209000.0
2023-11-15,11.4,11.43,11.46,11.27,4552400.0,52647974.0,0.7936507936507908,0.08999999999999986,0.01697333049972223,1.6754850088183535,268209000.0
2023-11-16,11.42,11.35,11.5,11.34,3260400.0,37796680.0,-0.6999125109361293,-0.08000000000000007,0.012156191626679195,1.3998250218722672,268209000.0
2023-11-17,11.32,11.4,11.44,11.28,3413000.0,39392650.0,0.4405286343612369,0.05000000000000071,0.012725150908433349,1.4096916299559483,268209000.0
2023-11-20,11.4,11.89,12.3,11.4,13025700.0,156618724.0,4.29824561403509,0.4900000000000002,0.048565484379718804,7.8947368421052655,268209000.0
2023-11-21,11.91,11.73,11.94,11.69,9311175.0,111732560.0,-1.345668629100083,-0.16000000000000014,0.034716116908828566,2.1026072329688814,268209000.0
2023-11-22,11.73,11.55,11.91,11.55,5429225.0,64673446.0,-1.534526854219942,-0.17999999999999972,0.020242516097520962,3.069053708439893,268209000.0
2023-11-23,11.55,11.74,11.77,11.48,4594550.0,54418549.0,1.6450216450216493,0.1899999999999995,0.01713048406280177,2.5108225108225035,268209000.0
2023-11-24,11.74,11.58,11.87,11.35,7018600.0,82523083.0,-1.3628620102214661,-0.16000000000000014,0.02616839852503085,4.429301533219758,268209000.0
2023-11-27,11.59,11.62,12.0,11.47,8811650.0,104404360.0,0.3454231433505983,0.03999999999999915,0.03285367008564217,4.576856649395504,268209000.0
2023-11-28,11.67,12.78,12.78,11.62,9596757.0,120069116.0,9.982788296041312,1.1600000000000001,0.03578089102155409,9.98278829604131,268209000.0
2023-11-29,13.36,12.62,13.49,12.39,35442793.0,460882828.0,-1.2519561815336422,-0.16000000000000014,0.1321461733200601,8.607198748043816,268209000.0
2023-11-30,12.46,12.1,12.52,11.94,18999882.0,234232469.0,-4.120443740095081,-0.5199999999999996,0.07083983758934263,4.595879556259906,268209000.0
2023-12-01,12.13,12.02,12.13,11.81,12441025.0,151428582.0,-0.6611570247933907,-0.08000000000000007,0.046385561260062116,2.644628099173556,268209000.0
2023-12-04,12.14,12.15,12.76,12.09,18136750.0,226308834.0,1.0815307820299491,0.13000000000000078,0.06762170546103971,5.574043261231281,268209000.0
2023-12-05,12.15,11.93,12.39,11.92,14783200.0,182526909.0,-1.8106995884773713,-0.22000000000000064,0.055118210052608224,3.8683127572016516,268209000.0
2023-12-06,11.89,12.18,12.29,11.87,12278450.0,151332083.0,2.095557418273253,0.25,0.04577941083259697,3.5205364626990776,268209000.0
2023-12-07,12.11,12.33,12.6,12.1,15122643.0,190125606.0,1.2315270935960632,0.15000000000000036,0.05638380143843048,4.105090311986864,268209000.0
2023-12-08,12.4,12.77,12.94,12.33,23105002.0,296990349.0,3.5685320356853234,0.4399999999999995,0.08614551338694824,4.947283049472826,268209000.0
2023-12-11,12.59,13.49,14.05,12.37,41863746.0,577216078.0,5.638214565387623,0.7200000000000006,0.1560862834580495,13.155833985904476,268209000.0
2023-12-12,13.39,13.76,14.65,13.12,38792168.0,538117094.0,2.0014825796886626,0.2699999999999996,0.14463410250961004,11.341734618235739,268209000.0
2023-12-13,13.34,13.3,13.85,13.22,23361600.0,318628640.0,-3.3430232558139483,-0.4599999999999991,0.08710222252049707,4.578488372093016,268209000.0
2023-12-14,13.18,12.89,13.3,12.81,16320943.0,215048246.0,-3.082706766917298,-0.41000000000000014,0.060851585890108084,3.684210526315791,268209000.0
2023-12-15,12.87,12.77,13.18,12.36,16210420.0,209510583.0,-0.9309542280837912,-0.120000000000001,0.060439507995630276,6.361520558572539,268209000.0
2023-12-18,12.67,12.19,12.74,12.11,13905502.0,174213473.0,-4.541895066562251,-0.5800000000000001,0.0518457695304781,4.93343774471418,268209000.0
2023-12-19,12.11,12.68,13.0,11.96,15356650.0,195754038.0,4.0196882690730185,0.4900000000000002,0.05725628148197861,8.531583264971282,268209000.0
2023-12-20,12.79,13.95,13.95,12.74,20467585.0,279215319.0,10.015772870662465,1.2699999999999996,0.07631207379319858,9.542586750788637,268209000.0
2023-12-21,13.95,13.81,13.95,13.4,33244477.0,462408853.0,-1.003584229390675,-0.1399999999999988,0.1239498935531619,3.9426523297490967,268209000.0
2023-12-22,13.68,13.41,14.55,13.21,36611648.0,515681577.0,-2.8964518464880573,-0.40000000000000036,0.13650417398372164,9.703113685734973,268209000.0
2023-12-25,13.35,14.75,14.75,13.14,30214075.0,429513243.0,9.992542878448907,1.3399999999999999,0.1126512346714689,12.00596569724086,268209000.0
2023-12-26,14.77,16.23,16.23,14.3,49290401.0,755582182.0,10.033898305084744,1.4800000000000004,0.18377608879642368,13.084745762711863,268209000.0
2023-12-27,16.73,17.85,17.85,16.73,37050861.0,661231981.0,9.981515711645116,1.620000000000001,0.13814175139536705,6.9008009858287185,268209000.0
2023-12-28,18.46,19.63,19.63,18.36,43923759.0,860395160.0,9.971988795518193,1.7799999999999976,0.16376690938782815,7.114845938375347,268209000.0
2023-12-29,20.86,19.83,21.58,18.02,73818614.0,1528116546.0,1.0188487009679115,0.1999999999999993,0.275227952827832,18.13550687722873,268209000.0
2024-01-02,20.77,21.81,21.81,19.89,68245446.0,1466452603.0,9.984871406959162,1.9800000000000004,0.2544487545160677,9.6822995461422,268209000.0
2024-01-03,19.63,19.63,19.69,19.63,8013800.0,159797652.0,-9.995414947271897,-2.1799999999999997,0.029878937694111683,0.27510316368639287,268209000.0
2024-01-04,17.68,18.24,18.97,17.68,59741966.0,1095867764.0,-7.080998471726952,-1.3900000000000006,0.22274407644784477,6.571574121242992,268209000.0
2024-01-05,17.98,19.26,20.06,17.85,63362924.0,1258582946.0,5.5921052631579204,1.0200000000000031,0.2362445853793124,12.116228070175424,268209000.0
2024-01-08,19.27,21.19,21.19,19.26,33616019.0,707764386.0,10.020768431983385,1.9299999999999997,0.12533516399524253,10.020768431983383,268209000.0
2024-01-09,21.54,21.3,23.31,20.39,68118879.0,1538741758.0,0.5191127890514347,0.10999999999999943,0.25397685759985683,13.780084945729106,268209000.0
2024-01-10,20.68,22.75,23.43,20.68,61858942.0,1435908369.0,6.8075117370892,1.4499999999999993,0.23063708525813825,12.910798122065728,268209000.0
2024-01-11,20.58,21.56,23.54,20.47,48971743.0,1075938553.0,-5.230769230769239,-1.1900000000000013,0.18258799294579972,13.494505494505496,268209000.0
2024-01-12,22.54,22.16,22.78,20.24,41521160.0,918501081.0,2.782931354359941,0.6000000000000014,0.1548089735989471,11.781076066790366,268209000.0
2024-01-15,20.78,19.94,22.02,19.94,34965093.0,734542792.0,-10.018050541516244,-2.219999999999999,0.13036509960515866,9.386281588447645,268209000.0
2024-01-16,19.1,19.94,20.28,18.84,34779975.0,684474914.0,0.0,0.0,0.1296748990526045,7.221664994984961,268209000.0
2024-01-17,19.5,18.32,20.57,18.28,38799690.0,765547759.0,-8.124373119358076,-1.620000000000001,0.14466214780264644,11.484453360080234,268209000.0
2024-01-18,18.05,17.99,18.36,17.43,31076947.0,560406512.0,-1.8013100436681362,-0.33000000000000185,0.11586839740650015,5.076419213973797,268209000.0
2024-01-19,17.62,17.03,17.7,16.89,22425512.0,392278378.0,-5.336297943301815,-0.9599999999999973,0.08361207864016494,4.502501389660916,268209000.0
2024-01-22,17.23,16.15,17.52,15.88,22518530.0,383355777.0,-5.167351732237247,-0.8800000000000026,0.08395889026841008,9.630064591896645,268209000.0
2024-01-23,15.95,15.76,16.54,15.46,21255503.0,340085823.0,-2.414860681114539,-0.3899999999999988,0.07924977536175147,6.687306501547978,268209000.0
2024-01-24,15.67,15.81,15.97,15.31,16108050.0,255584531.0,0.31725888324873885,0.05000000000000071,0.06005782803709048,4.18781725888325,268209000.0
2024-01-25,15.62,16.05,16.16,15.36,15960100.0,256089182.0,1.5180265654648917,0.2400000000000002,0.05950620598115649,5.060088551549657,268209000.0
2024-01-26,16.0,15.56,16.3,15.5,13968300.0,224765997.0,-3.0529595015576283,-0.4900000000000002,0.052079907833070475,4.984423676012465,268209000.0
2024-01-29,15.56,15.06,15.75,14.82,12885500.0,197974875.0,-3.2133676092545027,-0.5,0.04804275770015175,5.976863753213365,268209000.0
2024-01-30,14.77,14.33,14.93,14.26,9917000.0,146488237.0,-4.847277556440909,-0.7300000000000004,0.03697489644269954,4.448871181938911,268209000.0
2024-01-31,14.42,13.7,14.57,13.6,9359500.0,133221565.0,-4.396371249127706,-0.6300000000000008,0.034896293562110145,6.769016050244248,268209000.0
2024-02-01,13.59,13.57,13.86,13.25,10101900.0,139649870.0,-0.9489051094890399,-0.129999999999999,0.03766428419627977,4.452554744525544,268209000.0
2024-02-02,13.68,12.93,13.93,12.41,11227200.0,150109434.0,-4.716285924834196,-0.6400000000000006,0.041859892844759126,11.201179071481207,268209000.0
2024-02-05,13.06,11.64,13.1,11.64,10414700.0,126030949.0,-9.976798143851507,-1.2899999999999991,0.038830538870805974,11.29156999226604,268209000.0
2024-02-06,10.88,10.95,11.49,10.48,19801900.0,216570446.0,-5.927835051546404,-0.6900000000000013,0.07383011010070505,8.67697594501718,268209000.0
2024-02-07,11.01,9.86,11.01,9.86,20826610.0,212801703.0,-9.954337899543376,-1.0899999999999999,0.07765067540611985,10.502283105022835,268209000.0
2024-02-08,9.35,10.48,10.73,8.87,34354242.0,330801096.0,6.28803245436107,0.620000000000001,0.12808758095365927,18.864097363083175,268209000.0
2024-02-19,10.3,11.11,11.32,10.1,28302192.0,309965190.0,6.011450381679384,0.629999999999999,0.10552290191604309,11.641221374045807,268209000.0
2024-02-20,11.11,11.5,11.67,10.85,22157409.0,254526671.0,3.5103510351035094,0.39000000000000057,0.08261247385434493,7.380738073807383,268209000.0
2024-02-21,11.26,11.97,12.51,11.18,23044151.0,280115631.0,4.086956521739138,0.47000000000000064,0.08591863434858636,11.565217391304348,268209000.0
2024-02-22,11.8,12.62,12.65,11.72,21361122.0,265795233.0,5.4302422723475186,0.6499999999999986,0.07964356900775142,7.76942355889724,268209000.0
2024-02-23,12.62,13.11,13.21,12.47,20464207.0,267864711.0,3.882725832012679,0.4900000000000002,0.07629947913753826,5.863708399366088,268209000.0
2024-02-26,13.04,13.29,13.86,12.76,20323800.0,274999772.0,1.3729977116704761,0.17999999999999972,0.07577598067178953,8.390541571319602,268209000.0
2024-02-27,13.29,13.89,13.94,13.03,18709807.0,258243452.0,4.51467268623027,0.6000000000000014,0.0697583116151956,6.847253574115878,268209000.0
2024-02-28,13.79,12.51,14.13,12.51,23308800.0,315245890.0,-9.935205183585316,-1.3800000000000008,0.08690536111763587,11.663066954643634,268209000.0
2024-02-29,11.85,12.62,12.66,11.84,18458040.0,232153796.0,0.8792965627497873,0.10999999999999943,0.06881961455432144,6.554756195043968,268209000.0
2024-03-01,12.64,13.37,13.77,12.61,25982707.0,350658967.0,5.942947702060231,0.75,0.09687485132862805,9.191759112519811,268209000.0
2024-03-04,13.38,13.39,13.53,12.79,18880252.0,252561568.0,0.14958863126404154,0.02000000000000135,0.07039380483130693,5.534779356768888,268209000.0
2024-03-05,13.39,14.1,14.54,13.34,30771852.0,432674776.0,5.302464525765482,0.7099999999999991,0.11473087032873618,8.961911874533229,268209000.0
2024-03-06,13.94,13.67,14.06,13.4,23108202.0,321011333.0,-3.049645390070921,-0.4299999999999997,0.08615744438106104,4.680851063829788,268209000.0
2024-03-07,13.64,13.18,13.78,13.11,16886450.0,230051431.0,-3.584491587417704,-0.4900000000000002,0.0629600423550291,4.901243599122164,268209000.0
2024-03-08,13.07,13.4,13.57,12.98,13319703.0,179636913.0,1.6691957511380862,0.22000000000000064,0.04966165564913929,4.4764795144157805,268209000.0
2024-03-11,13.2,13.33,13.48,13.11,12259500.0,165887852.0,-0.5223880597014952,-0.07000000000000028,0.04570875697683523,2.7611940298507536,268209000.0
2024-03-12,13.37,13.66,13.76,13.34,15666300.0,215490522.0,2.4756189047261845,0.33000000000000007,0.058410791584175024,3.15078769692423,268209000.0
2024-03-13,13.59,13.75,13.94,13.51,15158901.0,211136175.0,0.6588579795022032,0.08999999999999986,0.056518987058599826,3.1478770131771574,268209000.0
2024-03-14,13.76,13.43,13.77,13.09,13200450.0,180229247.0,-2.3272727272727334,-0.3200000000000003,0.049217028511347495,4.9454545454545435,268209000.0
2024-03-15,13.29,13.73,13.77,13.24,10915700.0,150321341.0,2.2338049143708183,0.3000000000000007,0.04069848513659124,3.9463886820550957,268209000.0
2024-03-18,13.8,14.18,14.22,13.8,16296900.0,232353427.0,3.277494537509096,0.4499999999999993,0.060761943111528695,3.058994901675163,268209000.0
2024-03-19,14.29,14.17,14.64,14.15,18472200.0,268753234.0,-0.07052186177715081,-0.009999999999999787,0.06887240920327059,3.4555712270803967,268209000.0
2024-03-20,14.18,14.76,15.24,14.15,25498153.0,378880007.0,4.163726182074812,0.5899999999999999,0.09506822291571125,7.692307692307692,268209000.0
2024-03-21,15.21,14.58,15.31,14.47,35051601.0,530629195.0,-1.2195121951219523,-0.17999999999999972,0.13068763911725556,5.691056910569105,268209000.0
2024-03-22,14.39,13.93,14.54,13.85,18972450.0,271389596.0,-4.458161865569277,-0.6500000000000004,0.07073755914231065,4.73251028806584,268209000.0
2024-03-25,13.78,13.09,13.8,13.09,14559900.0,199140903.0,-6.030150753768848,-0.8399999999999999,0.05428565036967439,5.096913137114148,268209000.0
2024-03-26,13.0,12.95,13.21,12.6,10172550.0,133759154.0,-1.0695187165775444,-0.14000000000000057,0.037927698175676434,4.660045836516434,268209000.0
2024-03-27,12.95,12.27,12.96,12.15,9089003.0,116100318.0,-5.250965250965245,-0.6799999999999997,0.03388776290131949,6.254826254826259,268209000.0
2024-03-28,12.3,12.72,12.95,12.21,8742750.0,112572111.0,3.6674816625916984,0.45000000000000107,0.03259678086865094,6.030969845150762,268209000.0
2024-03-29,12.73,13.04,13.21,12.73,7732103.0,102064320.0,2.515723270440229,0.3199999999999985,0.02882864855392623,3.7735849056603805,268209000.0
2024-04-01,12.99,13.69,13.7,12.95,9782641.0,133263174.0,4.984662576687127,0.6500000000000004,0.036473947555824004,5.751533742331288,268209000.0
2024-04-02,13.69,13.39,13.77,13.3,8418753.0,115150086.0,-2.1913805697589384,-0.29999999999999893,0.03138877890003691,3.4331628926223443,268209000.0
2024-04-03,13.4,13.25,13.42,12.91,7248600.0,96910013.0,-1.0455563853622118,-0.14000000000000057,0.027025938726888358,3.8088125466766223,268209000.0
2024-04-08,13.79,14.05,14.14,13.4,25405897.0,354502431.0,6.037735849056602,0.8000000000000007,0.09472425235543923,5.58490566037736,268209000.0
2024-04-09,13.6,14.83,15.46,13.19,40022258.0,587006263.0,5.55160142348754,0.7799999999999994,0.149220413930927,16.156583629893248,268209000.0
2024-04-10,14.57,15.25,15.26,14.38,39811477.0,599186276.0,2.8320971004720086,0.41999999999999993,0.14843453053402383,5.933917734322313,268209000.0
2024-04-11,14.98,14.55,15.08,14.46,23559499.0,353213371.0,-4.5901639344262275,-0.6999999999999993,0.08784007620922489,4.065573770491798,268209000.0
2024-04-12,14.66,14.95,15.12,13.89,25831278.0,381259545.0,2.7491408934707806,0.3999999999999986,0.09631025804503204,8.453608247422672,268209000.0
2024-04-15,14.56,13.46,14.76,13.45,20369787.0,290064139.0,-9.966555183946479,-1.4899999999999984,0.07594744024249746,8.76254180602007,268209000.0
2024-04-16,13.2,13.1,14.57,13.0,17230977.0,240153827.0,-2.6745913818722267,-0.3600000000000012,0.06424458910774807,11.664190193164934,268209000.0
2024-04-17,12.89,14.11,14.3,12.89,18865319.0,265547278.0,7.709923664122131,1.0099999999999998,0.07033812810159241,10.763358778625957,268209000.0
2024-04-18,14.07,13.72,14.39,13.63,19477621.0,277310728.0,-2.7639971651311046,-0.3899999999999988,0.07262105671323482,5.3862508858965255,268209000.0
2024-04-19,13.45,15.09,15.09,13.08,31427461.0,455873802.0,9.985422740524786,1.3699999999999992,0.11717526630351703,14.65014577259475,268209000.0
2024-04-22,15.95,14.96,16.51,14.87,46948600.0,741537273.0,-0.8614976805831565,-0.129999999999999,0.1750448344388145,10.868124585818437,268209000.0
2024-04-23,14.96,15.03,15.56,14.96,25730613.0,396459794.0,0.4679144385026701,0.06999999999999851,0.09593493506929297,4.010695187165773,268209000.0
2024-04-24,14.86,14.85,15.27,14.65,22154843.0,335268102.0,-1.19760479041916,-0.17999999999999972,0.08260290668844072,4.12508316699933,268209000.0
2024-04-25,14.77,15.68,15.76,14.63,30906331.0,480602728.0,5.589225589225588,0.8300000000000001,0.11523226662789093,7.609427609427604,268209000.0
2024-04-26,15.37,15.94,17.11,15.21,36462803.0,587225121.0,1.658163265306123,0.2599999999999998,0.13594921497787174,12.117346938775501,268209000.0
2024-04-29,15.76,16.19,16.5,15.57,26964073.0,442149345.0,1.5683814303638854,0.2500000000000018,0.10053381131878497,5.834378920953574,268209000.0
2024-04-30,16.15,16.75,17.06,15.74,33010350.0,551944919.0,3.458925262507706,0.5599999999999987,0.12307696609733454,8.153180975911047,268209000.0
2024-05-06,16.94,17.52,17.61,16.44,34767713.0,601290517.0,4.597014925373122,0.7699999999999996,0.12962918097453852,6.98507462686566,268209000.0
2024-05-07,17.56,16.96,17.92,16.92,32704909.0,576065813.0,-3.1963470319634646,-0.5599999999999987,0.1219381489808321,5.707762557077626,268209000.0
2024-05-08,16.61,15.79,16.61,15.63,30447314.0,497003640.0,-6.898584905660387,-1.1700000000000017,0.11352085127642995,5.778301886792445,268209000.0
2024-05-09,15.78,15.69,16.52,15.66,22141511.0,359648455.0,-0.633312222925897,-0.09999999999999964,0.08255319918421827,5.446485117162759,268209000.0
2024-05-10,15.69,15.69,16.03,15.49,17155476.0,274817953.0,0.0,0.0,0.06396308848696353,3.4416826003824155,268209000.0
2024-05-13,15.28,14.74,15.31,14.68,15069901.0,227470870.0,-6.054811982154229,-0.9499999999999993,0.05618715628483757,4.015296367112816,268209000.0
2024-05-14,14.88,15.53,15.75,14.88,18551323.0,288785304.0,5.359565807326994,0.7899999999999991,0.06916741421801655,5.9023066485752995,268209000.0
2024-05-15,15.46,15.15,15.76,15.11,15775581.0,247784183.0,-2.446877012234383,-0.379999999999999,0.05881823876156281,4.18544752092724,268209000.0
2024-05-16,15.16,14.99,15.42,14.9,11245300.0,172305373.0,-1.0561056105610533,-0.16000000000000014,0.04192737753020965,3.4323432343234295,268209000.0
2024-05-17,14.93,15.2,15.32,14.58,10875559.0,165750436.0,1.4009339559706513,0.20999999999999908,0.040548822000753146,4.93662441627752,268209000.0
2024-05-20,15.07,15.41,15.56,15.07,10642259.0,165617081.0,1.3815789473684337,0.21000000000000085,0.03967897796121681,3.2236842105263177,268209000.0
2024-05-21,15.27,14.85,15.36,14.75,10625792.0,161660086.0,-3.634003893575599,-0.5600000000000005,0.039617581811199475,3.958468526930561,268209000.0
2024-05-22,14.74,14.44,14.91,14.31,11536034.0,170133535.0,-2.760942760942764,-0.41000000000000014,0.043011360543456785,4.040404040404038,268209000.0
2024-05-23,14.56,14.28,14.72,14.15,9758131.0,142948035.0,-1.1080332409972304,-0.16000000000000014,0.036382563597791275,3.9473684210526336,268209000.0
2024-05-24,14.21,14.6,14.81,13.69,15699700.0,226902127.0,2.2408963585434094,0.3200000000000003,0.05853532133522738,7.843137254901968,268209000.0
2024-05-27,15.37,16.06,16.06,15.09,31441260.0,505573127.0,9.999999999999986,1.459999999999999,0.11722671498719282,6.6438356164383485,268209000.0
2024-05-28,16.54,17.67,17.67,16.54,27463603.0,480473039.0,10.024906600249084,1.610000000000003,0.10239627678414967,7.036114570361162,268209000.0
2024-05-29,18.49,17.05,19.05,16.7,52110790.0,936817562.0,-3.508771929824561,-0.620000000000001,0.1942917277198006,13.29937747594794,268209000.0
2024-05-30,16.93,17.7,18.38,16.93,46113390.0,823615897.0,3.8123167155425186,0.6499999999999986,0.17193080769101707,8.504398826979468,268209000.0
2024-05-31,17.29,19.4,19.47,17.29,57518261.0,1102354219.0,9.604519774011289,1.6999999999999993,0.21445313542796848,12.31638418079096,268209000.0
2024-06-03,18.58,17.46,18.82,17.46,34114900.0,621037653.0,-9.999999999999986,-1.9399999999999977,0.1271952097058637,7.010309278350513,268209000.0
2024-06-04,16.6,16.71,17.07,16.36,26965750.0,457020939.0,-4.295532646048105,-0.75,0.10054006390538722,4.066437571592216,268209000.0
2024-06-05,16.56,16.0,16.85,15.95,20763400.0,343391910.0,-4.248952722920407,-0.7100000000000009,0.07741500098803546,5.385996409335739,268209000.0
2024-06-06,15.78,15.3,16.07,15.14,18723420.0,295871930.0,-4.374999999999996,-0.6999999999999993,0.0698090668098386,5.812499999999998,268209000.0
2024-06-07,15.56,15.76,16.13,15.53,16910700.0,271568394.0,3.0065359477124076,0.4599999999999991,0.06305045691979017,3.9215686274509776,268209000.0
2024-06-11,15.66,15.76,15.86,15.26,15732100.0,248117240.0,0.0,0.0,0.05865612265061948,3.807106598984769,268209000.0
2024-06-12,16.21,16.49,16.78,15.97,24652350.0,410891732.0,4.631979695431454,0.7299999999999986,0.0919147008489648,5.139593908629444,268209000.0
2024-06-13,16.27,16.33,16.85,16.27,21896032.0,368374140.0,-0.9702850212249814,-0.16000000000000014,0.08163794652677576,3.517283201940582,268209000.0
2024-06-14,16.34,17.03,17.22,15.85,28354372.0,480288379.0,4.286589099816296,0.7000000000000028,0.10571745168879493,8.389467238211875,268209000.0
2024-06-17,16.61,16.95,17.0,16.51,16438322.0,280048447.0,-0.4697592483852153,-0.08000000000000185,0.06128922593947258,2.8772753963593565,268209000.0
2024-06-18,16.84,16.49,16.94,16.35,15601882.0,263158269.0,-2.7138643067846635,-0.46000000000000085,0.058170613215813044,3.4808259587020642,268209000.0
2024-06-19,16.38,16.11,16.77,16.09,13680932.0,227818518.0,-2.304426925409331,-0.379999999999999,0.05100847473425575,4.123711340206184,268209000.0
2024-06-20,15.83,15.66,16.1,15.56,12788532.0,204861238.0,-2.7932960893854664,-0.4499999999999993,0.047681218751048624,3.351955307262576,268209000.0
2024-06-21,15.37,15.68,15.83,15.26,8852250.0,140577958.0,0.12771392081736277,0.019999999999999574,0.03300504457344832,3.6398467432950206,268209000.0
2024-06-24,15.5,14.65,15.61,14.6,13233600.0,201058431.0,-6.568877551020402,-1.0299999999999994,0.04934062615348478,6.441326530612243,268209000.0
2024-06-25,14.65,14.49,14.81,14.36,9058750.0,133910828.0,-1.0921501706484649,-0.16000000000000014,0.03377496653728995,3.0716723549488125,268209000.0
2024-06-26,14.42,14.9,14.96,14.31,8356300.0,124565928.0,2.8295376121463045,0.41000000000000014,0.031155926907747315,4.485852311939271,268209000.0
2024-06-27,14.72,14.25,14.97,14.21,9091600.0,134717792.0,-4.36241610738255,-0.6500000000000004,0.033897445648729166,5.100671140939596,268209000.0
2024-06-28,14.14,14.8,15.21,14.06,12747952.0,190851444.0,3.8596491228070295,0.5500000000000007,0.047529918831955675,8.070175438596493,268209000.0
2024-07-01,14.79,14.8,14.85,14.34,9376000.0,138921496.0,0.0,0.0,0.03495781275050427,3.445945945945944,268209000.0
2024-07-02,14.73,14.61,14.94,14.52,7061900.0,105737049.0,-1.2837837837837873,-0.19000000000000128,0.02632983978911968,2.8378378378378373,268209000.0
2024-07-03,14.57,14.0,14.57,14.0,7939700.0,114325749.0,-4.175222450376448,-0.6099999999999994,0.029602660611687155,3.9014373716632464,268209000.0
2024-07-04,13.97,14.26,14.52,13.79,8168702.0,116900200.0,1.857142857142846,0.2599999999999998,0.03045647983475573,5.214285714285717,268209000.0
2024-07-05,14.08,14.11,14.28,13.78,5977900.0,84471524.0,-1.051893408134641,-0.15000000000000036,0.022288215533408647,3.506311360448808,268209000.0
2024-07-08,14.26,13.67,14.26,13.6,6278500.0,87762356.0,-3.118355776045356,-0.4399999999999995,0.023408983292879805,4.677533664068037,268209000.0
2024-07-09,13.64,14.38,14.47,13.54,10213700.0,145097005.0,5.193855157278726,0.7100000000000009,0.038081123303095724,6.803218727139733,268209000.0
2024-07-10,14.28,14.23,14.56,14.21,7237400.0,104865712.0,-1.0431154381084884,-0.15000000000000036,0.02698418024749356,2.433936022253127,268209000.0
2024-07-11,14.63,14.7,14.87,14.36,8985150.0,132553084.0,3.302881236823607,0.46999999999999886,0.03350055367269555,3.5839775122979605,268209000.0
2024-07-12,14.59,14.57,14.81,14.41,6452300.0,94931045.0,-0.8843537414965907,-0.129999999999999,0.02405698541063126,2.7210884353741522,268209000.0
2024-07-15,14.37,14.02,14.41,14.01,6845850.0,97757040.0,-3.774879890185312,-0.5500000000000007,0.02552431126472266,2.745367192862048,268209000.0
2024-07-16,13.95,13.95,14.1,13.7,5729500.0,80239281.0,-0.4992867332382356,-0.07000000000000028,0.02136207211540254,2.853067047075609,268209000.0
2024-07-17,13.85,13.51,13.91,13.51,5259200.0,72461904.0,-3.154121863799275,-0.4399999999999995,0.01960858882438695,2.8673835125448055,268209000.0
2024-07-18,13.46,13.32,13.47,12.97,6509500.0,86791030.0,-1.4063656550703185,-0.1899999999999995,0.024270251930397564,3.7009622501850483,268209000.0
2024-07-19,13.24,13.35,13.58,13.24,5264100.0,71386612.0,0.22522522522521182,0.02999999999999936,0.019626858159122178,2.5525525525525516,268209000.0
2024-07-22,13.28,13.41,13.48,13.12,4198450.0,56370661.0,0.44943820224718767,0.0600000000000005,0.015653650697776734,2.6966292134831553,268209000.0
2024-07-23,13.41,12.92,13.52,12.92,5091950.0,67808536.0,-3.6539895600298355,-0.4900000000000002,0.018985007960210135,4.474272930648767,268209000.0
2024-07-24,12.89,12.69,13.09,12.69,5483800.0,71058609.0,-1.7801857585139302,-0.23000000000000043,0.020445995473679108,3.0959752321981453,268209000.0
2024-07-25,12.59,12.6,12.84,12.4,4581200.0,58192385.0,-0.7092198581560294,-0.08999999999999986,0.01708070944673743,3.467297084318357,268209000.0
2024-07-26,12.53,12.83,12.91,12.53,4108400.0,53068403.0,1.825396825396819,0.23000000000000043,0.015317905066571219,3.015873015873022,268209000.0
2024-07-29,12.83,13.05,13.15,12.68,5680100.0,74174341.0,1.7147310989867437,0.22000000000000064,0.02117788739378619,3.6632891660171523,268209000.0
2024-07-30,13.05,13.03,13.17,12.81,4464200.0,58476826.0,-0.1532567049808531,-0.02000000000000135,0.01664448247448818,2.7586206896551677,268209000.0
2024-07-31,13.08,13.5,13.53,12.99,6207453.0,83528604.0,3.6070606293169716,0.47000000000000064,0.02314408912452602,4.144282425172672,268209000.0
2024-08-01,13.42,13.57,13.73,13.39,6191702.0,84753878.0,0.5185185185185182,0.07000000000000028,0.023085362534441423,2.5185185185185177,268209000.0
2024-08-02,13.44,13.18,13.53,13.16,4859050.0,65431045.0,-2.8739867354458437,-0.39000000000000057,0.018116655294937903,2.7266028002947618,268209000.0
2024-08-05,13.12,12.75,13.32,12.74,5853150.0,76685617.0,-3.262518968133532,-0.4299999999999997,0.021823093184792457,4.400606980273142,268209000.0
2024-08-06,12.98,13.08,13.13,12.84,4043400.0,53042119.0,2.5882352941176467,0.33000000000000007,0.015075556748654967,2.2745098039215756,268209000.0
2024-08-07,13.08,13.06,13.17,12.99,2985700.0,39422386.0,-0.1529051987767538,-0.019999999999999574,0.011131990350808512,1.3761467889908234,268209000.0
2024-08-08,12.94,12.85,13.05,12.69,3384800.0,43924996.0,-1.607963246554367,-0.21000000000000085,0.012620009022814297,2.756508422664634,268209000.0
2024-08-09,12.85,12.69,13.07,12.69,2914900.0,37674554.0,-1.2451361867704347,-0.16000000000000014,0.010868017106062808,2.957198443579773,268209000.0
2024-08-12,12.69,12.47,12.7,12.38,3696900.0,46618462.0,-1.7336485421591719,-0.21999999999999886,0.013783653792378331,2.5216706067769783,268209000.0
2024-08-13,12.47,12.71,12.85,12.36,5461400.0,69767415.0,1.9246190858059453,0.2400000000000002,0.02036247851488951,3.9294306335204503,268209000.0
2024-08-14,12.71,13.52,13.98,12.57,16427458.0,221541204.0,6.372934697088906,0.8099999999999987,0.061248720214459616,11.093627065302911,268209000.0
2024-08-15,13.09,13.84,14.18,13.07,18498392.0,255471443.0,2.366863905325456,0.3200000000000003,0.06897006439008385,8.21005917159763,268209000.0
2024-08-16,13.97,13.85,14.28,13.78,15385740.0,217355826.0,0.07225433526012459,0.009999999999999787,0.05736474167533528,3.6127167630057806,268209000.0
2024-08-19,13.68,13.31,13.93,13.27,10816000.0,148175604.0,-3.898916967509014,-0.5399999999999991,0.04032676010126431,4.76534296028881,268209000.0
2024-08-20,13.33,13.05,13.46,12.86,7074800.0,93319901.0,-1.9534184823441048,-0.2599999999999998,0.026377936609136905,4.507888805409477,268209000.0
2024-08-21,12.98,12.82,13.17,12.8,4966400.0,64951691.0,-1.7624521072796995,-0.23000000000000043,0.018516902863065742,2.8352490421455876,268209000.0
2024-08-22,12.88,12.69,12.93,12.62,4230500.0,54445704.0,-1.0140405616224757,-0.13000000000000078,0.015773147060687748,2.418096723868959,268209000.0
2024-08-23,12.65,12.66,12.82,12.33,5600859.0,71172301.0,-0.23640661938534313,-0.02999999999999936,0.020882442423632318,3.8613081166272676,268209000.0
2024-08-26,12.59,13.37,13.54,12.59,11538000.0,152713323.0,5.6082148499210005,0.7099999999999991,0.04301869064796483,7.503949447077403,268209000.0
2024-08-27,13.17,12.83,13.5,12.74,8342500.0,110124033.0,-4.038893044128644,-0.5399999999999991,0.031104474495635866,5.684367988032908,268209000.0
2024-08-28,12.74,12.76,13.07,12.69,5565952.0,72320423.0,-0.5455962587685104,-0.07000000000000028,0.02075229392003997,2.9618082618862105,268209000.0
2024-08-29,12.65,13.1,13.17,12.46,7303050.0,95219472.0,2.6645768025078453,0.33999999999999986,0.027228952048588974,5.564263322884005,268209000.0
2024-08-30,13.15,13.37,13.54,13.15,9859100.0,133182943.0,2.061068702290081,0.2699999999999996,0.03675902001797106,2.9770992366412123,268209000.0
2024-09-02,13.46,13.18,13.64,13.16,7623600.0,102809133.0,-1.421091997008228,-0.1899999999999995,0.02842410209948212,3.5901271503365777,268209000.0
2024-09-03,13.09,13.35,13.47,13.04,5173600.0,69521055.0,1.2898330804248959,0.16999999999999993,0.01928943473186955,3.262518968133547,268209000.0
2024-09-04,13.17,13.22,13.33,13.02,5138500.0,68237061.0,-0.9737827715355696,-0.129999999999999,0.019158566640194774,2.322097378277157,268209000.0
2024-09-05,13.13,13.24,13.35,13.12,3766500.0,50205369.0,0.1512859304084735,0.019999999999999574,0.014043152914331733,1.7397881996974314,268209000.0
2024-09-06,13.16,13.31,13.63,13.15,10171200.0,137412799.0,0.5287009063444037,0.07000000000000028,0.037922664787535094,3.625377643504535,268209000.0
2024-09-09,13.16,13.62,13.79,13.16,12463150.0,170811235.0,2.329075882794873,0.3099999999999987,0.04646805289904515,4.7332832456799325,268209000.0
2024-09-10,13.84,13.36,13.88,13.05,11674703.0,157431084.0,-1.9089574155653488,-0.2599999999999998,0.04352837898802799,6.093979441997064,268209000.0
2024-09-11,13.29,12.9,13.29,12.88,7252155.0,95242007.0,-3.4431137724550864,-0.4599999999999991,0.02703919331566055,3.0688622754490895,268209000.0
2024-09-12,12.95,12.75,13.1,12.74,4613055.0,60013225.0,-1.1627906976744207,-0.15000000000000036,0.017199478764694697,2.7906976744186003,268209000.0
2024-09-13,12.81,12.93,13.08,12.54,5536245.0,71471262.0,1.4117647058823568,0.17999999999999972,0.02064153328188092,4.235294117647066,268209000.0
2024-09-18,12.92,12.63,12.93,12.52,4102700.0,52420524.0,-2.3201856148491795,-0.29999999999999893,0.015296652983307794,3.1709203402938915,268209000.0
2024-09-19,12.71,12.79,12.85,12.55,4064983.0,52246332.0,1.2668250197941378,0.15999999999999837,0.015156027575510144,2.3752969121140053,268209000.0
2024-09-20,12.8,12.68,12.83,12.59,3185850.0,40743262.0,-0.8600469116497256,-0.10999999999999943,0.011878236748207555,1.8764659890539503,268209000.0
2024-09-23,12.66,12.54,12.73,12.49,3601445.0,45743286.0,-1.104100946372244,-0.14000000000000057,0.013427755966429165,1.89274447949527,268209000.0
2024-09-24,12.58,12.97,12.97,12.51,7521846.0,97156507.0,3.429027113237648,0.4300000000000015,0.02804471885730904,3.668261562998412,268209000.0
2024-09-25,13.08,13.33,13.74,13.04,11408793.0,153959704.0,2.775636083269073,0.35999999999999943,0.04253695066161091,5.397070161912112,268209000.0
2024-09-26,13.33,13.57,13.58,13.19,7892450.0,106775115.0,1.8004501125281402,0.2400000000000002,0.02942649202674034,2.925731432858219,268209000.0
2024-09-27,13.67,14.13,14.38,13.67,11775700.0,166293202.0,4.1267501842299215,0.5600000000000005,0.04390493980440627,5.232129697862939,268209000.0
2024-09-30,14.65,15.2,15.37,14.18,19075813.0,285759591.0,7.572540693559793,1.0699999999999985,0.07112294143746109,8.421797593772112,268209000.0
2024-10-08,16.66,15.85,16.66,14.5,21939264.0,348002846.0,4.276315789473695,0.6500000000000004,0.08179913425723968,14.210526315789476,268209000.0
2024-10-09,15.37,14.27,15.42,14.27,13848003.0,207519742.0,-9.968454258675074,-1.58,0.05163138820844938,7.255520504731863,268209000.0
2024-10-10,14.54,14.4,14.85,14.32,8392878.0,123180712.0,0.9110021023125414,0.13000000000000078,0.03129230562732794,3.7140854940434433,268209000.0
2024-10-11,14.44,14.16,14.83,13.95,9984000.0,144837354.0,-1.6666666666666718,-0.2400000000000002,0.03722470163193629,6.111111111111116,268209000.0
2024-10-14,14.23,14.5,14.54,13.96,6878680.0,99450704.0,2.4011299435028333,0.33999999999999986,0.025646715807448667,4.096045197740101,268209000.0
2024-10-15,14.33,14.35,14.77,14.31,6791350.0,99649004.0,-1.0344827586206917,-0.15000000000000036,0.025321111521239035,3.1724137931034417,268209000.0
2024-10-16,14.28,14.42,14.52,14.08,4954615.0,71594674.0,0.4878048780487809,0.07000000000000028,0.018472963248809697,3.066202090592331,268209000.0
2024-10-17,14.51,14.28,14.63,14.28,5704550.0,83288442.0,-0.9708737864077666,-0.14000000000000057,0.0212690476456793,2.4271844660194275,268209000.0
2024-10-18,14.2,14.72,14.94,14.2,9882828.0,146142819.0,3.08123249299721,0.4400000000000013,0.036847488339317475,5.182072829131655,268209000.0
2024-10-21,14.67,14.91,15.12,14.63,8440300.0,126728117.0,1.2907608695652106,0.1899999999999995,0.03146911550320832,3.3288043478260763,268209000.0
2024-10-22,14.92,15.27,15.35,14.8,10165300.0,154829858.0,2.4144869215291687,0.35999999999999943,0.03790066701713962,3.688799463447343,268209000.0
2024-10-23,15.27,14.99,15.27,14.92,7796500.0,118683173.0,-1.8336607727570398,-0.27999999999999936,0.029068748625139352,2.2920759659462977,268209000.0
2024-10-24,15.02,15.47,16.04,15.01,14413950.0,226750454.0,3.202134756504349,0.4800000000000004,0.0537414851850609,6.871247498332217,268209000.0
2024-10-25,15.29,15.52,15.73,15.29,10219600.0,160518597.0,0.3232062055591456,0.049999999999998934,0.038103121073491196,2.8442146089204994,268209000.0
2024-10-28,15.47,15.98,16.01,15.45,9070210.0,145152509.0,2.9639175257732076,0.46000000000000085,0.03381769440995641,3.608247422680427,268209000.0
2024-10-29,15.98,15.48,16.1,15.46,9572882.0,151515487.0,-3.1289111389236512,-0.5,0.03569187462016562,4.005006257822282,268209000.0
2024-10-30,15.37,15.67,15.7,15.36,6329900.0,99266308.0,1.2273901808785403,0.1899999999999995,0.023600624885816657,2.196382428940568,268209000.0
2024-10-31,15.66,15.67,15.92,15.55,6695850.0,106156017.0,0.0,0.0,0.024965045915685154,2.361199744735158,268209000.0
2024-11-01,15.67,14.97,15.81,14.97,8496950.0,130789243.0,-4.467134652201654,-0.6999999999999993,0.03168033138336148,5.36056158264199,268209000.0
2024-11-04,15.15,15.34,15.37,14.95,5169850.0,79427896.0,2.4716098864395297,0.3699999999999992,0.019275453098143613,2.805611222444889,268209000.0
2024-11-05,15.32,15.46,15.59,15.31,7443757.0,116100374.0,0.7822685788787531,0.120000000000001,0.027753569045035776,1.8252933507170752,268209000.0
2024-11-06,15.62,15.17,15.63,15.12,6826300.0,105662987.0,-1.875808538163004,-0.2900000000000009,0.02545142034756477,3.298835705045288,268209000.0
2024-11-07,15.17,15.46,15.46,14.99,6316352.0,97415103.0,1.911667765326297,0.2900000000000009,0.023550112039491592,3.098220171390907,268209000.0
2024-11-08,15.63,15.93,16.44,15.33,14320350.0,230410286.0,3.0401034928848603,0.46999999999999886,0.0533925036072615,7.1798188874514945,268209000.0
2024-11-11,15.86,16.35,16.46,15.77,12798632.0,209657935.0,2.6365348399246757,0.4200000000000017,0.04771887595121715,4.331450094161967,268209000.0
2024-11-12,16.32,16.25,16.71,16.03,10614450.0,174880209.0,-0.6116207951070374,-0.10000000000000142,0.03957529389394092,4.159021406727827,268209000.0
2024-11-13,16.14,16.48,16.7,16.12,8648746.0,142903160.0,1.4153846153846183,0.23000000000000043,0.032246293002844796,3.5692307692307588,268209000.0
2024-11-14,16.34,15.79,16.58,15.79,8108700.0,131973107.0,-4.186893203883502,-0.6900000000000013,0.03023276623826941,4.793689320388344,268209000.0
2024-11-15,15.79,15.72,16.15,15.63,6914250.0,110852265.0,-0.4433185560481223,-0.06999999999999851,0.025779336263883762,3.2932235592146792,268209000.0
2024-11-18,15.81,14.86,15.91,14.71,7718554.0,117099854.0,-5.470737913486012,-0.8600000000000012,0.0287781319791655,7.633587786259537,268209000.0
2024-11-19,14.86,15.5,15.5,14.82,6187702.0,94910547.0,4.306864064602967,0.6400000000000006,0.023070448791800424,4.576043068640645,268209000.0
2024-11-20,15.47,15.76,15.84,15.38,6208848.0,98354019.0,1.6774193548387162,0.2599999999999998,0.02314929029227207,2.9677419354838652,268209000.0
2024-11-21,15.67,16.2,16.46,15.67,8697675.0,141353402.0,2.7918781725888353,0.4399999999999995,0.03242872163126517,5.012690355329955,268209000.0
2024-11-22,16.16,15.78,16.58,15.73,7890531.0,128256225.0,-2.592592592592591,-0.41999999999999993,0.02941933715870832,5.2469135802469005,268209000.0
2024-11-25,15.66,15.9,16.02,15.61,5392500.0,85906281.0,0.7604562737642651,0.120000000000001,0.020105589297898283,2.598225602027884,268209000.0
2024-11-26,15.9,15.57,16.15,15.52,5230550.0,83621334.0,-2.075471698113207,-0.33000000000000007,0.01950176914272079,3.9622641509433896,268209000.0
2024-11-27,15.46,15.75,15.75,14.97,5923400.0,91496822.0,1.156069364161838,0.17999999999999972,0.02208501578992502,5.009633911368011,268209000.0
2024-11-28,15.67,15.6,15.96,15.57,5450078.0,86496582.0,-0.9523809523809601,-0.15000000000000036,0.020320265166344158,2.47619047619048,268209000.0
2024-11-29,15.61,15.79,15.92,15.28,5683400.0,89645643.0,1.2179487179487136,0.1899999999999995,0.021190191231465014,4.102564102564106,268209000.0
2024-12-02,15.77,16.14,16.24,15.71,5934500.0,95957846.0,2.216592780240667,0.3500000000000014,0.022126401425753797,3.356554781507268,268209000.0
2024-12-03,16.15,16.23,16.49,15.99,5705050.0,93254668.0,0.5576208178438735,0.08999999999999986,0.021270911863509427,3.0978934324659124,268209000.0
2024-12-04,16.23,15.78,16.31,15.67,5344900.0,86040090.0,-2.7726432532347522,-0.45000000000000107,0.01992811576047038,3.943314849044971,268209000.0
2024-12-05,15.76,15.36,15.99,15.0,15361698.0,238631718.0,-2.6615969581749055,-0.41999999999999993,0.057275102625191546,6.273764258555135,268209000.0
2024-12-06,15.51,16.9,16.9,15.47,11666831.0,193637462.0,10.026041666666652,1.5399999999999991,0.04349902874251051,9.30989583333332,268209000.0
2024-12-09,17.65,17.6,18.58,17.27,36334558.0,652998598.0,4.142011834319548,0.7000000000000028,0.13547106174662296,7.751479289940821,268209000.0
2024-12-10,17.84,18.08,18.69,17.05,28057753.0,504352245.0,2.7272727272727115,0.4799999999999969,0.10461152683168723,9.318181818181822,268209000.0
2024-12-11,17.8,17.92,18.12,17.62,15197631.0,273582484.0,-0.8849557522123686,-0.1599999999999966,0.05666338937172131,2.765486725663717,268209000.0
2024-12-12,17.69,17.52,17.95,17.37,11545800.0,204638634.0,-2.2321428571428714,-0.40000000000000213,0.04304777244611478,3.2366071428571326,268209000.0
2024-12-13,17.48,17.72,18.15,17.36,12571587.0,224773873.0,1.1415525114155223,0.1999999999999993,0.04687235327673568,4.50913242009132,268209000.0
2024-12-16,17.99,17.45,18.15,17.35,8738931.0,155954767.0,-1.5237020316027028,-0.2699999999999996,0.03258254197286445,4.514672686230233,268209000.0
2024-12-17,18.54,19.2,19.2,18.08,12400444.0,238070743.0,10.028653295128942,1.75,0.04623425761253351,6.418338108882528,268209000.0
2024-12-18,18.44,18.45,18.8,17.6,29261808.0,539502008.0,-3.90625,-0.75,0.10910076843058958,6.2499999999999964,268209000.0
2024-12-19,17.98,17.48,18.25,17.39,17975581.0,320184966.0,-5.257452574525734,-0.9699999999999989,0.06702079721411287,4.661246612466122,268209000.0
2024-12-20,17.44,17.53,17.79,17.4,10283306.0,182114355.0,0.28604118993136307,0.05000000000000071,0.038340644795663084,2.2311212814645343,268209000.0
2024-12-23,17.5,17.82,18.25,17.09,15154071.0,269745440.0,1.65430690245294,0.28999999999999915,0.056500978714360814,6.617227609811752,268209000.0
2024-12-24,17.41,17.93,18.16,17.41,12033933.0,215726171.0,0.6172839506172867,0.10999999999999943,0.04486774493025961,4.208754208754209,268209000.0
2024-12-25,17.79,16.39,17.84,16.26,14223398.0,243044379.0,-8.588957055214719,-1.5399999999999991,0.05303102431312894,8.812046848856655,268209000.0
2024-12-26,16.22,16.76,17.11,16.22,9222719.0,154844649.0,2.2574740695546103,0.370000000000001,0.034386314404065484,5.430140329469191,268209000.0
2024-12-27,16.76,17.48,18.43,16.76,16939558.0,302962110.0,4.2959427207637235,0.7199999999999989,0.06315805211607366,9.964200477326957,268209000.0
2024-12-30,17.49,17.07,17.64,16.96,9922700.0,172818816.0,-2.345537757437066,-0.41000000000000014,0.03699614852596296,3.89016018306636,268209000.0
2024-12-31,17.25,16.37,17.25,16.31,7353250.0,123292570.0,-4.100761570005851,-0.6999999999999993,0.027416119518733524,5.5067369654364455,268209000.0
2025-01-02,16.3,16.16,16.62,15.86,6245200.0,102405174.0,-1.282834453268178,-0.21000000000000085,0.02328482638539348,4.6426389737324465,268209000.0
2025-01-03,16.3,15.58,16.5,15.55,7398565.0,119274679.0,-3.5891089108910923,-0.5800000000000001,0.027585073580677754,5.878712871287124,268209000.0
2025-01-06,15.56,15.73,15.95,15.12,5538600.0,87274465.0,0.9627727856226009,0.15000000000000036,0.02065031374786081,5.327342747111682,268209000.0
2025-01-07,15.66,15.86,15.86,15.42,4300800.0,67995080.0,0.8264462809917328,0.129999999999999,0.016035256087603325,2.797202797202794,268209000.0
2025-01-08,15.82,15.72,15.88,15.19,4793206.0,75427540.0,-0.8827238335434973,-0.1399999999999988,0.0178711601773244,4.350567465321572,268209000.0
2025-01-09,15.57,15.84,16.06,15.57,4500800.0,71986051.0,0.7633587786259444,0.11999999999999922,0.01678094321965333,3.1170483460559697,268209000.0
2025-01-10,15.79,15.55,16.09,15.52,5145000.0,82252241.0,-1.8308080808080773,-0.28999999999999915,0.019182801471986397,3.59848484848485,268209000.0
2025-01-13,15.57,15.5,15.72,15.02,4686700.0,72507584.0,-0.3215434083601365,-0.05000000000000071,0.01747405940889381,4.501607717041807,268209000.0
2025-01-14,15.64,16.47,16.49,15.45,7360800.0,119964190.0,6.258064516129025,0.9699999999999989,0.027444269207968414,6.709677419354833,268209000.0
2025-01-15,16.47,16.56,16.73,16.35,5478300.0,91378003.0,0.5464480874316946,0.08999999999999986,0.020425489077547734,2.3072252580449244,268209000.0
2025-01-16,16.69,16.44,16.81,16.32,3870100.0,64627975.0,-0.7246376811594013,-0.11999999999999744,0.014429418848733637,2.958937198067624,268209000.0
2025-01-17,16.48,16.84,16.91,16.36,5018481.0,84416607.0,2.4330900243308973,0.3999999999999986,0.018711083520687226,3.345498783454992,268209000.0
2025-01-20,16.87,17.06,17.25,16.86,5564350.0,95615690.0,1.306413301662701,0.21999999999999886,0.020746320966112248,2.3159144893111674,268209000.0
2025-01-21,17.03,17.0,17.21,16.77,3724200.0,63792589.0,-0.3516998827666984,-0.05999999999999872,0.013885440085903157,2.5791324736225163,268209000.0
2025-01-22,17.05,16.59,17.05,16.51,3558800.0,60077383.0,-2.4117647058823577,-0.41000000000000014,0.013268756827697802,3.176470588235289,268209000.0
2025-01-23,16.78,16.37,16.89,16.36,4300850.0,72161904.0,-1.3261000602772688,-0.21999999999999886,0.016035442509386336,3.1946955997588975,268209000.0
2025-01-24,17.75,17.23,17.93,16.91,14505700.0,252476140.0,5.253512522907755,0.8599999999999994,0.05408356915688885,6.2309102015882685,268209000.0
2025-01-27,17.31,17.21,17.44,16.86,8083200.0,140464082.0,-0.11607661056296514,-0.019999999999999574,0.030137691128933032,3.3662217063261863,268209000.0
2025-02-05,17.24,17.09,17.34,16.9,5316700.0,91346326.0,-0.6972690296339401,-0.120000000000001,0.019822973874851327,2.5566531086577644,268209000.0
2025-02-06,17.04,17.35,17.53,17.0,6191600.0,107961520.0,1.521357519016986,0.26000000000000156,0.02308498223400408,3.1012287887653667,268209000.0
2025-02-07,17.36,17.25,17.52,16.99,7946800.0,138951611.0,-0.5763688760807018,-0.10000000000000142,0.02962913250487493,3.054755043227672,268209000.0
2025-02-10,17.13,17.14,17.3,17.0,5274000.0,91129489.0,-0.6376811594202891,-0.10999999999999943,0.019663769672158653,1.7391304347826129,268209000.0
2025-02-11,17.15,17.16,17.29,16.95,4589900.0,79210315.0,0.1166861143523823,0.019999999999999574,0.017113146836981608,1.9836639439906643,268209000.0
2025-02-12,17.09,17.24,17.28,17.03,4598450.0,79548527.0,0.4662004662004504,0.0799999999999983,0.017145024961876747,1.4568764568764567,268209000.0
2025-02-13,17.28,17.0,17.54,16.99,4609200.0,80068225.0,-1.3921113689094988,-0.23999999999999844,0.017185105645224432,3.190255220417638,268209000.0
2025-02-14,16.93,16.73,17.03,16.62,5286800.0,89520479.0,-1.5882352941176459,-0.2699999999999996,0.019711493648609853,2.4117647058823537,268209000.0
2025-02-17,16.74,16.79,16.87,16.62,3469584.0,58633784.0,0.3586371787208442,0.05999999999999872,0.012936120711832937,1.4943215780035863,268209000.0
2025-02-18,16.7,16.21,17.04,16.2,4957000.0,82951434.0,-3.4544371649791406,-0.5799999999999983,0.018481855567859393,5.002977963073257,268209000.0
2025-02-19,16.24,16.44,16.48,16.22,3593502.0,59355705.0,1.4188772362738966,0.23000000000000043,0.013398141001979799,1.6039481801357285,268209000.0
2025-02-20,16.61,17.4,17.59,16.59,12762676.0,222234292.0,5.8394160583941535,0.9599999999999973,0.0475848163186172,6.08272506082725,268209000.0
2025-02-21,17.29,17.3,17.57,17.11,7901200.0,137914078.0,-0.5747126436781436,-0.09999999999999787,0.02945911583876753,2.643678160919545,268209000.0
2025-02-24,17.31,17.44,17.59,17.22,5830081.0,102468479.0,0.8092485549132888,0.14000000000000057,0.021737081902546147,2.1387283236994277,268209000.0
2025-02-25,17.16,17.17,17.45,17.11,4803453.0,83652708.0,-1.5481651376146766,-0.2699999999999996,0.017909365457534982,1.9495412844036688,268209000.0
2025-02-26,17.2,17.1,17.3,17.04,4892000.0,84687499.0,-0.4076878276062956,-0.07000000000000028,0.01823950724994314,1.5142690739662292,268209000.0
2025-02-27,17.09,17.06,17.2,16.69,4373801.0,74825283.0,-0.2339181286549863,-0.0400000000000027,0.016307435619237236,2.982456140350865,268209000.0
2025-02-28,17.01,16.4,17.04,16.4,4176400.0,70259196.0,-3.86869871043376,-0.6600000000000001,0.015571438691468221,3.7514654161781986,268209000.0
2025-03-03,16.38,16.32,16.66,16.24,3478260.0,57821903.0,-0.4878048780487698,-0.0799999999999983,0.012968468619621266,2.5609756097561083,268209000.0
2025-03-04,16.26,16.49,16.54,16.21,2813200.0,46657722.0,1.0416666666666519,0.16999999999999815,0.010488835199415382,2.022058823529401,268209000.0
2025-03-05,16.4,16.71,16.92,16.31,3950100.0,65951965.0,1.3341419041843716,0.22000000000000242,0.01472769370155364,3.6992116434202735,268209000.0
2025-03-06,16.76,16.77,16.82,16.62,3316750.0,55998150.0,0.35906642728904536,0.05999999999999872,0.012366288976134284,1.1968880909634907,268209000.0
2025-03-07,16.69,16.6,16.91,16.56,3371238.0,56890425.0,-1.0137149672033274,-0.16999999999999815,0.012569443978389987,2.087060226595119,268209000.0
2025-03-10,16.74,17.0,17.32,16.61,6141723.0,105070415.0,2.409638554216853,0.3999999999999986,0.022899019048577787,4.277108433734945,268209000.0
2025-03-11,16.88,17.01,17.16,16.76,4412453.0,75369991.0,0.05882352941177782,0.010000000000001563,0.01645154711437722,2.35294117647058,268209000.0
2025-03-12,17.04,17.11,17.3,16.94,4885452.0,84416481.0,0.5878894767783471,0.09999999999999787,0.018215093453239826,2.1164021164021127,268209000.0
2025-03-13,17.16,17.13,17.29,16.83,4138326.0,70929795.0,0.11689070718876593,0.019999999999999574,0.01542948223213986,2.6884862653419104,268209000.0
2025-03-14,17.0,17.36,17.43,17.0,6095535.0,105937126.0,1.3426736719206023,0.23000000000000043,0.02272681006230216,2.5102159953298293,268209000.0
2025-03-17,17.43,17.51,17.7,17.27,4848300.0,85710914.0,0.8640552995391904,0.15000000000000213,0.018076574611590214,2.4769585253456206,268209000.0
2025-03-18,17.51,17.44,17.59,17.31,4283750.0,75346882.0,-0.3997715591090856,-0.07000000000000028,0.015971686259596062,1.5990862364363285,268209000.0
2025-03-19,17.37,17.31,17.46,17.22,3017920.0,52692772.0,-0.745412844036708,-0.13000000000000256,0.011252120547781767,1.376146788990837,268209000.0
2025-03-20,17.32,17.23,17.37,17.16,2766806.0,48214779.0,-0.46216060080876975,-0.0799999999999983,0.010315858155393742,1.2131715771230553,268209000.0
2025-03-21,17.07,16.75,17.18,16.71,4236726.0,72227700.0,-2.785838653511319,-0.4800000000000004,0.015796360301108463,2.7278003482298248,268209000.0
2025-03-24,16.77,17.08,17.56,16.72,9203951.0,159451990.0,1.9701492537313348,0.3299999999999983,0.034316339123593914,5.014925373134328,268209000.0
2025-03-25,17.06,17.08,17.35,16.86,6201600.0,106815022.0,0.0,0.0,0.02312226659060658,2.8688524590164053,268209000.0
2025-03-26,17.2,18.01,18.77,17.13,15819499.0,286239232.0,5.444964871194391,0.9300000000000033,0.05898198419888967,9.60187353629977,268209000.0
2025-03-27,17.96,18.13,18.38,17.87,12275204.0,224723032.0,0.666296501943342,0.11999999999999744,0.0457673083304438,2.831760133259289,268209000.0
2025-03-28,18.13,17.86,18.29,17.73,9238450.0,167660253.0,-1.4892443463871974,-0.2699999999999996,0.03444496642543688,3.0888030888030817,268209000.0
2025-03-31,17.46,17.06,17.75,16.73,10062850.0,173674729.0,-4.479283314669658,-0.8000000000000007,0.037518688783747006,5.711086226203805,268209000.0
2025-04-01,17.0,17.7,18.02,16.99,8977200.0,158713585.0,3.75146541617819,0.6400000000000006,0.03347091260919656,6.0375146541617895,268209000.0
2025-04-02,17.63,17.83,18.02,17.5,6642851.0,119518297.0,0.7344632768361503,0.129999999999999,0.024767442554127564,2.9378531073446306,268209000.0
2025-04-03,17.63,17.95,18.24,17.55,7906477.0,143533345.0,0.6730229949523325,0.120000000000001,0.029478790793746667,3.869882220975871,268209000.0
2025-04-07,16.86,16.15,17.16,16.15,6320600.0,104591321.0,-10.027855153203348,-1.8000000000000007,0.023565950434176332,5.626740947075218,268209000.0
2025-04-08,16.06,14.81,16.29,14.54,12982001.0,198577908.0,-8.297213622291011,-1.339999999999998,0.04840255546980154,10.8359133126935,268209000.0
2025-04-09,14.56,14.85,14.97,13.49,9504298.0,136917012.0,0.27008777852801646,0.03999999999999915,0.03543616358884303,9.993247805536802,268209000.0
2025-04-10,15.13,15.25,15.61,15.11,6796560.0,105287842.0,2.6936026936027035,0.40000000000000036,0.025340536671028938,3.3670033670033668,268209000.0
2025-04-11,15.16,15.57,15.57,15.02,5281300.0,81955336.0,2.0983606557376966,0.3200000000000003,0.01969098725247848,3.6065573770491848,268209000.0
2025-04-14,15.98,16.67,16.68,15.87,9034251.0,148274914.0,7.06486833654465,1.1000000000000014,0.03368362359204948,5.202312138728327,268209000.0
2025-04-15,16.44,16.06,16.44,15.94,9306700.0,151178027.0,-3.659268146370742,-0.610000000000003,0.03469943215924894,2.9994001199760154,268209000.0
2025-04-16,15.96,15.5,16.15,15.42,7807250.0,123615919.0,-3.486924034869232,-0.5599999999999987,0.029108829308487037,4.545454545454537,268209000.0
2025-04-17,15.57,15.79,15.94,15.47,6141700.0,97655801.0,1.8709677419354698,0.28999999999999915,0.022898933294557604,3.032258064516122,268209000.0
2025-04-18,15.76,16.22,16.91,15.71,11080900.0,182040137.0,2.7232425585813846,0.4299999999999997,0.04131442270766455,7.599746675110826,268209000.0
2025-04-21,16.19,16.23,16.33,15.91,5803850.0,94511714.0,0.061652281134416675,0.010000000000001563,0.02163928130674213,2.5893958076448715,268209000.0
2025-04-22,16.19,16.31,16.51,16.04,5917600.0,96840360.0,0.49291435613061374,0.0799999999999983,0.02206339086309557,2.895871842267421,268209000.0
2025-04-23,16.24,16.59,16.67,16.24,7646600.0,127468407.0,1.7167381974249052,0.28000000000000114,0.02850985611966787,2.63641937461682,268209000.0
2025-04-24,16.74,16.67,16.9,16.37,8449300.0,141457449.0,0.4822182037371947,0.08000000000000185,0.03150267142415057,3.194695599758876,268209000.0
2025-04-25,17.79,16.88,17.85,16.87,13893440.0,240563988.0,1.2597480503899083,0.2099999999999973,0.051800797139544164,5.878824235152972,268209000.0
2025-04-28,16.7,16.21,16.86,16.18,7914650.0,130919959.0,-3.969194312796198,-0.6699999999999982,0.02950926329839789,4.028436018957344,268209000.0
2025-04-29,16.18,16.7,16.84,16.17,7816995.0,131089286.0,3.0228254164096136,0.48999999999999844,0.029145162913996176,4.133251079580495,268209000.0
2025-04-30,16.94,16.52,16.96,16.48,5981497.0,100132581.0,-1.0778443113772407,-0.17999999999999972,0.022301626716478565,2.8742514970059907,268209000.0
2025-05-06,16.56,16.89,16.9,16.56,6150553.0,104097717.0,2.2397094430992803,0.370000000000001,0.022931941135457795,2.0581113801452777,268209000.0
2025-05-07,17.02,16.9,17.13,16.69,5455450.0,93121663.0,0.059206631142671995,0.00999999999999801,0.02034029432271102,2.6050917702782574,268209000.0
2025-05-08,16.83,16.99,17.1,16.77,4395600.0,75229626.0,0.5325443786982298,0.08999999999999986,0.016388711788195027,1.952662721893502,268209000.0
2025-05-09,16.98,16.86,17.05,16.76,3248953.0,55286482.0,-0.765155974102405,-0.129999999999999,0.012113512223676312,1.706886403766917,268209000.0
2025-05-12,16.97,16.82,17.04,16.79,4024150.0,68401670.0,-0.23724792408066353,-0.03999999999999915,0.015003784362195153,1.482799525504152,268209000.0
2025-05-13,16.98,16.79,17.31,16.77,5883200.0,100678652.0,-0.1783590963139181,-0.030000000000001137,0.02193513267638297,3.210463733650411,268209000.0
2025-05-14,16.77,16.85,16.88,16.59,4211253.0,71115079.0,0.3573555687909513,0.060000000000002274,0.015701385859534914,1.727218582489572,268209000.0
2025-05-15,16.86,17.02,17.36,16.65,10573100.0,181818709.0,1.008902077151319,0.16999999999999815,0.03942112307938958,4.213649851632052,268209000.0
2025-05-16,17.02,17.11,17.24,16.94,5610007.0,96544578.0,0.528789659224449,0.08999999999999986,0.020916550153052285,1.7626321974147894,268209000.0
2025-05-19,17.05,17.01,17.15,16.86,4108000.0,70274030.0,-0.5844535359438852,-0.09999999999999787,0.015316413692307119,1.6949152542372832,268209000.0
2025-05-20,16.97,16.94,16.99,16.75,4998200.0,85051697.0,-0.4115226337448541,-0.07000000000000028,0.018635467117061693,1.4109347442680684,268209000.0
2025-05-21,16.88,16.61,16.9,16.52,5421501.0,91008742.0,-1.9480519480519543,-0.33000000000000185,0.020213717660481193,2.243211334120419,268209000.0
2025-05-22,16.57,16.64,16.81,16.4,4574450.0,76655494.0,0.18061408789886713,0.030000000000001137,0.017055542506030745,2.468392534617701,268209000.0
2025-05-23,16.63,16.45,16.83,16.45,4168300.0,70029010.0,-1.1418269230769273,-0.19000000000000128,0.015541238362620195,2.28365384615384,268209000.0
2025-05-26,16.38,16.46,16.58,16.31,2689500.0,44614116.0,0.06079027355623268,0.010000000000001563,0.010027627708242453,1.6413373860182343,268209000.0
2025-05-27,16.5,16.52,16.52,16.16,3078100.0,50761800.0,0.36452004860265674,0.05999999999999872,0.011476497805815614,2.187120291616035,268209000.0
2025-05-28,16.53,16.55,16.86,16.52,3805010.0,63864262.0,0.1815980629539915,0.030000000000001137,0.014186734971607962,2.0581113801452777,268209000.0
2025-05-29,16.54,17.24,17.32,16.48,10461150.0,180441088.0,4.169184290030192,0.6899999999999977,0.03900372470722459,5.075528700906343,268209000.0
2025-05-30,17.35,17.29,17.84,17.24,10254300.0,180941533.0,0.29002320185615993,0.05000000000000071,0.03823249779090187,3.480278422273791,268209000.0
2025-06-03,17.48,18.19,18.7,17.15,22073254.0,404148390.0,5.205320994794693,0.9000000000000021,0.0822987073513566,8.964719491035284,268209000.0
2025-06-04,18.38,18.13,18.72,17.95,21974944.0,406334882.0,-0.32985156679495864,-0.060000000000002274,0.0819321648415974,4.233095107201756,268209000.0
2025-06-05,17.8,18.55,19.12,17.8,24157343.0,453634123.0,2.316602316602334,0.4200000000000017,0.09006909909809141,7.280750137892997,268209000.0
2025-06-06,18.3,19.38,20.41,17.75,32042349.0,610128598.0,4.4743935309973,0.8299999999999983,0.11946783664977685,14.339622641509434,268209000.0
2025-06-09,19.24,19.55,19.78,19.04,27365700.0,536374275.0,0.8771929824561431,0.1700000000000017,0.10203125174770422,3.818369453044386,268209000.0
2025-06-10,19.38,19.12,20.51,19.11,29225312.0,584163729.0,-2.1994884910485957,-0.4299999999999997,0.10896469544273309,7.161125319693105,268209000.0
2025-06-11,19.25,19.09,19.52,18.62,21593482.0,415232738.0,-0.156903765690386,-0.030000000000001137,0.08050990831776711,4.7071129707112895,268209000.0
2025-06-12,18.6,18.89,19.19,18.57,14267444.0,271533904.0,-1.0476689366160308,-0.1999999999999993,0.05319524699022031,3.247773703509696,268209000.0
2025-06-13,18.71,18.04,18.76,17.99,14252970.0,262248390.0,-4.499735309687669,-0.8500000000000014,0.053141281612473855,4.076230809952372,268209000.0
2025-06-16,17.97,17.76,18.13,17.7,9791500.0,176461527.0,-1.552106430155198,-0.2799999999999976,0.03650697776733816,2.3835920177383576,268209000.0
2025-06-17,17.73,17.31,17.78,17.16,9731700.0,170690571.0,-2.533783783783805,-0.45000000000000284,0.036284017314855206,3.4909909909909964,268209000.0
2025-06-18,17.19,17.13,17.39,17.08,6945300.0,120385923.0,-1.0398613518197597,-0.17999999999999972,0.025895104191134527,1.7908723281340397,268209000.0
2025-06-19,17.13,16.78,17.22,16.74,6593800.0,112691690.0,-2.043199065966128,-0.34999999999999787,0.02458455905655664,2.8021015761821393,268209000.0
2025-06-20,16.78,16.7,16.96,16.64,5073001.0,85842001.0,-0.47675804529202503,-0.08000000000000185,0.018914357832884057,1.9070321811680588,268209000.0
2025-06-23,16.57,16.69,16.75,16.55,4826003.0,81097792.0,-0.059880239520948564,-0.00999999999999801,0.01799344168167362,1.1976047904191574,268209000.0
2025-06-24,16.85,17.12,17.13,16.76,7949150.0,136556344.0,2.5763930497303855,0.4299999999999997,0.029637894328676518,2.216896345116821,268209000.0
2025-06-25,17.16,17.17,17.29,17.11,8078600.0,140025639.0,0.29205607476636697,0.05000000000000071,0.030120540324895882,1.0514018691588767,268209000.0
2025-06-26,17.16,17.25,17.34,17.03,6082301.0,105673379.0,0.4659289458357474,0.0799999999999983,0.02267746794477441,1.8054746651135625,268209000.0
2025-06-27,17.34,17.33,17.44,17.13,5065700.0,88297827.0,0.4637681159420204,0.0799999999999983,0.018887136524128573,1.7971014492753754,268209000.0
2025-06-30,17.34,17.55,17.85,17.26,8210250.0,145788072.0,1.2694748990190519,0.22000000000000242,0.030613959247259747,3.404500865551067,268186481.0
2025-07-01,17.67,17.71,17.72,17.35,6426150.0,113567566.0,0.9116809116809232,0.16000000000000014,0.02396149864094007,2.108262108262094,268186481.0
2025-07-02,17.66,17.59,17.79,17.52,4517250.0,80381723.0,-0.6775832862789488,-0.120000000000001,0.016843690193317388,1.524562394127609,268186481.0
2025-07-03,17.62,17.68,17.73,17.54,3609950.0,63692130.0,0.511654349061974,0.08999999999999986,0.013460596472049611,1.0801591813530487,268186481.0
2025-07-04,17.61,17.53,17.67,17.32,5103064.0,89123537.0,-0.8484162895927572,-0.14999999999999858,0.019028043400890145,1.979638009049782,268186481.0
2025-07-07,17.55,19.28,19.28,17.48,17992200.0,333544104.0,9.982886480319442,1.75,0.06708839287092924,10.268111808328582,268186481.0
2025-07-08,19.47,19.35,19.58,18.88,21376350.0,412226521.0,0.36307053941908585,0.07000000000000028,0.07970703788010851,3.6307053941908674,268186481.0
2025-07-09,20.0,19.75,20.55,19.61,23333650.0,467537287.0,2.067183462532296,0.3999999999999986,0.08700531776618524,4.85788113695091,268186481.0
2025-07-10,19.76,19.65,20.48,19.6,15353250.0,305207383.0,-0.5063291139240533,-0.10000000000000142,0.057248411414145814,4.455696202531641,268186481.0
2025-07-11,19.66,19.56,20.13,19.33,12737600.0,249592373.0,-0.45801526717557106,-0.08999999999999986,0.047495309802733865,4.071246819338426,268186481.0
2025-07-14,19.6,20.4,20.47,19.5,16849600.0,337987549.0,4.294478527607359,0.8399999999999999,0.06282792457387142,4.959100204498972,268186481.0
2025-07-15,20.1,19.42,20.1,19.36,15977900.0,313230461.0,-4.803921568627434,-0.9799999999999969,0.059577574307334305,3.627450980392167,268186481.0
2025-07-16,19.37,19.1,19.46,19.02,8986600.0,172321632.0,-1.6477857878475777,-0.3200000000000003,0.03350877332254492,2.265705458290429,268186481.0
2025-07-17,19.05,18.96,19.14,18.87,6173550.0,117242126.0,-0.7329842931937169,-0.14000000000000057,0.023019616712148888,1.4136125654450238,268186481.0
2025-07-18,18.96,18.77,19.06,18.62,6619950.0,124239172.0,-1.0021097046413519,-0.19000000000000128,0.02468413014450195,2.32067510548522,268186481.0
2025-07-21,18.85,18.99,19.06,18.66,11305000.0,213655343.0,1.172083111347888,0.21999999999999886,0.042153504374443096,2.1310602024507115,268186481.0
2025-07-22,18.99,18.96,19.18,18.75,9425800.0,178678089.0,-0.15797788309634964,-0.029999999999997584,0.03514643976405358,2.2643496577145856,268186481.0
2025-07-23,18.9,18.64,19.0,18.63,6472800.0,121517688.0,-1.6877637130801704,-0.3200000000000003,0.02413544476911944,1.9514767932489505,268186481.0
2025-07-24,18.62,18.71,18.72,18.56,5227900.0,97432613.0,0.375536480686689,0.07000000000000028,0.019493525477147375,0.858369098712447,268186481.0
2025-07-25,18.71,18.85,19.05,18.64,7251200.0,136699167.0,0.7482629609834257,0.14000000000000057,0.027037902779297813,2.191341528594335,268186481.0
2025-07-28,18.95,18.95,19.17,18.68,7904186.0,149872367.0,0.5305039787798282,0.09999999999999787,0.029472723496453947,2.5994694960212303,268186481.0
2025-07-29,18.91,19.44,19.58,18.8,14868927.0,286955084.0,2.585751978891837,0.490000000000002,0.055442492643766036,4.116094986807376,268186481.0
2025-07-30,19.4,19.49,19.91,19.18,13408164.0,261448715.0,0.2572016460905102,0.04999999999999716,0.04999567446503763,3.7551440329218124,268186481.0
2025-07-31,19.3,19.18,19.57,19.02,9464700.0,182385320.0,-1.5905592611595631,-0.3099999999999987,0.03529148808958793,2.8219599794766586,268186481.0
2025-08-01,18.58,18.39,18.85,18.29,11404900.0,210835741.0,-4.118873826903025,-0.7899999999999991,0.042526006372409206,2.9197080291970923,268186481.0
2025-08-04,18.31,18.45,18.57,18.16,5731850.0,105550791.0,0.32626427406199365,0.05999999999999872,0.021372628398819253,2.229472539423601,268186481.0
2025-08-05,18.47,18.67,18.93,18.47,5018331.0,93608499.0,1.1924119241192521,0.22000000000000242,0.01871209533488752,2.493224932249327,268186481.0
2025-08-06,18.63,18.66,18.75,18.49,4831250.0,89941498.0,-0.053561863952877875,-0.010000000000001563,0.018014517294031685,1.3926084627745128,268186481.0
2025-08-07,18.7,18.52,18.75,18.48,4268600.0,79264223.0,-0.7502679528403,-0.14000000000000057,0.015916536822003342,1.4469453376205765,268186481.0
2025-08-08,18.48,18.35,18.58,18.32,4556400.0,83870955.0,-0.917926565874716,-0.16999999999999815,0.016989670706033837,1.4038876889848706,268186481.0
2025-08-11,18.38,18.72,18.8,18.3,6354450.0,118381681.0,2.0163487738419583,0.36999999999999744,0.023694147357114545,2.7247956403269753,268186481.0
2025-08-12,18.86,18.72,18.86,18.51,4511430.0,84060419.0,0.0,0.0,0.01682198887571816,1.8696581196581086,268186481.0
2025-08-13,18.8,18.83,18.97,18.65,6520697.0,122714567.0,0.5876068376068355,0.10999999999999943,0.02431404064696311,1.7094017094017109,268186481.0
2025-08-14,18.94,18.65,19.04,18.51,7853600.0,147651187.0,-0.9559214020180562,-0.17999999999999972,0.029284101013279638,2.814657461497598,268186481.0
2025-08-15,18.61,18.79,18.85,18.58,5309100.0,99589040.0,0.7506702412868771,0.14000000000000057,0.0197962998738926,1.4477211796246816,268186481.0
2025-08-18,18.86,19.05,19.05,18.78,7328005.0,138552247.0,1.3837147418839901,0.26000000000000156,0.02732428932538177,1.4369345396487472,268186481.0
2025-08-19,19.12,19.28,19.36,18.86,9362953.0,179014732.0,1.207349081364839,0.23000000000000043,0.034912099092720486,2.6246719160104988,268186481.0
2025-08-20,19.22,19.48,19.48,19.1,7204500.0,139205921.0,1.0373443983402453,0.1999999999999993,0.026863770213682022,1.9709543568464678,268186481.0
2025-08-21,19.58,19.3,19.64,19.19,6791800.0,131796695.0,-0.924024640657084,-0.17999999999999972,0.025324915613475683,2.310061601642707,268186481.0
2025-08-22,19.33,19.66,19.85,19.12,10783350.0,210245105.0,1.865284974093262,0.35999999999999943,0.04020840260027872,3.782383419689121,268186481.0
2025-08-25,19.83,19.72,19.93,19.48,9959466.0,195793647.0,0.3051881993896277,0.05999999999999872,0.03713634618293828,2.2889114954221736,268186481.0
2025-08-26,19.68,19.34,19.68,19.31,9722950.0,189545535.0,-1.9269776876267741,-0.379999999999999,0.03625443744869451,1.876267748478707,268186481.0
2025-08-27,19.54,19.08,19.54,19.0,8592450.0,166133534.0,-1.3443640124095269,-0.26000000000000156,0.0320390870112502,2.792140641158217,268186481.0
2025-08-28,19.05,19.19,19.37,18.58,7424823.0,141335018.0,0.5765199161425816,0.11000000000000298,0.02768529931976698,4.140461215932929,268186481.0
2025-08-29,19.15,18.78,19.21,18.75,5142550.0,97430499.0,-2.1365294424179226,-0.41000000000000014,0.01917527677317933,2.397081813444507,268186481.0
2025-09-01,18.77,18.88,19.12,18.62,6111228.0,115193204.0,0.5324813631522707,0.09999999999999787,0.0227872336338982,2.662406815761448,268186481.0
2025-09-02,18.94,18.27,18.96,18.09,7533018.0,138492287.0,-3.2309322033898247,-0.6099999999999994,0.02808873128843508,4.6080508474576325,268186481.0
2025-09-03,18.28,17.9,18.39,17.8,5070404.0,91646307.0,-2.025177887246854,-0.370000000000001,0.018906262467420942,3.2293377120963322,268186481.0
2025-09-04,17.92,18.2,18.46,17.9,6426609.0,116797359.0,1.6759776536312998,0.3000000000000007,0.023963210136606402,3.1284916201117445,268186481.0
2025-09-05,18.52,18.43,18.68,18.33,8522591.0,157570083.0,1.2637362637362592,0.23000000000000043,0.03177860035383365,1.923076923076931,268186481.0
2025-09-08,18.25,18.67,18.77,18.12,8545758.0,158703260.0,1.3022246337493382,0.240000000000002,0.031864984275624245,3.526858383071072,268186481.0
2025-09-09,18.67,18.37,18.67,18.26,5246998.0,96701695.0,-1.6068559185859699,-0.3000000000000007,0.019564737120362156,2.1960364220674884,268186481.0
2025-09-10,18.41,18.47,18.75,18.33,4624898.0,85846660.0,0.5443658138268859,0.09999999999999787,0.017245082536431058,2.2863364180729544,268186481.0
2025-09-11,18.35,18.46,18.49,18.06,5582862.0,101837545.0,-0.05414185165131258,-0.00999999999999801,0.02081708958327396,2.328099621007037,268186481.0
2025-09-12,18.4,18.19,18.5,18.19,4695101.0,85962174.0,-1.4626218851570894,-0.2699999999999996,0.017506851883410186,1.6793066088840667,268186481.0
2025-09-15,18.25,18.1,18.27,18.04,3386150.0,61412528.0,-0.4947773501924102,-0.08999999999999986,0.012626102506636044,1.264431006047281,268186481.0
2025-09-16,18.16,18.18,18.23,17.88,4843454.0,87464106.0,0.44198895027622864,0.0799999999999983,0.01806002294351295,1.933701657458571,268186481.0
2025-09-17,18.14,18.3,18.54,18.11,5037949.0,92509512.0,0.660066006600668,0.120000000000001,0.018785245927441064,2.3652365236523636,268186481.0
2025-09-18,18.28,17.99,18.35,17.83,5362506.0,97017008.0,-1.69398907103826,-0.3100000000000023,0.019995437428480967,2.8415300546448257,268186481.0
2025-09-19,17.93,18.05,18.07,17.81,3343161.0,59937221.0,0.33351862145638567,0.060000000000002274,0.01246580732755131,1.4452473596442554,268186481.0
2025-09-22,18.02,17.76,18.03,17.65,2979882.0,53050765.0,-1.6066481994459814,-0.28999999999999915,0.011111231218250707,2.105263157894751,268186481.0
2025-09-23,17.76,17.56,17.87,17.28,3675190.0,64293611.0,-1.1261261261261368,-0.20000000000000284,0.01370386003908974,3.322072072072071,268186481.0
2025-09-24,17.5,17.72,17.83,17.48,2737300.0,48459612.0,0.9111617312072884,0.16000000000000014,0.010206703894220528,1.9931662870159332,268186481.0
2025-09-25,17.72,17.51,17.83,17.49,2851400.0,50277364.0,-1.185101580135428,-0.2099999999999973,0.010632154124129769,1.9187358916478547,268186481.0
2025-09-26,17.44,17.51,17.79,17.32,2490012.0,43695134.0,0.0,0.0,0.00928462907867455,2.6841804683038197,268186481.0
2025-09-29,17.5,17.73,17.73,17.32,3003100.0,52788445.0,1.256424900057107,0.21999999999999886,0.011197805306226454,2.341519131924615,268186481.0
2025-09-30,17.75,18.26,18.6,17.73,6761100.0,123753295.0,2.989283699943601,0.5300000000000011,0.02521044302751413,4.906937394247044,268186481.0
2025-10-09,18.34,18.36,18.47,18.0,4698408.0,85668819.0,0.5476451259583737,0.09999999999999787,0.01751918285545497,2.5739320920043745,268186481.0
2025-10-10,18.23,18.32,18.49,18.19,3907300.0,71744514.0,-0.2178649237472685,-0.03999999999999915,0.014569339906436224,1.6339869281045596,268186481.0
2025-10-13,17.7,18.26,18.38,17.48,4451067.0,80457741.0,-0.3275109170305601,-0.05999999999999872,0.016596910416226386,4.9126637554585075,268186481.0
2025-10-14,18.29,18.3,18.41,18.06,4048133.0,73955115.0,0.21905805038333614,0.03999999999999915,0.0150944707761015,1.9167579408543338,268186481.0
2025-10-15,18.34,18.62,18.66,18.34,4564800.0,84681965.0,1.7486338797814138,0.3200000000000003,0.01702099219535231,1.7486338797814223,268186481.0
2025-10-16,18.56,18.33,18.73,18.29,3699452.0,68398028.0,-1.5574650912996924,-0.2900000000000027,0.013794326940737926,2.363050483351242,268186481.0
2025-10-17,18.24,18.08,18.5,18.08,3172875.0,57933005.0,-1.3638843426077463,-0.25,0.011830853621588778,2.2913256955810244,268186481.0
2025-10-20,18.2,18.44,18.51,18.2,3446500.0,63430138.0,1.9911504424778848,0.360000000000003,0.01285113249239435,1.7146017699115172,268186481.0
2025-10-21,18.45,18.6,18.6,18.35,3634291.0,67215216.0,0.8676789587852562,0.16000000000000014,0.01355135794484734,1.3557483731019522,268186481.0
2025-10-22,18.58,18.48,18.67,18.41,2664019.0,49308075.0,-0.6451612903225823,-0.120000000000001,0.009933457458655419,1.3978494623655997,268186481.0
2025-10-23,18.48,18.65,18.95,18.32,5872619.0,109716144.0,0.9199134199134207,0.16999999999999815,0.02189752062856591,3.4090909090909034,268186481.0
2025-10-24,18.64,18.73,18.76,18.57,3872719.0,72330896.0,0.428954423592498,0.08000000000000185,0.014440396046659787,1.0187667560321785,268186481.0
2025-10-27,18.55,18.18,18.59,18.05,9488562.0,172563353.0,-2.9364655632674874,-0.5500000000000007,0.035380463491744764,2.883075280298981,268186481.0
2025-10-28,18.1,17.92,18.1,17.8,4700050.0,84149305.0,-1.4301430143014215,-0.259999999999998,0.017525305460866985,1.6501650165016541,268186481.0
2025-10-29,17.82,17.88,17.94,17.61,4000950.0,71267694.0,-0.22321428571430157,-0.0400000000000027,0.014918537224849898,1.8415178571428672,268186481.0
2025-10-30,17.83,17.6,17.91,17.57,3737000.0,66181724.0,-1.5659955257270597,-0.2799999999999976,0.013934333997991495,1.9015659955257262,268186481.0
2025-10-31,17.58,17.7,17.85,17.52,2529265.0,44846724.0,0.5681818181818121,0.09999999999999787,0.009430993652510024,1.8750000000000104,268186481.0
2025-11-03,17.74,17.68,17.74,17.5,2672914.0,47052529.0,-0.1129943502824804,-0.019999999999999574,0.009966624678594445,1.3559322033898218,268186481.0
2025-11-04,17.68,17.67,17.8,17.55,2561630.0,45258237.0,-0.056561085972839376,-0.00999999999999801,0.009551674605104348,1.414027149321267,268186481.0
2025-11-05,17.53,17.64,17.7,17.5,2051202.0,36146738.0,-0.1697792869269965,-0.030000000000001137,0.0076484168491699625,1.1318619128466287,268186481.0
2025-11-06,17.63,17.74,17.8,17.51,2668970.0,47102394.0,0.5668934240362633,0.09999999999999787,0.009951918493609676,1.6439909297052104,268186481.0
2025-11-07,17.65,17.9,17.92,17.63,3550368.0,63237362.0,0.901916572717032,0.16000000000000014,0.013238430165314709,1.6347237880496208,268186481.0
2025-11-10,17.99,17.88,18.02,17.82,2747700.0,49140275.0,-0.11173184357541333,-0.019999999999999574,0.01024548288099578,1.117318435754186,268186481.0
2025-11-11,17.89,17.86,17.94,17.77,1972400.0,35171379.0,-0.11185682326622093,-0.019999999999999574,0.007354583991875415,0.9507829977628732,268186481.0
2025-11-12,17.86,17.72,17.87,17.63,1840300.0,32611822.0,-0.7838745800671898,-0.14000000000000057,0.006862016284855164,1.343784994400907,268186481.0
2025-11-13,17.72,17.74,17.78,17.67,2447750.0,43372334.0,0.11286681715574343,0.019999999999999574,0.009127044699915354,0.620767494356656,268186481.0
2025-11-14,17.66,17.8,17.96,17.65,3082500.0,55044505.0,0.33821871476888976,0.060000000000002274,0.011493867955260579,1.7474633596392464,268186481.0
2025-11-17,17.79,17.61,17.8,17.52,2422398.0,42688474.0,-1.0674157303370846,-0.19000000000000128,0.009032513462153224,1.5730337078651748,268186481.0
2025-11-18,17.56,17.35,17.62,17.32,2778400.0,48355193.0,-1.4764338444065772,-0.259999999999998,0.010359955466957336,1.7035775127768353,268186481.0
2025-11-19,17.39,17.1,17.39,17.04,2574998.0,44277690.0,-1.4409221902017322,-0.25,0.00960152051810546,2.0172910662824286,268186481.0
2025-11-20,17.13,17.09,17.25,16.97,2079698.0,35563677.0,-0.05847953216374657,-0.010000000000001563,0.0077546712729341495,1.6374269005848017,268186481.0
2025-11-21,17.07,16.36,17.07,16.34,4472150.0,74207079.0,-4.271503803393795,-0.7300000000000004,0.016675523625667023,4.2715038033938,268186481.0
2025-11-24,16.41,16.38,16.57,16.25,2424900.0,39753555.0,0.12224938875304847,0.019999999999999574,0.009041842791471655,1.9559902200489014,268186481.0
2025-11-25,16.49,16.63,16.68,16.43,2248500.0,37355333.0,1.5262515262515208,0.25,0.00838409151578375,1.5262515262515264,268186481.0
2025-11-26,16.64,16.51,16.73,16.45,2075414.0,34382708.0,-0.7215874924834442,-0.11999999999999744,0.007738697313381729,1.6837041491280889,268186481.0
2025-11-27,16.35,16.54,16.67,16.35,2377350.0,39388900.0,0.1817080557237949,0.029999999999997584,0.008864540789436735,1.9382192610539084,268186481.0
2025-11-28,16.54,16.81,16.84,16.36,2866250.0,47652225.0,1.6324062877871803,0.2699999999999996,0.010687526042746353,2.902055622732772,268186481.0
2025-12-01,16.81,17.23,17.35,16.79,3294200.0,56022998.0,2.498512790005969,0.4200000000000017,0.012283244061060633,3.331350386674612,268186481.0
2025-12-02,17.13,17.35,17.38,17.04,4591551.0,79072243.0,0.6964596633778353,0.120000000000001,0.017120739952585454,1.9733023795705158,268186481.0
2025-12-03,17.25,17.14,17.45,17.13,2809352.0,48565337.0,-1.2103746397694626,-0.21000000000000085,0.010475367697598449,1.8443804034582147,268186481.0
2025-12-04,17.11,17.11,17.34,16.79,3422000.0,58377245.0,-0.17502917152859565,-0.030000000000001137,0.012759778148548808,3.208868144690786,268186481.0
2025-12-05,17.1,16.95,17.11,16.86,2233168.0,37866773.0,-0.9351256575102274,-0.16000000000000014,0.008326922340280082,1.461133839859731,268186481.0
2025-12-08,16.99,16.9,17.06,16.86,2196600.0,37219436.0,-0.2949852507374673,-0.05000000000000071,0.008190569456780336,1.1799410029498483,268186481.0
2025-12-09,16.98,16.69,17.1,16.65,2905647.0,48947349.0,-1.24260355029584,-0.2099999999999973,0.010834427556398714,2.6627218934911414,268186481.0
2025-12-10,16.6,16.8,16.9,16.6,1673800.0,28023293.0,0.6590772917914878,0.10999999999999943,0.006241179621578315,1.7974835230676882,268186481.0
2025-12-11,16.88,16.52,16.89,16.5,2201928.0,36667103.0,-1.6666666666666718,-0.28000000000000114,0.008210436230005195,2.3214285714285747,268186481.0
2025-12-12,16.55,16.4,16.6,16.39,2140728.0,35277845.0,-0.7263922518159882,-0.120000000000001,0.00798223680782776,1.2711864406779712,268186481.0
2025-12-15,16.35,16.38,16.48,16.27,1563251.0,25601742.0,-0.12195121951219523,-0.019999999999999574,0.005828970178403586,1.2804878048780541,268186481.0
2025-12-16,16.32,15.95,16.38,15.94,2371701.0,38129412.0,-2.625152625152627,-0.4299999999999997,0.008843477087870063,2.6862026862026833,268186481.0
2025-12-17,15.97,16.13,16.17,15.76,2225880.0,35502001.0,1.1285266457680132,0.17999999999999972,0.008299747219547581,2.5705329153605136,268186481.0
2025-12-18,16.01,16.19,16.28,15.98,1675028.0,27140159.0,0.3719776813391418,0.060000000000002274,0.006245758525016777,1.8598884066956027,268186481.0
2025-12-19,16.28,16.45,16.5,16.23,2032495.0,33326492.0,1.6059295861642786,0.259999999999998,0.00757866314670798,1.667696108709077,268186481.0
2025-12-22,16.45,16.5,16.63,16.41,1889495.0,31245944.0,0.3039513677811634,0.05000000000000071,0.007045452078548285,1.3373860182370751,268186481.0
2025-12-23,16.52,16.45,16.59,16.34,1533000.0,25252127.0,-0.303030303030305,-0.05000000000000071,0.005716171800621076,1.5151515151515151,268186481.0
2025-12-24,16.51,16.58,16.87,16.5,2067950.0,34473576.0,0.7902735562310026,0.129999999999999,0.00771086593287303,2.249240121580553,268186481.0
2025-12-25,16.6,16.65,16.7,16.51,1803500.0,29995003.0,0.42219541616406175,0.07000000000000028,0.006724798331650431,1.1459589867309876,268186481.0
2025-12-26,16.65,16.54,16.75,16.5,2133000.0,35452064.0,-0.6606606606606613,-0.10999999999999943,0.007953421037654765,1.5015015015015016,268186481.0
2025-12-29,16.54,16.72,17.0,16.52,3126193.0,52535409.0,1.0882708585247869,0.17999999999999972,0.011656788173450101,2.902055622732772,268186481.0
2025-12-30,16.65,16.86,17.08,16.65,3028624.0,51192603.0,0.837320574162681,0.14000000000000057,0.011292977888769868,2.571770334928228,268186481.0
2025-12-31,16.86,16.73,16.97,16.67,2263550.0,37925785.0,-0.7710557532621509,-0.129999999999999,0.00844023200098666,1.7793594306049654,268185756.0
2026-01-05,16.81,16.81,16.87,16.7,2541400.0,42668261.0,0.478182904961133,0.0799999999999983,0.00947626763592918,1.0161386730424489,268185756.0
2026-01-06,16.86,16.9,17.13,16.76,2810500.0,47570446.0,0.5353955978584235,0.08999999999999986,0.010479676631297301,2.201070791195702,268185756.0
2026-01-07,16.89,17.31,17.6,16.89,5911800.0,102151178.0,2.42603550295859,0.41000000000000014,0.022043676324107236,4.201183431952668,268185756.0
2026-01-08,17.51,17.22,17.52,17.15,4698800.0,81355719.0,-0.5199306759098743,-0.08999999999999986,0.017520691889393262,2.1374927787406186,268185756.0
2026-01-09,17.22,17.38,17.43,17.15,4485900.0,77454678.0,0.9291521486643362,0.16000000000000014,0.016726839139063,1.6260162601626085,268185756.0
2026-01-12,17.39,17.4,17.5,17.28,3415338.0,59432127.0,0.11507479861909697,0.019999999999999574,0.012734971651514557,1.2658227848101202,268185756.0
2026-01-13,17.45,17.27,17.55,17.2,3883052.0,67540215.0,-0.7471264367816088,-0.129999999999999,0.014478964348874666,2.0114942528735713,268185756.0
2026-01-14,17.3,17.5,17.55,17.21,5330238.0,92598218.0,1.3317892298783995,0.23000000000000043,0.01987517189391669,1.9687319050376368,268185756.0
2026-01-15,17.41,17.53,17.68,17.4,3188750.0,55929811.0,0.17142857142857792,0.030000000000001137,0.01189007965061351,1.6000000000000065,268185756.0
2026-01-16,17.6,17.42,17.6,17.36,2105700.0,36752187.0,-0.6274957216200749,-0.10999999999999943,0.007851647423064483,1.3690815744438218,268185756.0
2026-01-19,17.37,18.78,19.08,17.37,15833651.0,291389232.0,7.807118254879453,1.3599999999999994,0.05903986563701019,9.816303099885173,268185756.0
2026-01-20,19.16,18.93,19.44,18.71,14090995.0,267435365.0,0.7987220447284171,0.14999999999999858,0.052541921726819825,3.8871139510117163,268185756.0
2026-01-21,18.93,19.09,19.27,18.48,11004955.0,208386616.0,0.8452192287374594,0.16000000000000014,0.04103482289342764,4.173269941891173,268185756.0
2026-01-22,18.99,19.01,19.23,18.85,7381151.0,140481148.0,-0.41906757464640343,-0.0799999999999983,0.027522531808139728,1.9905709795704507,268185756.0
2026-01-23,18.99,19.19,19.48,18.89,9182848.0,175993230.0,0.9468700683850528,0.17999999999999972,0.03424062536714292,3.1036296685954747,268185756.0
2026-01-26,18.9,18.82,19.2,18.67,7952796.0,150604010.0,-1.9280875455966684,-0.370000000000001,0.02965405813722635,2.7618551328816965,268185756.0
2026-01-27,18.88,18.52,18.97,18.28,6236850.0,115349934.0,-1.5940488841657885,-0.3000000000000007,0.02325570937481109,3.6663124335812842,268185756.0
2026-01-28,18.34,18.37,18.9,18.23,8432900.0,155988681.0,-0.8099352051835762,-0.14999999999999858,0.031444250156223805,3.617710583153338,268185756.0
2026-01-29,18.24,19.0,19.24,18.1,12811300.0,241776874.0,3.429504627109403,0.629999999999999,0.04777024772337275,6.205770277626548,268185756.0
2026-01-30,19.1,19.83,19.9,19.05,15069830.0,295518715.0,4.368421052631577,0.8299999999999983,0.05619176135514073,4.473684210526304,268185756.0
2026-02-02,19.71,19.53,20.08,19.51,8537862.0,168685023.0,-1.5128593040847016,-0.29999999999999716,0.031835628138281884,2.874432677760952,268185756.0
2026-02-03,19.68,20.47,20.72,19.5,12138488.0,245585012.0,4.813108038914482,0.9399999999999977,0.04526149405190632,6.246799795186886,268185756.0
2026-02-04,20.48,19.88,20.48,19.76,7355556.0,147521593.0,-2.8822667318026407,-0.5899999999999999,0.027427094226436098,3.5173424523693155,268185756.0
2026-02-05,19.71,19.84,20.61,19.61,5894500.0,118103024.0,-0.2012072434607548,-0.03999999999999915,0.021979168796720135,5.030181086519115,268185756.0
2026-02-06,19.63,20.02,20.35,19.23,4795200.0,95832956.0,0.9072580645161255,0.17999999999999972,0.017880144238532937,5.645161290322586,268185756.0
2026-02-09,20.09,19.75,20.18,19.66,4928400.0,97461528.0,-1.3486513486513418,-0.2699999999999996,0.01837681491182552,2.5974025974025956,268185756.0
2026-02-10,19.77,19.68,19.81,19.53,3190795.0,62742013.0,-0.35443037974683955,-0.07000000000000028,0.011897704962376899,1.4177215189873296,268185756.0
2026-02-11,19.7,19.51,19.7,19.44,2460600.0,48162390.0,-0.8638211382113736,-0.16999999999999815,0.009174983924202148,1.3211382113821037,268185756.0
2026-02-12,19.51,19.31,19.61,19.26,3847250.0,74656412.0,-1.0251153254741352,-0.20000000000000284,0.014345467326012646,1.7939518195796915,268185756.0
2026-02-13,19.38,19.4,19.66,19.29,3475000.0,67731093.0,0.46607975142414215,0.08999999999999986,0.012957436859547455,1.9161056447436615,268185756.0
2026-02-24,19.67,20.47,20.66,19.66,9310900.0,188431789.0,5.515463917525776,1.0700000000000003,0.034718100390089324,5.154639175257732,268185756.0
2026-02-25,20.47,20.21,20.77,20.13,6071700.0,124032147.0,-1.2701514411333603,-0.259999999999998,0.022639904857586844,3.126526624328288,268185756.0
2026-02-26,20.27,19.8,20.28,19.71,5786800.0,114963284.0,-2.028698664027706,-0.41000000000000014,0.021577581473044376,2.8203859475507187,268185756.0
2026-02-27,19.8,19.95,20.1,19.73,3557350.0,70876446.0,0.7575757575757569,0.14999999999999858,0.013264500147427666,1.8686868686868738,268185756.0
2026-03-02,19.71,19.35,20.04,19.28,6544300.0,127510733.0,-3.00751879699247,-0.5999999999999979,0.0244021162704853,3.8095238095237995,268185756.0
2026-03-03,19.36,19.09,20.04,19.05,7057500.0,137951958.0,-1.3436692506460068,-0.26000000000000156,0.026315715291008967,5.116279069767433,268185756.0
2026-03-04,18.96,18.68,19.18,18.58,6266865.0,117923507.0,-2.1477213200628564,-0.41000000000000014,0.023367628070448305,3.143006809848096,268185756.0
2026-03-05,19.09,18.92,19.12,18.81,3381348.0,64113233.0,1.2847965738758127,0.240000000000002,0.012608231139613544,1.6595289079229243,268185756.0
2026-03-06,18.81,19.28,19.35,18.81,3836195.0,73705245.0,1.9027484143763207,0.35999999999999943,0.014304245897384648,2.854122621564496,268185756.0
2026-03-09,19.29,18.82,19.3,18.15,6928344.0,128968208.0,-2.3858921161825752,-0.46000000000000085,0.025834123718337973,5.964730290456442,268185756.0
2026-03-10,19.04,19.05,19.12,18.71,3123201.0,59177833.0,1.222104144527103,0.23000000000000043,0.011645663239474956,2.178533475026568,268185756.0
2026-03-11,19.04,19.07,19.34,18.93,3144771.0,59906204.0,0.10498687664042272,0.019999999999999574,0.011726092566974362,2.1522309711286094,268185756.0
2026-03-12,19.22,19.14,19.35,18.82,4930400.0,94137550.0,0.36706869428422273,0.07000000000000028,0.018384272429442523,2.7792343995804987,268185756.0
2026-03-13,19.02,18.79,19.38,18.75,4306550.0,82237443.0,-1.828631138975978,-0.3500000000000014,0.016058086246758013,3.2915360501567346,268185756.0
2026-03-16,18.73,19.05,19.15,18.73,3877000.0,73546178.0,1.3837147418839901,0.26000000000000156,0.014456397900565606,2.2352315061202668,268185756.0
2026-03-17,19.05,18.63,19.34,18.62,4526578.0,85792101.0,-2.2047244094488327,-0.4200000000000017,0.01687851758987528,3.779527559055112,268185756.0
2026-03-18,18.67,18.67,18.98,18.58,2699900.0,50515321.0,0.21470746108429584,0.0400000000000027,0.010067275907076885,2.1470746108427385,268185756.0
2026-03-19,18.49,17.38,18.64,17.28,7400879.0,131587044.0,-6.90948044991967,-1.2900000000000027,0.02759609276191387,7.2844134975897115,268185756.0
2026-03-20,17.39,17.68,18.54,17.02,11773735.0,209568426.0,1.7261219792865434,0.3000000000000007,0.043901418090228475,8.745684695051782,268185756.0
2026-03-23,17.31,16.91,17.61,16.73,10882110.0,186535479.0,-4.3552036199094974,-0.7699999999999996,0.040576763517597106,4.977375565610854,268185756.0
2026-03-24,17.38,17.63,17.8,16.96,8668628.0,151314642.0,4.257835600236537,0.7199999999999989,0.03232322301263457,4.967474866942637,268185756.0
2026-03-25,17.68,18.3,18.36,17.64,6441200.0,116916998.0,3.800340328984686,0.6700000000000017,0.024017681237328652,4.083947816222342,268185756.0
2026-03-26,18.47,17.63,18.56,17.34,8674668.0,154614811.0,-3.661202185792356,-0.6700000000000017,0.032345744715837926,6.66666666666666,268185756.0
2026-03-27,17.38,17.74,17.9,17.3,5724800.0,101237630.0,0.623936471922848,0.10999999999999943,0.0213463984269172,3.403289846851945,268185756.0
2026-03-30,17.62,18.2,18.28,17.45,5175618.0,93233579.0,2.5930101465614586,0.46000000000000085,0.01929863120694598,4.678692220969571,268185756.0
2026-03-31,18.11,18.49,18.79,18.03,7044142.0,130560962.0,1.5934065934065877,0.28999999999999915,0.026265906530844988,4.175824175824165,268185756.0
2026-04-01,18.61,17.98,18.7,17.81,7050700.0,127680157.0,-2.758247701460237,-0.509999999999998,0.026290359731111147,4.813412655489458,268185756.0
2026-04-02,18.0,17.96,18.58,17.86,6195736.0,112742000.0,-0.11123470522802492,-0.019999999999999574,0.023102405185158305,4.004449388209115,268185756.0
2026-04-03,18.0,17.5,18.34,17.43,4580300.0,80898382.0,-2.5612472160356448,-0.46000000000000085,0.017078833970585672,5.066815144766148,268185756.0
2026-04-07,17.48,18.52,18.85,17.48,11204523.0,205868204.0,5.828571428571427,1.0199999999999996,0.04177896383132294,7.8285714285714345,268185756.0
2026-04-08,18.32,18.43,18.55,18.19,9788345.0,179364855.0,-0.4859611231101457,-0.08999999999999986,0.03649837763941497,1.9438444924406015,268185756.0
2026-04-09,18.31,18.63,18.95,18.3,8553200.0,159484504.0,1.085187194791093,0.1999999999999993,0.0318928198408867,3.526858383071072,268185756.0
2026-04-10,18.64,18.22,18.76,18.11,8469396.0,154777600.0,-2.2007514761137936,-0.41000000000000014,0.03158033493769893,3.4889962426194425,268185756.0
2026-04-13,18.02,17.77,18.14,17.6,6749120.0,119907437.0,-2.4698133918770515,-0.4499999999999993,0.025165840649642855,2.9637760702524654,268185756.0
2026-04-14,17.78,17.9,18.1,17.57,6079505.0,108370865.0,0.731570061902076,0.129999999999999,0.022669007820087208,2.982554867754649,268185756.0
2026-04-15,17.87,17.83,18.17,17.71,4349490.0,77769761.0,-0.3910614525139633,-0.07000000000000028,0.016218199149995127,2.569832402234642,268185756.0
2026-04-16,17.8,17.93,18.3,17.54,5173845.0,92797948.0,0.5608524957936067,0.10000000000000142,0.019292020117578502,4.262478968031417,268185756.0
2026-04-17,17.91,18.01,18.33,17.75,7865831.0,142221869.0,0.4461795872839014,0.08000000000000185,0.029329786627444898,3.234802007808133,268185756.0
2026-04-20,17.91,18.17,18.35,17.84,5446763.0,98837941.0,0.8883953359244856,0.16000000000000014,0.02030966551407749,2.831760133259309,268185756.0
2026-04-21,18.16,18.25,18.36,17.7,6174053.0,110888952.0,0.44028618602089953,0.0799999999999983,0.023021554507913537,3.6323610346725377,268185756.0
2026-04-22,18.25,18.46,18.67,18.16,6861102.0,126488222.0,1.1506849315068512,0.21000000000000085,0.025583394518536622,2.794520547945214,268185756.0
2026-04-23,18.46,18.08,18.56,18.0,4842730.0,88152452.0,-2.0585048754062973,-0.38000000000000256,0.01805737214470108,3.0335861321776743,268185756.0
2026-04-24,17.99,18.44,18.66,17.94,6816148.0,125203048.0,1.9911504424778848,0.360000000000003,0.025415771895059183,3.9823008849557464,268185756.0
2026-04-27,18.48,18.87,19.09,18.25,8012489.0,150319062.0,2.331887201735361,0.4299999999999997,0.02987663893678231,4.555314533622559,268185756.0
2026-04-28,18.31,19.23,19.84,18.11,17411777.0,331379926.0,1.9077901430842648,0.35999999999999943,0.06492431686043758,9.167991520932699,268185756.0
2026-04-29,19.28,19.68,20.29,19.15,12635188.0,250066081.0,2.340093603744142,0.4499999999999993,0.047113568552089695,5.928237129485183,268185756.0
2026-04-30,19.79,20.17,20.78,19.75,17289381.0,352682976.0,2.489837398373984,0.490000000000002,0.06446793169731206,5.23373983739838,268185756.0
2026-05-06,19.97,19.73,20.15,19.45,11808673.0,233145496.0,-2.181457610312354,-0.4400000000000013,0.04403169346547995,3.470500743678727,268185756.0
2026-05-07,19.77,19.88,20.55,19.77,10248232.0,205205060.0,0.7602635580334471,0.14999999999999858,0.03821318534158093,3.953370501773954,268185756.0
2026-05-08,19.88,20.15,20.37,19.69,8393902.0,168341977.0,1.358148893360167,0.2699999999999996,0.031298836020209816,3.420523138832997,268185756.0
2026-05-11,20.02,20.54,20.86,19.98,8741825.0,178268195.0,1.9354838709677358,0.39000000000000057,0.03259615697114056,4.367245657568233,268185756.0
2026-05-12,20.44,19.97,20.8,19.77,7293123.0,146849440.0,-2.7750730282375846,-0.5700000000000003,0.02719429662774484,5.014605647517046,268185756.0
2026-05-13,19.85,19.38,20.18,19.28,8281350.0,162436768.0,-2.954431647471212,-0.5899999999999999,0.030879156758795198,4.506760140210309,268185756.0
2026-05-14,19.39,19.26,19.96,18.96,7745950.0,150680645.0,-0.6191950464396134,-0.11999999999999744,0.028882779292722763,5.159958720330238,268185756.0
2026-05-15,19.5,21.19,21.19,19.35,12040704.0,247508635.0,10.020768431983385,1.9299999999999997,0.04489688110057568,9.553478712357215,268185756.0
2026-05-18,21.14,19.07,21.2,19.07,18364564.0,357822255.0,-10.004719207173196,-2.120000000000001,0.06847702977931461,10.05191127890514,268185756.0
2026-05-19,18.41,17.17,18.6,17.16,20831589.0,366462204.0,-9.963293130571572,-1.8999999999999986,0.07767597097886138,7.5511274252753084,268185756.0
2026-05-20,17.63,16.83,17.7,16.68,13525704.0,229902327.0,-1.9801980198020042,-0.3400000000000034,0.05043408793120243,5.940594059405938,268185756.0
2026-05-21,16.83,16.16,17.07,16.1,11641180.0,193580516.0,-3.9809863339275053,-0.6699999999999982,0.04340715246636738,5.763517528223405,268185756.0
2026-05-22,16.17,16.18,16.36,15.99,7027211.0,113786222.0,0.12376237623761277,0.019999999999999574,0.026202774915458225,2.2896039603960348,268185756.0
2026-05-25,16.18,15.34,16.21,15.26,9961670.0,154711569.0,-5.191594561186652,-0.8399999999999999,0.037144664759898735,5.87144622991348,268185756.0
2026-05-26,15.32,14.76,15.35,14.52,15251834.0,226558540.0,-3.780964797913955,-0.5800000000000001,0.05687041037332348,5.410691003911343,268185756.0
2026-05-27,14.66,14.26,14.68,14.13,9525683.0,136757106.0,-3.387533875338755,-0.5,0.03551897439325599,3.726287262872621,268185756.0
2026-05-28,14.28,14.71,14.85,14.23,9216078.0,134502192.0,3.155680224403934,0.45000000000000107,0.034364532022349466,4.347826086956516,268185756.0
2026-05-29,14.71,14.35,14.76,14.29,6109311.0,88210288.0,-2.4473147518694893,-0.3600000000000012,0.022780147205133446,3.195105370496265,268185756.0
2026-06-01,14.37,14.69,14.87,14.28,6293746.0,92233693.0,2.369337979094066,0.33999999999999986,0.02346786083597967,4.11149825783972,268185756.0
2026-06-02,14.69,13.73,14.69,13.4,11483165.0,158091028.0,-6.535057862491489,-0.9599999999999991,0.0428179526432418,8.781484002722936,268185756.0
2026-06-03,13.7,14.0,14.31,13.56,8265196.0,114622687.0,1.966496722505462,0.2699999999999996,0.030818922389002645,5.462490895848507,268185756.0
2026-06-04,14.01,15.4,15.4,13.65,14058225.0,207845601.0,10.000000000000009,1.4000000000000004,0.052419730300665185,12.5,268185756.0
2026-06-05,15.19,15.68,16.78,15.0,20570297.0,323894672.0,1.8181818181818077,0.27999999999999936,0.07670167613227005,11.558441558441565,268185756.0
2026-06-08,15.14,14.55,15.96,14.51,14460234.0,219309852.0,-7.206632653061218,-1.129999999999999,0.05391872490051261,9.247448979591844,268185756.0
2026-06-09,14.81,14.25,14.95,13.9,10839203.0,154322483.0,-2.0618556701030966,-0.3000000000000007,0.04041677366340068,7.216494845360817,268185756.0
2026-06-10,14.14,14.48,14.76,14.02,9916573.0,142611168.0,1.6140350877193121,0.23000000000000043,0.03697650892391168,5.192982456140352,268185756.0
2026-06-11,14.19,13.48,14.4,13.15,9416468.0,127527289.0,-6.906077348066297,-1.0,0.035111737999985355,8.632596685082873,268185756.0
2026-06-12,13.58,13.32,13.69,13.09,7660631.0,103086297.0,-1.1869436201780381,-0.16000000000000014,0.02856464531994011,4.451038575667654,268185756.0
2026-06-15,13.45,13.5,13.8,13.38,6902562.0,93574139.0,1.3513513513513598,0.17999999999999972,0.02573798885873715,3.153153153153153,268185756.0
2026-06-16,13.5,13.29,13.6,13.12,6362380.0,84530134.0,-1.5555555555555656,-0.21000000000000085,0.023723780468042455,3.555555555555559,268185756.0
2026-06-17,13.25,13.0,13.36,12.9,6670126.0,87080107.0,-2.1820917983446098,-0.28999999999999915,0.02487129107632398,3.461249059443184,268185756.0
2026-06-18,12.96,12.97,13.11,12.71,4588800.0,59511685.0,-0.2307692307692233,-0.02999999999999936,0.017110528420457946,3.076923076923066,268185756.0
2026-06-22,12.98,12.84,13.08,12.48,6248445.0,79457733.0,-1.0023130300694016,-0.13000000000000078,0.02329894433319568,4.626060138781801,268185756.0
2026-06-23,12.86,12.91,13.17,12.76,4749902.0,61674619.0,0.5451713395638658,0.07000000000000028,0.017711238922025373,3.193146417445484,268185756.0
