date,open,close,high,low,volume,amount,pct_chg,change,turnover,amplitude,outstanding_share
2023-06-26,8.67,8.48,9.13,8.45,44692096.0,392809594.0,,,0.1111286682912258,,402165316.0
2023-06-27,8.49,9.01,9.27,8.36,53909962.0,475855972.0,6.25,0.5299999999999994,0.13404925749489546,10.7311320754717,402165316.0
2023-06-28,9.03,9.38,9.58,8.49,64508511.0,590690418.0,4.106548279689237,0.370000000000001,0.1604029697081088,12.097669256381796,402165316.0
2023-06-29,9.4,9.26,9.47,9.13,31751304.0,297017414.0,-1.279317697228155,-0.120000000000001,0.07895087601239088,3.6247334754797427,402165316.0
2023-06-30,9.93,8.98,9.93,8.78,61392610.0,564938043.0,-3.0237580993520474,-0.27999999999999936,0.15265515835781324,12.419006479481645,402165316.0
2023-07-03,9.08,8.87,9.13,8.6,39239923.0,347363320.0,-1.2249443207127064,-0.11000000000000121,0.0975716240034981,5.902004454342997,402165316.0
2023-07-04,8.69,8.72,8.87,8.64,30679620.0,269368463.0,-1.6910935738444044,-0.14999999999999858,0.076286091265016,2.593010146561428,402165316.0
2023-07-05,8.73,8.44,8.73,8.44,23560655.0,202897923.0,-3.2110091743119407,-0.28000000000000114,0.058584502597931645,3.325688073394506,402165316.0
2023-07-06,8.4,8.46,8.68,8.38,19726381.0,169387102.0,0.23696682464455776,0.02000000000000135,0.04905042830695027,3.554502369668234,402165316.0
2023-07-07,8.5,8.17,8.5,8.14,27172741.0,227057050.0,-3.427895981087481,-0.2900000000000009,0.06756609761941779,4.255319148936163,402165316.0
2023-07-10,8.19,8.15,8.3,8.11,15663500.0,129544562.0,-0.244798041615657,-0.019999999999999574,0.038947913648525574,2.325581395348853,402165316.0
2023-07-11,8.17,8.09,8.22,8.06,15533321.0,127024513.0,-0.7361963190184118,-0.0600000000000005,0.03862421840475174,1.9631901840490813,402165316.0
2023-07-12,8.05,7.8,8.1,7.78,19761160.0,157602719.0,-3.584672435105063,-0.29000000000000004,0.049136907669084025,3.9555006180469645,402165316.0
2023-07-13,7.82,7.8,7.9,7.6,20185200.0,157519020.0,0.0,0.0,0.050191299937958844,3.8461538461538556,402165316.0
2023-07-14,7.81,8.08,8.22,7.81,30969400.0,251048980.0,3.589743589743599,0.28000000000000025,0.07700664072184683,5.25641025641027,402165316.0
2023-07-17,8.09,8.07,8.25,7.92,21519003.0,174798773.0,-0.12376237623762387,-0.009999999999999787,0.05350785396918714,4.084158415841585,402165316.0
2023-07-18,8.1,8.03,8.14,7.83,19383373.0,156663796.0,-0.4956629491945641,-0.040000000000000924,0.048197525318170405,3.841387856257751,402165316.0
2023-07-19,8.07,8.19,8.31,8.04,26305785.0,216082550.0,1.9925280199252882,0.16000000000000014,0.06541037715942664,3.3623910336239273,402165316.0
2023-07-20,8.19,8.49,8.54,7.94,52007634.0,434599749.0,3.663003663003672,0.3000000000000007,0.12931904351493106,7.326007326007311,402165316.0
2023-07-21,8.43,8.08,8.44,8.06,35893373.0,297442161.0,-4.829210836277975,-0.41000000000000014,0.08925029477181469,4.475853945818598,402165316.0
2023-07-24,7.92,7.48,7.95,7.3,57732262.0,438910263.0,-7.425742574257422,-0.5999999999999996,0.14355355796022948,8.04455445544555,402165316.0
2023-07-25,7.49,7.72,7.88,7.42,43859209.0,339103812.0,3.208556149732611,0.23999999999999932,0.10905766175022413,6.149732620320854,402165316.0
2023-07-26,7.72,7.26,7.74,7.23,37474240.0,278955232.0,-5.958549222797926,-0.45999999999999996,0.0931811832326187,6.606217616580308,402165316.0
2023-07-27,7.27,7.1,7.35,7.05,19726794.0,142507504.0,-2.203856749311295,-0.16000000000000014,0.04905145524782152,4.1322314049586755,402165316.0
2023-07-28,7.07,6.96,7.12,6.96,16686873.0,117879086.0,-1.9718309859154903,-0.13999999999999968,0.04149257117936048,2.2535211267605657,402165316.0
2023-07-31,6.99,7.07,7.18,6.91,15349345.0,109564560.0,1.5804597701149392,0.11000000000000032,0.03816675478797381,3.87931034482758,402165316.0
2023-08-01,7.11,6.91,7.13,6.87,17738065.0,124082821.0,-2.2630834512022635,-0.16000000000000014,0.0441064017564359,3.677510608203674,402165316.0
2023-08-02,6.9,6.83,6.9,6.75,15349200.0,105360671.0,-1.157742402315487,-0.08000000000000007,0.03816639423972603,2.1707670043415392,402165316.0
2023-08-03,6.81,6.89,7.07,6.8,24346187.0,170550910.0,0.8784773060029227,0.05999999999999961,0.06053775905428901,3.9531478770131843,402165316.0
2023-08-04,6.9,7.17,7.24,6.85,33407020.0,238826872.0,4.063860667634267,0.28000000000000025,0.08306787947869676,5.6603773584905746,402165316.0
2023-08-07,7.4,7.88,7.88,7.4,27443120.0,214129262.0,9.902370990237097,0.71,0.06823840572069621,6.69456066945606,402165316.0
2023-08-08,8.14,7.59,8.27,7.54,68486135.0,539654891.0,-3.680203045685282,-0.29000000000000004,0.17029348945646025,9.263959390862938,402165316.0
2023-08-09,7.55,7.38,7.74,7.32,40337750.0,304788310.0,-2.766798418972327,-0.20999999999999996,0.10030141435667714,5.533596837944663,402165316.0
2023-08-10,7.3,7.27,7.55,7.2,30187766.0,223596475.0,-1.490514905149054,-0.11000000000000032,0.07506307679700554,4.74254742547425,402165316.0
2023-08-11,7.31,7.05,7.76,7.01,36197013.0,267022383.0,-3.0261348005502064,-0.21999999999999975,0.0900053076680536,10.31636863823934,402165316.0
2023-08-14,7.1,7.26,7.31,6.93,28560900.0,204590955.0,2.9787234042553123,0.20999999999999996,0.07101780999930885,5.3900709219858145,402165316.0
2023-08-15,7.18,7.06,7.25,7.04,20080409.0,144193463.0,-2.754820936639124,-0.20000000000000018,0.0499307329625611,2.892561983471074,402165316.0
2023-08-16,7.09,6.88,7.09,6.83,17469400.0,121731107.0,-2.5495750708215303,-0.17999999999999972,0.04343835558410015,3.6827195467422067,402165316.0
2023-08-17,6.85,7.01,7.02,6.78,14114498.0,98578554.0,1.8895348837209225,0.1299999999999999,0.03509625877334484,3.488372093023246,402165316.0
2023-08-18,6.94,6.71,7.05,6.69,18110800.0,125036879.0,-4.279600570613407,-0.2999999999999998,0.04503322210908909,5.1355206847360835,402165316.0
2023-08-21,6.67,6.66,6.9,6.64,15525369.0,105800746.0,-0.7451564828613977,-0.04999999999999982,0.03860444544153579,3.874813710879295,402165316.0
2023-08-22,6.66,6.87,6.88,6.64,17953786.0,122066237.0,3.153153153153143,0.20999999999999996,0.044642800574080335,3.603603603603607,402165316.0
2023-08-23,6.82,6.75,6.85,6.67,11836586.0,80487129.0,-1.7467248908296984,-0.1200000000000001,0.02943214028929337,2.6200873362445374,402165316.0
2023-08-24,6.74,6.88,7.0,6.66,15969900.0,110378058.0,1.925925925925931,0.1299999999999999,0.03970978939417043,5.037037037037035,402165316.0
2023-08-25,6.81,6.38,6.87,6.32,31158973.0,203188975.0,-7.267441860465118,-0.5,0.07747802150098891,7.994186046511626,402165316.0
2023-08-28,6.7,6.41,6.75,6.39,20134686.0,132109238.0,0.4702194357366851,0.03000000000000025,0.050065694874592316,5.642633228840131,402165316.0
2023-08-29,6.39,6.68,6.73,6.36,19174009.0,127969031.0,4.212168486739465,0.2699999999999996,0.047676933433016384,5.772230889235571,402165316.0
2023-08-30,6.66,6.83,6.85,6.64,17470063.0,118701633.0,2.2455089820359264,0.15000000000000036,0.043440004159881355,3.143712574850299,402165316.0
2023-08-31,6.79,6.74,6.79,6.67,12028840.0,81378351.0,-1.3177159590043952,-0.08999999999999986,0.02991018748120984,1.756954612005858,402165316.0
2023-09-01,6.76,6.67,6.78,6.62,8413990.0,56621043.0,-1.0385756676557945,-0.07000000000000028,0.020921719664159205,2.373887240356085,402165316.0
2023-09-04,6.72,6.79,6.79,6.67,10304500.0,69807281.0,1.799100449775115,0.1200000000000001,0.025622547718660054,1.799100449775114,402165316.0
2023-09-05,6.78,6.65,6.78,6.63,10346380.0,69618929.0,-2.0618556701030855,-0.13999999999999968,0.025726683998776263,2.209131075110462,402165316.0
2023-09-06,6.62,6.66,6.68,6.58,8654100.0,57817011.0,0.15037593984961184,0.009999999999999787,0.021518762697079526,1.5037593984962352,402165316.0
2023-09-07,6.68,6.5,6.87,6.5,23397672.0,157991313.0,-2.4024024024024038,-0.16000000000000014,0.05817923890781273,5.555555555555557,402165316.0
2023-09-08,6.48,6.42,6.55,6.37,12778000.0,83035455.0,-1.2307692307692353,-0.08000000000000007,0.031773003517787196,2.7692307692307647,402165316.0
2023-09-11,6.48,6.42,6.48,6.31,16781800.0,107796382.0,0.0,0.0,0.04172861092775092,2.647975077881633,402165316.0
2023-09-12,6.41,6.33,6.42,6.31,9822700.0,62779945.0,-1.4018691588784993,-0.08999999999999986,0.024424532920188473,1.7133956386292886,402165316.0
2023-09-13,6.33,6.42,6.6,6.27,35317650.0,229217387.0,1.4218009478673022,0.08999999999999986,0.08781873671075106,5.213270142180096,402165316.0
2023-09-14,6.53,6.24,6.53,6.17,30196475.0,190504808.0,-2.8037383177570097,-0.17999999999999972,0.07508473207072884,5.607476635514024,402165316.0
2023-09-15,6.26,6.26,6.29,6.14,17259600.0,108366611.0,0.3205128205128194,0.019999999999999574,0.042916679567663166,2.4038461538461595,402165316.0
2023-09-18,6.28,6.25,6.34,6.2,11066940.0,70109663.0,-0.15974440894568342,-0.009999999999999787,0.027518385001654395,2.2364217252396115,402165316.0
2023-09-19,6.22,6.11,6.24,6.04,14685296.0,90601518.0,-2.2399999999999975,-0.13999999999999968,0.03651557062668229,3.200000000000003,402165316.0
2023-09-20,6.12,6.04,6.17,6.02,8517500.0,52221207.0,-1.1456628477905073,-0.07000000000000028,0.021179101382278326,2.45499181669395,402165316.0
2023-09-21,5.99,6.0,6.08,5.98,7767596.0,47181062.0,-0.6622516556291425,-0.040000000000000036,0.019314435360208933,1.655629139072842,402165316.0
2023-09-22,5.97,6.2,6.2,5.96,14971900.0,92510187.0,3.3333333333333437,0.20000000000000018,0.03722822283361701,4.0000000000000036,402165316.0
2023-09-25,6.2,6.0,6.21,5.98,14373500.0,87527030.0,-3.2258064516129115,-0.20000000000000018,0.03574027751314089,3.709677419354831,402165316.0
2023-09-26,5.98,6.59,6.59,5.96,37954803.0,244206090.0,9.83333333333334,0.5899999999999999,0.0943761221815558,10.499999999999998,402165316.0
2023-09-27,6.58,6.34,6.58,6.31,51354100.0,330734596.0,-3.793626707132014,-0.25,0.12769400531795239,4.097116843702587,402165316.0
2023-09-28,6.36,6.32,6.4,6.3,25246900.0,161277785.0,-0.3154574132492094,-0.019999999999999574,0.06277741763290198,1.5772870662460654,402165316.0
2023-10-09,6.32,6.27,6.34,6.18,20882300.0,131421495.0,-0.7911392405063444,-0.05000000000000071,0.05192466672088649,2.531645569620255,402165316.0
2023-10-10,6.3,6.9,6.9,6.24,45232878.0,304095444.0,10.047846889952172,0.6300000000000008,0.11247334417073401,10.526315789473689,402165316.0
2023-10-11,6.97,7.59,7.59,6.93,79620599.0,579487708.0,9.999999999999986,0.6899999999999995,0.19797977556075472,9.56521739130435,402165316.0
2023-10-12,7.85,7.22,7.86,7.13,101957745.0,758424264.0,-4.87483530961792,-0.3700000000000001,0.2535219745304938,9.617918313570494,402165316.0
2023-10-13,7.24,7.33,7.49,7.06,73589518.0,537686598.0,1.5235457063711877,0.11000000000000032,0.18298325358321055,5.955678670360119,402165316.0
2023-10-16,7.2,7.29,7.41,7.04,61168928.0,443225475.0,-0.545702592087316,-0.040000000000000036,0.1520989641980961,5.047748976807641,402165316.0
2023-10-17,7.17,7.11,7.44,7.02,43786810.0,317206156.0,-2.4691358024691357,-0.17999999999999972,0.10887763876683985,5.761316872427995,402165316.0
2023-10-18,7.02,6.75,7.1,6.71,42319853.0,289883408.0,-5.063291139240511,-0.3600000000000003,0.10522999203640923,5.485232067510544,402165316.0
2023-10-19,6.64,6.69,6.89,6.6,28211400.0,191382144.0,-0.8888888888888835,-0.05999999999999961,0.07014876439518718,4.296296296296297,402165316.0
2023-10-20,6.72,6.34,6.85,6.32,30530520.0,200797120.0,-5.231689088191338,-0.35000000000000053,0.07591534820471689,7.9222720478325765,402165316.0
2023-10-23,6.3,6.13,6.4,6.08,22710900.0,142216740.0,-3.312302839116721,-0.20999999999999996,0.05647155310628528,5.047318611987387,402165316.0
2023-10-24,6.13,6.39,6.51,6.11,27913160.0,179183741.0,4.241435562805873,0.2599999999999998,0.06940717881300336,6.525285481239795,402165316.0
2023-10-25,6.37,6.47,6.55,6.31,29586753.0,191467224.0,1.2519561815336422,0.08000000000000007,0.07356863414845054,3.7558685446009425,402165316.0
2023-10-26,6.38,6.61,6.78,6.34,36221881.0,239850330.0,2.163833075734156,0.14000000000000057,0.09006714293581697,6.800618238021644,402165316.0
2023-10-27,6.48,6.41,6.54,6.31,27268630.0,175812031.0,-3.0257186081694476,-0.20000000000000018,0.06780452941894173,3.4795763993948627,402165316.0
2023-10-30,6.33,6.48,6.52,6.3,20215130.0,130762624.0,1.0920436817472678,0.07000000000000028,0.05026572206937905,3.4321372854914154,402165316.0
2023-10-31,6.42,6.39,6.63,6.32,19551600.0,127154938.0,-1.388888888888895,-0.09000000000000075,0.048615828422160605,4.783950617283944,402165316.0
2023-11-01,6.37,6.51,6.6,6.32,25941228.0,170445945.0,1.8779342723004744,0.1200000000000001,0.06450389172794802,4.3818466353677525,402165316.0
2023-11-02,6.54,6.79,7.15,6.52,60590530.0,416005424.0,4.3010752688172005,0.28000000000000025,0.1506607546434959,9.677419354838722,402165316.0
2023-11-03,6.75,7.11,7.34,6.74,59449630.0,422837064.0,4.712812960235646,0.3200000000000003,0.14782386156841035,8.836524300441821,402165316.0
2023-11-06,7.01,7.14,7.28,6.9,50169696.0,357203115.0,0.42194092827003704,0.02999999999999936,0.12474893782237552,5.344585091420533,402165316.0
2023-11-07,7.02,7.2,7.33,7.01,50252700.0,363603744.0,0.8403361344537785,0.0600000000000005,0.12495533055864022,4.481792717086839,402165316.0
2023-11-08,7.16,7.25,7.42,7.08,43384099.0,316009884.0,0.694444444444442,0.04999999999999982,0.10787628190194302,4.72222222222222,402165316.0
2023-11-09,7.26,7.4,7.97,7.25,73001839.0,556486751.0,2.0689655172413834,0.15000000000000036,0.18152196645421306,9.931034482758617,402165316.0
2023-11-10,7.2,7.03,7.28,6.98,45565600.0,324681510.0,-5.000000000000004,-0.3700000000000001,0.11330067061277856,4.054054054054052,402165316.0
2023-11-13,7.16,7.73,7.73,7.16,50493198.0,382965307.0,9.95732574679944,0.7000000000000002,0.1255533383689408,8.10810810810811,402165316.0
2023-11-14,7.94,7.66,8.14,7.55,116633217.0,915535265.0,-0.9055627425614499,-0.07000000000000028,0.2900131173917544,7.632600258732221,402165316.0
2023-11-15,7.6,7.66,7.84,7.53,65706941.0,506992510.0,0.0,0.0,0.16338291340867395,4.046997389033937,402165316.0
2023-11-16,7.52,7.55,7.7,7.44,38133170.0,291790179.0,-1.436031331592691,-0.11000000000000032,0.09481963879749392,3.394255874673626,402165316.0
2023-11-17,7.57,8.03,8.31,7.46,112610439.0,908732416.0,6.3576158940397365,0.47999999999999954,0.2800103204325059,11.258278145695371,402165316.0
2023-11-20,8.05,8.34,8.77,7.84,114575167.0,945570034.0,3.860523038605246,0.3100000000000005,0.2848956944859959,11.58156911581569,402165316.0
2023-11-21,8.19,8.02,8.25,7.94,64763490.0,525394695.0,-3.83693045563549,-0.3200000000000003,0.1610369850989338,3.717026378896878,402165316.0
2023-11-22,7.95,7.64,7.95,7.64,44217920.0,344978104.0,-4.738154613466328,-0.3799999999999999,0.1099496108709683,3.865336658354121,402165316.0
2023-11-23,7.67,7.73,7.77,7.55,30053599.0,231885413.0,1.178010471204205,0.09000000000000075,0.07472946523314805,2.8795811518324577,402165316.0
2023-11-24,7.67,7.56,7.85,7.47,29282530.0,226140194.0,-2.199223803363526,-0.17000000000000082,0.0728121715996016,4.9159120310478635,402165316.0
2023-11-27,7.45,7.64,7.67,7.42,19288376.0,147473242.0,1.0582010582010692,0.08000000000000007,0.04796131151200518,3.3068783068783074,402165316.0
2023-11-28,7.65,7.52,7.66,7.47,17784795.0,135224653.0,-1.5706806282722474,-0.1200000000000001,0.044222597753805305,2.486910994764403,402165316.0
2023-11-29,7.47,7.31,7.49,7.2,25587700.0,188733400.0,-2.7925531914893664,-0.20999999999999996,0.0636248303421571,3.856382978723405,402165316.0
2023-11-30,7.28,7.19,7.37,7.12,21668786.0,157513851.0,-1.641586867305056,-0.11999999999999922,0.05388029533606026,3.4199726402188784,402165316.0
2023-12-01,7.21,7.53,7.63,7.19,37850100.0,284667075.0,4.728789986091786,0.33999999999999986,0.09411577402164636,6.119610570236432,402165316.0
2023-12-04,7.64,7.65,7.76,7.55,28827000.0,222050476.0,1.5936254980079667,0.1200000000000001,0.07167947819746842,2.788844621513944,402165316.0
2023-12-05,7.57,7.3,7.64,7.3,20885900.0,156312546.0,-4.575163398692816,-0.35000000000000053,0.051933618263589894,4.444444444444443,402165316.0
2023-12-06,7.25,7.36,7.4,7.13,19523040.0,142974099.0,0.8219178082191858,0.0600000000000005,0.04854481285004697,3.6986301369863077,402165316.0
2023-12-07,7.35,7.49,7.64,7.3,23015000.0,173648678.0,1.7663043478260754,0.1299999999999999,0.05722770981075852,4.619565217391302,402165316.0
2023-12-08,7.49,7.23,7.54,7.23,18363803.0,135658348.0,-3.471295060080104,-0.2599999999999998,0.04566232409758578,4.138851802403199,402165316.0
2023-12-11,7.19,7.52,7.52,7.17,22329600.0,166312398.0,4.011065006915615,0.28999999999999915,0.05552343554161692,4.840940525587823,402165316.0
2023-12-12,7.5,7.63,7.7,7.45,28926093.0,221853130.0,1.46276595744681,0.11000000000000032,0.0719258768699984,3.324468085106383,402165316.0
2023-12-13,7.58,7.52,7.69,7.5,18394000.0,140286612.0,-1.4416775884665833,-0.11000000000000032,0.04573741013508982,2.490170380078642,402165316.0
2023-12-14,7.51,7.39,7.58,7.36,16849799.0,126475535.0,-1.7287234042553168,-0.1299999999999999,0.04189769313671993,2.925531914893614,402165316.0
2023-12-15,7.44,7.31,7.44,7.23,13018260.0,95916875.0,-1.0825439783491264,-0.08000000000000007,0.032370419531653497,2.8416779431664407,402165316.0
2023-12-18,7.27,7.02,7.29,6.98,18821800.0,134586204.0,-3.9671682626538973,-0.29000000000000004,0.04680115179301041,4.240766073871404,402165316.0
2023-12-19,6.93,7.07,7.24,6.93,12858740.0,91545704.0,0.7122507122507171,0.05000000000000071,0.03197376672830732,4.415954415954423,402165316.0
2023-12-20,7.05,6.88,7.1,6.88,17960903.0,125954595.0,-2.6874115983026914,-0.1900000000000004,0.04466049727669703,3.111739745403108,402165316.0
2023-12-21,6.86,6.96,6.98,6.81,12565700.0,87453683.0,1.1627906976744207,0.08000000000000007,0.031245111152250635,2.4709302325581515,402165316.0
2023-12-22,6.96,6.71,7.0,6.68,16604300.0,114107716.0,-3.5919540229885083,-0.25,0.04128725014168054,4.5977011494252915,402165316.0
2023-12-25,6.69,6.6,6.76,6.57,11238070.0,74997827.0,-1.6393442622950838,-0.11000000000000032,0.02794390653021903,2.8315946348733156,402165316.0
2023-12-26,6.6,6.4,6.63,6.38,11399000.0,74182962.0,-3.0303030303030165,-0.1999999999999993,0.028344065354457368,3.787878787878788,402165316.0
2023-12-27,6.41,6.44,6.47,6.35,9102500.0,58861876.0,0.6250000000000089,0.040000000000000036,0.02263372707158068,1.8750000000000018,402165316.0
2023-12-28,6.42,6.51,6.55,6.37,12122100.0,79204358.0,1.086956521739113,0.0699999999999994,0.030142082168020674,2.795031055900617,402165316.0
2023-12-29,6.51,6.62,6.65,6.49,10217100.0,67924278.0,1.6897081413210557,0.11000000000000032,0.025405224154138643,2.4577572964669763,402165316.0
2024-01-02,6.66,6.57,6.7,6.56,9336600.0,62172202.0,-0.7552870090634434,-0.04999999999999982,0.023225304325031212,2.114803625377652,402001191.00000006
2024-01-03,6.6,6.74,6.87,6.55,22263369.0,151128603.0,2.5875190258751957,0.16999999999999993,0.0553813508477889,4.870624048706245,402001191.00000006
2024-01-04,6.62,7.04,7.41,6.6,47636899.0,337634537.0,4.451038575667643,0.2999999999999998,0.11849939767964517,12.017804154302677,402001191.00000006
2024-01-05,6.88,7.31,7.53,6.85,66942379.0,488159615.0,3.8352272727272707,0.2699999999999996,0.16652283749079735,9.659090909090917,402001191.00000006
2024-01-08,7.23,7.0,7.32,6.99,39485308.0,283410844.0,-4.240766073871405,-0.3099999999999996,0.09822186820337056,4.514363885088921,402001191.00000006
2024-01-09,6.99,6.83,7.18,6.55,39481735.0,274170593.0,-2.4285714285714244,-0.16999999999999993,0.09821298017000152,8.999999999999998,402001191.00000006
2024-01-10,6.72,6.48,6.75,6.42,24834379.0,163686718.0,-5.1244509516837455,-0.34999999999999964,0.06177687916352466,4.831625183016106,402001191.00000006
2024-01-11,6.46,7.13,7.13,6.46,16498800.0,117795680.0,10.030864197530853,0.6499999999999995,0.04104166945117334,10.339506172839505,402001191.00000006
2024-01-12,7.54,7.05,7.55,7.03,69558907.0,512085075.0,-1.1220196353436185,-0.08000000000000007,0.1730315943267939,7.293127629733514,402001191.00000006
2024-01-15,7.0,7.07,7.26,7.0,36457706.0,259997657.0,0.28368794326241176,0.020000000000000462,0.0906905422576223,3.6879432624113444,402001191.00000006
2024-01-16,7.04,6.88,7.07,6.75,27739269.0,191766523.0,-2.6874115983026914,-0.1900000000000004,0.06900295228229808,4.52616690240453,402001191.00000006
2024-01-17,6.92,6.67,6.92,6.65,18673722.0,126825780.0,-3.052325581395343,-0.20999999999999996,0.04645190715367805,3.9244186046511564,402001191.00000006
2024-01-18,6.51,6.4,6.66,6.25,26939921.0,173444533.0,-4.047976011993992,-0.2699999999999996,0.06701453031267263,6.146926536731637,402001191.00000006
2024-01-19,6.4,6.26,6.65,6.26,19314599.0,124627106.0,-2.187500000000009,-0.14000000000000057,0.048046123823548566,6.093750000000009,402001191.00000006
2024-01-22,6.33,5.73,6.33,5.64,23050100.0,138583879.0,-8.4664536741214,-0.5299999999999994,0.05733838733826039,11.022364217252404,402001191.00000006
2024-01-23,5.71,5.63,5.78,5.54,18233738.0,103232404.0,-1.7452006980802848,-0.10000000000000053,0.04535742283410299,4.188481675392674,402001191.00000006
2024-01-24,5.64,5.65,5.72,5.41,16492720.0,92742046.0,0.355239786856143,0.020000000000000462,0.04102654511787254,5.506216696269975,402001191.00000006
2024-01-25,5.66,5.84,5.85,5.57,20488208.0,117801379.0,3.362831858407067,0.1899999999999995,0.050965540547366184,4.955752212389369,402001191.00000006
2024-01-26,5.83,5.81,5.95,5.77,15464400.0,91136284.0,-0.5136986301369939,-0.03000000000000025,0.038468542746183054,3.0821917808219284,402001191.00000006
2024-01-29,5.8,5.46,5.84,5.46,14883500.0,83665357.0,-6.024096385542165,-0.34999999999999964,0.03702352215170426,6.540447504302925,402001191.00000006
2024-01-30,5.45,5.23,5.48,5.23,10699208.0,57493746.0,-4.212454212454208,-0.22999999999999954,0.0266148664221246,4.5787545787545785,402001191.00000006
2024-01-31,5.28,4.92,5.36,4.92,15885700.0,81891916.0,-5.927342256214163,-0.3100000000000005,0.03951654959151601,8.413001912045896,402001191.00000006
2024-02-01,4.93,4.89,5.01,4.76,14282120.0,70584625.0,-0.6097560975609762,-0.03000000000000025,0.03552755643452807,5.08130081300813,402001191.00000006
2024-02-02,4.97,4.77,5.07,4.47,16873708.0,81252303.0,-2.4539877300613466,-0.1200000000000001,0.041974273653333526,12.26993865030676,402001191.00000006
2024-02-05,4.73,4.3,4.73,4.3,17685691.0,77354686.0,-9.85324947589098,-0.46999999999999975,0.04399412587809969,9.014675052410915,402001191.00000006
2024-02-06,4.07,4.2,4.41,3.87,24542810.0,100428271.0,-2.3255813953488302,-0.09999999999999964,0.06105158529244257,12.558139534883722,402001191.00000006
2024-02-07,4.26,4.02,4.32,3.95,20325600.0,84583024.0,-4.285714285714304,-0.1800000000000006,0.050561044233324165,8.809523809523812,402001191.00000006
2024-02-08,4.07,4.42,4.43,3.98,19988900.0,85209653.0,9.950248756218905,0.40000000000000036,0.04972348452569634,11.194029850746263,402001191.00000006
2024-02-19,4.63,4.69,4.83,4.55,21705088.0,102462509.0,6.108597285067874,0.27000000000000046,0.05399259625576581,6.334841628959281,402001191.00000006
2024-02-20,4.69,4.86,4.92,4.61,22994839.0,111849600.0,3.6247334754797356,0.16999999999999993,0.05720092257139606,6.609808102345408,402001191.00000006
2024-02-21,4.81,4.95,5.16,4.75,26722543.0,133853471.0,1.8518518518518379,0.08999999999999986,0.0664737906211825,8.436213991769549,402001191.00000006
2024-02-22,4.91,5.14,5.2,4.91,21137340.0,108072763.0,3.8383838383838187,0.1899999999999995,0.05258029198226927,5.858585858585859,402001191.00000006
2024-02-23,5.16,5.42,5.44,5.15,21844812.0,116078166.0,5.447470817120625,0.28000000000000025,0.054340167365325036,5.642023346303502,402001191.00000006
2024-02-26,5.43,5.49,5.62,5.32,24278730.0,133838390.0,1.291512915129167,0.07000000000000028,0.06039467181578573,5.535055350553502,402001191.00000006
2024-02-27,5.49,5.76,5.81,5.42,25547020.0,145238396.0,4.918032786885229,0.2699999999999996,0.06354961271744092,7.1038251366120155,402001191.00000006
2024-02-28,5.81,5.18,5.88,5.18,37281008.0,209052009.0,-10.069444444444443,-0.5800000000000001,0.0927385511153871,12.152777777777782,402001191.00000006
2024-02-29,5.06,5.48,5.51,5.06,23848445.0,128854877.0,5.791505791505802,0.3000000000000007,0.05932431429040218,8.68725868725869,402001191.00000006
2024-03-01,5.5,5.57,5.64,5.44,18557445.0,103370646.0,1.642335766423364,0.08999999999999986,0.04616266174196483,3.649635036496337,402001191.00000006
2024-03-04,5.6,5.78,5.88,5.59,25869200.0,149345501.0,3.7701974865349985,0.20999999999999996,0.06435105312909382,5.206463195691204,402001191.00000006
2024-03-05,5.92,5.95,6.22,5.73,42032129.0,252086482.0,2.941176470588225,0.16999999999999993,0.10455722505558446,8.47750865051902,402001191.00000006
2024-03-06,5.77,6.13,6.14,5.77,36929236.0,222301242.0,3.0252100840336027,0.17999999999999972,0.09186349898152414,6.218487394957985,402001191.00000006
2024-03-07,6.09,5.82,6.23,5.78,32326600.0,194164882.0,-5.057096247960846,-0.3099999999999996,0.08041418961865711,7.340946166394782,402001191.00000006
2024-03-08,5.8,6.4,6.4,5.76,52261749.0,326275876.0,9.965635738831624,0.5800000000000001,0.1300039655852661,10.99656357388317,402001191.00000006
2024-03-11,6.85,7.05,7.05,6.61,58670754.0,412407131.0,10.15625,0.6499999999999995,0.14594671685935376,6.874999999999992,402001191.00000006
2024-03-12,7.05,7.3,7.74,6.75,100043899.0,722036365.0,3.546099290780136,0.25,0.24886468308995627,14.042553191489365,402001191.00000006
2024-03-13,7.11,7.43,7.72,7.07,70216244.0,519930239.0,1.7808219178082174,0.1299999999999999,0.1746667561489886,8.904109589041088,402001191.00000006
2024-03-14,7.28,7.15,7.63,6.91,48845172.0,355458690.0,-3.7685060565275874,-0.27999999999999936,0.12150504300371585,9.69044414535666,402001191.00000006
2024-03-15,7.04,7.39,7.4,6.9,41322885.0,297835842.0,3.3566433566433407,0.23999999999999932,0.10279294172538905,6.9930069930069925,402001191.00000006
2024-03-18,7.15,7.3,7.41,6.78,56365816.0,401325540.0,-1.2178619756427533,-0.08999999999999986,0.1402130572294747,8.525033829499321,402001191.00000006
2024-03-19,7.23,7.1,7.32,7.03,41304946.0,297644127.0,-2.73972602739726,-0.20000000000000018,0.10274831747948725,3.9726027397260277,402001191.00000006
2024-03-20,7.05,7.14,7.2,7.02,26038374.0,186551889.0,0.5633802816901401,0.040000000000000036,0.06477188272807877,2.5352112676056424,402001191.00000006
2024-03-21,7.28,7.13,7.29,7.06,23783969.0,171799460.0,-0.1400560224089631,-0.009999999999999787,0.05916392670587883,3.2212885154061683,402001191.00000006
2024-03-22,7.11,7.14,7.35,7.11,43596944.0,317771801.0,0.14025245441795509,0.009999999999999787,0.10844978815000574,3.3660589060308466,402001191.00000006
2024-03-25,7.03,6.86,7.42,6.82,49059153.0,347506010.0,-3.9215686274509665,-0.27999999999999936,0.12203733247148513,8.40336134453781,402001191.00000006
2024-03-26,6.8,6.65,6.91,6.51,33551650.0,225937471.0,-3.0612244897959218,-0.20999999999999996,0.08346156864992968,5.8309037900874685,402001191.00000006
2024-03-27,6.61,6.19,6.67,6.15,26980784.0,172844004.0,-6.917293233082711,-0.45999999999999996,0.06711617926524997,7.8195488721804445,402001191.00000006
2024-03-28,6.22,6.81,6.81,6.22,18279460.0,121997569.0,10.016155088852985,0.6199999999999992,0.045471158815546885,9.531502423263325,402001191.00000006
2024-03-29,6.75,6.67,6.91,6.49,38088700.0,256950506.0,-2.05580029368575,-0.13999999999999968,0.09474772924242404,6.167400881057268,402001191.00000006
2024-04-01,6.67,6.72,6.81,6.62,24501800.0,165677170.0,0.7496251874062887,0.04999999999999982,0.06094957066930679,2.8485757121439206,402001191.00000006
2024-04-02,6.71,6.62,6.76,6.54,17953663.0,120347870.0,-1.4880952380952328,-0.09999999999999964,0.04466072091811289,3.2738095238095206,402001191.00000006
2024-04-03,6.62,6.43,6.62,6.41,14276200.0,93208115.0,-2.8700906344410915,-0.1900000000000004,0.03551283010999835,3.1722054380664644,402001191.00000006
2024-04-08,6.41,6.22,6.41,6.21,13854300.0,87946362.0,-3.265940902021769,-0.20999999999999996,0.03446333073177387,3.110419906687406,402001191.00000006
2024-04-09,6.25,6.16,6.34,6.08,15368268.0,95424975.0,-0.9646302250803762,-0.05999999999999961,0.03822940912630281,4.1800643086816685,402001191.00000006
2024-04-10,6.15,5.88,6.15,5.78,17424200.0,103873669.0,-4.545454545454552,-0.28000000000000025,0.04334365268086979,6.006493506493507,402001191.00000006
2024-04-11,5.86,5.95,6.2,5.78,17870720.0,107672504.0,1.1904761904761862,0.07000000000000028,0.04445439565874321,7.142857142857142,402001191.00000006
2024-04-12,5.92,5.97,6.08,5.85,17561769.0,106037530.0,0.3361344537815114,0.019999999999999574,0.04368586310979362,3.865546218487402,402001191.00000006
2024-04-15,5.88,5.56,5.96,5.45,19312853.0,109566369.0,-6.867671691792299,-0.41000000000000014,0.04804178055283423,8.542713567839193,402001191.00000006
2024-04-16,5.56,5.0,5.56,5.0,22135800.0,113583722.0,-10.071942446043158,-0.5599999999999996,0.055064015967057164,10.07194244604316,402001191.00000006
2024-04-17,4.95,5.42,5.44,4.92,23042600.0,122818795.0,8.400000000000007,0.41999999999999993,0.05731973067711632,10.40000000000001,402001191.00000006
2024-04-18,5.41,5.51,5.66,5.31,20645000.0,114567203.0,1.6605166051660403,0.08999999999999986,0.051355569242579675,6.457564575645766,402001191.00000006
2024-04-19,5.52,5.33,5.53,5.32,13070803.0,70998133.0,-3.2667876588021727,-0.17999999999999972,0.0325143389935877,3.8112522686025407,402001191.00000006
2024-04-22,5.33,5.2,5.36,5.05,14797600.0,77837105.0,-2.4390243902439046,-0.1299999999999999,0.03680984119273417,5.816135084427777,402001191.00000006
2024-04-23,5.26,5.34,5.47,5.26,15560066.0,83863091.0,2.6923076923076827,0.13999999999999968,0.03870651716551755,4.038461538461537,402001191.00000006
2024-04-24,5.35,5.56,5.57,5.31,17732600.0,97859667.0,4.1198501872659055,0.21999999999999975,0.04411081458711399,4.868913857677915,402001191.00000006
2024-04-25,5.61,5.42,5.61,5.4,16282680.0,89354151.0,-2.517985611510787,-0.13999999999999968,0.04050405910364578,3.7769784172661867,402001191.00000006
2024-04-26,5.4,5.59,5.61,5.37,18076875.0,100654119.0,3.136531365313644,0.16999999999999993,0.044967217522497334,4.428044280442808,402001191.00000006
2024-04-29,5.77,5.93,6.05,5.77,27244600.0,162404736.0,6.082289803220031,0.33999999999999986,0.06777243602743455,5.008944543828269,402001191.00000006
2024-04-30,5.92,5.82,5.99,5.74,18568800.0,109317966.0,-1.8549747048903775,-0.10999999999999943,0.046190907926936954,4.215851602023609,402001191.00000006
2024-05-06,5.95,5.81,6.0,5.78,17549300.0,103394409.0,-0.1718213058419349,-0.010000000000000675,0.043654845788752894,3.780068728522332,402001191.00000006
2024-05-07,5.83,5.84,5.89,5.79,14795068.0,86879382.0,0.5163511187607606,0.03000000000000025,0.036803542703931935,1.721170395869185,402001191.00000006
2024-05-08,5.83,5.62,5.83,5.6,15371930.0,87720047.0,-3.7671232876712257,-0.21999999999999975,0.03823851855205075,3.938356164383569,402001191.00000006
2024-05-09,5.61,5.63,5.7,5.58,12129800.0,68760473.0,0.1779359430605032,0.009999999999999787,0.030173542446047127,2.1352313167259807,402001191.00000006
2024-05-10,5.63,5.46,5.68,5.44,11872800.0,65758598.0,-3.019538188277082,-0.16999999999999993,0.029534240857510292,4.262877442273523,402001191.00000006
2024-05-13,5.46,5.46,5.55,5.26,13890200.0,76042185.0,0.0,0.0,0.034552633949783494,5.311355311355312,402001191.00000006
2024-05-14,6.01,6.01,6.01,6.01,9081799.0,54944884.0,10.073260073260059,0.5499999999999998,0.02259147286954182,0.0,402001191.00000006
2024-05-15,6.48,6.07,6.48,6.03,72848591.0,457915962.0,0.9983361064891838,0.0600000000000005,0.1812148636146702,7.487520798668888,402001191.00000006
2024-05-16,5.96,5.76,6.01,5.71,41778497.0,244016511.0,-5.1070840197693705,-0.3100000000000005,0.10392630155167872,4.942339373970342,402001191.00000006
2024-05-17,5.75,5.74,5.81,5.65,26212161.0,150735079.0,-0.3472222222222099,-0.019999999999999574,0.06520418741744473,2.777777777777765,402001191.00000006
2024-05-20,5.71,5.87,5.94,5.67,29803703.0,173684034.0,2.2648083623693305,0.1299999999999999,0.07413834502793798,4.703832752613248,402001191.00000006
2024-05-21,5.84,5.72,5.85,5.7,15791960.0,91374851.0,-2.555366269165249,-0.15000000000000036,0.039283366202763306,2.555366269165238,402001191.00000006
2024-05-22,5.73,5.78,5.96,5.72,19009904.0,111341173.0,1.0489510489510634,0.0600000000000005,0.04728817830790953,4.195804195804199,402001191.00000006
2024-05-23,5.75,5.54,5.76,5.51,21409303.0,120726343.0,-4.152249134948105,-0.2400000000000002,0.05325681485356593,4.325259515570934,402001191.00000006
2024-05-24,5.52,5.46,5.59,5.45,11715300.0,64922670.0,-1.4440433212996373,-0.08000000000000007,0.029142450973484797,2.5270758122743624,402001191.00000006
2024-05-27,5.56,5.56,5.59,5.42,11309250.0,62783489.0,1.831501831501825,0.09999999999999964,0.02813237933914479,3.1135531135531123,402001191.00000006
2024-05-28,5.54,5.39,5.54,5.38,10950910.0,60045744.0,-3.0575539568345356,-0.16999999999999993,0.027240988945229264,2.8776978417266217,402001191.00000006
2024-05-29,5.4,5.35,5.44,5.32,9969770.0,53954215.0,-0.7421150278293154,-0.040000000000000036,0.024800349409910077,2.2263450834879426,402001191.00000006
2024-05-30,5.33,5.6,5.74,5.26,24569500.0,135689969.0,4.672897196261672,0.25,0.06111797813056727,8.97196261682244,402001191.00000006
2024-05-31,5.49,5.43,5.55,5.39,19782270.0,108294400.0,-3.035714285714286,-0.16999999999999993,0.04920948107340308,2.85714285714286,402001191.00000006
2024-06-03,5.41,5.52,5.56,5.35,17300800.0,94663481.0,1.6574585635359185,0.08999999999999986,0.04303668841617934,3.867403314917127,402001191.00000006
2024-06-04,5.46,5.39,5.47,5.26,15870000.0,85108008.0,-2.3550724637681153,-0.1299999999999999,0.03947749498085441,3.804347826086956,402001191.00000006
2024-06-05,5.4,5.52,5.86,5.33,30184630.0,169713409.0,2.4118738404452778,0.1299999999999999,0.07508592182255498,9.83302411873841,402001191.00000006
2024-06-06,5.41,5.13,5.5,5.09,27172430.0,143646034.0,-7.065217391304346,-0.3899999999999997,0.0675929091961322,7.427536231884062,402001191.00000006
2024-06-07,5.23,5.15,5.23,5.06,11183600.0,57853472.0,0.3898635477582957,0.020000000000000462,0.027819818076111117,3.3138401559454347,402001191.00000006
2024-06-11,5.13,5.23,5.25,4.95,10982034.0,56359796.0,1.553398058252431,0.08000000000000007,0.02731841160142234,5.825242718446598,402001191.00000006
2024-06-12,5.2,5.3,5.37,5.17,13343334.0,70861782.0,1.338432122370925,0.0699999999999994,0.03319227479602168,3.8240917782026798,402001191.00000006
2024-06-13,5.31,5.24,5.35,5.21,9336500.0,49304699.0,-1.1320754716981019,-0.05999999999999961,0.02322505556954929,2.6415094339622582,402001191.00000006
2024-06-14,5.37,5.4,5.54,5.25,18929556.0,102598155.0,3.053435114503822,0.16000000000000014,0.04708830825329569,5.534351145038168,402001191.00000006
2024-06-17,5.29,5.26,5.36,5.24,12972852.0,68807348.0,-2.592592592592602,-0.14000000000000057,0.03227068051149132,2.222222222222224,402001191.00000006
2024-06-18,5.24,5.4,5.43,5.19,14122520.0,75842510.0,2.6615969581749166,0.14000000000000057,0.03513054268538224,4.562737642585539,402001191.00000006
2024-06-19,5.38,5.34,5.41,5.31,8692200.0,46708787.0,-1.1111111111111183,-0.0600000000000005,0.021622323999532626,1.8518518518518614,402001191.00000006
2024-06-20,5.31,5.2,5.35,5.14,10264100.0,53823394.0,-2.621722846441943,-0.13999999999999968,0.025532511419848004,3.9325842696629207,402001191.00000006
2024-06-21,5.17,5.07,5.22,5.04,8893200.0,45648215.0,-2.500000000000002,-0.1299999999999999,0.02212232251819373,3.4615384615384563,402001191.00000006
2024-06-24,5.07,4.85,5.07,4.83,10865552.0,53692732.0,-4.3392504930966584,-0.22000000000000064,0.027028656240971182,4.733727810650891,402001191.00000006
2024-06-25,4.86,4.86,4.99,4.81,8344900.0,41094355.0,0.20618556701033075,0.010000000000000675,0.020758396210821175,3.7113402061855796,402001191.00000006
2024-06-26,4.83,5.01,5.01,4.78,9261774.0,45779294.0,3.0864197530864113,0.14999999999999947,0.023039170548129043,4.732510288065834,402001191.00000006
2024-06-27,4.99,4.98,5.09,4.97,8587230.0,43386250.0,-0.5988023952095634,-0.02999999999999936,0.021361205370160206,2.3952095808383254,402001191.00000006
2024-06-28,4.99,4.98,5.06,4.97,8345200.0,42045780.0,0.0,0.0,0.020759142477266936,1.8072289156626478,402001191.00000006
2024-07-01,4.98,5.04,5.04,4.87,9437334.0,46874913.0,1.2048192771084265,0.05999999999999961,0.0234227200424619,3.4136546184738936,402913666.0
2024-07-02,5.0,5.05,5.1,4.98,9401903.0,47672304.0,0.1984126984126977,0.009999999999999787,0.023334783089735158,2.3809523809523654,402913666.0
2024-07-03,5.03,5.08,5.13,4.98,11267534.0,57153433.0,0.5940594059405946,0.03000000000000025,0.02796513236163104,2.9702970297029596,402913666.0
2024-07-04,5.11,5.44,5.58,5.01,48826881.0,260704149.0,7.086614173228356,0.3600000000000003,0.12118447479018991,11.220472440944887,402913666.0
2024-07-05,5.18,5.19,5.25,5.08,31297786.0,161937296.0,-4.595588235294112,-0.25,0.07767864096225517,3.1249999999999987,402913666.0
2024-07-08,5.1,4.86,5.12,4.83,18832795.0,93552627.0,-6.358381502890175,-0.33000000000000007,0.04674151459533765,5.5876685934489405,402913666.0
2024-07-09,4.79,4.91,4.93,4.67,13715774.0,66464950.0,1.0288065843621297,0.04999999999999982,0.03404147130616314,5.349794238683122,402913666.0
2024-07-10,4.88,4.77,4.9,4.76,9684218.0,46938002.0,-2.8513238289205822,-0.14000000000000057,0.024035466694743483,2.851323828920582,402913666.0
2024-07-11,4.82,4.85,4.88,4.8,9814064.0,47692391.0,1.6771488469601747,0.08000000000000007,0.0243577342447352,1.6771488469601692,402913666.0
2024-07-12,4.83,4.79,4.89,4.76,8230546.0,39874488.0,-1.2371134020618513,-0.05999999999999961,0.020427567229749907,2.6804123711340186,402913666.0
2024-07-15,4.78,4.93,5.0,4.74,14088898.0,69256632.0,2.9227557411273475,0.13999999999999968,0.03496753570031551,5.427974947807929,402913666.0
2024-07-16,4.9,4.86,4.91,4.82,7550600.0,36802677.0,-1.4198782961460377,-0.0699999999999994,0.018739994785880506,1.825557809330626,402913666.0
2024-07-17,4.84,4.75,4.88,4.74,7645680.0,36784885.0,-2.263374485596714,-0.11000000000000032,0.01897597586079396,2.880658436213985,402913666.0
2024-07-18,4.72,4.78,4.8,4.56,9669100.0,45441648.0,0.6315789473684275,0.03000000000000025,0.023997945008894288,5.0526315789473735,402913666.0
2024-07-19,4.79,4.82,4.94,4.78,8499180.0,41459579.0,0.8368200836819994,0.040000000000000036,0.02109429566978252,3.347280334728036,402913666.0
2024-07-22,4.79,4.83,4.87,4.76,5375680.0,25944280.0,0.20746887966804906,0.009999999999999787,0.013342014564479926,2.2821576763485543,402913666.0
2024-07-23,4.83,4.74,4.88,4.73,6564000.0,31711682.0,-1.8633540372670732,-0.08999999999999986,0.016291331255068424,3.1055900621117902,402913666.0
2024-07-24,4.68,4.59,4.71,4.58,8639280.0,40044907.0,-3.164556962025322,-0.15000000000000036,0.021442012840537407,2.742616033755272,402913666.0
2024-07-25,4.58,4.56,4.61,4.5,4873000.0,22275232.0,-0.6535947712418388,-0.03000000000000025,0.012094402377505855,2.3965141612200505,402913666.0
2024-07-26,4.55,4.62,4.65,4.54,5411800.0,25126145.0,1.3157894736842257,0.0600000000000005,0.013431661560965768,2.4122807017543932,402913666.0
2024-07-29,4.64,4.65,4.67,4.57,4456400.0,20721703.0,0.6493506493506551,0.03000000000000025,0.011060433973962055,2.164502164502157,402913666.0
2024-07-30,4.65,4.66,4.69,4.6,4730300.0,22142610.0,0.21505376344086446,0.009999999999999787,0.011740232211433603,1.935483870967758,402913666.0
2024-07-31,4.66,4.84,4.86,4.66,11085534.0,53407675.0,3.862660944205998,0.17999999999999972,0.027513422689415555,4.291845493562235,402913666.0
2024-08-01,4.84,4.87,4.89,4.8,9175134.0,44681647.0,0.6198347107438051,0.03000000000000025,0.02277196028391849,1.8595041322314023,402913666.0
2024-08-02,4.86,4.79,4.94,4.77,10809200.0,52771922.0,-1.642710472279263,-0.08000000000000007,0.026827583455558444,3.490759753593446,402913666.0
2024-08-05,4.97,4.88,5.17,4.86,27439054.0,137404911.0,1.8789144050104456,0.08999999999999986,0.06810157191342325,6.471816283924834,402913666.0
2024-08-06,4.88,5.09,5.13,4.83,31044700.0,155876085.0,4.303278688524581,0.20999999999999996,0.0770505014342204,6.147540983606554,402913666.0
2024-08-07,5.09,5.06,5.39,5.05,36352920.0,189949682.0,-0.5893909626719096,-0.03000000000000025,0.09022508558942749,6.679764243614929,402913666.0
2024-08-08,4.91,4.9,4.96,4.84,20545960.0,100839295.0,-3.162055335968361,-0.15999999999999925,0.05099345525798075,2.371541501976287,402913666.0
2024-08-09,4.89,4.79,4.92,4.78,10902100.0,52819590.0,-2.244897959183678,-0.11000000000000032,0.027058153942090414,2.8571428571428505,402913666.0
2024-08-12,4.74,4.71,4.79,4.67,8132200.0,38403485.0,-1.6701461377870541,-0.08000000000000007,0.020183480199949335,2.5052192066805867,402913666.0
2024-08-13,4.71,4.7,4.73,4.61,7220340.0,33743021.0,-0.2123142250530785,-0.009999999999999787,0.017920315465298712,2.5477707006369448,402913666.0
2024-08-14,4.71,4.69,4.73,4.65,5834800.0,27512614.0,-0.21276595744680327,-0.009999999999999787,0.014481514260675387,1.7021276595744694,402913666.0
2024-08-15,4.7,4.82,4.86,4.63,10919927.0,52430675.0,2.771855010660973,0.1299999999999999,0.027102399152676048,4.904051172707898,402913666.0
2024-08-16,4.78,4.85,4.91,4.78,9003000.0,43767610.0,0.6224066390041472,0.02999999999999936,0.022344737247011127,2.697095435684645,402913666.0
2024-08-19,4.86,4.84,4.9,4.82,6864100.0,33425276.0,-0.20618556701030855,-0.009999999999999787,0.017036155829968796,1.6494845360824757,402913666.0
2024-08-20,4.96,5.2,5.28,4.85,36182340.0,183681600.0,7.438016528925617,0.3600000000000003,0.08980171945818288,8.884297520661171,402913666.0
2024-08-21,5.1,5.16,5.37,5.01,40183776.0,207943169.0,-0.7692307692307665,-0.040000000000000036,0.09973296860077216,6.923076923076929,402913666.0
2024-08-22,5.59,4.85,5.6,4.85,37513884.0,193667656.0,-6.007751937984507,-0.3100000000000005,0.09310650684159222,14.534883720930234,402913666.0
2024-08-23,4.64,4.67,4.78,4.56,22167849.0,103650912.0,-3.711340206185565,-0.17999999999999972,0.055018856074243956,4.536082474226818,402913666.0
2024-08-26,4.67,4.63,4.72,4.58,10382800.0,48448750.0,-0.8565310492505307,-0.040000000000000036,0.02576929222351073,2.997858672376867,402913666.0
2024-08-27,4.66,4.58,4.66,4.54,8326900.0,38444184.0,-1.0799136069114423,-0.04999999999999982,0.020666710272368872,2.5917926565874754,402913666.0
2024-08-28,4.54,4.62,4.66,4.49,8791000.0,40478209.0,0.8733624454148492,0.040000000000000036,0.021818569936518362,3.7117903930130987,402913666.0
2024-08-29,4.61,4.66,4.68,4.54,8299100.0,38541864.0,0.8658008658008587,0.040000000000000036,0.020597712860898593,3.0303030303030236,402913666.0
2024-08-30,4.66,4.83,4.91,4.64,17797846.0,85997101.0,3.648068669527893,0.16999999999999993,0.04417285265275663,5.793991416309022,402913666.0
2024-09-02,4.96,4.77,4.97,4.76,12523300.0,60941942.0,-1.242236024844734,-0.0600000000000005,0.031081844714594516,4.347826086956521,402913666.0
2024-09-03,4.79,4.87,4.89,4.77,8900690.0,43298594.0,2.096436058700224,0.10000000000000053,0.022090811881272848,2.515723270440254,402913666.0
2024-09-04,4.85,4.8,4.86,4.75,6954200.0,33534643.0,-1.4373716632443578,-0.07000000000000028,0.01725977693692822,2.25872689938399,402913666.0
2024-09-05,4.82,4.85,4.9,4.81,7439500.0,36265305.0,1.041666666666674,0.04999999999999982,0.018464253332126986,1.8750000000000155,402913666.0
2024-09-06,4.87,4.76,4.88,4.74,7674500.0,36887820.0,-1.855670103092777,-0.08999999999999986,0.019047504831965666,2.8865979381443236,402913666.0
2024-09-09,4.82,4.86,4.87,4.71,7152400.0,34432439.0,2.1008403361344685,0.10000000000000053,0.017751693733813436,3.361344537815129,402913666.0
2024-09-10,4.89,4.85,4.89,4.71,8103000.0,38866237.0,-0.2057613168724437,-0.010000000000000675,0.020111008098692786,3.703703703703698,402913666.0
2024-09-11,4.82,4.74,4.83,4.73,5549800.0,26569973.0,-2.268041237113394,-0.10999999999999943,0.013774166697041247,2.0618556701030855,402913666.0
2024-09-12,4.73,4.69,4.79,4.68,5036070.0,23909328.0,-1.0548523206751037,-0.04999999999999982,0.01249912927996838,2.320675105485239,402913666.0
2024-09-13,4.69,4.63,4.72,4.61,5522200.0,25758637.0,-1.279317697228155,-0.0600000000000005,0.01370566566982615,2.3454157782515868,402913666.0
2024-09-18,4.63,4.59,4.67,4.53,5169100.0,23819406.0,-0.8639308855291628,-0.040000000000000036,0.012829299267302589,3.023758099352045,402913666.0
2024-09-19,4.62,4.71,4.75,4.61,7932500.0,37444895.0,2.614379084967333,0.1200000000000001,0.019687840521150256,3.0501089324618667,402913666.0
2024-09-20,4.75,4.7,4.76,4.64,6656180.0,31334371.0,-0.2123142250530785,-0.009999999999999787,0.016520114758281742,2.5477707006369448,402913666.0
2024-09-23,4.68,4.74,4.78,4.65,6759480.0,32105920.0,0.8510638297872353,0.040000000000000036,0.016776497226083167,2.765957446808508,402913666.0
2024-09-24,4.77,4.84,4.86,4.69,11825325.0,56903458.0,2.1097046413502074,0.09999999999999964,0.029349525712041746,3.586497890295357,402913666.0
2024-09-25,4.9,4.91,5.01,4.85,15870603.0,78822026.0,1.446280991735538,0.07000000000000028,0.03938958724720943,3.305785123966945,402913666.0
2024-09-26,4.93,5.01,5.01,4.91,14492390.0,72302902.0,2.0366598778003953,0.09999999999999964,0.035968971079774696,2.0366598778004,402913666.0
2024-09-27,5.08,5.23,5.31,5.07,22101870.0,115109322.0,4.3912175648702645,0.22000000000000064,0.05485510139038074,4.790419161676633,402913666.0
2024-09-30,5.4,5.65,5.71,5.29,40568960.0,225321098.0,8.030592734225618,0.41999999999999993,0.100688964965512,8.03059273422562,402913666.0
2024-10-08,6.21,5.94,6.21,5.61,50656877.0,301540484.0,5.132743362831849,0.29000000000000004,0.12572638079741877,10.619469026548666,402913666.0
2024-10-09,5.88,5.34,5.89,5.34,31085273.0,173226404.0,-10.101010101010111,-0.6000000000000005,0.07715120042614787,9.259259259259256,402913666.0
2024-10-10,5.34,5.43,5.57,5.23,22276600.0,120743924.0,1.6853932584269593,0.08999999999999986,0.055288767494920364,6.3670411985018704,402913666.0
2024-10-11,5.43,5.78,5.97,5.27,63519247.0,363061492.0,6.445672191528562,0.35000000000000053,0.15764977055903584,12.891344383057094,402913666.0
2024-10-14,5.82,5.96,5.97,5.5,55060920.0,319246817.0,3.114186851211076,0.17999999999999972,0.13665686881913805,8.131487889273352,402913666.0
2024-10-15,5.94,6.24,6.49,5.87,69880635.0,434265046.0,4.697986577181212,0.28000000000000025,0.17343823478054973,10.402684563758392,402913666.0
2024-10-16,6.18,6.11,6.52,5.95,57415220.0,362510216.0,-2.083333333333337,-0.1299999999999999,0.14250005607901123,9.134615384615374,402913666.0
2024-10-17,6.06,5.94,6.17,5.89,41820914.0,253691145.0,-2.782324058919805,-0.16999999999999993,0.1037962162345717,4.582651391162034,402913666.0
2024-10-18,5.88,6.12,6.26,5.85,40549979.0,246099014.0,3.0303030303030276,0.17999999999999972,0.10064185561777396,6.902356902356904,402913666.0
2024-10-21,6.2,6.72,6.72,6.2,40432109.0,265602366.0,9.803921568627437,0.5999999999999996,0.10034931155698253,8.496732026143784,402913666.0
2024-10-22,6.9,7.05,7.33,6.58,88289728.0,628198056.0,4.910714285714279,0.33000000000000007,0.21912815436744207,11.160714285714286,402913666.0
2024-10-23,6.93,7.23,7.51,6.87,58048507.0,422047412.0,2.553191489361706,0.1800000000000006,0.14407182455806797,9.078014184397158,402913666.0
2024-10-24,7.23,7.11,7.37,7.05,34152898.0,246058310.0,-1.6597510373444035,-0.1200000000000001,0.08476480418015903,4.426002766251733,402913666.0
2024-10-25,7.09,7.1,7.3,7.02,35596200.0,255418437.0,-0.14064697609001975,-0.010000000000000675,0.08834696612152143,3.9381153305203966,402913666.0
2024-10-28,7.35,7.81,7.81,7.26,55880832.0,427911255.0,10.000000000000009,0.71,0.13869182585631137,7.746478873239434,402913666.0
2024-10-29,8.17,7.47,8.17,7.36,58105000.0,444300508.0,-4.353393085787449,-0.33999999999999986,0.14421203573670793,10.371318822023042,402913666.0
2024-10-30,7.34,7.19,7.45,6.99,40603370.0,292215496.0,-3.748326639892896,-0.27999999999999936,0.10077436787661603,6.157965194109772,402913666.0
2024-10-31,7.52,7.91,7.91,7.52,34033587.0,266728993.0,10.01390820584145,0.7199999999999998,0.08446868367080902,5.4242002781641245,402913666.0
2024-11-01,8.31,7.75,8.45,7.67,86552662.0,701101600.0,-2.0227560050568916,-0.16000000000000014,0.21481689330438347,9.860935524652332,402913666.0
2024-11-04,7.68,8.23,8.32,7.55,55558939.0,443046096.0,6.193548387096781,0.4800000000000004,0.1378929127710451,9.935483870967749,402913666.0
2024-11-05,8.28,8.22,8.73,8.11,65998015.0,551316480.0,-0.12150668286755595,-0.009999999999999787,0.1638018775962789,7.53341433778859,402913666.0
2024-11-06,8.07,7.92,8.24,7.8,49662107.0,399342486.0,-3.649635036496357,-0.3000000000000007,0.12325743996978251,5.3527980535279855,402913666.0
2024-11-07,7.93,7.89,7.93,7.57,36492063.0,283649844.0,-0.37878787878787845,-0.03000000000000025,0.09057042756152132,4.545454545454539,402913666.0
2024-11-08,7.91,7.83,8.05,7.77,33630833.0,267050872.0,-0.760456273764254,-0.05999999999999961,0.08346907994925146,3.548795944233221,402913666.0
2024-11-11,7.83,7.92,8.05,7.66,33100460.0,260512607.0,1.1494252873563093,0.08999999999999986,0.08215273591638364,4.980842911877402,402913666.0
2024-11-12,7.9,7.42,7.9,7.36,32642290.0,249436818.0,-6.313131313131315,-0.5,0.08101559404540029,6.818181818181819,402913666.0
2024-11-13,7.43,7.98,8.0,7.3,51373370.0,396608104.0,7.547169811320753,0.5600000000000005,0.12750466001815883,9.433962264150946,402913666.0
2024-11-14,8.07,7.84,8.61,7.84,66114714.0,541656434.0,-1.7543859649122862,-0.14000000000000057,0.16409151532725624,9.649122807017537,402913666.0
2024-11-15,7.84,8.08,8.53,7.84,67380229.0,556388878.0,3.0612244897959107,0.2400000000000002,0.16723242393073856,8.801020408163259,402913666.0
2024-11-18,8.07,7.27,8.18,7.27,35397809.0,263192820.0,-10.024752475247533,-0.8100000000000005,0.08785457527767251,11.262376237623764,402913666.0
2024-11-19,7.16,7.17,7.28,6.87,35431458.0,251263165.0,-1.375515818431905,-0.09999999999999964,0.08793808944668559,5.639614855570842,402913666.0
2024-11-20,7.17,7.41,7.55,7.15,30404243.0,224592368.0,3.347280334728042,0.2400000000000002,0.07546093757961538,5.578800557880048,402913666.0
2024-11-21,7.37,7.45,7.65,7.35,26035700.0,195488922.0,0.5398110661268607,0.040000000000000036,0.06461855776319089,4.048582995951427,402913666.0
2024-11-22,7.48,7.36,8.2,7.28,69362554.0,542498421.0,-1.2080536912751683,-0.08999999999999986,0.17215239852400538,12.348993288590592,402913666.0
2024-11-25,7.4,7.29,7.63,7.08,41253423.0,302529220.0,-0.9510869565217406,-0.07000000000000028,0.10238774824778468,7.472826086956519,402913666.0
2024-11-26,7.33,7.08,7.43,7.07,25169900.0,182149081.0,-2.8806584362139898,-0.20999999999999996,0.06246971032250864,4.938271604938263,402913666.0
2024-11-27,7.03,7.57,7.57,6.77,40072589.0,291640643.0,6.920903954802271,0.4900000000000002,0.09945701121986764,11.299435028248597,402913666.0
2024-11-28,7.44,7.33,7.79,7.32,26371480.0,198024752.0,-3.1704095112285335,-0.2400000000000002,0.0654519372892157,6.208718626155875,402913666.0
2024-11-29,7.43,7.61,7.77,7.37,36182869.0,275113717.0,3.8199181446112007,0.28000000000000025,0.08980303239453784,5.457025920873117,402913666.0
2024-12-02,7.67,7.9,7.99,7.66,35842605.0,283767563.0,3.8107752956636043,0.29000000000000004,0.08895852393351185,4.336399474375821,402913666.0
2024-12-03,7.82,8.69,8.69,7.82,90743417.0,767950257.0,9.999999999999986,0.7899999999999991,0.2252180173010066,11.01265822784809,402913666.0
2024-12-04,8.57,8.07,8.67,7.97,81472378.0,676404963.0,-7.1346375143843455,-0.6199999999999992,0.20220802835712204,8.055235903337172,402913666.0
2024-12-05,8.11,8.88,8.88,8.11,69403501.0,596369993.0,10.03717472118959,0.8100000000000005,0.17225402575449006,9.54151177199506,402913666.0
2024-12-06,9.18,9.07,9.76,8.77,129212955.0,1208897348.0,2.1396396396396344,0.1899999999999995,0.3206963821376066,11.14864864864865,402913666.0
2024-12-09,8.84,8.79,9.31,8.57,71511658.0,637050597.0,-3.0871003307607614,-0.28000000000000114,0.1774863054657471,8.158765159867698,402913666.0
2024-12-10,8.97,8.88,9.29,8.73,65840580.0,594905482.0,1.0238907849829504,0.09000000000000163,0.16341113632020612,6.37087599544936,402913666.0
2024-12-11,8.89,9.05,9.06,8.62,50786818.0,450088273.0,1.9144144144144226,0.16999999999999993,0.1260488841299317,4.954954954954969,402913666.0
2024-12-12,9.02,8.79,9.27,8.67,47382820.0,423684456.0,-2.872928176795597,-0.26000000000000156,0.1176004290705791,6.629834254143642,402913666.0
2024-12-13,8.65,8.42,8.77,8.37,39651370.0,341105465.0,-4.209328782707611,-0.3699999999999992,0.09841157882195041,4.550625711035272,402913666.0
2024-12-16,8.42,8.41,8.62,8.22,30161200.0,254782109.0,-0.11876484560570111,-0.009999999999999787,0.07485772398695456,4.7505938242280115,402913666.0
2024-12-17,8.4,7.77,8.41,7.74,32773050.0,262584682.0,-7.6099881093935835,-0.6400000000000006,0.08134013007143819,7.966706302021402,402913666.0
2024-12-18,7.78,7.75,7.84,7.52,19830390.0,153470638.0,-0.2574002574002532,-0.019999999999999574,0.04921746685057836,4.118404118404122,402913666.0
2024-12-19,7.64,7.76,7.82,7.51,24761500.0,190199859.0,0.1290322580645098,0.009999999999999787,0.061456093673427296,4.000000000000006,402913666.0
2024-12-20,7.8,7.83,7.92,7.71,19873500.0,156418559.0,0.9020618556700999,0.07000000000000028,0.04932446247678281,2.706185567010309,402913666.0
2024-12-23,7.76,7.18,7.86,7.18,26046400.0,193213685.0,-8.301404853128991,-0.6500000000000004,0.06464511432084312,8.684546615581105,402913666.0
2024-12-24,7.9,7.9,7.9,7.86,19345960.0,153411807.0,10.027855153203348,0.7200000000000006,0.04801514972688963,0.5571030640668528,402913666.0
2024-12-25,8.55,8.09,8.55,7.99,81976799.0,678772166.0,2.405063291139231,0.1899999999999995,0.20345996156903748,7.088607594936715,402913666.0
2024-12-26,7.84,8.06,8.55,7.84,59644719.0,491093100.0,-0.3708281829418958,-0.02999999999999936,0.14803349708172966,8.77626699629173,402913666.0
2024-12-27,7.91,8.2,8.31,7.77,52187646.0,421205878.0,1.7369727047146233,0.1399999999999988,0.12952562894702113,6.699751861042194,402913666.0
2024-12-30,8.07,8.05,8.53,7.82,52525579.0,434593581.0,-1.8292682926829062,-0.14999999999999858,0.13036435204955296,8.658536585365843,402913666.0
2024-12-31,8.02,7.4,8.07,7.37,43020100.0,328372588.0,-8.074534161490687,-0.6500000000000004,0.10677250148174423,8.695652173913045,402913666.0
2025-01-02,7.23,7.21,7.44,6.97,23084600.0,168327227.0,-2.5675675675675746,-0.1900000000000004,0.05729415988585505,6.35135135135136,402913666.0
2025-01-03,7.28,6.57,7.32,6.55,26421869.0,180721382.0,-8.876560332871009,-0.6399999999999997,0.06557699882038749,10.679611650485443,402913666.0
2025-01-06,6.56,6.37,6.58,6.25,17883790.0,114917887.0,-3.0441400304414,-0.20000000000000018,0.04438615889489338,5.022831050228311,402913666.0
2025-01-07,6.4,6.58,6.59,6.39,15362804.0,99914084.0,3.296703296703285,0.20999999999999996,0.03812927010522398,3.1397174254317135,402913666.0
2025-01-08,6.62,6.8,6.89,6.46,26571600.0,179028366.0,3.3434650455927084,0.21999999999999975,0.06594861937495067,6.534954407294828,402913666.0
2025-01-09,6.74,6.93,6.95,6.7,19654800.0,136016648.0,1.9117647058823461,0.1299999999999999,0.04878166629374145,3.6764705882352944,402913666.0
2025-01-10,6.93,6.68,7.09,6.65,21481500.0,149068505.0,-3.6075036075036038,-0.25,0.053315391888444905,6.349206349206342,402913666.0
2025-01-13,6.6,7.35,7.35,6.46,65855240.0,475891452.0,10.029940119760482,0.6699999999999999,0.16344752128611095,13.32335329341317,402913666.0
2025-01-14,7.24,7.6,7.65,7.12,64956440.0,483836078.0,3.401360544217691,0.25,0.16121677044332372,7.210884353741501,402913666.0
2025-01-15,7.59,7.54,7.8,7.49,50497266.0,388185795.0,-0.7894736842105177,-0.05999999999999961,0.12533023886064962,4.078947368421048,402913666.0
2025-01-16,7.6,7.5,7.72,7.45,30165246.0,229153842.0,-0.5305039787798393,-0.040000000000000036,0.07486776584043689,3.5809018567639197,402913666.0
2025-01-17,7.51,7.44,7.77,7.41,28471980.0,216056770.0,-0.7999999999999896,-0.05999999999999961,0.07066521292926312,4.799999999999993,402913666.0
2025-01-20,7.61,7.55,7.93,7.35,44413400.0,336996734.0,1.4784946236559016,0.10999999999999943,0.1102305623954686,7.795698924731183,402913666.0
2025-01-21,7.58,7.35,7.63,6.98,58471000.0,423185364.0,-2.6490066225165587,-0.20000000000000018,0.1451204189236907,8.609271523178801,402913666.0
2025-01-22,7.17,7.79,8.09,7.1,87959180.0,673460276.0,5.986394557823127,0.4400000000000004,0.21830776025353282,13.469387755102044,402913666.0
2025-01-23,7.69,7.35,7.69,7.33,69776362.0,526778790.0,-5.6482670089858855,-0.4400000000000004,0.17317943740334685,4.621309370988451,402913666.0
2025-01-24,7.33,8.09,8.09,7.32,62718240.0,506272306.0,10.068027210884356,0.7400000000000002,0.1556617342435836,10.476190476190471,402913666.0
2025-01-27,7.89,7.46,7.89,7.37,86790426.0,664699560.0,-7.787391841779979,-0.6299999999999999,0.21540700483462877,6.427688504326323,402913666.0
2025-02-05,7.72,8.21,8.21,7.72,63450512.0,518666627.0,10.05361930294908,0.7500000000000009,0.15747917570013623,6.568364611260069,402913666.0
2025-02-06,8.36,8.53,8.8,8.05,132731356.0,1130808722.0,3.897685749086466,0.3199999999999985,0.32942877643668705,9.135200974421437,402913666.0
2025-02-07,8.41,8.64,8.81,8.33,107922212.0,930072943.0,1.2895662368112681,0.11000000000000121,0.26785443410599036,5.627198124267297,402913666.0
2025-02-10,8.49,9.5,9.5,8.38,87811362.0,788372218.0,9.953703703703699,0.8599999999999994,0.21794088761437047,12.962962962962955,402913666.0
2025-02-11,9.5,9.07,9.61,9.06,108916541.0,1014225076.0,-4.526315789473678,-0.4299999999999997,0.27032228040634393,5.789473684210515,402913666.0
2025-02-12,9.36,9.26,9.95,9.2,108381912.0,1031405645.0,2.094818081587646,0.1899999999999995,0.26899537331652584,8.26901874310915,402913666.0
2025-02-13,9.54,9.4,9.94,9.28,89014181.0,853708322.0,1.5118790496760237,0.14000000000000057,0.22092618968153838,7.127429805615552,402913666.0
2025-02-14,8.97,9.21,9.52,8.77,77339179.0,708704754.0,-2.021276595744681,-0.1899999999999995,0.19194975382145513,7.978723404255319,402913666.0
2025-02-17,9.51,9.87,10.14,9.37,111526942.0,1087234207.0,7.16612377850161,0.6599999999999984,0.27680109018689875,8.360477741585246,402913666.0
2025-02-18,9.71,9.13,9.79,9.1,81595352.0,771117476.0,-7.497467071935137,-0.7399999999999984,0.2025132401441057,6.990881458966561,402913666.0
2025-02-19,9.06,10.05,10.05,9.06,40973042.0,407128077.0,10.076670317634173,0.9199999999999999,0.10169186467852397,10.843373493975905,402913666.0
2025-02-20,11.06,11.06,11.06,11.06,7952677.0,88274715.0,10.049751243781092,1.0099999999999998,0.019737918246734276,0.0,402913666.0
2025-02-21,12.16,12.16,12.16,11.46,191878186.0,2296230983.0,9.945750452079572,1.0999999999999996,0.4762265522162755,6.329113924050627,402913666.0
2025-02-24,12.51,13.38,13.38,12.51,68793315.0,906015226.0,10.032894736842103,1.2200000000000006,0.17073959213882808,7.154605263157903,402913666.0
2025-02-25,13.05,13.06,14.54,12.04,183109539.0,2386519040.0,-2.391629297458897,-0.3200000000000003,0.4544634606660376,18.684603886397607,402913666.0
2025-02-26,12.95,13.57,13.95,12.53,152393626.0,2026302813.0,3.905053598774888,0.5099999999999998,0.37822898268235955,10.872894333843796,402913666.0
2025-02-27,12.95,12.22,13.4,12.21,116102920.0,1479341167.0,-9.948415622697127,-1.3499999999999996,0.2881583073431915,8.769344141488574,402913666.0
2025-02-28,11.99,11.16,12.66,11.09,81451238.0,966036099.0,-8.67430441898528,-1.0600000000000005,0.2021555605413493,12.847790507364978,402913666.0
2025-03-03,11.32,10.79,11.41,10.62,66374922.0,726590385.0,-3.31541218637994,-0.370000000000001,0.16473733109861805,7.078853046594991,402913666.0
2025-03-04,10.65,11.18,11.46,10.65,69350591.0,781725929.0,3.6144578313253017,0.39000000000000057,0.17212270729978169,7.506950880444861,402913666.0
2025-03-05,11.17,11.54,11.84,10.96,71781339.0,816015140.0,3.220035778175312,0.35999999999999943,0.17815563247735558,7.8711985688729795,402913666.0
2025-03-06,11.58,12.24,12.5,11.36,88309942.0,1054914574.0,6.065857885615267,0.7000000000000011,0.21917832392411332,9.8786828422877,402913666.0
2025-03-07,12.83,12.31,13.46,11.9,103894645.0,1331446662.0,0.5718954248365993,0.07000000000000028,0.2578583298785403,12.74509803921569,402913666.0
2025-03-10,12.55,12.75,13.18,12.55,75128220.0,965489982.0,3.5743298131600376,0.4399999999999995,0.18646232763919207,5.1177904142973105,402913666.0
2025-03-11,12.18,12.04,12.18,11.75,73196094.0,879032047.0,-5.568627450980401,-0.7100000000000009,0.1816669430120546,3.372549019607841,402913666.0
2025-03-12,12.04,11.83,12.14,11.75,47753255.0,570643722.0,-1.74418604651162,-0.20999999999999908,0.11851981957842056,3.239202657807314,402913666.0
2025-03-13,11.77,11.28,11.81,11.16,41738673.0,474437091.0,-4.649196956889268,-0.5500000000000007,0.10359210054691964,5.494505494505497,402913666.0
2025-03-14,11.16,11.47,11.63,11.06,37817009.0,431212021.0,1.6843971631205878,0.19000000000000128,0.09385883922835221,5.053191489361705,402913666.0
2025-03-17,11.46,11.41,11.56,11.27,31369410.0,358802672.0,-0.5231037489102031,-0.0600000000000005,0.0778564060917209,2.52833478639931,402913666.0
2025-03-18,11.41,11.55,11.64,11.28,31471275.0,361777620.0,1.22699386503069,0.14000000000000057,0.0781092270024914,3.1551270815074606,402913666.0
2025-03-19,11.44,11.26,11.5,11.18,27239200.0,309185742.0,-2.510822510822519,-0.2900000000000009,0.06760555001874768,2.770562770562773,402913666.0
2025-03-20,11.3,11.23,11.48,11.2,30428730.0,346263459.0,-0.2664298401420906,-0.02999999999999936,0.07552171238589857,2.486678507992905,402913666.0
2025-03-21,11.15,10.75,11.16,10.66,35928065.0,390023117.0,-4.274265360641138,-0.4800000000000004,0.08917062892575106,4.452359750667854,402913666.0
2025-03-24,10.57,10.14,10.64,9.86,44449275.0,452935224.0,-5.674418604651155,-0.6099999999999994,0.11031960132124186,7.255813953488382,402913666.0
2025-03-25,10.18,9.81,10.23,9.78,22024966.0,219935329.0,-3.2544378698224907,-0.33000000000000007,0.054664231716578214,4.437869822485217,402913666.0
2025-03-26,9.93,10.06,10.14,9.85,24158993.0,243633258.0,2.548419979612637,0.25,0.059960718731243035,2.9561671763506716,402913666.0
2025-03-27,9.97,9.88,10.06,9.82,17294499.0,172402013.0,-1.7892644135188873,-0.17999999999999972,0.042923585024291534,2.385685884691851,402913666.0
2025-03-28,9.87,9.75,9.93,9.74,13089800.0,128863477.0,-1.3157894736842146,-0.13000000000000078,0.03248785311739712,1.923076923076918,402913666.0
2025-03-31,9.58,9.57,9.68,9.21,26149900.0,246857282.0,-1.8461538461538418,-0.17999999999999972,0.06490199317289973,4.820512820512809,402913666.0
2025-04-01,9.74,9.51,9.78,9.49,17397204.0,167433105.0,-0.6269592476489061,-0.0600000000000005,0.04317849074893379,3.0303030303030214,402913666.0
2025-04-02,9.46,9.59,9.72,9.46,15969137.0,154279306.0,0.8412197686645584,0.08000000000000007,0.03963414087820987,2.73396424815983,402913666.0
2025-04-03,9.44,9.31,9.63,9.22,16221003.0,153144850.0,-2.9197080291970767,-0.27999999999999936,0.04025925246228804,4.275286757038583,402913666.0
2025-04-07,8.57,8.39,8.72,8.39,7689500.0,65364936.0,-9.881847475832439,-0.9199999999999999,0.019084733651104305,3.5445757250268537,402913666.0
2025-04-08,7.78,7.63,8.32,7.55,40002243.0,310148394.0,-9.058402860548275,-0.7600000000000007,0.09928241798579251,9.177592371871281,402913666.0
2025-04-09,7.47,7.97,8.03,6.86,42314660.0,318700344.0,4.456094364351237,0.33999999999999986,0.1050216549368668,15.334207077326331,402913666.0
2025-04-10,8.17,8.31,8.62,8.17,35317511.0,298623359.0,4.2659974905897124,0.34000000000000075,0.08765528196305955,5.646173149309903,402913666.0
2025-04-11,8.23,8.4,8.53,8.16,20032400.0,169265649.0,1.0830324909747224,0.08999999999999986,0.04971883976752479,4.452466907340543,402913666.0
2025-04-14,8.64,8.56,8.69,8.52,17846400.0,154168924.0,1.904761904761898,0.16000000000000014,0.04429335985838713,2.023809523809523,402913666.0
2025-04-15,8.57,8.51,8.81,8.39,14622500.0,125218603.0,-0.5841121495327228,-0.05000000000000071,0.03629189385698325,4.906542056074765,402913666.0
2025-04-16,8.43,8.26,8.74,8.07,26738840.0,224211941.0,-2.9377203290246734,-0.25,0.06636369588913373,7.873090481786134,402913666.0
2025-04-17,8.26,8.2,8.37,8.2,16647101.0,138483412.0,-0.7263922518159882,-0.0600000000000005,0.04131679415411042,2.0581113801452777,402913666.0
2025-04-18,8.19,8.24,8.32,8.11,12702070.0,104650432.0,0.4878048780487809,0.040000000000000924,0.03152553778108882,2.5609756097561083,402913666.0
2025-04-21,8.2,8.5,8.5,8.12,17377000.0,145981844.0,3.15533980582523,0.2599999999999998,0.04312834601147532,4.611650485436902,402913666.0
2025-04-22,8.5,8.37,8.55,8.35,16184430.0,136798153.0,-1.5294117647058902,-0.13000000000000078,0.04016848115546421,2.3529411764706007,402913666.0
2025-04-23,8.19,8.54,8.6,8.19,29344334.0,249447743.0,2.0310633213858953,0.16999999999999993,0.07283032688198766,4.8984468339307075,402913666.0
2025-04-24,8.6,8.17,8.64,8.14,25671580.0,213189894.0,-4.332552693208425,-0.3699999999999992,0.06371484058820681,5.85480093676815,402913666.0
2025-04-25,8.15,8.26,8.47,8.11,22346350.0,185594981.0,1.1015911872704898,0.08999999999999986,0.05546188150391503,4.406364749082022,402913666.0
2025-04-28,8.18,8.1,8.45,8.05,16683500.0,136433028.0,-1.937046004842613,-0.16000000000000014,0.04140713360663224,4.842615012106521,402913666.0
2025-04-29,8.1,8.21,8.3,7.99,15699040.0,129400759.0,1.3580246913580396,0.11000000000000121,0.038963781387350606,3.827160493827167,402913666.0
2025-04-30,8.37,8.56,8.62,8.28,27663970.0,237002512.0,4.263093788063332,0.34999999999999964,0.06865979571911567,4.141291108404382,402913666.0
2025-05-06,8.69,8.9,8.9,8.63,25878000.0,228789599.0,3.971962616822422,0.33999999999999986,0.06422715877797999,3.1542056074766305,402913666.0
2025-05-07,8.82,8.69,8.86,8.59,42314080.0,369542193.0,-2.359550561797763,-0.21000000000000085,0.10502021542252676,3.0337078651685343,402913666.0
2025-05-08,8.67,9.55,9.55,8.67,26505540.0,247408880.0,9.896432681242828,0.8600000000000012,0.06578466365546409,10.126582278481022,402913666.0
2025-05-09,9.46,9.12,9.55,9.03,68519600.0,629975623.0,-4.502617801047137,-0.4300000000000015,0.17006025305679257,5.445026178010485,402913666.0
2025-05-12,9.3,9.39,9.45,9.19,56688645.0,531310442.0,2.960526315789491,0.27000000000000135,0.14069675412796745,2.8508771929824537,402913666.0
2025-05-13,9.56,9.23,9.56,9.21,38186010.0,357538368.0,-1.7039403620873306,-0.16000000000000014,0.094774670661084,3.727369542066024,402913666.0
2025-05-14,9.26,9.23,9.26,9.08,27071001.0,249242479.0,0.0,0.0,0.06718809334206102,1.950162513542792,402913666.0
2025-05-15,9.21,9.32,9.43,9.03,42649748.0,396680799.0,0.9750812567713929,0.08999999999999986,0.10585331697336868,4.3336944745395485,402913666.0
2025-05-16,9.26,9.53,9.65,9.08,49951550.0,471770106.0,2.253218884120156,0.20999999999999908,0.12397581470964551,6.115879828326183,402913666.0
2025-05-19,9.41,9.23,9.41,9.1,33857000.0,313214191.0,-3.147953830010486,-0.29999999999999893,0.08403040863846004,3.2528856243441817,402913666.0
2025-05-20,9.17,9.26,9.31,9.04,27282014.0,251613538.0,0.3250270855904569,0.02999999999999936,0.06771181099625447,2.9252437703142076,402913666.0
2025-05-21,9.21,9.11,9.21,9.05,20520514.0,187469372.0,-1.6198704103671746,-0.15000000000000036,0.050930300289193965,1.7278617710583168,402913666.0
2025-05-22,9.04,9.62,9.95,9.04,70856069.0,677756050.0,5.598243688254656,0.5099999999999998,0.17585918517839502,9.98902305159166,402913666.0
2025-05-23,9.39,9.26,9.64,9.21,50925880.0,479839066.0,-3.7422037422037313,-0.35999999999999943,0.12639402506640218,4.469854469854467,402913666.0
2025-05-26,9.31,9.74,9.91,9.06,71600814.0,685463092.0,5.183585313174954,0.4800000000000004,0.17770758363902206,9.179265658747296,402913666.0
2025-05-27,9.81,9.61,9.88,9.56,46452603.0,451144483.0,-1.3347022587269053,-0.13000000000000078,0.11529170370706661,3.2854209445585245,402913666.0
2025-05-28,9.61,9.23,9.62,9.16,46379680.0,431962131.0,-3.954214360041608,-0.379999999999999,0.11511071456186349,4.786680541103008,402913666.0
2025-05-29,9.08,9.24,9.27,8.95,30406700.0,279336475.0,0.10834236186347823,0.009999999999999787,0.0754670356601903,3.4669555796316387,402913666.0
2025-05-30,9.11,8.6,9.16,8.59,39305000.0,348040410.0,-6.926406926406936,-0.6400000000000006,0.09755191574961372,6.168831168831171,402913666.0
2025-06-03,8.39,8.48,8.62,8.31,22407600.0,190054211.0,-1.3953488372092981,-0.11999999999999922,0.055613899182064476,3.6046511627906828,402913666.0
2025-06-04,8.51,8.48,8.54,8.45,14594500.0,124042837.0,0.0,0.0,0.036222400061257785,1.0613207547169794,402913666.0
2025-06-05,8.48,8.53,8.57,8.34,19656640.0,166711868.0,0.589622641509413,0.049999999999998934,0.04878623302888912,2.712264150943401,402913666.0
2025-06-06,8.53,8.43,8.54,8.41,11815103.0,99869288.0,-1.1723329425556872,-0.09999999999999964,0.029324155512759402,1.52403282532238,402913666.0
2025-06-09,8.55,8.72,8.84,8.51,27035830.0,235603818.0,3.4400948991696323,0.2900000000000009,0.06710080168886602,3.914590747330962,402913666.0
2025-06-10,8.72,8.53,8.72,8.35,21445710.0,183248661.0,-2.1788990825688193,-0.19000000000000128,0.05322656392598011,4.243119266055057,402913666.0
2025-06-11,8.48,8.54,8.63,8.48,13590700.0,116472853.0,0.11723329425556983,0.009999999999999787,0.033731047484500065,1.7584994138335328,402913666.0
2025-06-12,8.54,8.49,8.56,8.47,11016000.0,93836325.0,-0.5854800936768045,-0.049999999999998934,0.027340844775416477,1.0538641686182655,402913666.0
2025-06-13,8.49,8.19,8.49,8.15,18883974.0,155965141.0,-3.5335689045936425,-0.3000000000000007,0.04686853684431741,4.004711425206123,402913666.0
2025-06-16,8.09,8.23,8.32,8.08,10629244.0,87572241.0,0.48840048840050887,0.040000000000000924,0.026380946830430914,2.9304029304029333,402913666.0
2025-06-17,8.23,8.2,8.28,8.15,9920573.0,81468414.0,-0.36452004860269005,-0.030000000000001137,0.024622081197911018,1.579586877278238,402913666.0
2025-06-18,8.19,8.14,8.2,7.98,14329920.0,115753083.0,-0.7317073170731603,-0.05999999999999872,0.03556573333007772,2.682926829268279,402913666.0
2025-06-19,8.12,8.0,8.21,7.98,13592680.0,110129254.0,-1.7199017199017286,-0.14000000000000057,0.033735961688626366,2.8255528255528306,402913666.0
2025-06-20,7.99,7.89,8.06,7.83,13577300.0,107944879.0,-1.375000000000004,-0.11000000000000032,0.033697789739402885,2.8750000000000053,402913666.0
2025-06-23,7.79,7.97,7.98,7.76,10466600.0,83035908.0,1.0139416983523386,0.08000000000000007,0.02597727722643193,2.788339670468956,402913666.0
2025-06-24,8.02,8.27,8.27,8.01,17502770.0,143742660.0,3.7641154328732718,0.2999999999999998,0.04344049725034643,3.262233375156835,402913666.0
2025-06-25,8.29,8.31,8.34,8.2,14327220.0,118731771.0,0.48367593712213,0.040000000000000924,0.03555903214263276,1.6928657799274556,402913666.0
2025-06-26,8.31,8.24,8.36,8.24,15529500.0,129016870.0,-0.8423586040914643,-0.07000000000000028,0.03854299645423295,1.4440433212996295,402913666.0
2025-06-27,8.23,8.28,8.44,8.21,19066403.0,158783306.0,0.4854368932038833,0.03999999999999915,0.047321311260760265,2.7912621359223135,402913666.0
2025-06-30,8.28,8.32,8.34,8.25,13368823.0,111194669.0,0.48309178743961567,0.040000000000000924,0.033180366237565144,1.0869565217391288,402913666.0
2025-07-01,8.34,8.55,8.68,8.32,36431311.0,310352877.0,2.7644230769230838,0.23000000000000043,0.0904196458801673,4.3269230769230695,402913666.0
2025-07-02,8.48,8.4,8.5,8.29,19382800.0,162388195.0,-1.7543859649122862,-0.15000000000000036,0.04810658370669413,2.456140350877203,402913666.0
2025-07-03,8.4,8.36,8.44,8.32,9232629.0,77320703.0,-0.4761904761904856,-0.040000000000000924,0.0231971676981869,1.428571428571419,398006736.0
2025-07-04,8.36,8.25,8.36,8.22,12221900.0,101330668.0,-1.3157894736842035,-0.10999999999999943,0.030707771739823017,1.6746411483253443,398006736.0
2025-07-07,8.28,8.25,8.29,8.21,7126120.0,58859861.0,0.0,0.0,0.017904521093331446,0.9696969696969491,398006736.0
2025-07-08,8.25,8.34,8.34,8.21,10720900.0,89168852.0,1.090909090909098,0.08999999999999986,0.02693647878361536,1.5757575757575637,398006736.0
2025-07-09,8.36,8.35,8.47,8.34,15077760.0,126996136.0,0.11990407673860837,0.009999999999999787,0.03788317793696838,1.5587529976019279,398006736.0
2025-07-10,8.75,8.45,8.97,8.38,39399300.0,340463425.0,1.197604790419149,0.09999999999999964,0.09899154068588427,7.065868263473051,398006736.0
2025-07-11,8.35,8.46,8.63,8.22,32154476.0,270672051.0,0.11834319526629056,0.010000000000001563,0.0807887733839761,4.852071005917162,398006736.0
2025-07-14,8.47,8.61,8.63,8.33,27520046.0,234839803.0,1.7730496453900457,0.14999999999999858,0.06914467397355807,3.5460992907801496,398006736.0
2025-07-15,8.62,8.83,8.97,8.47,47426103.0,414988070.0,2.5551684088269466,0.22000000000000064,0.11915904609212444,5.807200929152149,398006736.0
2025-07-16,8.79,8.74,9.12,8.69,37611802.0,334683879.0,-1.0192525481313663,-0.08999999999999986,0.09450041569145703,4.869762174405433,398006736.0
2025-07-17,8.68,8.79,8.87,8.61,27314177.0,239087460.0,0.5720823798626817,0.049999999999998934,0.0686274239338502,2.9748283752860387,398006736.0
2025-07-18,8.99,8.8,9.06,8.76,27117696.0,240986656.0,0.11376564277589818,0.010000000000001563,0.0681337614346306,3.412969283276459,398006736.0
2025-07-21,9.07,9.36,9.67,8.98,69966440.0,653343162.0,6.363636363636349,0.5599999999999987,0.1757921001618425,7.840909090909085,398006736.0
2025-07-22,9.23,9.03,9.28,8.99,40889313.0,371785446.0,-3.525641025641024,-0.33000000000000007,0.10273522858165898,3.0982905982905895,398006736.0
2025-07-23,8.91,8.76,8.98,8.75,26218316.0,231843459.0,-2.9900332225913595,-0.2699999999999996,0.06587405093566055,2.547065337763017,398006736.0
2025-07-24,8.69,8.8,8.86,8.69,16167085.0,142494656.0,0.4566210045662267,0.040000000000000924,0.04062012910253861,1.9406392694063919,398006736.0
2025-07-25,8.81,9.28,9.37,8.79,53122279.0,485376313.0,5.454545454545445,0.47999999999999865,0.1334708038710179,6.590909090909092,398006736.0
2025-07-28,9.38,9.72,10.17,9.23,84725207.0,813862844.0,4.74137931034484,0.4400000000000013,0.21287380171374787,10.129310344827582,398006736.0
2025-07-29,9.63,9.28,9.68,9.22,52691249.0,494071988.0,-4.526748971193428,-0.4400000000000013,0.13238783225015568,4.732510288065834,398006736.0
2025-07-30,9.29,9.05,9.31,8.96,30845721.0,281731670.0,-2.478448275862055,-0.22999999999999865,0.07750049989103702,3.7715517241379275,398006736.0
2025-07-31,9.06,9.43,9.78,9.01,56091637.0,529686579.0,4.198895027624294,0.379999999999999,0.14093137609610706,8.508287292817675,398006736.0
2025-08-01,9.43,9.22,9.48,9.14,31328800.0,290457988.0,-2.2269353128313796,-0.20999999999999908,0.07871424568050527,3.6055143160127243,398006736.0
2025-08-04,9.13,9.44,9.45,9.08,32309720.0,299597117.0,2.386117136659416,0.21999999999999886,0.08117882708397177,4.01301518438177,398006736.0
2025-08-05,9.39,9.33,9.46,9.25,28829217.0,269418059.0,-1.165254237288127,-0.10999999999999943,0.07243399267493804,2.2245762711864496,398006736.0
2025-08-06,9.59,9.54,9.66,9.36,47007356.0,447857703.0,2.2508038585209,0.20999999999999908,0.11810693575799179,3.2154340836012936,398006736.0
2025-08-07,9.45,9.48,9.72,9.38,34104400.0,324214602.0,-0.6289308176100517,-0.05999999999999872,0.08568799699912616,3.5639412997903555,398006736.0
2025-08-08,9.43,9.04,9.43,9.04,42672363.0,389410689.0,-4.641350210970474,-0.4400000000000013,0.10721517788583357,4.113924050632917,398006736.0
2025-08-11,9.08,9.21,9.35,9.08,29449162.0,272674416.0,1.8805309734513553,0.1700000000000017,0.0739916170665011,2.98672566371681,398006736.0
2025-08-12,9.22,9.1,9.26,9.01,27779500.0,253013724.0,-1.1943539630836164,-0.11000000000000121,0.06979655741303836,2.7144408251900107,398006736.0
2025-08-13,9.09,9.05,9.09,8.96,24892690.0,225050030.0,-0.5494505494505364,-0.049999999999998934,0.06254338871289856,1.4285714285714177,398006736.0
2025-08-14,9.05,8.88,9.11,8.78,26848494.0,240946855.0,-1.8784530386740328,-0.16999999999999993,0.06745738594735744,3.6464088397790064,398006736.0
2025-08-15,8.84,9.01,9.02,8.84,17799440.0,160336329.0,1.4639639639639546,0.129999999999999,0.04472145416151952,2.0270270270270236,398006736.0
2025-08-18,9.03,9.18,9.23,9.03,30268167.0,277806231.0,1.8867924528301883,0.16999999999999993,0.07604938374711326,2.2197558268590574,398006736.0
2025-08-19,9.12,9.44,9.66,9.05,57585891.0,541839276.0,2.8322440087146017,0.2599999999999998,0.14468571959043428,6.644880174291933,398006736.0
2025-08-20,9.4,9.35,9.45,9.22,29934007.0,279627533.0,-0.9533898305084776,-0.08999999999999986,0.07520979996680258,2.4364406779660874,398006736.0
2025-08-21,9.35,9.37,9.57,9.3,35193691.0,331360274.0,0.21390374331551332,0.019999999999999574,0.0884248627390065,2.887700534759354,398006736.0
2025-08-22,9.32,9.38,9.44,9.31,23812901.0,223514875.0,0.10672358591250486,0.010000000000001563,0.05983039694081962,1.3874066168623163,398006736.0
2025-08-25,9.43,9.5,9.56,9.39,36625926.0,348385395.0,1.2793176972281328,0.11999999999999922,0.09202338223743027,1.8123667377398713,398006736.0
2025-08-26,9.48,9.4,9.51,9.37,24589251.0,232533579.0,-1.0526315789473606,-0.09999999999999964,0.06178099206843574,1.473684210526322,398006736.0
2025-08-27,9.54,9.1,9.58,9.09,35805381.0,336336719.0,-3.191489361702138,-0.3000000000000007,0.08996174627557058,5.212765957446811,398006736.0
2025-08-28,9.08,9.13,9.21,8.78,28242096.0,255265291.0,0.3296703296703507,0.030000000000001137,0.07095883924939402,4.725274725274742,398006736.0
2025-08-29,9.12,8.97,9.15,8.94,20434900.0,184988063.0,-1.7524644030668113,-0.16000000000000014,0.05134310088661414,2.300109529025201,398006736.0
2025-09-01,8.94,8.91,9.01,8.86,17826100.0,159178859.0,-0.6688963210702448,-0.0600000000000005,0.04478843795246722,1.672240802675589,398006736.0
2025-09-02,8.88,8.81,8.99,8.55,27364400.0,239487991.0,-1.122334455667784,-0.09999999999999964,0.06875361024040558,4.938271604938266,398006736.0
2025-09-03,8.95,8.61,9.12,8.6,21836426.0,192627169.0,-2.2701475595913845,-0.20000000000000107,0.05486446339943352,5.902383654937566,398006736.0
2025-09-04,8.62,8.61,8.87,8.54,23111009.0,202121955.0,0.0,0.0,0.058066879049001825,3.832752613240419,398006736.0
2025-09-05,8.62,8.69,8.7,8.42,17981680.0,154953428.0,0.9291521486643362,0.08000000000000007,0.04517933585928053,3.252032520325196,398006736.0
2025-09-08,8.7,8.92,8.92,8.68,20777269.0,184063635.0,2.6467203682393636,0.23000000000000043,0.05220330994599046,2.7617951668584606,398006736.0
2025-09-09,8.88,8.78,8.92,8.71,12912600.0,113962324.0,-1.5695067264574036,-0.14000000000000057,0.032443169504548286,2.3542600896860884,398006736.0
2025-09-10,8.79,8.82,8.97,8.78,13587440.0,120564114.0,0.4555808656036442,0.040000000000000924,0.03413871869746446,2.164009111617327,398006736.0
2025-09-11,8.81,8.95,8.95,8.68,19419991.0,172445465.0,1.473922902494329,0.129999999999999,0.04879312143099005,3.0612244897959133,398006736.0
2025-09-12,8.95,8.87,9.02,8.85,16497023.0,147685845.0,-0.893854748603351,-0.08000000000000007,0.04144910502218234,1.8994413407821222,398006736.0
2025-09-15,8.86,8.9,8.97,8.76,14739329.0,131072768.0,0.33821871476888976,0.030000000000001137,0.03703286318249649,2.3675310033821972,398006736.0
2025-09-16,8.92,9.2,9.22,8.9,29255300.0,266733401.0,3.3707865168539186,0.29999999999999893,0.0735045348579226,3.595505617977531,398006736.0
2025-09-17,9.19,9.34,9.42,9.13,35168340.0,328474537.0,1.521739130434785,0.14000000000000057,0.08836116783711923,3.152173913043469,398006736.0
2025-09-18,9.34,9.3,9.62,9.17,50553671.0,477272604.0,-0.4282655246252598,-0.03999999999999915,0.12701712415239122,4.817987152034254,398006736.0
2025-09-19,9.28,8.94,9.29,8.9,27666702.0,251107247.0,-3.8709677419354938,-0.3600000000000012,0.06951315014929797,4.193548387096761,398006736.0
2025-09-22,8.94,8.86,9.01,8.79,17666899.0,156951027.0,-0.8948545861297563,-0.08000000000000007,0.0443884422096816,2.4608501118568307,398006736.0
2025-09-23,8.8,8.65,8.85,8.47,21434799.0,184298142.0,-2.3702031602708673,-0.20999999999999908,0.05385536741267615,4.2889390519187245,398006736.0
2025-09-24,8.65,8.76,8.78,8.51,12897800.0,112022683.0,1.2716763005780285,0.10999999999999943,0.032405984204247236,3.1213872832369893,398006736.0
2025-09-25,8.75,8.62,8.84,8.6,13005900.0,113311686.0,-1.5981735159817378,-0.14000000000000057,0.03267758764766233,2.739726027397263,398006736.0
2025-09-26,8.59,8.41,8.6,8.41,13623921.0,115728747.0,-2.436194895591637,-0.20999999999999908,0.03423037795018625,2.204176334106723,398006736.0
2025-09-29,8.43,8.36,8.44,8.22,11349300.0,94700748.0,-0.5945303210463826,-0.05000000000000071,0.02851534653423554,2.6159334126040292,398006736.0
2025-09-30,8.37,8.29,8.42,8.28,11782403.0,98255540.0,-0.837320574162681,-0.07000000000000028,0.029603526609660195,1.6746411483253658,398006736.0
2025-10-09,8.3,8.25,8.32,8.21,13433140.0,110985812.0,-0.4825090470446214,-0.03999999999999915,0.03375103681662312,1.3268998793727316,398006736.0
2025-10-10,8.23,8.22,8.3,8.19,12882683.0,106407792.0,-0.3636363636363549,-0.02999999999999936,0.032368002435014066,1.333333333333348,398006736.0
2025-10-13,7.88,8.08,8.1,7.68,15699900.0,124989272.0,-1.7031630170316392,-0.14000000000000057,0.039446317310569336,5.109489051094889,398006736.0
2025-10-14,8.1,7.98,8.18,7.91,12849295.0,103389113.0,-1.2376237623762387,-0.09999999999999964,0.032284114407551134,3.341584158415836,398006736.0
2025-10-15,7.96,8.05,8.05,7.89,7690200.0,61588294.0,0.8771929824561431,0.07000000000000028,0.019321783538859504,2.0050125313283336,398006736.0
2025-10-16,8.05,7.91,8.06,7.85,11134703.0,88374580.0,-1.7391304347826209,-0.14000000000000057,0.027976167217431215,2.6086956521739233,398006736.0
2025-10-17,7.94,7.68,7.94,7.67,10591100.0,82656914.0,-2.9077117572692823,-0.23000000000000043,0.026610353649894006,3.413400758533508,398006736.0
2025-10-20,7.74,7.85,7.86,7.72,8245000.0,64485279.0,2.213541666666674,0.16999999999999993,0.02071572979609069,1.822916666666674,398006736.0
2025-10-21,7.84,8.1,8.18,7.8,14651280.0,117916494.0,3.1847133757961776,0.25,0.03681163828342845,4.84076433121019,398006736.0
2025-10-22,8.06,8.09,8.18,8.06,11163400.0,90769835.0,-0.12345679012345512,-0.009999999999999787,0.02804826901221089,1.4814814814814719,398006736.0
2025-10-23,8.05,8.12,8.13,7.99,7503600.0,60513440.0,0.3708281829418958,0.02999999999999936,0.01885294725263142,1.7305315203955574,398006736.0
2025-10-24,8.14,8.08,8.17,8.07,6437200.0,52247298.0,-0.49261083743841194,-0.03999999999999915,0.016173595614723466,1.2315270935960547,398006736.0
2025-10-27,8.14,8.09,8.15,8.02,7800500.0,63138708.0,0.12376237623761277,0.009999999999999787,0.019598914526913938,1.6089108910891188,398006736.0
2025-10-28,8.11,8.1,8.26,8.04,8964363.0,72885769.0,0.12360939431397266,0.009999999999999787,0.02252314392990575,2.719406674907301,398006736.0
2025-10-29,8.27,8.27,8.31,8.11,20764640.0,170946323.0,2.0987654320987703,0.16999999999999993,0.05217157932724033,2.469135802469149,398006736.0
2025-10-30,8.24,8.15,8.26,8.11,12161239.0,99620657.0,-1.4510278113663788,-0.11999999999999922,0.03055535974647424,1.813784764207985,398006736.0
2025-10-31,8.15,8.38,8.59,8.14,23394120.0,195794513.0,2.822085889570558,0.23000000000000043,0.058778201180997094,5.521472392638028,398006736.0
2025-11-03,8.34,8.44,8.44,8.3,15394815.0,129286957.0,0.7159904534606021,0.05999999999999872,0.038679785057708166,1.6706443914081,398006736.0
2025-11-04,8.42,8.46,8.48,8.36,11420598.0,96449902.0,0.23696682464455776,0.02000000000000135,0.02869448420591555,1.4218009478673106,398006736.0
2025-11-05,8.39,8.49,8.49,8.33,10406900.0,88119109.0,0.35460992907800915,0.02999999999999936,0.026147547412363394,1.8912529550827437,398006736.0
2025-11-06,8.47,8.46,8.49,8.36,10110100.0,85310852.0,-0.35335689045935537,-0.02999999999999936,0.02540183139010994,1.5312131919905863,398006736.0
2025-11-07,8.45,8.31,8.46,8.3,9269811.0,77560512.0,-1.773049645390079,-0.15000000000000036,0.02329058822763241,1.8912529550827437,398006736.0
2025-11-10,8.31,8.34,8.37,8.31,6941600.0,57952388.0,0.3610108303248927,0.02999999999999936,0.017440910849307836,0.7220216606498041,398006736.0
2025-11-11,8.34,8.27,8.35,8.25,6927026.0,57517699.0,-0.8393285371702697,-0.07000000000000028,0.017404293378592468,1.199040767386087,398006736.0
2025-11-12,8.27,8.16,8.31,8.13,7979900.0,65471647.0,-1.3301088270858408,-0.10999999999999943,0.020049660667049614,2.1765417170495733,398006736.0
2025-11-13,8.18,8.21,8.23,8.11,7038800.0,57754092.0,0.6127450980392135,0.05000000000000071,0.01768512782155526,1.4705882352941297,398006736.0
2025-11-14,8.17,8.1,8.24,8.09,7067500.0,57783053.0,-1.3398294762484886,-0.11000000000000121,0.017757237153895808,1.8270401948842916,398006736.0
2025-11-17,8.1,8.32,8.34,8.09,11789920.0,97465596.0,2.716049382716057,0.22000000000000064,0.02962241322468472,3.08641975308642,398006736.0
2025-11-18,8.27,8.26,8.34,8.21,7611600.0,63015039.0,-0.7211538461538547,-0.0600000000000005,0.01912429944401745,1.562499999999988,398006736.0
2025-11-19,8.26,8.13,8.29,8.11,8262400.0,67636546.0,-1.5738498789346078,-0.129999999999999,0.020759447649147326,2.1791767554479384,398006736.0
2025-11-20,8.14,8.09,8.2,8.05,6913904.0,56149323.0,-0.49200492004921603,-0.040000000000000924,0.017371324087339064,1.8450184501844842,398006736.0
2025-11-21,8.03,7.87,8.16,7.84,10937584.0,87288884.0,-2.7194066749072876,-0.21999999999999975,0.027480901730266193,3.955500618046975,398006736.0
2025-11-24,7.89,8.11,8.16,7.85,8879040.0,71377684.0,3.0495552731893083,0.23999999999999932,0.022308768161149916,3.9390088945362196,398006736.0
2025-11-25,8.15,8.33,8.46,8.14,15059300.0,125811817.0,2.71270036991369,0.22000000000000064,0.0378367968124037,3.9457459926017298,398006736.0
2025-11-26,8.29,8.15,8.36,8.12,11015300.0,90677453.0,-2.1608643457382892,-0.17999999999999972,0.027676164757171346,2.881152460984396,398006736.0
2025-11-27,8.15,8.14,8.25,8.12,6926000.0,56750214.0,-0.12269938650306678,-0.009999999999999787,0.0174017155327743,1.5950920245398867,398006736.0
2025-11-28,8.16,8.28,8.34,8.1,10782500.0,88934629.0,1.7199017199017064,0.1399999999999988,0.02709125003351702,2.948402948402951,398006736.0
2025-12-01,8.33,8.36,8.62,8.26,16585200.0,139200886.0,0.9661835748792313,0.08000000000000007,0.04167065152384758,4.347826086956515,398006736.0
2025-12-02,8.31,8.3,8.36,8.25,10748100.0,89287932.0,-0.7177033492822837,-0.05999999999999872,0.02700481933551999,1.315789473684204,398006736.0
2025-12-03,8.27,8.1,8.34,8.06,10052500.0,81905667.0,-2.4096385542168752,-0.20000000000000107,0.025257110221370727,3.3734939759036062,398006736.0
2025-12-04,8.13,8.06,8.24,7.95,9910203.0,80200044.0,-0.49382716049382047,-0.03999999999999915,0.0248995861215776,3.5802469135802477,398006736.0
2025-12-05,8.08,8.17,8.18,7.99,7619787.0,61903772.0,1.3647642679900596,0.10999999999999943,0.019144869447636687,2.3573200992555767,398006736.0
2025-12-08,8.18,8.19,8.27,8.17,6677700.0,54909048.0,0.244798041615657,0.019999999999999574,0.0167778567446155,1.2239902080783311,398006736.0
2025-12-09,8.18,8.18,8.31,8.14,7342820.0,60474181.0,-0.12210012210012167,-0.009999999999999787,0.01844898424030693,2.075702075702075,398006736.0
2025-12-10,8.18,8.24,8.41,8.09,16865300.0,139397062.0,0.7334963325183352,0.0600000000000005,0.04237440845724782,3.911980440097803,398006736.0
2025-12-11,8.23,7.9,8.27,7.89,18983500.0,151751658.0,-4.126213592233007,-0.33999999999999986,0.04769642893682081,4.611650485436892,398006736.0
2025-12-12,7.89,7.84,7.93,7.74,9950770.0,78156252.0,-0.75949367088608,-0.0600000000000005,0.02500151153220683,2.4050632911392342,398006736.0
2025-12-15,7.84,7.82,7.88,7.69,7846400.0,61401745.0,-0.25510204081632404,-0.019999999999999574,0.019714239208253,2.423469387755096,398006736.0
2025-12-16,7.8,7.65,7.81,7.64,8643211.0,66622807.0,-2.1739130434782594,-0.16999999999999993,0.02171624301353533,2.17391304347826,398006736.0
2025-12-17,7.64,7.68,7.68,7.47,9242170.0,70002005.0,0.39215686274509665,0.02999999999999936,0.02322113965427962,2.7450980392156854,398006736.0
2025-12-18,7.63,7.76,7.84,7.6,7648200.0,59565147.0,1.041666666666674,0.08000000000000007,0.019216257686653825,3.1250000000000027,398006736.0
2025-12-19,7.74,7.88,7.93,7.74,6968587.0,54772103.0,1.546391752577314,0.1200000000000001,0.017508716234390567,2.448453608247416,398006736.0
2025-12-22,7.96,7.89,8.04,7.88,8009970.0,63767114.0,0.12690355329949554,0.009999999999999787,0.0201252121521883,2.0304568527918687,398006736.0
2025-12-23,7.9,7.8,7.9,7.77,6671200.0,52289668.0,-1.1406844106463865,-0.08999999999999986,0.016761525362726525,1.64765525982257,398006736.0
2025-12-24,7.81,7.9,7.93,7.74,6280200.0,49430422.0,1.2820512820512997,0.10000000000000053,0.015779129929097482,2.4358974358974295,398006736.0
2025-12-25,8.07,8.14,8.21,7.96,23980285.0,194662068.0,3.037974683544298,0.2400000000000002,0.06025095263714331,3.164556962025328,398006736.0
2025-12-26,8.14,8.22,8.43,8.11,21666468.0,178977544.0,0.9828009828009909,0.08000000000000007,0.054437440475881796,3.9312039312039344,398006736.0
2025-12-29,8.17,8.3,8.33,8.09,16315733.0,134572006.0,0.9732360097323589,0.08000000000000007,0.04099361021869741,2.9197080291970825,398006736.0
2025-12-30,8.43,8.58,8.95,8.34,61459729.0,529293427.0,3.3734939759036076,0.27999999999999936,0.15441881616797562,7.349397590361438,398006736.0
2025-12-31,8.68,8.53,8.94,8.52,48436930.0,420875978.0,-0.5827505827505908,-0.05000000000000071,0.12171164374514926,4.895104895104894,397964636.0
2026-01-05,8.35,8.49,8.52,8.3,35223287.0,296164466.0,-0.4689331770222682,-0.03999999999999915,0.08850858547139852,2.579132473622496,397964636.0
2026-01-06,8.49,8.35,8.53,8.34,23055282.0,193689480.0,-1.6489988221437102,-0.14000000000000057,0.057932991814880756,2.237926972909299,397964636.0
2026-01-07,8.35,8.24,8.55,8.21,20768569.0,173086174.0,-1.3173652694610682,-0.10999999999999943,0.05218697120615511,4.071856287425148,397964636.0
2026-01-08,8.27,8.51,8.64,8.19,32120430.0,271639141.0,3.2766990291262177,0.2699999999999996,0.0807117695754253,5.461165048543702,397964636.0
2026-01-09,8.44,8.68,8.68,8.43,33205800.0,284606986.0,1.9976498237367801,0.16999999999999993,0.08343907220942114,2.937720329024677,397964636.0
2026-01-12,8.68,8.86,8.88,8.68,33103710.0,291714503.0,2.073732718894017,0.17999999999999972,0.08318254187791702,2.3041474654378002,397964636.0
2026-01-13,8.98,9.06,9.73,8.83,76639506.0,708544695.0,2.257336343115135,0.20000000000000107,0.19257868430299419,10.158013544018063,397964636.0
2026-01-14,8.92,9.14,9.33,8.89,59924854.0,548623273.0,0.8830022075055233,0.08000000000000007,0.15057833932761805,4.856512141280348,397964636.0
2026-01-15,8.98,8.86,9.12,8.77,35352857.0,315424326.0,-3.063457330415764,-0.28000000000000114,0.08883416716454172,3.829321663019689,397964636.0
2026-01-16,8.82,8.7,8.85,8.48,26554550.0,230145246.0,-1.8058690744921058,-0.16000000000000014,0.06672590375593071,4.176072234762971,397964636.0
2026-01-19,8.68,8.73,8.8,8.59,17214700.0,150485232.0,0.34482758620690834,0.030000000000001137,0.04325685863203182,2.413793103448286,397964636.0
2026-01-20,8.73,8.61,8.81,8.55,16723500.0,144533297.0,-1.3745704467354014,-0.120000000000001,0.04202257810666373,2.978235967926687,397964636.0
2026-01-21,8.53,8.67,8.7,8.52,15543400.0,134701947.0,0.6968641114982743,0.0600000000000005,0.03905723924675558,2.09059233449477,397964636.0
2026-01-22,8.68,8.64,8.72,8.55,14784213.0,127752086.0,-0.34602076124566894,-0.02999999999999936,0.037149564716599595,1.9607843137254894,397964636.0
2026-01-23,8.65,8.72,8.75,8.58,19092500.0,166177563.0,0.92592592592593,0.08000000000000007,0.04797536834403547,1.9675925925925917,397964636.0
2026-01-26,8.8,8.29,8.8,8.15,30308405.0,254431782.0,-4.931192660550476,-0.4300000000000015,0.07615853836821823,7.4541284403669765,397964636.0
2026-01-27,8.21,8.3,8.33,8.04,18491240.0,151918060.0,0.12062726176118588,0.010000000000001563,0.04646453058205906,3.4981905910735938,397964636.0
2026-01-28,8.23,8.13,8.31,8.1,13291265.0,108849792.0,-2.048192771084334,-0.16999999999999993,0.033398105755306357,2.530120481927721,397964636.0
2026-01-29,8.09,8.11,8.31,7.98,14237201.0,116606533.0,-0.24600246002461912,-0.02000000000000135,0.03577504057420821,4.059040590405905,397964636.0
2026-01-30,8.08,7.99,8.13,7.96,16149673.0,129746337.0,-1.4796547472256338,-0.11999999999999922,0.040580673605380355,2.0961775585696776,397964636.0
2026-02-02,7.98,7.87,8.06,7.87,13976931.0,111594724.0,-1.5018773466833557,-0.1200000000000001,0.035121037739644784,2.3779724655819825,397964636.0
2026-02-03,7.97,8.0,8.02,7.89,9976470.0,79565049.0,1.6518424396442244,0.1299999999999999,0.02506873500187087,1.651842439644217,397964636.0
2026-02-04,7.98,7.93,8.01,7.87,10869100.0,86282574.0,-0.8750000000000036,-0.07000000000000028,0.027311723245680552,1.749999999999996,397964636.0
2026-02-05,7.91,7.89,8.02,7.88,12124700.0,96325962.0,-0.5044136191677207,-0.040000000000000036,0.030466777455070152,1.7654476670870074,397964636.0
2026-02-06,7.83,7.92,8.0,7.79,10448034.0,82810206.0,0.3802281368821214,0.03000000000000025,0.026253674459657265,2.6615969581749046,397964636.0
2026-02-09,8.03,8.18,8.19,8.0,16366400.0,132576615.0,3.2828282828282873,0.2599999999999998,0.041125262195407734,2.3989898989898926,397964636.0
2026-02-10,8.24,8.48,8.57,8.14,38851088.0,328117426.0,3.6674816625916984,0.3000000000000007,0.09762447334642066,5.256723716381415,397964636.0
2026-02-11,8.4,8.42,8.49,8.35,23051441.0,194365203.0,-0.7075471698113289,-0.0600000000000005,0.05792334020352502,1.6509433962264217,397964636.0
2026-02-12,8.41,8.31,8.44,8.23,15902700.0,132486835.0,-1.306413301662701,-0.10999999999999943,0.039960083287400444,2.4940617577197037,397964636.0
2026-02-13,8.32,8.42,8.63,8.32,18389734.0,156257542.0,1.3237063778579916,0.10999999999999943,0.04620946771762906,3.73044524669074,397964636.0
2026-02-24,8.61,8.3,8.65,8.28,23969339.0,200906861.0,-1.4251781472684022,-0.11999999999999922,0.06022982152615189,4.394299287410938,397964636.0
2026-02-25,8.31,8.27,8.41,8.24,15597294.0,129912777.0,-0.3614457831325413,-0.030000000000001137,0.03919266334006623,2.048192771084336,397964636.0
2026-02-26,8.27,8.2,8.29,8.16,15152900.0,124603716.0,-0.846432889963733,-0.07000000000000028,0.0380759962802323,1.5719467956469046,397964636.0
2026-02-27,8.15,8.33,8.38,8.12,17125500.0,142328955.0,1.585365853658538,0.13000000000000078,0.04303271811317426,3.170731707317093,397964636.0
2026-03-02,8.18,7.83,8.19,7.82,29254600.0,232311648.0,-6.002400960384158,-0.5,0.07351055182702214,4.441776710684264,397964636.0
2026-03-03,7.82,7.44,7.88,7.43,20003100.0,152803350.0,-4.980842911877392,-0.3899999999999997,0.05026351135380783,5.7471264367816115,397964636.0
2026-03-04,7.37,7.35,7.5,7.26,13140855.0,96928088.0,-1.2096774193548487,-0.09000000000000075,0.0330201576001341,3.2258064516129057,397964636.0
2026-03-05,7.49,7.61,7.74,7.48,14366300.0,109178044.0,3.5374149659864074,0.2600000000000007,0.03609943874510498,3.5374149659863923,397964636.0
2026-03-06,7.56,7.66,7.67,7.51,10537510.0,80378742.0,0.6570302233902758,0.04999999999999982,0.02647850850747452,2.102496714848885,397964636.0
2026-03-09,7.54,7.67,7.67,7.45,11084200.0,83732887.0,0.13054830287206887,0.009999999999999787,0.027852223532746263,2.872062663185375,397964636.0
2026-03-10,7.73,7.76,7.83,7.69,9513250.0,73777669.0,1.1734028683181297,0.08999999999999986,0.023904762231184783,1.8252933507170752,397964636.0
2026-03-11,7.76,7.64,7.79,7.63,8296683.0,63821053.0,-1.5463917525773252,-0.1200000000000001,0.020847789601084053,2.061855670103095,397964636.0
2026-03-12,7.63,7.5,7.64,7.48,9178680.0,69286293.0,-1.8324607329842868,-0.13999999999999968,0.023064059390442922,2.0942408376963253,397964636.0
2026-03-13,7.48,7.39,7.53,7.37,9045500.0,67382382.0,-1.4666666666666717,-0.11000000000000032,0.02272940653952981,2.1333333333333355,397964636.0
2026-03-16,7.43,7.49,7.49,7.38,7435600.0,55331235.0,1.3531799729364025,0.10000000000000053,0.018684072219924585,1.488497970230045,397964636.0
2026-03-17,7.52,7.33,7.55,7.32,7451400.0,55475185.0,-2.1361815754339153,-0.16000000000000014,0.01872377424008097,3.070761014686242,397964636.0
2026-03-18,7.39,7.47,7.47,7.31,7426440.0,54975371.0,1.9099590723055782,0.13999999999999968,0.018661055099378227,2.1828103683492515,397964636.0
2026-03-19,7.39,7.29,7.44,7.27,8199500.0,60340350.0,-2.409638554216864,-0.17999999999999972,0.020603589510903176,2.2757697456492747,397964636.0
2026-03-20,7.34,7.03,7.35,7.02,10943160.0,78151509.0,-3.566529492455417,-0.2599999999999998,0.02749782018319839,4.526748971193417,397964636.0
2026-03-23,7.04,6.71,7.17,6.63,15828300.0,109375595.0,-4.551920341394034,-0.3200000000000003,0.03977313200261342,7.681365576102419,397964636.0
2026-03-24,6.92,6.98,6.99,6.72,12284050.0,84435190.0,4.023845007451565,0.27000000000000046,0.030867189917849886,4.0238450074515715,397964636.0
2026-03-25,7.08,7.13,7.13,7.01,7619650.0,54029188.0,2.1489971346704717,0.14999999999999947,0.019146550499024743,1.7191977077363911,397964636.0
2026-03-26,7.12,7.02,7.21,6.99,7715000.0,54618725.0,-1.5427769985974837,-0.11000000000000032,0.019386144652310262,3.0855539971949475,397964636.0
2026-03-27,6.99,7.11,7.13,6.94,6170700.0,43684172.0,1.2820512820512997,0.09000000000000075,0.01550564909993661,2.7065527065526997,397964636.0
2026-03-30,7.01,7.19,7.2,6.99,7265800.0,51736272.0,1.1251758087201136,0.08000000000000007,0.01825740114254775,2.953586497890295,397964636.0
2026-03-31,7.17,7.07,7.24,7.06,5847600.0,41859411.0,-1.6689847009735748,-0.1200000000000001,0.014693767915599416,2.50347705146037,397964636.0
2026-04-01,7.19,7.12,7.21,7.07,5703291.0,40634296.0,0.7072135785006983,0.04999999999999982,0.014331150268336907,1.9801980198019757,397964636.0
2026-04-02,7.12,6.99,7.14,6.95,6252059.0,44011144.0,-1.8258426966292096,-0.1299999999999999,0.01571008686309504,2.6685393258426897,397964636.0
2026-04-03,7.01,6.83,7.04,6.83,7177600.0,49609521.0,-2.288984263233196,-0.16000000000000014,0.018035773409776037,3.0042918454935617,397964636.0
2026-04-07,6.82,6.91,6.95,6.82,5469700.0,37799271.0,1.171303074670571,0.08000000000000007,0.013744186053757802,1.9033674963396763,397964636.0
2026-04-08,7.06,7.25,7.25,7.02,9460330.0,67912862.0,4.920405209840806,0.33999999999999986,0.023771785591521755,3.328509406657025,397964636.0
2026-04-09,7.19,7.01,7.21,7.0,9298500.0,65898198.0,-3.310344827586209,-0.2400000000000002,0.02336514141924912,2.8965517241379306,397964636.0
2026-04-10,7.07,7.15,7.3,7.05,11774000.0,84768090.0,1.9971469329529423,0.14000000000000057,0.02958554337476358,3.566333808844508,397964636.0
2026-04-13,7.09,7.08,7.15,7.06,8234500.0,58430099.0,-0.9790209790209836,-0.07000000000000028,0.020691537023907823,1.258741258741269,397964636.0
2026-04-14,7.15,7.1,7.16,7.02,7232312.0,51278930.0,0.28248587570620654,0.019999999999999574,0.018173252962104904,1.977401129943511,397964636.0
2026-04-15,7.11,6.99,7.13,6.97,6702200.0,47254732.0,-1.5492957746478742,-0.10999999999999943,0.016841194904564333,2.2535211267605657,397964636.0
2026-04-16,7.01,7.09,7.12,6.98,8369280.0,59221163.0,1.4306151645207432,0.09999999999999964,0.021030210332558294,2.002861230329037,397964636.0
2026-04-17,7.06,7.0,7.09,6.93,10033859.0,70222612.0,-1.2693935119887145,-0.08999999999999986,0.025212941282551547,2.256699576868831,397964636.0
2026-04-20,7.0,7.14,7.14,6.96,9982470.0,70579737.0,2.0000000000000018,0.13999999999999968,0.025083811718385952,2.571428571428567,397964636.0
2026-04-21,7.1,6.98,7.16,6.94,10909666.0,76541476.0,-2.2408963585434094,-0.15999999999999925,0.027413656926039025,3.0812324929971955,397964636.0
2026-04-22,6.95,6.98,7.01,6.91,6361200.0,44262277.0,0.0,0.0,0.015984334849290478,1.4326647564469863,397964636.0
2026-04-23,6.95,6.88,6.99,6.86,8342200.0,57613733.0,-1.4326647564469996,-0.10000000000000053,0.020962164085353552,1.862464183381087,397964636.0
2026-04-24,6.84,6.92,6.96,6.74,8466300.0,58026522.0,0.5813953488372103,0.040000000000000036,0.021274000838607178,3.197674418604648,397964636.0
2026-04-27,6.92,6.96,6.97,6.68,11724400.0,80000909.0,0.5780346820809301,0.040000000000000036,0.029460909184905567,4.190751445086706,397964636.0
2026-04-28,6.87,6.7,6.92,6.67,10895900.0,73691985.0,-3.735632183908044,-0.2599999999999998,0.027379065912781254,3.5919540229885056,397964636.0
2026-04-29,6.71,6.84,6.95,6.7,11138600.0,76588280.0,2.0895522388059584,0.13999999999999968,0.027988919095816342,3.731343283582089,397964636.0
2026-04-30,6.8,6.84,6.88,6.75,7715000.0,52726334.0,0.0,0.0,0.019386144652310262,1.900584795321636,397964636.0
2026-05-06,6.89,6.84,6.94,6.8,10441510.0,71773321.0,0.0,0.0,0.0262372810432332,2.0467836257310026,397964636.0
2026-05-07,6.87,6.85,6.88,6.8,9099810.0,62383637.0,0.14619883040936088,0.009999999999999787,0.022865875951852164,1.1695906432748548,397964636.0
2026-05-08,6.86,7.23,7.24,6.83,25381426.0,178939633.0,5.547445255474459,0.3800000000000008,0.06377809409175744,5.9854014598540175,397964636.0
2026-05-11,7.59,7.31,7.71,7.29,46222090.0,342414499.0,1.1065006915629283,0.07999999999999918,0.1161462246107717,5.809128630705393,397964636.0
2026-05-12,7.25,7.04,7.27,7.01,25477298.0,180711159.0,-3.6935704514363787,-0.2699999999999996,0.06401899991937977,3.5567715458276306,397964636.0
2026-05-13,7.03,7.06,7.1,6.89,18771243.0,131727804.0,0.28409090909089496,0.019999999999999574,0.0471681182244545,2.982954545454545,397964636.0
2026-05-14,7.07,6.83,7.11,6.83,14587660.0,101028564.0,-3.257790368271951,-0.22999999999999954,0.03665566907306809,3.966005665722383,397964636.0
2026-05-15,6.8,6.9,6.97,6.77,11770600.0,81018537.0,1.024890190336758,0.07000000000000028,0.0295769999020717,2.92825768667643,397964636.0
2026-05-18,6.88,6.77,6.88,6.75,9867080.0,66997826.0,-1.8840579710145078,-0.13000000000000078,0.024793861331940056,1.8840579710144911,397964636.0
2026-05-19,6.77,7.03,7.25,6.75,18015055.0,126499380.0,3.840472673559825,0.2600000000000007,0.04526797953976996,7.385524372230429,397964636.0
2026-05-20,6.96,6.81,6.98,6.8,11914922.0,81539490.0,-3.1294452347084056,-0.22000000000000064,0.029939650215553323,2.560455192034148,397964636.0
2026-05-21,6.82,6.83,6.95,6.79,11800200.0,80809902.0,0.2936857562408246,0.020000000000000462,0.029651378370212773,2.349486049926581,397964636.0
2026-05-22,6.76,6.79,6.84,6.63,11728700.0,78745141.0,-0.5856515373352855,-0.040000000000000036,0.029471714165074707,3.074670571010248,397964636.0
2026-05-25,6.8,6.59,6.8,6.53,13217400.0,87869895.0,-2.945508100147276,-0.20000000000000018,0.03321249881107526,3.976435935198815,397964636.0
2026-05-26,6.72,6.77,6.89,6.67,16617484.0,112626062.0,2.73141122913505,0.17999999999999972,0.041756182576986565,3.3383915022761723,397964636.0
2026-05-27,6.74,6.53,6.74,6.49,12231384.0,80479017.0,-3.545051698670598,-0.23999999999999932,0.030734851525852664,3.6927621861152145,397964636.0
2026-05-28,6.49,6.44,6.57,6.3,10437800.0,66930126.0,-1.3782542113323082,-0.08999999999999986,0.026227958606854705,4.134762633996944,397964636.0
2026-05-29,6.39,6.23,6.44,6.22,10254004.0,64717181.0,-3.2608695652173947,-0.20999999999999996,0.025766118575420355,3.416149068322991,397964636.0
2026-06-01,6.22,6.43,6.49,6.21,13510800.0,86753727.0,3.21027287319422,0.1999999999999993,0.0339497502486628,4.494382022471913,397964636.0
2026-06-02,6.46,6.38,6.54,6.27,12235400.0,77889348.0,-0.7776049766718529,-0.04999999999999982,0.030744942874773425,4.199066874028001,397964636.0
2026-06-03,6.34,6.18,6.34,6.15,10744400.0,67143416.0,-3.1347962382445194,-0.20000000000000018,0.026998378820775423,2.9780564263322806,397964636.0
2026-06-04,6.15,6.1,6.21,5.99,9252820.0,56541571.0,-1.2944983818770184,-0.08000000000000007,0.023250357350847628,3.559870550161808,397964636.0
2026-06-05,6.1,6.22,6.41,6.0,11984100.0,74045853.0,1.967213114754096,0.1200000000000001,0.030113479731400054,6.721311475409839,397964636.0
2026-06-08,6.0,6.16,6.32,5.99,11138464.0,69069555.0,-0.9646302250803762,-0.05999999999999961,0.027988577356908666,5.305466237942123,397964636.0
2026-06-09,6.17,6.16,6.26,6.09,7800500.0,48187792.0,0.0,0.0,0.019600987862650188,2.7597402597402585,397964636.0
2026-06-10,6.09,5.97,6.15,5.91,9158600.0,55104716.0,-3.0844155844155896,-0.1900000000000004,0.023013602645839116,3.8961038961038996,397964636.0
2026-06-11,5.94,5.8,5.94,5.69,9221868.0,53392387.0,-2.8475711892797295,-0.16999999999999993,0.02317258159591849,4.1876046901172534,397964636.0
2026-06-12,5.86,5.87,5.92,5.74,8570700.0,50098688.0,1.206896551724146,0.07000000000000028,0.021536335705969613,3.103448275862064,397964636.0
2026-06-15,5.85,5.79,5.98,5.77,8515200.0,49812517.0,-1.3628620102214661,-0.08000000000000007,0.0213968760782051,3.5775127768313606,397964636.0
2026-06-16,5.76,5.81,5.85,5.66,10187110.0,58605501.0,0.3454231433505983,0.019999999999999574,0.025598028262993698,3.281519861830734,397964636.0
2026-06-17,5.75,5.6,5.78,5.56,11647300.0,65537553.0,-3.6144578313253017,-0.20999999999999996,0.029267173377686754,3.7865748709122315,397964636.0
2026-06-18,5.58,5.54,5.63,5.44,7953290.0,44102788.0,-1.0714285714285676,-0.05999999999999961,0.019984916448706765,3.3928571428571344,397964636.0
2026-06-22,5.55,5.53,5.56,5.34,12063090.0,65455521.0,-0.18050541516244634,-0.009999999999999787,0.030311964704321116,3.9711191335740024,397964636.0
2026-06-23,5.49,5.55,5.65,5.46,9235800.0,51551512.0,0.3616636528028794,0.019999999999999574,0.02320758973166651,3.4358047016274935,397964636.0
