date,open,close,high,low,volume,amount,pct_chg,change,turnover,amplitude,outstanding_share
2023-06-26,8.15,7.93,8.34,7.91,22303984.0,180381209.0,,,0.033788772244404006,,660100457.0
2023-06-27,7.98,8.21,8.23,7.92,19925064.0,162639304.0,3.5308953341740335,0.28000000000000114,0.030184896539164188,3.909205548549817,660100457.0
2023-06-28,8.22,8.78,9.02,7.86,78492739.0,678187641.0,6.942752740560265,0.5699999999999985,0.11891029337675493,14.12911084043848,660100457.0
2023-06-29,8.87,8.92,9.11,8.74,79903689.0,713809991.0,1.5945330296127658,0.14000000000000057,0.12104777106676053,4.214123006833705,660100457.0
2023-06-30,8.97,9.03,9.2,8.79,49337158.0,446296015.0,1.2331838565022402,0.10999999999999943,0.07251258052940726,4.596412556053813,680394459.0000001
2023-07-03,9.03,9.25,9.57,8.92,63299373.0,585996424.0,2.436323366555926,0.22000000000000064,0.09303334582270605,7.198228128460691,680394459.0000001
2023-07-04,9.17,9.17,9.28,9.02,35217505.0,323236401.0,-0.8648648648648671,-0.08000000000000007,0.05176042299309788,2.8108108108108083,680394459.0000001
2023-07-05,9.24,8.96,9.27,8.93,27316989.0,248364309.0,-2.2900763358778553,-0.20999999999999908,0.04014875288688968,3.707742639040348,680394459.0000001
2023-07-06,8.9,9.01,9.11,8.9,20576853.0,186454933.0,0.5580357142856984,0.049999999999998934,0.030242534647096527,2.34374999999999,680394459.0000001
2023-07-07,8.97,9.01,9.15,8.79,22245228.0,200475870.0,0.0,0.0,0.03269460488066672,3.9955604883462956,680394459.0000001
2023-07-10,9.03,9.04,9.11,8.94,15251263.0,137986032.0,0.33296337402886067,0.02999999999999936,0.022415325107754878,1.8867924528301878,680394459.0000001
2023-07-11,8.99,8.95,9.09,8.9,14675835.0,132023241.0,-0.9955752212389313,-0.08999999999999986,0.021569598055765467,2.1017699115044195,680394459.0000001
2023-07-12,8.89,8.7,9.03,8.69,18298931.0,162178527.0,-2.7932960893854775,-0.25,0.026894591450516203,3.7988826815642445,680394459.0000001
2023-07-13,8.72,8.73,8.84,8.69,12595569.0,110508636.0,0.34482758620690834,0.030000000000001137,0.018512156931013452,1.7241379310344869,680394459.0000001
2023-07-14,8.75,8.63,8.85,8.6,19417562.0,169996595.0,-1.145475372279492,-0.09999999999999964,0.028538683322816415,2.86368843069874,680394459.0000001
2023-07-17,8.62,8.58,8.7,8.49,12142200.0,104442564.0,-0.5793742757821629,-0.05000000000000071,0.017845824344080965,2.433371958285041,680394459.0000001
2023-07-18,8.6,8.54,8.67,8.49,11000600.0,94652437.0,-0.4662004662004726,-0.040000000000000924,0.016167974113381188,2.0979020979020944,680394459.0000001
2023-07-19,8.58,8.5,8.63,8.46,11519656.0,98497051.0,-0.4683840749414414,-0.03999999999999915,0.016930849226683663,1.9906323185011705,680394459.0000001
2023-07-20,8.5,8.33,8.57,8.28,17837136.0,150294091.0,-2.0000000000000018,-0.16999999999999993,0.026215874870903374,3.411764705882364,680394459.0000001
2023-07-21,8.35,8.35,8.48,8.31,10975654.0,92155438.0,0.24009603841537164,0.019999999999999574,0.016131310087579648,2.0408163265306114,680394459.0000001
2023-07-24,8.38,8.74,8.94,8.34,32120570.0,278715119.0,4.670658682634743,0.39000000000000057,0.04720874718352166,7.185628742514965,680394459.0000001
2023-07-25,8.74,8.92,8.99,8.68,24808081.0,220572795.0,2.0594965675057253,0.17999999999999972,0.03646132132889694,3.5469107551487475,680394459.0000001
2023-07-26,8.9,8.64,8.91,8.6,19367213.0,169401583.0,-3.139013452914796,-0.27999999999999936,0.02846468360201622,3.475336322869961,680394459.0000001
2023-07-27,8.64,8.23,8.64,8.0,27826718.0,231347779.0,-4.745370370370372,-0.41000000000000014,0.04089791977568118,7.407407407407414,680394459.0000001
2023-07-28,8.28,8.47,8.54,8.16,20698227.0,173948115.0,2.916160388821387,0.2400000000000002,0.030420922343225604,4.617253948967181,680394459.0000001
2023-07-31,8.45,8.39,8.58,8.37,14297961.0,121152957.0,-0.9445100354191216,-0.08000000000000007,0.021014223162566934,2.4793388429752166,680394459.0000001
2023-08-01,8.39,8.33,8.41,8.21,13655000.0,113228702.0,-0.715137067938032,-0.0600000000000005,0.020069240452177166,2.3837902264600626,680394459.0000001
2023-08-02,8.25,8.25,8.32,8.21,11217284.0,92838762.0,-0.9603841536614643,-0.08000000000000007,0.016486442315368707,1.320528211284507,680394459.0000001
2023-08-03,8.21,8.26,8.28,8.09,11570208.0,95137217.0,0.12121212121212199,0.009999999999999787,0.01700514730382306,2.303030303030297,680394459.0000001
2023-08-04,8.27,8.68,8.81,8.24,37188384.0,321561985.0,5.084745762711873,0.41999999999999993,0.0546570941430903,6.90072639225182,680394459.0000001
2023-08-07,8.71,8.81,8.95,8.59,28293811.0,249121163.0,1.497695852534564,0.13000000000000078,0.041584423014826455,4.1474654377880125,680394459.0000001
2023-08-08,8.82,8.62,8.85,8.6,16174500.0,141230235.0,-2.156640181611824,-0.19000000000000128,0.02377223945029217,2.837684449489217,680394459.0000001
2023-08-09,8.61,8.97,9.47,8.61,56800934.0,514498382.0,4.060324825986106,0.3500000000000014,0.08348235828299123,9.976798143851523,680394459.0000001
2023-08-10,8.88,9.02,9.05,8.8,42296934.0,378522023.0,0.557413600891854,0.049999999999998934,0.062165312254549084,2.7870680044593086,680394459.0000001
2023-08-11,8.87,8.67,9.0,8.65,29901189.0,264176027.0,-3.880266075388028,-0.34999999999999964,0.04394684378227718,3.880266075388023,680394459.0000001
2023-08-14,8.46,8.77,8.78,8.44,21710232.0,188274026.0,1.1534025374855705,0.09999999999999964,0.03190830218092649,3.921568627450979,680394459.0000001
2023-08-15,8.77,8.79,8.99,8.55,30542311.0,266888974.0,0.22805017103761926,0.019999999999999574,0.0448891236487862,5.017103762827817,680394459.0000001
2023-08-16,8.68,8.45,8.69,8.36,30537128.0,260299102.0,-3.868031854379972,-0.33999999999999986,0.04488150600885478,3.754266211604097,680394459.0000001
2023-08-17,8.34,8.64,8.64,8.28,23715966.0,202538695.0,2.2485207100591875,0.19000000000000128,0.03485620096738618,4.2603550295858135,680394459.0000001
2023-08-18,8.67,8.3,8.71,8.29,23429988.0,198317584.0,-3.935185185185186,-0.33999999999999986,0.03443588890249912,4.86111111111113,680394459.0000001
2023-08-21,8.26,8.24,8.53,8.18,15456002.0,129399580.0,-0.7228915662650715,-0.0600000000000005,0.022716237317270682,4.216867469879514,680394459.0000001
2023-08-22,8.24,8.37,8.42,8.2,18288307.0,152151305.0,1.577669902912615,0.129999999999999,0.026878976978852786,2.669902912621367,680394459.0000001
2023-08-23,8.34,8.33,8.52,8.23,18661600.0,156319522.0,-0.4778972520907865,-0.03999999999999915,0.02742761901298787,3.4647550776582934,680394459.0000001
2023-08-24,8.35,8.1,8.41,8.08,22976055.0,189081314.0,-2.7611044417767183,-0.23000000000000043,0.033768727384653786,3.9615846338535423,680394459.0000001
2023-08-25,8.06,7.82,8.15,7.79,21559268.0,171678064.0,-3.4567901234567877,-0.27999999999999936,0.03168642500658577,4.444444444444449,680394459.0000001
2023-08-28,8.29,8.01,8.39,7.92,27621007.0,225500060.0,2.4296675191815886,0.1899999999999995,0.040595578983102794,6.010230179028141,680394459.0000001
2023-08-29,7.94,8.11,8.16,7.8,24328893.0,196342732.0,1.2484394506866447,0.09999999999999964,0.03575704163693078,4.494382022471914,680394459.0000001
2023-08-30,8.05,8.12,8.17,8.03,19089287.0,155048369.0,0.12330456226881115,0.009999999999999787,0.028056205848672258,1.7262638717632623,680394459.0000001
2023-08-31,8.08,7.93,8.1,7.92,13841460.0,110966589.0,-2.3399014778325067,-0.1899999999999995,0.020343287363543915,2.216748768472903,680394459.0000001
2023-09-01,7.97,7.79,8.0,7.77,15165000.0,119341802.0,-1.7654476670870056,-0.13999999999999968,0.022288541300422314,2.900378310214381,680394459.0000001
2023-09-04,7.78,8.06,8.06,7.78,17471261.0,139361125.0,3.4659820282413323,0.27000000000000046,0.02567813533590225,3.594351732991017,680394459.0000001
2023-09-05,8.06,8.03,8.07,7.92,12017457.0,96354694.0,-0.3722084367245748,-0.030000000000001137,0.017662485108509676,1.8610421836228332,680394459.0000001
2023-09-06,8.0,7.88,8.0,7.82,13796844.0,109016053.0,-1.8679950186799466,-0.14999999999999947,0.020277713637288745,2.2415940224159367,680394459.0000001
2023-09-07,7.88,7.61,7.88,7.58,22037641.0,169844416.0,-3.426395939086291,-0.2699999999999996,0.032389506863988136,3.807106598984769,680394459.0000001
2023-09-08,7.61,7.72,7.73,7.47,13462891.0,102817810.0,1.4454664914586024,0.10999999999999943,0.019786891004060923,3.4165571616294437,680394459.0000001
2023-09-11,7.69,8.01,8.1,7.58,29402630.0,232830506.0,3.756476683937815,0.29000000000000004,0.043214093840820055,6.735751295336782,680394459.0000001
2023-09-12,7.92,8.3,8.38,7.92,35999618.0,296680527.0,3.6204744069912698,0.2900000000000009,0.05290992236019958,5.742821473158562,680394459.0000001
2023-09-13,8.29,8.16,8.32,8.02,23647712.0,193291436.0,-1.6867469879518149,-0.14000000000000057,0.03475588562957418,3.6144578313253093,680394459.0000001
2023-09-14,8.12,8.09,8.27,8.05,14129453.0,115608659.0,-0.85784313725491,-0.07000000000000028,0.020766560945788062,2.696078431372535,680394459.0000001
2023-09-15,8.09,8.2,8.36,8.08,14447343.0,118321991.0,1.3597033374536327,0.10999999999999943,0.021233775215091805,3.4610630407910925,680394459.0000001
2023-09-18,8.16,8.48,8.55,8.06,31342734.0,262751281.0,3.4146341463414887,0.28000000000000114,0.046065533875842446,5.9756097560975645,680394459.0000001
2023-09-19,8.58,8.51,8.66,8.39,32487944.0,277837437.0,0.3537735849056478,0.02999999999999936,0.04774868985227876,3.1839622641509386,680394459.0000001
2023-09-20,8.52,8.63,8.7,8.46,32247070.0,278825379.0,1.4101057579318566,0.120000000000001,0.04739466874464948,2.8202115158636714,680394459.0000001
2023-09-21,8.63,8.43,8.72,8.38,25644298.0,218516627.0,-2.3174971031286296,-0.20000000000000107,0.037690339274206223,3.9397450753186543,680394459.0000001
2023-09-22,8.37,9.0,9.03,8.34,54462830.0,481781869.0,6.761565836298944,0.5700000000000003,0.08004596345485522,8.185053380782913,680394459.0000001
2023-09-25,8.97,8.55,8.97,8.46,58414946.0,505101896.0,-4.999999999999993,-0.4499999999999993,0.08585452927681762,5.666666666666664,680394459.0000001
2023-09-26,8.39,8.55,8.81,8.29,39469635.0,336849690.0,0.0,0.0,0.05800993008968639,6.0818713450292545,680394459.0000001
2023-09-27,8.3,8.26,8.47,8.23,29163736.0,243746054.0,-3.3918128654970903,-0.2900000000000009,0.04286298280979974,2.807017543859651,680394459.0000001
2023-09-28,8.3,8.25,8.41,8.19,20078453.0,166560094.0,-0.1210653753026647,-0.009999999999999787,0.029510018393609515,2.6634382566586035,680394459.0000001
2023-10-09,8.28,8.19,8.29,8.08,14314500.0,117580328.0,-0.727272727272732,-0.0600000000000005,0.021038531120665692,2.5454545454545343,680394459.0000001
2023-10-10,8.18,8.37,8.43,8.16,20991657.0,175350437.0,2.19780219780219,0.17999999999999972,0.030852186878259094,3.296703296703292,680394459.0000001
2023-10-11,8.35,8.63,8.95,8.24,40937015.0,354669090.0,3.1063321385902176,0.26000000000000156,0.060166590804055904,8.4826762246117,680394459.0000001
2023-10-12,8.78,8.87,9.14,8.78,57484499.0,515386955.0,2.78099652375432,0.23999999999999844,0.08448701814016388,4.171494785631531,680394459.0000001
2023-10-13,8.84,8.65,8.87,8.59,39838168.0,347954228.0,-2.480270574971799,-0.21999999999999886,0.05855157618207469,3.156708004509576,680394459.0000001
2023-10-16,8.64,8.61,8.78,8.51,26989900.0,233739698.0,-0.46242774566475076,-0.040000000000000924,0.03966801851923958,3.1213872832369893,680394459.0000001
2023-10-17,8.66,8.99,9.0,8.53,56281314.0,497471356.0,4.413472706155641,0.3800000000000008,0.0827186542387759,5.458768873403027,680394459.0000001
2023-10-18,8.85,8.7,8.86,8.58,37015246.0,321673224.0,-3.2258064516129115,-0.2900000000000009,0.05440262705020059,3.1145717463848652,680394459.0000001
2023-10-19,8.59,8.4,8.71,8.4,26235823.0,224379208.0,-3.44827586206895,-0.29999999999999893,0.038559724661132194,3.563218390804604,680394459.0000001
2023-10-20,8.38,8.13,8.44,8.06,26079325.0,214070231.0,-3.214285714285714,-0.2699999999999996,0.038329713969643006,4.523809523809512,680394459.0000001
2023-10-23,8.12,7.97,8.13,7.9,16463962.0,132118945.0,-1.9680196801968197,-0.16000000000000103,0.024197672074222458,2.829028290282908,680394459.0000001
2023-10-24,8.01,8.77,8.77,8.01,43169894.0,366833022.0,10.037641154328725,0.7999999999999998,0.06344833269725378,9.535759096612294,680394459.0000001
2023-10-25,8.8,8.83,9.07,8.71,64600750.0,575257487.0,0.68415051311288,0.0600000000000005,0.09494602600812772,4.104903078677303,680394459.0000001
2023-10-26,8.85,8.8,8.88,8.68,30902547.0,271958893.0,-0.3397508493771184,-0.02999999999999936,0.04541857534439444,2.2650056625141683,680394459.0000001
2023-10-27,8.73,8.8,8.84,8.56,31498044.0,275257352.0,0.0,0.0,0.04629379852136626,3.1818181818181746,680394459.0000001
2023-10-30,8.8,8.93,9.03,8.78,46125728.0,412736701.0,1.477272727272716,0.129999999999999,0.0677926273353146,2.840909090909091,680394459.0000001
2023-10-31,8.93,8.89,8.99,8.76,26543044.0,236375566.0,-0.4479283314669513,-0.03999999999999915,0.03901125832066777,2.575587905935055,680394459.0000001
2023-11-01,8.9,8.84,8.95,8.8,14946223.0,132663974.0,-0.5624296962879693,-0.05000000000000071,0.021966996941696137,1.6872890888638759,680394459.0000001
2023-11-02,8.81,8.87,8.96,8.76,23963858.0,213036219.0,0.33936651583710287,0.02999999999999936,0.03522053667988498,2.262443438914039,680394459.0000001
2023-11-03,8.87,8.99,9.0,8.76,35466329.0,317383261.0,1.3528748590755368,0.120000000000001,0.052126128499232816,2.7057497181510737,680394459.0000001
2023-11-06,9.13,9.02,9.13,8.88,37807385.0,341486677.0,0.33370411568409697,0.02999999999999936,0.05556686198704036,2.7808676307007785,680394459.0000001
2023-11-07,9.04,9.21,9.45,9.02,54761532.0,507102369.0,2.106430155210659,0.19000000000000128,0.08048497643629399,4.767184035476715,680394459.0000001
2023-11-08,9.18,9.34,9.52,9.1,45101252.0,422340416.0,1.411509229098784,0.129999999999999,0.06628691842418427,4.560260586319217,680394459.0000001
2023-11-09,9.28,9.27,9.37,9.08,28189842.0,260274731.0,-0.7494646680942241,-0.07000000000000028,0.04143161606787864,3.1049250535331816,680394459.0000001
2023-11-10,9.2,9.23,9.34,9.13,19223388.0,178174023.0,-0.4314994606256617,-0.03999999999999915,0.02825329887056002,2.2653721682847796,680394459.0000001
2023-11-13,9.29,9.36,9.48,9.28,30690206.0,288039318.0,1.4084507042253502,0.129999999999999,0.04510649020438304,2.166847237269784,680394459.0000001
2023-11-14,9.32,9.35,9.4,9.22,25937217.0,241986885.0,-0.10683760683760646,-0.009999999999999787,0.0381208527743169,1.92307692307692,680394459.0000001
2023-11-15,9.37,9.49,9.66,9.24,41058672.0,389826593.0,1.497326203208571,0.14000000000000057,0.06034539443537707,4.491978609625668,680394459.0000001
2023-11-16,9.46,9.55,9.57,9.33,27030363.0,257144256.0,0.6322444678609207,0.0600000000000005,0.039727488433294246,2.528977871443627,680394459.0000001
2023-11-17,9.52,9.45,9.64,9.39,21057113.0,200198439.0,-1.0471204188481797,-0.10000000000000142,0.03094838989569137,2.6178010471204183,680394459.0000001
2023-11-20,9.45,9.43,9.5,9.37,17428712.0,164736753.0,-0.2116402116402072,-0.019999999999999574,0.025615599553258556,1.375661375661384,680394459.0000001
2023-11-21,9.43,9.11,9.47,9.06,35401776.0,327754132.0,-3.3934252386002117,-0.3200000000000003,0.0520312526531025,4.347826086956523,680394459.0000001
2023-11-22,9.08,9.21,9.34,9.06,29233289.0,271059059.0,1.0976948408342624,0.10000000000000142,0.0429652073342355,3.0735455543358876,680394459.0000001
2023-11-23,9.2,9.27,9.4,9.17,20255561.0,188535517.0,0.6514657980455807,0.05999999999999872,0.029770320337073757,2.497285559174814,680394459.0000001
2023-11-24,9.27,9.2,9.51,9.13,30702230.0,286728247.0,-0.7551240560949357,-0.07000000000000028,0.04512416230597197,4.099244875943894,680394459.0000001
2023-11-27,9.2,8.93,9.27,8.89,28403779.0,257190499.0,-2.934782608695652,-0.2699999999999996,0.04174604690600515,4.130434782608685,680394459.0000001
2023-11-28,8.93,8.97,8.98,8.8,13175512.0,117787935.0,0.44792833146698463,0.040000000000000924,0.019364519839512682,2.0156774916013407,680394459.0000001
2023-11-29,9.01,8.97,9.06,8.93,15956271.0,143966304.0,0.0,0.0,0.023451500506708266,1.4492753623188492,680394459.0000001
2023-11-30,8.98,8.93,9.01,8.83,12642478.0,112842224.0,-0.4459308807134965,-0.040000000000000924,0.0185811007611395,2.006688963210699,680394459.0000001
2023-12-01,8.92,9.04,9.12,8.89,18718886.0,169291388.0,1.2318029115341522,0.10999999999999943,0.027511814290069044,2.5755879059350355,680394459.0000001
2023-12-04,9.08,9.15,9.32,9.07,28748576.0,266047744.0,1.2168141592920456,0.11000000000000121,0.042252807352741825,2.765486725663717,680394459.0000001
2023-12-05,9.15,8.74,9.15,8.73,24610800.0,219519506.0,-4.480874316939887,-0.41000000000000014,0.03617137040794154,4.590163934426228,680394459.0000001
2023-12-06,8.78,9.2,9.47,8.73,51415660.0,471627946.0,5.263157894736836,0.4599999999999991,0.07556742904045312,8.466819221967965,680394459.0000001
2023-12-07,9.14,9.12,9.3,9.1,25365600.0,233095666.0,-0.8695652173913104,-0.08000000000000007,0.0372807268849319,2.1739130434782727,680394459.0000001
2023-12-08,9.13,9.18,9.34,9.1,26985800.0,249110947.0,0.6578947368421018,0.0600000000000005,0.03966199260302911,2.631578947368424,680394459.0000001
2023-12-11,9.15,9.2,9.21,8.89,21850055.0,198774026.0,0.2178649237472685,0.019999999999999574,0.032113805030267006,3.4858387799564303,680394459.0000001
2023-12-12,9.21,9.37,9.43,9.2,30969528.0,289786853.0,1.8478260869565277,0.16999999999999993,0.045517019708709874,2.500000000000005,680394459.0000001
2023-12-13,9.35,9.27,9.37,9.2,19122136.0,178038855.0,-1.0672358591248599,-0.09999999999999964,0.028104485195403386,1.8143009605122724,680394459.0000001
2023-12-14,9.28,9.1,9.37,9.0,22200865.0,204194607.0,-1.8338727076591121,-0.16999999999999993,0.032629402997533814,3.9913700107874783,680394459.0000001
2023-12-15,9.11,8.99,9.11,8.9,13961856.0,125782503.0,-1.2087912087912045,-0.10999999999999943,0.020520237658196445,2.3076923076922977,680394459.0000001
2023-12-18,8.99,8.81,9.0,8.68,18608300.0,164590475.0,-2.0022246941045596,-0.17999999999999972,0.0273492821022518,3.5595105672969996,680394459.0000001
2023-12-19,8.78,8.99,9.02,8.7,16062741.0,143650961.0,2.0431328036322416,0.17999999999999972,0.023607983262544468,3.6322360953462,680394459.0000001
2023-12-20,8.97,8.89,9.01,8.82,11295400.0,100975685.0,-1.1123470522803047,-0.09999999999999964,0.016601252186270374,2.1134593993325863,680394459.0000001
2023-12-21,8.85,8.75,8.86,8.59,13085915.0,114439675.0,-1.5748031496063075,-0.14000000000000057,0.019232835933486046,3.0371203599550007,680394459.0000001
2023-12-22,8.74,8.62,8.84,8.53,13827872.0,120038083.0,-1.4857142857142902,-0.13000000000000078,0.02032331659538103,3.5428571428571485,680394459.0000001
2023-12-25,8.59,8.46,8.63,8.38,10822988.0,91885984.0,-1.856148491879328,-0.15999999999999837,0.01590693142314376,2.900232018561485,680394459.0000001
2023-12-26,8.48,8.34,8.49,8.28,12448333.0,104036819.0,-1.4184397163120699,-0.120000000000001,0.01829575893121728,2.4822695035461093,680394459.0000001
2023-12-27,8.34,8.62,8.74,8.34,21596988.0,185855484.0,3.3573141486810565,0.27999999999999936,0.031741863435722065,4.796163069544368,680394459.0000001
2023-12-28,8.62,8.68,8.72,8.51,17481238.0,151456929.0,0.6960556844547661,0.0600000000000005,0.02569279888859294,2.4361948955916573,680394459.0000001
2023-12-29,8.65,8.69,8.78,8.62,14795380.0,128832528.0,0.11520737327188613,0.009999999999999787,0.021745297605370414,1.8433179723502322,680394459.0000001
2024-01-02,8.68,8.85,8.89,8.67,16321300.0,144253304.0,1.8411967779056404,0.16000000000000014,0.02398799664534011,2.531645569620261,680394459.0000001
2024-01-03,8.81,8.91,9.12,8.77,17628908.0,157432305.0,0.6779661016949268,0.0600000000000005,0.02590983475366603,3.9548022598870016,680394459.0000001
2024-01-04,8.86,8.85,8.96,8.76,11190465.0,99160951.0,-0.6734006734006814,-0.0600000000000005,0.016447025474673947,2.24466891133559,680394459.0000001
2024-01-05,8.85,8.72,8.88,8.63,11634000.0,102362247.0,-1.4689265536723006,-0.129999999999999,0.01709890468111528,2.824858757062147,680394459.0000001
2024-01-08,8.68,8.46,8.68,8.46,9502076.0,81206111.0,-2.9816513761467878,-0.2599999999999998,0.013965539951582702,2.5229357798165,680394459.0000001
2024-01-09,8.4,8.26,8.47,8.13,15878873.0,131780519.0,-2.3640661938534424,-0.20000000000000107,0.023337745906011263,4.018912529550826,680394459.0000001
2024-01-10,8.2,8.2,8.38,8.08,9738776.0,80288978.0,-0.7263922518159882,-0.0600000000000005,0.014313426382562586,3.6319612590799117,680394459.0000001
2024-01-11,8.18,8.4,8.42,8.15,8338462.0,69596924.0,2.4390243902439046,0.20000000000000107,0.0122553349600397,3.2926829268292637,680394459.0000001
2024-01-12,8.35,8.18,8.41,8.18,7308200.0,60612190.0,-2.619047619047632,-0.22000000000000064,0.010741122158374307,2.738095238095243,680394459.0000001
2024-01-15,8.12,8.17,8.33,8.12,6926179.0,56961309.0,-0.12224938875304847,-0.009999999999999787,0.010179652271389233,2.5672371638141915,680394459.0000001
2024-01-16,8.17,8.16,8.24,8.03,7310500.0,59485317.0,-0.1223990208078285,-0.009999999999999787,0.010744502550394813,2.5703794369645148,680394459.0000001
2024-01-17,8.19,7.99,8.23,7.98,6689200.0,54362262.0,-2.083333333333337,-0.16999999999999993,0.009831355784159904,3.063725490196078,680394459.0000001
2024-01-18,7.99,8.01,8.02,7.68,13996559.0,109841396.0,0.25031289111387967,0.019999999999999574,0.020571241894843235,4.255319148936168,680394459.0000001
2024-01-19,7.98,7.83,8.01,7.83,5836427.0,46313685.0,-2.2471910112359494,-0.17999999999999972,0.008578004895245626,2.2471910112359517,680394459.0000001
2024-01-22,7.78,7.2,7.83,7.05,16244373.0,120611284.0,-8.045977011494255,-0.6299999999999999,0.023874934290139475,9.961685823754793,680394459.0000001
2024-01-23,7.25,7.06,7.25,7.05,10333700.0,73965171.0,-1.9444444444444486,-0.14000000000000057,0.015187807401000598,2.77777777777778,680394459.0000001
2024-01-24,7.11,7.19,7.24,6.83,14885583.0,105900180.0,1.8413597733711207,0.13000000000000078,0.02187787217120767,5.807365439093487,680394459.0000001
2024-01-25,7.18,7.52,7.57,7.11,16949302.0,125149963.0,4.589707927677322,0.3299999999999992,0.024910993579975636,6.397774687065367,680394459.0000001
2024-01-26,7.51,7.6,7.78,7.47,14343966.0,109513673.0,1.0638297872340496,0.08000000000000007,0.021081838351655356,4.122340425531921,680394459.0000001
2024-01-29,7.58,7.34,7.6,7.3,8591557.0,63744025.0,-3.421052631578947,-0.2599999999999998,0.012627317707183148,3.947368421052629,680394459.0000001
2024-01-30,7.21,7.09,7.32,7.07,7545666.0,54213448.0,-3.4059945504087197,-0.25,0.011090134406870587,3.4059945504087197,680394459.0000001
2024-01-31,6.99,6.79,7.08,6.76,9361600.0,64613705.0,-4.231311706629048,-0.2999999999999998,0.013759077364855493,4.513399153737662,680394459.0000001
2024-02-01,6.67,6.79,6.9,6.54,7620500.0,51400012.0,0.0,0.0,0.01120012060533256,5.301914580265101,680394459.0000001
2024-02-02,6.83,6.45,6.88,6.11,13522480.0,87628228.0,-5.007363770250361,-0.33999999999999986,0.019874471082369585,11.340206185567004,680394459.0000001
2024-02-05,6.43,5.8,6.43,5.8,13666500.0,81695230.0,-10.077519379844968,-0.6500000000000004,0.020086142412279694,9.767441860465114,680394459.0000001
2024-02-06,5.58,6.13,6.28,5.38,14740278.0,85781585.0,5.689655172413799,0.33000000000000007,0.021664312230973058,15.51724137931035,680394459.0000001
2024-02-07,6.14,6.16,6.43,6.0,11030711.0,68856195.0,0.4893964110929794,0.03000000000000025,0.016212229323872254,7.014681892332784,680394459.0000001
2024-02-08,6.17,6.48,6.53,6.16,10816536.0,69164690.0,5.1948051948051965,0.3200000000000003,0.01589744868865841,6.006493506493507,680394459.0000001
2024-02-19,6.57,6.79,6.86,6.54,10816027.0,72956021.0,4.7839506172839386,0.3099999999999996,0.015896700593206914,4.938271604938276,680394459.0000001
2024-02-20,6.8,6.89,6.93,6.69,9703331.0,66633776.0,1.4727540500736325,0.09999999999999964,0.014261331602055269,3.5346097201767206,680394459.0000001
2024-02-21,7.58,7.58,7.58,7.58,5713311.0,43421164.0,10.0145137880987,0.6900000000000004,0.00839705691959493,0.0,680394459.0000001
2024-02-22,7.97,7.86,8.34,7.71,43133108.0,345072402.0,3.693931398416894,0.28000000000000025,0.06339426700122494,8.311345646437992,680394459.0000001
2024-02-23,7.73,7.97,8.08,7.58,34217470.0,268399972.0,1.3994910941475647,0.10999999999999943,0.05029063589126024,6.361323155216285,680394459.0000001
2024-02-26,7.87,8.04,8.1,7.71,26824689.0,211960547.0,0.8782936010037545,0.0699999999999994,0.03942520202093532,4.893350062735253,680394459.0000001
2024-02-27,7.86,8.01,8.02,7.79,20788372.0,165368320.0,-0.3731343283582045,-0.02999999999999936,0.030553411664394518,2.8606965174129297,680394459.0000001
2024-02-28,8.02,8.14,8.8,7.85,45378357.0,373940143.0,1.6229712858926382,0.13000000000000078,0.06669418952455049,11.86017478152311,680394459.0000001
2024-02-29,7.89,8.23,8.28,7.78,31167114.0,253321501.0,1.1056511056511065,0.08999999999999986,0.045807418899041906,6.1425061425061305,680394459.0000001
2024-03-01,8.18,8.13,8.32,8.04,20142257.0,164275910.0,-1.2150668286755706,-0.09999999999999964,0.029603793407729673,3.4021871202916296,680394459.0000001
2024-03-04,8.23,8.38,8.52,8.23,29877769.0,250036825.0,3.075030750307506,0.25,0.04391242257309446,3.5670356703566926,680394459.0000001
2024-03-05,8.31,8.25,8.48,8.18,18377983.0,152670176.0,-1.5513126491646823,-0.13000000000000078,0.02701077699399665,3.5799522673031112,680394459.0000001
2024-03-06,8.21,8.1,8.25,7.98,17811709.0,144524069.0,-1.8181818181818188,-0.15000000000000036,0.02617850390224885,3.2727272727272676,680394459.0000001
2024-03-07,8.08,7.86,8.16,7.85,14965073.0,120130775.0,-2.962962962962956,-0.23999999999999932,0.021994701458907674,3.827160493827167,680394459.0000001
2024-03-08,7.86,7.97,7.99,7.76,13228496.0,104209980.0,1.3994910941475647,0.10999999999999943,0.01944239231377985,2.9262086513994965,680394459.0000001
2024-03-11,7.99,7.93,8.06,7.86,15788758.0,125094120.0,-0.5018820577164407,-0.040000000000000036,0.02320530067691218,2.509410288582185,680394459.0000001
2024-03-12,7.96,7.97,8.01,7.86,12521756.0,99575823.0,0.5044136191677095,0.040000000000000036,0.018403671332661454,1.8915510718789341,680394459.0000001
2024-03-13,7.94,8.45,8.77,7.93,75042413.0,641185940.0,6.022584692597244,0.47999999999999954,0.11029251048030653,10.539523212045168,680394459.0000001
2024-03-14,8.2,8.14,8.3,8.09,46299300.0,379948695.0,-3.668639053254419,-0.3099999999999987,0.06804773229348123,2.4852071005917264,680394459.0000001
2024-03-15,8.14,8.12,8.16,7.98,16732304.0,135280004.0,-0.24570024570026439,-0.02000000000000135,0.02459206388099054,2.2113022113022076,680394459.0000001
2024-03-18,8.13,8.37,8.48,8.09,31192555.0,260478011.0,3.078817733990147,0.25,0.04584481044399569,4.802955665024638,680394459.0000001
2024-03-19,8.36,8.45,8.66,8.35,28439381.0,242995627.0,0.9557945041815952,0.08000000000000007,0.041798372435011256,3.70370370370371,680394459.0000001
2024-03-20,8.43,8.65,8.7,8.37,27661034.0,236894327.0,2.366863905325456,0.20000000000000107,0.04065440809240922,3.9053254437869835,680394459.0000001
2024-03-21,8.66,8.88,9.09,8.66,48707372.0,435631412.0,2.6589595375722697,0.23000000000000043,0.07158696158635236,4.97109826589595,680394459.0000001
2024-03-22,8.86,8.77,9.02,8.73,28918591.0,256767564.0,-1.2387387387387538,-0.11000000000000121,0.042502684461161955,3.265765765765756,680394459.0000001
2024-03-25,8.74,8.35,8.74,8.28,23323381.0,199217159.0,-4.789053591790193,-0.41999999999999993,0.034279204792877355,5.245153933865461,680394459.0000001
2024-03-26,8.27,8.29,8.34,8.04,21440766.0,176434990.0,-0.7185628742515049,-0.0600000000000005,0.03151225839127534,3.592814371257494,680394459.0000001
2024-03-27,8.26,7.85,8.26,7.84,18171310.0,146245140.0,-5.307599517490946,-0.4399999999999995,0.0267070223157123,5.066344993968636,680394459.0000001
2024-03-28,7.88,8.36,8.45,7.86,26647746.0,220143644.0,6.496815286624202,0.5099999999999998,0.039165142583855166,7.515923566878968,680394459.0000001
2024-03-29,8.4,8.22,8.49,8.11,17519240.0,144855047.0,-1.6746411483253398,-0.1399999999999988,0.025748651783185666,4.545454545454556,680394459.0000001
2024-04-01,8.24,8.2,8.28,8.12,17452276.0,143244563.0,-0.24330900243311193,-0.02000000000000135,0.02565023240437647,1.9464720194647216,680394459.0000001
2024-04-02,8.2,7.99,8.2,7.95,17373899.0,139617805.0,-2.5609756097560887,-0.20999999999999908,0.025535038932467256,3.0487804878048674,680394459.0000001
2024-04-03,7.99,7.95,8.1,7.67,18012800.0,142211541.0,-0.5006257822277815,-0.040000000000000036,0.026474054516073,5.381727158948682,680394459.0000001
2024-04-08,7.87,7.59,7.87,7.58,15647177.0,121098776.0,-4.528301886792452,-0.3600000000000003,0.02299721403227947,3.6477987421383653,680394459.0000001
2024-04-09,7.64,7.67,7.73,7.56,9417521.0,72353901.0,1.0540184453228019,0.08000000000000007,0.01384126645275928,2.239789196310946,680394459.0000001
2024-04-10,7.67,7.41,7.68,7.32,10989295.0,82250090.0,-3.3898305084745783,-0.2599999999999998,0.01615135875173257,4.693611473272482,680394459.0000001
2024-04-11,7.4,7.5,7.56,7.36,8637595.0,64912623.0,1.2145748987854255,0.08999999999999986,0.012694981397548386,2.6990553306342684,680394459.0000001
2024-04-12,7.49,7.35,7.56,7.35,5985171.0,44602671.0,-2.0000000000000018,-0.15000000000000036,0.008796619256418722,2.7999999999999994,680394459.0000001
2024-04-15,7.18,7.05,7.32,6.86,15043265.0,106850219.0,-4.081632653061218,-0.2999999999999998,0.022109623029719583,6.258503401360543,680394459.0000001
2024-04-16,6.91,6.61,7.0,6.51,18086589.0,120748229.0,-6.241134751773048,-0.4399999999999995,0.026582504840769135,6.950354609929081,680394459.0000001
2024-04-17,6.68,6.95,7.02,6.68,11650539.0,80918579.0,5.143721633888054,0.33999999999999986,0.017123212639214038,5.143721633888046,680394459.0000001
2024-04-18,7.0,6.88,7.06,6.85,10568104.0,73443148.0,-1.0071942446043258,-0.07000000000000028,0.015532319318902622,3.021582733812949,680394459.0000001
2024-04-19,6.81,6.78,6.88,6.71,6389733.0,43518155.0,-1.4534883720930147,-0.09999999999999964,0.009391218454940413,2.470930232558138,680394459.0000001
2024-04-22,6.77,6.76,6.88,6.62,5897574.0,39975553.0,-0.2949852507374673,-0.020000000000000462,0.008667874821714265,3.834808259587017,680394459.0000001
2024-04-23,6.77,6.7,6.91,6.65,7875017.0,53392595.0,-0.8875739644970349,-0.05999999999999961,0.011574193316586075,3.8461538461538427,680394459.0000001
2024-04-24,6.68,6.88,6.94,6.67,8751914.0,59952135.0,2.686567164179099,0.17999999999999972,0.012863000108588478,4.0298507462686635,680394459.0000001
2024-04-25,6.87,6.93,7.03,6.85,8953100.0,62449579.0,0.7267441860465018,0.04999999999999982,0.01315869034730043,2.6162790697674505,680394459.0000001
2024-04-26,7.02,7.28,7.42,6.94,18259539.0,132423543.0,5.050505050505061,0.35000000000000053,0.026836695623354563,6.926406926406919,680394459.0000001
2024-04-29,7.3,7.58,7.66,7.3,19294804.0,146204447.0,4.120879120879128,0.2999999999999998,0.02835826151253239,4.945054945054949,680394459.0000001
2024-04-30,7.57,7.45,7.66,7.34,12179491.0,91363844.0,-1.715039577836408,-0.1299999999999999,0.017900632256618653,4.221635883905018,680394459.0000001
2024-05-06,7.51,7.52,7.61,7.45,9247700.0,69657264.0,0.9395973154362247,0.0699999999999994,0.013591674473057399,2.147651006711411,680394459.0000001
2024-05-07,7.5,7.45,7.57,7.38,6755000.0,50639527.0,-0.930851063829774,-0.0699999999999994,0.009928064390659594,2.5265957446808565,680394459.0000001
2024-05-08,7.4,7.31,7.43,7.28,6743700.0,49628353.0,-1.8791946308724938,-0.14000000000000057,0.009911456377689282,2.0134228187919394,680394459.0000001
2024-05-09,7.36,7.35,7.4,7.3,6446200.0,47557808.0,0.547195622435015,0.040000000000000036,0.009474210018515155,1.3679890560875587,680394459.0000001
2024-05-10,7.35,7.25,7.39,7.18,4951100.0,36022561.0,-1.3605442176870652,-0.09999999999999964,0.007276808231620239,2.8571428571428568,680394459.0000001
2024-05-13,7.19,7.22,7.34,7.08,6375843.0,46216440.0,-0.4137931034482789,-0.03000000000000025,0.009370803826607882,3.586206896551721,680394459.0000001
2024-05-14,7.23,7.6,7.63,7.22,16448700.0,123805341.0,5.263157894736836,0.3799999999999999,0.02417524096856291,5.6786703601108055,680394459.0000001
2024-05-15,7.57,7.42,7.57,7.42,9039000.0,67786343.0,-2.368421052631575,-0.17999999999999972,0.013284940640588019,1.9736842105263206,680394459.0000001
2024-05-16,7.41,7.38,7.49,7.31,5729400.0,42593840.0,-0.5390835579514808,-0.040000000000000036,0.0084207034966462,2.4258760107816792,680394459.0000001
2024-05-17,7.39,7.49,7.51,7.3,6956700.0,51766314.0,1.4905149051490652,0.11000000000000032,0.010224510073501347,2.8455284552845526,680394459.0000001
2024-05-20,7.5,7.59,7.64,7.45,8647060.0,65671397.0,1.3351134846461887,0.09999999999999964,0.0127088924455806,2.5367156208277635,680394459.0000001
2024-05-21,7.64,7.43,7.64,7.35,8371900.0,62379146.0,-2.1080368906455926,-0.16000000000000014,0.01230447998107521,3.8208168642951255,680394459.0000001
2024-05-22,7.38,7.72,7.92,7.38,21823744.0,169007070.0,3.9030955585464433,0.29000000000000004,0.03207513481528808,7.267833109017498,680394459.0000001
2024-05-23,7.48,7.42,7.64,7.41,13933239.0,104768742.0,-3.886010362694303,-0.2999999999999998,0.020478178232783046,2.979274611398958,680394459.0000001
2024-05-24,7.38,7.25,7.47,7.25,7908400.0,57982844.0,-2.2911051212938016,-0.16999999999999993,0.011623257502160226,2.9649595687331503,680394459.0000001
2024-05-27,7.27,7.24,7.3,7.09,7122800.0,51213135.0,-0.13793103448275223,-0.009999999999999787,0.010468633166808313,2.8965517241379306,680394459.0000001
2024-05-28,7.23,7.15,7.23,7.1,6302835.0,45139029.0,-1.2430939226519278,-0.08999999999999986,0.009263501365463058,1.7955801104972482,680394459.0000001
2024-05-29,7.12,7.21,7.25,7.12,4424660.0,31892922.0,0.8391608391608241,0.05999999999999961,0.006503080590196281,1.8181818181818168,680394459.0000001
2024-05-30,7.18,7.12,7.21,7.1,4807600.0,34416121.0,-1.2482662968099856,-0.08999999999999986,0.0070659011642538955,1.5256588072122097,680394459.0000001
2024-05-31,7.12,7.12,7.18,7.1,5236700.0,37460532.0,0.0,0.0,0.007696564736427401,1.1235955056179785,680394459.0000001
2024-06-03,7.16,6.94,7.16,6.84,8365160.0,58388213.0,-2.52808988764045,-0.17999999999999972,0.012294573962719468,4.494382022471914,680394459.0000001
2024-06-04,6.94,6.97,6.98,6.78,5795759.0,39975520.0,0.4322766570605152,0.02999999999999936,0.008518233685380438,2.8818443804034604,680394459.0000001
2024-06-05,6.93,6.88,6.97,6.88,3610700.0,25075547.0,-1.2912482065997155,-0.08999999999999986,0.005306774551495869,1.291248206599711,680394459.0000001
2024-06-06,6.88,6.58,6.93,6.55,9382741.0,62765600.0,-4.360465116279066,-0.2999999999999998,0.013790149046466586,5.523255813953487,680394459.0000001
2024-06-07,6.63,6.71,6.75,6.63,5605416.0,37624969.0,1.9756838905774954,0.1299999999999999,0.008238479790441679,1.8237082066869317,680394459.0000001
2024-06-11,6.66,6.92,6.96,6.54,7178116.0,48863700.0,3.129657228017879,0.20999999999999996,0.01054993306463714,6.259314456035766,680394459.0000001
2024-06-12,6.93,7.03,7.1,6.93,6528600.0,46062115.0,1.5895953757225412,0.11000000000000032,0.00959531623698893,2.4566473988439297,680394459.0000001
2024-06-13,7.04,6.92,7.06,6.88,3875700.0,27072085.0,-1.5647226173541973,-0.11000000000000032,0.0056962545016845875,2.560455192034135,680394459.0000001
2024-06-14,6.98,7.29,7.61,6.86,31602110.0,234536667.0,5.346820809248554,0.3700000000000001,0.0464467480326732,10.83815028901734,680394459.0000001
2024-06-17,7.06,7.43,7.54,7.05,31495834.0,232999297.0,1.9204389574760006,0.13999999999999968,0.04629055040555525,6.721536351165984,680394459.0000001
2024-06-18,7.45,7.58,7.6,7.36,18809856.0,141997585.0,2.0188425302826385,0.15000000000000036,0.027645516143158355,3.230148048452212,680394459.0000001
2024-06-19,7.58,7.79,7.93,7.51,29362481.0,227613976.0,2.770448548812654,0.20999999999999996,0.04315508542376297,5.5408970976253284,680394459.0000001
2024-06-20,7.68,7.36,7.72,7.33,22392300.0,168364757.0,-5.519897304236199,-0.4299999999999997,0.03291076184381448,5.0064184852374805,680394459.0000001
2024-06-21,7.35,7.55,7.63,7.28,16422879.0,123054679.0,2.5815217391304213,0.1899999999999995,0.02413729092405792,4.75543478260869,680394459.0000001
2024-06-24,7.72,7.1,7.72,7.06,17349539.0,127737389.0,-5.960264900662249,-0.4500000000000002,0.025499236171763116,8.741721854304638,680394459.0000001
2024-06-25,7.16,7.49,7.78,7.1,25107573.0,186092866.0,5.492957746478888,0.39000000000000057,0.03690149540150796,9.577464788732403,680394459.0000001
2024-06-26,7.36,7.82,7.82,7.3,34820967.0,266125986.0,4.405874499332452,0.33000000000000007,0.05117761695352077,6.942590120160219,680394459.0000001
2024-06-27,7.68,8.04,8.41,7.64,48494357.0,387551023.0,2.813299232736566,0.21999999999999886,0.07127388584450538,9.846547314578011,680394459.0000001
2024-06-28,7.84,7.68,7.93,7.57,36149804.0,280213693.0,-4.477611940298498,-0.35999999999999943,0.053130656080195966,4.477611940298501,680394459.0000001
2024-07-01,7.48,7.9,8.14,7.4,34986228.0,273034769.0,2.864583333333348,0.22000000000000064,0.05033096472057144,9.63541666666667,695123334.0
2024-07-02,8.16,8.06,8.43,7.98,76387769.0,630937848.0,2.0253164556962133,0.16000000000000014,0.1098909578541065,5.69620253164556,695123334.0
2024-07-03,7.95,7.67,8.12,7.66,49014107.0,385272435.0,-4.838709677419361,-0.39000000000000057,0.0705113820851826,5.707196029776663,695123334.0
2024-07-04,7.46,7.28,7.54,7.16,36335230.0,268473650.0,-5.0847457627118615,-0.3899999999999997,0.05227163040393635,4.954367666232072,695123334.0
2024-07-05,7.19,7.29,7.44,7.11,20056957.0,147048820.0,0.13736263736263687,0.009999999999999787,0.028853810567089955,4.532967032967034,695123334.0
2024-07-08,7.19,6.92,7.32,6.91,21092820.0,150049389.0,-5.075445816186564,-0.3700000000000001,0.030343996479911,5.6241426611797,695123334.0
2024-07-09,6.88,7.21,7.23,6.83,17933675.0,126772117.0,4.190751445086716,0.29000000000000004,0.02579927060828604,5.780346820809254,695123334.0
2024-07-10,7.21,7.25,7.41,7.1,15684782.0,114243571.0,0.554785020804438,0.040000000000000036,0.022564027465088662,4.299583911234404,695123334.0
2024-07-11,7.43,7.34,7.47,7.31,18408660.0,136130895.0,1.2413793103448256,0.08999999999999986,0.02648258100338781,2.2068965517241397,695123334.0
2024-07-12,7.29,7.34,7.5,7.29,13356232.0,98912749.0,0.0,0.0,0.01921419026914726,2.8610354223433236,695123334.0
2024-07-15,7.29,7.08,7.31,7.07,13419015.0,95808228.0,-3.542234332425065,-0.2599999999999998,0.019304509492987326,3.269754768392361,695123334.0
2024-07-16,7.06,7.08,7.16,7.01,10978500.0,77833766.0,0.0,0.0,0.015793600161320438,2.118644067796615,695123334.0
2024-07-17,7.01,6.93,7.09,6.93,10057525.0,70395075.0,-2.1186440677966156,-0.15000000000000036,0.014468691393403864,2.25988700564972,695123334.0
2024-07-18,6.93,6.96,6.97,6.73,11156700.0,76482551.0,0.43290043290042934,0.03000000000000025,0.01604995754609498,3.4632034632034534,695123334.0
2024-07-19,6.93,6.99,7.11,6.9,9092900.0,64121441.0,0.4310344827586299,0.03000000000000025,0.013080988013560195,3.0172413793103443,695123334.0
2024-07-22,6.99,6.97,7.04,6.91,7391000.0,51707086.0,-0.28612303290415086,-0.020000000000000462,0.010632645515536672,1.8597997138769653,695123334.0
2024-07-23,6.94,6.81,6.99,6.8,8769841.0,60579180.0,-2.295552367288378,-0.16000000000000014,0.01261623739421183,2.725968436154955,695123334.0
2024-07-24,6.83,6.72,6.86,6.72,6975800.0,47409372.0,-1.3215859030836996,-0.08999999999999986,0.010035341440573768,2.0558002936857647,695123334.0
2024-07-25,6.65,6.69,6.79,6.64,5955396.0,40021385.0,-0.44642857142855874,-0.02999999999999936,0.008567394746670955,2.2321428571428625,695123334.0
2024-07-26,6.69,6.76,6.78,6.69,5680077.0,38415252.0,1.0463378176382543,0.0699999999999994,0.00817132258719429,1.3452914798206257,695123334.0
2024-07-29,6.76,6.81,6.86,6.7,5795100.0,39524174.0,0.7396449704141883,0.04999999999999982,0.008336793942238746,2.3668639053254457,695123334.0
2024-07-30,6.78,6.83,6.9,6.77,5492142.0,37712377.0,0.2936857562408246,0.020000000000000462,0.007900960493436695,1.9089574155653568,695123334.0
2024-07-31,6.8,7.03,7.07,6.8,13503100.0,94500309.0,2.9282576866764387,0.20000000000000018,0.01942547363832272,3.9531478770131843,695123334.0
2024-08-01,7.03,7.05,7.1,6.99,9293983.0,65675022.0,0.2844950213371167,0.019999999999999574,0.013370264736358281,1.5647226173541882,695123334.0
2024-08-02,7.02,6.9,7.05,6.9,6378016.0,44566684.0,-2.127659574468077,-0.14999999999999947,0.009175373186364652,2.127659574468078,695123334.0
2024-08-05,6.85,6.72,6.95,6.71,8091000.0,55492390.0,-2.60869565217392,-0.1800000000000006,0.011639661056177406,3.4782608695652204,695123334.0
2024-08-06,6.8,6.75,6.89,6.68,7536920.0,51001851.0,0.44642857142858094,0.03000000000000025,0.01084256509795138,3.1249999999999996,695123334.0
2024-08-07,6.74,6.71,6.77,6.7,4324980.0,29216213.0,-0.592592592592589,-0.040000000000000036,0.006221888675657664,1.037037037037028,695123334.0
2024-08-08,6.68,6.69,6.73,6.56,7369160.0,49074867.0,-0.29806259314455463,-0.019999999999999574,0.01060122663066868,2.533532041728775,695123334.0
2024-08-09,6.69,6.67,6.76,6.66,4902044.0,32968749.0,-0.2989536621823663,-0.020000000000000462,0.007052049269863814,1.4947683109118033,695123334.0
2024-08-12,6.69,6.56,6.69,6.53,5127900.0,33759692.0,-1.6491754122938573,-0.11000000000000032,0.007376964272645176,2.398800599700152,695123334.0
2024-08-13,6.54,6.58,6.59,6.5,4267360.0,28015308.0,0.3048780487804992,0.020000000000000462,0.006138996910726636,1.371951219512193,695123334.0
2024-08-14,6.59,6.59,6.63,6.54,3374562.0,22294452.0,0.1519756838905817,0.009999999999999787,0.004854623395508113,1.3677811550151953,695123334.0
2024-08-15,6.58,6.67,6.7,6.51,6505780.0,43341632.0,1.2139605462822445,0.08000000000000007,0.0093591736628424,2.8831562974203395,695123334.0
2024-08-16,6.69,6.64,6.7,6.63,3886780.0,25965314.0,-0.4497751124437843,-0.03000000000000025,0.005591496947216564,1.0494752623688197,695123334.0
2024-08-19,6.64,6.71,6.76,6.64,6756600.0,45505347.0,1.0542168674698926,0.07000000000000028,0.009720001716990268,1.8072289156626522,695123334.0
2024-08-20,6.69,6.52,6.7,6.52,5575262.0,36676612.0,-2.8315946348733245,-0.1900000000000004,0.008020536395919634,2.682563338301052,695123334.0
2024-08-21,6.52,6.33,6.53,6.32,6731032.0,43314286.0,-2.914110429447847,-0.1899999999999995,0.00968321975507155,3.220858895705521,695123334.0
2024-08-22,6.39,6.15,6.39,6.12,8247641.0,51516689.0,-2.843601895734593,-0.17999999999999972,0.011865003800893843,4.265402843601889,695123334.0
2024-08-23,6.13,6.23,6.26,6.12,5930800.0,36803016.0,1.300813008130075,0.08000000000000007,0.0085320110977601,2.276422764227637,695123334.0
2024-08-26,6.26,6.22,6.27,6.18,3868500.0,24110740.0,-0.16051364365972098,-0.010000000000000675,0.005565199455669546,1.4446227929373974,695123334.0
2024-08-27,6.13,6.0,6.17,5.96,7238200.0,43895959.0,-3.5369774919614128,-0.21999999999999975,0.010412828408951094,3.37620578778135,695123334.0
2024-08-28,5.96,5.97,6.05,5.89,6215616.0,37225304.0,-0.5000000000000004,-0.03000000000000025,0.008941745580936002,2.6666666666666687,695123334.0
2024-08-29,5.96,6.04,6.07,5.92,4916465.0,29683518.0,1.1725293132328396,0.07000000000000028,0.007072795228594642,2.5125628140703578,695123334.0
2024-08-30,6.04,6.29,6.36,6.04,10308260.0,64703744.0,4.139072847682113,0.25,0.014829397167093228,5.298013245033117,695123334.0
2024-09-02,6.27,6.11,6.3,6.11,7154720.0,44644565.0,-2.861685214626386,-0.17999999999999972,0.010292734612761539,3.0206677265500717,695123334.0
2024-09-03,6.12,6.21,6.22,6.11,4837816.0,29965015.0,1.6366612111292866,0.09999999999999964,0.006959651278229138,1.8003273322422166,695123334.0
2024-09-04,6.21,6.15,6.21,6.13,4006900.0,24798064.0,-0.9661835748792202,-0.05999999999999961,0.005764300813990514,1.2882447665056374,695123334.0
2024-09-05,6.15,6.26,6.3,6.15,5601800.0,35064305.0,1.788617886178856,0.10999999999999943,0.008058713793658953,2.4390243902438935,695123334.0
2024-09-06,6.22,6.19,6.31,6.18,4973132.0,31132100.0,-1.118210862619795,-0.0699999999999994,0.007154316013796769,2.076677316293928,695123334.0
2024-09-09,6.14,6.17,6.22,6.08,6294321.0,38822516.0,-0.3231017770597866,-0.020000000000000462,0.009054970092544757,2.2617124394184116,695123334.0
2024-09-10,6.18,6.26,6.27,6.11,5640620.0,35084066.0,1.4586709886547755,0.08999999999999986,0.00811455999835563,2.593192868719599,695123334.0
2024-09-11,6.21,6.2,6.28,6.19,3853920.0,24069983.0,-0.9584664536741117,-0.05999999999999961,0.005544224760551629,1.43769968051118,695123334.0
2024-09-12,6.2,6.25,6.3,6.19,4973720.0,31234274.0,0.8064516129032251,0.04999999999999982,0.007155161906850907,1.7741935483870874,695123334.0
2024-09-13,6.25,6.12,6.29,6.11,4580100.0,28375202.0,-2.079999999999993,-0.1299999999999999,0.006588902682412327,2.8799999999999955,695123334.0
2024-09-18,6.12,6.12,6.17,6.01,5812812.0,35553555.0,0.0,0.0,0.008362274312604214,2.6143790849673225,695123334.0
2024-09-19,6.15,6.28,6.31,6.11,9546580.0,59882554.0,2.614379084967333,0.16000000000000014,0.01373364917138575,3.2679738562091387,695123334.0
2024-09-20,6.28,6.32,6.36,6.27,8508500.0,53891763.0,0.6369426751592355,0.040000000000000036,0.01224027389648813,1.4331210191082921,695123334.0
2024-09-23,6.3,6.36,6.37,6.26,5778980.0,36748163.0,0.6329113924050667,0.040000000000000036,0.00831360381293142,1.740506329113929,695123334.0
2024-09-24,6.38,6.72,6.78,6.35,26191710.0,173577178.0,5.660377358490565,0.35999999999999943,0.03767922715136477,6.7610062893081855,695123334.0
2024-09-25,6.75,6.81,7.02,6.71,27529261.0,189272389.0,1.3392857142857206,0.08999999999999986,0.03960341949907842,4.613095238095232,695123334.0
2024-09-26,6.72,6.92,6.93,6.7,19075700.0,130800346.0,1.6152716593245353,0.11000000000000032,0.02744218049800066,3.3773861967694505,695123334.0
2024-09-27,6.98,7.21,7.33,6.91,31646067.0,224992198.0,4.190751445086716,0.29000000000000004,0.04552583038451131,6.06936416184971,695123334.0
2024-09-30,7.43,7.9,7.9,7.32,65340502.0,501542449.0,9.570041608876556,0.6900000000000004,0.09399842992466716,8.044382801664355,695123334.0
2024-10-08,8.69,8.46,8.69,7.91,85635297.0,713106575.0,7.088607594936724,0.5600000000000005,0.12319439272340699,9.87341772151898,695123334.0
2024-10-09,8.16,7.61,8.16,7.61,46801727.0,369775797.0,-10.047281323877078,-0.8500000000000005,0.06732866631117868,6.501182033096923,695123334.0
2024-10-10,7.56,7.42,7.84,7.32,27589885.0,208823829.0,-2.4967148488830526,-0.1900000000000004,0.03969063279927242,6.833114323258864,695123334.0
2024-10-11,7.39,7.51,7.7,7.31,30457155.0,229377030.0,1.21293800539084,0.08999999999999986,0.043815469155290936,5.256064690026962,695123334.0
2024-10-14,7.62,7.7,7.7,7.4,31224721.0,237022835.0,2.5299600532623145,0.1900000000000004,0.04491968471310157,3.9946737683089193,695123334.0
2024-10-15,7.59,7.69,7.88,7.5,33562206.0,259755387.0,-0.12987012987012436,-0.009999999999999787,0.04828237574312244,4.935064935064934,695123334.0
2024-10-16,7.58,7.53,7.69,7.45,20616828.0,156551473.0,-2.080624187256175,-0.16000000000000014,0.02965923742102434,3.1209362808842678,695123334.0
2024-10-17,7.55,7.55,7.72,7.54,22019348.0,167832318.0,0.26560424966799445,0.019999999999999574,0.03167689375825211,2.3904382470119483,695123334.0
2024-10-18,7.49,7.68,7.77,7.42,30792469.0,234856491.0,1.7218543046357615,0.1299999999999999,0.044297849739568664,4.635761589403969,695123334.0
2024-10-21,7.69,7.63,7.77,7.56,35223355.0,269657738.0,-0.651041666666663,-0.04999999999999982,0.05067209411215075,2.7343749999999996,695123334.0
2024-10-22,7.65,8.0,8.25,7.63,58200205.0,462215069.0,4.849279161205766,0.3700000000000001,0.0837264441478237,8.125819134993447,695123334.0
2024-10-23,8.28,7.9,8.28,7.87,42954325.0,346468729.0,-1.2499999999999956,-0.09999999999999964,0.06179381830390404,5.124999999999991,695123334.0
2024-10-24,7.72,7.68,7.83,7.61,26857500.0,206969449.0,-2.784810126582282,-0.22000000000000064,0.03863702840394076,2.784810126582275,695123334.0
2024-10-25,7.67,7.73,7.82,7.66,20617183.0,159893012.0,0.6510416666666741,0.05000000000000071,0.029659748121762808,2.0833333333333353,695123334.0
2024-10-28,7.68,7.96,7.99,7.68,26643114.0,210834478.0,2.975420439844756,0.22999999999999954,0.03832861407008961,4.010349288486423,695123334.0
2024-10-29,7.98,7.97,8.1,7.88,34164862.0,273313109.0,0.12562814070351536,0.009999999999999787,0.049149352825494416,2.763819095477384,695123334.0
2024-10-30,7.97,7.87,8.1,7.73,29049139.0,230317426.0,-1.2547051442910906,-0.09999999999999964,0.041789906307475505,4.642409033877029,695123334.0
2024-10-31,7.88,7.96,8.07,7.74,38237914.0,302249746.0,1.1435832274459878,0.08999999999999986,0.05500881948526274,4.193138500635325,695123334.0
2024-11-01,7.94,7.4,7.95,7.38,37624600.0,285247059.0,-7.0351758793969825,-0.5599999999999996,0.054126509871987694,7.160804020100506,695123334.0
2024-11-04,7.4,7.53,7.68,7.38,19813723.0,149119541.0,1.75675675675675,0.1299999999999999,0.02850389568421537,4.054054054054052,695123334.0
2024-11-05,7.51,7.81,7.82,7.49,31243959.0,242352331.0,3.7184594953519223,0.27999999999999936,0.04494736037734564,4.382470119521913,695123334.0
2024-11-06,7.8,7.8,7.94,7.74,30151280.0,236880723.0,-0.1280409731113874,-0.009999999999999787,0.043375439328871675,2.5608194622279155,695123334.0
2024-11-07,7.75,8.03,8.09,7.71,44043560.0,349041061.0,2.9487179487179382,0.22999999999999954,0.06336078483591805,4.8717948717948705,695123334.0
2024-11-08,8.13,7.96,8.2,7.91,40761112.0,329479938.0,-0.8717310087173025,-0.0699999999999994,0.05863867605399648,3.61145703611456,695123334.0
2024-11-11,7.91,8.28,8.3,7.86,49252079.0,402754379.0,4.020100502512558,0.3199999999999994,0.07085372708837882,5.527638190954779,695123334.0
2024-11-12,8.29,8.07,8.37,7.98,37733748.0,309860685.0,-2.53623188405796,-0.20999999999999908,0.054283529489458915,4.710144927536217,695123334.0
2024-11-13,7.97,8.04,8.14,7.84,23061620.0,184841628.0,-0.3717472118959231,-0.030000000000001137,0.033176299617644546,3.7174721189591162,695123334.0
2024-11-14,8.02,8.52,8.85,7.98,159692138.0,1373602452.0,5.970149253731338,0.4800000000000004,0.22973209240592116,10.820895522388051,695123334.0
2024-11-15,9.24,9.36,9.36,8.93,74733875.0,695010397.0,9.859154929577475,0.8399999999999999,0.10751167648186012,5.046948356807509,695123334.0
2024-11-18,9.96,10.3,10.3,9.65,289893882.0,2954262279.0,10.042735042735051,0.9400000000000013,0.41703949187238765,6.944444444444449,695123334.0
2024-11-19,9.27,9.27,9.27,9.27,22569900.0,209900070.0,-10.000000000000009,-1.0300000000000011,0.032468914358153314,0.0,695123334.0
2024-11-20,8.96,9.44,10.13,8.58,221177289.0,2061901185.0,1.8338727076591121,0.16999999999999993,0.3181842389425529,16.720604099244884,695123334.0
2024-11-21,9.37,9.09,9.94,8.93,188859235.0,1793354347.0,-3.7076271186440635,-0.34999999999999964,0.27169169234074364,10.699152542372879,695123334.0
2024-11-22,8.79,8.46,9.19,8.36,142940416.0,1264420717.0,-6.930693069306915,-0.629999999999999,0.2056331718537879,9.13091309130913,695123334.0
2024-11-25,8.85,8.69,9.02,8.46,114435616.0,1003695429.0,2.7186761229314182,0.22999999999999865,0.16462634816399357,6.619385342789583,695123334.0
2024-11-26,8.68,8.1,8.69,8.08,90008154.0,746500200.0,-6.789413118527044,-0.5899999999999999,0.12948515694626359,7.019562715765241,695123334.0
2024-11-27,8.0,8.9,8.9,7.73,129713756.0,1098202442.0,9.876543209876543,0.8000000000000007,0.1866053830384005,14.444444444444443,695123334.0
2024-11-28,9.02,8.69,9.33,8.66,126334755.0,1133699007.0,-2.359550561797763,-0.21000000000000085,0.1817443737257711,7.528089887640449,695123334.0
2024-11-29,8.78,9.09,9.23,8.69,130888088.0,1181177949.0,4.602991944764101,0.40000000000000036,0.18829476957250293,6.214039125431541,695123334.0
2024-12-02,8.97,9.12,9.17,8.9,88024592.0,799479715.0,0.3300330033003229,0.02999999999999936,0.12663161728937156,2.970297029702966,695123334.0
2024-12-03,9.07,9.55,9.99,8.81,144967955.0,1367540974.0,4.714912280701777,0.4300000000000015,0.20854997654272386,12.938596491228068,695123334.0
2024-12-04,9.28,9.02,9.31,8.93,84070562.0,769858558.0,-5.5497382198952945,-0.5300000000000011,0.12094337492057201,3.979057591623045,695123334.0
2024-12-05,9.06,9.93,9.93,9.06,211284922.0,2075694833.0,10.088691796008863,0.9100000000000001,0.3039531427958078,9.645232815964516,695123334.0
2024-12-06,10.47,10.93,10.93,10.47,108953919.0,1182647093.0,10.070493454179253,1.0,0.15674041378101689,4.632426988922448,695123334.0
2024-12-09,12.02,12.03,12.03,11.32,141193137.0,1694737669.0,10.064043915828002,1.0999999999999996,0.20311954741545188,6.495882891125334,695123334.0
2024-12-10,13.23,13.23,13.23,13.23,8835205.0,117243170.0,9.975062344139651,1.200000000000001,0.012710269628209604,0.0,695123334.0
2024-12-11,12.66,11.91,13.85,11.91,287432902.0,3621751668.0,-9.977324263038556,-1.3200000000000003,0.4134991417220933,14.663643235071802,695123334.0
2024-12-12,13.09,13.09,13.09,12.93,140228883.0,1840865767.0,9.907640638119219,1.1799999999999997,0.20173237775384475,1.3434089000839642,695123334.0
2024-12-13,12.16,12.66,14.03,11.79,333223354.0,4253861542.0,-3.2849503437738736,-0.4299999999999997,0.47937299426061275,17.112299465240643,695123334.0
2024-12-16,12.15,11.4,12.35,11.4,178796107.0,2078553844.0,-9.952606635071092,-1.2599999999999998,0.25721494050723376,7.503949447077403,695123334.0
2024-12-17,10.85,10.35,11.35,10.28,161718144.0,1711110062.0,-9.21052631578948,-1.0500000000000007,0.2326466917308231,9.385964912280704,695123334.0
2024-12-18,10.35,10.05,10.38,9.93,118708105.0,1205350109.0,-2.898550724637672,-0.29999999999999893,0.17077272362144585,4.347826086956532,695123334.0
2024-12-19,9.91,9.93,10.21,9.81,85894636.0,860662165.0,-1.194029850746281,-0.120000000000001,0.12356747615668445,3.9800995024875654,695123334.0
2024-12-20,10.04,10.27,10.47,9.99,118757980.0,1217151030.0,3.423967774420955,0.33999999999999986,0.1708444734787165,4.8338368580060465,695123334.0
2024-12-23,10.22,9.24,10.22,9.24,119521366.0,1148760203.0,-10.029211295034079,-1.0299999999999994,0.1719426757151559,9.54235637779942,695123334.0
2024-12-24,9.24,9.34,9.55,8.99,75587269.0,699788813.0,1.0822510822510845,0.09999999999999964,0.10873936365370235,6.060606060606066,695123334.0
2024-12-25,9.23,8.97,9.25,8.71,68529740.0,613705185.0,-3.9614561027837225,-0.3699999999999992,0.09858644739438426,5.781584582441105,695123334.0
2024-12-26,8.99,9.08,9.19,8.88,50916432.0,463131581.0,1.2263099219620877,0.10999999999999943,0.073248054711396,3.4559643255295285,695123334.0
2024-12-27,9.08,9.29,9.44,9.0,69139100.0,642030646.0,2.312775330396466,0.20999999999999908,0.09946306880844831,4.845814977973563,695123334.0
2024-12-30,9.25,9.23,9.51,8.99,56607980.0,524619587.0,-0.6458557588804981,-0.05999999999999872,0.08143587940611414,5.5974165769644735,695123334.0
2024-12-31,9.33,9.38,9.67,9.27,97640377.0,926130073.0,1.625135427952329,0.15000000000000036,0.14046482433288593,4.3336944745395485,695123334.0
2025-01-02,9.47,9.68,9.8,8.87,100090698.0,947166822.0,3.198294243070343,0.29999999999999893,0.14398984051368358,9.914712153518138,695123334.0
2025-01-03,9.6,10.05,10.64,9.2,171020175.0,1718131744.0,3.8223140495867947,0.370000000000001,0.24602853426871152,14.876033057851254,695123334.0
2025-01-06,9.65,10.22,10.52,9.09,142559303.0,1393132971.0,1.691542288557213,0.16999999999999993,0.2050849051198733,14.22885572139303,695123334.0
2025-01-07,9.89,10.67,11.14,9.88,174552336.0,1866545547.0,4.4031311154598685,0.4499999999999993,0.25110987858163314,12.328767123287667,695123334.0
2025-01-08,10.49,10.52,10.85,9.82,142119990.0,1484837677.0,-1.4058106841612017,-0.15000000000000036,0.20445291223672257,9.653233364573564,695123334.0
2025-01-09,10.35,10.09,10.54,9.98,104772962.0,1075834171.0,-4.087452471482889,-0.4299999999999997,0.1507257156756588,5.323193916349798,695123334.0
2025-01-10,9.93,9.08,10.03,9.08,112853342.0,1074777602.0,-10.009910802775025,-1.0099999999999998,0.16235009886749105,9.415262636273532,695123334.0
2025-01-13,8.68,8.76,8.93,8.35,72569644.0,628477373.0,-3.524229074889873,-0.3200000000000003,0.10439822755252236,6.387665198237887,695123334.0
2025-01-14,8.92,9.63,9.63,8.92,88887135.0,840916101.0,9.931506849315074,0.870000000000001,0.12787246615432996,8.105022831050238,695123334.0
2025-01-15,9.67,9.74,9.95,9.62,118632995.0,1162289125.0,1.1422637590861928,0.10999999999999943,0.1706646708539351,3.4267912772585674,695123334.0
2025-01-16,9.82,9.95,10.06,9.63,93754668.0,928616389.0,2.1560574948665145,0.20999999999999908,0.13487486811944654,4.4147843942505105,695123334.0
2025-01-17,9.97,9.86,10.19,9.78,85192356.0,852649580.0,-0.9045226130653283,-0.08999999999999986,0.12255718062256848,4.120603015075379,695123334.0
2025-01-20,10.01,9.77,10.13,9.7,70379720.0,693348593.0,-0.9127789046653123,-0.08999999999999986,0.10124781683706219,4.361054766734295,695123334.0
2025-01-21,9.85,9.58,9.9,9.45,55768900.0,536584357.0,-1.9447287615148356,-0.1899999999999995,0.08022878426348438,4.605936540429899,695123334.0
2025-01-22,9.38,9.45,9.54,9.22,41733000.0,393017500.0,-1.3569937369519947,-0.13000000000000078,0.06003682793937112,3.340292275574097,695123334.0
2025-01-23,9.76,9.97,10.4,9.67,149483154.0,1519258474.0,5.50264550264552,0.5200000000000014,0.21504551305998887,7.72486772486773,695123334.0
2025-01-24,9.96,10.97,10.97,9.96,174755620.0,1831518472.0,10.03009027081243,1.0,0.2514023216490097,10.13039117352056,695123334.0
2025-01-27,11.56,12.07,12.07,10.86,248086911.0,2847066351.0,10.027347310847755,1.0999999999999996,0.35689624972364975,11.03008204193255,695123334.0
2025-02-05,12.27,11.45,13.27,11.16,259239567.0,3217282030.0,-5.136702568351293,-0.620000000000001,0.37294038959710707,17.481358740679365,695123334.0
2025-02-06,11.38,12.59,12.59,10.98,181692815.0,2160227661.0,9.956331877729262,1.1400000000000006,0.2613821261825171,14.061135371179034,695123334.0
2025-02-07,12.14,12.2,13.33,11.96,261919873.0,3292098109.0,-3.0976965845909477,-0.39000000000000057,0.37679626073378225,10.88165210484511,695123334.0
2025-02-10,11.99,11.97,12.33,11.77,173891576.0,2089362352.0,-1.885245901639332,-0.22999999999999865,0.25015931345501347,4.590163934426235,695123334.0
2025-02-11,11.88,11.87,12.13,11.73,136417585.0,1631727447.0,-0.8354218880534781,-0.10000000000000142,0.1962494687309691,3.3416875522138705,695123334.0
2025-02-12,11.69,13.05,13.05,11.64,248633617.0,3138464964.0,9.941027801179448,1.1800000000000015,0.35768273749245194,11.878685762426286,695123334.0
2025-02-13,12.86,12.45,12.86,12.26,195609874.0,2458284765.0,-4.597701149425292,-0.6000000000000014,0.28140311860110856,4.597701149425284,695123334.0
2025-02-14,12.33,12.73,13.56,11.87,206386778.0,2607050894.0,2.248995983935753,0.28000000000000114,0.296906704041099,13.57429718875503,695123334.0
2025-02-17,12.68,13.21,13.45,12.4,195870537.0,2536025566.0,3.7706205813040183,0.4800000000000004,0.2817781067323515,8.248232521602505,695123334.0
2025-02-18,12.82,12.11,12.83,11.9,144959557.0,1811407323.0,-8.327024981074949,-1.1000000000000014,0.20853789523342342,7.0401211203633585,695123334.0
2025-02-19,12.17,12.31,12.34,11.83,92451167.0,1129118372.0,1.651527663088359,0.20000000000000107,0.13299965988481693,4.2113955408753085,695123334.0
2025-02-20,12.17,12.33,12.71,12.08,91624138.0,1140109944.0,0.16246953696181787,0.019999999999999574,0.13180990123401612,5.117790414297326,695123334.0
2025-02-21,12.4,12.36,12.65,11.86,106794681.0,1314514297.0,0.24330900243307862,0.02999999999999936,0.15363414774967113,6.407137064071378,695123334.0
2025-02-24,12.12,12.79,13.26,12.03,164490266.0,2113710110.0,3.478964401294493,0.4299999999999997,0.23663464878018323,9.951456310679616,695123334.0
2025-02-25,12.61,12.74,13.84,12.34,163475491.0,2136898712.0,-0.3909304143862258,-0.049999999999998934,0.2351747999298208,11.727912431587178,695123334.0
2025-02-26,12.57,13.43,13.71,12.25,188891782.0,2447423395.0,5.416012558869698,0.6899999999999995,0.2717385142476026,11.459968602825752,695123334.0
2025-02-27,13.06,12.95,13.26,12.42,131187263.0,1703346515.0,-3.5740878629933026,-0.4800000000000004,0.18872516082160465,6.254653760238272,695123334.0
2025-02-28,12.75,12.27,13.21,12.27,87351857.0,1115926106.0,-5.250965250965245,-0.6799999999999997,0.12566382500403878,7.258687258687269,695123334.0
2025-03-03,12.03,11.17,12.11,11.04,106008678.0,1218122105.0,-8.964955175224121,-1.0999999999999996,0.15250340884111366,8.720456397718014,695123334.0
2025-03-04,10.94,11.34,11.47,10.87,60089310.0,679409193.0,1.5219337511190645,0.16999999999999993,0.08644409856625529,5.371530886302609,695123334.0
2025-03-05,11.31,11.37,11.42,11.05,53317633.0,601767220.0,0.2645502645502562,0.02999999999999936,0.07670240717311326,3.2627865961199225,695123334.0
2025-03-06,11.75,11.98,12.23,11.66,108803873.0,1304238284.0,5.364995602462641,0.6100000000000012,0.15652455856128691,5.013192612137206,695123334.0
2025-03-07,12.34,11.87,12.46,11.7,109635858.0,1337335876.0,-0.9181969949916602,-0.11000000000000121,0.15772144688211545,6.343906510851433,695123334.0
2025-03-10,11.72,11.6,11.86,11.47,56713968.0,661116172.0,-2.2746419545071617,-0.2699999999999996,0.08158835306771618,3.2855939342881113,695123334.0
2025-03-11,11.38,11.5,11.52,11.27,48018896.0,548200889.0,-0.8620689655172376,-0.09999999999999964,0.06907967788058744,2.1551724137931036,695123334.0
2025-03-12,11.62,11.52,11.72,11.47,49806200.0,578417946.0,0.17391304347824654,0.019999999999999574,0.07165088202894365,2.1739130434782608,695123334.0
2025-03-13,11.41,11.17,11.49,11.08,45466370.0,511071401.0,-3.038194444444442,-0.34999999999999964,0.06540763023788812,3.559027777777779,695123334.0
2025-03-14,11.17,11.56,11.72,11.08,61246970.0,703712375.0,3.4914950760966956,0.39000000000000057,0.08810950086736694,5.729632945389441,695123334.0
2025-03-17,11.47,11.36,11.53,11.34,40147804.0,459040854.0,-1.730103806228378,-0.20000000000000107,0.05775637507228321,1.6435986159169507,695123334.0
2025-03-18,11.45,11.52,11.8,11.42,52147596.0,606487249.0,1.4084507042253502,0.16000000000000014,0.07501919939864946,3.3450704225352186,695123334.0
2025-03-19,11.41,11.26,11.41,11.18,42046705.0,474800439.0,-2.256944444444442,-0.2599999999999998,0.06048812195390926,1.9965277777777815,695123334.0
2025-03-20,11.24,11.07,11.29,11.07,32320962.0,362052290.0,-1.687388987566607,-0.1899999999999995,0.04649673003208377,1.9538188277086934,695123334.0
2025-03-21,11.03,10.59,11.14,10.59,47783400.0,516055739.0,-4.336043360433606,-0.4800000000000004,0.06874089483521784,4.968383017163512,695123334.0
2025-03-24,10.61,10.28,10.65,9.98,42673392.0,439183540.0,-2.9272898961284266,-0.3100000000000005,0.061389669879791435,6.326723323890462,695123334.0
2025-03-25,10.25,10.11,10.29,10.06,24108100.0,245306257.0,-1.6536964980544688,-0.16999999999999993,0.03468175907902985,2.2373540856030996,695123334.0
2025-03-26,10.08,10.16,10.22,10.03,19693800.0,200637941.0,0.4945598417408492,0.05000000000000071,0.02833137522038643,1.879327398615245,695123334.0
2025-03-27,10.13,10.11,10.32,10.0,26781765.0,272788597.0,-0.49212598425197873,-0.05000000000000071,0.03852807651541158,3.1496062992126013,695123334.0
2025-03-28,10.03,10.0,10.16,9.98,19315807.0,194933374.0,-1.0880316518298683,-0.10999999999999943,0.02778759689859584,1.7804154302670596,695123334.0
2025-03-31,9.9,10.13,10.22,9.6,38609290.0,382362047.0,1.3000000000000123,0.13000000000000078,0.05554307863300702,6.20000000000001,695123334.0
2025-04-01,10.16,9.92,10.22,9.9,24068500.0,241818219.0,-2.073050345508398,-0.21000000000000085,0.03462479077130218,3.1589338598223127,695123334.0
2025-04-02,9.82,9.91,10.07,9.81,15415480.0,153946701.0,-0.10080645161290036,-0.009999999999999787,0.02217661132348062,2.6209677419354818,695123334.0
2025-04-03,9.79,9.8,9.99,9.72,17832827.0,176213289.0,-1.1099899091826404,-0.10999999999999943,0.02565419131793956,2.724520686175576,695123334.0
2025-04-07,9.16,8.83,9.26,8.83,17630800.0,157415353.0,-9.897959183673477,-0.9700000000000006,0.025363556562755237,4.387755102040813,695123334.0
2025-04-08,8.49,8.33,8.81,8.01,46686640.0,389437311.0,-5.662514156285392,-0.5,0.06716310288614193,9.060022650056633,695123334.0
2025-04-09,8.15,8.63,8.74,7.52,48604267.0,401055229.0,3.601440576230508,0.3000000000000007,0.06992178887207375,14.645858343337343,695123334.0
2025-04-10,8.74,8.89,9.07,8.74,41711206.0,374073465.0,3.0127462340671984,0.2599999999999998,0.06000547522981008,3.823870220162225,695123334.0
2025-04-11,8.74,8.95,9.06,8.74,29465116.0,265308459.0,0.6749156355455366,0.05999999999999872,0.042388328169688516,3.5995500562429728,695123334.0
2025-04-14,9.07,9.11,9.22,9.07,25447371.0,233333879.0,1.787709497206702,0.16000000000000014,0.03660842580778622,1.6759776536312891,695123334.0
2025-04-15,9.12,9.07,9.21,8.98,18219006.0,165986030.0,-0.4390779363336872,-0.03999999999999915,0.026209745967181126,2.524698133918775,695123334.0
2025-04-16,9.0,8.9,9.09,8.76,20505407.0,183447453.0,-1.8743109151047377,-0.16999999999999993,0.029498947880233294,3.6383682469680276,695123334.0
2025-04-17,8.85,8.88,9.02,8.84,16033413.0,143940577.0,-0.22471910112359383,-0.019999999999999574,0.023065565800730263,2.0224719101123565,695123334.0
2025-04-18,8.84,8.91,8.98,8.82,12925120.0,115300927.0,0.33783783783782884,0.02999999999999936,0.01859399529235196,1.8018018018018032,695123334.0
2025-04-21,8.9,9.13,9.14,8.83,20983300.0,190672163.0,2.4691358024691468,0.22000000000000064,0.03018644170560961,3.4792368125701514,695123334.0
2025-04-22,9.22,9.55,9.93,9.2,75799294.0,724912309.0,4.600219058050392,0.41999999999999993,0.10904438146799428,7.995618838992337,695123334.0
2025-04-23,9.42,9.53,9.76,9.39,53169146.0,511682391.0,-0.20942408376964927,-0.02000000000000135,0.07648879472085165,3.8743455497382118,695123334.0
2025-04-24,9.49,9.11,9.49,9.1,34555253.0,320693012.0,-4.407135362014691,-0.41999999999999993,0.04971096683110338,4.092339979013648,695123334.0
2025-04-25,9.11,9.11,9.28,9.03,23137027.0,212073906.0,0.0,0.0,0.03328477964746325,2.7442371020856204,695123334.0
2025-04-28,9.47,10.02,10.02,9.47,37876400.0,377032339.0,9.989023051591662,0.9100000000000001,0.05448874774789246,6.037321624588353,695123334.0
2025-04-29,9.97,10.37,10.74,9.77,121664188.0,1250592810.0,3.4930139720558806,0.34999999999999964,0.17502532579347999,9.680638722554898,695123334.0
2025-04-30,10.18,10.32,10.61,10.02,84413622.0,872303082.0,-0.48216007714559916,-0.049999999999998934,0.12143689885110374,5.689488910318224,695123334.0
2025-05-06,10.31,10.66,10.69,10.2,74499710.0,784101359.0,3.2945736434108586,0.33999999999999986,0.10717480820461135,4.748062015503878,695123334.0
2025-05-07,10.97,10.44,11.01,10.35,74959600.0,793864095.0,-2.06378986866792,-0.22000000000000064,0.10783640302887602,6.191369606003754,695123334.0
2025-05-08,10.31,10.37,10.56,10.23,50207099.0,521829858.0,-0.6704980842911934,-0.07000000000000028,0.07222761277641127,3.160919540229886,695123334.0
2025-05-09,10.29,10.06,10.32,10.04,35872488.0,364232778.0,-2.989392478302788,-0.3099999999999987,0.05160593271064038,2.70009643201544,695123334.0
2025-05-12,10.16,10.31,10.32,10.05,32350724.0,330623595.0,2.48508946322068,0.25,0.04653954545568456,2.683896620278326,695123334.0
2025-05-13,10.38,10.2,10.46,10.19,29120300.0,301253834.0,-1.0669253152279512,-0.11000000000000121,0.04189227806874341,2.6188166828322146,695123334.0
2025-05-14,10.12,10.4,10.52,10.08,44632221.0,461688365.0,1.9607843137255054,0.20000000000000107,0.06420762880044537,4.313725490196074,695123334.0
2025-05-15,10.31,9.94,10.32,9.94,34993200.0,353629384.0,-4.42307692307693,-0.46000000000000085,0.05034099459535622,3.653846153846161,695123334.0
2025-05-16,9.87,9.98,10.07,9.86,18089533.0,181158814.0,0.4024144869215318,0.040000000000000924,0.026023486934190588,2.112676056338037,695123334.0
2025-05-19,10.15,10.98,10.98,10.11,115702697.0,1239406854.0,10.020040080160332,1.0,0.1664491628186373,8.717434869739488,695123334.0
2025-05-20,11.14,10.92,11.24,10.79,118173059.0,1294696673.0,-0.5464480874316946,-0.0600000000000005,0.17000300985436348,4.098360655737714,695123334.0
2025-05-21,10.58,10.5,10.73,10.39,70098740.0,739357316.0,-3.8461538461538436,-0.41999999999999993,0.100843600799049,3.1135531135531123,695123334.0
2025-05-22,10.42,10.74,10.95,10.33,89982877.0,969486309.0,2.285714285714291,0.2400000000000002,0.12944879361509104,5.904761904761897,695123334.0
2025-05-23,10.6,10.31,10.86,10.28,73002390.0,768394813.0,-4.003724394785846,-0.4299999999999997,0.10502077319130823,5.400372439478585,695123334.0
2025-05-26,10.29,10.27,10.29,9.94,51046120.0,517504088.0,-0.3879728419010742,-0.040000000000000924,0.07343462304201688,3.394762366634332,695123334.0
2025-05-27,10.22,10.08,10.27,10.01,35542681.0,359728123.0,-1.850048685491723,-0.1899999999999995,0.05113147446148024,2.531645569620251,695123334.0
2025-05-28,10.06,9.71,10.18,9.67,56422800.0,558415226.0,-3.6706349206349076,-0.3699999999999992,0.08116948063780578,5.0595238095238075,695123334.0
2025-05-29,9.67,10.23,10.36,9.62,72438302.0,734319366.0,5.355303810504619,0.5199999999999996,0.1042092797880383,7.621009268795058,695123334.0
2025-05-30,10.16,10.1,10.5,10.08,53807013.0,554392950.0,-1.270772238514184,-0.13000000000000078,0.07740642612351148,4.10557184750733,695123334.0
2025-06-03,10.18,10.22,10.47,10.18,52781700.0,546851762.0,1.1881188118811892,0.120000000000001,0.07593141737348152,2.8712871287128805,695123334.0
2025-06-04,10.15,10.32,10.46,10.1,56604793.0,581738290.0,0.9784735812133016,0.09999999999999964,0.08143129460821696,3.522504892367918,695123334.0
2025-06-05,10.27,10.67,10.82,10.21,89334863.0,946133439.0,3.3914728682170603,0.34999999999999964,0.1285165648028728,5.910852713178289,695123334.0
2025-06-06,10.55,10.44,10.65,10.29,55113738.0,576409358.0,-2.1555763823805085,-0.23000000000000043,0.07928627238400257,3.3739456419868903,695123334.0
2025-06-09,10.47,10.51,10.56,10.39,34954077.0,367741089.0,0.6704980842911823,0.07000000000000028,0.05028471249678981,1.6283524904214555,695123334.0
2025-06-10,10.49,10.18,10.5,10.04,41214400.0,423544850.0,-3.1398667935299773,-0.33000000000000007,0.05929077328311928,4.376784015223604,695123334.0
2025-06-11,10.13,10.25,10.42,10.13,30007338.0,309257962.0,0.6876227897838927,0.07000000000000028,0.04316836528465609,2.8487229862475356,695123334.0
2025-06-12,10.17,10.26,10.6,10.13,31069220.0,322408404.0,0.09756097560975618,0.009999999999999787,0.044695981965122755,4.585365853658526,695123334.0
2025-06-13,10.17,9.9,10.2,9.87,37167303.0,371991118.0,-3.508771929824561,-0.35999999999999943,0.05346864532100429,3.2163742690058483,695123334.0
2025-06-16,9.79,10.22,10.27,9.79,39300860.0,401214531.0,3.232323232323231,0.3200000000000003,0.05653796682935118,4.848484848484853,695123334.0
2025-06-17,10.22,10.35,10.5,10.15,39047580.0,404784633.0,1.2720156555772855,0.129999999999999,0.05617359983487477,3.4246575342465717,695123334.0
2025-06-18,10.27,10.25,10.46,10.19,29780560.0,308150928.0,-0.9661835748792202,-0.09999999999999964,0.04284212389854834,2.608695652173926,695123334.0
2025-06-19,10.32,9.86,10.33,9.83,36297558.0,363943743.0,-3.804878048780491,-0.39000000000000057,0.05221743570472632,4.878048780487805,695123334.0
2025-06-20,9.82,9.56,9.87,9.46,28973200.0,279437225.0,-3.0425963488843744,-0.29999999999999893,0.04168066094584591,4.158215010141972,695123334.0
2025-06-23,9.45,9.88,9.89,9.42,27689930.0,270390504.0,3.347280334728042,0.3200000000000003,0.03983455689893443,4.916317991631805,695123334.0
2025-06-24,9.87,10.52,10.87,9.84,120904709.0,1282815551.0,6.477732793522262,0.6399999999999988,0.173932744142351,10.425101214574891,695123334.0
2025-06-25,10.54,10.92,11.22,10.43,144016158.0,1557302546.0,3.802281368821303,0.40000000000000036,0.20718072744195926,7.509505703422062,695123334.0
2025-06-26,11.14,10.75,11.21,10.73,88729700.0,964636866.0,-1.5567765567765512,-0.16999999999999993,0.1276459811662717,4.3956043956043995,695123334.0
2025-06-27,10.83,10.63,10.96,10.62,57251869.0,617360167.0,-1.116279069767434,-0.11999999999999922,0.08236217401961074,3.1627906976744335,695123334.0
2025-06-30,10.62,10.64,10.72,10.61,37880300.0,404533803.0,0.09407337723423836,0.009999999999999787,0.05449435826304746,1.034807149576681,695123334.0
2025-07-01,10.62,10.51,10.68,10.42,32280400.0,340643910.0,-1.2218045112782017,-0.13000000000000078,0.04643837779728453,2.4436090225563887,695123334.0
2025-07-02,10.5,10.36,10.51,10.25,28096500.0,292024287.0,-1.4272121788772685,-0.15000000000000036,0.04041944591087486,2.4738344433872483,695123334.0
2025-07-03,10.52,10.28,10.57,10.19,31180500.0,321689314.0,-0.7722007722007707,-0.08000000000000007,0.04485606866421204,3.6679536679536757,695123334.0
2025-07-04,10.26,10.24,10.42,10.13,37976300.0,391782736.0,-0.38910505836574627,-0.03999999999999915,0.05463246325147819,2.8210116731517427,695123334.0
2025-07-07,10.21,10.4,10.45,10.16,34977102.0,363832700.0,1.5625,0.16000000000000014,0.05031783611510875,2.8320312499999916,695123334.0
2025-07-08,10.36,10.63,10.64,10.29,53447012.0,566152062.0,2.211538461538476,0.23000000000000043,0.07688853097830262,3.365384615384629,695123334.0
2025-07-09,10.63,10.83,11.12,10.5,101472176.0,1100494557.0,1.881467544684856,0.1999999999999993,0.1459772259637597,5.832549388523041,695123334.0
2025-07-10,10.83,10.9,11.06,10.69,88891014.0,971224830.0,0.6463527239150446,0.07000000000000028,0.12787804645901873,3.4164358264081347,695123334.0
2025-07-11,10.82,11.0,11.17,10.6,103493478.0,1135535564.0,0.917431192660545,0.09999999999999964,0.14888505814422853,5.22935779816514,695123334.0
2025-07-14,11.04,10.79,11.08,10.72,52476753.0,569056262.0,-1.9090909090909158,-0.21000000000000085,0.07549272256195043,3.2727272727272676,695123334.0
2025-07-15,10.76,10.81,10.99,10.52,58848120.0,632798815.0,0.1853568118628468,0.02000000000000135,0.08465853053927262,4.355885078776652,695123334.0
2025-07-16,10.8,10.75,10.91,10.67,38032753.0,411383628.0,-0.5550416281221104,-0.0600000000000005,0.054713676177643604,2.2201665124884387,695123334.0
2025-07-17,10.72,10.76,10.89,10.67,37852205.0,407800645.0,0.09302325581395099,0.009999999999999787,0.05445394097502703,2.046511627906983,695123334.0
2025-07-18,10.98,10.64,11.29,10.63,60881700.0,663035387.0,-1.1152416356877248,-0.11999999999999922,0.08758402577232431,6.133828996282513,695123334.0
2025-07-21,10.62,10.6,10.76,10.53,37225300.0,396257358.0,-0.375939849624074,-0.040000000000000924,0.05355207943573363,2.16165413533835,695123334.0
2025-07-22,10.57,10.46,10.59,10.38,33703179.0,353271732.0,-1.3207547169811207,-0.1399999999999988,0.04848517860285208,1.9811320754716895,695123334.0
2025-07-23,10.43,10.41,10.57,10.35,32671781.0,342774206.0,-0.47801147227534146,-0.05000000000000071,0.04700141601058669,2.103250478011478,695123334.0
2025-07-24,10.36,10.55,10.55,10.35,27026981.0,284128602.0,1.344860710854956,0.14000000000000057,0.038880842690859806,1.921229586935649,695123334.0
2025-07-25,10.54,10.6,10.72,10.44,39344860.0,417547093.0,0.4739336492890933,0.049999999999998934,0.056601264949048595,2.654028436018968,695123334.0
2025-07-28,10.37,10.13,10.37,10.05,68235801.0,693376291.0,-4.433962264150937,-0.46999999999999886,0.09816358862152655,3.018867924528288,695123334.0
2025-07-29,10.15,10.17,10.17,9.97,30722303.0,310477467.0,0.39486673247777215,0.03999999999999915,0.04419690937896209,1.9743336623889365,695123334.0
2025-07-30,10.15,10.0,10.15,9.97,24473127.0,246391124.0,-1.671583087512285,-0.16999999999999993,0.03520688459582052,1.769911504424776,695123334.0
2025-07-31,9.96,10.08,10.27,9.95,36192074.0,366867453.0,0.8000000000000007,0.08000000000000007,0.05206568709431354,3.200000000000003,695123334.0
2025-08-01,10.03,10.14,10.19,9.93,32810472.0,330971082.0,0.5952380952380931,0.0600000000000005,0.04720093599965384,2.5793650793650773,695123334.0
2025-08-04,10.05,10.13,10.14,10.0,17887753.0,180757999.0,-0.09861932938856066,-0.009999999999999787,0.025733207511632748,1.3806706114398477,695123334.0
2025-08-05,10.14,10.2,10.3,10.12,24543664.0,250803894.0,0.6910167818361179,0.06999999999999851,0.03530835867466362,1.776900296150064,695123334.0
2025-08-06,10.13,10.17,10.18,10.04,25588498.0,259817261.0,-0.2941176470588225,-0.02999999999999936,0.0368114502109348,1.372549019607849,695123334.0
2025-08-07,10.2,10.23,10.47,10.18,28808412.0,296340820.0,0.5899705014749346,0.0600000000000005,0.041443597978830043,2.851524090462153,695123334.0
2025-08-08,10.19,10.01,10.22,10.0,31942440.0,321955364.0,-2.1505376344086113,-0.22000000000000064,0.045952190694263186,2.1505376344086082,695123334.0
2025-08-11,10.0,10.14,10.2,9.99,21826144.0,221515786.0,1.2987012987013102,0.13000000000000078,0.031398951714660756,2.0979020979020886,695123334.0
2025-08-12,10.16,10.1,10.19,10.07,20352272.0,206533427.0,-0.39447731755425375,-0.040000000000000924,0.02927864884478184,1.1834319526627142,695123334.0
2025-08-13,10.13,10.09,10.17,10.02,27999445.0,283258807.0,-0.0990099009900991,-0.009999999999999787,0.04027982320616502,1.4851485148514887,695123334.0
2025-08-14,10.08,10.08,10.22,10.05,36114568.0,366596726.0,-0.09910802775024985,-0.009999999999999787,0.05195418745646654,1.6848364717542115,695123334.0
2025-08-15,10.02,10.22,10.22,9.97,51866290.0,527360830.0,1.388888888888884,0.14000000000000057,0.07461451437911304,2.4801587301587302,695123334.0
2025-08-18,10.17,10.35,10.42,10.14,56344060.0,581251584.0,1.2720156555772855,0.129999999999999,0.08105620577542,2.739726027397254,695123334.0
2025-08-19,10.27,10.49,10.62,10.27,64033166.0,673757128.0,1.352657004830915,0.14000000000000057,0.09211770468346844,3.3816425120772915,695123334.0
2025-08-20,10.43,10.46,10.54,10.26,38785400.0,404160593.0,-0.2859866539561384,-0.02999999999999936,0.05579642935709593,2.6692087702573817,695123334.0
2025-08-21,10.49,10.4,10.76,10.33,46649649.0,491242408.0,-0.5736137667304075,-0.0600000000000005,0.06710988786919359,4.110898661567875,695123334.0
2025-08-22,10.32,10.54,10.59,10.32,52678579.0,553804174.0,1.3461538461538414,0.1399999999999988,0.07578306815981523,2.5961538461538423,695123334.0
2025-08-25,10.65,10.54,10.65,10.45,49803502.0,526430022.0,0.0,0.0,0.0716470007033313,1.89753320683113,695123334.0
2025-08-26,10.48,10.62,10.71,10.41,52915470.0,563700173.0,0.7590132827324458,0.08000000000000007,0.07612385804329797,2.8462998102466863,695123334.0
2025-08-27,10.75,10.54,10.92,10.53,76621742.0,827269053.0,-0.7532956685499026,-0.08000000000000007,0.11022754992137841,3.672316384180797,695123334.0
2025-08-28,10.47,10.61,10.62,10.11,53399756.0,558335979.0,0.6641366223908873,0.07000000000000028,0.07682054879774759,4.838709677419353,695123334.0
2025-08-29,11.17,11.67,11.67,10.92,121980810.0,1385118867.0,9.990574929311968,1.0600000000000005,0.17548081618563535,7.0688030160226205,695123334.0
2025-09-01,11.96,11.84,12.18,11.49,229839512.0,2728311097.0,1.4567266495286946,0.16999999999999993,0.3306456577675466,5.912596401028273,695123334.0
2025-09-02,11.57,11.53,11.71,11.19,124522497.0,1428247599.0,-2.6182432432432456,-0.3100000000000005,0.17913727091198467,4.391891891891904,695123334.0
2025-09-03,11.38,10.81,11.53,10.78,86293538.0,962908334.0,-6.244579358196001,-0.7199999999999989,0.12414133403267398,6.504770164787511,695123334.0
2025-09-04,10.79,11.89,11.89,10.75,214241308.0,2474356367.0,9.990749306197966,1.08,0.30820618086171164,10.54579093432008,695123334.0
2025-09-05,11.71,11.7,11.92,11.5,163055738.0,1903363970.0,-1.5979814970563555,-0.19000000000000128,0.23457094593806285,3.53238015138772,695123334.0
2025-09-08,11.65,11.77,11.97,11.52,128499713.0,1514669078.0,0.5982905982905962,0.07000000000000028,0.1848588685126775,3.8461538461538556,695123334.0
2025-09-09,11.6,11.4,11.7,11.3,93091685.0,1073277348.0,-3.143585386576031,-0.3699999999999992,0.13392110499918852,3.3984706881903026,695123334.0
2025-09-10,11.56,11.91,12.08,11.4,154612801.0,1832044882.0,4.473684210526319,0.5099999999999998,0.22242499055570475,5.964912280701752,695123334.0
2025-09-11,11.74,12.12,12.44,11.62,159395080.0,1918671569.0,1.76322418136019,0.20999999999999908,0.22930474665953307,6.884970612930314,695123334.0
2025-09-12,11.97,11.8,12.32,11.76,119753813.0,1438679861.0,-2.640264026402628,-0.3199999999999985,0.1722770724885492,4.620462046204625,695123334.0
2025-09-15,11.62,11.67,11.89,11.38,85265013.0,988049955.0,-1.1016949152542477,-0.13000000000000078,0.1226617045199061,4.322033898305082,695123334.0
2025-09-16,11.76,12.83,12.83,11.75,180158141.0,2223128705.0,9.940017137960577,1.1600000000000001,0.25917435394277816,9.254498714652957,695123334.0
2025-09-17,12.57,13.1,13.46,12.46,236386147.0,3095997235.0,2.104442712392829,0.2699999999999996,0.3400636051731217,7.79423226812159,695123334.0
2025-09-18,13.04,12.42,13.15,12.12,178962870.0,2260813681.0,-5.190839694656491,-0.6799999999999997,0.2574548446966679,7.862595419847337,695123334.0
2025-09-19,12.37,12.06,12.39,11.92,98264171.0,1190599421.0,-2.898550724637672,-0.35999999999999943,0.141362210407398,3.7842190016103108,695123334.0
2025-09-22,12.09,12.62,12.64,11.83,113638266.0,1403939852.0,4.643449419568801,0.5599999999999987,0.1634792855335223,6.716417910447765,695123334.0
2025-09-23,12.39,12.13,12.4,11.91,80405009.0,976937609.0,-3.882725832012668,-0.48999999999999844,0.11567013372622591,3.8827258320126803,695123334.0
2025-09-24,12.02,11.74,12.02,11.42,81222784.0,950691823.0,-3.215169002473206,-0.39000000000000057,0.11684657963157945,4.946413849958777,695123334.0
2025-09-25,11.6,11.82,11.98,11.52,69251256.0,815150725.0,0.6814310051107331,0.08000000000000007,0.09962441571555704,3.918228279386719,695123334.0
2025-09-26,11.71,11.17,11.71,11.12,61134797.0,699826161.0,-5.499153976311344,-0.6500000000000004,0.08794812950416653,4.991539763113381,695123334.0
2025-09-29,11.26,11.39,11.55,11.05,44766467.0,509985918.0,1.9695613249776311,0.22000000000000064,0.06440075424082944,4.476275738585497,695123334.0
2025-09-30,11.43,11.3,11.52,11.25,38808539.0,441528447.0,-0.7901668129938533,-0.08999999999999986,0.05582971697508862,2.370500438981559,695123334.0
2025-10-09,11.27,11.76,12.02,11.22,67446970.0,786465897.0,4.070796460176984,0.4599999999999991,0.09702878137018488,7.079646017699106,695123334.0
2025-10-10,11.61,11.35,11.68,11.34,42367166.0,486966695.0,-3.486394557823136,-0.41000000000000014,0.060949135107008216,2.8911564625850326,695123334.0
2025-10-13,10.72,11.01,11.08,10.72,38449136.0,422188942.0,-2.995594713656391,-0.33999999999999986,0.05531268210887019,3.1718061674008764,695123334.0
2025-10-14,11.21,10.88,11.34,10.85,34865471.0,387051098.0,-1.180744777475018,-0.129999999999999,0.05015724446965551,4.4504995458673955,695123334.0
2025-10-15,11.0,11.14,11.14,10.8,32916969.0,363461945.0,2.389705882352944,0.2599999999999998,0.04735414190541329,3.1249999999999987,695123334.0
2025-10-16,11.1,10.83,11.11,10.82,27245035.0,298583982.0,-2.782764811490135,-0.3100000000000005,0.03919453378614391,2.603231597845594,695123334.0
2025-10-17,10.81,10.4,10.89,10.35,30370519.0,322850004.0,-3.970452446906736,-0.4299999999999997,0.043690835157606724,4.986149584487543,695123334.0
2025-10-20,10.56,10.57,10.7,10.48,20985475.0,222412859.0,1.6346153846153788,0.16999999999999993,0.030189570646753747,2.1153846153846043,695123334.0
2025-10-21,10.64,10.72,10.78,10.53,19325132.0,206689519.0,1.4191106906338735,0.15000000000000036,0.027801011784190803,2.3651844843897827,695123334.0
2025-10-22,10.65,10.7,10.83,10.6,17195074.0,184877347.0,-0.1865671641791189,-0.02000000000000135,0.024736723914953487,2.1455223880597054,695123334.0
2025-10-23,10.66,10.82,10.82,10.43,24399949.0,259328091.0,1.1214953271028172,0.120000000000001,0.035101611191201934,3.6448598130841177,695123334.0
2025-10-24,10.82,11.13,11.17,10.82,44026281.0,487169150.0,2.865064695009245,0.3100000000000005,0.06333592737659414,3.2347504621072054,695123334.0
2025-10-27,11.2,11.18,11.39,11.07,53287266.0,597847530.0,0.4492362982928988,0.049999999999998934,0.07665872140036663,2.8751123090745754,695123334.0
2025-10-28,11.08,11.11,11.22,11.02,26986618.0,300285515.0,-0.6261180679785316,-0.07000000000000028,0.03882277673619283,1.7889087656529614,695123334.0
2025-10-29,11.07,11.17,11.17,10.96,32217341.0,357597861.0,0.5400540054005365,0.0600000000000005,0.046347661521602725,1.890189018901882,695123334.0
2025-10-30,11.12,11.0,11.25,11.0,31325459.0,349304126.0,-1.5219337511190645,-0.16999999999999993,0.045064605758148815,2.2381378692927485,695123334.0
2025-10-31,11.05,11.24,11.32,11.01,38310587.0,430291691.0,2.1818181818181737,0.2400000000000002,0.05511336640009843,2.818181818181823,695123334.0
2025-11-03,11.26,11.39,11.57,11.12,43031790.0,490158847.0,1.3345195729537407,0.15000000000000036,0.06190525895941223,4.003558718861219,695123334.0
2025-11-04,11.29,11.15,11.3,11.08,26888558.0,301136984.0,-2.1071115013169495,-0.2400000000000002,0.03868170824488536,1.9315188762072049,695123334.0
2025-11-05,11.02,11.08,11.2,10.97,22173404.0,245961533.0,-0.627802690582957,-0.07000000000000028,0.03189851773843633,2.0627802690582837,695123334.0
2025-11-06,11.07,11.02,11.08,10.89,23958971.0,263771849.0,-0.5415162454873723,-0.0600000000000005,0.03446722304965812,1.7148014440433168,695123334.0
2025-11-07,10.96,10.83,10.96,10.82,23898547.0,260399619.0,-1.724137931034475,-0.1899999999999995,0.03438029746819001,1.270417422867519,695123334.0
2025-11-10,10.88,10.91,10.96,10.8,18723965.0,204264151.0,0.7386888273314796,0.08000000000000007,0.026936176767733133,1.4773776546629747,695123334.0
2025-11-11,10.91,10.89,10.98,10.82,19718760.0,215567580.0,-0.18331805682859637,-0.019999999999999574,0.02836728251737842,1.4665444546287822,695123334.0
2025-11-12,10.85,10.62,10.87,10.52,24035600.0,256585563.0,-2.4793388429752206,-0.27000000000000135,0.034577461040892064,3.2139577594123017,695123334.0
2025-11-13,10.62,10.71,10.72,10.51,16132386.0,172366252.0,0.847457627118664,0.09000000000000163,0.023207947728021455,1.977401129943511,695123334.0
2025-11-14,10.62,10.52,10.69,10.51,15068266.0,160449452.0,-1.7740429505135547,-0.19000000000000128,0.021677111475012,1.6806722689075602,695123334.0
2025-11-17,10.46,10.6,10.65,10.43,14639263.0,155190676.0,0.7604562737642651,0.08000000000000007,0.02105995049218129,2.091254752851717,695123334.0
2025-11-18,10.55,10.66,10.71,10.5,18713626.0,199566769.0,0.5660377358490676,0.0600000000000005,0.02692130314819787,1.9811320754717063,695123334.0
2025-11-19,10.58,10.26,10.62,10.19,29268328.0,303725763.0,-3.752345215759856,-0.40000000000000036,0.04210523020652908,4.033771106941836,695123334.0
2025-11-20,10.37,10.13,10.41,10.12,20386036.0,208985967.0,-1.2670565302144166,-0.129999999999999,0.02932722152008783,2.8265107212475726,695123334.0
2025-11-21,10.03,9.85,10.17,9.81,24042926.0,240058392.0,-2.764067127344527,-0.28000000000000114,0.03458800017782168,3.553800592300093,695123334.0
2025-11-24,9.91,10.13,10.17,9.83,21080272.0,212199879.0,2.842639593908647,0.28000000000000114,0.030325945007048202,3.4517766497461917,695123334.0
2025-11-25,10.13,10.21,10.33,10.13,16616810.0,170817302.0,0.7897334649555887,0.08000000000000007,0.023904837008391952,1.9743336623889365,695123334.0
2025-11-26,10.18,10.0,10.25,9.99,16948351.0,171915411.0,-2.0568070519099035,-0.21000000000000085,0.024381789778905625,2.5465230166503408,695123334.0
2025-11-27,10.05,9.98,10.12,9.97,11382575.0,114565494.0,-0.20000000000000018,-0.019999999999999574,0.016374899882155302,1.4999999999999858,695123334.0
2025-11-28,9.98,10.07,10.07,9.94,11287800.0,113394224.0,0.9018036072144353,0.08999999999999986,0.01623855717092069,1.3026052104208494,695123334.0
2025-12-01,10.04,10.14,10.17,10.01,17116175.0,173508928.0,0.6951340615690249,0.07000000000000028,0.02462322031618061,1.588877855014897,695123334.0
2025-12-02,10.12,9.99,10.12,9.97,12126740.0,121665392.0,-1.47928994082841,-0.15000000000000036,0.01744545091044232,1.4792899408283882,695123334.0
2025-12-03,10.0,9.76,10.01,9.72,20736744.0,204088038.0,-2.302302302302306,-0.23000000000000043,0.029831747814697874,2.9029029029028943,695123334.0
2025-12-04,9.75,9.77,9.87,9.62,13756100.0,134694765.0,0.10245901639343025,0.009999999999999787,0.01978943782658287,2.5614754098360657,695123334.0
2025-12-05,9.74,9.93,9.98,9.67,17400769.0,172047363.0,1.6376663254861867,0.16000000000000014,0.025032635431570766,3.1729785056294832,695123334.0
2025-12-08,9.98,10.05,10.13,9.98,18037975.0,181880292.0,1.2084592145015227,0.120000000000001,0.02594931592384151,1.5105740181268918,695123334.0
2025-12-09,10.02,9.9,10.05,9.89,11895678.0,118659197.0,-1.4925373134328401,-0.15000000000000036,0.01711304658922585,1.592039800995026,695123334.0
2025-12-10,9.89,9.87,9.92,9.77,11573820.0,114296413.0,-0.3030303030303161,-0.030000000000001137,0.016650023720826496,1.5151515151515187,695123334.0
2025-12-11,9.87,9.61,9.91,9.6,15086897.0,147081013.0,-2.634245187436679,-0.2599999999999998,0.021703913912922968,3.140830800405274,695123334.0
2025-12-12,9.63,9.71,9.74,9.57,11449597.0,111135334.0,1.0405827263267664,0.10000000000000142,0.016471317304390762,1.7689906347554625,695123334.0
2025-12-15,9.7,9.59,9.75,9.58,12261500.0,118674532.0,-1.2358393408856916,-0.120000000000001,0.017639315787951956,1.7507723995880526,695123334.0
2025-12-16,9.59,9.72,9.87,9.47,28004485.0,271674326.0,1.355578727841511,0.13000000000000078,0.040287073718057634,4.171011470281528,695123334.0
2025-12-17,9.62,9.77,9.78,9.39,29316101.0,281961487.0,0.5144032921810648,0.049999999999998934,0.042173956139990545,4.012345679012333,695123334.0
2025-12-18,9.67,9.71,9.85,9.65,16430276.0,161195874.0,-0.6141248720573089,-0.05999999999999872,0.023636490384309268,2.0470829068577205,695123334.0
2025-12-19,9.71,9.86,9.92,9.71,17266220.0,170494155.0,1.5447991761070812,0.14999999999999858,0.024839074097316952,2.162718846549939,695123334.0
2025-12-22,9.89,9.9,9.95,9.88,15435396.0,153474716.0,0.40567951318459805,0.040000000000000924,0.022205262354205477,0.7099391480730072,695123334.0
2025-12-23,9.89,9.77,9.91,9.74,12919472.0,127127844.0,-1.3131313131313216,-0.13000000000000078,0.01858587011553262,1.7171717171717165,695123334.0
2025-12-24,9.77,10.21,10.47,9.73,48062358.0,489059669.0,4.5035823950870135,0.4400000000000013,0.0691422020369122,7.574206755373596,695123334.0
2025-12-25,10.15,10.23,10.28,10.09,25958264.0,265329995.0,0.19588638589618235,0.019999999999999574,0.0373433932229356,1.860920666013707,695123334.0
2025-12-26,10.15,10.29,10.33,10.14,24916808.0,256346474.0,0.586510263929596,0.05999999999999872,0.035845161255944835,1.857282502443788,695123334.0
2025-12-29,10.24,10.47,10.55,10.22,35107840.0,366443283.0,1.7492711370262537,0.1800000000000015,0.05050591496904059,3.2069970845481057,695123334.0
2025-12-30,10.47,10.49,10.56,10.36,34866694.0,365969736.0,0.19102196752625034,0.019999999999999574,0.050159003869664376,1.9102196752626655,695123334.0
2025-12-31,10.54,10.75,10.94,10.44,60093144.0,645630576.0,2.4785510009532885,0.2599999999999998,0.08644961413423075,4.7664442326024785,695123334.0
2026-01-05,10.96,10.56,10.96,10.41,58245315.0,616098145.0,-1.7674418604651132,-0.1899999999999995,0.08379133910644986,5.116279069767449,695123334.0
2026-01-06,10.55,10.72,10.75,10.53,52622995.0,561570518.0,1.5151515151515138,0.16000000000000014,0.07570310537151383,2.0833333333333393,695123334.0
2026-01-07,10.62,10.43,10.68,10.41,37405843.0,394494820.0,-2.7052238805970186,-0.2900000000000009,0.05381180744538206,2.5186567164179063,695123334.0
2026-01-08,10.42,10.58,10.62,10.4,28392993.0,300752115.0,1.4381591562799612,0.15000000000000036,0.04084597885186228,2.1093000958772663,695123334.0
2026-01-09,10.59,10.81,10.81,10.58,39015030.0,419273005.0,2.1739130434782705,0.23000000000000043,0.056126773612234976,2.173913043478265,695123334.0
2026-01-12,11.08,11.5,11.52,11.02,92297259.0,1045363845.0,6.382978723404253,0.6899999999999995,0.1327782488164899,4.6253469010175765,695123334.0
2026-01-13,11.47,11.06,11.47,10.97,58446878.0,655115801.0,-3.826086956521735,-0.4399999999999995,0.08408130635419009,4.3478260869565215,695123334.0
2026-01-14,11.04,11.4,11.75,11.0,91862542.0,1053809037.0,3.074141048824597,0.33999999999999986,0.13215286770966028,6.78119349005425,695123334.0
2026-01-15,11.23,11.15,11.36,11.03,45407715.0,508674027.0,-2.1929824561403466,-0.25,0.06532324952855056,2.8947368421052637,695123334.0
2026-01-16,11.21,10.84,11.24,10.79,37497753.0,410485649.0,-2.78026905829597,-0.3100000000000005,0.053944028585868185,4.035874439461893,695123334.0
2026-01-19,10.79,10.89,10.9,10.72,23833611.0,258979231.0,0.46125461254613587,0.05000000000000071,0.03428688095226566,1.660516605166049,695123334.0
2026-01-20,10.86,10.65,10.95,10.55,27455950.0,294553522.0,-2.203856749311295,-0.2400000000000002,0.039497954761507116,3.673094582185478,695123334.0
2026-01-21,10.57,10.64,10.73,10.47,19786306.0,211209685.0,-0.09389671361501595,-0.009999999999999787,0.028464453762675732,2.4413145539906083,695123334.0
2026-01-22,10.64,10.78,10.8,10.64,27282058.0,293531273.0,1.3157894736842035,0.1399999999999988,0.0392477948380884,1.5037593984962419,695123334.0
2026-01-23,10.76,10.85,10.95,10.75,25247954.0,274861366.0,0.6493506493506551,0.07000000000000028,0.03632154578197486,1.8552875695732773,695123334.0
2026-01-26,10.97,10.88,11.2,10.62,48479766.0,529266128.0,0.27649769585254,0.030000000000001137,0.069742682526609,5.345622119815669,695123334.0
2026-01-27,10.83,10.79,11.03,10.57,30816771.0,331190755.0,-0.8272058823529549,-0.09000000000000163,0.04433281044195245,4.22794117647058,695123334.0
2026-01-28,10.75,10.59,10.93,10.57,33659249.0,361587298.0,-1.853568118628357,-0.1999999999999993,0.04842198118470872,3.3364226135310417,695123334.0
2026-01-29,10.53,10.71,11.0,10.33,48248594.0,520343405.0,1.1331444759207,0.120000000000001,0.0694101199600933,6.326723323890462,695123334.0
2026-01-30,10.59,10.37,10.64,10.33,32777989.0,343062360.0,-3.1746031746031855,-0.34000000000000163,0.04715420616278722,2.894491129785252,695123334.0
2026-02-02,10.36,10.25,10.54,10.25,23536142.0,246089644.0,-1.1571841851494624,-0.11999999999999922,0.03385894394389586,2.7965284474445435,695123334.0
2026-02-03,10.37,10.49,10.49,10.28,20661027.0,215819979.0,2.3414634146341484,0.2400000000000002,0.029722821820854024,2.0487804878048865,695123334.0
2026-02-04,10.43,10.37,10.45,10.25,22184628.0,229803914.0,-1.1439466158246092,-0.120000000000001,0.03191466451333369,1.9065776930409846,695123334.0
2026-02-05,10.32,10.26,10.38,10.26,13242860.0,136794674.0,-1.060752169720347,-0.10999999999999943,0.019051094032185086,1.1571841851494793,695123334.0
2026-02-06,10.16,10.23,10.34,10.05,15060460.0,154752291.0,-0.29239766081871066,-0.02999999999999936,0.021665881813140227,2.8265107212475553,695123334.0
2026-02-09,10.36,10.42,10.44,10.35,17827777.0,185904394.0,1.8572825024437911,0.1899999999999995,0.02564692642011065,0.8797653958944267,695123334.0
2026-02-10,10.42,10.53,10.6,10.41,18737094.0,197840515.0,1.055662188099804,0.10999999999999943,0.026955064063494665,1.8234165067178454,695123334.0
2026-02-11,10.47,10.39,10.54,10.37,14844425.0,155665555.0,-1.3295346628679816,-0.1399999999999988,0.021355095238394056,1.6144349477682804,695123334.0
2026-02-12,10.4,10.36,10.45,10.3,13464319.0,140137746.0,-0.2887391722810495,-0.030000000000001137,0.019369683538777594,1.4436958614051836,695123334.0
2026-02-13,10.37,10.4,10.55,10.33,19032554.0,199448743.0,0.38610038610038533,0.040000000000000924,0.027380110937262826,2.1235521235521295,695123334.0
2026-02-24,10.48,10.35,10.52,10.27,17828000.0,185637557.0,-0.48076923076924016,-0.05000000000000071,0.025647247226490026,2.4038461538461537,695123334.0
2026-02-25,10.37,10.46,10.51,10.32,21578000.0,226133795.0,1.0628019323671634,0.11000000000000121,0.03104197333706539,1.8357487922705265,695123334.0
2026-02-26,10.48,10.4,10.52,10.35,18354600.0,191573336.0,-0.5736137667304075,-0.0600000000000005,0.026404810631777756,1.6252390057361368,695123334.0
2026-02-27,10.35,10.43,10.49,10.33,19842875.0,207575562.0,0.28846153846153744,0.02999999999999936,0.02854583356570217,1.5384615384615397,695123334.0
2026-03-02,10.18,9.83,10.23,9.8,43127308.0,429314309.0,-5.752636625119845,-0.5999999999999996,0.062042670545713545,4.122722914669221,695123334.0
2026-03-03,9.85,9.44,9.93,9.41,26873009.0,259477718.0,-3.967446592065116,-0.39000000000000057,0.03865933955254047,5.289928789420138,695123334.0
2026-03-04,9.31,9.26,9.42,9.18,20387547.0,189955777.0,-1.906779661016944,-0.17999999999999972,0.029329395235061985,2.5423728813559343,695123334.0
2026-03-05,9.45,9.53,9.63,9.44,22003820.0,210575425.0,2.9157667386608965,0.2699999999999996,0.031654555276373446,2.051835853131763,695123334.0
2026-03-06,9.46,9.61,9.61,9.42,11957572.0,114778106.0,0.8394543546694555,0.08000000000000007,0.017202086903329302,1.9937040923399738,695123334.0
2026-03-09,9.47,9.59,9.63,9.35,17106879.0,162401959.0,-0.20811654526534662,-0.019999999999999574,0.0246098471498009,2.913631633714892,695123334.0
2026-03-10,9.69,9.75,9.85,9.64,15513110.0,151439247.0,1.6684045881126153,0.16000000000000014,0.022317061219527413,2.1897810218978004,695123334.0
2026-03-11,9.74,9.77,9.81,9.71,12988963.0,127173332.0,0.20512820512819108,0.019999999999999574,0.018685839425439284,1.025641025641022,695123334.0
2026-03-12,9.75,9.78,9.85,9.72,15074853.0,148009080.0,0.10235414534287557,0.009999999999999787,0.02168658749124943,1.330603889457513,695123334.0
2026-03-13,9.73,9.47,9.73,9.44,16690804.0,160082709.0,-3.1697341513292288,-0.3099999999999987,0.024011284305412196,2.9652351738241407,695123334.0
2026-03-16,9.47,9.59,9.64,9.43,14813576.0,141912571.0,1.2671594508975703,0.11999999999999922,0.021310716063518018,2.2175290390707585,695123334.0
2026-03-17,9.61,9.42,9.67,9.4,13470672.0,129010940.0,-1.7726798748696537,-0.16999999999999993,0.019378822924105723,2.8154327424400374,695123334.0
2026-03-18,9.46,9.55,9.55,9.36,10482160.0,99503649.0,1.3800424628450214,0.13000000000000078,0.015079568599260977,2.0169851380042596,695123334.0
2026-03-19,9.42,9.34,9.48,9.29,12066439.0,113558344.0,-2.198952879581162,-0.21000000000000085,0.017358702275990637,1.9895287958115317,695123334.0
2026-03-20,9.38,8.93,9.42,8.93,20294181.0,185567714.0,-4.389721627408994,-0.41000000000000014,0.029195079502251323,5.246252676659531,695123334.0
2026-03-23,8.77,8.43,8.81,8.36,23613554.0,203237052.0,-5.599104143337064,-0.5,0.03397030835394169,5.0391937290033715,695123334.0
2026-03-24,8.72,8.7,8.74,8.44,19398000.0,166912439.0,3.2028469750889688,0.2699999999999996,0.027905839224784245,3.558718861209973,695123334.0
2026-03-25,8.73,8.82,8.85,8.68,13917800.0,122525191.0,1.379310344827589,0.120000000000001,0.02002205841647088,1.9540229885057463,695123334.0
2026-03-26,8.8,8.55,8.85,8.51,13099583.0,113587933.0,-3.0612244897959107,-0.2699999999999996,0.01884497665273311,3.8548752834467104,695123334.0
2026-03-27,8.44,8.7,8.72,8.38,11617601.0,100612810.0,1.754385964912264,0.14999999999999858,0.016713006788519058,3.9766081871345014,695123334.0
2026-03-30,8.58,8.68,8.71,8.5,10613000.0,91763523.0,-0.22988505747125743,-0.019999999999999574,0.015267794189743025,2.413793103448286,695123334.0
2026-03-31,8.66,8.55,8.77,8.54,10582242.0,91932699.0,-1.497695852534553,-0.129999999999999,0.015223545926887272,2.649769585253461,695123334.0
2026-04-01,8.7,8.67,8.73,8.58,10540322.0,91389966.0,1.4035087719298067,0.11999999999999922,0.015163240081939186,1.7543859649122848,695123334.0
2026-04-02,8.67,8.41,8.67,8.39,11743400.0,99918950.0,-2.9988465974625123,-0.2599999999999998,0.016893980428514862,3.2295271049596237,695123334.0
2026-04-03,8.43,8.24,8.53,8.23,10883611.0,90645438.0,-2.021403091557672,-0.16999999999999993,0.01565709345041207,3.5671819262782276,695123334.0
2026-04-07,8.25,8.61,8.61,8.25,19278860.0,164165992.0,4.490291262135915,0.3699999999999992,0.02773444517976719,4.368932038834945,695123334.0
2026-04-08,8.66,8.85,8.85,8.64,22740572.0,199885234.0,2.7874564459930307,0.2400000000000002,0.032714442010085075,2.4390243902438917,695123334.0
2026-04-09,8.7,8.58,8.77,8.58,16470625.0,142646799.0,-3.050847457627115,-0.2699999999999996,0.02369453619866543,2.146892655367226,695123334.0
2026-04-10,8.72,8.76,8.84,8.64,18002708.0,158202707.0,2.0979020979021046,0.17999999999999972,0.0258985810423104,2.3310023310023227,695123334.0
2026-04-13,8.66,8.79,8.81,8.64,12086147.0,106013543.0,0.3424657534246478,0.02999999999999936,0.01738705407924056,1.9406392694063919,695123334.0
2026-04-14,8.84,8.92,8.93,8.81,14057291.0,125017473.0,1.4789533560864765,0.13000000000000078,0.02022272928044162,1.3651877133105714,695123334.0
2026-04-15,8.95,9.15,9.4,8.8,39879372.0,363752660.0,2.578475336322872,0.23000000000000043,0.05737021050713283,6.7264573991031344,695123334.0
2026-04-16,9.05,9.1,9.1,8.94,29171797.0,264687761.0,-0.5464480874317057,-0.05000000000000071,0.04196636132488109,1.7486338797814223,695123334.0
2026-04-17,9.1,9.18,9.28,9.02,24422955.0,224876671.0,0.879120879120876,0.08000000000000007,0.03513470747624191,2.857142857142855,695123334.0
2026-04-20,9.17,9.17,9.23,9.1,18110655.0,166318908.0,-0.10893246187363426,-0.009999999999999787,0.02605387290883261,1.416122004357307,695123334.0
2026-04-21,9.15,9.01,9.15,8.95,15518805.0,139988814.0,-1.7448200654307522,-0.16000000000000014,0.022325254010247337,2.1810250817884524,695123334.0
2026-04-22,8.97,9.08,9.09,8.87,13135684.0,118493490.0,0.7769145394006749,0.07000000000000028,0.018896911321351212,2.441731409544957,695123334.0
2026-04-23,9.05,8.88,9.09,8.87,12331353.0,110685702.0,-2.2026431718061623,-0.1999999999999993,0.017739805868752494,2.422907488986791,695123334.0
2026-04-24,8.86,8.85,8.93,8.71,11247844.0,99340282.0,-0.33783783783785104,-0.030000000000001137,0.016181076723860918,2.477477477477464,695123334.0
2026-04-27,8.84,8.99,9.04,8.68,13533830.0,120615379.0,1.5819209039548143,0.14000000000000057,0.019469681620556848,4.067796610169485,695123334.0
2026-04-28,8.95,8.74,8.95,8.7,13170764.0,116241017.0,-2.7808676307007785,-0.25,0.01894737718587361,2.7808676307007785,695123334.0
2026-04-29,8.79,8.98,8.98,8.72,15023981.0,134588473.0,2.7459954233409745,0.2400000000000002,0.02161340335613018,2.9748283752860387,695123334.0
2026-04-30,8.96,9.07,9.13,8.9,19086362.0,172944010.0,1.0022271714922093,0.08999999999999986,0.027457518783278248,2.561247216035639,695123334.0
2026-05-06,9.08,9.09,9.16,9.04,18452118.0,168588418.0,0.22050716648289725,0.019999999999999574,0.026545099405338047,1.323042998897475,695123334.0
2026-05-07,9.12,9.07,9.15,9.04,15573003.0,141809113.0,-0.22002200220021528,-0.019999999999999574,0.022403222907778263,1.2101210121012234,695123334.0
2026-05-08,9.05,9.2,9.3,9.05,25471320.0,235677603.0,1.4332965821389099,0.129999999999999,0.0366428786866188,2.7563395810363835,695123334.0
2026-05-11,9.21,9.17,9.26,9.12,15505845.0,142065937.0,-0.3260869565217317,-0.02999999999999936,0.02230660983680919,1.521739130434789,695123334.0
2026-05-12,9.17,8.96,9.19,8.92,18452900.0,166585411.0,-2.2900763358778553,-0.20999999999999908,0.026546224385556306,2.94438386041439,695123334.0
2026-05-13,8.93,8.95,8.98,8.88,15146010.0,135312357.0,-0.11160714285716189,-0.010000000000001563,0.021788953498142822,1.1160714285714244,695123334.0
2026-05-14,9.0,8.79,9.15,8.79,22556022.0,202053969.0,-1.787709497206702,-0.16000000000000014,0.032448949555763294,4.022346368715097,695123334.0
2026-05-15,8.81,8.78,9.04,8.74,18445956.0,163586968.0,-0.11376564277587597,-0.009999999999999787,0.026536234791393148,3.4129692832764387,695123334.0
2026-05-18,8.78,8.73,8.82,8.63,15033686.0,130902662.0,-0.5694760820045386,-0.049999999999998934,0.02162736490730435,2.1640091116173066,695123334.0
2026-05-19,8.74,8.94,8.96,8.71,16313804.0,144437773.0,2.405498281786933,0.20999999999999908,0.023468934507095685,2.86368843069874,695123334.0
2026-05-20,8.89,8.63,8.9,8.59,17359824.0,150700127.0,-3.467561521252782,-0.3099999999999987,0.02497373221541143,3.467561521252802,695123334.0
2026-05-21,8.73,8.33,8.75,8.33,17119913.0,146591875.0,-3.4762456546929443,-0.3000000000000007,0.024628597779167632,4.866743916570103,695123334.0
2026-05-22,8.37,8.45,8.5,8.26,13182900.0,110496936.0,1.4405762304921854,0.11999999999999922,0.01896483595816106,2.881152460984396,695123334.0
2026-05-25,8.44,8.26,8.54,8.2,14076047.0,116997641.0,-2.2485207100591653,-0.1899999999999995,0.020249711542556274,4.023668639053253,695123334.0
2026-05-26,8.24,8.23,8.35,8.06,14051200.0,115171415.0,-0.363196125907983,-0.02999999999999936,0.020213966806644418,3.5108958837772293,695123334.0
2026-05-27,8.19,7.9,8.26,7.85,16311291.0,130281654.0,-4.009720534629402,-0.33000000000000007,0.023465319321304787,4.981773997569868,695123334.0
2026-05-28,7.91,7.92,7.96,7.7,14083083.0,110314810.0,0.25316455696202667,0.019999999999999574,0.020259833487333342,3.2911392405063267,695123334.0
2026-05-29,7.92,7.65,7.96,7.6,13014651.0,100622647.0,-3.409090909090906,-0.2699999999999996,0.01872279401859354,4.545454545454549,695123334.0
2026-06-01,7.65,7.84,7.91,7.58,13197009.0,103217101.0,2.4836601307189454,0.1899999999999995,0.018985133075679488,4.313725490196079,695123334.0
2026-06-02,7.84,7.64,7.9,7.58,11366312.0,86994632.0,-2.5510204081632626,-0.20000000000000018,0.016351504033958957,4.081632653061228,695123334.0
2026-06-03,7.63,7.55,7.65,7.48,9962932.0,75395304.0,-1.1780104712041828,-0.08999999999999986,0.014332610506209823,2.2251308900523554,695123334.0
2026-06-04,7.55,7.68,7.96,7.44,28563195.0,221643414.0,1.7218543046357615,0.1299999999999999,0.04109083036478819,6.887417218543041,695123334.0
2026-06-05,7.6,7.86,7.92,7.58,24800302.0,192586334.0,2.34375,0.1800000000000006,0.03567755646654785,4.427083333333331,695123334.0
2026-06-08,7.63,7.79,8.1,7.6,25671860.0,201734737.0,-0.8905852417302795,-0.07000000000000028,0.03693137425307608,6.361323155216285,695123334.0
2026-06-09,7.82,8.0,8.07,7.74,25265743.0,201119789.0,2.695763799743256,0.20999999999999996,0.0363471369240498,4.23620025673941,695123334.0
2026-06-10,7.94,8.12,8.19,7.82,29808560.0,239773518.0,1.4999999999999902,0.11999999999999922,0.04288240452017397,4.62499999999999,695123334.0
2026-06-11,8.03,7.63,8.05,7.55,24601375.0,190814784.0,-6.034482758620685,-0.4899999999999993,0.03539138135161494,6.157635467980307,695123334.0
2026-06-12,7.7,7.71,7.8,7.47,16533623.0,126550752.0,1.0484927916120546,0.08000000000000007,0.023785164720135837,4.3250327653997385,695123334.0
2026-06-15,7.71,7.77,7.89,7.7,13381918.0,104284707.0,0.7782101167315147,0.05999999999999961,0.019251141985114257,2.4643320363164656,695123334.0
2026-06-16,7.72,7.62,7.75,7.59,15876117.0,121055710.0,-1.9305019305019266,-0.14999999999999947,0.022839280777186513,2.059202059202061,695123334.0
2026-06-17,7.61,7.35,7.61,7.27,21331854.0,157745551.0,-3.543307086614178,-0.27000000000000046,0.030687869269541743,4.461942257217857,695123334.0
2026-06-18,7.34,7.22,7.43,7.18,13389409.0,97537112.0,-1.7687074829931926,-0.1299999999999999,0.01926191848999274,3.4013605442176873,695123334.0
2026-06-22,7.22,7.57,7.72,7.11,22449743.0,165288367.0,4.84764542936289,0.35000000000000053,0.03229605726341507,8.448753462603872,695123334.0
2026-06-23,7.49,7.54,7.74,7.46,16397335.0,124996451.0,-0.39630118890356947,-0.03000000000000025,0.023589101671560347,3.6988110964332925,695123334.0
