date,open,close,high,low,volume,amount,pct_chg,change,turnover,amplitude,outstanding_share
2023-06-26,5.98,5.95,6.03,5.94,18929849.0,119465304.0,,,0.004606705402354602,,4109194608.0
2023-06-27,5.97,5.99,6.0,5.96,10392536.0,65600657.0,0.6722689075630228,0.040000000000000036,0.00252909316579148,0.6722689075630258,4109194608.0
2023-06-28,6.03,6.02,6.05,5.97,11678686.0,73491023.0,0.5008347245408995,0.02999999999999936,0.002842086373145557,1.335559265442405,4109194608.0
2023-06-29,6.02,6.0,6.05,5.99,13685558.0,86077489.0,-0.33222591362125353,-0.019999999999999574,0.0033304721011159274,0.9966777408637809,4109194608.0
2023-06-30,6.02,6.07,6.13,6.0,17599672.0,111903614.0,1.1666666666666714,0.07000000000000028,0.004282997929992417,2.166666666666665,4109194608.0
2023-07-03,6.06,6.15,6.17,6.06,18130397.0,116209352.0,1.317957166392092,0.08000000000000007,0.004412153409503354,1.8121911037891318,4109194608.0
2023-07-04,6.14,6.14,6.17,6.12,11597907.0,74515255.0,-0.1626016260162677,-0.010000000000000675,0.0028224282630519796,0.8130081300812979,4109194608.0
2023-07-05,6.12,6.12,6.15,6.11,9885611.0,63329053.0,-0.32573289902279035,-0.019999999999999574,0.0024057295755119906,0.6514657980456032,4109194608.0
2023-07-06,6.12,6.14,6.15,6.11,11356201.0,72879140.0,0.32679738562091387,0.019999999999999574,0.0027636074908428867,0.6535947712418306,4109194608.0
2023-07-07,6.11,6.17,6.2,6.1,14994617.0,96766720.0,0.48859934853420217,0.03000000000000025,0.003649040366890309,1.6286644951140152,4109194608.0
2023-07-10,6.18,6.17,6.22,6.15,10572172.0,68350750.0,0.0,0.0,0.0025728087882276322,1.13452188006482,4109194608.0
2023-07-11,6.18,6.21,6.22,6.15,10060342.0,65218272.0,0.6482982171799101,0.040000000000000036,0.0024482515333817453,1.13452188006482,4109194608.0
2023-07-12,6.19,6.15,6.24,6.14,11966301.0,77495063.0,-0.9661835748792202,-0.05999999999999961,0.002912079407654085,1.6103059581320536,4109194608.0
2023-07-13,6.21,6.28,6.3,6.16,27871495.0,182865105.0,2.113821138211369,0.1299999999999999,0.006782714779616006,2.276422764227637,4109194608.0
2023-07-14,6.28,6.29,6.31,6.26,15802663.0,103882976.0,0.15923566878981443,0.009999999999999787,0.003845683767138828,0.7961783439490419,4109194608.0
2023-07-17,6.27,6.26,6.28,6.23,11444082.0,74845330.0,-0.4769475357710662,-0.03000000000000025,0.002784993920151664,0.7949125596184391,4109194608.0
2023-07-18,6.26,6.26,6.31,6.24,11017541.0,72314860.0,0.0,0.0,0.002681192314073045,1.1182108626197986,4109194608.0
2023-07-19,6.26,6.29,6.29,6.23,12061178.0,79111902.0,0.4792332268370725,0.03000000000000025,0.0029351683603688794,0.9584664536741151,4109194608.0
2023-07-20,6.3,6.24,6.31,6.23,13163059.0,86342438.0,-0.7949125596184436,-0.04999999999999982,0.003203318473740195,1.2718600953894943,4109194608.0
2023-07-21,6.24,6.27,6.3,6.22,13746418.0,90187650.0,0.48076923076922906,0.02999999999999936,0.0033452827892934875,1.2820512820512833,4109194608.0
2023-07-24,6.25,6.33,6.4,6.24,28910250.0,191944455.0,0.9569377990430672,0.0600000000000005,0.007035502758549322,2.5518341307815016,4109194608.0
2023-07-25,6.51,6.58,6.64,6.45,73863257.0,504067950.0,3.949447077409163,0.25,0.017975117765461644,3.0015797788309557,4109194608.0
2023-07-26,6.55,6.54,6.59,6.48,48740699.0,333546833.0,-0.6079027355623157,-0.040000000000000036,0.011861375196275444,1.6717325227963438,4109194608.0
2023-07-27,6.53,6.46,6.55,6.45,24818703.0,168657767.0,-1.2232415902140636,-0.08000000000000007,0.006039797422025625,1.5290519877675788,4109194608.0
2023-07-28,6.49,6.84,6.86,6.47,120402579.0,847706074.0,5.882352941176472,0.3799999999999999,0.029300773140701054,6.037151702786386,4109194608.0
2023-07-31,6.89,6.87,7.05,6.85,135662438.0,983734859.0,0.43859649122808264,0.03000000000000025,0.03301436192286564,2.9239766081871372,4109194608.0
2023-08-01,6.85,7.02,7.12,6.79,132015131.0,963907699.0,2.183406113537112,0.14999999999999947,0.0321267653624839,4.80349344978166,4109194608.0
2023-08-02,6.97,7.02,7.19,6.94,89385219.0,660650741.0,0.0,0.0,0.02175249106624935,3.561253561253561,4109194608.0
2023-08-03,7.06,7.17,7.19,6.9,105704477.0,784287827.0,2.1367521367521514,0.15000000000000036,0.025723891682863806,4.131054131054132,4109194608.0
2023-08-04,7.27,7.23,7.51,7.2,191968336.0,1473689926.0,0.8368200836820217,0.0600000000000005,0.04671677890997564,4.323570432357037,4109194608.0
2023-08-07,7.15,7.2,7.23,7.1,80865999.0,606244114.0,-0.4149377593360981,-0.03000000000000025,0.01967928188228558,1.7980636237897756,4109194608.0
2023-08-08,7.13,7.15,7.23,6.94,76747006.0,572299174.0,-0.694444444444442,-0.04999999999999982,0.01867689737803725,4.027777777777778,4109194608.0
2023-08-09,7.17,7.08,7.21,7.04,49876590.0,371219926.0,-0.9790209790209836,-0.07000000000000028,0.012137801870687161,2.3776223776223766,4109194608.0
2023-08-10,7.06,7.14,7.18,7.06,61782643.0,460046496.0,0.8474576271186418,0.05999999999999961,0.01503521952445821,1.6949152542372896,4109194608.0
2023-08-11,7.12,6.94,7.12,6.92,70687993.0,517337743.0,-2.8011204481792618,-0.1999999999999993,0.017202396027284964,2.801120448179274,4109194608.0
2023-08-14,6.83,6.82,6.91,6.8,52099050.0,373299008.0,-1.729106628242072,-0.1200000000000001,0.012678652380826837,1.5850144092219065,4109194608.0
2023-08-15,6.9,6.87,6.92,6.79,42057570.0,301884507.0,0.7331378299120228,0.04999999999999982,0.01023499104133936,1.9061583577712593,4109194608.0
2023-08-16,6.83,6.97,7.08,6.77,58379033.0,425072858.0,1.455604075691408,0.09999999999999964,0.014206928259456141,4.512372634643384,4109194608.0
2023-08-17,6.91,6.96,7.0,6.85,49635647.0,359857238.0,-0.1434720229555153,-0.009999999999999787,0.012079166779632843,2.15208034433286,4109194608.0
2023-08-18,6.97,6.79,7.02,6.79,36333699.0,261199450.0,-2.442528735632188,-0.16999999999999993,0.008842048738520101,3.3045977011494183,4109194608.0
2023-08-21,6.78,6.61,6.87,6.61,43829932.0,308614714.0,-2.6509572901325384,-0.17999999999999972,0.010666307191844733,3.8291605301914546,4109194608.0
2023-08-22,6.68,6.69,6.73,6.59,38435754.0,267789197.0,1.210287443267788,0.08000000000000007,0.009353597886352526,2.118003025718617,4109194608.0
2023-08-23,6.67,6.56,6.68,6.52,26305209.0,181572118.0,-1.9431988041853643,-0.13000000000000078,0.00640154860244088,2.3916292974588957,4109194608.0
2023-08-24,6.56,6.59,6.68,6.5,43962712.0,302928456.0,0.45731707317073766,0.03000000000000025,0.010698620093195645,2.743902439024386,4109194608.0
2023-08-25,6.57,6.59,6.67,6.54,39050676.0,269871243.0,0.0,0.0,0.00950324326912482,1.972685887708648,4109194608.0
2023-08-28,7.24,6.79,7.24,6.78,134644902.0,986206333.0,3.034901365705611,0.20000000000000018,0.03276673772954586,6.980273141122913,4109194608.0
2023-08-29,6.79,6.7,6.83,6.53,114338370.0,797353142.0,-1.3254786450662692,-0.08999999999999986,0.02782500730858547,4.418262150220911,4109194608.0
2023-08-30,6.67,6.51,6.7,6.51,60275116.0,414757351.0,-2.8358208955223896,-0.1900000000000004,0.01466835274305412,2.8358208955223936,4109194608.0
2023-08-31,6.57,6.45,6.6,6.43,48508391.0,329652886.0,-0.9216589861751112,-0.05999999999999961,0.011804841490242702,2.6113671274961585,4109194608.0
2023-09-01,6.48,6.48,6.52,6.43,33631462.0,227680013.0,0.46511627906977715,0.03000000000000025,0.008184441285531833,1.3953488372093001,4109194608.0
2023-09-04,6.48,6.48,6.51,6.4,40885645.0,276431538.0,0.0,0.0,0.009949795251945876,1.6975308641975222,4109194608.0
2023-09-05,6.45,6.39,6.47,6.37,32231884.0,215860513.0,-1.388888888888895,-0.09000000000000075,0.007843844615499408,1.5432098765432043,4109194608.0
2023-09-06,6.39,6.39,6.41,6.36,24097208.0,160881126.0,0.0,0.0,0.005864216786687655,0.7824726134585261,4109194608.0
2023-09-07,6.4,6.36,6.43,6.36,25876064.0,172997517.0,-0.46948356807510194,-0.02999999999999936,0.006297113295540468,1.0954616588419313,4109194608.0
2023-09-08,6.36,6.42,6.45,6.35,26476010.0,177358531.0,0.943396226415083,0.05999999999999961,0.006443114168517375,1.5723270440251655,4109194608.0
2023-09-11,6.4,6.49,6.53,6.37,38079264.0,257082210.0,1.0903426791277315,0.07000000000000028,0.009266843659792906,2.492211838006233,4109194608.0
2023-09-12,6.48,6.44,6.49,6.42,21632581.0,146016296.0,-0.7704160246533087,-0.04999999999999982,0.005264433316904615,1.0785824345146422,4109194608.0
2023-09-13,6.44,6.39,6.44,6.36,17884329.0,119576216.0,-0.7763975155279601,-0.05000000000000071,0.00435227111541075,1.2422360248447215,4109194608.0
2023-09-14,6.41,6.39,6.42,6.35,19156298.0,128001300.0,0.0,0.0,0.004661813281538307,1.095461658841945,4109194608.0
2023-09-15,6.41,6.37,6.46,6.37,27045795.0,181300514.0,-0.312989045383405,-0.019999999999999574,0.0065817751603552185,1.4084507042253498,4109194608.0
2023-09-18,6.36,6.38,6.39,6.32,18271041.0,121661629.0,0.15698587127157548,0.009999999999999787,0.004446380067867547,1.0989010989010894,4109194608.0
2023-09-19,6.38,6.37,6.41,6.34,16445514.0,109780524.0,-0.15673981191222097,-0.009999999999999787,0.004002125858917218,1.0971786833855846,4109194608.0
2023-09-20,6.36,6.38,6.41,6.35,13928862.0,93137136.0,0.15698587127157548,0.009999999999999787,0.0033896817573162747,0.9419152276295211,4109194608.0
2023-09-21,6.37,6.36,6.43,6.36,19474399.0,130194131.0,-0.31347962382444194,-0.019999999999999574,0.0047392252881102775,1.0971786833855706,4109194608.0
2023-09-22,6.35,6.47,6.48,6.35,29882408.0,201381296.0,1.729559748427656,0.10999999999999943,0.007272083911972271,2.0440251572327166,4109194608.0
2023-09-25,6.49,6.34,6.5,6.33,30515626.0,203366691.0,-2.0092735703245768,-0.1299999999999999,0.007426181748752066,2.6275115919629046,4109194608.0
2023-09-26,6.34,6.34,6.37,6.32,13257875.0,88007488.0,0.0,0.0,0.0032263925816968754,0.7886435331230256,4109194608.0
2023-09-27,6.35,6.32,6.37,6.32,17118764.0,113531496.0,-0.3154574132492094,-0.019999999999999574,0.0041659657507269856,0.7886435331230256,4109194608.0
2023-09-28,6.33,6.31,6.37,6.31,16869826.0,111612622.0,-0.15822784810127777,-0.010000000000000675,0.004105385022932942,0.9493670886076028,4109194608.0
2023-10-09,6.3,6.24,6.31,6.18,22695885.0,147879945.0,-1.1093502377178988,-0.0699999999999994,0.005523195459230487,2.060221870047542,4109194608.0
2023-10-10,6.27,6.25,6.31,6.23,15496943.0,101662891.0,0.1602564102564097,0.009999999999999787,0.003771284759750663,1.282051282051269,4109194608.0
2023-10-11,6.27,6.22,6.32,6.21,15849031.0,103929169.0,-0.48000000000000265,-0.03000000000000025,0.003856967730159155,1.760000000000005,4109194608.0
2023-10-12,6.29,6.29,6.33,6.26,16437268.0,108132224.0,1.12540192926045,0.07000000000000028,0.004000119139648204,1.1254019292604547,4109194608.0
2023-10-13,6.26,6.27,6.29,6.22,12988908.0,85161120.0,-0.31796502384738856,-0.020000000000000462,0.0031609376627508706,1.112877583465823,4109194608.0
2023-10-16,6.26,6.31,6.35,6.23,21656233.0,142532238.0,0.6379585326953707,0.040000000000000036,0.005270189189345884,1.9138755980861122,4109194608.0
2023-10-17,6.31,6.36,6.39,6.29,24563850.0,163246031.0,0.7923930269413848,0.05000000000000071,0.005977777239407883,1.5847860538827203,4109194608.0
2023-10-18,6.35,6.34,6.38,6.31,17997712.0,119564393.0,-0.3144654088050425,-0.020000000000000462,0.004379863627038031,1.1006289308176145,4109194608.0
2023-10-19,6.31,6.32,6.41,6.3,30454767.0,202386157.0,-0.3154574132492094,-0.019999999999999574,0.007411371303931196,1.7350157728706677,4109194608.0
2023-10-20,6.3,6.36,6.39,6.27,25013711.0,166241323.0,0.6329113924050667,0.040000000000000036,0.00608725392350656,1.8987341772151913,4109194608.0
2023-10-23,6.33,6.11,6.35,6.09,34725171.0,224689166.0,-3.9308176100628978,-0.25,0.008450602688029225,4.088050314465405,4109194608.0
2023-10-24,6.16,6.29,6.34,6.13,40540403.0,263847940.0,2.9459901800327204,0.17999999999999972,0.009865778301439842,3.436988543371521,4109194608.0
2023-10-25,6.33,6.25,6.34,6.25,36448989.0,239929344.0,-0.6359300476947549,-0.040000000000000036,0.008870105331355968,1.4308426073131935,4109194608.0
2023-10-26,6.21,6.36,6.36,6.19,31780059.0,209497074.0,1.760000000000006,0.11000000000000032,0.007733889978860792,2.719999999999999,4109194608.0
2023-10-27,6.33,6.37,6.39,6.27,34848818.0,231196926.0,0.15723270440251014,0.009999999999999787,0.00848069301272674,1.8867924528301903,4109194608.0
2023-10-30,6.35,6.36,6.38,6.32,29601558.0,196719785.0,-0.15698587127158659,-0.009999999999999787,0.007203737185474278,0.9419152276295072,4109194608.0
2023-10-31,6.34,6.37,6.39,6.33,23140998.0,154011978.0,0.15723270440251014,0.009999999999999787,0.0056315166857631585,0.9433962264150882,4109194608.0
2023-11-01,6.39,6.35,6.43,6.33,25182154.0,167693315.0,-0.31397174254317317,-0.020000000000000462,0.006128245654507099,1.5698587127158499,4109194608.0
2023-11-02,6.35,6.26,6.37,6.25,21163911.0,139514016.0,-1.4173228346456623,-0.08999999999999986,0.0051503793368162624,1.8897637795275608,4109194608.0
2023-11-03,6.3,6.32,6.37,6.28,29835848.0,197434396.0,0.9584664536741228,0.0600000000000005,0.0072607532244673865,1.43769968051118,4109194608.0
2023-11-06,6.44,6.5,6.54,6.39,66452274.0,449459559.0,2.848101265822778,0.17999999999999972,0.016171605469993355,2.373417721518993,4109194608.0
2023-11-07,6.48,6.58,6.65,6.44,63927190.0,439745037.0,1.2307692307692353,0.08000000000000007,0.015557109384778984,3.23076923076923,4109194608.0
2023-11-08,6.54,6.5,6.59,6.46,43000831.0,293113786.0,-1.2158054711246202,-0.08000000000000007,0.010464539916479906,1.9756838905775058,4109194608.0
2023-11-09,6.5,6.46,6.53,6.44,26201338.0,177512399.0,-0.6153846153846176,-0.040000000000000036,0.006376270899652655,1.3846153846153824,4109194608.0
2023-11-10,6.45,6.45,6.5,6.43,26562293.0,179697328.0,-0.1547987616099089,-0.009999999999999787,0.006464111713834897,1.0835913312693541,4109194608.0
2023-11-13,6.43,6.44,6.47,6.41,21092608.0,141999300.0,-0.15503875968991832,-0.009999999999999787,0.005133027274720886,0.9302325581395288,4109194608.0
2023-11-14,6.46,6.57,6.6,6.44,50929193.0,348418843.0,2.0186335403726607,0.1299999999999999,0.012393959853069096,2.4844720496894293,4109194608.0
2023-11-15,6.6,6.55,6.67,6.53,37951396.0,261763962.0,-0.3044140030441511,-0.020000000000000462,0.009235726126505226,2.130898021308975,4109194608.0
2023-11-16,6.53,6.48,6.58,6.48,24093709.0,164353717.0,-1.0687022900763288,-0.0699999999999994,0.005863365281627957,1.526717557251903,4109194608.0
2023-11-17,6.47,6.49,6.5,6.45,18995822.0,128689024.0,0.15432098765431057,0.009999999999999787,0.004622760373290162,0.7716049382716021,4109194608.0
2023-11-20,6.48,6.49,6.51,6.42,25237962.0,170704736.0,0.0,0.0,0.006141826904684773,1.3867488443759608,4109194608.0
2023-11-21,6.5,6.48,6.58,6.48,27725387.0,189465102.0,-0.15408320493065508,-0.009999999999999787,0.006747158420295484,1.54083204930662,4109194608.0
2023-11-22,6.46,6.43,6.51,6.43,18813961.0,127233867.0,-0.7716049382716195,-0.05000000000000071,0.004578503282217876,1.234567901234569,4109194608.0
2023-11-23,6.42,6.46,6.47,6.4,18734995.0,126095303.0,0.4665629860031162,0.03000000000000025,0.004559286377803989,1.0886469673405816,4109194608.0
2023-11-24,6.44,6.4,6.47,6.38,18543802.0,124688567.0,-0.9287925696594312,-0.05999999999999961,0.004512758282096918,1.393188854489162,4109194608.0
2023-11-27,6.4,6.37,6.4,6.31,21666004.0,144014074.0,-0.46875000000000666,-0.03000000000000025,0.005272567027567753,1.4062500000000115,4109194608.0
2023-11-28,6.36,6.37,6.39,6.35,14773622.0,98496774.0,0.0,0.0,0.003595259755096028,0.6279434850863428,4109194608.0
2023-11-29,6.38,6.31,6.38,6.3,17143483.0,113609290.0,-0.9419152276295195,-0.0600000000000005,0.004171981284756908,1.2558869701726856,4109194608.0
2023-11-30,6.31,6.31,6.37,6.29,21913010.0,144880109.0,0.0,0.0,0.0053326775902359505,1.267828843106182,4109194608.0
2023-12-01,6.32,6.33,6.36,6.29,17034774.0,112591029.0,0.31695721077655836,0.020000000000000462,0.004145526222300543,1.1093502377179125,4109194608.0
2023-12-04,6.35,6.33,6.37,6.33,15719586.0,104321787.0,0.0,0.0,0.0038254664233707183,0.6319115323854665,4109194608.0
2023-12-05,6.32,6.23,6.32,6.23,18592100.0,122158801.0,-1.579778830963663,-0.09999999999999964,0.004524511923529712,1.4218009478672962,4109194608.0
2023-12-06,6.22,6.22,6.26,6.21,16309074.0,106422292.0,-0.16051364365972098,-0.010000000000000675,0.003968922272079453,0.8025682182985525,4109194608.0
2023-12-07,6.22,6.28,6.31,6.21,17418828.0,114118690.0,0.9646302250803984,0.0600000000000005,0.004238988332674265,1.6077170418006375,4109194608.0
2023-12-08,6.28,6.25,6.34,6.24,19713621.0,129612979.0,-0.4777070063694322,-0.03000000000000025,0.0047974415623004245,1.5923566878980837,4109194608.0
2023-12-11,6.25,6.36,6.38,6.15,26860414.0,176149236.0,1.760000000000006,0.11000000000000032,0.006536661453732736,3.679999999999992,4109194608.0
2023-12-12,6.35,6.37,6.39,6.33,16059376.0,106843634.0,0.15723270440251014,0.009999999999999787,0.0039081565932007085,0.9433962264150882,4109194608.0
2023-12-13,6.37,6.34,6.4,6.34,18399812.0,122642538.0,-0.47095761381475976,-0.03000000000000025,0.004477717352246657,0.9419152276295211,4109194608.0
2023-12-14,6.37,6.33,6.38,6.33,12969343.0,86247901.0,-0.1577287066246047,-0.009999999999999787,0.0031561763891032536,0.7886435331230256,4109194608.0
2023-12-15,6.36,6.32,6.39,6.31,16355988.0,108579507.0,-0.15797788309636074,-0.009999999999999787,0.003980339107852737,1.263823064770933,4109194608.0
2023-12-18,6.33,6.3,6.37,6.26,16353584.0,107994290.0,-0.31645569620254443,-0.020000000000000462,0.003979754078369023,1.740506329113929,4109194608.0
2023-12-19,6.28,6.23,6.3,6.19,16562136.0,108282205.0,-1.111111111111096,-0.0699999999999994,0.0040305066028646945,1.7460317460317372,4109194608.0
2023-12-20,6.24,6.09,6.26,6.09,24559261.0,157952420.0,-2.2471910112359605,-0.14000000000000057,0.005976660475555652,2.728731942215087,4109194608.0
2023-12-21,6.07,6.08,6.11,6.01,22239164.0,140993294.0,-0.16420361247947435,-0.009999999999999787,0.005412049348235687,1.6420361247947541,4109194608.0
2023-12-22,6.08,6.04,6.09,5.99,23531913.0,148655223.0,-0.6578947368421018,-0.040000000000000036,0.005726648466389694,1.644736842105257,4109194608.0
2023-12-25,6.03,5.95,6.05,5.93,17570286.0,109884361.0,-1.490066225165565,-0.08999999999999986,0.004275846650288411,1.986754966887419,4109194608.0
2023-12-26,5.95,5.91,5.97,5.89,12523696.0,77584584.0,-0.6722689075630228,-0.040000000000000036,0.0030477252100979102,1.3445378151260516,4109194608.0
2023-12-27,5.92,5.95,6.01,5.87,18655478.0,115921451.0,0.6768189509306355,0.040000000000000036,0.004539935383853692,2.3688663282571856,4109194608.0
2023-12-28,5.95,6.08,6.1,5.94,27522241.0,174124083.0,2.184873949579824,0.1299999999999999,0.006697721482068098,2.689075630252088,4109194608.0
2023-12-29,6.09,6.09,6.14,6.08,17434729.0,111341574.0,0.164473684210531,0.009999999999999787,0.004242857947408267,0.9868421052631514,4109194608.0
2024-01-02,6.08,6.03,6.1,6.03,15830321.0,100414859.0,-0.9852216748768461,-0.05999999999999961,0.003852414526481828,1.149425287356312,4109194608.0
2024-01-03,6.03,6.05,6.08,6.01,13056191.0,82618410.0,0.3316749585406287,0.019999999999999574,0.003177311430950851,1.1608623548922103,4109194608.0
2024-01-04,6.03,5.97,6.05,5.94,18320671.0,114787858.0,-1.3223140495867813,-0.08000000000000007,0.00445845786041195,1.8181818181818088,4109194608.0
2024-01-05,5.95,5.95,6.03,5.93,16713438.0,104565122.0,-0.335008375209378,-0.019999999999999574,0.0040673269568351385,1.6750418760469101,4109194608.0
2024-01-08,5.95,5.83,5.95,5.83,22329880.0,137189845.0,-2.0168067226890796,-0.1200000000000001,0.00543412569376174,2.0168067226890773,4109194608.0
2024-01-09,5.84,5.83,5.89,5.8,17301238.0,105711597.0,0.0,0.0,0.004210372019450484,1.5437392795883338,4109194608.0
2024-01-10,5.8,5.79,5.86,5.75,16467478.0,99912519.0,-0.6861063464837058,-0.040000000000000036,0.004007470945265097,1.8867924528301943,4109194608.0
2024-01-11,5.78,5.85,5.89,5.77,16516920.0,100904841.0,1.0362694300518172,0.05999999999999961,0.004019502986751705,2.072538860103629,4109194608.0
2024-01-12,5.85,5.83,5.9,5.82,12634076.0,77385515.0,-0.34188034188032956,-0.019999999999999574,0.003074586921583929,1.3675213675213687,4109194608.0
2024-01-15,5.8,5.82,5.88,5.77,13030067.0,79389624.0,-0.17152658662091813,-0.009999999999999787,0.00317095398077092,1.8867924528301943,4109194608.0
2024-01-16,5.82,5.87,5.88,5.77,17136427.0,104491074.0,0.8591065292096189,0.04999999999999982,0.004170264159949467,1.8900343642611739,4109194608.0
2024-01-17,5.86,5.76,5.88,5.76,16319808.0,99563648.0,-1.873935264054516,-0.11000000000000032,0.003971534462794175,2.0442930153321996,4109194608.0
2024-01-18,5.76,5.76,5.78,5.59,36851408.0,219259957.0,0.0,0.0,0.008968036687348831,3.2986111111111183,4109194608.0
2024-01-19,5.73,5.71,5.75,5.69,17671039.0,105805985.0,-0.868055555555558,-0.04999999999999982,0.004300365566915978,1.0416666666666599,4109194608.0
2024-01-22,5.7,5.47,5.73,5.43,27559333.0,161337048.0,-4.20315236427321,-0.2400000000000002,0.006706748068428303,5.253940455341518,4109194608.0
2024-01-23,5.47,5.63,5.7,5.4,30744436.0,179017552.0,2.9250457038391353,0.16000000000000014,0.007481864193081799,5.484460694698352,4109194608.0
2024-01-24,5.67,5.83,5.87,5.56,37292009.0,222784095.0,3.5523978685612745,0.20000000000000018,0.009075259888494431,5.506216696269991,4109194608.0
2024-01-25,5.83,5.99,6.01,5.79,48586814.0,301189429.0,2.7444253859348233,0.16000000000000014,0.011823926251973706,3.773584905660373,4109194608.0
2024-01-26,5.94,5.95,6.02,5.91,29636393.0,185036081.0,-0.6677796327211993,-0.040000000000000036,0.007212214515784257,1.8363939899832962,4109194608.0
2024-01-29,5.96,5.91,6.0,5.9,25395458.0,157976629.0,-0.6722689075630228,-0.040000000000000036,0.006180154609995536,1.680672268907557,4109194608.0
2024-01-30,5.87,5.75,5.92,5.74,20513065.0,125664228.0,-2.7072758037225086,-0.16000000000000014,0.004991991608298148,3.0456852791878126,4109194608.0
2024-01-31,5.73,5.7,5.82,5.66,24281713.0,145949840.0,-0.8695652173912993,-0.04999999999999982,0.005909117312849351,2.7826086956521765,4109194608.0
2024-02-01,5.67,5.64,5.77,5.6,25318779.0,150481966.0,-1.0526315789473717,-0.0600000000000005,0.006161494262332586,2.982456140350876,4109194608.0
2024-02-02,5.65,5.5,5.69,5.34,37647461.0,217546620.0,-2.4822695035460973,-0.13999999999999968,0.00916176151080942,6.205673758865258,4109194608.0
2024-02-05,5.45,5.29,5.55,5.2,44824959.0,251049998.0,-3.8181818181818206,-0.20999999999999996,0.01090845366942037,6.363636363636357,4109194608.0
2024-02-06,5.25,5.82,5.82,5.2,87457144.0,521101179.0,10.018903591682427,0.5300000000000002,0.02128328111541219,11.72022684310019,4109194608.0
2024-02-07,6.04,6.15,6.4,5.98,222920369.0,1453856071.0,5.670103092783507,0.33000000000000007,0.054249163221913775,7.216494845360823,4109194608.0
2024-02-08,6.22,6.15,6.29,6.04,140450920.0,907895083.0,0.0,0.0,0.03417967105441116,4.0650406504065035,4109194608.0
2024-02-19,6.03,5.98,6.08,5.9,89531152.0,558975745.0,-2.764227642276418,-0.16999999999999993,0.021788004838149053,2.9268292682926784,4109194608.0
2024-02-20,5.93,6.02,6.08,5.9,87756873.0,549649896.0,0.6688963210702115,0.03999999999999915,0.021356222172868186,3.0100334448160484,4109194608.0
2024-02-21,5.95,6.01,6.16,5.91,97318193.0,615518685.0,-0.16611295681062677,-0.009999999999999787,0.02368303336389465,4.152823920265781,4109194608.0
2024-02-22,6.0,6.07,6.08,5.95,67718959.0,426898488.0,0.9983361064891838,0.0600000000000005,0.016479861739368856,2.1630615640598987,4109194608.0
2024-02-23,6.1,6.68,6.68,6.08,241430420.0,1632650615.0,10.049423393739687,0.6099999999999994,0.05875370797235311,9.884678747940685,4109194608.0
2024-02-26,6.75,6.59,6.89,6.56,267270435.0,1881825231.0,-1.3473053892215536,-0.08999999999999986,0.06504204850256146,4.940119760479043,4109194608.0
2024-02-27,6.62,7.25,7.25,6.59,317202812.0,2304041193.0,10.01517450682854,0.6600000000000001,0.07719342651293579,10.015174506828531,4109194608.0
2024-02-28,7.75,7.48,7.98,7.47,552891085.0,4558654124.0,3.1724137931034457,0.23000000000000043,0.13454974459559593,7.034482758620698,4109194608.0
2024-02-29,7.26,7.62,7.69,6.94,465242031.0,3518348644.0,1.8716577540106805,0.13999999999999968,0.11321976089772967,10.026737967914439,4109194608.0
2024-03-01,7.55,7.38,7.67,7.33,310513375.0,2422137733.0,-3.149606299212604,-0.2400000000000002,0.07556550726399668,4.461942257217846,4109194608.0
2024-03-04,7.26,7.15,7.29,6.96,272830580.0,2024708619.0,-3.1165311653116423,-0.22999999999999954,0.06639514698788877,4.4715447154471555,4109194608.0
2024-03-05,7.06,7.06,7.24,6.91,211921013.0,1559670250.0,-1.2587412587412694,-0.09000000000000075,0.0515723963492556,4.615384615384617,4109194608.0
2024-03-06,7.08,6.95,7.16,6.84,217931777.0,1593289075.0,-1.5580736543909235,-0.10999999999999943,0.05303515598305292,4.532577903682724,4109194608.0
2024-03-07,6.86,6.81,6.99,6.78,179488189.0,1290949784.0,-2.0143884892086406,-0.14000000000000057,0.043679651640387826,3.021582733812949,4109194608.0
2024-03-08,6.8,6.95,7.04,6.74,170066729.0,1228659889.0,2.055800293685772,0.14000000000000057,0.04138687631608028,4.405286343612333,4109194608.0
2024-03-11,6.9,7.23,7.3,6.9,243174079.0,1823684180.0,4.028776978417259,0.28000000000000025,0.05917803905577402,5.755395683453229,4109194608.0
2024-03-12,7.21,7.06,7.22,7.02,176850929.0,1313967367.0,-2.351313969571245,-0.17000000000000082,0.04303785677507148,2.7662517289073327,4109194608.0
2024-03-13,7.02,6.96,7.03,6.91,125181660.0,912513000.0,-1.4164305949008416,-0.09999999999999964,0.030463794476000148,1.6997167138810214,4109194608.0
2024-03-14,6.92,6.89,6.99,6.82,94046969.0,679839746.0,-1.0057471264367845,-0.07000000000000028,0.022886959117707478,2.442528735632183,4109194608.0
2024-03-15,6.85,6.94,6.95,6.83,89601736.0,646592647.0,0.7256894049346929,0.05000000000000071,0.021805181926784035,1.7416545718432528,4109194608.0
2024-03-18,7.0,7.03,7.17,6.96,161473802.0,1192300424.0,1.2968299711815456,0.08999999999999986,0.03929573004053742,3.0259365994236305,4109194608.0
2024-03-19,7.02,6.83,7.02,6.83,126178775.0,913155149.0,-2.8449502133712667,-0.20000000000000018,0.030706449082345336,2.7027027027026955,4109194608.0
2024-03-20,6.8,6.84,6.87,6.79,77581475.0,554377995.0,0.14641288433381305,0.009999999999999787,0.018879970992116128,1.1713030746705722,4109194608.0
2024-03-21,6.84,6.83,6.94,6.81,77218358.0,554826188.0,-0.14619883040934978,-0.009999999999999787,0.018791604040769246,1.9005847953216488,4109194608.0
2024-03-22,6.86,6.73,6.86,6.71,82172778.0,581716069.0,-1.4641288433382083,-0.09999999999999964,0.01999729529480586,2.196193265007326,4109194608.0
2024-03-25,6.67,6.54,6.71,6.51,86203803.0,595837697.0,-2.823179791976227,-0.1900000000000004,0.02097827219771335,2.97176820208024,4109194608.0
2024-03-26,6.52,6.58,6.59,6.48,60517115.0,413979702.0,0.6116207951070374,0.040000000000000036,0.014727244818773499,1.6819571865443337,4109194608.0
2024-03-27,6.56,6.4,6.56,6.39,61478505.0,415885589.0,-2.7355623100303927,-0.17999999999999972,0.014961205507354252,2.583586626139817,4109194608.0
2024-03-28,6.4,6.46,6.53,6.39,70754214.0,478320013.0,0.9374999999999911,0.05999999999999961,0.017218511350679745,2.187500000000009,4109194608.0
2024-03-29,6.43,6.65,6.73,6.41,119945497.0,830721758.0,2.941176470588247,0.1900000000000004,0.029189539177941023,4.953560371517033,4109194608.0
2024-04-01,6.75,6.69,6.8,6.62,91057090.0,635664472.0,0.6015037593984918,0.040000000000000036,0.022159352059580043,2.7067669172932285,4109194608.0
2024-04-02,6.69,6.61,6.7,6.59,59741140.0,414059655.0,-1.195814648729443,-0.08000000000000007,0.014538406110942701,1.6442451420029942,4109194608.0
2024-04-03,6.61,6.61,6.75,6.59,70234161.0,489582476.0,0.0,0.0,0.017091952973768722,2.4205748865355545,4109194608.0
2024-04-08,6.44,6.49,6.6,6.42,62715891.0,427829011.0,-1.8154311649016708,-0.1200000000000001,0.015262331669057811,2.7231467473524917,4109194608.0
2024-04-09,6.49,6.52,6.54,6.45,38531201.0,262216739.0,0.46224961479197635,0.02999999999999936,0.009376825552380848,1.3867488443759608,4109194608.0
2024-04-10,6.5,6.45,6.51,6.37,50439605.0,340151592.0,-1.0736196319018343,-0.0699999999999994,0.012274815337731018,2.147239263803676,4109194608.0
2024-04-11,6.43,6.63,6.77,6.41,127622129.0,889384802.0,2.7906976744185963,0.17999999999999972,0.03105769893485658,5.581395348837201,4109194608.0
2024-04-12,6.59,6.61,6.71,6.59,93137940.0,648480068.0,-0.3016591251885359,-0.019999999999999574,0.0226657408287926,1.8099547511312233,4109194608.0
2024-04-15,6.65,6.93,7.0,6.42,198781865.0,1412774653.0,4.841149773071085,0.3199999999999994,0.048374896777339485,8.774583963691377,4109194608.0
2024-04-16,6.81,6.69,6.97,6.67,136312515.0,973117585.0,-3.463203463203457,-0.23999999999999932,0.033172562510088835,4.329004329004327,4109194608.0
2024-04-17,6.69,6.96,6.96,6.58,134635064.0,952594120.0,4.035874439461873,0.2699999999999996,0.03276434358642573,5.68011958146487,4109194608.0
2024-04-18,6.9,6.94,7.24,6.86,207933389.0,1537645618.0,-0.2873563218390718,-0.019999999999999574,0.05060198137006803,5.459770114942527,4109194608.0
2024-04-19,6.88,7.04,7.19,6.86,156179467.0,1152479658.0,1.4409221902017322,0.09999999999999964,0.03800731819708452,4.755043227665707,4109194608.0
2024-04-22,6.98,6.86,7.02,6.83,93542721.0,676148820.0,-2.5568181818181768,-0.17999999999999972,0.02276424699328818,2.6988636363636296,4109194608.0
2024-04-23,6.93,6.9,7.01,6.81,80000650.0,577929618.0,0.5830903790087438,0.040000000000000036,0.019468693413607244,2.9154518950437343,4109194608.0
2024-04-24,6.77,6.64,6.82,6.55,143188388.0,997074690.0,-3.7681159420289934,-0.2600000000000007,0.0348458522069588,3.9130434782608763,4109194608.0
2024-04-25,6.59,6.6,6.63,6.56,59367055.0,409494965.0,-0.6024096385542133,-0.040000000000000036,0.014447370023415547,1.0542168674698837,4109194608.0
2024-04-26,6.82,7.2,7.26,6.71,237161965.0,1731422643.0,9.090909090909104,0.6000000000000005,0.05771495089044466,8.333333333333332,4109194608.0
2024-04-29,7.23,7.18,7.29,7.07,215466573.0,1620602477.0,-0.2777777777777879,-0.020000000000000462,0.05243523209645952,3.055555555555552,4109194608.0
2024-04-30,7.17,7.07,7.42,7.03,146596143.0,1104028577.0,-1.532033426183832,-0.10999999999999943,0.035675152185442566,5.431754874651807,4109194608.0
2024-05-06,7.18,7.09,7.2,7.03,100364892.0,746339981.0,0.28288543140027045,0.019999999999999574,0.024424467949170442,2.4045261669024036,4109194608.0
2024-05-07,7.09,7.07,7.12,7.01,75909145.0,560809340.0,-0.2820874471085921,-0.019999999999999574,0.018472998298064543,1.5514809590973246,4109194608.0
2024-05-08,7.03,6.92,7.04,6.9,63754997.0,463948133.0,-2.1216407355021283,-0.15000000000000036,0.015515205066189457,1.9801980198019757,4109194608.0
2024-05-09,6.93,6.96,7.02,6.93,59799495.0,435893671.0,0.5780346820809301,0.040000000000000036,0.014552607190610817,1.3005780346820788,4109194608.0
2024-05-10,6.92,6.98,7.01,6.9,64736162.0,470819262.0,0.287356321839094,0.020000000000000462,0.01575397813332281,1.5804597701149343,4109194608.0
2024-05-13,6.94,7.04,7.09,6.83,91636699.0,669543394.0,0.8595988538681931,0.05999999999999961,0.022300403787544346,3.724928366762174,4109194608.0
2024-05-14,7.02,7.04,7.05,6.92,74250576.0,542823583.0,0.0,0.0,0.018069374435429515,1.8465909090909074,4109194608.0
2024-05-15,7.09,6.73,7.12,6.7,110246586.0,790745304.0,-4.403409090909083,-0.3099999999999996,0.02682924429652615,5.96590909090909,4109194608.0
2024-05-16,6.74,6.67,6.78,6.64,65923575.0,462985663.0,-0.8915304606240793,-0.0600000000000005,0.016042943031137163,2.0802377414561746,4109194608.0
2024-05-17,6.65,6.75,6.75,6.63,45137817.0,316121245.0,1.1994002998500841,0.08000000000000007,0.01098458975686459,1.799100449775114,4109194608.0
2024-05-20,6.75,6.73,6.8,6.71,46967336.0,331682438.0,-0.2962962962962945,-0.019999999999999574,0.011429815445722984,1.3333333333333313,4109194608.0
2024-05-21,6.73,6.67,6.75,6.65,34767220.0,243459697.0,-0.8915304606240793,-0.0600000000000005,0.008460835593503729,1.4858841010401134,4109194608.0
2024-05-22,6.67,6.71,6.73,6.65,30941998.0,216468586.0,0.599700149925031,0.040000000000000036,0.007529942227550008,1.199400299850076,4109194608.0
2024-05-23,6.67,6.52,6.69,6.5,51390934.0,353566414.0,-2.8315946348733245,-0.1900000000000004,0.012506327614649688,2.8315946348733294,4109194608.0
2024-05-24,6.49,6.46,6.54,6.45,33640302.0,228730356.0,-0.9202453987730008,-0.05999999999999961,0.008186592558674943,1.3803680981595072,4109194608.0
2024-05-27,6.48,6.51,6.53,6.41,36001734.0,243534255.0,0.7739938080495223,0.04999999999999982,0.008761262834792467,1.8575851393188871,4109194608.0
2024-05-28,6.5,6.45,6.5,6.43,25966709.0,175505571.0,-0.9216589861751112,-0.05999999999999961,0.006319172362741502,1.0752688172043054,4109194608.0
2024-05-29,6.45,6.48,6.51,6.41,26067871.0,176419589.0,0.46511627906977715,0.03000000000000025,0.006343790812255441,1.5503875968992191,4109194608.0
2024-05-30,6.46,6.49,6.51,6.42,30250902.0,204965606.0,0.15432098765431057,0.009999999999999787,0.0073617593922434155,1.3888888888888866,4109194608.0
2024-05-31,6.49,6.48,6.53,6.45,29342125.0,199195600.0,-0.15408320493065508,-0.009999999999999787,0.007140602429214518,1.2326656394453015,4109194608.0
2024-06-03,6.46,6.39,6.47,6.33,38580360.0,258527604.0,-1.388888888888895,-0.09000000000000075,0.009388788723924072,2.1604938271604888,4109194608.0
2024-06-04,6.36,6.44,6.44,6.36,30321159.0,203123548.0,0.7824726134585402,0.05000000000000071,0.007378856903240636,1.2519561815336475,4109194608.0
2024-06-05,6.43,6.37,6.45,6.36,24814480.0,166389691.0,-1.0869565217391353,-0.07000000000000028,0.006038769726722079,1.3975155279503084,4109194608.0
2024-06-06,6.38,6.2,6.39,6.18,51697130.0,337990133.0,-2.6687598116169498,-0.16999999999999993,0.012580842459822482,3.296703296703296,4109194608.0
2024-06-07,6.22,6.21,6.27,6.06,48070605.0,310800725.0,0.1612903225806317,0.009999999999999787,0.01169830333818057,3.387096774193548,4109194608.0
2024-06-11,6.15,6.18,6.26,6.14,24764848.0,160735734.0,-0.48309178743961567,-0.03000000000000025,0.0060266914474642955,1.9323671497584558,4109194608.0
2024-06-12,6.18,6.21,6.23,6.16,20277330.0,131532826.0,0.4854368932038833,0.03000000000000025,0.004934623918887416,1.1326860841423994,4109194608.0
2024-06-13,6.21,6.17,6.23,6.15,21297893.0,137708684.0,-0.6441223832528209,-0.040000000000000036,0.00518298475290903,1.2882447665056374,4109194608.0
2024-06-14,6.17,6.28,6.33,6.14,50966395.0,332350696.0,1.7828200972447306,0.11000000000000032,0.012403013208665244,3.0794165316045445,4109194608.0
2024-06-17,6.23,6.28,6.31,6.17,27152112.0,177992196.0,0.0,0.0,0.006607648113608155,2.2292993630573195,4109194608.0
2024-06-18,6.28,6.34,6.37,6.28,27191271.0,180065688.0,0.9554140127388422,0.05999999999999961,0.00661717771824741,1.433121019108278,4109194608.0
2024-06-19,6.37,6.28,6.4,6.27,23064971.0,152617767.0,-0.9463722397476282,-0.05999999999999961,0.005613015006662347,2.050473186119886,4109194608.0
2024-06-20,6.26,6.17,6.29,6.16,25382575.0,165249094.0,-1.7515923566879033,-0.11000000000000032,0.006177019445753152,2.070063694267514,4109194608.0
2024-06-21,6.59,6.47,6.69,6.45,173079934.0,1189885167.0,4.862236628849259,0.2999999999999998,0.042120159912367915,3.88978930307942,4109194608.0
2024-06-24,6.34,6.28,6.47,6.26,105949599.0,704093765.0,-2.9366306027820643,-0.1899999999999995,0.025783543761527295,3.2457496136012365,4109194608.0
2024-06-25,6.22,6.08,6.25,6.07,69561871.0,445952098.0,-3.1847133757961776,-0.20000000000000018,0.016928346704381737,2.866242038216556,4109194608.0
2024-06-26,6.08,6.18,6.19,6.03,45814718.0,289126031.0,1.6447368421052655,0.09999999999999964,0.011149318143950995,2.6315789473684235,4109194608.0
2024-06-27,6.13,6.01,6.13,6.0,41363204.0,259117001.0,-2.750809061488668,-0.16999999999999993,0.010066012429655168,2.10355987055016,4109194608.0
2024-06-28,6.03,6.0,6.13,5.91,51616942.0,321968902.0,-0.16638935108153063,-0.009999999999999787,0.01256132817353293,3.660565723793673,4109194608.0
2024-07-01,5.97,6.02,6.04,5.91,32649770.0,201645109.0,0.3333333333333188,0.019999999999999574,0.00794553996942264,2.166666666666665,4109194608.0
2024-07-02,6.01,5.98,6.06,5.96,26146854.0,162068287.0,-0.6644518272425071,-0.03999999999999915,0.006363011853733066,1.6611295681063065,4109194608.0
2024-07-03,5.96,5.98,6.01,5.94,20297379.0,125356858.0,0.0,0.0,0.004939502977173185,1.1705685618728996,4109194608.0
2024-07-04,5.98,5.84,6.01,5.83,35533897.0,216036282.0,-2.341137123745829,-0.14000000000000057,0.008647411570827214,3.0100334448160484,4109194608.0
2024-07-05,5.85,5.9,5.93,5.79,29334638.0,177658143.0,1.0273972602739878,0.0600000000000005,0.007138780417673516,2.3972602739725972,4109194608.0
2024-07-08,5.88,5.78,5.89,5.77,25689510.0,154205250.0,-2.033898305084747,-0.1200000000000001,0.006251714131520149,2.0338983050847474,4109194608.0
2024-07-09,5.77,5.93,5.94,5.76,34866866.0,210775075.0,2.595155709342545,0.14999999999999947,0.008485085114275025,3.114186851211083,4109194608.0
2024-07-10,5.92,5.89,5.99,5.88,26883523.0,164456328.0,-0.6745362563237767,-0.040000000000000036,0.00654228518349112,1.8549747048903935,4109194608.0
2024-07-11,5.96,5.98,5.99,5.91,33789956.0,207879791.0,1.5280135823429575,0.09000000000000075,0.008223011860819612,1.3582342954159605,4109194608.0
2024-07-12,5.96,5.97,6.0,5.93,20536160.0,126368317.0,-0.16722408026756952,-0.010000000000000675,0.0049976119310628665,1.1705685618729142,4109194608.0
2024-07-15,5.95,5.92,5.97,5.9,17649452.0,107845704.0,-0.8375209380234505,-0.04999999999999982,0.0042951122260403785,1.1725293132328207,4109194608.0
2024-07-16,5.91,5.92,5.94,5.88,19536616.0,119220298.0,0.0,0.0,0.004754366211316707,1.0135135135135218,4109194608.0
2024-07-17,5.92,5.94,5.97,5.91,21953528.0,134842046.0,0.33783783783785104,0.020000000000000462,0.005342537916617455,1.013513513513507,4109194608.0
2024-07-18,5.93,5.97,5.97,5.83,29816019.0,181640750.0,0.5050505050504972,0.02999999999999936,0.007255927704653505,2.3569023569023515,4109194608.0
2024-07-19,5.95,6.01,6.01,5.92,31216082.0,192695162.0,0.670016750418756,0.040000000000000036,0.007596642402680774,1.5075376884422087,4109194608.0
2024-07-22,6.05,5.99,6.08,5.94,30591398.0,189455567.0,-0.33277870216305017,-0.019999999999999574,0.007444621371896826,2.3294509151414258,4109194608.0
2024-07-23,5.98,5.87,6.02,5.86,28062444.0,172012310.0,-2.003338898163609,-0.1200000000000001,0.006829183496290619,2.6711185308847956,4109194608.0
2024-07-24,5.85,5.77,5.87,5.76,26532746.0,158990356.0,-1.7035775127768438,-0.10000000000000053,0.006456921253703738,1.8739352640545197,4109194608.0
2024-07-25,5.73,5.87,5.9,5.72,27561245.0,166307224.0,1.7331022530329365,0.10000000000000053,0.006707213366420343,3.119584055459283,4109194608.0
2024-07-26,5.86,6.0,6.02,5.85,36822709.0,227234643.0,2.2146507666098714,0.1299999999999999,0.008961052593691128,2.896081771720612,4109194608.0
2024-07-29,5.99,6.0,6.04,5.97,24243651.0,150309359.0,0.0,0.0,0.00589985467049946,1.1666666666666714,4109194608.0
2024-07-30,5.97,6.02,6.04,5.96,21030460.0,130422392.0,0.3333333333333188,0.019999999999999574,0.005117903143126094,1.3333333333333344,4109194608.0
2024-07-31,6.03,6.33,6.43,6.03,84632038.0,546416999.0,5.149501661129574,0.3100000000000005,0.020595772669231537,6.644518272425241,4109194608.0
2024-08-01,6.3,6.35,6.37,6.27,52618940.0,344119039.0,0.3159557661927215,0.019999999999999574,0.012805171090597324,1.5797788309636736,4109194608.0
2024-08-02,6.31,6.22,6.37,6.2,30688354.0,198814618.0,-2.0472440944881876,-0.1299999999999999,0.007468216263170955,2.6771653543307075,4109194608.0
2024-08-05,6.17,6.15,6.32,6.15,33508815.0,215067629.0,-1.125401929260439,-0.0699999999999994,0.008154594317524716,2.733118971061092,4109194608.0
2024-08-06,6.19,6.17,6.25,6.1,21923740.0,139210499.0,0.3252032520325132,0.019999999999999574,0.005335288807523909,2.439024390243908,4109194608.0
2024-08-07,6.16,6.15,6.21,6.12,18944557.0,120219374.0,-0.32414910858994395,-0.019999999999999574,0.004610284692556961,1.458670988654779,4109194608.0
2024-08-08,6.15,6.16,6.26,6.12,27674052.0,176488506.0,0.1626016260162677,0.009999999999999787,0.006734665704593955,2.276422764227637,4109194608.0
2024-08-09,6.24,6.11,6.27,6.11,21913600.0,139457431.0,-0.8116883116883078,-0.04999999999999982,0.005332821170683284,2.597402597402585,4109194608.0
2024-08-12,6.06,6.09,6.12,6.05,18042872.0,113018893.0,-0.327332242225864,-0.020000000000000462,0.004390853615176359,1.145662847790512,4109194608.0
2024-08-13,6.09,6.18,6.18,6.06,18511476.0,116907228.0,1.477832512315258,0.08999999999999986,0.004504891533723146,1.9704433497536964,4109194608.0
2024-08-14,6.15,6.13,6.19,6.13,16290207.0,103457942.0,-0.8090614886731351,-0.04999999999999982,0.003964330861401734,0.9708737864077751,4109194608.0
2024-08-15,6.13,6.18,6.25,6.11,24109407.0,153875104.0,0.815660685154973,0.04999999999999982,0.005867185494953808,2.2838499184339263,4109194608.0
2024-08-16,6.19,6.12,6.19,6.1,19348926.0,122384689.0,-0.9708737864077555,-0.05999999999999961,0.004708690594096098,1.4563106796116627,4109194608.0
2024-08-19,6.16,6.17,6.18,6.1,17727705.0,112435127.0,0.8169934640522847,0.04999999999999982,0.004314155617134013,1.3071895424836613,4109194608.0
2024-08-20,6.16,6.08,6.17,6.05,19736064.0,124193400.0,-1.4586709886547755,-0.08999999999999986,0.004802903216503004,1.94489465153971,4109194608.0
2024-08-21,6.06,6.07,6.11,6.03,13836191.0,86558110.0,-0.1644736842105199,-0.009999999999999787,0.0033671296494604958,1.3157894736842117,4109194608.0
2024-08-22,6.28,6.06,6.36,6.06,71429650.0,457989042.0,-0.16474464579901982,-0.010000000000000675,0.01738288322021472,4.942339373970357,4109194608.0
2024-08-23,6.0,6.13,6.16,6.0,40618552.0,255019965.0,1.1551155115511635,0.07000000000000028,0.009884796383437677,2.640264026402643,4109194608.0
2024-08-26,6.16,6.29,6.43,6.12,67199978.0,436598446.0,2.610114192495927,0.16000000000000014,0.01635356424082994,5.057096247960842,4109194608.0
2024-08-27,6.23,6.16,6.23,6.12,37756491.0,239927572.0,-2.0667726550079424,-0.1299999999999999,0.009188294690763403,1.7488076311605774,4109194608.0
2024-08-28,6.12,6.11,6.16,6.06,26046866.0,164022341.0,-0.8116883116883078,-0.04999999999999982,0.006338679104973653,1.6233766233766318,4109194608.0
2024-08-29,6.08,6.21,6.22,6.08,35421994.0,225772396.0,1.6366612111292866,0.09999999999999964,0.008620179227101721,2.2913256955810093,4109194608.0
2024-08-30,6.18,6.29,6.38,6.16,70096102.0,456159899.0,1.2882447665056418,0.08000000000000007,0.017058355392449206,3.5426731078904954,4109194608.0
2024-09-02,6.24,6.18,6.28,6.17,38346732.0,245762685.0,-1.748807631160576,-0.11000000000000032,0.009331933787060006,1.7488076311605774,4109194608.0
2024-09-03,6.17,6.19,6.23,6.16,24122649.0,154244090.0,0.16181229773464256,0.010000000000000675,0.005870408024248045,1.1326860841423994,4109194608.0
2024-09-04,6.17,6.2,6.29,6.16,27077788.0,173978738.0,0.1615508885298933,0.009999999999999787,0.006589560870951089,2.100161550888528,4109194608.0
2024-09-05,6.2,6.24,6.26,6.19,20802761.0,133603582.0,0.6451612903225712,0.040000000000000036,0.0050624910680793925,1.1290322580645062,4109194608.0
2024-09-06,6.32,6.25,6.39,6.24,64125709.0,417864401.0,0.1602564102564097,0.009999999999999787,0.015605420311599902,2.4038461538461453,4109194608.0
2024-09-09,6.19,6.23,6.32,6.14,37803676.0,243146378.0,-0.31999999999999806,-0.019999999999999574,0.009199777476199784,2.8800000000000097,4109194608.0
2024-09-10,6.23,6.21,6.24,6.09,31933944.0,203206129.0,-0.32102728731943087,-0.020000000000000462,0.007771338923162532,2.4077046548956718,4109194608.0
2024-09-11,6.19,6.17,6.22,6.12,21092948.0,134091118.0,-0.6441223832528209,-0.040000000000000036,0.005133110015995621,1.6103059581320394,4109194608.0
2024-09-12,6.16,6.15,6.2,6.12,19885448.0,126424223.0,-0.32414910858994395,-0.019999999999999574,0.004839256812341266,1.2965964343598066,4109194608.0
2024-09-13,6.15,6.15,6.23,6.14,22665387.0,144479199.0,0.0,0.0,0.00551577356688676,1.4634146341463534,4109194608.0
2024-09-18,6.14,6.08,6.15,5.97,28441128.0,177632864.0,-1.1382113821138296,-0.07000000000000028,0.006921338781236909,2.9268292682926926,4109194608.0
2024-09-19,6.12,6.23,6.28,6.07,38103196.0,243838534.0,2.4671052631578982,0.15000000000000036,0.009272667672107488,3.453947368421052,4109194608.0
2024-09-20,6.22,6.22,6.24,6.17,20948875.0,134026359.0,-0.16051364365972098,-0.010000000000000675,0.005098048887540057,1.123595505617982,4109194608.0
2024-09-23,6.22,6.2,6.25,6.19,17557930.0,112520958.0,-0.3215434083601254,-0.019999999999999574,0.004272839735021866,0.9646302250803797,4109194608.0
2024-09-24,6.25,6.52,6.53,6.2,86682467.0,573701100.0,5.161290322580636,0.3199999999999994,0.02109475828456553,5.322580645161292,4109194608.0
2024-09-25,6.61,6.65,6.83,6.6,114972393.0,797054039.0,1.9938650306748684,0.13000000000000078,0.027979301047501032,3.527607361963197,4109194608.0
2024-09-26,6.6,6.96,6.97,6.59,111962429.0,783946288.0,4.6616541353383445,0.3099999999999996,0.027246806170246975,5.714285714285713,4109194608.0
2024-09-27,7.19,7.66,7.66,6.98,214348178.0,1614916540.0,10.057471264367823,0.7000000000000002,0.05216306319070299,9.770114942528732,4109194608.0
2024-09-30,8.35,8.42,8.42,8.03,256971629.0,2202091477.0,9.921671018276768,0.7599999999999998,0.06253576515936088,5.091383812010451,4109194608.0
2024-10-08,9.27,9.27,9.27,8.85,235456982.0,2231100291.0,10.09501187648456,0.8499999999999996,0.057300031870381546,4.988123515439429,4109194608.0
2024-10-09,8.94,8.34,9.47,8.34,341801118.0,3145215499.0,-10.032362459546928,-0.9299999999999997,0.083179588850468,12.189859762675304,4109194608.0
2024-10-10,8.43,8.15,8.61,7.95,198883444.0,1689372739.0,-2.27817745803357,-0.1899999999999995,0.048399616706593325,7.913669064748192,4109194608.0
2024-10-11,8.03,7.97,8.2,7.82,128001622.0,1058597378.0,-2.208588957055224,-0.1800000000000006,0.0311500510953654,4.662576687116552,4109194608.0
2024-10-14,7.98,8.01,8.05,7.68,116514789.0,948062471.0,0.5018820577164407,0.040000000000000036,0.028354653433342574,4.642409033877051,4109194608.0
2024-10-15,7.9,7.75,8.03,7.74,91998297.0,749082645.0,-3.2459425717852652,-0.2599999999999998,0.022388401080078512,3.6204744069912502,4109194608.0
2024-10-16,7.64,7.89,8.06,7.6,102447485.0,831396764.0,1.806451612903226,0.13999999999999968,0.02493128088909436,5.9354838709677535,4109194608.0
2024-10-17,7.93,7.74,8.0,7.74,79535743.0,645303090.0,-1.9011406844106404,-0.14999999999999947,0.019355555184744855,3.295310519645118,4109194608.0
2024-10-18,7.74,8.07,8.4,7.69,162393216.0,1342023565.0,4.263565891472876,0.33000000000000007,0.039519475588682074,9.173126614987078,4109194608.0
2024-10-21,7.95,7.93,8.04,7.85,109994119.0,901137529.0,-1.7348203221809189,-0.14000000000000057,0.026767804762971692,2.354399008674095,4109194608.0
2024-10-22,7.93,7.97,8.03,7.89,70226216.0,575939230.0,0.5044136191677095,0.040000000000000036,0.017090019504863517,1.7654476670870074,4109194608.0
2024-10-23,8.0,7.94,8.12,7.91,89194138.0,736442452.0,-0.37641154328732496,-0.02999999999999936,0.021705990226491605,2.634880803011281,4109194608.0
2024-10-24,7.93,7.93,7.98,7.85,61978354.0,505476205.0,-0.12594458438287548,-0.010000000000000675,0.015082847105692493,1.6372795969773395,4109194608.0
2024-10-25,7.93,8.05,8.14,7.91,75655602.0,626550007.0,1.513240857503173,0.120000000000001,0.018411296912711223,2.900378310214381,4109194608.0
2024-10-28,8.06,8.09,8.11,8.02,65768134.0,546136799.0,0.4968944099378758,0.03999999999999915,0.016005115423825163,1.1180124223602466,4109194608.0
2024-10-29,8.12,7.98,8.23,7.96,73183839.0,609055051.0,-1.3597033374536438,-0.10999999999999943,0.01780977684958551,3.3374536464771376,4109194608.0
2024-10-30,7.86,7.86,7.96,7.77,85675482.0,693259143.0,-1.5037593984962405,-0.1200000000000001,0.020849701747686123,2.380952380952386,4109194608.0
2024-10-31,7.86,7.96,8.14,7.81,120874198.0,998413564.0,1.2722646310432628,0.09999999999999964,0.02941554477966939,4.19847328244276,4109194608.0
2024-11-01,7.94,7.82,8.05,7.81,95623606.0,779817786.0,-1.7587939698492372,-0.13999999999999968,0.0232706442799849,3.015075376884436,4109194608.0
2024-11-04,7.87,8.02,8.02,7.84,85081732.0,694874366.0,2.5575447570332477,0.1999999999999993,0.020705208712762917,2.3017902813299194,4109194608.0
2024-11-05,8.03,8.38,8.42,7.92,162283175.0,1382736929.0,4.488778054862852,0.3600000000000012,0.0394926963751141,6.234413965087282,4109194608.0
2024-11-06,8.41,8.35,8.62,8.27,150676869.0,1307788648.0,-0.35799522673032325,-0.030000000000001137,0.03666822415921948,4.176610978520282,4109194608.0
2024-11-07,8.3,8.82,8.91,8.21,196053304.0,1735717091.0,5.628742514970075,0.47000000000000064,0.04771088320283321,8.383233532934124,4109194608.0
2024-11-08,9.71,9.71,9.71,9.71,50353975.0,503539750.0,10.09070294784582,0.8900000000000006,0.012253976704332325,0.0,4109194608.0
2024-11-11,10.14,10.23,10.68,9.59,558726047.0,5791450539.0,5.355303810504619,0.5199999999999996,0.13596972163650808,11.225540679711635,4109194608.0
2024-11-12,9.89,9.59,9.97,9.46,313791795.0,3142739468.0,-6.256109481915939,-0.6400000000000006,0.07636333270492796,4.985337243401757,4109194608.0
2024-11-13,9.43,9.31,9.6,9.17,182634987.0,1758899892.0,-2.9197080291970767,-0.27999999999999936,0.044445445987015664,4.483837330552657,4109194608.0
2024-11-14,9.22,9.09,9.41,9.06,135409780.0,1287897465.0,-2.3630504833512367,-0.22000000000000064,0.03295287590818332,3.759398496240598,4109194608.0
2024-11-15,9.15,8.79,9.31,8.78,142163406.0,1323195186.0,-3.300330033003307,-0.3000000000000007,0.03459641597972232,5.830583058305843,4109194608.0
2024-11-18,8.74,8.53,8.82,8.49,122484231.0,1090741497.0,-2.9579067121729197,-0.2599999999999998,0.029807357081979312,3.754266211604097,4109194608.0
2024-11-19,8.55,8.71,8.75,8.51,96577127.0,858002798.0,2.110199296600257,0.1800000000000015,0.02350268999476892,2.8135990621336484,4109194608.0
2024-11-20,8.69,8.76,8.81,8.57,96581491.0,866129029.0,0.5740528128587608,0.049999999999998934,0.023503752003365814,2.755453501722161,4109194608.0
2024-11-21,8.83,9.42,9.63,8.79,330987723.0,3187802963.0,7.534246575342474,0.6600000000000001,0.08054807683131274,9.58904109589043,4109194608.0
2024-11-22,9.18,8.82,9.28,8.82,225110769.0,2106420905.0,-6.369426751592355,-0.5999999999999996,0.05478221171655932,4.883227176220797,4109194608.0
2024-11-25,8.77,8.68,8.83,8.52,137721170.0,1225015398.0,-1.5873015873015928,-0.14000000000000057,0.033515368128799995,3.514739229024949,4109194608.0
2024-11-26,8.63,8.54,8.89,8.53,107577060.0,966021060.0,-1.6129032258064613,-0.14000000000000057,0.026179597284237455,4.147465437788032,4109194608.0
2024-11-27,8.52,8.67,8.67,8.41,110805731.0,975578704.0,1.5222482435597318,0.13000000000000078,0.026965315973178167,3.044496487119436,4109194608.0
2024-11-28,8.62,8.54,8.71,8.51,88694603.0,786886972.0,-1.4994232987312617,-0.13000000000000078,0.02158442504215415,2.306805074971177,4109194608.0
2024-11-29,8.49,8.76,9.02,8.45,148959473.0,1340143547.0,2.576112412177989,0.22000000000000064,0.03625028435255846,6.674473067915695,4109194608.0
2024-12-02,8.71,8.86,8.94,8.67,108851252.0,991143064.0,1.1415525114155223,0.09999999999999964,0.026489680432287766,3.0821917808219133,4109194608.0
2024-12-03,8.85,8.82,8.91,8.69,88265397.0,799908839.0,-0.4514672686230181,-0.03999999999999915,0.02147997489049562,2.483069977426644,4109194608.0
2024-12-04,8.8,8.72,8.9,8.68,75312585.0,681333183.0,-1.13378684807256,-0.09999999999999964,0.018327821430841322,2.4943310657596443,4109194608.0
2024-12-05,8.7,8.9,8.91,8.68,84559696.0,767477990.0,2.064220183486243,0.17999999999999972,0.02057816775953484,2.6376146788990873,4109194608.0
2024-12-06,8.9,9.01,9.07,8.79,111195648.0,1025506646.0,1.2359550561797716,0.10999999999999943,0.02706020488382769,3.1460674157303496,4109194608.0
2024-12-09,8.95,8.84,9.03,8.76,78071646.0,715104183.0,-1.8867924528301883,-0.16999999999999993,0.018999257384404705,2.996670366259707,4109194608.0
2024-12-10,9.33,8.87,9.37,8.86,138905806.0,1299770962.0,0.33936651583710287,0.02999999999999936,0.03380365722508512,5.7692307692307665,4109194608.0
2024-12-11,8.84,8.86,8.91,8.81,65721530.0,600079672.0,-0.11273957158962622,-0.009999999999999787,0.015993774028625903,1.1273957158962757,4109194608.0
2024-12-12,8.88,8.97,9.08,8.8,95371172.0,876871510.0,1.2415349887133331,0.11000000000000121,0.02320921277720123,3.160270880361167,4109194608.0
2024-12-13,8.88,8.75,8.89,8.74,88931253.0,806878950.0,-2.4526198439241975,-0.22000000000000064,0.021642015402936594,1.672240802675589,4109194608.0
2024-12-16,8.68,8.58,8.69,8.52,69620760.0,616243760.0,-1.9428571428571462,-0.16999999999999993,0.016942677736522523,1.942857142857142,4109194608.0
2024-12-17,8.54,8.47,8.63,8.47,57636689.0,507055644.0,-1.2820512820512775,-0.10999999999999943,0.014026273880480085,1.8648018648018665,4109194608.0
2024-12-18,8.51,8.43,8.54,8.4,58571890.0,509674158.0,-0.47225501770957745,-0.040000000000000924,0.014253861300696032,1.6528925619834565,4109194608.0
2024-12-19,8.33,8.4,8.43,8.27,53237667.0,458345759.0,-0.3558718861209842,-0.02999999999999936,0.012955742445576577,1.8979833926453162,4109194608.0
2024-12-20,8.38,8.4,8.48,8.38,48532501.0,421097376.0,0.0,0.0,0.011810708820048175,1.1904761904761862,4109194608.0
2024-12-23,8.38,8.15,8.46,8.13,69683182.0,594045870.0,-2.9761904761904767,-0.25,0.016957868547850485,3.9285714285714293,4109194608.0
2024-12-24,8.19,8.31,8.32,8.19,56724146.0,482288618.0,1.9631901840490906,0.16000000000000014,0.013804200436155153,1.5950920245398867,4109194608.0
2024-12-25,8.31,8.23,8.32,8.1,46810931.0,395809254.0,-0.9626955475330989,-0.08000000000000007,0.011391753242561444,2.6474127557160125,4109194608.0
2024-12-26,8.21,8.22,8.28,8.17,36359792.0,308506136.0,-0.12150668286755595,-0.009999999999999787,0.00884839864464263,1.3365735115431279,4109194608.0
2024-12-27,8.2,8.26,8.42,8.19,63265645.0,540936223.0,0.48661800486617945,0.03999999999999915,0.015396117983030314,2.79805352798054,4109194608.0
2024-12-30,8.23,8.27,8.29,8.2,38241482.0,324933034.0,0.1210653753026536,0.009999999999999787,0.009306320495395724,1.0895883777239692,4109194608.0
2024-12-31,8.27,7.91,8.29,7.91,72912496.0,605390619.0,-4.3530834340991476,-0.35999999999999943,0.01774374371514312,4.594921402660206,4109194608.0
2025-01-02,7.91,7.61,8.02,7.49,90352395.0,723845719.0,-3.792667509481662,-0.2999999999999998,0.02198785981664074,6.70037926675094,4109194608.0
2025-01-03,7.57,7.35,7.61,7.35,63070347.0,484919451.0,-3.416557161629441,-0.2600000000000007,0.015348590908109165,3.4165571616294437,4109194608.0
2025-01-06,7.32,7.38,7.44,7.29,41071735.0,311295484.0,0.40816326530612734,0.03000000000000025,0.009995081498461851,2.040816326530617,4109194608.0
2025-01-07,7.42,7.47,7.47,7.34,40521506.0,309133145.0,1.2195121951219523,0.08999999999999986,0.00986117959006141,1.7615176151761502,4109194608.0
2025-01-08,7.41,7.42,7.48,7.19,59816232.0,452112605.0,-0.669344042838016,-0.04999999999999982,0.014556680251537992,3.882195448460509,4109194608.0
2025-01-09,7.38,7.41,7.47,7.37,33350098.0,255018446.0,-0.13477088948786742,-0.009999999999999787,0.008115969473694978,1.3477088948787015,4109194608.0
2025-01-10,7.4,7.26,7.49,7.25,38643797.0,293960414.0,-2.0242914979757165,-0.15000000000000036,0.009404226542292785,3.2388663967611366,4109194608.0
2025-01-13,7.11,7.31,7.34,7.09,34990393.0,261687168.0,0.688705234159781,0.04999999999999982,0.008515146236169694,3.443526170798898,4109194608.0
2025-01-14,7.35,7.54,7.56,7.31,66008109.0,508057290.0,3.146374829001375,0.23000000000000043,0.01606351494560318,3.4199726402188784,4109194608.0
2025-01-15,7.54,7.49,7.57,7.48,39329273.0,304587005.0,-0.6631299734747964,-0.04999999999999982,0.009571041712999348,1.1936339522546402,4109194608.0
2025-01-16,7.56,7.51,7.65,7.44,38532988.0,299214253.0,0.2670226969292422,0.019999999999999574,0.009377260430786587,2.8037383177570088,4109194608.0
2025-01-17,7.47,7.53,7.57,7.46,29594305.0,229495297.0,0.26631158455392434,0.020000000000000462,0.0072019721193988286,1.4647137150466087,4109194608.0
2025-01-20,7.61,7.54,7.64,7.52,30659486.0,239185415.0,0.13280212483399723,0.009999999999999787,0.007461191042232576,1.5936254980079694,4109194608.0
2025-01-21,7.6,7.53,7.62,7.45,29163751.0,226026801.0,-0.13262599469495706,-0.009999999999999787,0.007097193922921647,2.254641909814323,4109194608.0
2025-01-22,7.52,7.51,7.54,7.43,31265803.0,240619625.0,-0.26560424966800555,-0.020000000000000462,0.007608742340684002,1.460823373173975,4109194608.0
2025-01-23,7.69,7.6,7.86,7.6,81539207.0,647900651.0,1.1984021304926706,0.08999999999999986,0.019843111553114353,3.462050599201074,4109194608.0
2025-01-24,7.59,7.61,7.66,7.55,50160365.0,392459955.0,0.13157894736843812,0.010000000000000675,0.012206860415504565,1.4473684210526359,4109194608.0
2025-01-27,7.64,7.42,7.66,7.42,42621068.0,328992802.0,-2.4967148488830526,-0.1900000000000004,0.010372122049664678,3.153745072273327,4109194608.0
2025-02-05,7.46,7.43,7.48,7.4,34462843.0,263624918.0,0.13477088948787852,0.009999999999999787,0.008386763414150766,1.078167115902966,4109194608.0
2025-02-06,7.42,7.59,7.59,7.4,43804520.0,338682613.0,2.153432032301472,0.16000000000000014,0.010660123011628365,2.557200538358001,4109194608.0
2025-02-07,7.59,7.77,7.87,7.54,77540674.0,617346623.0,2.371541501976271,0.17999999999999972,0.01887004179579124,4.347826086956523,4109194608.0
2025-02-10,7.77,7.78,7.82,7.71,47220181.0,376761483.0,0.12870012870014325,0.010000000000000675,0.011491346968106409,1.4157014157014198,4109194608.0
2025-02-11,7.78,7.75,7.8,7.66,44389433.0,352427671.0,-0.3856041131105381,-0.03000000000000025,0.010802465503478534,1.7994858611825153,4109194608.0
2025-02-12,7.75,7.9,7.93,7.72,55583460.0,445995062.0,1.9354838709677358,0.15000000000000036,0.013526606866412981,2.709677419354838,4109194608.0
2025-02-13,7.89,7.83,7.96,7.8,61079095.0,493670077.0,-0.8860759493670933,-0.07000000000000028,0.014864006411642795,2.0253164556962044,4109194608.0
2025-02-14,7.81,7.84,7.88,7.78,41813531.0,336194933.0,0.12771392081736277,0.009999999999999787,0.01017560251797157,1.2771392081736863,4109194608.0
2025-02-17,7.94,7.89,8.0,7.84,58220376.0,473646884.0,0.6377551020408045,0.04999999999999982,0.014168318017027828,2.040816326530614,4109194608.0
2025-02-18,7.88,7.66,7.88,7.63,53000617.0,422678888.0,-2.91508238276299,-0.22999999999999954,0.012898054742117972,3.1685678073510775,4109194608.0
2025-02-19,7.65,7.73,7.77,7.65,42631680.0,337644252.0,0.9138381201044377,0.07000000000000028,0.01037470455086317,1.5665796344647418,4109194608.0
2025-02-20,7.71,7.73,7.75,7.65,35252996.0,279280422.0,0.0,0.0,0.008579052433138012,1.2936610608020653,4109194608.0
2025-02-21,7.75,7.88,7.9,7.69,67706234.0,544658884.0,1.9404915912031084,0.14999999999999947,0.016476765025483554,2.716688227684346,4109194608.0
2025-02-24,7.85,7.81,7.89,7.77,47944558.0,385812162.0,-0.8883248730964466,-0.07000000000000028,0.011667628957426101,1.52284263959391,4109194608.0
2025-02-25,7.75,7.68,7.77,7.67,40890276.0,324231517.0,-1.6645326504481472,-0.1299999999999999,0.009950922236779106,1.280409731113952,4109194608.0
2025-02-26,7.78,8.31,8.45,7.78,237291670.0,1979071809.0,8.203125,0.6300000000000008,0.0577465154699726,8.723958333333321,4109194608.0
2025-02-27,8.04,8.1,8.16,7.94,177080228.0,1463068089.0,-2.527075812274382,-0.21000000000000085,0.04309365822082282,2.6474127557160014,4109194608.0
2025-02-28,8.07,7.95,8.37,7.93,148418714.0,1242545069.0,-1.851851851851849,-0.14999999999999947,0.03611868703201608,5.432098765432094,4109194608.0
2025-03-03,7.94,7.85,8.02,7.79,86812530.0,704865390.0,-1.2578616352201366,-0.10000000000000053,0.02112640998578863,2.8930817610062833,4109194608.0
2025-03-04,7.8,7.86,7.88,7.78,49235351.0,396814020.0,0.1273885350318471,0.010000000000000675,0.011981752069893692,1.2738853503184668,4109194608.0
2025-03-05,7.84,7.84,7.87,7.75,56320661.0,451911150.0,-0.2544529262086592,-0.020000000000000462,0.013706009661930326,1.5267175572519098,4109194608.0
2025-03-06,7.88,8.01,8.04,7.85,87523269.0,716688656.0,2.168367346938771,0.16999999999999993,0.021299373076564692,2.423469387755096,4109194608.0
2025-03-07,7.95,7.86,7.96,7.83,60076187.0,487254684.0,-1.872659176029956,-0.14999999999999947,0.014619942039990138,1.622971285892633,4109194608.0
2025-03-10,7.85,7.87,7.88,7.8,34632302.0,278702132.0,0.12722646310432406,0.009999999999999787,0.008428002395548749,1.0178117048346065,4109194608.0
2025-03-11,7.79,7.89,7.9,7.77,42954493.0,346271361.0,0.2541296060990961,0.019999999999999574,0.010453263254160291,1.6518424396442286,4109194608.0
2025-03-12,7.91,7.93,8.04,7.87,67571103.0,551890737.0,0.5069708491761693,0.040000000000000036,0.01644387999255352,2.1546261089987206,4109194608.0
2025-03-13,7.91,7.88,8.0,7.8,46893061.0,379916451.0,-0.6305170239596425,-0.04999999999999982,0.011411740127543748,2.52206809583859,4109194608.0
2025-03-14,7.87,8.06,8.16,7.85,106097515.0,876548138.0,2.2842639593908753,0.1800000000000006,0.025819540109744056,3.9340101522842703,4109194608.0
2025-03-17,8.06,8.01,8.08,7.99,50846729.0,418731994.0,-0.6203473945409543,-0.05000000000000071,0.0123738916869522,1.1166253101736956,4109194608.0
2025-03-18,8.05,8.02,8.07,7.98,35706670.0,293828958.0,0.12484394506866447,0.009999999999999787,0.008689457036297173,1.1235955056179758,4109194608.0
2025-03-19,8.0,7.99,8.05,7.95,40143295.0,329888004.0,-0.37406483790523026,-0.02999999999999936,0.009769139412829678,1.246882793017463,4109194608.0
2025-03-20,7.98,7.93,8.0,7.92,35242007.0,288190138.0,-0.7509386733416834,-0.0600000000000005,0.00857637818646724,1.0012515644555704,4109194608.0
2025-03-21,7.91,7.78,7.95,7.77,50504899.0,407166355.0,-1.8915510718789386,-0.14999999999999947,0.012290705069473799,2.2698612862547365,4109194608.0
2025-03-24,7.77,7.77,7.79,7.64,41421595.0,328915658.0,-0.12853470437018677,-0.010000000000000675,0.010080222270164139,1.9280205655527036,4109194608.0
2025-03-25,7.75,7.76,7.8,7.71,23441354.0,186654262.0,-0.12870012870012104,-0.009999999999999787,0.005704610327864034,1.1583011583011564,4109194608.0
2025-03-26,7.76,7.73,7.8,7.73,26217796.0,209060713.0,-0.3865979381443174,-0.02999999999999936,0.0063802760640632086,0.9020618556700953,4109194608.0
2025-03-27,7.72,7.71,7.79,7.65,28996650.0,229862459.0,-0.2587322121604174,-0.020000000000000462,0.007056528776599621,1.8111254851228935,4109194608.0
2025-03-28,7.73,7.7,7.74,7.67,27383892.0,216933999.0,-0.12970168612191912,-0.009999999999999787,0.006664053327308367,0.9079118028534408,4109194608.0
2025-03-31,7.67,7.59,7.71,7.51,37236701.0,290906149.0,-1.4285714285714346,-0.11000000000000032,0.009061800316661955,2.5974025974025996,4109194608.0
2025-04-01,7.6,7.62,7.66,7.58,21747946.0,170391233.0,0.39525691699604515,0.03000000000000025,0.005292508161492263,1.054018445322794,4109194608.0
2025-04-02,7.6,7.66,7.69,7.59,21544253.0,169432682.0,0.5249343832020914,0.040000000000000036,0.005242938107155231,1.3123359580052563,4109194608.0
2025-04-03,7.61,7.68,7.7,7.59,24227852.0,190804095.0,0.26109660574411553,0.019999999999999574,0.005896009878147879,1.4360313315926936,4109194608.0
2025-04-07,7.3,6.91,7.37,6.91,80363184.0,583593758.0,-10.026041666666663,-0.7699999999999996,0.019556918488003623,5.989583333333333,4109194608.0
2025-04-08,6.94,6.96,7.03,6.88,55327696.0,394662346.0,0.723589001447178,0.04999999999999982,0.013464364985850288,2.1707670043415392,4109194608.0
2025-04-09,6.89,7.08,7.15,6.76,61456676.0,441132648.0,1.724137931034475,0.1200000000000001,0.014955893274159577,5.603448275862077,4109194608.0
2025-04-10,7.17,7.2,7.31,7.12,48394080.0,360139682.0,1.6949152542372836,0.1200000000000001,0.011777023143606733,2.6836158192090327,4109194608.0
2025-04-11,7.16,7.18,7.26,7.13,28126248.0,207756503.0,-0.2777777777777879,-0.020000000000000462,0.0068447106265647085,1.805555555555554,4109194608.0
2025-04-14,7.25,7.22,7.25,7.18,25784706.0,191418587.0,0.557103064066844,0.040000000000000036,0.00627488071501918,0.9749303621169957,4109194608.0
2025-04-15,7.22,7.2,7.23,7.15,19565634.0,144347627.0,-0.27700831024930483,-0.019999999999999574,0.004761427935758646,1.1080332409972309,4109194608.0
2025-04-16,7.17,7.17,7.19,7.07,25955486.0,190457950.0,-0.4166666666666652,-0.03000000000000025,0.006316441170605177,1.666666666666668,4109194608.0
2025-04-17,7.14,7.18,7.23,7.14,19963185.0,147698347.0,0.1394700139470073,0.009999999999999787,0.004858174631382657,1.255230125523023,4109194608.0
2025-04-18,7.19,7.23,7.27,7.16,20762922.0,153770623.0,0.6963788300835771,0.05000000000000071,0.005052795980890667,1.5320334261838362,4109194608.0
2025-04-21,7.24,7.29,7.34,7.23,22702595.0,170210785.0,0.8298755186721962,0.05999999999999961,0.00552482838262305,1.5214384508990237,4109194608.0
2025-04-22,7.26,7.29,7.32,7.26,23013272.0,172409010.0,0.0,0.0,0.005600433709125514,0.8230452674897187,4109194608.0
2025-04-23,7.32,7.39,7.43,7.28,35391402.0,267285047.0,1.3717421124828544,0.09999999999999964,0.008612734459229096,2.0576131687242727,4109194608.0
2025-04-24,7.32,7.2,7.32,7.13,48288121.0,358128871.0,-2.571041948579156,-0.1899999999999995,0.01175123731204896,2.5710419485791665,4109194608.0
2025-04-25,7.21,7.24,7.27,7.18,29282659.0,217750704.0,0.5555555555555536,0.040000000000000036,0.007126130980263371,1.249999999999998,4109194608.0
2025-04-28,7.25,7.26,7.31,7.19,29573964.0,220426576.0,0.2762430939226457,0.019999999999999574,0.007197022000959464,1.6574585635359007,4109194608.0
2025-04-29,7.26,7.27,7.36,7.22,22818373.0,171029154.0,0.13774104683195176,0.009999999999999787,0.005553003733523832,1.9283746556473909,4109194608.0
2025-04-30,7.3,7.31,7.39,7.28,29566151.0,223089478.0,0.5502063273727709,0.040000000000000036,0.007195120655137392,1.5130674002750955,4109194608.0
2025-05-06,7.35,7.4,7.42,7.34,29373656.0,222862552.0,1.2311901504788114,0.09000000000000075,0.007148275709019426,1.0943912448700421,4109194608.0
2025-05-07,7.57,7.42,7.63,7.38,43873607.0,337418408.0,0.2702702702702675,0.019999999999999574,0.010676935795297821,3.378378378378378,4109194608.0
2025-05-08,7.4,7.42,7.46,7.38,25680803.0,195953800.0,0.0,0.0,0.006249595224816862,1.078167115902966,4109194608.0
2025-05-09,7.43,7.32,7.43,7.3,20993851.0,158454550.0,-1.3477088948786964,-0.09999999999999964,0.005108994098047352,1.7520215633423166,4109194608.0
2025-05-12,7.35,7.45,7.46,7.33,28924206.0,220183910.0,1.775956284153013,0.1299999999999999,0.007038899044520502,1.7759562841530039,4109194608.0
2025-05-13,7.52,7.41,7.54,7.4,24047024.0,183967098.0,-0.5369127516778538,-0.040000000000000036,0.005852004174536773,1.879194630872479,4109194608.0
2025-05-14,7.4,7.58,7.7,7.35,74239878.0,574723969.0,2.2941970310391246,0.16999999999999993,0.018066771005555645,4.723346828609993,4109194608.0
2025-05-15,7.52,7.42,7.55,7.42,39117253.0,300559231.0,-2.110817941952503,-0.16000000000000014,0.009519445227501378,1.71503957783641,4109194608.0
2025-05-16,7.42,7.38,7.51,7.37,35890370.0,273702277.0,-0.5390835579514808,-0.040000000000000036,0.008734161660323097,1.8867924528301845,4109194608.0
2025-05-19,7.36,7.39,7.42,7.31,22862417.0,172997837.0,0.13550135501354532,0.009999999999999787,0.005563722135595677,1.4905149051490558,4109194608.0
2025-05-20,7.39,7.39,7.43,7.36,24239467.0,184077167.0,0.0,0.0,0.00589883646610684,0.9472259810554723,4109194608.0
2025-05-21,7.4,7.38,7.43,7.37,19393637.0,147397197.0,-0.13531799729363803,-0.009999999999999787,0.004719571315080437,0.811907983761835,4109194608.0
2025-05-22,7.36,7.3,7.37,7.29,23070428.0,173552757.0,-1.084010840108407,-0.08000000000000007,0.005614343004121843,1.084010840108402,4109194608.0
2025-05-23,7.29,7.16,7.33,7.16,27747502.0,206606291.0,-1.9178082191780743,-0.13999999999999968,0.0067525402535036135,2.3287671232876703,4109194608.0
2025-05-26,7.17,7.2,7.22,7.15,16311680.0,120470160.0,0.5586592178770999,0.040000000000000036,0.003969556459614628,0.9776536312849077,4109194608.0
2025-05-27,7.2,7.2,7.22,7.16,13713873.0,101340510.0,0.0,0.0,0.003337362745804518,0.8333333333333279,4109194608.0
2025-05-28,7.21,7.15,7.22,7.15,14462020.0,106764301.0,-0.694444444444442,-0.04999999999999982,0.003519429323654948,0.9722222222222138,4109194608.0
2025-05-29,7.16,7.26,7.27,7.15,26345676.0,195931439.0,1.538461538461533,0.10999999999999943,0.006411396517631175,1.6783216783216672,4109194608.0
2025-05-30,7.24,7.21,7.25,7.19,18892019.0,140048131.0,-0.688705234159781,-0.04999999999999982,0.004597499218756884,0.8264462809917302,4109194608.0
2025-06-03,7.18,7.29,7.3,7.16,24405583.0,181949044.0,1.109570041608876,0.08000000000000007,0.005939261906088824,1.9417475728155296,4109194608.0
2025-06-04,7.29,7.37,7.4,7.28,25257698.0,190912729.0,1.0973936899862924,0.08000000000000007,0.006146629792326448,1.6460905349794255,4109194608.0
2025-06-05,7.36,7.4,7.42,7.33,25337543.0,191980394.0,0.4070556309362372,0.03000000000000025,0.006166060607271195,1.2211668928086818,4109194608.0
2025-06-06,7.4,7.35,7.43,7.34,17766479.0,134439041.0,-0.6756756756756799,-0.05000000000000071,0.004323591529447466,1.2162162162162142,4109194608.0
2025-06-09,7.4,7.44,7.46,7.39,33548840.0,256416508.0,1.224489795918382,0.09000000000000075,0.008164334669057855,0.9523809523809563,4109194608.0
2025-06-10,7.45,7.33,7.45,7.28,29141465.0,220428693.0,-1.4784946236559127,-0.11000000000000032,0.00709177047571946,2.2849462365591386,4109194608.0
2025-06-11,7.36,7.43,7.49,7.33,37996714.0,290638376.0,1.3642564802182733,0.09999999999999964,0.009246754565000636,2.1828103683492515,4109194608.0
2025-06-12,7.42,7.42,7.47,7.39,24651421.0,188029282.0,-0.1345895020188448,-0.009999999999999787,0.005999088228142637,1.0767160161507412,4109194608.0
2025-06-13,7.42,7.37,7.43,7.33,25093554.0,190025835.0,-0.6738544474393482,-0.04999999999999982,0.006106684251737926,1.3477088948787015,4109194608.0
2025-06-16,7.35,7.43,7.44,7.33,23496120.0,178555084.0,0.8141112618724522,0.05999999999999961,0.0057179380003703146,1.4925373134328401,4109194608.0
2025-06-17,7.43,7.45,7.46,7.4,24826071.0,189474037.0,0.2691790040376896,0.020000000000000462,0.006041590474120471,0.80753701211305,4109194608.0
2025-06-18,7.44,7.35,7.44,7.33,29674389.0,224517569.0,-1.34228187919464,-0.10000000000000053,0.0072214610965925805,1.4765100671140983,4109194608.0
2025-06-19,7.35,7.21,7.36,7.18,30070862.0,223691486.0,-1.904761904761898,-0.13999999999999968,0.007317945453704343,2.4489795918367427,4109194608.0
2025-06-20,7.22,7.19,7.27,7.19,19196170.0,141124213.0,-0.2773925104022079,-0.019999999999999574,0.0046715163994978165,1.1095700416088654,4109194608.0
2025-06-23,7.12,7.27,7.31,7.11,23374748.0,171852812.0,1.112656467315709,0.07999999999999918,0.005688401312143453,2.7816411682892808,4109194608.0
2025-06-24,7.3,7.43,7.48,7.28,38600398.0,291361994.0,2.2008253094910613,0.16000000000000014,0.009393665105286247,2.751031636863827,4109194608.0
2025-06-25,7.47,7.67,7.73,7.45,103940252.0,802957886.0,3.2301480484522305,0.2400000000000002,0.025294555725748194,3.7685060565275945,4109194608.0
2025-06-26,7.69,7.61,7.72,7.59,54821781.0,426275375.0,-0.782268578878742,-0.05999999999999961,0.0133412471858281,1.6949152542372867,4109194608.0
2025-06-27,7.63,7.61,7.82,7.6,69914018.0,548235353.0,0.0,0.0,0.017014044032834963,2.8909329829172226,4109194608.0
2025-06-30,7.65,7.74,7.91,7.58,109102476.0,861403389.0,1.708278580814726,0.1299999999999999,0.02655091923964143,4.336399474375821,4109178858.0
2025-07-01,7.75,7.64,7.75,7.58,62749688.0,487842062.0,-1.2919896640826933,-0.10000000000000053,0.015270614925372518,2.196382428940568,4109178858.0
2025-07-02,7.66,7.6,7.67,7.57,29870322.0,231480082.0,-0.5235602094240788,-0.040000000000000036,0.007269170564782459,1.308900523560205,4109178858.0
2025-07-03,7.6,7.61,7.65,7.58,28120920.0,217884863.0,0.13157894736843812,0.010000000000000675,0.0068434402521205615,0.9210526315789511,4109178858.0
2025-07-04,7.61,7.61,7.74,7.54,51541801.0,400556895.0,0.0,0.0,0.012543090184467216,2.628120893561106,4109178858.0
2025-07-07,7.58,7.61,7.65,7.57,24154380.0,187261176.0,0.0,0.0,0.0058781525055729275,1.0512483574244424,4109178858.0
2025-07-08,7.61,7.69,7.7,7.59,37776182.0,294839648.0,1.0512483574244502,0.08000000000000007,0.009193121863375458,1.4454664914586113,4109178858.0
2025-07-09,7.69,7.7,7.78,7.68,46959826.0,369581553.0,0.13003901170349774,0.009999999999999787,0.011428031639113432,1.3003901170351173,4109178858.0
2025-07-10,7.68,7.81,7.84,7.67,57323426.0,453634764.0,1.4285714285714235,0.10999999999999943,0.01395009270243841,2.207792207792207,4109178858.0
2025-07-11,7.84,8.01,8.14,7.8,140477139.0,1146765500.0,2.5608194622279257,0.20000000000000018,0.0341861826545979,4.353393085787462,4109178858.0
2025-07-14,8.02,7.88,8.04,7.87,56343168.0,454279406.0,-1.6229712858926382,-0.1299999999999999,0.013711539445480132,2.122347066167279,4109178858.0
2025-07-15,7.88,7.83,7.93,7.78,53538533.0,427183483.0,-0.6345177664974555,-0.04999999999999982,0.01302901013806394,1.903553299492379,4109178858.0
2025-07-16,7.83,7.78,7.86,7.75,35359720.0,280628426.0,-0.6385696040868472,-0.04999999999999982,0.008605057414612056,1.404853128991064,4109178858.0
2025-07-17,7.81,7.82,7.83,7.76,30303668.0,240451138.0,0.5141388174807249,0.040000000000000036,0.0073746286173460105,0.8997429305912633,4109178858.0
2025-07-18,7.83,7.81,7.86,7.79,30536120.0,243082262.0,-0.12787723785167016,-0.010000000000000675,0.0074311975835635435,0.8951406649616405,4109178858.0
2025-07-21,7.84,7.93,7.95,7.8,44570442.0,358247585.0,1.5364916773367598,0.1200000000000001,0.01084655682806981,1.9206145966709394,4109178858.0
2025-07-22,7.94,7.95,7.98,7.84,46103320.0,371175280.0,0.2522068095838659,0.020000000000000462,0.01121959437473578,1.7654476670870185,4109178858.0
2025-07-23,7.97,7.95,8.12,7.92,92172821.0,752291638.0,0.0,0.0,0.022430958638014097,2.5157232704402426,4109178858.0
2025-07-24,7.93,8.13,8.13,7.92,103343398.0,850887187.0,2.264150943396226,0.1800000000000006,0.025149403705999503,2.6415094339622747,4109178858.0
2025-07-25,8.21,8.63,8.95,8.19,421931390.0,3720304133.0,6.150061500615012,0.5,0.10268022020471516,9.348093480934807,4109178858.0
2025-07-28,8.46,8.59,8.86,8.3,298205740.0,2593953558.0,-0.4634994206257348,-0.040000000000000924,0.07257064009745764,6.488991888760124,4109178858.0
2025-07-29,8.53,8.5,8.59,8.35,154733839.0,1328450446.0,-1.0477299185098987,-0.08999999999999986,0.03765565928062604,2.793946449359723,4109178858.0
2025-07-30,8.45,8.36,8.47,8.25,112119596.0,955710123.0,-1.6470588235294237,-0.14000000000000057,0.027285158391613627,2.5882352941176547,4109178858.0
2025-07-31,8.31,8.23,8.38,8.17,92998204.0,783662969.0,-1.5550239234449648,-0.129999999999999,0.022631821883086305,2.5119617224880484,4109178858.0
2025-08-01,8.21,8.19,8.27,8.16,65084962.0,543762915.0,-0.486026731470246,-0.040000000000000924,0.015838921655427246,1.3365735115431279,4109178858.0
2025-08-04,8.16,8.23,8.23,8.13,52810754.0,439608156.0,0.48840048840050887,0.040000000000000924,0.01285189957044211,1.2210012210012167,4109178858.0
2025-08-05,8.25,8.31,8.34,8.2,82659439.0,695908836.0,0.9720534629404698,0.08000000000000007,0.020115804606332374,1.7010935601458148,4109178858.0
2025-08-06,8.26,8.4,8.55,8.23,101565959.0,863005594.0,1.0830324909747224,0.08999999999999986,0.02471685037565722,3.8507821901323736,4109178858.0
2025-08-07,8.43,8.63,8.76,8.38,189777931.0,1664762369.0,2.7380952380952506,0.23000000000000043,0.046183906215357055,4.523809523809512,4109178858.0
2025-08-08,8.52,8.41,8.57,8.4,88986522.0,766411284.0,-2.549246813441486,-0.22000000000000064,0.021655548486714228,1.9698725376593271,4109178858.0
2025-08-11,8.4,8.48,8.57,8.35,84778591.0,731509300.0,0.832342449464929,0.07000000000000028,0.020631516400155682,2.6159334126040505,4109178858.0
2025-08-12,8.49,8.52,8.52,8.4,73959868.0,637462792.0,0.4716981132075304,0.03999999999999915,0.017998697685307714,1.415094339622632,4109178858.0
2025-08-13,8.53,8.68,8.71,8.49,136545824.0,1199239180.0,1.8779342723004744,0.16000000000000014,0.033229467180325885,2.5821596244131535,4109178858.0
2025-08-14,8.66,8.53,8.8,8.5,125095526.0,1099986555.0,-1.7281105990783474,-0.15000000000000036,0.030442949874634053,3.456221198156691,4109178858.0
2025-08-15,8.53,8.85,8.97,8.47,210762248.0,1886721301.0,3.75146541617819,0.3200000000000003,0.05129059972399965,5.861664712778429,4109178858.0
2025-08-18,9.33,9.18,9.62,9.15,355514222.0,3377345277.0,3.7288135593220417,0.33000000000000007,0.08651709606357563,5.310734463276823,4109178858.0
2025-08-19,9.16,8.95,9.19,8.94,179025887.0,1645508037.0,-2.505446623093688,-0.23000000000000043,0.04356731434346341,2.7233115468409586,4109178858.0
2025-08-20,8.92,8.97,9.03,8.8,139028310.0,1262373952.0,0.22346368715084886,0.02000000000000135,0.033833599072800445,2.569832402234622,4109178858.0
2025-08-21,9.07,8.87,9.12,8.81,99948631.0,909534221.0,-1.1148272017837413,-0.10000000000000142,0.024323261277715842,3.4559643255295285,4109178858.0
2025-08-22,8.83,9.05,9.06,8.82,132775347.0,1212809676.0,2.0293122886133164,0.1800000000000015,0.032311892859446814,2.7057497181510737,4109178858.0
2025-08-25,9.19,9.1,9.22,8.99,150737393.0,1394836798.0,0.5524861878452914,0.049999999999998934,0.03668309368100034,2.5414364640884024,4109178858.0
2025-08-26,9.06,8.97,9.08,8.95,84083560.0,771238383.0,-1.4285714285714124,-0.129999999999999,0.02046237530797692,1.4285714285714373,4109178858.0
2025-08-27,8.96,8.74,9.05,8.73,121988794.0,1108875117.0,-2.564102564102566,-0.23000000000000043,0.029686902959335727,3.567447045707918,4109178858.0
2025-08-28,8.7,8.87,8.88,8.62,105654057.0,940303208.0,1.4874141876429992,0.129999999999999,0.02571172018816028,2.974828375286059,4109178858.0
2025-08-29,8.87,8.79,8.89,8.76,77531568.0,696407983.0,-0.9019165727170209,-0.08000000000000007,0.01886789810792899,1.4656144306651724,4109178858.0
2025-09-01,8.77,8.71,8.82,8.67,60014274.0,532779201.0,-0.91012514220703,-0.0799999999999983,0.01460493107598871,1.7064846416382295,4109178858.0
2025-09-02,8.7,8.61,8.72,8.53,75002529.0,657325562.0,-1.148105625717577,-0.10000000000000142,0.01825243718802371,2.18140068886339,4109178858.0
2025-09-03,8.65,8.28,8.67,8.25,80862118.0,693350610.0,-3.83275261324042,-0.33000000000000007,0.01967841283972653,4.878048780487805,4109178858.0
2025-09-04,8.28,8.36,8.51,8.23,89670073.0,762625240.0,0.9661835748792313,0.08000000000000007,0.021821895833379176,3.3816425120772875,4109178858.0
2025-09-05,8.36,8.44,8.45,8.27,53791284.0,458643521.0,0.9569377990430672,0.08000000000000007,0.013090519020673886,2.1531100478468868,4109178858.0
2025-09-08,8.42,8.4,8.48,8.35,44948721.0,384817010.0,-0.4739336492890933,-0.03999999999999915,0.010938613906399107,1.5402843601895828,4109178858.0
2025-09-09,8.39,8.41,8.47,8.36,39839168.0,341167173.0,0.11904761904761862,0.009999999999999787,0.009695165232936667,1.3095238095238237,4109178858.0
2025-09-10,8.39,8.38,8.45,8.33,32398206.0,276561548.0,-0.356718192627814,-0.02999999999999936,0.007884350406632993,1.4268727705112867,4109178858.0
2025-09-11,8.36,8.61,8.64,8.33,74721436.0,647551070.0,2.744630071599019,0.22999999999999865,0.018184031063658315,3.699284009546545,4109178858.0
2025-09-12,8.65,8.63,8.88,8.62,92203619.0,819611167.0,0.23228803716610624,0.02000000000000135,0.02243845356609201,3.0197444831591356,4109178858.0
2025-09-15,8.58,8.56,8.66,8.55,48192434.0,421515393.0,-0.8111239860950192,-0.07000000000000028,0.011727996192274773,1.274623406720735,4109178858.0
2025-09-16,8.55,8.64,8.65,8.5,46484214.0,405846093.0,0.9345794392523477,0.08000000000000007,0.011312287833249628,1.7523364485981348,4109178858.0
2025-09-17,8.63,8.71,8.75,8.58,54551720.0,481719947.0,0.810185185185186,0.07000000000000028,0.013275576918195076,1.9675925925925917,4109178858.0
2025-09-18,8.66,8.45,8.68,8.37,75195782.0,653982948.0,-2.9850746268656914,-0.26000000000000156,0.018299466778771204,3.5591274397244597,4109178858.0
2025-09-19,8.45,8.38,8.48,8.35,36626808.0,313280675.0,-0.8284023668638896,-0.06999999999999851,0.008913412938619768,1.5384615384615479,4109178858.0
2025-09-22,8.39,8.4,8.42,8.31,32628513.0,277436398.0,0.23866348448686736,0.019999999999999574,0.007940397370748859,1.3126491646777974,4109178858.0
2025-09-23,8.35,8.21,8.36,8.12,50171449.0,419448231.0,-2.261904761904754,-0.1899999999999995,0.012209604578862067,2.8571428571428594,4109178858.0
2025-09-24,8.18,8.31,8.34,8.16,37002485.0,311280326.0,1.2180267965895109,0.09999999999999964,0.009004836800413616,2.1924482338611413,4109178858.0
2025-09-25,8.29,8.27,8.35,8.25,26068651.0,220197155.0,-0.48134777376656057,-0.040000000000000924,0.0063440049462067,1.2033694344163615,4109178858.0
2025-09-26,8.25,8.21,8.33,8.21,30110900.0,253699411.0,-0.7255139056831728,-0.05999999999999872,0.007327717055045746,1.4510278113663753,4109178858.0
2025-09-29,8.17,8.53,8.66,8.17,90053244.0,774967201.0,3.897685749086466,0.3199999999999985,0.021915143417200945,5.968331303288674,4109178858.0
2025-09-30,8.51,8.43,8.54,8.42,48062399.0,414437419.0,-1.1723329425556872,-0.09999999999999964,0.011696351183747865,1.4067995310668138,4109178858.0
2025-10-09,8.42,8.61,8.62,8.39,64255180.0,557823868.0,2.1352313167259718,0.17999999999999972,0.015636987880170778,2.7283511269276235,4109178858.0
2025-10-10,8.56,8.59,8.68,8.53,50408752.0,442035223.0,-0.23228803716608404,-0.019999999999999574,0.012267354072909522,1.7421602787456487,4109178858.0
2025-10-13,8.32,8.46,8.49,8.28,45004439.0,385605164.0,-1.5133876600698426,-0.129999999999999,0.010952173306446034,2.4447031431897654,4109178858.0
2025-10-14,8.49,8.42,8.59,8.4,44716015.0,386342503.0,-0.47281323877069736,-0.040000000000000924,0.010881983127345294,2.24586288416075,4109178858.0
2025-10-15,8.43,8.49,8.5,8.37,37196057.0,319796018.0,0.8313539192399189,0.07000000000000028,0.009051944022242898,1.5439429928741186,4109178858.0
2025-10-16,8.47,8.42,8.5,8.4,29842856.0,256495676.0,-0.8244994110718551,-0.07000000000000028,0.007262486504304895,1.177856301531209,4109178858.0
2025-10-17,8.4,8.23,8.49,8.22,48491358.0,411505729.0,-2.25653206650831,-0.1899999999999995,0.011800741626418637,3.206650831353914,4109178858.0
2025-10-20,8.29,8.25,8.32,8.21,27503498.0,231194177.0,0.2430133657351119,0.019999999999999574,0.0066931859017172034,1.3365735115431279,4109178858.0
2025-10-21,8.25,8.37,8.41,8.24,35906093.0,305009704.0,1.4545454545454417,0.11999999999999922,0.008738021449247903,2.0606060606060597,4109178858.0
2025-10-22,8.33,8.28,8.35,8.25,25945870.0,219099297.0,-1.0752688172043001,-0.08999999999999986,0.006314125253878156,1.194743130226997,4109178858.0
2025-10-23,8.26,8.33,8.34,8.19,33639571.0,282765081.0,0.6038647342995196,0.05000000000000071,0.0081864460425003,1.8115942028985552,4109178858.0
2025-10-24,8.33,8.38,8.42,8.32,31350685.0,267051933.0,0.6002400960384291,0.05000000000000071,0.007629428185868467,1.2004801920768264,4109178858.0
2025-10-27,8.47,8.47,8.5,8.41,45430714.0,391232199.0,1.0739856801909253,0.08999999999999986,0.01105591057725626,1.0739856801909289,4109178858.0
2025-10-28,8.46,8.45,8.5,8.43,30697047.0,264052657.0,-0.23612750885479983,-0.02000000000000135,0.007470360395784943,0.8264462809917389,4109178858.0
2025-10-29,8.45,8.61,8.64,8.45,69986139.0,609511263.0,1.8934911242603603,0.16000000000000014,0.01703166044080722,2.2485207100591866,4109178858.0
2025-10-30,8.6,8.49,8.61,8.45,45563184.0,395677623.0,-1.3937282229965042,-0.11999999999999922,0.01108814816159555,1.8583042973286894,4109178858.0
2025-10-31,8.51,8.45,8.55,8.45,38669740.0,333833461.0,-0.4711425206124997,-0.040000000000000924,0.009410576014406234,1.17785630153123,4109178858.0
2025-11-03,8.43,8.49,8.49,8.34,37288102.0,318738484.0,0.4733727810650956,0.040000000000000924,0.009074343874666163,1.775147928994087,4109178858.0
2025-11-04,8.45,8.47,8.51,8.4,29710801.0,255415065.0,-0.2355712603062332,-0.019999999999999574,0.007230349913379215,1.2956419316843277,4109178858.0
2025-11-05,8.44,8.44,8.48,8.41,24600076.0,211355092.0,-0.35419126328218864,-0.030000000000001137,0.005986616024782438,0.8264462809917389,4109178858.0
2025-11-06,8.46,8.49,8.54,8.46,36335015.0,313959243.0,0.5924170616113722,0.05000000000000071,0.008842402887686618,0.9478672985781789,4109178858.0
2025-11-07,8.45,8.36,8.45,8.36,34798899.0,297289816.0,-1.531213191990588,-0.13000000000000078,0.008468577349036872,1.0600706713780903,4109178858.0
2025-11-10,8.35,8.43,8.45,8.31,33612171.0,286191853.0,0.837320574162681,0.07000000000000028,0.008179778043625864,1.6746411483253443,4109178858.0
2025-11-11,8.44,8.35,8.46,8.33,29505143.0,251157195.0,-0.9489916963226541,-0.08000000000000007,0.007180301471316487,1.5421115065243272,4109178858.0
2025-11-12,8.34,8.27,8.35,8.23,32734676.0,275931351.0,-0.9580838323353325,-0.08000000000000007,0.00796623294609582,1.4371257485029847,4109178858.0
2025-11-13,8.25,8.3,8.32,8.25,27211455.0,229171775.0,0.36275695284160303,0.030000000000001137,0.006622115011378266,0.8464328899637278,4109178858.0
2025-11-14,8.27,8.22,8.31,8.22,25536184.0,214839088.0,-0.9638554216867434,-0.08000000000000007,0.0062144250426784415,1.0843373493975885,4109178858.0
2025-11-17,8.22,8.18,8.24,8.16,27307502.0,227368452.0,-0.48661800486619056,-0.040000000000000924,0.006645488781009396,0.9732360097323608,4109178858.0
2025-11-18,8.16,8.16,8.21,8.14,25512319.0,211975517.0,-0.24449877750610804,-0.019999999999999574,0.0062086173130018575,0.855745721271397,4109178858.0
2025-11-19,8.15,8.13,8.21,8.09,22665667.0,187761495.0,-0.367647058823517,-0.02999999999999936,0.005515862848333579,1.4705882352941297,4109178858.0
2025-11-20,8.25,8.13,8.27,8.12,35236206.0,293633683.0,0.0,0.0,0.008574999341145738,1.845018450184506,4109178858.0
2025-11-21,8.07,7.81,8.09,7.8,53231980.0,428756914.0,-3.9360393603936172,-0.3200000000000012,0.012954408128613029,3.5670356703567037,4109178858.0
2025-11-24,7.84,7.85,7.88,7.79,24020985.0,191125097.0,0.512163892445594,0.040000000000000036,0.00584568981543222,1.1523687580025592,4109178858.0
2025-11-25,7.87,7.83,7.91,7.83,23044405.0,184292945.0,-0.2547770700636942,-0.019999999999999574,0.0056080316278119035,1.019108280254778,4109178858.0
2025-11-26,7.83,7.77,7.86,7.76,20258972.0,160855619.0,-0.766283524904221,-0.0600000000000005,0.004930175273475526,1.2771392081736979,4109178858.0
2025-11-27,7.77,7.9,8.15,7.72,48968756.0,394863482.0,1.6731016731016846,0.13000000000000078,0.011916920068997396,5.534105534105542,4109178858.0
2025-11-28,7.81,7.89,7.9,7.78,28339382.0,226172524.0,-0.12658227848102444,-0.010000000000000675,0.006896604645190161,1.5189873417721533,4109178858.0
2025-12-01,7.86,7.89,7.92,7.85,21206080.0,169815192.0,0.0,0.0,0.00516066122522623,0.8871989860583053,4109178858.0
2025-12-02,7.89,7.82,7.9,7.8,17958830.0,142875738.0,-0.8871989860582907,-0.0699999999999994,0.004370418183437466,1.2674271229404377,4109178858.0
2025-12-03,7.83,7.75,7.85,7.73,18628677.0,147199431.0,-0.8951406649616356,-0.07000000000000028,0.004533430557234703,1.5345268542199388,4109178858.0
2025-12-04,7.75,7.78,7.8,7.71,16305537.0,128587262.0,0.3870967741935516,0.03000000000000025,0.003968076728579333,1.1612903225806432,4109178858.0
2025-12-05,7.76,7.92,7.96,7.75,38571398.0,308534735.0,1.799485861182526,0.13999999999999968,0.009386643739029964,2.6992287917737787,4109178858.0
2025-12-08,8.03,7.97,8.09,7.96,49462047.0,403786394.0,0.631313131313127,0.04999999999999982,0.01203696619428095,1.64141414141414,4109178858.0
2025-12-09,7.95,7.88,7.97,7.87,23276236.0,187147246.0,-1.129234629861986,-0.08999999999999986,0.005664449468945457,1.254705144291087,4109178858.0
2025-12-10,7.87,7.92,7.93,7.84,25523718.0,204548440.0,0.50761421319796,0.040000000000000036,0.0062113913465481965,1.1421319796954297,4109178858.0
2025-12-11,7.92,7.79,7.93,7.78,21779225.0,173453911.0,-1.6414141414141437,-0.1299999999999999,0.0053001404301491715,1.8939393939393874,4109178858.0
2025-12-12,7.79,7.83,7.86,7.75,24696810.0,196150101.0,0.5134788189987249,0.040000000000000036,0.0060101569811006755,1.412066752246474,4109178858.0
2025-12-15,7.77,7.81,7.89,7.76,19022047.0,151397426.0,-0.25542784163474774,-0.020000000000000462,0.004629160145455027,1.6602809706257968,4109178858.0
2025-12-16,7.79,7.76,7.82,7.72,21994114.0,173503833.0,-0.6402048655569814,-0.04999999999999982,0.005352435306431239,1.2804097311139633,4109178858.0
2025-12-17,7.76,7.83,7.89,7.65,37664765.0,297474161.0,0.9020618556700999,0.07000000000000028,0.009166007687076443,3.0927835051546304,4109178858.0
2025-12-18,7.83,7.81,7.84,7.78,19273546.0,153004997.0,-0.25542784163474774,-0.020000000000000462,0.004690364344320784,0.7662835249042096,4109178858.0
2025-12-19,7.82,7.85,7.89,7.78,23926034.0,191108869.0,0.512163892445594,0.040000000000000036,0.005822582765756068,1.408450704225345,4109178858.0
2025-12-22,7.85,7.86,7.89,7.84,19420366.0,155201442.0,0.1273885350318471,0.010000000000000675,0.004726094110552343,0.6369426751592334,4109178858.0
2025-12-23,7.89,7.81,7.89,7.8,19036900.0,151489719.0,-0.6361323155216425,-0.05000000000000071,0.0046327747362317415,1.1450381679389294,4109178858.0
2025-12-24,7.8,7.88,7.9,7.78,20785007.0,165652908.0,0.8962868117797784,0.07000000000000028,0.005058189900771655,1.5364916773367492,4109178858.0
2025-12-25,7.9,7.91,7.94,7.87,26816686.0,215087517.0,0.3807106598984866,0.03000000000000025,0.006526044965843149,0.8883248730964504,4109178858.0
2025-12-26,7.89,7.93,8.02,7.89,36245090.0,292108497.0,0.25284450063209896,0.019999999999999574,0.008820518953424441,1.6434892541087216,4109178858.0
2025-12-29,7.92,7.89,7.95,7.86,22522971.0,180419247.0,-0.5044136191677207,-0.040000000000000036,0.00548113668893991,1.1349306431273627,4109178858.0
2025-12-30,7.86,7.85,7.9,7.81,25454192.0,202651109.0,-0.5069708491761693,-0.040000000000000036,0.00619447166444075,1.1406844106463974,4109178858.0
2025-12-31,7.85,7.78,7.88,7.77,24034617.0,190520424.0,-0.8917197452229186,-0.0699999999999994,0.005848984848079018,1.4012738853503226,4109194608.0
2026-01-05,7.8,7.91,7.91,7.78,34126036.0,272065654.0,1.670951156812328,0.1299999999999999,0.00830479917732823,1.6709511568123379,4109194608.0
2026-01-06,7.91,8.1,8.11,7.9,76383817.0,623266090.0,2.402022756005051,0.1899999999999995,0.01858851290500866,2.6548672566371563,4109194608.0
2026-01-07,8.1,8.0,8.11,7.98,45176776.0,368222288.0,-1.2345679012345623,-0.09999999999999964,0.010994070690165765,1.6049382716049259,4109194608.0
2026-01-08,7.97,7.92,8.0,7.9,42461992.0,341963708.0,-1.0000000000000009,-0.08000000000000007,0.010333409840783087,1.2499999999999956,4109194608.0
2026-01-09,7.91,7.97,8.02,7.91,43798248.0,353021707.0,0.631313131313127,0.04999999999999982,0.010658596678466196,1.3888888888888817,4109194608.0
2026-01-12,7.98,8.08,8.09,7.93,64695470.0,526155770.0,1.3801756587201952,0.11000000000000032,0.015744075462877177,2.0075282308657485,4109194608.0
2026-01-13,8.11,8.02,8.13,8.0,51146182.0,418571160.0,-0.7425742574257432,-0.0600000000000005,0.012446765577961646,1.6089108910891188,4109194608.0
2026-01-14,7.99,8.02,8.2,7.96,84125663.0,689141160.0,0.0,0.0,0.020472542925131766,2.992518703241887,4109194608.0
2026-01-15,7.98,7.91,8.02,7.89,47400454.0,381706595.0,-1.3715710723191998,-0.10999999999999943,0.011535217608754342,1.6209476309226918,4109194608.0
2026-01-16,7.96,7.85,7.97,7.84,37436180.0,299411941.0,-0.7585335018963413,-0.0600000000000005,0.009110344865905656,1.6434892541087216,4109194608.0
2026-01-19,7.84,7.87,7.91,7.81,26536881.0,211869076.0,0.2547770700636942,0.020000000000000462,0.005937218010874241,1.2738853503184782,4469581705.0
2026-01-20,7.89,7.91,7.94,7.87,29529083.0,236659658.0,0.5082592121982143,0.040000000000000036,0.006606677078297196,0.8894536213468905,4469581705.0
2026-01-21,7.89,7.96,7.99,7.87,32852283.0,264675781.0,0.6321112515802696,0.04999999999999982,0.007350191845301551,1.5170670037926688,4469581705.0
2026-01-22,7.96,7.97,7.99,7.94,24436362.0,197292968.0,0.12562814070351536,0.009999999999999787,0.005467259267833431,0.6281407035175857,4469581705.0
2026-01-23,7.97,8.0,8.02,7.96,31931926.0,258657691.0,0.37641154328733606,0.03000000000000025,0.007144276155479744,0.7528230865746501,4469581705.0
2026-01-26,8.0,8.05,8.09,7.97,48268977.0,392996106.0,0.6250000000000089,0.05000000000000071,0.010799439452242881,1.5000000000000013,4469581705.0
2026-01-27,8.05,7.98,8.07,7.9,38537722.0,311292731.0,-0.8695652173913104,-0.07000000000000028,0.008622221170470805,2.111801242236024,4469581705.0
2026-01-28,7.99,8.06,8.11,7.97,53256354.0,434705665.0,1.0025062656641603,0.08000000000000007,0.011915288166770408,1.7543859649122764,4469581705.0
2026-01-29,8.04,8.06,8.09,7.97,50745811.0,412972221.0,0.0,0.0,0.01135359287497352,1.4888337468982642,4469581705.0
2026-01-30,8.05,7.9,8.07,7.87,51371848.0,413435378.0,-1.985111662531014,-0.16000000000000014,0.011493659002257796,2.481389578163774,4469581705.0
2026-02-02,7.88,7.71,7.94,7.7,51605591.0,409546512.0,-2.405063291139242,-0.1900000000000004,0.01154595539494674,3.0379746835443067,4469581705.0
2026-02-03,7.74,7.74,7.78,7.66,35432910.0,277464617.0,0.3891050583657574,0.03000000000000025,0.007927567351629833,1.5564202334630364,4469581705.0
2026-02-04,7.73,7.83,7.85,7.71,34027033.0,268573904.0,1.1627906976744207,0.08999999999999986,0.0076130240469560895,1.808785529715758,4469581705.0
2026-02-05,7.82,7.85,7.91,7.77,29536415.0,234837005.0,0.25542784163472554,0.019999999999999574,0.00660831750026147,1.7879948914431745,4469581705.0
2026-02-06,7.82,7.79,7.89,7.79,21894038.0,173913221.0,-0.7643312101910826,-0.05999999999999961,0.004898453467246775,1.2738853503184668,4469581705.0
2026-02-09,7.84,7.86,7.87,7.82,21824513.0,173613377.0,0.898587933247752,0.07000000000000028,0.004882898320347407,0.6418485237483931,4469581705.0
2026-02-10,7.86,7.82,7.88,7.82,20969628.0,166919468.0,-0.5089058524173073,-0.040000000000000036,0.00469163098115912,0.7633587786259493,4469581705.0
2026-02-11,7.82,7.82,7.86,7.81,16836365.0,133722151.0,0.0,0.0,0.0037668771064562068,0.6393861892583211,4469581705.0
2026-02-12,7.82,7.78,7.83,7.77,21870654.0,172898393.0,-0.5115089514066473,-0.040000000000000036,0.0048932216577524225,0.7672634271099807,4469581705.0
2026-02-13,7.78,7.69,7.81,7.67,26044080.0,204599575.0,-1.1568123393316143,-0.08999999999999986,0.005826961384521776,1.7994858611825153,4469581705.0
2026-02-24,7.73,7.71,7.75,7.7,18769072.0,147118121.0,0.2600780234070177,0.019999999999999574,0.004199290501615296,0.6501950585175529,4469581705.0
2026-02-25,7.72,7.82,7.89,7.72,36709350.0,291846148.0,1.4267185473411104,0.11000000000000032,0.008213151123053472,2.204928664072632,4469581705.0
2026-02-26,7.84,7.77,7.84,7.75,23288970.0,183864432.0,-0.6393861892583175,-0.05000000000000071,0.005210547996907017,1.1508951406649597,4469581705.0
2026-02-27,7.75,7.89,7.89,7.74,31649872.0,251785704.0,1.5444015444015413,0.1200000000000001,0.007081170921340166,1.930501930501924,4469581705.0
2026-03-02,7.82,7.79,7.88,7.75,33119238.0,262210700.0,-1.2674271229404233,-0.09999999999999964,0.007409918910968873,1.647655259822559,4469581705.0
2026-03-03,7.77,7.63,7.85,7.61,46906246.0,367753743.0,-2.0539152759948665,-0.16000000000000014,0.010494549399897368,3.0808729139922892,4469581705.0
2026-03-04,7.58,7.47,7.62,7.44,41707943.0,318143947.0,-2.09698558322412,-0.16000000000000014,0.009331509244666554,2.359108781127126,4469581705.0
2026-03-05,7.57,7.48,7.59,7.45,26785270.0,203746913.0,0.1338688085676054,0.010000000000000675,0.005992791220269235,1.8741633199464485,4469581705.0
2026-03-06,7.45,7.61,7.65,7.43,31534875.0,242457029.0,1.7379679144384985,0.1299999999999999,0.0070554421154719665,2.9411764705882435,4469581705.0
2026-03-09,7.54,7.53,7.56,7.46,26471907.0,201840175.0,-1.0512483574244391,-0.08000000000000007,0.005922681080063173,1.3140604467805472,4469581705.0
2026-03-10,7.57,7.6,7.63,7.56,22516763.0,173409429.0,0.9296148738379806,0.0699999999999994,0.005037778585591378,0.9296148738379851,4469581705.0
2026-03-11,7.61,7.59,7.62,7.56,22067099.0,169900911.0,-0.1315789473684159,-0.009999999999999787,0.0049371731979558926,0.789473684210533,4469581705.0
2026-03-12,7.59,7.61,7.65,7.57,22579269.0,174317008.0,0.26350461133071157,0.020000000000000462,0.005051763339451024,1.054018445322794,4469581705.0
2026-03-13,7.59,7.57,7.66,7.56,24863333.0,191715647.0,-0.5256241787122251,-0.040000000000000036,0.0055627874465715805,1.3140604467805588,4469581705.0
2026-03-16,7.55,7.58,7.6,7.52,17875668.0,137090612.0,0.13210039630118242,0.009999999999999787,0.003999405130015405,1.0568031704095122,4469581705.0
2026-03-17,7.59,7.61,7.71,7.57,33818908.0,262436362.0,0.3957783641161061,0.03000000000000025,0.0075664592868204435,1.8469656992084391,4469581705.0
2026-03-18,7.62,7.57,7.62,7.52,24886966.0,190894327.0,-0.5256241787122251,-0.040000000000000036,0.005568074965977158,1.3140604467805588,4469581705.0
2026-03-19,7.52,7.49,7.55,7.44,25735639.0,195779786.0,-1.0568031704095149,-0.08000000000000007,0.005757952465934394,1.4531043593130704,4469581705.0
2026-03-20,7.5,7.37,7.53,7.37,32956338.0,248602987.0,-1.602136181575431,-0.1200000000000001,0.007373472547359999,2.1361815754339135,4469581705.0
2026-03-23,7.3,7.01,7.3,6.97,43450885.0,313698017.0,-4.884667571234735,-0.3600000000000003,0.009721465646638179,4.477611940298509,4469581705.0
2026-03-24,7.11,7.12,7.14,6.99,29604229.0,212427822.0,1.5691868758915817,0.11000000000000032,0.006623489837288924,2.139800285306697,4469581705.0
2026-03-25,7.11,7.18,7.24,7.1,25458987.0,185278485.0,0.8426966292134797,0.05999999999999961,0.005696055846013447,1.9662921348314686,4469581705.0
2026-03-26,7.17,7.09,7.19,7.08,20373822.0,147156460.0,-1.253481894150421,-0.08999999999999986,0.004558328574060601,1.5320334261838484,4469581705.0
2026-03-27,7.01,7.17,7.19,7.01,19935378.0,144230283.0,1.128349788434413,0.08000000000000007,0.004460233488449004,2.5387870239774415,4469581705.0
2026-03-30,7.08,7.18,7.2,7.05,19458680.0,140889037.0,0.1394700139470073,0.009999999999999787,0.0043535796600903615,2.092050209205026,4469581705.0
2026-03-31,7.17,7.18,7.29,7.16,20606277.0,150903612.0,0.0,0.0,0.0046103367966063395,1.8105849582172688,4469581705.0
2026-04-01,7.26,7.19,7.28,7.17,20366634.0,148877533.0,0.1392757660167332,0.010000000000000675,0.004556720369876313,1.5320334261838484,4469581705.0
2026-04-02,7.12,7.04,7.15,6.97,47384640.0,338508695.0,-2.086230876216977,-0.15000000000000036,0.010601582682109175,2.50347705146037,4469581705.0
2026-04-03,7.04,6.98,7.06,6.95,24053096.0,170908213.0,-0.8522727272727182,-0.05999999999999961,0.005381509409055539,1.5624999999999918,4469581705.0
2026-04-07,6.98,7.0,7.02,6.93,15767009.0,111633210.0,0.2865329512893977,0.019999999999999574,0.0035276251874670674,1.2893982808022901,4469581705.0
2026-04-08,7.1,7.21,7.22,7.08,39422408.0,285675291.0,3.0000000000000027,0.20999999999999996,0.00882015602397406,1.9999999999999956,4469581705.0
2026-04-09,7.15,7.06,7.17,7.05,22852834.0,164388592.0,-2.0804438280166537,-0.15000000000000036,0.0051129692907135255,1.664355062413316,4469581705.0
2026-04-10,7.12,7.18,7.33,7.11,44612214.0,327448786.0,1.6997167138810276,0.1200000000000001,0.00998129510645113,3.1161473087818665,4469581705.0
2026-04-13,7.11,7.22,7.28,7.11,27590904.0,202219598.0,0.557103064066844,0.040000000000000036,0.0061730394074986485,2.3676880222841215,4469581705.0
2026-04-14,7.28,7.27,7.29,7.19,23001694.0,168705125.0,0.6925207756232732,0.04999999999999982,0.005146274420773789,1.3850415512465326,4469581705.0
2026-04-15,7.29,7.24,7.31,7.23,17201751.0,126612046.0,-0.4126547455295615,-0.02999999999999936,0.003848626590885869,1.1004126547455184,4469581705.0
2026-04-16,7.26,7.26,7.3,7.23,20015984.0,147428161.0,0.2762430939226457,0.019999999999999574,0.004478267838265192,0.9668508287292734,4469581705.0
2026-04-17,7.26,7.26,7.29,7.21,17235052.0,126650037.0,0.0,0.0,0.0038560771762421557,1.1019283746556485,4469581705.0
2026-04-20,7.27,7.21,7.29,7.19,23776091.0,174344990.0,-0.688705234159781,-0.04999999999999982,0.005319533810826712,1.3774104683195545,4469581705.0
2026-04-21,7.21,7.1,7.21,7.09,28393889.0,205050698.0,-1.5256588072122046,-0.11000000000000032,0.006352694921817074,1.664355062413316,4469581705.0
2026-04-22,7.08,7.06,7.14,7.03,38488326.0,276757052.0,-0.5633802816901401,-0.040000000000000036,0.008611169576997363,1.5492957746478793,4469581705.0
2026-04-23,7.04,6.98,7.07,6.98,30531017.0,217209944.0,-1.1331444759206666,-0.07999999999999918,0.00683084436421551,1.274787535410763,4469581705.0
2026-04-24,6.98,6.98,7.04,6.93,27553316.0,195198233.0,0.0,0.0,0.006164629671984037,1.575931232091695,4469581705.0
2026-04-27,6.96,6.95,7.01,6.93,25971274.0,183339095.0,-0.42979942693409656,-0.03000000000000025,0.005810672164454816,1.1461318051575942,4469581705.0
2026-04-28,6.94,6.99,7.08,6.93,35928969.0,255544938.0,0.575539568345329,0.040000000000000036,0.008038552905254475,2.158273381294969,4469581705.0
2026-04-29,6.97,7.05,7.07,6.96,25842557.0,184369628.0,0.8583690987124415,0.05999999999999961,0.0057818737201046425,1.5736766809728229,4469581705.0
2026-04-30,7.05,7.08,7.14,7.02,30187193.0,217128922.0,0.42553191489362874,0.03000000000000025,0.006753919044869547,1.7021276595744694,4469581705.0
2026-05-06,7.08,7.17,7.21,7.08,32270939.0,234531172.0,1.2711864406779627,0.08999999999999986,0.007220125087745767,1.8361581920903938,4469581705.0
2026-05-07,7.2,7.12,7.21,7.1,25970478.0,187808144.0,-0.6973500697350032,-0.04999999999999982,0.0058104940717265624,1.5341701534170198,4469581705.0
2026-05-08,7.1,7.11,7.15,7.08,21655425.0,156150092.0,-0.1404494382022392,-0.009999999999999787,0.0048450674871374794,0.9831460674157343,4469581705.0
2026-05-11,7.09,7.18,7.21,7.05,37627027.0,272232578.0,0.9845288326300938,0.0699999999999994,0.008418467204192209,2.2503516174402267,4469581705.0
2026-05-12,7.18,7.17,7.28,7.14,38770880.0,283088370.0,-0.139275766016711,-0.009999999999999787,0.008674386678428557,1.9498607242339914,4469581705.0
2026-05-13,7.16,7.16,7.19,7.08,26914751.0,194424673.0,-0.1394700139469962,-0.009999999999999787,0.006021760597841001,1.5341701534170198,4469581705.0
2026-05-14,7.16,7.01,7.18,7.01,30273522.0,217357883.0,-2.0949720670391137,-0.15000000000000036,0.006773233827705584,2.3743016759776525,4469581705.0
2026-05-15,7.0,6.86,7.02,6.8,44505552.0,312202550.0,-2.139800285306692,-0.14999999999999947,0.00995743112833419,3.1383737517831634,4469581705.0
2026-05-18,6.8,6.79,6.85,6.74,29949848.0,206257630.0,-1.0204081632653073,-0.07000000000000028,0.006700816760211793,1.6034985422740442,4469581705.0
2026-05-19,6.79,6.89,6.92,6.76,27917755.0,193783358.0,1.4727540500736325,0.09999999999999964,0.006246167279763375,2.356406480117822,4469581705.0
2026-05-20,6.86,6.79,6.87,6.78,21810390.0,150880783.0,-1.4513788098693747,-0.09999999999999964,0.004879738516828389,1.3062409288824361,4469581705.0
2026-05-21,6.81,6.74,6.99,6.72,41438837.0,289699060.0,-0.7363770250368162,-0.04999999999999982,0.009271300925910695,3.9764359351988285,4469581705.0
2026-05-22,6.74,6.68,6.78,6.65,28442273.0,192904873.0,-0.8902077151335397,-0.0600000000000005,0.006363520095892285,1.9287833827893157,4469581705.0
2026-05-25,6.7,6.74,6.77,6.65,23454074.0,159385447.0,0.8982035928143839,0.0600000000000005,0.005247487471537339,1.796407185628731,4469581705.0
2026-05-26,6.73,6.81,6.82,6.69,27819691.0,191289402.0,1.0385756676557722,0.0699999999999994,0.006224226971593083,1.9287833827893157,4469581705.0
2026-05-27,6.77,6.73,6.9,6.71,29068944.0,200222495.0,-1.1747430249632762,-0.07999999999999918,0.00650372807090233,2.790014684287818,4469581705.0
2026-05-28,6.73,6.62,6.75,6.58,26855123.0,181134052.0,-1.634472511144136,-0.11000000000000032,0.006008419752111904,2.5260029717682007,4469581705.0
2026-05-29,6.6,6.5,6.71,6.5,57228725.0,382588459.0,-1.812688821752273,-0.1200000000000001,0.01280404493690758,3.1722054380664644,4469581705.0
2026-06-01,6.5,6.6,6.63,6.43,29885224.0,198545255.0,1.538461538461533,0.09999999999999964,0.006686358136504857,3.0769230769230793,4469581705.0
2026-06-02,6.58,6.58,6.67,6.51,24834997.0,165367467.0,-0.3030303030302939,-0.019999999999999574,0.005556447703421052,2.4242424242424265,4469581705.0
2026-06-03,6.54,6.46,6.58,6.45,27595800.0,182179882.0,-1.823708206686936,-0.1200000000000001,0.006174134812018164,1.9756838905775058,4469581705.0
2026-06-04,6.44,6.34,6.5,6.27,29990496.0,193499309.0,-1.8575851393188847,-0.1200000000000001,0.006709911123551102,3.5603715170278702,4469581705.0
2026-06-05,6.38,6.36,6.45,6.34,25239106.0,161380304.0,0.3154574132492094,0.020000000000000462,0.005646860862117298,1.7350157728706677,4469581705.0
2026-06-08,6.34,6.22,6.39,6.17,31897690.0,199901961.0,-2.2012578616352307,-0.14000000000000057,0.007136616378288134,3.4591194968553416,4469581705.0
2026-06-09,6.22,6.26,6.28,6.18,21552360.0,134469992.0,0.6430868167202508,0.040000000000000036,0.004822008282316432,1.6077170418006517,4469581705.0
2026-06-10,6.24,6.36,6.39,6.23,32127801.0,203255713.0,1.5974440894568787,0.10000000000000053,0.00718810016697077,2.5559105431309783,4469581705.0
2026-06-11,6.32,6.22,6.38,6.16,28585208.0,178042423.0,-2.2012578616352307,-0.14000000000000057,0.006395499598546885,3.4591194968553416,4469581705.0
2026-06-12,6.25,6.46,6.49,6.21,47467842.0,303349702.0,3.8585209003215493,0.2400000000000002,0.01062019784690344,4.5016077170418045,4469581705.0
2026-06-15,6.46,6.61,6.78,6.46,50945464.0,338370769.0,2.3219814241486114,0.15000000000000036,0.011398262155720006,4.953560371517033,4469581705.0
2026-06-16,6.58,6.61,6.63,6.52,31914100.0,210409332.0,0.0,0.0,0.007140287862799009,1.6641452344931968,4469581705.0
2026-06-17,6.61,6.57,6.67,6.53,26340250.0,173360089.0,-0.605143721633894,-0.040000000000000036,0.0058932248560382905,2.118003025718603,4469581705.0
2026-06-18,6.56,6.43,6.57,6.4,29022594.0,187434331.0,-2.130898021308991,-0.14000000000000057,0.006493357972969419,2.587519025875189,4469581705.0
2026-06-22,6.4,6.76,6.77,6.37,62992942.0,415385834.0,5.132192846034211,0.33000000000000007,0.01409369962507487,6.2208398133747975,4469581705.0
2026-06-23,6.72,6.79,6.96,6.7,63228724.0,433395013.0,0.4437869822485174,0.03000000000000025,0.01414645221257903,3.8461538461538427,4469581705.0
