date,open,close,high,low,volume,amount,pct_chg,change,turnover,amplitude,outstanding_share
2023-06-26,3.96,3.89,3.96,3.84,17488502.0,74844876.0,,,0.0068025643532715055,,2570869027.0
2023-06-27,3.89,3.99,4.01,3.88,18194171.0,79548059.0,2.570694087403602,0.10000000000000009,0.007077050915048424,3.3419023136246757,2570869027.0
2023-06-28,4.02,4.07,4.08,3.96,16096051.0,71692459.0,2.0050125313283207,0.08000000000000007,0.006260937772774373,3.0075187969924837,2570869027.0
2023-06-29,4.06,4.04,4.07,4.03,8919600.0,39891909.0,-0.7371007371007376,-0.03000000000000025,0.003469488296106809,0.9828009828009836,2570869027.0
2023-06-30,4.05,4.08,4.11,4.04,11890044.0,53643326.0,0.990099009900991,0.040000000000000036,0.004624912381962073,1.7326732673267398,2570869028.0
2023-07-03,4.08,4.12,4.16,4.07,15827350.0,71876246.0,0.9803921568627416,0.040000000000000036,0.006156420193957854,2.2058823529411726,2570869028.0
2023-07-04,4.1,4.1,4.12,4.07,10077909.0,45565402.0,-0.4854368932038944,-0.020000000000000462,0.003920039834872522,1.2135922330097044,2570869028.0
2023-07-05,4.1,4.11,4.14,4.07,10273786.0,46650507.0,0.24390243902441266,0.010000000000000675,0.003996230802932992,1.7073170731707172,2570869028.0
2023-07-06,4.11,4.09,4.13,4.08,8721129.0,39445094.0,-0.48661800486619056,-0.020000000000000462,0.0033922883293609775,1.2165450121654457,2570869028.0
2023-07-07,4.13,4.12,4.15,4.05,12319935.0,55913641.0,0.7334963325183352,0.03000000000000025,0.004792128601581955,2.4449877750611377,2570869028.0
2023-07-10,4.12,4.14,4.15,4.1,8714345.0,39756525.0,0.4854368932038833,0.019999999999999574,0.0033896495329360666,1.213592233009726,2570869028.0
2023-07-11,4.13,4.14,4.15,4.11,8522604.0,38892349.0,0.0,0.0,0.0033150673593940858,0.966183574879228,2570869028.0
2023-07-12,4.15,4.14,4.16,4.11,11842904.0,52673752.0,0.0,0.0,0.004606576169776004,1.2077294685990296,2570869028.0
2023-07-13,4.15,4.17,4.23,4.13,14890276.0,66814828.0,0.7246376811594235,0.03000000000000025,0.005791923212667059,2.4154589371980806,2570869028.0
2023-07-14,4.18,4.15,4.2,4.14,9534600.0,42654092.0,-0.47961630695442237,-0.019999999999999574,0.0037087070154707235,1.4388489208633213,2570869028.0
2023-07-17,4.12,4.15,4.15,4.1,8053596.0,35766399.0,0.0,0.0,0.0031326356622162397,1.2048192771084507,2570869028.0
2023-07-18,4.15,4.17,4.18,4.12,12775700.0,57019141.0,0.48192771084336616,0.019999999999999574,0.004969409122307105,1.445783132530111,2570869028.0
2023-07-19,4.17,4.18,4.19,4.15,8219740.0,36900652.0,0.23980815347721673,0.009999999999999787,0.003197261280320656,0.9592326139088737,2570869028.0
2023-07-20,4.19,4.27,4.33,4.16,28067386.0,128412985.0,2.1531100478468845,0.08999999999999986,0.01091747019949707,4.066985645933013,2570869028.0
2023-07-21,4.22,4.28,4.36,4.22,21784648.0,100566019.0,0.23419203747074846,0.010000000000000675,0.008473651423988449,3.2786885245901773,2570869028.0
2023-07-24,4.27,4.27,4.32,4.23,12846280.0,58991901.0,-0.23364485981309802,-0.010000000000000675,0.004996862874027358,2.1028037383177534,2570869028.0
2023-07-25,4.28,4.28,4.33,4.27,12074245.0,55634722.0,0.23419203747074846,0.010000000000000675,0.004696561695090754,1.4051522248243677,2570869028.0
2023-07-26,4.29,4.32,4.33,4.28,12791822.0,59363143.0,0.9345794392523477,0.040000000000000036,0.004975680153551564,1.1682242990654164,2570869028.0
2023-07-27,4.33,4.3,4.35,4.28,9994822.0,46445781.0,-0.4629629629629761,-0.020000000000000462,0.003887721191217369,1.6203703703703565,2570869028.0
2023-07-28,4.29,4.36,4.37,4.28,14977041.0,69869821.0,1.3953488372093092,0.0600000000000005,0.005825672500964137,2.0930232558139505,2570869028.0
2023-07-31,4.38,4.39,4.41,4.34,13175665.0,62074035.0,0.6880733944953921,0.02999999999999936,0.005124984920079717,1.6055045871559697,2570869028.0
2023-08-01,4.39,4.41,4.44,4.38,12867418.0,61131280.0,0.4555808656036442,0.020000000000000462,0.005005084996496368,1.3667425968109455,2570869028.0
2023-08-02,4.42,4.4,4.45,4.38,10694262.0,50664927.0,-0.22675736961450532,-0.009999999999999787,0.004159784836771545,1.5873015873015939,2570869028.0
2023-08-03,4.4,4.39,4.42,4.34,12827449.0,60312927.0,-0.22727272727274261,-0.010000000000000675,0.00498953811349117,1.8181818181818195,2570869028.0
2023-08-04,4.39,4.39,4.42,4.37,10603100.0,50104381.0,0.0,0.0,0.004124325231864749,1.1389521640091078,2570869028.0
2023-08-07,4.38,4.36,4.38,4.33,11247509.0,52693737.0,-0.6833712984054552,-0.02999999999999936,0.004374983275110661,1.1389521640091078,2570869028.0
2023-08-08,4.36,4.36,4.42,4.34,11641964.0,54736034.0,0.0,0.0,0.004528415828735092,1.8348623853211024,2570869028.0
2023-08-09,4.35,4.31,4.36,4.3,9044633.0,42074124.0,-1.146788990825709,-0.05000000000000071,0.003518122822085669,1.376146788990837,2570869028.0
2023-08-10,4.3,4.31,4.33,4.27,13335754.0,61694723.0,0.0,0.0,0.0051872553034623126,1.3921113689095246,2570869028.0
2023-08-11,4.33,4.21,4.34,4.21,11682100.0,53518352.0,-2.3201856148491795,-0.09999999999999964,0.004544027670319735,3.016241299303942,2570869028.0
2023-08-14,4.19,4.23,4.24,4.15,15154251.0,68332445.0,0.47505938242280443,0.020000000000000462,0.005894602500147277,2.1377672209026097,2570869028.0
2023-08-15,4.24,4.22,4.27,4.18,11722100.0,53236106.0,-0.23640661938535423,-0.010000000000000675,0.004559586611504349,2.1276595744680815,2570869028.0
2023-08-16,4.19,4.21,4.23,4.18,8805915.0,39843373.0,-0.23696682464454666,-0.009999999999999787,0.0034252678390429463,1.1848341232227657,2570869028.0
2023-08-17,4.19,4.25,4.26,4.15,14843514.0,67305766.0,0.9501187648456089,0.040000000000000036,0.005773734032475185,2.612826603325402,2570869028.0
2023-08-18,4.25,4.19,4.26,4.15,13693393.0,61903947.0,-1.4117647058823457,-0.05999999999999961,0.005326367407620425,2.5882352941176334,2570869028.0
2023-08-21,4.15,4.12,4.2,4.11,15184190.0,67821026.0,-1.670644391408116,-0.07000000000000028,0.005906247978650431,2.1479713603818578,2570869028.0
2023-08-22,4.14,4.11,4.24,4.07,15924640.0,70800708.0,-0.24271844660194164,-0.009999999999999787,0.006194263428654134,4.126213592233007,2570869028.0
2023-08-23,4.11,4.07,4.16,4.06,13148235.0,57974572.0,-0.9732360097323589,-0.040000000000000036,0.005114315376162367,2.433090024330913,2570869028.0
2023-08-24,4.09,4.07,4.1,4.05,9160913.0,40171020.0,0.0,0.0,0.003563352664109344,1.228501228501224,2570869028.0
2023-08-25,4.09,4.1,4.15,4.03,13847567.0,61121094.0,0.7371007371007154,0.02999999999999936,0.005386337012575345,2.948402948402951,2570869028.0
2023-08-28,4.23,4.27,4.38,4.2,51171746.0,236247859.0,4.146341463414638,0.16999999999999993,0.01990445465820128,4.390243902439018,2570869028.0
2023-08-29,4.26,4.46,4.47,4.25,43260907.0,204132268.0,4.449648711943799,0.1900000000000004,0.016827347690152344,5.152224824355967,2570869028.0
2023-08-30,4.45,4.47,4.48,4.42,22405160.0,107415098.0,0.22421524663676085,0.009999999999999787,0.008715014166797142,1.345291479820639,2570869028.0
2023-08-31,4.46,4.42,4.54,4.4,22639600.0,108124328.0,-1.118568232662187,-0.04999999999999982,0.008806205121080171,3.131991051454132,2570869028.0
2023-09-01,4.43,4.47,4.49,4.42,16245192.0,77988804.0,1.1312217194570096,0.04999999999999982,0.0063189496715194,1.5837104072398256,2570869028.0
2023-09-04,4.48,4.47,4.51,4.46,18039700.0,86894479.0,0.0,0.0,0.007016965782202422,1.1185682326621884,2570869028.0
2023-09-05,4.47,4.43,4.49,4.42,16010580.0,76605662.0,-0.8948545861297563,-0.040000000000000036,0.006227691813789279,1.5659955257270757,2570869028.0
2023-09-06,4.44,4.41,4.44,4.4,14841115.0,70434486.0,-0.4514672686230181,-0.019999999999999574,0.005772800884977638,0.9029345372460504,2570869028.0
2023-09-07,4.4,4.38,4.44,4.37,15395040.0,72995810.0,-0.6802721088435382,-0.03000000000000025,0.005988263047369833,1.5873015873015939,2570869028.0
2023-09-08,4.37,4.4,4.45,4.35,18606592.0,87800244.0,0.4566210045662267,0.020000000000000462,0.0072374717643531395,2.2831050228310628,2570869028.0
2023-09-11,4.4,4.4,4.42,4.35,13364957.0,63123751.0,0.0,0.0,0.00519861449744767,1.5909090909090973,2570869028.0
2023-09-12,4.41,4.43,4.46,4.38,15762950.0,75117828.0,0.6818181818181612,0.02999999999999936,0.006131370298650624,1.8181818181818195,2570869028.0
2023-09-13,4.45,4.43,4.47,4.41,15691817.0,74832089.0,0.0,0.0,0.006103701444568494,1.354401805869066,2570869028.0
2023-09-14,4.43,4.41,4.44,4.38,14098800.0,66739139.0,-0.4514672686230181,-0.019999999999999574,0.005484059999341203,1.3544018058690857,2570869028.0
2023-09-15,4.42,4.45,4.48,4.4,17222124.0,82406889.0,0.9070294784580435,0.040000000000000036,0.006698950359753605,1.8140589569161012,2570869028.0
2023-09-18,4.48,4.45,4.49,4.41,15980724.0,76249817.0,0.0,0.0,0.006216078620089082,1.7977528089887655,2570869028.0
2023-09-19,4.46,4.45,4.48,4.42,12377660.0,59257698.0,0.0,0.0,0.004814582098579002,1.348314606741584,2570869028.0
2023-09-20,4.46,4.44,4.5,4.42,11458700.0,54930850.0,-0.22471910112359383,-0.009999999999999787,0.00445713098380366,1.7977528089887655,2570869028.0
2023-09-21,4.42,4.42,4.44,4.39,10501529.0,49854186.0,-0.45045045045045695,-0.020000000000000462,0.0040848168014881855,1.126126126126142,2570869028.0
2023-09-22,4.41,4.41,4.45,4.36,18238122.0,86461490.0,-0.2262443438914019,-0.009999999999999787,0.007094146687895763,2.036199095022621,2570869028.0
2023-09-25,4.42,4.41,4.44,4.37,14077860.0,66897069.0,0.0,0.0,0.005475914893631057,1.5873015873015939,2570869028.0
2023-09-26,4.39,4.37,4.47,4.36,13932900.0,66018578.0,-0.9070294784580546,-0.040000000000000036,0.005419529290778013,2.4943310657596243,2570869028.0
2023-09-27,4.35,4.38,4.42,4.31,14645855.0,68926285.0,0.22883295194506825,0.009999999999999787,0.005696849913584941,2.517162471395888,2570869028.0
2023-09-28,4.38,4.33,4.41,4.32,15653155.0,73387108.0,-1.1415525114155223,-0.04999999999999982,0.006088662949966505,2.054794520547942,2570869028.0
2023-10-09,4.34,4.32,4.34,4.28,16368234.0,76000686.0,-0.2309468822170868,-0.009999999999999787,0.006366809752550335,1.3856812933025313,2570869028.0
2023-10-10,4.31,4.27,4.35,4.26,15384800.0,70961882.0,-1.1574074074074292,-0.05000000000000071,0.005984279958426571,2.08333333333333,2570869028.0
2023-10-11,4.27,4.28,4.3,4.25,13936580.0,64140935.0,0.23419203747074846,0.010000000000000675,0.005420960713366998,1.170960187353626,2570869028.0
2023-10-12,4.28,4.28,4.35,4.26,13533771.0,62510457.0,0.0,0.0,0.005264278674876159,2.1028037383177534,2570869028.0
2023-10-13,4.27,4.25,4.28,4.23,8257360.0,37799636.0,-0.7009345794392607,-0.03000000000000025,0.003211894464504786,1.1682242990654164,2570869028.0
2023-10-16,4.23,4.22,4.24,4.19,11741210.0,53212766.0,-0.7058823529411784,-0.03000000000000025,0.004567019895655299,1.17647058823529,2570869028.0
2023-10-17,4.19,4.17,4.27,4.15,14815500.0,66873284.0,-1.1848341232227444,-0.04999999999999982,0.00576283732801654,2.8436018957345786,2570869028.0
2023-10-18,4.18,4.11,4.18,4.11,10041840.0,44700794.0,-1.4388489208633004,-0.05999999999999961,0.003906009948632825,1.678657074340513,2570869028.0
2023-10-19,4.16,4.1,4.16,4.05,15717637.0,69468439.0,-0.24330900243311193,-0.010000000000000675,0.006113744741103163,2.6763990267639977,2570869028.0
2023-10-20,4.09,4.1,4.13,4.05,14566435.0,64185927.0,0.0,0.0,0.005665957635862888,1.9512195121951237,2570869028.0
2023-10-23,4.07,4.02,4.09,3.97,15992881.0,69197581.0,-1.9512195121951237,-0.08000000000000007,0.006220807371288616,2.9268292682926753,2570869028.0
2023-10-24,4.0,4.01,4.05,3.95,24413605.0,104922585.0,-0.24875621890546595,-0.009999999999999787,0.009496246107485487,2.4875621890547177,2570869028.0
2023-10-25,4.02,4.07,4.1,4.02,16926078.0,73927542.0,1.4962593516209655,0.0600000000000005,0.006583796302205092,1.9950124688279323,2570869028.0
2023-10-26,4.07,4.11,4.12,4.05,10803800.0,47440227.0,0.9828009828009909,0.040000000000000036,0.004202392219258553,1.7199017199017268,2570869028.0
2023-10-27,4.1,4.24,4.25,4.1,21668053.0,98118984.0,3.1630170316301776,0.1299999999999999,0.008428299055302945,3.6496350364963583,2570869028.0
2023-10-30,4.21,4.25,4.26,4.19,16681139.0,75838221.0,0.2358490566037652,0.009999999999999787,0.006488521514834633,1.6509433962264008,2570869028.0
2023-10-31,4.22,4.15,4.27,4.13,23234715.0,104343567.0,-2.35294117647058,-0.09999999999999964,0.009037689103157222,3.2941176470588163,2570869028.0
2023-11-01,4.15,4.03,4.19,4.01,36205252.0,157696876.0,-2.8915662650602414,-0.1200000000000001,0.014082884661053997,4.337349397590376,2570869028.0
2023-11-02,4.02,4.03,4.06,4.0,16837977.0,72953224.0,0.0,0.0,0.006549527345272448,1.4888337468982533,2570869028.0
2023-11-03,4.05,4.07,4.17,4.03,20226231.0,89331398.0,0.992555831265518,0.040000000000000036,0.00786746846288585,3.4739454094292723,2570869028.0
2023-11-06,4.09,4.08,4.12,4.02,19226926.0,84170634.0,0.24570024570023108,0.009999999999999787,0.007478765269873561,2.45700245700247,2570869028.0
2023-11-07,4.08,4.06,4.09,4.04,15143709.0,66237666.0,-0.4901960784313819,-0.020000000000000462,0.005890501941198072,1.225490196078427,2570869028.0
2023-11-08,4.11,4.05,4.11,4.02,16271840.0,71218435.0,-0.24630541871920597,-0.009999999999999787,0.0063293150381365905,2.216748768472925,2570869028.0
2023-11-09,4.05,4.06,4.08,4.03,13704489.0,59831313.0,0.24691358024691024,0.009999999999999787,0.005330683457905036,1.2345679012345634,2570869028.0
2023-11-10,4.04,4.07,4.09,4.01,16255126.0,70905353.0,0.24630541871923928,0.010000000000000675,0.006322813734562599,1.9704433497536966,2570869028.0
2023-11-13,4.07,4.09,4.1,4.05,17239540.0,75566431.0,0.49140049140048436,0.019999999999999574,0.006705724722745386,1.228501228501224,2570869028.0
2023-11-14,4.07,4.08,4.1,4.06,13473364.0,59172645.0,-0.24449877750610804,-0.009999999999999787,0.0052407819508726835,0.9779951100244507,2570869028.0
2023-11-15,4.15,4.08,4.15,4.06,15144818.0,66546398.0,0.0,0.0,0.005890933312842415,2.205882352941195,2570869028.0
2023-11-16,4.07,4.06,4.08,4.03,14264586.0,62201447.0,-0.4901960784313819,-0.020000000000000462,0.005548546364922018,1.225490196078427,2570869028.0
2023-11-17,4.08,4.06,4.08,4.02,16128316.0,70221092.0,0.0,0.0,0.006273488001272074,1.4778325123152833,2570869028.0
2023-11-20,4.06,4.06,4.07,4.02,14556233.0,63301273.0,0.0,0.0,0.005661989327913752,1.2315270935960767,2570869028.0
2023-11-21,4.06,4.06,4.1,4.05,19525337.0,85716208.0,0.0,0.0,0.007594839249819614,1.2315270935960547,2570869028.0
2023-11-22,4.06,4.04,4.08,4.03,12353091.0,53877941.0,-0.49261083743841194,-0.019999999999999574,0.004805025407929883,1.2315270935960547,2570869028.0
2023-11-23,4.03,4.09,4.09,4.02,15720440.0,68626472.0,1.2376237623762387,0.04999999999999982,0.006114835033906675,1.7326732673267398,2570869028.0
2023-11-24,4.09,4.08,4.09,4.05,13683481.0,59979948.0,-0.24449877750610804,-0.009999999999999787,0.005322511901994877,0.9779951100244507,2570869028.0
2023-11-27,4.07,4.03,4.08,4.02,15524140.0,67385356.0,-1.225490196078427,-0.04999999999999982,0.006038479530043177,1.4705882352941297,2570869028.0
2023-11-28,4.02,4.02,4.02,3.98,16433600.0,70763487.0,-0.24813895781639062,-0.010000000000000675,0.006392235396287174,0.9925558312654984,2570869028.0
2023-11-29,4.02,4.0,4.02,3.97,14196600.0,60903882.0,-0.4975124378109319,-0.019999999999999574,0.005522101610537586,1.2437810945273478,2570869028.0
2023-11-30,4.0,3.95,4.02,3.92,21274279.0,90524503.0,-1.2499999999999956,-0.04999999999999982,0.008275131392652181,2.499999999999991,2570869028.0
2023-12-01,3.95,3.98,3.98,3.92,14025975.0,59731515.0,0.75949367088608,0.029999999999999805,0.005455733002046964,1.5189873417721533,2570869028.0
2023-12-04,3.96,3.96,4.0,3.93,15298900.0,65101696.0,-0.5025125628140725,-0.020000000000000018,0.005950867132232611,1.758793969849242,2570869028.0
2023-12-05,3.94,3.89,3.97,3.88,18783962.0,78949571.0,-1.7676767676767624,-0.06999999999999984,0.007306463999301018,2.2727272727272805,2570869028.0
2023-12-06,3.89,3.87,3.89,3.84,13604687.0,56619958.0,-0.5141388174807249,-0.020000000000000018,0.005291863121702363,1.2853470437018062,2570869028.0
2023-12-07,3.86,3.87,3.89,3.81,23176874.0,96030285.0,0.0,0.0,0.00901519048523074,2.0671834625323013,2570869028.0
2023-12-08,3.88,3.82,3.89,3.81,20220113.0,83690157.0,-1.2919896640826933,-0.050000000000000266,0.007865088722831664,2.0671834625323013,2570869028.0
2023-12-11,3.81,3.81,3.82,3.74,22169763.0,90189144.0,-0.2617801047120394,-0.009999999999999787,0.008623450964846274,2.0942408376963253,2570869028.0
2023-12-12,3.9,3.97,3.99,3.83,55528498.0,233858497.0,4.199475065616798,0.16000000000000014,0.02159911586130011,4.199475065616801,2570869028.0
2023-12-13,3.95,3.88,3.95,3.86,35801922.0,149643827.0,-2.267002518891692,-0.0900000000000003,0.01392599996735423,2.267002518891695,2570869028.0
2023-12-14,3.87,3.98,4.03,3.87,42037492.0,179365185.0,2.577319587628879,0.10000000000000009,0.016351471639417952,4.12371134020619,2570869028.0
2023-12-15,3.99,3.93,4.0,3.91,28061373.0,119009322.0,-1.2562814070351758,-0.04999999999999982,0.010915131301663493,2.2613065326633133,2570869028.0
2023-12-18,3.92,3.81,3.93,3.79,26412048.0,109518794.0,-3.053435114503822,-0.1200000000000001,0.01027358753493062,3.562340966921122,2570869028.0
2023-12-19,3.81,3.79,3.91,3.76,19852230.0,81109491.0,-0.5249343832021025,-0.020000000000000018,0.0077219919738361715,3.937007874015757,2570869028.0
2023-12-20,3.78,3.73,3.86,3.72,18150200.0,73386332.0,-1.58311345646438,-0.06000000000000005,0.00705994735722492,3.6939313984168782,2570869028.0
2023-12-21,3.7,3.78,3.79,3.68,15803285.0,63578872.0,1.3404825737265424,0.04999999999999982,0.00614705954596766,2.949061662198388,2570869028.0
2023-12-22,3.77,3.78,3.8,3.75,13392420.0,54407060.0,0.0,0.0,0.005209296877491497,1.3227513227513181,2570869028.0
2023-12-25,3.77,3.75,3.78,3.74,7784900.0,31445890.0,-0.7936507936507908,-0.029999999999999805,0.0030281200307027078,1.0582010582010475,2570869028.0
2023-12-26,3.76,3.76,3.84,3.75,11736025.0,47732169.0,0.2666666666666595,0.009999999999999787,0.004565003067904244,2.3999999999999964,2570869028.0
2023-12-27,3.76,3.76,3.77,3.72,8905886.0,35921308.0,0.0,0.0,0.0034641539117721246,1.3297872340425485,2570869028.0
2023-12-28,3.75,3.83,3.84,3.74,16353940.0,66928714.0,1.8617021276595924,0.07000000000000028,0.006361249764918013,2.659574468085097,2570869028.0
2023-12-29,3.83,3.85,3.86,3.81,11728990.0,48434350.0,0.5221932114882533,0.020000000000000018,0.004562266639123399,1.305483028720622,2570869028.0
2024-01-02,3.83,3.85,3.88,3.83,15356400.0,63698155.0,0.0,0.0,0.005973536293633471,1.298701298701294,2570738545.0
2024-01-03,3.85,3.87,3.88,3.84,11877066.0,49276412.0,0.5194805194805197,0.020000000000000018,0.0046200987739887026,1.0389610389610398,2570738545.0
2024-01-04,3.85,3.87,3.89,3.85,14182359.0,59084670.0,0.0,0.0,0.0055168422427026706,1.0335917312661507,2570738545.0
2024-01-05,3.89,3.84,3.92,3.82,18006359.0,75121586.0,-0.7751937984496138,-0.03000000000000025,0.007004352517692537,2.583979328165377,2570738545.0
2024-01-08,3.84,3.76,3.84,3.75,13268745.0,53925594.0,-2.083333333333337,-0.08000000000000007,0.0051614525428139175,2.3437499999999964,2570738545.0
2024-01-09,3.74,3.77,3.83,3.74,10353438.0,42100855.0,0.26595744680850686,0.010000000000000231,0.004027417731817609,2.3936170212765924,2570738545.0
2024-01-10,3.78,3.77,3.8,3.74,10273724.0,41743643.0,0.0,0.0,0.003996409522073743,1.591511936339512,2570738545.0
2024-01-11,3.77,3.8,3.82,3.76,11911085.0,48610627.0,0.7957559681697646,0.029999999999999805,0.00463333193613433,1.591511936339524,2570738545.0
2024-01-12,3.81,3.8,3.85,3.79,10818029.0,44497137.0,0.0,0.0,0.004208140505397059,1.578947368421054,2570738545.0
2024-01-15,3.8,3.79,3.83,3.78,12500495.0,51162701.0,-0.2631578947368318,-0.009999999999999787,0.004862608461024962,1.3157894736842175,2570738545.0
2024-01-16,3.81,3.78,3.82,3.75,14955295.0,60908173.0,-0.26385224274406704,-0.010000000000000231,0.005817509146967725,1.8469656992084391,2570738545.0
2024-01-17,3.78,3.73,3.85,3.73,14445540.0,58767626.0,-1.3227513227513144,-0.04999999999999982,0.005619217881217866,3.174603174603178,2570738545.0
2024-01-18,3.75,3.72,3.75,3.58,25435101.0,100231524.0,-0.2680965147452974,-0.009999999999999787,0.009894083180676003,4.55764075067024,2570738545.0
2024-01-19,3.7,3.71,3.76,3.67,13551336.0,54193275.0,-0.26881720430108613,-0.010000000000000231,0.0052713785407531594,2.4193548387096735,2570738545.0
2024-01-22,3.67,3.51,3.69,3.49,20670800.0,79933340.0,-5.39083557951483,-0.20000000000000018,0.008040802142327547,5.3908355795148175,2570738545.0
2024-01-23,3.5,3.59,3.61,3.45,17438148.0,66439930.0,2.279202279202286,0.08000000000000007,0.006783322261190898,4.5584045584045505,2570738545.0
2024-01-24,3.61,3.64,3.68,3.51,15058580.0,58364316.0,1.392757660167132,0.050000000000000266,0.005857686317143543,4.735376044568255,2570738545.0
2024-01-25,3.64,3.74,3.75,3.62,20753287.0,82344390.0,2.7472527472527597,0.10000000000000009,0.008072889030416744,3.5714285714285685,2570738545.0
2024-01-26,3.74,3.75,3.77,3.71,14046397.0,56596167.0,0.2673796791443861,0.009999999999999787,0.005463953939353253,1.6042780748663115,2570738545.0
2024-01-29,3.74,3.72,3.8,3.72,15905120.0,64252563.0,-0.7999999999999896,-0.029999999999999805,0.00618698468225597,2.1333333333333235,2570738545.0
2024-01-30,3.71,3.66,3.75,3.63,13228157.0,52555538.0,-1.6129032258064502,-0.06000000000000005,0.005145664083859605,3.2258064516129057,2570738545.0
2024-01-31,3.66,3.54,3.7,3.54,19406633.0,75185382.0,-3.2786885245901676,-0.1200000000000001,0.007549049683697025,4.371584699453555,2570738545.0
2024-02-01,3.54,3.58,3.64,3.51,17021400.0,65473642.0,1.1299435028248705,0.040000000000000036,0.00662121009275955,3.6723163841808,2570738545.0
2024-02-02,3.57,3.52,3.66,3.42,22672973.0,86837090.0,-1.6759776536312887,-0.06000000000000005,0.008819633970206022,6.703910614525145,2570738545.0
2024-02-05,3.47,3.43,3.55,3.32,27616049.0,101806730.0,-2.5568181818181768,-0.08999999999999986,0.010742457280890072,6.534090909090909,2570738545.0
2024-02-06,3.42,3.7,3.76,3.39,32946244.0,127484930.0,7.871720116618075,0.27,0.01281586727832721,10.787172011661797,2570738545.0
2024-02-07,3.73,3.94,4.01,3.72,56275448.0,237865059.0,6.486486486486487,0.23999999999999977,0.021890770692902184,7.837837837837826,2570738545.0
2024-02-08,3.93,3.9,4.03,3.89,42722858.0,182539893.0,-1.0152284263959421,-0.040000000000000036,0.016618904354584997,3.55329949238579,2570738545.0
2024-02-19,3.93,3.9,3.94,3.85,25454588.0,106403676.0,0.0,0.0,0.009901663492582051,2.307692307692304,2570738545.0
2024-02-20,3.89,3.96,3.98,3.85,23971697.0,101132224.0,1.538461538461533,0.06000000000000005,0.009324828869362908,3.3333333333333304,2570738545.0
2024-02-21,3.94,3.97,4.02,3.91,22619781.0,96886777.0,0.2525252525252597,0.010000000000000231,0.008798942640041989,2.7777777777777635,2570738545.0
2024-02-22,3.96,3.96,4.04,3.92,18253340.0,77718148.0,-0.25188916876575096,-0.010000000000000231,0.007100426465189209,3.0226700251889196,2570738545.0
2024-02-23,3.96,3.93,4.02,3.89,24082801.0,101750722.0,-0.7575757575757569,-0.029999999999999805,0.009368047577938347,3.282828282828269,2570738545.0
2024-02-26,3.93,3.93,3.96,3.87,20482554.0,86228699.0,0.0,0.0,0.007967575714705752,2.290076335877859,2570738545.0
2024-02-27,3.91,4.05,4.06,3.89,24194231.0,103466293.0,3.0534351145037997,0.11999999999999966,0.009411393098320701,4.325699745547061,2570738545.0
2024-02-28,4.06,3.87,4.06,3.87,33572780.0,143424398.0,-4.444444444444439,-0.17999999999999972,0.013059585567461899,4.691358024691346,2570738545.0
2024-02-29,3.87,3.97,4.0,3.86,25000639.0,105855690.0,2.5839793281653867,0.10000000000000009,0.00972508038541119,3.6175710594315276,2570738545.0
2024-03-01,4.02,4.0,4.08,3.98,25020900.0,108252189.0,0.7556675062972307,0.029999999999999805,0.009732961778110345,2.5188916876574328,2570738545.0
2024-03-04,4.02,3.94,4.05,3.92,16720911.0,71310344.0,-1.5000000000000013,-0.06000000000000005,0.006504321893224657,3.2499999999999973,2570738545.0
2024-03-05,3.94,3.97,3.99,3.9,19631665.0,83543406.0,0.761421319796951,0.03000000000000025,0.007636585617850142,2.2842639593908705,2570738545.0
2024-03-06,3.96,3.98,4.02,3.94,16178723.0,69397746.0,0.25188916876572875,0.009999999999999787,0.00629341440865975,2.0151133501259353,2570738545.0
2024-03-07,4.0,3.97,4.02,3.96,13012183.0,55898970.0,-0.2512562814070307,-0.009999999999999787,0.005061651650771043,1.5075376884422014,2570738545.0
2024-03-08,3.97,4.0,4.01,3.96,9633403.0,41366535.0,0.7556675062972307,0.029999999999999805,0.0037473289606742176,1.2594458438287108,2570738545.0
2024-03-11,4.0,4.01,4.01,3.97,11443828.0,49096642.0,0.24999999999999467,0.009999999999999787,0.004451572106489733,0.9999999999999898,2570738545.0
2024-03-12,4.01,4.04,4.07,4.0,19383435.0,84106482.0,0.7481296758104827,0.03000000000000025,0.007540025817755807,1.745635910224446,2570738545.0
2024-03-13,4.06,4.03,4.07,4.0,10688520.0,46266097.0,-0.24752475247524774,-0.009999999999999787,0.004157762375636687,1.7326732673267398,2570738545.0
2024-03-14,4.04,4.03,4.07,4.0,13810111.0,59913573.0,0.0,0.0,0.005372040274908625,1.7369727047146473,2570738545.0
2024-03-15,4.03,4.1,4.1,4.02,19876100.0,86847973.0,1.7369727047146233,0.0699999999999994,0.007731669188474396,1.985111662531019,2570738545.0
2024-03-18,4.1,4.08,4.1,4.03,20412364.0,89211255.0,-0.4878048780487698,-0.019999999999999574,0.007940272276891543,1.7073170731707172,2570738545.0
2024-03-19,4.07,4.04,4.09,4.02,14215892.0,62087070.0,-0.9803921568627416,-0.040000000000000036,0.005529886354117742,1.715686274509811,2570738545.0
2024-03-20,4.05,4.05,4.08,4.03,12501166.0,54538166.0,0.24752475247524774,0.009999999999999787,0.004862869475510976,1.2376237623762332,2570738545.0
2024-03-21,4.06,4.04,4.07,4.01,12540036.0,54410207.0,-0.24691358024691024,-0.009999999999999787,0.004877989644022706,1.4814814814814938,2570738545.0
2024-03-22,4.02,4.01,4.06,3.99,15448422.0,66780345.0,-0.7425742574257432,-0.03000000000000025,0.006009332232578323,1.7326732673267176,2570738545.0
2024-03-25,3.98,3.98,4.04,3.96,18821122.0,81209180.0,-0.7481296758104716,-0.029999999999999805,0.0073212898435768385,1.9950124688279323,2570738545.0
2024-03-26,3.98,4.0,4.01,3.94,14525233.0,62147944.0,0.5025125628140614,0.020000000000000018,0.005650217922103004,1.758793969849242,2570738545.0
2024-03-27,3.98,3.92,4.02,3.92,17516172.0,74896190.0,-2.0000000000000018,-0.08000000000000007,0.006813673072303819,2.499999999999991,2570738545.0
2024-03-28,3.94,3.93,3.97,3.91,15478204.0,65623075.0,0.25510204081633514,0.010000000000000231,0.006020917230227316,1.5306122448979604,2570738545.0
2024-03-29,3.94,3.96,3.97,3.91,11206354.0,47550680.0,0.7633587786259444,0.029999999999999805,0.00435919631803708,1.5267175572519098,2570738545.0
2024-04-01,3.97,3.99,4.0,3.96,17235873.0,73716012.0,0.7575757575757569,0.03000000000000025,0.006704638646945716,1.010101010101011,2570738545.0
2024-04-02,4.0,4.08,4.09,3.97,31521502.0,136800492.0,2.2556390977443552,0.08999999999999986,0.012261652224925115,3.0075187969924726,2570738545.0
2024-04-03,4.05,4.25,4.26,4.05,45297140.0,203279758.0,4.166666666666674,0.16999999999999993,0.017620282734742285,5.147058823529411,2570738545.0
2024-04-08,4.22,4.15,4.26,4.14,29401181.0,132826434.0,-2.35294117647058,-0.09999999999999964,0.011436861619857961,2.8235294117647083,2570738545.0
2024-04-09,4.12,4.21,4.21,4.11,15727880.0,70467524.0,1.4457831325301207,0.05999999999999961,0.006118039514594044,2.4096385542168584,2570738545.0
2024-04-10,4.18,4.18,4.24,4.15,19367054.0,87609225.0,-0.7125890736342066,-0.03000000000000025,0.007533653718954916,2.1377672209026097,2570738545.0
2024-04-11,4.16,4.22,4.28,4.16,21624633.0,98550460.0,0.9569377990430672,0.040000000000000036,0.008411836762652967,2.8708133971291896,2570738545.0
2024-04-12,4.27,4.17,4.27,4.15,14586836.0,65943567.0,-1.1848341232227444,-0.04999999999999982,0.005674181074684124,2.8436018957345786,2570738545.0
2024-04-15,4.15,4.15,4.19,4.05,21100808.0,93793123.0,-0.47961630695442237,-0.019999999999999574,0.00820807236155554,3.357314148681069,2570738545.0
2024-04-16,4.12,4.08,4.17,4.05,20804498.0,91974412.0,-1.6867469879518149,-0.07000000000000028,0.008092809764907461,2.891566265060243,2570738545.0
2024-04-17,4.07,4.12,4.13,4.06,20434360.0,90044830.0,0.9803921568627416,0.040000000000000036,0.007948828572918915,1.715686274509811,2570738545.0
2024-04-18,4.11,4.13,4.16,4.1,14539150.0,64673322.0,0.24271844660193054,0.009999999999999787,0.005655631541479843,1.4563106796116625,2570738545.0
2024-04-19,4.12,4.15,4.19,4.11,18774268.0,83898334.0,0.4842615012106588,0.020000000000000462,0.0073030639527754855,1.9370460048426168,2570738545.0
2024-04-22,4.15,4.08,4.15,4.07,15254661.0,67413247.0,-1.6867469879518149,-0.07000000000000028,0.005933960507057321,1.9277108433734955,2570738545.0
2024-04-23,4.08,4.05,4.1,4.02,14378360.0,62757412.0,-0.7352941176470673,-0.03000000000000025,0.005593085313154629,1.960784313725492,2570738545.0
2024-04-24,4.03,3.95,4.08,3.87,28522105.0,120724388.0,-2.4691358024691246,-0.09999999999999964,0.011094906969623394,5.185185185185184,2570738545.0
2024-04-25,3.95,4.02,4.03,3.93,16439316.0,70676669.0,1.7721518987341645,0.0699999999999994,0.006394783332585073,2.531645569620255,2570738545.0
2024-04-26,4.01,4.1,4.11,4.0,21037488.0,91738223.0,1.990049751243772,0.08000000000000007,0.008183441307525111,2.736318407960207,2570738545.0
2024-04-29,4.06,4.19,4.19,4.06,22575789.0,100778112.0,2.1951219512195363,0.09000000000000075,0.008781830047987242,3.170731707317093,2570738545.0
2024-04-30,4.23,4.34,4.37,4.21,42616159.0,198462903.0,3.5799522673030992,0.14999999999999947,0.016577399161376016,3.818615751789979,2570738545.0
2024-05-06,4.37,4.46,4.49,4.35,44735249.0,213078477.0,2.764976958525356,0.1200000000000001,0.017401710915724414,3.2258064516129163,2570738545.0
2024-05-07,4.44,4.42,4.46,4.37,28972741.0,137394341.0,-0.8968609865470878,-0.040000000000000036,0.01127020134208164,2.0179372197309386,2570738545.0
2024-05-08,4.51,4.35,4.51,4.35,20020740.0,94552976.0,-1.5837104072398245,-0.07000000000000028,0.007787933175444724,3.6199095022624466,2570738545.0
2024-05-09,4.35,4.42,4.43,4.35,21786294.0,103087608.0,1.6091954022988464,0.07000000000000028,0.008474721804118747,1.8390804597701167,2570738545.0
2024-05-10,4.43,4.4,4.44,4.38,14215202.0,67276377.0,-0.4524886877827927,-0.019999999999999574,0.005529617948759546,1.3574660633484277,2570738545.0
2024-05-13,4.39,4.37,4.39,4.32,18350320.0,86143283.0,-0.6818181818181834,-0.03000000000000025,0.0071381510327803484,1.5909090909090773,2570738545.0
2024-05-14,4.37,4.37,4.42,4.36,16216580.0,76490738.0,0.0,0.0,0.006308140526986186,1.3729977116704717,2570738545.0
2024-05-15,4.38,4.37,4.43,4.36,14525580.0,68588751.0,0.0,0.0,0.005650352902768648,1.6018306636155468,2570738545.0
2024-05-16,4.36,4.35,4.41,4.34,16333682.0,76856076.0,-0.4576659038901698,-0.020000000000000462,0.0063536924172115684,1.601830663615567,2570738545.0
2024-05-17,4.37,4.36,4.37,4.3,14063956.0,65585766.0,0.22988505747127963,0.010000000000000675,0.005470784272229442,1.609195402298857,2570738545.0
2024-05-20,4.34,4.37,4.39,4.33,17942516.0,84273440.0,0.2293577981651307,0.009999999999999787,0.006979518020180461,1.3761467889908165,2570738545.0
2024-05-21,4.36,4.35,4.36,4.32,19973695.0,93247088.0,-0.4576659038901698,-0.020000000000000462,0.0077696329869282755,0.9153318077803212,2570738545.0
2024-05-22,4.34,4.34,4.41,4.32,14147120.0,66128254.0,-0.22988505747125743,-0.009999999999999787,0.00550313450876429,2.0689655172413763,2570738545.0
2024-05-23,4.32,4.23,4.32,4.21,19818407.0,90775903.0,-2.5345622119815503,-0.10999999999999943,0.007709226999589723,2.5345622119815743,2570738545.0
2024-05-24,4.26,4.22,4.28,4.21,13233762.0,60359121.0,-0.23640661938535423,-0.010000000000000675,0.00514784439115336,1.6548463356974061,2570738545.0
2024-05-27,4.23,4.26,4.27,4.21,15137410.0,69029938.0,0.9478672985782088,0.040000000000000036,0.005888350656834299,1.4218009478672893,2570738545.0
2024-05-28,4.24,4.2,4.27,4.18,14071500.0,63808884.0,-1.4084507042253391,-0.05999999999999961,0.005473718837479056,2.112676056338025,2570738545.0
2024-05-29,4.2,4.18,4.24,4.16,14873654.0,67053158.0,-0.4761904761904856,-0.020000000000000462,0.005785751347187273,1.9047619047619064,2570738545.0
2024-05-30,4.17,4.15,4.23,4.14,14262880.0,64006061.0,-0.7177033492822837,-0.02999999999999936,0.0055481643700176445,2.1531100478469076,2570738545.0
2024-05-31,4.16,4.18,4.23,4.15,14244330.0,64217877.0,0.7228915662650381,0.02999999999999936,0.005540948544808162,1.9277108433734955,2570738545.0
2024-06-03,4.2,4.11,4.2,4.07,22082240.0,97864154.0,-1.6746411483253398,-0.0699999999999994,0.008589842807215543,3.1100478468899495,2570738545.0
2024-06-04,4.09,4.17,4.17,4.07,17004280.0,75467943.0,1.4598540145985384,0.05999999999999961,0.0066145505279300975,2.4330900243308915,2570738545.0
2024-06-05,4.15,4.15,4.19,4.14,16712062.0,74905326.0,-0.47961630695442237,-0.019999999999999574,0.0065008796917541065,1.199040767386108,2570738545.0
2024-06-06,4.15,4.14,4.17,4.11,18225295.0,81106464.0,-0.2409638554217053,-0.010000000000000675,0.0070895171488549805,1.445783132530111,2570738545.0
2024-06-07,4.13,4.12,4.19,4.09,14780033.0,65567373.0,-0.48309178743960457,-0.019999999999999574,0.0057493334079992955,2.4154589371980806,2570738545.0
2024-06-11,4.25,4.18,4.3,4.03,49773774.0,222688229.0,1.4563106796116498,0.05999999999999961,0.01936166324529903,6.553398058252418,2570738545.0
2024-06-12,4.14,4.13,4.24,4.12,27532820.0,122723387.0,-1.1961722488038284,-0.04999999999999982,0.010710081759792496,2.8708133971291896,2570738545.0
2024-06-13,4.12,4.07,4.13,4.03,19999872.0,87544786.0,-1.4527845036319542,-0.05999999999999961,0.007779815663829011,2.4213075060532603,2570738545.0
2024-06-14,4.04,4.04,4.05,3.97,19954824.0,86264775.0,-0.7371007371007376,-0.03000000000000025,0.007762292294878241,1.965601965601956,2570738545.0
2024-06-17,4.02,4.03,4.08,3.99,19665360.0,85265607.0,-0.24752475247524774,-0.009999999999999787,0.007649692746175399,2.2277227722772244,2570738545.0
2024-06-18,4.04,4.06,4.06,3.99,16767074.0,72503245.0,0.7444168734491052,0.02999999999999936,0.006522278989674541,1.736972704714625,2570738545.0
2024-06-19,4.06,3.91,4.06,3.91,21840400.0,92969221.0,-3.6945812807881673,-0.14999999999999947,0.00849576867413407,3.6945812807881646,2570738545.0
2024-06-20,3.91,3.86,3.94,3.84,15637840.0,65177021.0,-1.278772378516635,-0.050000000000000266,0.0060830145603157785,2.55754475703325,2570738545.0
2024-06-21,3.86,3.85,3.91,3.82,9898302.0,41169534.0,-0.2590673575129432,-0.009999999999999787,0.0038503728896319947,2.331606217616588,2570738545.0
2024-06-24,3.84,3.78,3.85,3.74,17052833.0,69292913.0,-1.81818181818183,-0.07000000000000028,0.00663343731830185,2.857142857142854,2570738545.0
2024-06-25,3.78,3.82,3.85,3.76,12881688.0,52796055.0,1.0582010582010692,0.040000000000000036,0.005010889973643741,2.3809523809523894,2570738545.0
2024-06-26,3.8,3.89,3.89,3.79,12215400.0,50498877.0,1.832460732984309,0.07000000000000028,0.004751708423930758,2.6178010471204214,2570738545.0
2024-06-27,3.87,3.88,3.91,3.84,14625300.0,60895637.0,-0.25706940874036244,-0.010000000000000231,0.005689143311927118,1.7994858611825266,2570738545.0
2024-06-28,3.86,3.87,3.92,3.82,18255891.0,76182731.0,-0.2577319587628857,-0.009999999999999787,0.00710141878702799,2.5773195876288684,2570738545.0
2024-07-01,3.87,3.87,3.89,3.8,15244431.0,63103326.0,0.0,0.0,0.005929595486124336,2.325581395348845,2570905728.0
2024-07-02,3.87,3.87,3.89,3.85,11181020.0,46546915.0,0.0,0.0,0.004349058729857869,1.0335917312661507,2570905728.0
2024-07-03,3.87,3.86,3.9,3.85,11450800.0,47721285.0,-0.25839793281654533,-0.010000000000000231,0.004453994510684758,1.2919896640826827,2570905728.0
2024-07-04,3.88,3.8,3.88,3.77,13378200.0,54882414.0,-1.5544041450777257,-0.06000000000000005,0.0052036913894961765,2.849740932642484,2570905728.0
2024-07-05,3.77,3.83,3.85,3.76,13829724.0,56599236.0,0.7894736842105399,0.03000000000000025,0.005379319766329448,2.368421052631587,2570905728.0
2024-07-08,3.81,3.72,3.84,3.68,18150972.0,73362514.0,-2.8720626631853707,-0.10999999999999988,0.007060146858873855,4.177545691905997,2570905728.0
2024-07-09,3.72,3.76,3.77,3.67,14996362.0,59987572.0,1.0752688172043001,0.03999999999999959,0.005833104589045437,2.6881720430107547,2570905728.0
2024-07-10,3.76,3.76,3.8,3.74,8661700.0,35152788.0,0.0,0.0,0.0033691239261185385,1.5957446808510536,2570905728.0
2024-07-11,3.8,3.85,3.86,3.78,15609696.0,64229521.0,2.393617021276606,0.0900000000000003,0.006071671874232177,2.1276595744680873,2570905728.0
2024-07-12,3.86,3.87,3.89,3.84,10808660.0,44984712.0,0.5194805194805197,0.020000000000000018,0.004204222613953428,1.2987012987013056,2570905728.0
2024-07-15,3.87,3.87,3.89,3.84,9803896.0,40781863.0,0.0,0.0,0.003813401593541434,1.2919896640826942,2570905728.0
2024-07-16,3.88,3.88,3.89,3.84,12926384.0,53897639.0,0.2583979328165231,0.009999999999999787,0.00502794943401363,1.2919896640826942,2570905728.0
2024-07-17,3.91,3.89,3.91,3.87,11476829.0,48011489.0,0.2577319587628857,0.010000000000000231,0.004464118958157302,1.0309278350515474,2570905728.0
2024-07-18,3.89,3.94,3.94,3.87,17863879.0,75114815.0,1.285347043701801,0.04999999999999982,0.0069484768754616896,1.7994858611825153,2570905728.0
2024-07-19,3.96,3.94,3.96,3.9,15227600.0,62555376.0,0.0,0.0,0.005923048766103959,1.52284263959391,2570905728.0
2024-07-22,3.95,3.95,3.96,3.91,11343654.0,46753373.0,0.2538071065989911,0.010000000000000231,0.0044123181478243605,1.2690355329949194,2570905728.0
2024-07-23,3.96,3.92,4.0,3.9,13500767.0,55782458.0,-0.75949367088608,-0.03000000000000025,0.0052513660275294236,2.531645569620255,2570905728.0
2024-07-24,3.9,3.86,3.93,3.84,14072600.0,57008345.0,-1.5306122448979553,-0.06000000000000005,0.0054737907527039435,2.2959183673469465,2570905728.0
2024-07-25,3.84,3.87,3.9,3.84,11887380.0,48126002.0,0.2590673575129543,0.010000000000000231,0.004623810150070193,1.5544041450777215,2570905728.0
2024-07-26,3.88,3.91,3.92,3.85,9484750.0,38703263.0,1.033591731266159,0.040000000000000036,0.0036892640195634588,1.808785529715758,2570905728.0
2024-07-29,3.92,3.91,3.93,3.87,9902587.0,40500898.0,0.0,0.0,0.0038517892321565514,1.5345268542199502,2570905728.0
2024-07-30,3.91,3.9,3.92,3.87,10913974.0,44487618.0,-0.2557544757033292,-0.010000000000000231,0.004245186387480016,1.2787723785166194,2570905728.0
2024-07-31,3.9,4.09,4.09,3.9,25382392.0,106903750.0,4.871794871794877,0.18999999999999995,0.009872937666892156,4.8717948717948705,2570905728.0
2024-08-01,4.07,4.07,4.12,4.06,13729428.0,58607048.0,-0.4889975550122161,-0.019999999999999574,0.005340307834111294,1.466992665036687,2570905728.0
2024-08-02,4.06,4.08,4.1,4.06,10631289.0,45333646.0,0.24570024570023108,0.009999999999999787,0.004135230974910333,0.9828009828009836,2570905728.0
2024-08-05,4.06,4.05,4.11,4.01,16814900.0,71443211.0,-0.7352941176470673,-0.03000000000000025,0.0065404576359479796,2.450980392156876,2570905728.0
2024-08-06,4.05,4.08,4.09,4.04,14246659.0,60578233.0,0.7407407407407529,0.03000000000000025,0.005541494129807314,1.2345679012345634,2570905728.0
2024-08-07,4.07,4.06,4.08,4.03,11303700.0,47986532.0,-0.4901960784313819,-0.020000000000000462,0.004396777321272513,1.225490196078427,2570905728.0
2024-08-08,4.05,4.12,4.15,4.04,17213638.0,73782356.0,1.4778325123152802,0.0600000000000005,0.006695553949148928,2.709359605911338,2570905728.0
2024-08-09,4.15,4.14,4.18,4.12,12711504.0,55199829.0,0.4854368932038833,0.019999999999999574,0.004944367995122379,1.456310679611641,2570905728.0
2024-08-12,4.12,4.16,4.19,4.11,12005316.0,52215885.0,0.48309178743961567,0.020000000000000462,0.0046696834774020935,1.932367149758456,2570905728.0
2024-08-13,4.16,4.2,4.21,4.15,14402860.0,63077494.0,0.9615384615384581,0.040000000000000036,0.00560225131677796,1.4423076923076827,2570905728.0
2024-08-14,4.2,4.22,4.24,4.18,13467224.0,59345604.0,0.4761904761904745,0.019999999999999574,0.005238318874677929,1.4285714285714404,2570905728.0
2024-08-15,4.22,4.28,4.29,4.18,23938701.0,106412606.0,1.4218009478673022,0.0600000000000005,0.009311388099252778,2.6066350710900554,2570905728.0
2024-08-16,4.27,4.25,4.29,4.25,10544224.0,46964366.0,-0.7009345794392607,-0.03000000000000025,0.004101365477995465,0.9345794392523372,2570905728.0
2024-08-19,4.24,4.31,4.31,4.23,15689593.0,70337283.0,1.4117647058823346,0.05999999999999961,0.006102749248688126,1.8823529411764512,2570905728.0
2024-08-20,4.31,4.25,4.31,4.21,21785920.0,96736609.0,-1.3921113689094988,-0.05999999999999961,0.008474025228823949,2.32018561484918,2570905728.0
2024-08-21,4.25,4.14,4.28,4.11,25366790.0,110220522.0,-2.588235294117658,-0.11000000000000032,0.009866868988515475,3.9999999999999982,2570905728.0
2024-08-22,4.15,4.13,4.19,4.12,15678547.0,68023714.0,-0.24154589371979673,-0.009999999999999787,0.006098452708414519,1.6908212560386544,2570905728.0
2024-08-23,4.12,4.14,4.17,4.09,11279822.0,48716041.0,0.2421307506053294,0.009999999999999787,0.00438748954391843,1.9370460048426168,2570905728.0
2024-08-26,4.12,4.14,4.16,4.07,15484600.0,66611298.0,0.0,0.0,0.006023013536185174,2.1739130434782576,2570905728.0
2024-08-27,4.13,4.16,4.17,4.1,12648900.0,54769040.0,0.48309178743961567,0.020000000000000462,0.004920017043892167,1.6908212560386544,2570905728.0
2024-08-28,4.14,4.18,4.25,4.14,14701680.0,64486788.0,0.48076923076922906,0.019999999999999574,0.005718482727656049,2.6442307692307767,2570905728.0
2024-08-29,4.16,4.16,4.21,4.16,12078129.0,52764260.0,-0.4784688995215225,-0.019999999999999574,0.004698005402709189,1.1961722488038236,2570905728.0
2024-08-30,4.17,4.13,4.21,4.13,19670200.0,85726130.0,-0.7211538461538547,-0.03000000000000025,0.007651077900589593,1.9230769230769247,2570905728.0
2024-09-02,4.11,4.11,4.15,4.07,25376637.0,108994957.0,-0.4842615012106477,-0.019999999999999574,0.009870699156184696,1.9370460048426168,2570905728.0
2024-09-03,4.11,4.14,4.2,4.1,26945012.0,117021788.0,0.7299270072992581,0.02999999999999936,0.010480746807064565,2.433090024330913,2570905728.0
2024-09-04,4.18,4.24,4.3,4.1,34707999.0,153455551.0,2.4154589371980784,0.10000000000000053,0.013500300155696724,4.83091787439614,2570905728.0
2024-09-05,4.24,4.18,4.26,4.17,15896120.0,69849194.0,-1.4150943396226578,-0.0600000000000005,0.00618308163806775,2.122641509433959,2570905728.0
2024-09-06,4.16,4.14,4.19,4.13,11622500.0,50510787.0,-0.9569377990430672,-0.040000000000000036,0.004520780312330457,1.4354066985646052,2570905728.0
2024-09-09,4.12,4.1,4.17,4.08,11689500.0,50392029.0,-0.9661835748792313,-0.040000000000000036,0.004546841166787427,2.1739130434782576,2570905728.0
2024-09-10,4.08,4.06,4.11,4.01,14560428.0,61709999.0,-0.9756097560975618,-0.040000000000000036,0.005663540222973123,2.4390243902439157,2570905728.0
2024-09-11,4.05,4.06,4.08,4.01,12453413.0,52754847.0,0.0,0.0,0.004843978860978289,1.72413793103449,2570905728.0
2024-09-12,4.06,4.06,4.1,4.05,9235328.0,39333657.0,0.0,0.0,0.0035922468488117196,1.2315270935960547,2570905728.0
2024-09-13,4.06,4.04,4.07,4.03,7803040.0,33036618.0,-0.49261083743841194,-0.019999999999999574,0.0030351326830137275,0.9852216748768483,2570905728.0
2024-09-18,4.03,4.0,4.04,3.96,9386600.0,39227832.0,-0.990099009900991,-0.040000000000000036,0.003651086812623882,1.980198019801982,2570905728.0
2024-09-19,4.02,4.06,4.13,4.0,15156640.0,64554809.0,1.4999999999999902,0.05999999999999961,0.005895447598458188,3.2499999999999973,2570905728.0
2024-09-20,4.08,4.06,4.08,4.01,13833200.0,58468361.0,0.0,0.0,0.005380671819017395,1.72413793103449,2570905728.0
2024-09-23,4.04,3.98,4.06,3.97,13123360.0,54946202.0,-1.970443349753681,-0.07999999999999963,0.005104566790245216,2.2167487684728924,2570905728.0
2024-09-24,3.99,4.19,4.19,3.99,26621949.0,114274429.0,5.276381909547756,0.2100000000000004,0.010355085645520798,5.0251256281407075,2570905728.0
2024-09-25,4.23,4.22,4.31,4.2,23479690.0,104736650.0,0.7159904534606021,0.02999999999999936,0.009132847519175934,2.6252983293555947,2570905728.0
2024-09-26,4.23,4.34,4.34,4.21,23049964.0,103018521.0,2.8436018957346043,0.1200000000000001,0.00896569786630465,3.0805687203791448,2570905728.0
2024-09-27,4.4,4.45,4.52,4.39,35749323.0,166225099.0,2.5345622119815836,0.11000000000000032,0.01390534184534673,2.9953917050691223,2570905728.0
2024-09-30,4.56,4.75,4.82,4.55,62663355.0,307025876.0,6.741573033707859,0.2999999999999998,0.024374038424484774,6.067415730337089,2570905728.0
2024-10-08,5.22,4.9,5.23,4.69,79620432.0,411466078.0,3.157894736842115,0.15000000000000036,0.030969798360494377,11.368421052631579,2570905728.0
2024-10-09,4.86,4.51,4.86,4.5,58468267.0,285624954.0,-7.959183673469394,-0.39000000000000057,0.022742283531914865,7.3469387755102105,2570905728.0
2024-10-10,4.58,4.52,4.68,4.5,35423748.0,169603153.0,0.22172949002217113,0.009999999999999787,0.013778703596244817,3.9911308203991065,2570905728.0
2024-10-11,4.54,4.44,4.58,4.39,31845869.0,148754080.0,-1.7699115044247593,-0.07999999999999918,0.012387023239772407,4.2035398230088585,2570905728.0
2024-10-14,4.48,4.49,4.51,4.38,26898858.0,125322166.0,1.1261261261261257,0.04999999999999982,0.01051802510583302,2.9279279279279256,2557405761.0
2024-10-15,4.45,4.34,4.47,4.33,27307625.0,125572239.0,-3.340757238307357,-0.15000000000000036,0.010677861689543601,3.1180400890868527,2557405761.0
2024-10-16,4.31,4.35,4.41,4.3,22175782.0,101294082.0,0.23041474654377225,0.009999999999999787,0.008671202019709535,2.5345622119815743,2557405761.0
2024-10-17,4.38,4.29,4.4,4.29,21628667.0,98153815.0,-1.3793103448275779,-0.05999999999999961,0.008457268427964569,2.5287356321839156,2557405761.0
2024-10-18,4.28,4.4,4.46,4.25,36856714.0,167816354.0,2.564102564102577,0.11000000000000032,0.01441175841630553,4.895104895104894,2557405761.0
2024-10-21,4.42,4.32,4.42,4.31,33775704.0,153467060.0,-1.8181818181818188,-0.08000000000000007,0.013207018031738921,2.500000000000007,2557405761.0
2024-10-22,4.32,4.47,4.48,4.31,36859054.0,169286571.0,3.47222222222221,0.14999999999999947,0.014412673406032889,3.935185185185204,2557405761.0
2024-10-23,4.48,4.41,4.48,4.38,32153300.0,148527203.0,-1.3422818791946178,-0.05999999999999961,0.012572623590019354,2.237136465324397,2557405761.0
2024-10-24,4.4,4.38,4.43,4.34,19687411.0,90119731.0,-0.6802721088435382,-0.03000000000000025,0.007698196078318759,2.040816326530609,2557405761.0
2024-10-25,4.49,4.64,4.67,4.45,80833001.0,385188257.0,5.936073059360725,0.2599999999999998,0.03160742117371026,5.022831050228305,2557405761.0
2024-10-28,4.72,4.74,4.75,4.6,65586963.0,321333552.0,2.155172413793105,0.10000000000000053,0.025645896322042422,3.232758620689663,2557405761.0
2024-10-29,4.78,4.59,4.78,4.57,52067010.0,252823469.0,-3.164556962025322,-0.15000000000000036,0.020359307386419858,4.430379746835443,2557405761.0
2024-10-30,4.55,4.65,4.66,4.54,37747779.0,182291779.0,1.3071895424836777,0.0600000000000005,0.014760183767334525,2.614379084967323,2557405761.0
2024-10-31,4.65,4.85,4.89,4.62,89305307.0,444808023.0,4.301075268817178,0.1999999999999993,0.03492027286474858,5.806451612903216,2557405761.0
2024-11-01,4.89,5.06,5.25,4.88,115116932.0,610945314.0,4.329896907216502,0.20999999999999996,0.04501316676278497,7.628865979381446,2557405761.0
2024-11-04,5.07,5.09,5.15,4.94,68843334.0,364785832.0,0.5928853754940677,0.03000000000000025,0.026919206584206955,4.150197628458498,2557405761.0
2024-11-05,5.04,5.11,5.12,4.98,71763895.0,379183422.0,0.39292730844795454,0.020000000000000462,0.028061208000070663,2.750491159135554,2557405761.0
2024-11-06,5.09,5.13,5.22,5.04,70281119.0,377231126.0,0.3913894324853118,0.019999999999999574,0.02748141107358677,3.5225048923679,2557405761.0
2024-11-07,5.13,5.2,5.22,5.07,65419507.0,353004706.0,1.3645224171540127,0.07000000000000028,0.02558041746743371,2.9239766081871243,2557405761.0
2024-11-08,5.28,5.23,5.38,5.2,73533342.0,405955602.0,0.5769230769230749,0.03000000000000025,0.028753099379602125,3.4615384615384563,2557405761.0
2024-11-11,5.19,5.18,5.31,5.05,62085638.0,334530400.0,-0.9560229445506829,-0.05000000000000071,0.024276803840358598,4.971319311663476,2557405761.0
2024-11-12,5.24,5.44,5.59,5.24,103132003.0,589826453.0,5.0193050193050315,0.2600000000000007,0.04032680483196894,6.75675675675675,2557405761.0
2024-11-13,5.45,5.61,5.66,5.44,79229989.0,461070050.0,3.125,0.16999999999999993,0.03098060941609023,4.044117647058819,2557405761.0
2024-11-14,5.58,5.37,5.59,5.34,56348915.0,320142949.0,-4.278074866310167,-0.2400000000000002,0.022033623236215116,4.45632798573975,2557405761.0
2024-11-15,5.41,5.15,5.41,5.15,52360304.0,287150515.0,-4.096834264432026,-0.21999999999999975,0.020473991573212853,4.841713221601486,2557405761.0
2024-11-18,5.13,5.12,5.24,5.1,41767122.0,225791718.0,-0.5825242718446644,-0.03000000000000025,0.016331832295422753,2.7184466019417584,2557405761.0
2024-11-19,5.12,5.19,5.2,5.07,35432268.0,190077711.0,1.3671875,0.07000000000000028,0.013854769759392906,2.539062499999998,2557405761.0
2024-11-20,5.16,5.23,5.27,5.15,35957960.0,196083160.0,0.7707129094412402,0.040000000000000036,0.014060326502877538,2.312138728323684,2557405761.0
2024-11-21,5.21,5.15,5.24,5.13,25594593.0,138268941.0,-1.5296367112810683,-0.08000000000000007,0.010008029773887726,2.103250478011478,2557405761.0
2024-11-22,5.17,5.27,5.44,5.15,59711474.0,331193943.0,2.3300970873786353,0.11999999999999922,0.023348455262981634,5.631067961165049,2557405761.0
2024-11-25,5.26,5.22,5.29,5.08,47248925.0,256199976.0,-0.9487666034155517,-0.04999999999999982,0.0184753337622594,3.98481973434535,2557405761.0
2024-11-26,5.24,5.16,5.26,5.13,21766122.0,117734689.0,-1.1494252873563093,-0.05999999999999961,0.008511016254021803,2.4904214559386952,2557405761.0
2024-11-27,5.14,5.17,5.17,5.06,30383146.0,162123128.0,0.19379844961240345,0.009999999999999787,0.011880455758463429,2.13178294573644,2557405761.0
2024-11-28,5.17,5.16,5.25,5.15,22835819.0,124053007.0,-0.19342359767891004,-0.009999999999999787,0.00892929051316077,1.9342359767891615,2557405761.0
2024-11-29,5.16,5.25,5.28,5.15,34097918.0,186717313.0,1.744186046511631,0.08999999999999986,0.013333010553111051,2.519379844961238,2557405761.0
2024-12-02,5.24,5.34,5.35,5.2,38235660.0,210461342.0,1.7142857142857126,0.08999999999999986,0.014950955606297315,2.857142857142847,2557405761.0
2024-12-03,5.34,5.33,5.39,5.28,31421252.0,175176056.0,-0.1872659176029967,-0.009999999999999787,0.012286377265261819,2.0599250936329483,2557405761.0
2024-12-04,5.32,5.16,5.34,5.15,28264041.0,154363404.0,-3.1894934333958735,-0.16999999999999993,0.011051840670347188,3.5647279549718482,2557405761.0
2024-12-05,5.17,5.15,5.17,5.06,28052588.0,150151403.0,-0.19379844961240345,-0.009999999999999787,0.010969158053757899,2.13178294573644,2557405761.0
2024-12-06,5.16,5.27,5.28,5.16,30083011.0,164505443.0,2.3300970873786353,0.11999999999999922,0.011763096595292295,2.3300970873786424,2557405761.0
2024-12-09,5.26,5.15,5.28,5.1,24839748.0,134810468.0,-2.2770398481973264,-0.11999999999999922,0.009712869337670973,3.415559772296027,2557405761.0
2024-12-10,5.3,5.28,5.37,5.21,50370862.0,278856370.0,2.5242718446601975,0.1299999999999999,0.019696077473565995,3.106796116504857,2557405761.0
2024-12-11,5.26,5.54,5.71,5.25,77549399.0,449639455.0,4.924242424242431,0.2599999999999998,0.03032346301185954,8.712121212121211,2557405761.0
2024-12-12,5.56,5.63,5.67,5.49,41994242.0,244858713.0,1.6245487364620947,0.08999999999999986,0.016420641041951574,3.2490974729241824,2557405761.0
2024-12-13,5.64,5.59,5.86,5.56,57115578.0,338401907.0,-0.7104795737122527,-0.040000000000000036,0.022333404761576275,5.328596802841931,2557405761.0
2024-12-16,5.81,5.71,5.83,5.64,63966276.0,382047911.0,2.146690518783534,0.1200000000000001,0.025012173263810833,3.3989266547406154,2557405761.0
2024-12-17,5.76,5.85,5.98,5.72,88186675.0,541041418.0,2.4518388791593626,0.13999999999999968,0.034482863980691565,4.553415061295984,2557405761.0
2024-12-18,5.74,5.72,5.84,5.59,67589768.0,404863114.0,-2.2222222222222254,-0.1299999999999999,0.02642903563866649,4.273504273504273,2557405761.0
2024-12-19,5.67,5.69,5.73,5.53,41747470.0,245199865.0,-0.5244755244755095,-0.02999999999999936,0.01632414794579795,3.4965034965034993,2557405761.0
2024-12-20,5.7,5.59,5.74,5.59,28593389.0,168343108.0,-1.7574692442882345,-0.10000000000000053,0.011180622737324005,2.6362038664323433,2557405761.0
2024-12-23,5.57,5.49,5.58,5.44,32349720.0,185642653.0,-1.7889087656529412,-0.09999999999999964,0.012649427984142248,2.5044722719141266,2557405761.0
2024-12-24,5.48,5.56,5.58,5.45,19124102.0,110247976.0,1.2750455373406133,0.0699999999999994,0.007477930288434976,2.367941712204005,2557405761.0
2024-12-25,5.53,5.52,5.6,5.47,24830507.0,143783228.0,-0.7194244604316502,-0.040000000000000036,0.009709255910290412,2.338129496402876,2557405761.0
2024-12-26,5.48,5.59,5.66,5.48,26448402.0,154004977.0,1.26811594202898,0.07000000000000028,0.010341887237189188,3.2608695652173862,2557405761.0
2024-12-27,5.58,5.59,5.62,5.52,17530062.0,102156292.0,0.0,0.0,0.006854626773478986,1.7889087656529614,2557405761.0
2024-12-30,5.58,5.51,5.59,5.48,20320364.0,117568577.0,-1.4311270125223596,-0.08000000000000007,0.007945694152207706,1.9677996422182369,2557405761.0
2024-12-31,5.51,5.42,5.52,5.4,22626328.0,129083542.0,-1.6333938294010864,-0.08999999999999986,0.008847375080265958,2.177858439201438,2557405761.0
2025-01-02,5.39,5.27,5.48,5.21,24214989.0,135402877.0,-2.7675276752767597,-0.15000000000000036,0.00946857529191278,4.9815498154981634,2557405761.0
2025-01-03,5.29,5.25,5.34,5.2,26772788.0,147538401.0,-0.3795066413662118,-0.019999999999999574,0.010468729056718504,2.6565464895635613,2557405761.0
2025-01-06,5.21,5.1,5.25,5.07,24328740.0,131069546.0,-2.857142857142869,-0.15000000000000036,0.009513054350236133,3.428571428571423,2557405761.0
2025-01-07,5.11,5.14,5.15,5.05,15339000.0,81981020.0,0.7843137254901933,0.040000000000000036,0.005997874969203997,1.960784313725501,2557405761.0
2025-01-08,5.12,5.0,5.14,4.96,28234500.0,148673483.0,-2.7237354085603016,-0.13999999999999968,0.011040289511571176,3.5019455252918235,2557405761.0
2025-01-09,5.13,4.93,5.26,4.92,47852940.0,251755851.0,-1.4000000000000012,-0.07000000000000028,0.018711516463186695,6.799999999999998,2557405761.0
2025-01-10,4.93,4.58,4.93,4.57,55265042.0,272360717.0,-7.099391480730222,-0.34999999999999964,0.021609805859821866,7.302231237322504,2557405761.0
2025-01-13,4.54,4.47,4.69,4.42,40419200.0,190083211.0,-2.401746724890841,-0.11000000000000032,0.015804766148722223,5.895196506550229,2557405761.0
2025-01-14,4.47,4.6,4.62,4.43,30451505.0,144980521.0,2.9082774049216997,0.1299999999999999,0.011907185580161052,4.25055928411634,2557405761.0
2025-01-15,4.61,4.54,4.61,4.46,26220452.0,123873316.0,-1.304347826086949,-0.05999999999999961,0.010252753943022028,3.2608695652173996,2557405761.0
2025-01-16,4.55,4.62,4.63,4.55,27072772.0,130272976.0,1.7621145374449254,0.08000000000000007,0.010586029175680738,1.7621145374449354,2557405761.0
2025-01-17,4.59,4.67,4.71,4.57,19932040.0,96838656.0,1.0822510822510845,0.04999999999999982,0.0077938512159314716,3.0303030303030236,2557405761.0
2025-01-20,4.73,4.86,4.97,4.73,43262491.0,220704962.0,4.068522483940051,0.1900000000000004,0.016916553352520583,5.1391862955031975,2557405761.0
2025-01-21,4.95,4.86,4.95,4.74,34502693.0,173955778.0,0.0,0.0,0.013491286179987612,4.320987654320986,2557405761.0
2025-01-22,4.91,4.79,4.91,4.76,15720166.0,78842206.0,-1.440329218107006,-0.07000000000000028,0.0061469189753655205,3.086419753086427,2557405761.0
2025-01-23,4.84,4.85,4.94,4.83,23746880.0,120985380.0,1.2526096033402823,0.05999999999999961,0.009285534725124911,2.296450939457209,2557405761.0
2025-01-24,4.82,4.8,4.87,4.79,20937880.0,105590365.0,-1.0309278350515427,-0.04999999999999982,0.008187156031044852,1.6494845360824757,2557405761.0
2025-01-27,4.79,4.82,4.9,4.79,18077607.0,91560937.0,0.4166666666666874,0.020000000000000462,0.007068728504361885,2.2916666666666736,2557405761.0
2025-02-05,4.84,4.74,4.86,4.72,20669021.0,103255721.0,-1.6597510373444035,-0.08000000000000007,0.008082026448520227,2.9045643153527085,2557405761.0
2025-02-06,4.74,4.76,4.76,4.68,20274783.0,100069038.0,0.42194092827003704,0.019999999999999574,0.007927871012565533,1.6877637130801704,2557405761.0
2025-02-07,4.77,4.81,4.85,4.74,22400943.0,112686021.0,1.0504201680672232,0.04999999999999982,0.008759244755607633,2.3109243697478874,2557405761.0
2025-02-10,4.83,4.75,4.84,4.72,25893600.0,128967742.0,-1.2474012474012364,-0.05999999999999961,0.010124947865087726,2.494802494802497,2557405761.0
2025-02-11,4.76,4.79,4.81,4.71,22018744.0,109584305.0,0.8421052631578885,0.040000000000000036,0.00860979682449382,2.1052631578947296,2557405761.0
2025-02-12,4.8,4.77,4.84,4.73,17081706.0,85457787.0,-0.41753653444677186,-0.020000000000000462,0.006679310049462268,2.296450939457191,2557405761.0
2025-02-13,4.81,4.73,4.82,4.73,17795800.0,88611881.0,-0.8385744234800652,-0.03999999999999915,0.006958535978679216,1.8867924528301858,2557405761.0
2025-02-14,4.72,4.74,4.83,4.72,24274087.0,121071550.0,0.21141649048626032,0.009999999999999787,0.009491683865804821,2.3255813953488436,2557405761.0
2025-02-17,4.78,4.81,4.89,4.72,33509172.0,168316607.0,1.4767932489451407,0.0699999999999994,0.013102798355665392,3.586497890295357,2557405761.0
2025-02-18,4.81,4.69,4.82,4.67,32902237.0,162357790.0,-2.494802494802484,-0.11999999999999922,0.012865473872685157,3.1185031185031264,2557405761.0
2025-02-19,4.69,4.69,4.71,4.62,19668272.0,96010194.0,0.0,0.0,0.007690712322595726,1.918976545842214,2557405761.0
2025-02-20,4.68,4.64,4.69,4.62,21583560.0,104881020.0,-1.06609808102347,-0.05000000000000071,0.008439630632395372,1.4925373134328417,2557405761.0
2025-02-21,4.62,4.64,4.66,4.58,20123080.0,97384008.0,0.0,0.0,0.007868551915723944,1.7241379310344844,2557405761.0
2025-02-24,4.62,4.73,4.8,4.62,33424220.0,165016382.0,1.9396551724138122,0.09000000000000075,0.013069580318349802,3.87931034482758,2557405761.0
2025-02-25,4.72,4.69,4.73,4.67,18698526.0,91798365.0,-0.8456659619450302,-0.040000000000000036,0.00731152102851621,1.268498942917558,2557405761.0
2025-02-26,4.69,4.74,4.75,4.68,18044364.0,89029454.0,1.0660980810234477,0.04999999999999982,0.007055729784914643,1.4925373134328417,2557405761.0
2025-02-27,4.75,4.81,4.84,4.74,31825569.0,159363735.0,1.4767932489451407,0.0699999999999994,0.012444473804405417,2.1097046413502034,2557405761.0
2025-02-28,4.78,4.73,4.81,4.71,22827349.0,113433119.0,-1.663201663201641,-0.07999999999999918,0.008925978563164736,2.079002079002072,2557405761.0
2025-03-03,4.72,4.75,4.8,4.72,19957515.0,99572253.0,0.42283298097249844,0.019999999999999574,0.007803812482300888,1.6913319238900648,2557405761.0
2025-03-04,4.73,4.73,4.78,4.72,16181459.0,80272072.0,-0.42105263157893313,-0.019999999999999574,0.006327294341306522,1.2631578947368527,2557405761.0
2025-03-05,4.74,4.68,4.75,4.66,18954607.0,92782596.0,-1.0570824524313016,-0.05000000000000071,0.0074116541414954605,1.9027484143763183,2557405761.0
2025-03-06,4.69,4.7,4.72,4.64,18046631.0,88197310.0,0.42735042735044804,0.020000000000000462,0.007056616230090677,1.7094017094017109,2557405761.0
2025-03-07,4.69,4.65,4.7,4.63,16507929.0,80462593.0,-1.0638297872340385,-0.04999999999999982,0.00645495104912294,1.4893617021276655,2557405761.0
2025-03-10,4.67,4.64,4.69,4.62,15435637.0,74923895.0,-0.21505376344087557,-0.010000000000000675,0.0060356620898376085,1.5053763440860275,2557405761.0
2025-03-11,4.62,4.64,4.64,4.57,20224342.0,97378009.0,0.0,0.0,0.007908147509643465,1.5086206896551595,2557405761.0
2025-03-12,4.65,4.6,4.65,4.57,24749072.0,118991761.0,-0.8620689655172376,-0.040000000000000036,0.009677413094714617,1.7241379310344844,2557405761.0
2025-03-13,4.6,4.67,4.7,4.58,32833655.0,159569466.0,1.521739130434785,0.07000000000000028,0.01283865685324856,2.6086956521739157,2557405761.0
2025-03-14,4.69,4.82,4.85,4.68,47725157.0,238965092.0,3.2119914346895095,0.15000000000000036,0.018661550594669205,3.6402569593147733,2557405761.0
2025-03-17,4.83,4.79,4.87,4.77,23183861.0,116766039.0,-0.6224066390041583,-0.03000000000000025,0.009065382331403922,2.0746887966805088,2557405761.0
2025-03-18,4.8,4.82,4.83,4.76,18775079.0,94113983.0,0.6263048016701411,0.03000000000000025,0.007341454878344587,1.4613778705636802,2557405761.0
2025-03-19,4.82,4.79,4.83,4.77,13548000.0,67977616.0,-0.6224066390041583,-0.03000000000000025,0.00529755590864957,1.244813278008309,2557405761.0
2025-03-20,4.78,4.75,4.8,4.73,16077140.0,80047548.0,-0.8350730688935326,-0.040000000000000036,0.006286503395422671,1.4613778705636618,2557405761.0
2025-03-21,4.75,4.8,4.92,4.73,38188107.0,192567956.0,1.0526315789473717,0.04999999999999982,0.014932361372748155,3.99999999999999,2557405761.0
2025-03-24,4.83,4.96,4.97,4.82,60196024.0,309050917.0,3.3333333333333437,0.16000000000000014,0.023537924610157315,3.124999999999989,2557405761.0
2025-03-25,4.97,4.93,5.03,4.91,31694706.0,164210826.0,-0.6048387096774244,-0.03000000000000025,0.012393303590434822,2.4193548387096793,2557405761.0
2025-03-26,4.91,4.93,4.95,4.88,21640360.0,111203711.0,0.0,0.0,0.008461840639452598,1.4198782961460505,2557405761.0
2025-03-27,4.93,4.94,4.98,4.88,19866112.0,102677017.0,0.20283975659229903,0.010000000000000675,0.007768071966895049,2.028397565922932,2557405761.0
2025-03-28,4.94,4.95,5.02,4.9,26398257.0,136937362.0,0.2024291497975561,0.009999999999999787,0.010322279476557415,2.429149797570834,2557405761.0
2025-03-31,4.94,4.87,4.96,4.86,26522342.0,135784945.0,-1.6161616161616155,-0.08000000000000007,0.01037079934848868,2.0202020202020132,2557405761.0
2025-04-01,4.86,4.98,4.99,4.86,27086618.0,140308264.0,2.2587268993840004,0.11000000000000032,0.010591443255922187,2.6694045174537964,2557405761.0
2025-04-02,4.98,5.02,5.1,4.96,28068100.0,147795149.0,0.8032128514056103,0.03999999999999915,0.010975223575403528,2.811244979919672,2557405761.0
2025-04-03,4.97,5.0,5.02,4.94,18980301.0,98967367.0,-0.3984063745019806,-0.019999999999999574,0.0074217010415188476,1.593625498007952,2557405761.0
2025-04-07,4.79,4.5,4.86,4.5,56040120.0,273263809.0,-9.999999999999998,-0.5,0.021912877829010257,7.200000000000006,2557405761.0
2025-04-08,4.51,4.79,4.82,4.51,61368592.0,303026854.0,6.444444444444453,0.29000000000000004,0.023996423616408673,6.8888888888889,2557405761.0
2025-04-09,4.75,4.78,4.8,4.59,36493698.0,179726229.0,-0.20876826722338038,-0.009999999999999787,0.014269811445849793,4.384133611691022,2557405761.0
2025-04-10,4.78,4.86,4.92,4.78,29860798.0,151749073.0,1.673640167364021,0.08000000000000007,0.011676206590042166,2.9288702928870225,2557405761.0
2025-04-11,4.8,4.84,4.87,4.78,16531460.0,83430048.0,-0.4115226337448652,-0.020000000000000462,0.0064641521701803975,1.851851851851849,2557405761.0
2025-04-14,4.9,4.92,4.95,4.88,27233613.0,139762646.0,1.6528925619834656,0.08000000000000007,0.010648921424714035,1.446280991735543,2557405761.0
2025-04-15,4.94,5.15,5.15,4.92,51737957.0,273893909.0,4.674796747967491,0.23000000000000043,0.020230640670712088,4.674796747967489,2557405761.0
2025-04-16,5.15,5.14,5.24,5.1,44239662.0,238158521.0,-0.1941747572815622,-0.010000000000000675,0.017298647979388827,2.7184466019417584,2557405761.0
2025-04-17,5.1,5.03,5.15,5.03,28936961.0,153642779.0,-2.1400778210116655,-0.10999999999999943,0.011314966690575154,2.3346303501945544,2557405761.0
2025-04-18,5.04,5.03,5.14,5.0,27382247.0,144580829.0,0.0,0.0,0.010707040477336283,2.7833001988071504,2557405761.0
2025-04-21,5.02,4.98,5.04,4.96,23808189.0,124013874.0,-0.994035785288272,-0.04999999999999982,0.00930950784700293,1.5904572564612338,2557405761.0
2025-04-22,4.97,4.97,5.04,4.96,22933574.0,119682367.0,-0.20080321285141922,-0.010000000000000675,0.008967514795553008,1.6064257028112463,2557405761.0
2025-04-23,4.96,4.99,5.01,4.92,25681956.0,133175485.0,0.4024144869215318,0.020000000000000462,0.010042190563439494,1.8108651911468785,2557405761.0
2025-04-24,4.99,4.94,5.1,4.92,25470082.0,132717153.0,-1.002004008016033,-0.04999999999999982,0.009959343326903533,3.6072144288577093,2557405761.0
2025-04-25,5.0,4.98,5.08,4.96,33813257.0,177318748.0,0.809716599190291,0.040000000000000036,0.013221702052778006,2.4291497975708523,2557405761.0
2025-04-28,4.99,4.96,5.04,4.92,26016820.0,135365071.0,-0.40160642570281624,-0.020000000000000462,0.01017312950363687,2.4096385542168695,2557405761.0
2025-04-29,5.06,5.2,5.25,4.97,84101787.0,451662366.0,4.8387096774193505,0.2400000000000002,0.03288558596470605,5.645161290322586,2557405761.0
2025-04-30,5.17,5.11,5.2,5.11,41062045.0,221324369.0,-1.7307692307692246,-0.08999999999999986,0.01605613220482614,1.7307692307692282,2557405761.0
2025-05-06,5.16,5.17,5.22,5.14,42495281.0,230175443.0,1.1741682974559575,0.05999999999999961,0.01661655793853512,1.5655577299412928,2557405761.0
2025-05-07,5.22,5.14,5.25,5.12,30379611.0,164355621.0,-0.5802707930367523,-0.03000000000000025,0.011879073498341119,2.5145067698259167,2557405761.0
2025-05-08,5.14,5.09,5.14,5.06,35782684.0,190391945.0,-0.9727626459143934,-0.04999999999999982,0.013991789862085949,1.5564202334630364,2557405761.0
2025-05-09,5.11,5.25,5.3,5.08,63233733.0,345335362.0,3.143418467583503,0.16000000000000014,0.024725733383534048,4.322200392927304,2557405761.0
2025-05-12,5.28,5.27,5.37,5.25,47177440.0,261707660.0,0.3809523809523707,0.019999999999999574,0.01844738160813113,2.285714285714288,2557405761.0
2025-05-13,5.29,5.21,5.29,5.17,31442660.0,171233897.0,-1.1385199240986688,-0.05999999999999961,0.012294748248203388,2.2770398481973455,2557405761.0
2025-05-14,5.2,5.23,5.24,5.17,24515697.0,133549634.0,0.38387715930903177,0.020000000000000462,0.009586158510260743,1.3435700575815794,2557405761.0
2025-05-15,5.23,5.24,5.3,5.17,27129412.0,148558336.0,0.19120458891013214,0.009999999999999787,0.010608176619337802,2.485659655831738,2557405761.0
2025-05-16,5.24,5.2,5.25,5.19,19990400.0,108900100.0,-0.7633587786259555,-0.040000000000000036,0.00781667121614027,1.1450381679389239,2557405761.0
2025-05-19,5.18,5.35,5.37,5.18,52032700.0,288341682.0,2.8846153846153744,0.14999999999999947,0.02034589144729779,3.653846153846161,2557405761.0
2025-05-20,5.36,5.37,5.43,5.32,31733637.0,178912383.0,0.37383177570093906,0.020000000000000462,0.012408526438757795,2.0560747663551298,2557405761.0
2025-05-21,5.37,5.43,5.44,5.35,27004792.0,152435577.0,1.1173184357541777,0.05999999999999961,0.010559447551037248,1.6759776536312987,2557405761.0
2025-05-22,5.42,5.33,5.46,5.33,26512069.0,149265931.0,-1.8416206261510082,-0.09999999999999964,0.010366782387177082,2.3941068139963146,2557405761.0
2025-05-23,5.34,5.26,5.35,5.25,25289100.0,140060167.0,-1.3133208255159512,-0.07000000000000028,0.009888575518853693,1.8761726078799181,2557405761.0
2025-05-26,5.33,5.32,5.36,5.24,25748620.0,142821214.0,1.1406844106463865,0.0600000000000005,0.010068257604116658,2.281368821292778,2557405761.0
2025-05-27,5.31,5.41,5.44,5.3,28746844.0,162298611.0,1.6917293233082775,0.08999999999999986,0.01124062690339736,2.6315789473684315,2557405761.0
2025-05-28,5.38,5.35,5.39,5.33,17879920.0,100038883.0,-1.1090573012939142,-0.0600000000000005,0.006991428686313967,1.109057301293893,2557405761.0
2025-05-29,5.34,5.31,5.37,5.3,25282650.0,140997988.0,-0.747663551401867,-0.040000000000000036,0.009886053431784695,1.3084112149532765,2557405761.0
2025-05-30,5.3,5.3,5.37,5.24,21367748.0,118191003.0,-0.18832391713746732,-0.009999999999999787,0.008355243554172944,2.448210922787192,2557405761.0
2025-06-03,5.26,5.34,5.37,5.24,23217904.0,129165276.0,0.7547169811320753,0.040000000000000036,0.00907869386785197,2.4528301886792434,2557405761.0
2025-06-04,5.33,5.5,5.51,5.33,40511514.0,230936703.0,2.9962546816479474,0.16000000000000014,0.01584086288448773,3.3707865168539275,2557405761.0
2025-06-05,5.48,5.49,5.56,5.45,24673220.0,141587715.0,-0.181818181818183,-0.009999999999999787,0.009647753350783196,1.9999999999999896,2557405761.0
2025-06-06,5.46,5.49,5.56,5.46,20720491.0,119240537.0,0.0,0.0,0.008102152312309584,1.8214936247723068,2557405761.0
2025-06-09,5.54,5.49,5.54,5.42,21070591.0,120530689.0,0.0,0.0,0.008239048852287309,2.1857923497267775,2557405761.0
2025-06-10,5.47,5.4,5.5,5.35,27209543.0,154181651.0,-1.6393442622950838,-0.08999999999999986,0.010639509543202284,2.7322404371584765,2557405761.0
2025-06-11,5.42,5.57,5.64,5.39,46906841.0,272579075.0,3.1481481481481444,0.16999999999999993,0.018341571648629755,4.62962962962963,2557405761.0
2025-06-12,5.55,5.6,5.64,5.52,30974990.0,181553728.0,0.538599640933568,0.02999999999999936,0.01211187933974471,2.1543985637342926,2557405761.0
2025-06-13,5.6,5.61,5.64,5.55,32085290.0,187976229.0,0.17857142857145014,0.010000000000000675,0.012546030234738334,1.6071428571428545,2557405761.0
2025-06-16,5.59,5.62,5.63,5.53,31788764.0,185549616.0,0.17825311942958333,0.009999999999999787,0.012430082267262086,1.7825311942958937,2557405761.0
2025-06-17,5.61,5.59,5.67,5.55,24729209.0,144842667.0,-0.5338078291814985,-0.03000000000000025,0.009669646239605855,2.1352313167259807,2557405761.0
2025-06-18,5.55,5.59,5.62,5.55,15664200.0,91464401.0,0.0,0.0,0.006125035080031635,1.2522361359570713,2557405761.0
2025-06-19,5.59,5.64,5.66,5.57,34660954.0,203550447.0,0.8944543828264706,0.04999999999999982,0.01355316959419331,1.610017889087654,2557405761.0
2025-06-20,5.63,5.57,5.64,5.52,29185244.0,169707493.0,-1.241134751773043,-0.0699999999999994,0.011412050619839046,2.1276595744680873,2557405761.0
2025-06-23,5.52,5.59,5.61,5.5,20023900.0,116332456.0,0.35906642728904536,0.019999999999999574,0.00782977042804902,1.9748653500897724,2557405761.0
2025-06-24,5.57,5.59,5.61,5.55,22628930.0,132261905.0,0.0,0.0,0.00884839251756108,1.07334525939178,2557405761.0
2025-06-25,5.61,5.78,5.82,5.58,50151657.0,299022142.0,3.3989266547406194,0.1900000000000004,0.019610363660238897,4.293381037567088,2557405761.0
2025-06-26,5.79,5.84,5.86,5.68,35959265.0,217387270.0,1.038062283737018,0.05999999999999961,0.014060836785610103,3.114186851211083,2557405761.0
2025-06-27,5.85,5.81,5.92,5.78,33136751.0,198365600.0,-0.5136986301369939,-0.03000000000000025,0.012957173830343928,2.3972602739725972,2557405761.0
2025-06-30,5.83,5.8,5.85,5.76,25856159.0,153418664.0,-0.1721170395869165,-0.009999999999999787,0.010110307638428753,1.5490533562822695,2557405761.0
2025-07-01,5.81,5.76,5.85,5.75,28793772.0,170471045.0,-0.6896551724137945,-0.040000000000000036,0.011258976748664641,1.7241379310344769,2557405761.0
2025-07-02,5.76,5.73,5.85,5.71,34226901.0,202131800.0,-0.5208333333333259,-0.02999999999999936,0.013383445647129752,2.43055555555555,2557405761.0
2025-07-03,5.73,5.81,5.84,5.71,33162263.0,196485923.0,1.39616055846421,0.07999999999999918,0.012967149564499632,2.2687609075043613,2557405761.0
2025-07-04,5.8,5.79,5.84,5.78,19441500.0,115696947.0,-0.344234079173833,-0.019999999999999574,0.007602039651462254,1.032702237521508,2557405761.0
2025-07-07,5.79,5.79,5.8,5.71,21191756.0,125005540.0,0.0,0.0,0.008286426942165631,1.5544041450777177,2557405761.0
2025-07-08,5.8,5.82,5.84,5.78,21981579.0,131058499.0,0.5181347150259086,0.03000000000000025,0.008595264519700127,1.0362694300518067,2557405761.0
2025-07-09,5.81,5.81,5.91,5.79,18543360.0,110941297.0,-0.1718213058419349,-0.010000000000000675,0.00725084782508238,2.0618556701030943,2557405761.0
2025-07-10,5.79,5.8,5.82,5.77,15921360.0,94531439.0,-0.1721170395869165,-0.009999999999999787,0.006225590104940723,0.8605851979346077,2557405761.0
2025-07-11,5.79,5.9,5.92,5.79,36328892.0,218780119.0,1.7241379310344973,0.10000000000000053,0.014205368797556251,2.2413793103448256,2557405761.0
2025-07-14,5.88,5.84,5.92,5.84,18628880.0,112043016.0,-1.016949152542379,-0.0600000000000005,0.007284287962468542,1.3559322033898318,2557405761.0
2025-07-15,5.81,5.61,5.84,5.61,62245737.0,362762073.0,-3.9383561643835496,-0.22999999999999954,0.024339405951623646,3.9383561643835536,2557405761.0
2025-07-16,5.63,5.53,5.7,5.52,45294925.0,258275008.0,-1.4260249554367221,-0.08000000000000007,0.017711278237790753,3.208556149732631,2557405761.0
2025-07-17,5.54,5.51,5.56,5.48,22885982.0,129273338.0,-0.3616636528029016,-0.020000000000000462,0.008948905312175058,1.4466546112115584,2557405761.0
2025-07-18,5.52,5.48,5.54,5.45,26158281.0,147144961.0,-0.5444646098003547,-0.02999999999999936,0.01022844376082564,1.6333938294010864,2557405761.0
2025-07-21,5.48,5.52,5.54,5.46,25048993.0,141451136.0,0.7299270072992581,0.03999999999999915,0.009794688579338037,1.4598540145985412,2557405761.0
2025-07-22,5.53,5.6,5.63,5.48,30543440.0,173619117.0,1.449275362318847,0.08000000000000007,0.011943134118872425,2.717391304347817,2557405761.0
2025-07-23,5.62,5.62,5.68,5.6,28600285.0,165402860.0,0.3571428571428559,0.020000000000000462,0.011183319219870952,1.42857142857143,2557405761.0
2025-07-24,5.62,5.56,5.63,5.53,29705540.0,169536107.0,-1.067615658362997,-0.0600000000000005,0.011615497412653244,1.7793594306049758,2557405761.0
2025-07-25,5.57,5.56,5.61,5.55,14519512.0,82976098.0,0.0,0.0,0.0056774377462583655,1.079136690647491,2557405761.0
2025-07-28,5.55,5.45,5.56,5.45,23115273.0,130219562.0,-1.978417266187038,-0.10999999999999943,0.00903856296583982,1.97841726618704,2557405761.0
2025-07-29,5.46,5.39,5.47,5.35,29311512.0,161777476.0,-1.1009174311926717,-0.0600000000000005,0.011461424091161262,2.201834862385323,2557405761.0
2025-07-30,5.38,5.37,5.42,5.35,19098855.0,105419217.0,-0.37105751391465214,-0.019999999999999574,0.00746805817491079,1.298701298701304,2557405761.0
2025-07-31,5.38,5.26,5.39,5.26,28043314.0,152371890.0,-2.0484171322160183,-0.11000000000000032,0.010965531722676057,2.420856610800743,2557405761.0
2025-08-01,5.26,5.27,5.29,5.24,16368900.0,88250125.0,0.1901140684410496,0.009999999999999787,0.006400587755616618,0.9505703422053199,2557405761.0
2025-08-04,5.28,5.32,5.34,5.23,20586268.0,111458605.0,0.9487666034155628,0.05000000000000071,0.008049668266935605,2.087286527514221,2557405761.0
2025-08-05,5.32,5.33,5.39,5.31,24273326.0,132910226.0,0.1879699248120259,0.009999999999999787,0.009491386298632803,1.5037593984962419,2557405761.0
2025-08-06,5.33,5.34,5.35,5.28,16451622.0,89569370.0,0.18761726078799779,0.009999999999999787,0.006432933815542461,1.313320825515936,2557405761.0
2025-08-07,5.34,5.33,5.35,5.31,14958360.0,81685397.0,-0.1872659176029967,-0.009999999999999787,0.0058490366402205035,0.7490636704119857,2557405761.0
2025-08-08,5.33,5.38,5.39,5.3,26594129.0,145924873.0,0.9380863039399667,0.04999999999999982,0.010398869591034756,1.6885553470919297,2557405761.0
2025-08-11,5.39,5.36,5.39,5.28,27761123.0,151603865.0,-0.3717472118959009,-0.019999999999999574,0.010855189044833,2.044609665427499,2557405761.0
2025-08-12,5.36,5.35,5.38,5.34,16175451.0,88749352.0,-0.1865671641791189,-0.010000000000000675,0.006324945085630469,0.7462686567164185,2557405761.0
2025-08-13,5.37,5.34,5.39,5.33,19793724.0,108568789.0,-0.18691588785045843,-0.009999999999999787,0.007739766720577118,1.1214953271027965,2557405761.0
2025-08-14,5.35,5.28,5.36,5.27,19354967.0,105466479.0,-1.1235955056179692,-0.05999999999999961,0.007568203409548822,1.6853932584269804,2557405761.0
2025-08-15,5.27,5.3,5.31,5.26,18349406.0,99507479.0,0.37878787878786735,0.019999999999999574,0.007175007689364472,0.9469696969696936,2557405761.0
2025-08-18,5.3,5.32,5.37,5.27,27855238.0,152040800.0,0.37735849056603765,0.020000000000000462,0.01089199000987157,1.8867924528301987,2557405761.0
2025-08-19,5.33,5.42,5.44,5.31,35806740.0,197357525.0,1.8796992481203034,0.09999999999999964,0.014001196269300185,2.4436090225564056,2557405761.0
2025-08-20,5.41,5.44,5.44,5.39,24043423.0,133562011.0,0.3690036900369176,0.020000000000000462,0.009401489339962427,0.9225092250922641,2557405761.0
2025-08-21,5.45,5.49,5.5,5.43,25802266.0,144828974.0,0.9191176470588092,0.04999999999999982,0.010089234330148206,1.2867647058823581,2557405761.0
2025-08-22,5.49,5.49,5.5,5.41,28368577.0,158705716.0,0.0,0.0,0.011092716467842507,1.6393442622950793,2557405761.0
2025-08-25,5.49,5.5,5.51,5.46,31082666.0,175041372.0,0.18214936247722413,0.009999999999999787,0.012153982943968194,0.9107468123861534,2557405761.0
2025-08-26,5.5,5.59,5.63,5.47,35839847.0,204717785.0,1.6363636363636358,0.08999999999999986,0.01401414180985729,2.9090909090909114,2557405761.0
2025-08-27,5.6,5.48,5.62,5.46,31690456.0,180731510.0,-1.9677996422182376,-0.10999999999999943,0.01239164175011804,2.862254025044725,2557405761.0
2025-08-28,5.48,5.47,5.54,5.39,27500002.0,154272593.0,-0.18248175182482562,-0.010000000000000675,0.01075308518474867,2.7372262773722693,2557405761.0
2025-08-29,5.47,5.41,5.5,5.38,31663170.0,177003032.0,-1.0968921389396646,-0.05999999999999961,0.01238097234426305,2.193784277879344,2557405761.0
2025-09-01,5.45,5.44,5.48,5.42,28470725.0,159185163.0,0.5545286506469571,0.03000000000000025,0.01113265850659042,1.1090573012939093,2557405761.0
2025-09-02,5.45,5.37,5.46,5.34,29346025.0,161514693.0,-1.2867647058823595,-0.07000000000000028,0.011474919407597284,2.2058823529411784,2557405761.0
2025-09-03,5.39,5.42,5.42,5.3,28738086.0,158034353.0,0.9310986964618184,0.04999999999999982,0.011237202339281037,2.2346368715083815,2557405761.0
2025-09-04,5.39,5.43,5.45,5.37,32088310.0,178228737.0,0.18450184501843658,0.009999999999999787,0.012547211118916378,1.4760147601476028,2557405761.0
2025-09-05,5.56,5.67,5.74,5.49,81738027.0,472499925.0,4.419889502762442,0.2400000000000002,0.03196130557242457,4.6040515653775325,2557405761.0
2025-09-08,5.68,5.78,5.79,5.68,58160260.0,341561057.0,1.9400352733686121,0.11000000000000032,0.02274189762412129,1.9400352733686126,2557405761.0
2025-09-09,5.78,5.72,5.79,5.67,35202029.0,205984592.0,-1.038062283737029,-0.0600000000000005,0.01376474141758219,2.07612456747405,2557405761.0
2025-09-10,5.73,5.72,5.75,5.69,22908938.0,134302990.0,0.0,0.0,0.008957881596013188,1.0489510489510423,2557405761.0
2025-09-11,5.7,5.75,5.75,5.64,29881600.0,174386535.0,0.5244755244755206,0.03000000000000025,0.011684340614105624,1.9230769230769287,2557405761.0
2025-09-12,5.73,5.74,5.81,5.7,24151551.0,142024870.0,-0.17391304347825765,-0.009999999999999787,0.009443769685791366,1.9130434782608599,2557405761.0
2025-09-15,5.74,5.74,5.77,5.7,20627645.0,121365323.0,0.0,0.0,0.008065847553238541,1.2195121951219408,2557405761.0
2025-09-16,5.74,5.67,5.76,5.64,24472768.0,142449218.0,-1.2195121951219523,-0.07000000000000028,0.00956937235897624,2.0905923344947754,2557405761.0
2025-09-17,5.66,5.64,5.67,5.58,19826140.0,114491836.0,-0.5291005291005346,-0.03000000000000025,0.0077524420654497776,1.5873015873015848,2557405761.0
2025-09-18,5.65,5.47,5.65,5.44,34983341.0,198655610.0,-3.014184397163122,-0.16999999999999993,0.013679229762241863,3.723404255319149,2557405761.0
2025-09-19,5.48,5.52,5.53,5.43,20277737.0,113909594.0,0.9140767824497242,0.04999999999999982,0.00792902608934101,1.8281535648994613,2557405761.0
2025-09-22,5.53,5.45,5.53,5.41,20040700.0,112067196.0,-1.26811594202898,-0.0699999999999994,0.007836339585065947,2.173913043478263,2557405761.0
2025-09-23,5.44,5.35,5.45,5.29,22041340.0,120609351.0,-1.8348623853211121,-0.10000000000000053,0.008618632340681585,2.935779816513764,2557405761.0
2025-09-24,5.34,5.37,5.4,5.32,17965222.0,98718243.0,0.37383177570093906,0.020000000000000462,0.007024783581067408,1.4953271028037398,2557405761.0
2025-09-25,5.36,5.29,5.39,5.28,21831980.0,118975237.0,-1.4897579143389184,-0.08000000000000007,0.008536768131570656,2.0484171322160045,2557405761.0
2025-09-26,5.3,5.32,5.33,5.27,17983264.0,97678658.0,0.5671077504725952,0.03000000000000025,0.007031838386478085,1.134215500945189,2557405761.0
2025-09-29,5.3,5.34,5.34,5.25,30616704.0,166052946.0,0.3759398496240518,0.019999999999999574,0.011971781899806239,1.6917293233082678,2557405761.0
2025-09-30,5.33,5.28,5.33,5.24,24500296.0,132423181.0,-1.1235955056179692,-0.05999999999999961,0.009580136391973975,1.6853932584269637,2557405761.0
2025-10-09,5.28,5.3,5.31,5.23,31086329.0,167908124.0,0.37878787878786735,0.019999999999999574,0.012155415254810635,1.5151515151514996,2557405761.0
2025-10-10,5.29,5.55,5.58,5.27,59810040.0,335407735.0,4.716981132075482,0.25,0.02338699666360844,5.849056603773595,2557405761.0
2025-10-13,5.55,6.11,6.11,5.55,138900832.0,856699134.0,10.090090090090097,0.5600000000000005,0.054313177094622175,10.090090090090099,2557405761.0
2025-10-14,6.21,6.21,6.53,6.19,213004134.0,1373480186.0,1.6366612111292866,0.09999999999999964,0.08328914294644854,5.564648117839605,2557405761.0
2025-10-15,6.24,6.34,6.43,6.21,118441817.0,766997583.0,2.093397745571668,0.1299999999999999,0.04631326745494103,3.5426731078904954,2557405761.0
2025-10-16,6.36,6.28,6.42,6.26,70524525.0,457287541.0,-0.9463722397476282,-0.05999999999999961,0.0275765879922095,2.5236593059936934,2557405761.0
2025-10-17,6.25,6.16,6.34,6.12,70361482.0,447990884.0,-1.9108280254777066,-0.1200000000000001,0.027512834714381484,3.503184713375792,2557405761.0
2025-10-20,6.19,5.96,6.19,5.9,80840758.0,495042882.0,-3.2467532467532534,-0.20000000000000018,0.03161045432555432,4.707792207792208,2557405761.0
2025-10-21,5.99,6.08,6.12,5.92,53551163.0,330741230.0,2.0134228187919545,0.1200000000000001,0.02093964274916639,3.35570469798658,2557405761.0
2025-10-22,6.04,5.97,6.08,5.94,32660177.0,200349508.0,-1.8092105263157965,-0.11000000000000032,0.012770823268666283,2.3026315789473633,2557405761.0
2025-10-23,5.96,5.98,5.99,5.89,28318356.0,172464445.0,0.16750418760469454,0.010000000000000675,0.01107307898959566,1.6750418760469101,2557405761.0
2025-10-24,5.98,5.93,6.0,5.91,32050098.0,195065229.0,-0.8361204013378032,-0.05000000000000071,0.01253226941487288,1.5050167224080242,2557405761.0
2025-10-27,5.95,6.0,6.06,5.89,47236135.0,290389662.0,1.180438448566612,0.07000000000000028,0.018470332600459015,2.866779089376053,2557405761.0
2025-10-28,6.04,5.95,6.06,5.93,34051272.0,208936591.0,-0.8333333333333304,-0.04999999999999982,0.013314770975836556,2.166666666666665,2557405761.0
2025-10-29,5.95,6.04,6.08,5.93,34911447.0,215563946.0,1.5126050420168013,0.08999999999999986,0.01365111768042193,2.5210084033613507,2557405761.0
2025-10-30,6.08,5.96,6.1,5.95,36226707.0,222990295.0,-1.3245033112582738,-0.08000000000000007,0.01416541229102205,2.4834437086092627,2557405761.0
2025-10-31,5.94,5.87,6.0,5.83,45980701.0,279123710.0,-1.5100671140939603,-0.08999999999999986,0.01797943122722167,2.8523489932885893,2557405761.0
2025-11-03,5.89,5.82,5.92,5.77,46819500.0,279244341.0,-0.8517887563884163,-0.04999999999999982,0.01830741946154551,2.555366269165253,2557405761.0
2025-11-04,5.83,5.74,5.87,5.74,35187158.0,208864574.0,-1.3745704467354014,-0.08000000000000007,0.013758926540558459,2.233676975945015,2557405761.0
2025-11-05,5.71,5.78,5.8,5.66,40631805.0,238196656.0,0.6968641114982521,0.040000000000000036,0.015887899221792675,2.4390243902438966,2557405761.0
2025-11-06,5.79,5.82,5.84,5.75,29638717.0,176186065.0,0.6920415224913601,0.040000000000000036,0.01158936819959717,1.5570934256055338,2557405761.0
2025-11-07,5.8,5.79,5.86,5.77,24540057.0,145744625.0,-0.5154639175257825,-0.03000000000000025,0.009595683787935285,1.5463917525773323,2557405761.0
2025-11-10,5.82,5.92,5.98,5.78,45800251.0,276032019.0,2.2452504317789224,0.1299999999999999,0.017908871442477367,3.4542314335060476,2557405761.0
2025-11-11,5.91,5.88,5.95,5.83,32696099.0,197505604.0,-0.6756756756756799,-0.040000000000000036,0.012784869534044974,2.027027027027029,2557405761.0
2025-11-12,5.88,5.93,5.98,5.86,32592980.0,198182912.0,0.8503401360544283,0.04999999999999982,0.01274454781366233,2.040816326530614,2557405761.0
2025-11-13,5.91,5.99,6.01,5.91,39300401.0,240503061.0,1.0118043844856706,0.0600000000000005,0.015367291964116288,1.6863406408094375,2557405761.0
2025-11-14,5.95,5.79,5.99,5.78,38452751.0,231383997.0,-3.3388981636060078,-0.20000000000000018,0.015035842800699783,3.50584307178631,2557405761.0
2025-11-17,5.78,5.72,5.78,5.71,26770802.0,157329581.0,-1.2089810017271163,-0.07000000000000028,0.010467952488514004,1.2089810017271208,2557405761.0
2025-11-18,5.71,5.6,5.72,5.58,26743050.0,154458451.0,-2.0979020979021046,-0.1200000000000001,0.010457100866756044,2.447552447552442,2557405761.0
2025-11-19,5.59,5.55,5.62,5.53,16991591.0,97068494.0,-0.8928571428571397,-0.04999999999999982,0.006644073169427727,1.6071428571428545,2557405761.0
2025-11-20,5.57,5.55,5.59,5.53,16558000.0,94402344.0,0.0,0.0,0.006474529874182136,1.081081081081074,2557405761.0
2025-11-21,5.53,5.41,5.56,5.41,28715147.0,161184246.0,-2.522522522522519,-0.13999999999999968,0.011228232702804175,2.7027027027026933,2557405761.0
2025-11-24,5.43,5.43,5.52,5.4,21875010.0,122728404.0,0.3696857670979492,0.019999999999999574,0.008553593776001508,2.218114602587786,2557405761.0
2025-11-25,5.44,5.48,5.5,5.39,24715672.0,138494891.0,0.9208103130755152,0.05000000000000071,0.009664352984930966,2.02578268876612,2557405761.0
2025-11-26,5.48,5.5,5.55,5.46,24407009.0,137695702.0,0.36496350364962904,0.019999999999999574,0.009543659192531239,1.6423357664233549,2557405761.0
2025-11-27,5.49,5.62,5.68,5.48,32453142.0,186962497.0,2.1818181818181737,0.1200000000000001,0.012689868183963945,3.636363636363624,2557405761.0
2025-11-28,5.61,5.57,5.61,5.51,19626203.0,111839827.0,-0.8896797153024827,-0.04999999999999982,0.007674262449587092,1.7793594306049918,2557405761.0
2025-12-01,5.61,5.76,5.79,5.58,35081690.0,204773381.0,3.411131059245953,0.1899999999999995,0.013717686311257199,3.7701974865350083,2557405761.0
2025-12-02,5.72,5.7,5.75,5.67,17345380.0,101209071.0,-1.041666666666663,-0.05999999999999961,0.006782412186800419,1.3888888888888902,2557405761.0
2025-12-03,5.7,5.73,5.76,5.68,21650572.0,126934071.0,0.5263157894736858,0.03000000000000025,0.008465833748467887,1.4035087719298258,2557405761.0
2025-12-04,5.74,5.77,5.79,5.68,23535894.0,138296962.0,0.698080279232105,0.03999999999999915,0.009203034715459843,1.9197207678883128,2557405761.0
2025-12-05,5.77,5.83,5.84,5.74,22474888.0,133746676.0,1.0398613518197708,0.0600000000000005,0.008788158822013383,1.733102253032923,2557405761.0
2025-12-08,5.83,5.63,5.85,5.62,35318431.0,206362557.0,-3.430531732418529,-0.20000000000000018,0.013810257073241966,3.9451114922812955,2557405761.0
2025-12-09,5.67,5.71,5.85,5.64,34917280.0,206479550.0,1.4209591474245054,0.08000000000000007,0.013653398507379056,3.7300177619893424,2557405761.0
2025-12-10,5.68,5.74,5.8,5.67,21319377.0,125349408.0,0.5253940455341555,0.03000000000000025,0.008336329465240459,2.2767075306479843,2557405761.0
2025-12-11,5.74,5.59,5.74,5.59,21458882.0,124368702.0,-2.6132404181184676,-0.15000000000000036,0.00839087888486226,2.613240418118473,2557405761.0
2025-12-12,5.76,5.79,5.84,5.61,54560219.0,322051132.0,3.5778175313059046,0.20000000000000018,0.02133420508862301,4.114490161001781,2557405761.0
2025-12-15,5.87,5.8,5.97,5.8,51483250.0,310410080.0,0.17271157167528806,0.009999999999999787,0.020131044820931723,2.936096718480137,2557405761.0
2025-12-16,5.74,5.78,5.87,5.72,37870079.0,225334114.0,-0.34482758620688614,-0.019999999999999574,0.014808005666332743,2.5862068965517304,2557405761.0
2025-12-17,5.89,5.84,5.94,5.79,47010327.0,283150608.0,1.038062283737018,0.05999999999999961,0.018382036873811517,2.5951557093425666,2557405761.0
2025-12-18,5.85,5.89,6.0,5.83,41829328.0,253836815.0,0.8561643835616417,0.04999999999999982,0.016356156163362924,2.910958904109588,2557405761.0
2025-12-19,5.88,6.0,6.05,5.82,51380245.0,314830666.0,1.8675721561969505,0.11000000000000032,0.020090767676971696,3.9049235993208753,2557405761.0
2025-12-22,5.97,5.9,6.0,5.88,43134949.0,261817099.0,-1.6666666666666607,-0.09999999999999964,0.016866681720124583,2.0000000000000018,2557405761.0
2025-12-23,5.91,5.93,5.95,5.82,35554954.0,214324450.0,0.5084745762711673,0.02999999999999936,0.013902742592594011,2.2033898305084727,2557405761.0
2025-12-24,5.88,6.04,6.08,5.85,49168005.0,301701932.0,1.8549747048903997,0.11000000000000032,0.01922573482464287,3.8785834738617275,2557405761.0
2025-12-25,6.08,6.03,6.19,5.99,45355709.0,282108019.0,-0.16556291390728006,-0.009999999999999787,0.017735046073511992,3.3112582781456985,2557405761.0
2025-12-26,6.03,6.03,6.06,5.96,29822948.0,183516396.0,0.0,0.0,0.011661406435691532,1.6583747927031451,2557405761.0
2025-12-29,5.97,5.91,6.08,5.91,41111038.0,251381246.0,-1.9900497512437831,-0.1200000000000001,0.01607528950897675,2.8192371475953553,2557405761.0
2025-12-30,5.89,5.87,5.92,5.79,53086040.0,318733126.0,-0.6768189509306244,-0.040000000000000036,0.02075776977183403,2.1996615905245327,2557405761.0
2025-12-31,5.84,5.8,5.87,5.75,36906319.0,219014216.0,-1.1925042589437829,-0.07000000000000028,0.014431168427333895,2.0442930153321996,2557403386.0
2026-01-05,5.76,5.79,5.85,5.74,43051676.0,255461928.0,-0.17241379310344307,-0.009999999999999787,0.016834135840938468,1.8965517241379213,2557403386.0
2026-01-06,5.79,5.79,5.83,5.76,44158436.0,262101231.0,0.0,0.0,0.0172669029226037,1.2089810017271208,2557403386.0
2026-01-07,5.79,5.81,5.91,5.77,45491835.0,272721597.0,0.3454231433505983,0.019999999999999574,0.017788290751875935,2.4179620034542415,2557403386.0
2026-01-08,5.79,5.72,5.79,5.69,46666900.0,273993600.0,-1.5490533562822706,-0.08999999999999986,0.018247766564894977,1.721170395869185,2557403386.0
2026-01-09,5.76,5.89,6.08,5.76,83070082.0,506826963.0,2.9720279720279796,0.16999999999999993,0.032482197550355474,5.5944055944056,2557403386.0
2026-01-12,5.86,5.9,5.93,5.77,65063572.0,388901255.0,0.1697792869270076,0.010000000000000675,0.025441262945133207,2.716468590831921,2557403386.0
2026-01-13,5.88,5.79,5.9,5.78,44796647.0,268020755.0,-1.8644067796610209,-0.11000000000000032,0.0175164572179854,2.0338983050847474,2557403386.0
2026-01-14,5.79,5.76,5.84,5.75,47181766.0,280264794.0,-0.5181347150259086,-0.03000000000000025,0.018449090299280616,1.5544041450777177,2557403386.0
2026-01-15,5.75,5.74,5.78,5.69,34237206.0,201074486.0,-0.3472222222222099,-0.019999999999999574,0.013387487553752695,1.5624999999999976,2557403386.0
2026-01-16,5.74,5.63,5.76,5.6,38172178.0,221155423.0,-1.9163763066202155,-0.11000000000000032,0.014926146656787135,2.7874564459930338,2557403386.0
2026-01-19,5.61,5.71,5.72,5.6,26087936.0,151892943.0,1.4209591474245054,0.08000000000000007,0.010200946844292635,2.131438721136769,2557403386.0
2026-01-20,5.69,5.92,5.97,5.68,68580059.0,410796705.0,3.677758318739044,0.20999999999999996,0.026816285367974407,5.078809106830123,2557403386.0
2026-01-21,5.92,5.8,5.94,5.79,43510160.0,260272364.0,-2.0270270270270285,-0.1200000000000001,0.017013412994675688,2.53378378378379,2557403386.0
2026-01-22,5.8,5.8,5.83,5.77,27641744.0,164304110.0,0.0,0.0,0.010808519356515781,1.0344827586206984,2557403386.0
2026-01-23,5.81,5.81,5.82,5.78,29884773.0,177782729.0,0.17241379310344307,0.009999999999999787,0.011685592176657891,0.6896551724137937,2557403386.0
2026-01-26,5.8,5.78,5.82,5.69,37907640.0,223375540.0,-0.5163511187607495,-0.02999999999999936,0.014822706581025854,2.2375215146299468,2557403386.0
2026-01-27,5.74,5.69,5.78,5.64,29800180.0,173614481.0,-1.557093425605538,-0.08999999999999986,0.011652514485252972,2.4221453287197328,2557403386.0
2026-01-28,5.69,5.68,5.74,5.64,23015404.0,134133083.0,-0.17574692442883233,-0.010000000000000675,0.00899952042215682,1.757469244288234,2557403386.0
2026-01-29,5.67,5.72,5.76,5.65,25458463.0,149083793.0,0.7042253521126751,0.040000000000000036,0.00995480929577529,1.9366197183098492,2557403386.0
2026-01-30,5.72,5.72,5.75,5.62,28357376.0,165258602.0,0.0,0.0,0.011088346936285787,2.272727272727271,2557403386.0
2026-02-02,5.69,5.49,5.74,5.48,48993735.0,280951828.0,-4.020979020979009,-0.22999999999999954,0.019157609342431676,4.545454545454542,2557403386.0
2026-02-03,5.53,5.53,5.57,5.47,28863908.0,163093871.0,0.7285974499089187,0.040000000000000036,0.011286411896539188,1.8214936247723228,2557403386.0
2026-02-04,5.53,5.6,5.61,5.5,23558743.0,134410769.0,1.2658227848101111,0.0699999999999994,0.009211977714961858,1.9891500904159187,2557403386.0
2026-02-05,5.6,5.62,5.67,5.59,24676396.0,142360896.0,0.3571428571428559,0.020000000000000462,0.009649004195069913,1.42857142857143,2557403386.0
2026-02-06,5.6,5.63,5.71,5.57,26440380.0,153404121.0,0.1779359430605032,0.009999999999999787,0.01033876006606648,2.4911032028469693,2557403386.0
2026-02-09,5.66,5.63,5.69,5.58,27843038.0,160252591.0,0.0,0.0,0.010887229661312415,1.9538188277087092,2557403386.0
2026-02-10,5.63,5.63,5.66,5.61,18926896.0,109331719.0,0.0,0.0,0.00740082542457383,0.8880994671403165,2557403386.0
2026-02-11,5.63,5.61,5.71,5.58,28694763.0,166190699.0,-0.3552397868561208,-0.019999999999999574,0.011220272545615532,2.3090586145648295,2557403386.0
2026-02-12,5.61,5.53,5.62,5.51,30296700.0,172300581.0,-1.4260249554367221,-0.08000000000000007,0.011846664537105606,1.9607843137254957,2557403386.0
2026-02-13,5.53,5.45,5.54,5.45,28644740.0,161471023.0,-1.446654611211573,-0.08000000000000007,0.011200712471411422,1.6274864376130171,2557403386.0
2026-02-24,5.49,5.58,5.62,5.48,35081500.0,200515738.0,2.3853211009174258,0.1299999999999999,0.013717624756441142,2.568807339449535,2557403386.0
2026-02-25,5.58,5.62,5.69,5.58,27078220.0,156637508.0,0.7168458781362075,0.040000000000000036,0.010588169292429332,1.9713261648745577,2557403386.0
2026-02-26,5.63,5.57,5.64,5.55,19863227.0,113606665.0,-0.8896797153024827,-0.04999999999999982,0.00776695108356285,1.6014234875444813,2557403386.0
2026-02-27,5.58,5.59,5.63,5.55,19303807.0,110605103.0,0.35906642728904536,0.019999999999999574,0.00754820577218083,1.4362657091561952,2557403386.0
2026-03-02,5.54,5.42,5.55,5.38,52282090.0,291823080.0,-3.0411449016100156,-0.16999999999999993,0.02044342722239596,3.0411449016100165,2557403386.0
2026-03-03,5.43,5.31,5.46,5.3,45415984.0,250202161.0,-2.029520295202958,-0.11000000000000032,0.017758631371421824,2.9520295202952056,2557403386.0
2026-03-04,5.29,5.14,5.32,5.13,46257432.0,247902994.0,-3.2015065913371,-0.16999999999999993,0.01808765572659643,3.5781544256120603,2557403386.0
2026-03-05,5.19,5.13,5.22,5.12,29666597.0,156960291.0,-0.1945525291828787,-0.009999999999999787,0.011600280644971352,1.9455252918287869,2557403386.0
2026-03-06,5.13,5.32,5.34,5.12,36038617.0,194267080.0,3.70370370370372,0.1900000000000004,0.014091878190701668,4.2884990253411255,2557403386.0
2026-03-09,5.27,5.2,5.28,5.16,32724606.0,174612582.0,-2.2556390977443663,-0.1200000000000001,0.012796028260205016,2.2556390977443628,2557403386.0
2026-03-10,5.23,5.23,5.26,5.21,22236387.0,119173759.0,0.5769230769230749,0.03000000000000025,0.00869490793737457,0.9615384615384581,2557403386.0
2026-03-11,5.25,5.27,5.3,5.21,19928119.0,107398625.0,0.7648183556405286,0.03999999999999915,0.0077923252581476015,1.7208413001912017,2557403386.0
2026-03-12,5.27,5.25,5.29,5.23,21468240.0,115603293.0,-0.3795066413662118,-0.019999999999999574,0.008394545857538018,1.1385199240986643,2557403386.0
2026-03-13,5.27,5.25,5.32,5.23,18808977.0,101729748.0,0.0,0.0,0.007354716546856093,1.7142857142857115,2557403386.0
2026-03-16,5.25,5.23,5.29,5.21,18538987.0,99637998.0,-0.3809523809523707,-0.019999999999999574,0.007249144621254521,1.5238095238095253,2557403386.0
2026-03-17,5.26,5.23,5.28,5.21,15928116.0,85638193.0,0.0,0.0,0.006228237628524044,1.3384321223709421,2557403386.0
2026-03-18,5.22,5.18,5.23,5.15,20906943.0,110954011.0,-0.9560229445506829,-0.05000000000000071,0.008175066598586259,1.5296367112810718,2557403386.0
2026-03-19,5.15,5.08,5.17,5.05,26928882.0,140651695.0,-1.9305019305019266,-0.09999999999999964,0.010529774906616942,2.316602316602319,2557403386.0
2026-03-20,5.06,5.07,5.16,5.06,23183109.0,121575399.0,-0.19685039370078705,-0.009999999999999787,0.009065096701956115,1.9685039370078843,2557403386.0
2026-03-23,4.98,4.79,4.98,4.73,38210273.0,189990650.0,-5.522682445759375,-0.28000000000000025,0.014941042625177786,4.930966469428007,2557403386.0
2026-03-24,4.86,4.86,4.88,4.78,19172039.0,95076557.0,1.4613778705636848,0.07000000000000028,0.007496681636128873,2.087682672233813,2557403386.0
2026-03-25,4.87,4.95,4.98,4.86,23317074.0,118068506.0,1.8518518518518379,0.08999999999999986,0.009117479912494337,2.469135802469138,2557403386.0
2026-03-26,4.96,4.96,5.0,4.93,18005222.0,91699788.0,0.20202020202020332,0.009999999999999787,0.007040430969383255,1.4141414141414197,2557403386.0
2026-03-27,4.91,4.98,5.0,4.9,15171768.0,77208683.0,0.40322580645162365,0.020000000000000462,0.005932489212712726,2.0161290322580574,2557403386.0
2026-03-30,4.93,4.99,5.0,4.9,16910171.0,85931484.0,0.20080321285140812,0.009999999999999787,0.0066122423597979865,2.0080321285140488,2557403386.0
2026-03-31,4.98,4.98,5.06,4.98,19311870.0,99206645.0,-0.2004008016032066,-0.009999999999999787,0.007551358579455638,1.603206412825635,2557403386.0
2026-04-01,5.02,5.01,5.04,4.98,13938800.0,71573787.0,0.6024096385542022,0.02999999999999936,0.005450372075170155,1.2048192771084258,2557403386.0
2026-04-02,5.01,4.97,5.02,4.92,14576320.0,74188031.0,-0.7984031936127733,-0.040000000000000036,0.005699656174616483,1.9960079840319291,2557403386.0
2026-04-03,4.97,4.85,4.98,4.84,14720429.0,73591918.0,-2.4144869215291798,-0.1200000000000001,0.005756005908408537,2.8169014084507156,2557403386.0
2026-04-07,4.87,4.94,4.96,4.85,15470440.0,78057984.0,1.8556701030927991,0.09000000000000075,0.006049276420251052,2.268041237113409,2557403386.0
2026-04-08,5.0,5.04,5.05,4.99,20607468.0,106317099.0,2.0242914979756943,0.09999999999999964,0.008057965400691779,1.214574898785417,2557403386.0
2026-04-09,5.02,4.97,5.03,4.96,14525722.0,74269351.0,-1.388888888888895,-0.07000000000000028,0.005679871262984243,1.3888888888888946,2557403386.0
2026-04-10,5.42,5.27,5.46,5.26,130602165.0,722931545.0,6.036217303822933,0.2999999999999998,0.05106826936843666,4.024144869215295,2557403386.0
2026-04-13,5.16,5.27,5.35,5.12,85142545.0,456395797.0,0.0,0.0,0.033292575377860234,4.364326375711566,2557403386.0
2026-04-14,5.25,5.23,5.34,5.15,45397215.0,242134006.0,-0.7590132827324347,-0.03999999999999915,0.01775129228674604,3.6053130929791175,2557403386.0
2026-04-15,5.27,5.27,5.35,5.24,38738415.0,209535251.0,0.7648183556405286,0.03999999999999915,0.015147557562512745,2.103250478011461,2557403386.0
2026-04-16,5.26,5.27,5.33,5.24,40638980.0,219525118.0,0.0,0.0,0.015890719556590122,1.707779886148005,2557403386.0
2026-04-17,5.25,5.17,5.27,5.16,36857665.0,196509706.0,-1.8975332068311146,-0.09999999999999964,0.014412143661719544,2.087286527514221,2557403386.0
2026-04-20,5.17,5.19,5.21,5.13,24112402.0,128201751.0,0.3868471953578423,0.020000000000000462,0.009428470350824818,1.547388781431336,2557403386.0
2026-04-21,5.19,5.27,5.31,5.19,33141603.0,178683215.0,1.541425818882458,0.07999999999999918,0.012959083100236421,2.312138728323684,2557403386.0
2026-04-22,5.26,5.26,5.3,5.24,30406834.0,164216678.0,-0.1897533206831059,-0.009999999999999787,0.011889729311557266,1.1385199240986643,2557403386.0
2026-04-23,5.25,5.3,5.36,5.21,44006191.0,238514011.0,0.7604562737642651,0.040000000000000036,0.017207371836959005,2.8517110266159764,2557403386.0
2026-04-24,5.27,5.25,5.32,5.22,30753700.0,165844762.0,-0.9433962264150941,-0.04999999999999982,0.01202536141476744,1.8867924528301987,2557403386.0
2026-04-27,5.25,5.22,5.31,5.21,23246985.0,124994788.0,-0.5714285714285783,-0.03000000000000025,0.0090900735985809,1.904761904761898,2557403386.0
2026-04-28,5.22,5.22,5.25,5.15,20513900.0,109357916.0,0.0,0.0,0.008021378290299957,1.9157088122605297,2557403386.0
2026-04-29,5.18,5.32,5.35,5.18,38166680.0,207457038.0,1.9157088122605526,0.10000000000000053,0.014923996819952596,3.256704980842911,2557403386.0
2026-04-30,5.32,5.37,5.39,5.29,36052351.0,198035440.0,0.9398496240601517,0.04999999999999982,0.014097248481550263,1.879699248120294,2557403386.0
2026-05-06,5.38,5.4,5.41,5.33,42688953.0,234890377.0,0.5586592178770999,0.03000000000000025,0.016692303307992883,1.4897579143389212,2557403386.0
2026-05-07,5.41,5.33,5.46,5.3,33935700.0,186153226.0,-1.2962962962963065,-0.07000000000000028,0.013269592190959897,2.9629629629629655,2557403386.0
2026-05-08,5.35,5.29,5.35,5.29,19369969.0,105366715.0,-0.7504690431519689,-0.040000000000000036,0.00757407654421554,1.1257035647279476,2557403386.0
2026-05-11,5.31,5.22,5.32,5.2,30316122.0,162701271.0,-1.3232514177693777,-0.07000000000000028,0.011854258958895428,2.268431001890361,2557403386.0
2026-05-12,5.23,5.18,5.23,5.16,19117193.0,101633306.0,-0.7662835249042099,-0.040000000000000036,0.007475235664679768,1.340996168582381,2557403386.0
2026-05-13,5.17,5.16,5.2,5.12,21343560.0,112753642.0,-0.3861003861003742,-0.019999999999999574,0.008345793282687083,1.5444015444015458,2557403386.0
2026-05-14,5.19,5.13,5.21,5.12,19971400.0,105545149.0,-0.5813953488372103,-0.03000000000000025,0.007809249064629181,1.744186046511625,2557403386.0
2026-05-15,5.12,5.06,5.13,5.02,24220034.0,125713659.0,-1.3645224171540016,-0.07000000000000028,0.009470556789197901,2.1442495126705716,2557403386.0
2026-05-18,5.06,5.0,5.06,4.96,19248445.0,98718307.0,-1.1857707509881354,-0.05999999999999961,0.007526558033578829,1.9762845849802302,2557403386.0
2026-05-19,4.99,5.02,5.04,4.98,13547607.0,69617314.0,0.40000000000000036,0.019999999999999574,0.005297407156870011,1.1999999999999922,2557403386.0
2026-05-20,5.04,5.03,5.07,4.97,22572842.0,115873235.0,0.19920318725101804,0.010000000000000675,0.008826469114559934,1.9920318725099708,2557403386.0
2026-05-21,5.02,4.93,5.07,4.92,22108000.0,113039593.0,-1.988071570576555,-0.10000000000000053,0.008644705845400018,2.982107355864818,2557403386.0
2026-05-22,4.94,4.91,4.97,4.89,19477164.0,98122422.0,-0.40567951318457585,-0.019999999999999574,0.007615992106143243,1.622718052738338,2557403386.0
2026-05-25,4.9,4.9,4.93,4.84,16748877.0,83743334.0,-0.20366598778003286,-0.009999999999999787,0.006549172919566941,1.8329938900203637,2557403386.0
2026-05-26,4.89,4.87,4.92,4.86,19784108.0,99109665.0,-0.612244897959191,-0.03000000000000025,0.007736013844473732,1.2244897959183594,2557403386.0
2026-05-27,4.89,4.86,4.92,4.8,22370216.0,111144577.0,-0.2053388090349051,-0.009999999999999787,0.00874723796897327,2.4640657084188935,2557403386.0
2026-05-28,4.85,4.92,5.01,4.84,27086992.0,137100064.0,1.2345679012345512,0.05999999999999961,0.010591599334028565,3.4979423868312742,2557403386.0
2026-05-29,4.92,4.91,4.96,4.89,25607800.0,129011302.0,-0.20325203252031798,-0.009999999999999787,0.010013203290566066,1.4227642276422823,2557403386.0
2026-06-01,4.9,4.97,4.98,4.84,31089874.0,156358047.0,1.2219959266802416,0.05999999999999961,0.012156812714879232,2.851323828920582,2557403386.0
2026-06-02,4.96,4.92,4.99,4.92,18954840.0,96149200.0,-1.0060362173038184,-0.04999999999999982,0.007411752132559349,1.4084507042253578,2557403386.0
2026-06-03,4.9,4.84,4.92,4.84,24880680.0,124017552.0,-1.6260162601625994,-0.08000000000000007,0.009728883654492823,1.6260162601626031,2557403386.0
2026-06-04,4.85,4.79,4.87,4.72,25251300.0,123723070.0,-1.0330578512396604,-0.04999999999999982,0.009873804085125271,3.0991735537190155,2557403386.0
2026-06-05,4.85,4.83,4.9,4.77,23797016.0,114682645.0,0.8350730688935215,0.040000000000000036,0.009305147608027762,2.713987473903983,2557403386.0
2026-06-08,4.78,4.7,4.8,4.65,22770743.0,107460171.0,-2.6915113871635588,-0.1299999999999999,0.008903852683019792,3.1055900621117902,2557403386.0
2026-06-09,4.7,4.56,4.71,4.5,26131320.0,119890409.0,-2.9787234042553346,-0.14000000000000057,0.010217910926000471,4.468085106382977,2557403386.0
2026-06-10,4.53,4.63,4.64,4.52,21231440.0,97448691.0,1.5350877192982448,0.07000000000000028,0.008301951939309741,2.631578947368424,2557403386.0
2026-06-11,4.63,4.49,4.63,4.46,22585036.0,102014424.0,-3.0237580993520474,-0.13999999999999968,0.008831237232122754,3.6717062634989186,2557403386.0
2026-06-12,4.53,4.6,4.6,4.45,32894505.0,149612599.0,2.4498886414253684,0.10999999999999943,0.012862462441425734,3.3407572383073374,2557403386.0
2026-06-15,4.6,4.51,4.68,4.45,40414730.0,183099550.0,-1.9565217391304346,-0.08999999999999986,0.0158030329596193,4.99999999999999,2557403386.0
2026-06-16,4.49,4.42,4.49,4.38,31615988.0,139934485.0,-1.9955654101995512,-0.08999999999999986,0.012362716784701584,2.43902439024391,2557365711.0
2026-06-17,4.41,4.36,4.41,4.3,26771906.0,116520847.0,-1.3574660633484115,-0.05999999999999961,0.010468548117637602,2.488687782805437,2557365711.0
2026-06-18,4.51,4.48,4.58,4.42,36736380.0,164570323.0,2.752293577981657,0.1200000000000001,0.014364930225655943,3.6697247706422047,2557365711.0
2026-06-22,4.47,4.48,4.49,4.32,36204742.0,158775238.0,0.0,0.0,0.014157045214250158,3.7946428571428554,2557365711.0
2026-06-23,4.45,4.52,4.58,4.45,28701703.0,129671119.0,0.8928571428571175,0.03999999999999915,0.011223151572160889,2.9017857142857117,2557365711.0
