date,open,close,high,low,volume,amount,pct_chg,change,turnover,amplitude,outstanding_share
2023-06-26,6.38,6.27,6.38,6.25,2191270.0,13826907.0,,,0.007483636889130897,,292808167.0
2023-06-27,6.28,6.65,6.66,6.28,4925100.0,32214641.0,6.060606060606077,0.3800000000000008,0.016820227558748388,6.06060606060606,292808167.0
2023-06-28,6.64,6.6,6.74,6.51,2718400.0,17904594.0,-0.7518796992481258,-0.05000000000000071,0.00928389405203988,3.4586466165413596,292808167.0
2023-06-29,6.65,6.53,6.65,6.51,1530200.0,10039440.0,-1.0606060606060508,-0.0699999999999994,0.005225947130088076,2.12121212121213,292808167.0
2023-06-30,6.74,6.77,7.1,6.65,10129192.0,69077204.0,3.6753445635528292,0.23999999999999932,0.03459309380227788,6.891271056661551,292809659.0
2023-07-03,6.82,6.86,6.88,6.73,6255800.0,42687830.0,1.3293943870014813,0.09000000000000075,0.021364732370389463,2.215657311669121,292809659.0
2023-07-04,6.95,6.94,6.98,6.86,3296800.0,22808776.0,1.1661807580174877,0.08000000000000007,0.011259191418955206,1.7492711370262406,292809659.0
2023-07-05,6.91,6.79,6.99,6.79,3658662.0,25116372.0,-2.1613832853025983,-0.15000000000000036,0.012495018137362743,2.8818443804034604,292809659.0
2023-07-06,6.79,6.73,6.81,6.71,1829700.0,12334814.0,-0.8836524300441795,-0.05999999999999961,0.006248769273010902,1.4727540500736325,292809659.0
2023-07-07,6.74,6.75,6.8,6.7,2110500.0,14237038.0,0.2971768202080227,0.019999999999999574,0.00720775403109226,1.4858841010401134,292809659.0
2023-07-10,6.95,7.02,7.04,6.88,5811139.0,40528224.0,4.0000000000000036,0.2699999999999996,0.019846131510299667,2.3703703703703725,292809659.0
2023-07-11,7.06,7.16,7.18,7.04,4145808.0,29613209.0,1.9943019943019946,0.14000000000000057,0.014158713254742734,1.9943019943019897,292809659.0
2023-07-12,7.15,7.0,7.22,6.98,3545425.0,25143310.0,-2.2346368715083775,-0.16000000000000014,0.012108292506839742,3.35195530726256,292809659.0
2023-07-13,7.07,7.05,7.12,7.01,2567055.0,18120489.0,0.7142857142857117,0.04999999999999982,0.008766975135885117,1.571428571428576,292809659.0
2023-07-14,7.06,6.98,7.11,6.96,2551288.0,17927369.0,-0.99290780141843,-0.0699999999999994,0.008713127868503819,2.1276595744680904,292809659.0
2023-07-17,6.95,7.06,7.11,6.9,2800500.0,19625457.0,1.1461318051575908,0.07999999999999918,0.009564233671676794,3.0085959885386813,292809659.0
2023-07-18,7.07,7.21,7.23,6.98,2875146.0,20508690.0,2.1246458923512845,0.15000000000000036,0.009819163786533422,3.5410764872521248,292809659.0
2023-07-19,7.18,7.23,7.26,7.14,1897921.0,13687908.0,0.277392510402219,0.020000000000000462,0.006481756805707014,1.664355062413316,292809659.0
2023-07-20,7.25,7.2,7.32,7.18,2342148.0,16984329.0,-0.4149377593360981,-0.03000000000000025,0.007998875474254761,1.9363762102351392,292809659.0
2023-07-21,7.23,7.24,7.3,7.15,2324443.0,16809079.0,0.5555555555555536,0.040000000000000036,0.007938409572752516,2.083333333333326,292809659.0
2023-07-24,7.25,7.21,7.28,7.15,2416474.0,17409216.0,-0.4143646408839796,-0.03000000000000025,0.00825271272898822,1.7955801104972362,292809659.0
2023-07-25,7.22,7.5,7.51,7.22,4237913.0,31532393.0,4.022191400832176,0.29000000000000004,0.01447326913488192,4.0221914008321775,292809659.0
2023-07-26,7.51,7.6,7.65,7.48,5829629.0,44213859.0,1.3333333333333197,0.09999999999999964,0.019909278334291562,2.2666666666666657,292809659.0
2023-07-27,7.54,7.57,7.69,7.51,4407967.0,33506291.0,-0.39473684210525883,-0.02999999999999936,0.015054035495461575,2.368421052631587,292809659.0
2023-07-28,7.56,7.67,7.73,7.52,5298274.0,40607820.0,1.3210039630118908,0.09999999999999964,0.0180946011757078,2.7741083223249783,292809659.0
2023-07-31,7.79,7.61,7.79,7.58,8449249.0,64705213.0,-0.782268578878742,-0.05999999999999961,0.028855772821346718,2.737940026075619,292809659.0
2023-08-01,7.63,7.51,7.66,7.48,8465445.0,64060430.0,-1.3140604467805628,-0.10000000000000053,0.02891108520433064,2.36530880420499,292809659.0
2023-08-02,7.58,7.45,7.62,7.4,9213500.0,68972903.0,-0.7989347536617841,-0.05999999999999961,0.03146583357757334,2.929427430093206,292809659.0
2023-08-03,7.46,7.43,7.51,7.28,9053774.0,66737475.0,-0.26845637583893245,-0.020000000000000462,0.030920339277468987,3.0872483221476448,292809659.0
2023-08-04,7.49,7.22,7.56,7.19,5541200.0,40535746.0,-2.826379542395696,-0.20999999999999996,0.018924239107836263,4.979811574697163,292809659.0
2023-08-07,7.26,7.14,7.29,7.12,6576500.0,47273646.0,-1.1080332409972304,-0.08000000000000007,0.022459983125078534,2.3545706371191124,292809659.0
2023-08-08,7.17,7.09,7.19,7.05,3948900.0,28047538.0,-0.7002801120448154,-0.04999999999999982,0.013486235438701836,1.960784313725498,292809659.0
2023-08-09,7.11,7.04,7.14,7.02,2663218.0,18812237.0,-0.7052186177715081,-0.04999999999999982,0.00909538984846125,1.6925246826516236,292809659.0
2023-08-10,7.05,7.02,7.1,6.95,4261408.0,29845797.0,-0.28409090909091717,-0.020000000000000462,0.014553508974237767,2.130681818181811,292809659.0
2023-08-11,7.01,6.93,7.09,6.91,4940500.0,34575108.0,-1.2820512820512775,-0.08999999999999986,0.016872735745373756,2.5641025641025603,292809659.0
2023-08-14,6.92,6.95,7.01,6.84,5085733.0,35227491.0,0.28860028860029363,0.020000000000000462,0.01736873372746218,2.4531024531024523,292809659.0
2023-08-15,6.94,6.84,6.99,6.8,2911800.0,19987854.0,-1.5827338129496438,-0.11000000000000032,0.009944344083266735,2.733812949640293,292809659.0
2023-08-16,6.85,6.88,7.0,6.78,2923105.0,20151509.0,0.5847953216374213,0.040000000000000036,0.009982952782305586,3.2163742690058443,292809659.0
2023-08-17,6.92,6.93,6.95,6.78,4628401.0,31693808.0,0.7267441860465018,0.04999999999999982,0.015806859021682752,2.470930232558138,292809659.0
2023-08-18,6.93,6.76,6.98,6.75,3660100.0,25045654.0,-2.4531024531024515,-0.16999999999999993,0.012499929177541237,3.3189033189033252,292809659.0
2023-08-21,6.77,6.83,6.92,6.73,7238000.0,49634197.0,1.0355029585798814,0.07000000000000028,0.02471912991094327,2.8106508875739573,292809659.0
2023-08-22,6.83,6.72,6.9,6.64,4610900.0,31040018.0,-1.6105417276720435,-0.11000000000000032,0.015747089818509027,3.8067349926793654,292809659.0
2023-08-23,6.72,6.51,6.77,6.49,7190700.0,47270435.0,-3.125,-0.20999999999999996,0.02455759152398726,4.166666666666657,292809659.0
2023-08-24,6.5,6.44,6.62,6.41,4925942.0,31835017.0,-1.075268817204289,-0.0699999999999994,0.016823017440145305,3.2258064516129026,292809659.0
2023-08-25,6.41,6.4,6.56,6.36,4804300.0,30916185.0,-0.6211180124223614,-0.040000000000000036,0.01640758715544968,3.1055900621117902,292809659.0
2023-08-28,6.63,6.63,6.87,6.56,6548172.0,43868463.0,3.5937499999999956,0.22999999999999954,0.022363237682674942,4.843750000000008,292809659.0
2023-08-29,6.72,6.75,6.81,6.6,7020272.0,47170573.0,1.8099547511312153,0.1200000000000001,0.02397554788313865,3.167420814479638,292809659.0
2023-08-30,6.75,6.71,6.81,6.61,4494472.0,30263430.0,-0.592592592592589,-0.040000000000000036,0.015349466323445294,2.962962962962952,292809659.0
2023-08-31,6.7,6.61,6.99,6.53,10455838.0,69965709.0,-1.4903129657227954,-0.09999999999999964,0.0357086512641306,6.855439642324888,292809659.0
2023-09-01,6.75,6.77,6.96,6.62,12977640.0,87994683.0,2.4205748865355314,0.15999999999999925,0.044321078902660106,5.143721633888046,292809659.0
2023-09-04,6.89,7.45,7.45,6.89,23997367.0,174460571.0,10.044313146233396,0.6800000000000006,0.08195551704802197,8.271787296898088,292809659.0
2023-09-05,7.43,7.68,8.19,7.25,63038165.0,481297773.0,3.08724832214764,0.22999999999999954,0.2152871773946501,12.617449664429522,292809659.0
2023-09-06,7.82,7.36,7.91,7.34,50888070.0,383904427.0,-4.1666666666666625,-0.3199999999999994,0.1737923201502038,7.421875000000004,292809659.0
2023-09-07,7.43,7.13,7.77,7.12,40915036.0,303264821.0,-3.125000000000011,-0.23000000000000043,0.13973253525765691,8.831521739130427,292809659.0
2023-09-08,7.17,6.92,7.29,6.8,25611115.0,179108901.0,-2.9453015427770013,-0.20999999999999996,0.08746676966691184,6.872370266479666,292809659.0
2023-09-11,6.83,6.66,6.94,6.6,18333725.0,122792138.0,-3.7572254335260125,-0.2599999999999998,0.06261311550518216,4.913294797687872,292809659.0
2023-09-12,6.68,6.62,6.7,6.55,9767039.0,64604002.0,-0.6006006006005982,-0.040000000000000036,0.03335627326419584,2.2522522522522577,292809659.0
2023-09-13,6.6,6.5,6.62,6.46,9001185.0,58698771.0,-1.812688821752273,-0.1200000000000001,0.03074073796178971,2.4169184290030232,292809659.0
2023-09-14,6.52,6.49,6.54,6.46,5363399.0,34833217.0,-0.15384615384614886,-0.009999999999999787,0.018317015286712247,1.2307692307692317,292809659.0
2023-09-15,6.5,6.52,6.61,6.48,6574095.0,43003291.0,0.46224961479197635,0.02999999999999936,0.02245176959821534,2.0030816640986115,292809659.0
2023-09-18,6.55,6.64,6.67,6.45,9088733.0,60032386.0,1.8404907975460238,0.1200000000000001,0.031039730830737383,3.3742331288343523,292809659.0
2023-09-19,6.63,6.64,6.68,6.59,6123389.0,40633961.0,0.0,0.0,0.02091252392736129,1.355421686746986,292809659.0
2023-09-20,6.62,6.68,6.85,6.6,8910367.0,60013295.0,0.6024096385542244,0.040000000000000036,0.030430577428458398,3.7650602409638556,292809659.0
2023-09-21,6.65,6.73,6.79,6.64,5346182.0,35967460.0,0.7485029940119903,0.05000000000000071,0.018258215996897833,2.2455089820359335,292809659.0
2023-09-22,6.7,6.77,6.77,6.64,4780249.0,32104329.0,0.5943536404160454,0.03999999999999915,0.016325448471629825,1.9316493313521528,292809659.0
2023-09-25,6.75,6.67,6.8,6.65,4417648.0,29694513.0,-1.477104874446078,-0.09999999999999964,0.015087097929375341,2.215657311669121,292809659.0
2023-09-26,6.67,6.62,6.72,6.6,4379200.0,29148015.0,-0.7496251874062887,-0.04999999999999982,0.01495579078557651,1.799100449775114,292809659.0
2023-09-27,6.64,6.59,6.69,6.55,3900600.0,25879347.0,-0.45317220543806824,-0.03000000000000025,0.01332128186386092,2.114803625377652,292809659.0
2023-09-28,6.59,6.68,6.69,6.58,4319900.0,28732512.0,1.365705614567525,0.08999999999999986,0.014753142267499192,1.6691957511380928,292812197.0
2023-10-09,6.66,6.53,6.73,6.5,7046700.0,46160806.0,-2.2455089820359153,-0.14999999999999947,0.024065595874068046,3.443113772455096,292812197.0
2023-10-10,6.57,6.51,6.62,6.46,4052190.0,26436223.0,-0.3062787136294043,-0.020000000000000462,0.0138388702435097,2.450229709035224,292812197.0
2023-10-11,6.57,6.51,6.58,6.46,3630570.0,23709749.0,0.0,0.0,0.012398971208156332,1.8433179723502322,292812197.0
2023-10-12,6.52,6.49,6.55,6.41,4197428.0,27144347.0,-0.3072196620583667,-0.019999999999999574,0.014334881002241857,2.1505376344085976,292812197.0
2023-10-13,6.48,6.31,6.48,6.3,6339300.0,40245882.0,-2.773497688751936,-0.1800000000000006,0.021649712904548167,2.773497688751935,292812197.0
2023-10-16,6.32,6.36,6.4,6.29,4212570.0,26696938.0,0.7923930269413848,0.05000000000000071,0.014386593328965733,1.7432646592710037,292812197.0
2023-10-17,6.36,6.34,6.4,6.28,3608600.0,22826280.0,-0.3144654088050425,-0.020000000000000462,0.01232394018067492,1.8867924528301903,292812197.0
2023-10-18,6.36,6.34,6.36,6.16,4197600.0,26087128.0,0.0,0.0,0.014335468409466564,3.154574132492116,292812197.0
2023-10-19,6.24,6.09,6.24,6.04,6696598.0,41033099.0,-3.9432176656151396,-0.25,0.02286994212881098,3.154574132492116,292812197.0
2023-10-20,6.06,6.14,6.21,6.04,4786244.0,29423825.0,0.8210180623973606,0.04999999999999982,0.016345780841909397,2.791461412151066,292812197.0
2023-10-23,6.07,5.96,6.14,5.9,5352589.0,32139798.0,-2.931596091205202,-0.17999999999999972,0.01827993865979565,3.908794788273605,292812197.0
2023-10-24,6.01,6.16,6.2,5.98,4328878.0,26461128.0,3.3557046979865834,0.20000000000000018,0.01478380355856556,3.691275167785231,292812197.0
2023-10-25,6.21,6.27,6.32,6.19,4587100.0,28768612.0,1.7857142857142794,0.10999999999999943,0.015665672560764263,2.1103896103896087,292812197.0
2023-10-26,6.22,6.24,6.3,6.16,4334845.0,26920901.0,-0.4784688995215225,-0.02999999999999936,0.014804181808041281,2.232854864433807,292812197.0
2023-10-27,6.21,6.42,6.43,6.16,5307854.0,33711604.0,2.8846153846153744,0.17999999999999972,0.018127161553997698,4.3269230769230695,292812197.0
2023-10-30,6.42,6.46,6.49,6.36,4300258.0,27727732.0,0.6230529595015577,0.040000000000000036,0.014686061728501017,2.024922118380061,292812197.0
2023-10-31,6.46,6.48,6.52,6.38,3425293.0,22104285.0,0.3095975232198178,0.020000000000000462,0.011697917761260472,2.167182662538695,292812197.0
2023-11-01,6.48,6.51,6.55,6.44,3939325.0,25607861.0,0.4629629629629539,0.02999999999999936,0.013453418403878852,1.6975308641975222,292812197.0
2023-11-02,6.51,6.51,6.55,6.44,4162500.0,27045795.0,0.0,0.0,0.014215596353727027,1.689708141321036,292812197.0
2023-11-03,6.5,6.53,6.57,6.47,3496400.0,22837957.0,0.3072196620583778,0.020000000000000462,0.011940759421302386,1.5360983102918668,292812197.0
2023-11-06,6.57,6.55,6.59,6.47,3662686.0,23905535.0,0.3062787136294043,0.019999999999999574,0.012508652431578867,1.8376722817764182,292812197.0
2023-11-07,6.55,6.53,6.57,6.46,3664934.0,23877902.0,-0.3053435114503733,-0.019999999999999574,0.01251632970739945,1.6793893129771043,292812197.0
2023-11-08,6.53,6.55,6.6,6.49,4058587.0,26602317.0,0.3062787136294043,0.019999999999999574,0.013860717011047187,1.6845329249617063,292812197.0
2023-11-09,6.55,6.56,6.65,6.54,3966490.0,26112638.0,0.15267175572519776,0.009999999999999787,0.013546191178641373,1.6793893129771043,292812197.0
2023-11-10,6.64,6.58,6.67,6.51,3441768.0,22621389.0,0.3048780487804992,0.020000000000000462,0.011754182493975822,2.4390243902439046,292812197.0
2023-11-13,6.61,6.66,6.67,6.59,3584200.0,23771001.0,1.2158054711246313,0.08000000000000007,0.012240610318565385,1.2158054711246211,292812197.0
2023-11-14,6.69,6.69,6.74,6.66,2869000.0,19237483.0,0.45045045045044585,0.03000000000000025,0.009798089114436718,1.2012012012012023,292812197.0
2023-11-15,6.75,6.76,6.82,6.71,3251273.0,21995956.0,1.0463378176382543,0.0699999999999994,0.011103611916821894,1.6442451420029942,292812197.0
2023-11-16,6.75,6.71,6.78,6.68,2888405.0,19455668.0,-0.7396449704141994,-0.04999999999999982,0.009864360260921782,1.4792899408284104,292812197.0
2023-11-17,6.7,6.73,6.75,6.68,2398500.0,16102052.0,0.29806259314457684,0.020000000000000462,0.008191257142201628,1.0432190760059654,292812197.0
2023-11-20,6.72,6.8,6.81,6.69,3070900.0,20754332.0,1.0401188707280795,0.0699999999999994,0.010487609571810289,1.7830609212481308,292812197.0
2023-11-21,6.83,6.88,7.0,6.81,4608000.0,31899465.0,1.17647058823529,0.08000000000000007,0.015737049368882677,2.794117647058829,292812197.0
2023-11-22,6.85,6.83,6.96,6.82,4004261.0,27508376.0,-0.7267441860465129,-0.04999999999999982,0.013675185122155277,2.0348837209302277,292812197.0
2023-11-23,6.87,6.94,6.95,6.81,2514000.0,17312192.0,1.6105417276720324,0.11000000000000032,0.008585707923908647,2.0497803806735075,292812197.0
2023-11-24,6.92,6.88,6.95,6.84,2195649.0,15122372.0,-0.8645533141210415,-0.0600000000000005,0.007498488869300755,1.5850144092219065,292812197.0
2023-11-27,6.85,6.75,6.86,6.72,6090593.0,41170606.0,-1.8895348837209336,-0.1299999999999999,0.0208003391334139,2.0348837209302406,292812197.0
2023-11-28,6.75,6.83,6.85,6.75,4457100.0,30358400.0,1.185185185185178,0.08000000000000007,0.015221701983951168,1.481481481481476,292812197.0
2023-11-29,6.86,6.77,6.89,6.74,3995800.0,27168221.0,-0.8784773060029338,-0.0600000000000005,0.01364628946792131,2.1961932650073126,292812197.0
2023-11-30,6.77,6.73,6.82,6.67,3468445.0,23308716.0,-0.5908419497784201,-0.03999999999999915,0.011845288671496153,2.215657311669134,292812197.0
2023-12-01,6.73,6.71,6.77,6.65,4449500.0,29869190.0,-0.2971768202080338,-0.020000000000000462,0.015195746780999017,1.7830609212481308,292812197.0
2023-12-04,6.77,6.74,6.78,6.66,4077700.0,27343036.0,0.44709388971684305,0.03000000000000025,0.013925990931313562,1.7883755588673638,292812197.0
2023-12-05,6.71,6.67,6.75,6.66,3039000.0,20389542.0,-1.0385756676557945,-0.07000000000000028,0.010378666022576921,1.3353115727002947,292812197.0
2023-12-06,6.68,6.75,6.79,6.66,3726093.0,25135067.0,1.1994002998500841,0.08000000000000007,0.012725197372840313,1.9490254872563704,292812197.0
2023-12-07,6.74,6.69,6.79,6.67,3191970.0,21399822.0,-0.8888888888888835,-0.05999999999999961,0.01090108278515461,1.7777777777777795,292812197.0
2023-12-08,6.74,6.5,6.78,6.49,5081400.0,33504565.0,-2.840059790732441,-0.1900000000000004,0.017353785300138983,4.334828101644246,292812197.0
2023-12-11,6.46,6.49,6.55,6.4,5794624.0,37582982.0,-0.15384615384614886,-0.009999999999999787,0.01978955815150009,2.3076923076922995,292812197.0
2023-12-12,6.48,6.64,6.65,6.47,3646300.0,23943904.0,2.311248073959926,0.14999999999999947,0.012452691647950717,2.773497688751935,292812197.0
2023-12-13,6.64,6.57,6.66,6.52,3407400.0,22467951.0,-1.0542168674698704,-0.0699999999999994,0.011636810334099574,2.1084337349397675,292812197.0
2023-12-14,6.63,6.59,6.71,6.57,3365100.0,22323817.0,0.3044140030441289,0.019999999999999574,0.011492349138721158,2.130898021308975,292812197.0
2023-12-15,6.6,6.68,6.73,6.58,3515600.0,23463554.0,1.365705614567525,0.08999999999999986,0.012006330460339396,2.2761760242792164,292812197.0
2023-12-18,6.68,6.55,6.69,6.52,3468200.0,22873366.0,-1.9461077844311392,-0.1299999999999999,0.011844451957716775,2.544910179640731,292812197.0
2023-12-19,6.58,6.53,6.6,6.48,2383500.0,15548613.0,-0.3053435114503733,-0.019999999999999574,0.008140029767953963,1.8320610687022783,292812197.0
2023-12-20,6.53,6.53,6.62,6.5,3758600.0,24644568.0,0.0,0.0,0.012836213923151568,1.8376722817764182,292812197.0
2023-12-21,6.5,6.66,6.69,6.47,4214100.0,27798085.0,1.9908116385911168,0.1299999999999999,0.014391818521138995,3.36906584992344,292812197.0
2023-12-22,6.66,6.56,6.75,6.5,4162800.0,27566460.0,-1.501501501501512,-0.10000000000000053,0.014216620901211981,3.7537537537537538,292812197.0
2023-12-25,6.56,6.33,6.58,6.31,5292400.0,33713790.0,-3.5060975609756073,-0.22999999999999954,0.01807438369788947,4.115853658536593,292812197.0
2023-12-26,6.36,6.3,6.42,6.29,3552500.0,22505167.0,-0.4739336492891044,-0.03000000000000025,0.012132349800988653,2.053712480252763,292812197.0
2023-12-27,6.3,6.36,6.39,6.27,2725000.0,17246860.0,0.9523809523809712,0.0600000000000005,0.009306306321659135,1.9047619047619067,292812197.0
2023-12-28,6.4,6.58,6.59,6.3,3165389.0,20511262.0,3.459119496855334,0.21999999999999975,0.010810304462829464,4.5597484276729565,292812197.0
2023-12-29,6.64,6.55,6.64,6.48,3128100.0,20448799.0,-0.455927051671734,-0.03000000000000025,0.010682863920599516,2.4316109422492285,292814738.0
2024-01-02,6.56,6.69,6.72,6.53,4483245.0,29871920.0,2.1374045801526798,0.14000000000000057,0.01531085843090316,2.900763358778619,292814738.0
2024-01-03,6.68,6.67,6.75,6.64,3007500.0,20110144.0,-0.2989536621823663,-0.020000000000000462,0.010270999405774446,1.6442451420029942,292814738.0
2024-01-04,6.7,6.73,6.76,6.67,3167678.0,21259637.0,0.8995502248875686,0.0600000000000005,0.010818027882189454,1.349325337331332,292814738.0
2024-01-05,6.76,6.69,6.83,6.65,3180000.0,21446323.0,-0.5943536404160454,-0.040000000000000036,0.010860109097377469,2.67459138187221,292814738.0
2024-01-08,6.69,6.6,6.72,6.58,3594500.0,23892959.0,-1.3452914798206428,-0.09000000000000075,0.01227567992154821,2.0926756352765272,292814738.0
2024-01-09,6.56,6.71,6.75,6.56,4122708.0,27498670.0,1.6666666666666607,0.11000000000000032,0.014079578193909079,2.8787878787878847,292814738.0
2024-01-10,6.7,6.77,6.88,6.63,7547000.0,51122441.0,0.8941877794336861,0.05999999999999961,0.025773975898713133,3.7257824143070044,292814738.0
2024-01-11,6.77,6.66,6.78,6.64,8519500.0,57102617.0,-1.6248153618906858,-0.10999999999999943,0.02909518850789539,2.0679468242245287,292814738.0
2024-01-12,6.65,6.75,6.95,6.65,8551400.0,58168285.0,1.3513513513513598,0.08999999999999986,0.029204131111733863,4.504504504504501,292814738.0
2024-01-15,6.78,6.78,6.87,6.73,6492122.0,44151657.0,0.4444444444444473,0.03000000000000025,0.022171431821850444,2.0740740740740695,292814738.0
2024-01-16,6.77,6.83,6.99,6.7,7395900.0,50299510.0,0.7374631268436627,0.04999999999999982,0.025257949960155353,4.277286135693216,292814738.0
2024-01-17,6.83,6.67,6.85,6.65,5084884.0,34237650.0,-2.342606149341142,-0.16000000000000014,0.01736553301493998,2.9282576866764174,292814738.0
2024-01-18,6.68,6.5,6.7,6.36,7135400.0,46419291.0,-2.5487256371814038,-0.16999999999999993,0.024368308947618614,5.097451274362816,292814738.0
2024-01-19,6.59,6.41,6.62,6.4,5485700.0,35584422.0,-1.3846153846153841,-0.08999999999999986,0.01873437121870553,3.384615384615381,292814738.0
2024-01-22,6.38,5.89,6.43,5.84,7721400.0,47271103.0,-8.112324492979727,-0.5200000000000005,0.026369574334745405,9.204368174726987,292814738.0
2024-01-23,5.9,5.6,6.0,5.49,10716675.0,59958296.0,-4.923599320882854,-0.29000000000000004,0.03659882379281059,8.658743633276737,292814738.0
2024-01-24,5.62,5.77,5.93,5.52,11143100.0,63682020.0,3.035714285714275,0.16999999999999993,0.0380551200260965,7.321428571428575,292814738.0
2024-01-25,5.8,5.97,6.0,5.71,6509600.0,38133526.0,3.466204506065851,0.20000000000000018,0.022231121440342255,5.025996533795495,292814738.0
2024-01-26,5.98,6.23,6.32,5.97,9743198.0,60690927.0,4.355108877721947,0.2600000000000007,0.03327427460294024,5.862646566164163,292814738.0
2024-01-29,6.23,5.88,6.36,5.85,7160600.0,43267828.0,-5.61797752808989,-0.35000000000000053,0.02445437018952236,8.186195826645275,292814738.0
2024-01-30,5.83,5.62,5.91,5.6,6532556.0,37421472.0,-4.421768707482987,-0.2599999999999998,0.022309519133562192,5.272108843537423,292814738.0
2024-01-31,5.59,5.11,5.61,5.08,9184100.0,48733480.0,-9.074733096085408,-0.5099999999999998,0.031364883006674345,9.43060498220641,292814738.0
2024-02-01,5.09,4.96,5.12,4.8,11904223.0,58906338.0,-2.935420743639927,-0.15000000000000036,0.04065445298726733,6.262230919765171,292814738.0
2024-02-02,4.95,4.58,5.14,4.46,10052990.0,47985857.0,-7.661290322580639,-0.3799999999999999,0.03186302661710829,13.709677419354833,315506437.0
2024-02-05,4.53,4.12,4.56,4.12,5052300.0,21264687.0,-10.043668122270743,-0.45999999999999996,0.016013302448089198,9.606986899563308,315506437.0
2024-02-06,3.71,3.71,3.82,3.71,15506800.0,57787694.0,-9.951456310679617,-0.41000000000000014,0.049148649438579814,2.6699029126213563,315508161.0
2024-02-07,3.71,3.34,3.78,3.34,28847977.0,98243104.0,-9.973045822102433,-0.3700000000000001,0.09143337816862367,11.859838274932613,315508161.0
2024-02-08,3.31,3.57,3.6,3.07,23031949.0,76071573.0,6.886227544910173,0.22999999999999998,0.07299953486781599,15.8682634730539,315508161.0
2024-02-19,3.59,3.73,3.86,3.58,15646689.0,57959130.0,4.481792717086841,0.16000000000000014,0.049592026242389335,7.843137254901955,315508161.0
2024-02-20,3.75,3.79,3.81,3.65,8819397.0,33087836.0,1.608579088471851,0.06000000000000005,0.027952991681885527,4.289544235924937,315508161.0
2024-02-21,3.76,4.02,4.17,3.74,18943378.0,76454666.0,6.068601583113442,0.22999999999999954,0.06004084946633124,11.345646437994715,315508161.0
2024-02-22,3.99,4.14,4.16,3.92,13201580.0,53493944.0,2.9850746268656803,0.1200000000000001,0.04184227741735023,5.97014925373135,315508161.0
2024-02-23,4.17,4.35,4.37,4.16,10376060.0,44292759.0,5.072463768115942,0.20999999999999996,0.03288681968514913,5.0724637681159415,315508161.0
2024-02-26,4.41,4.48,4.62,4.32,11350412.0,50653606.0,2.9885057471264576,0.13000000000000078,0.03597501872542688,6.896551724137928,315508161.0
2024-02-27,4.5,4.59,4.59,4.43,7913925.0,35928603.0,2.4553571428571397,0.10999999999999943,0.025083107121276652,3.571428571428574,315508161.0
2024-02-28,4.6,4.14,4.76,4.13,17171400.0,75747160.0,-9.80392156862746,-0.4500000000000002,0.0544245826972444,13.72549019607843,315508161.0
2024-02-29,4.03,4.29,4.31,3.96,11094700.0,46646820.0,3.6231884057971175,0.15000000000000036,0.03519267618290097,8.454106280193228,315255934.0
2024-03-01,4.35,4.3,4.39,4.23,6680600.0,28733354.0,0.2331002331002363,0.009999999999999787,0.021191036486564594,3.729603729603712,315255934.0
2024-03-04,4.31,4.2,4.45,4.12,7498197.0,31573860.0,-2.3255813953488302,-0.09999999999999964,0.0237844753780273,7.674418604651165,315255934.0
2024-03-05,4.2,4.02,4.2,3.99,8007797.0,32484885.0,-4.285714285714304,-0.1800000000000006,0.025400939796425846,4.999999999999999,315255934.0
2024-03-06,4.06,4.12,4.16,4.01,6925934.0,28360857.0,2.4875621890547484,0.10000000000000053,0.021969242298227446,3.731343283582099,315255934.0
2024-03-07,4.16,4.11,4.28,4.09,6957989.0,29044580.0,-0.24271844660194164,-0.009999999999999787,0.022070921589694804,4.611650485436902,315255934.0
2024-03-08,4.17,4.13,4.2,4.05,5160200.0,21309294.0,0.48661800486617945,0.019999999999999574,0.016368288249254653,3.6496350364963583,315255934.0
2024-03-11,4.12,4.2,4.2,4.1,5449416.0,22634755.0,1.6949152542373058,0.07000000000000028,0.017285688903162722,2.421307506053282,315255934.0
2024-03-12,4.21,4.35,4.35,4.17,7921700.0,33790064.0,3.5714285714285587,0.14999999999999947,0.025127837879175337,4.2857142857142785,315255934.0
2024-03-13,4.4,4.32,4.4,4.23,7135600.0,30643525.0,-0.6896551724137834,-0.02999999999999936,0.02263430828870615,3.9080459770114926,315255934.0
2024-03-14,4.34,4.34,4.38,4.24,8530497.0,36808759.0,0.4629629629629539,0.019999999999999574,0.027058957754622314,3.240740740740733,315255934.0
2024-03-15,4.32,4.45,4.47,4.29,7770800.0,34211722.0,2.5345622119815836,0.11000000000000032,0.024649179165014544,4.1474654377880125,315255934.0
2024-03-18,4.48,4.49,4.53,4.42,7504773.0,33466760.0,0.8988764044943753,0.040000000000000036,0.02380533462060067,2.4719101123595575,315255934.0
2024-03-19,4.52,4.61,4.63,4.47,11498373.0,52661027.0,2.6726057906458767,0.1200000000000001,0.036473137409683144,3.563474387527843,315255934.0
2024-03-20,4.61,5.07,5.07,4.51,28582342.0,140050892.0,9.97830802603037,0.45999999999999996,0.09066393021487107,12.147505422993502,315255934.0
2024-03-21,5.0,4.86,5.0,4.8,25064752.0,121801047.0,-4.142011834319526,-0.20999999999999996,0.07950604349290377,3.9447731755424096,315255934.0
2024-03-22,4.87,4.77,4.95,4.75,22899283.0,110701142.0,-1.8518518518518712,-0.09000000000000075,0.07263711965529569,4.115226337448563,315255934.0
2024-03-25,4.7,4.77,4.88,4.63,15873142.0,75305726.0,0.0,0.0,0.05035001815382165,5.241090146750524,315255934.0
2024-03-26,4.73,4.76,4.89,4.61,23299511.0,110764152.0,-0.20964360587001352,-0.009999999999999787,0.07390665325271879,5.870020964360574,315255934.0
2024-03-27,4.66,4.8,4.86,4.59,20321128.0,96658662.0,0.8403361344537785,0.040000000000000036,0.06445914512111928,5.672268907563035,315255934.0
2024-03-28,4.73,4.94,4.96,4.62,25586530.0,124175872.0,2.9166666666666785,0.14000000000000057,0.08116113684318468,7.08333333333333,315255934.0
2024-03-29,4.83,4.56,4.86,4.54,29680102.0,139183326.0,-7.692307692307709,-0.3800000000000008,0.09414567414611721,6.477732793522273,315257204.0
2024-04-01,4.55,4.84,5.02,4.54,35195033.0,172785119.0,6.140350877192979,0.28000000000000025,0.11163910785683426,10.526315789473676,315257204.0
2024-04-02,4.82,4.7,4.86,4.62,23350313.0,109964867.0,-2.8925619834710647,-0.13999999999999968,0.07406750013554013,4.958677685950417,315257204.0
2024-04-03,4.7,4.72,4.99,4.66,20997863.0,100369015.0,0.42553191489360653,0.019999999999999574,0.06660549777634898,7.021276595744682,315257204.0
2024-04-08,4.68,4.35,4.73,4.33,17539694.0,78792464.0,-7.8389830508474585,-0.3700000000000001,0.055636140197449696,8.474576271186448,315257204.0
2024-04-09,4.33,4.45,4.46,4.31,11373394.0,50138129.0,2.298850574712663,0.10000000000000053,0.03607655544645381,3.4482758620689737,315257204.0
2024-04-10,4.44,4.21,4.45,4.15,11801249.0,50239932.0,-5.393258426966296,-0.2400000000000002,0.03743371713719824,6.741573033707861,315257204.0
2024-04-11,4.19,4.17,4.28,4.13,8018191.0,33745302.0,-0.9501187648456089,-0.040000000000000036,0.025433807374628623,3.5629453681710297,315257204.0
2024-04-12,4.15,4.13,4.26,4.08,7698900.0,31954032.0,-0.959232613908878,-0.040000000000000036,0.02442101212063024,4.316546762589922,315257204.0
2024-04-15,4.08,3.74,4.13,3.72,16124711.0,61809052.0,-9.443099273607736,-0.3899999999999997,0.051147795499702525,9.927360774818395,315257204.0
2024-04-16,3.7,3.37,3.7,3.37,11621173.0,39775826.0,-9.893048128342253,-0.3700000000000001,0.03686251369532542,8.823529411764708,315257204.0
2024-04-17,3.37,3.71,3.71,3.37,15742400.0,57065734.0,10.089020771513347,0.33999999999999986,0.049935099976335516,10.089020771513349,315257204.0
2024-04-18,3.74,3.65,3.89,3.61,11941555.0,44290134.0,-1.6172506738544534,-0.06000000000000005,0.037878769615681804,7.547169811320761,315257204.0
2024-04-19,3.68,3.55,3.71,3.53,7938200.0,28570409.0,-2.73972602739726,-0.10000000000000009,0.02518007486991479,4.931506849315073,315257204.0
2024-04-22,3.52,3.45,3.59,3.41,6936800.0,24138850.0,-2.8169014084506894,-0.09999999999999964,0.022003620891086758,5.07042253521126,315257204.0
2024-04-23,3.48,3.57,3.61,3.44,6586289.0,23361316.0,3.4782608695651973,0.11999999999999966,0.02089179538622058,4.927536231884055,315257204.0
2024-04-24,3.6,3.75,3.75,3.55,8708500.0,32125831.0,5.042016806722693,0.18000000000000016,0.02762347660737358,5.602240896358548,315257204.0
2024-04-25,3.75,3.78,3.83,3.68,5949000.0,22473956.0,0.8000000000000007,0.029999999999999805,0.018870306291240216,3.9999999999999973,315257204.0
2024-04-26,3.77,3.74,3.8,3.68,6456100.0,24138550.0,-1.058201058201047,-0.03999999999999959,0.02047883416488081,3.174603174603166,315257204.0
2024-04-29,3.76,4.06,4.07,3.76,11522700.0,45770942.0,8.55614973262031,0.3199999999999994,0.03655015604338101,8.288770053475949,315257204.0
2024-04-30,4.05,4.01,4.08,3.89,8076000.0,32172501.0,-1.231527093596052,-0.04999999999999982,0.025616953444432055,4.679802955665024,315259971.0
2024-05-06,4.05,4.11,4.14,4.05,10085335.0,41328635.0,2.493765586034935,0.10000000000000053,0.03199053456742214,2.244389027431418,315259971.0
2024-05-07,4.14,4.18,4.18,4.08,6134552.0,25337180.0,1.703163017031617,0.0699999999999994,0.019458708888861757,2.4330900243308915,315259971.0
2024-05-08,4.19,4.01,4.2,3.96,9195815.0,37173362.0,-4.066985645933007,-0.16999999999999993,0.029168990185563393,5.741626794258379,315259971.0
2024-05-09,4.05,4.09,4.11,4.03,6051300.0,24722738.0,1.9950124688279391,0.08000000000000007,0.019194634766999962,1.9950124688279323,315259971.0
2024-05-10,4.1,4.09,4.18,4.01,6489064.0,26505222.0,0.0,0.0,0.020583215748630517,4.15647921760391,315259971.0
2024-05-13,4.15,3.92,4.15,3.91,8882745.0,35217032.0,-4.1564792176039145,-0.16999999999999993,0.028175936741426648,5.867970660146705,315259971.0
2024-05-14,3.94,4.03,4.06,3.9,6422367.0,25722569.0,2.8061224489795977,0.11000000000000032,0.020371653843741552,4.081632653061217,315259971.0
2024-05-15,4.05,4.09,4.14,3.99,7321300.0,29963785.0,1.4888337468982549,0.05999999999999961,0.023223056123417584,3.7220843672456443,315259971.0
2024-05-16,4.09,4.3,4.42,4.09,16904990.0,72643061.0,5.134474327628369,0.20999999999999996,0.05362238011498136,8.068459657701714,315259971.0
2024-05-17,4.31,4.55,4.61,4.23,21802388.0,96072430.0,5.813953488372103,0.25,0.06915685467724667,8.83720930232558,315259971.0
2024-05-20,4.49,4.28,4.49,4.26,17405962.0,75631253.0,-5.934065934065924,-0.2699999999999996,0.05521145594471935,5.0549450549450645,315259971.0
2024-05-21,4.28,4.19,4.37,4.16,11726188.0,49641595.0,-2.102803738317749,-0.08999999999999986,0.037195296195722864,4.906542056074765,315259971.0
2024-05-22,4.18,4.25,4.32,4.18,8795300.0,37505085.0,1.4319809069212264,0.05999999999999961,0.027898562485118038,3.341288782816242,315259971.0
2024-05-23,4.28,4.08,4.28,4.04,7696900.0,31788927.0,-4.0000000000000036,-0.16999999999999993,0.024414453809614794,5.647058823529417,315259971.0
2024-05-24,4.09,4.01,4.11,3.98,5800800.0,23474317.0,-1.715686274509809,-0.07000000000000028,0.018400052444336488,3.18627450980393,315259971.0
2024-05-27,4.07,3.98,4.07,3.88,5784600.0,22827680.0,-0.7481296758104716,-0.029999999999999805,0.018348666282152263,4.738154613466344,315259971.0
2024-05-28,3.99,3.88,3.99,3.87,5612200.0,21937160.0,-2.5125628140703515,-0.10000000000000009,0.01780181601298187,3.015075376884425,315259971.0
2024-05-29,3.88,3.94,4.03,3.86,6181070.0,24493552.0,1.546391752577314,0.06000000000000005,0.019606263301978163,4.3814432989690815,315259971.0
2024-05-30,3.94,3.87,3.96,3.84,4612674.0,17951773.0,-1.7766497461928932,-0.06999999999999984,0.01463133421400968,3.04568527918782,315259971.0
2024-05-31,3.87,3.86,3.9,3.84,4445374.0,17185983.0,-0.25839793281654533,-0.010000000000000231,0.01410066106997136,1.5503875968992262,315259971.0
2024-06-03,3.93,3.76,3.93,3.71,6295172.0,23813788.0,-2.590673575129532,-0.10000000000000009,0.019968193170962385,5.699481865284979,315259971.0
2024-06-04,3.74,3.67,3.76,3.55,8901700.0,32263259.0,-2.393617021276595,-0.08999999999999986,0.028236061723167512,5.585106382978722,315259971.0
2024-06-05,3.65,3.53,3.65,3.52,5534700.0,19686127.0,-3.8147138964577665,-0.14000000000000012,0.017555987150680796,3.542234332425066,315259971.0
2024-06-06,3.53,3.26,3.54,3.19,12221900.0,40538887.0,-7.648725212464591,-0.27,0.03876768738267758,9.915014164305951,315259971.0
2024-06-07,3.32,3.45,3.48,3.29,9620164.0,32782575.0,5.828220858895716,0.1900000000000004,0.030515018984125963,5.828220858895705,315259971.0
2024-06-11,3.47,3.42,3.48,3.32,6878189.0,23461371.0,-0.8695652173913104,-0.03000000000000025,0.021817514536280915,4.6376811594202945,315259971.0
2024-06-12,3.44,3.52,3.53,3.39,4462000.0,15559810.0,2.923976608187129,0.10000000000000009,0.014153398497901912,4.093567251461979,315259971.0
2024-06-13,3.56,3.43,3.58,3.41,5286172.0,18250231.0,-2.5568181818181768,-0.08999999999999986,0.016767659983068388,4.829545454545452,315259971.0
2024-06-14,3.48,3.44,3.48,3.33,4971200.0,16953343.0,0.2915451895043608,0.009999999999999787,0.015768573422852976,4.373177842565594,315259971.0
2024-06-17,3.43,3.36,3.43,3.34,4761300.0,16063449.0,-2.3255813953488413,-0.08000000000000007,0.015102773704182063,2.6162790697674505,315259971.0
2024-06-18,3.37,3.45,3.47,3.31,5186737.0,17692047.0,2.6785714285714413,0.0900000000000003,0.016452253622772806,4.761904761904766,315259971.0
2024-06-19,3.46,3.48,3.53,3.43,4633800.0,16135772.0,0.8695652173912993,0.029999999999999805,0.014698345575880295,2.898550724637671,315259971.0
2024-06-20,3.46,3.34,3.5,3.33,4478500.0,15114538.0,-4.0229885057471275,-0.14000000000000012,0.01420573625568214,4.885057471264366,315259971.0
2024-06-21,3.34,3.31,3.4,3.29,3668800.0,12272289.0,-0.8982035928143617,-0.029999999999999805,0.011637379742066906,3.2934131736526906,315259971.0
2024-06-24,3.28,3.15,3.3,3.13,7918478.0,25153409.0,-4.8338368580060465,-0.16000000000000014,0.02511729597285283,5.135951661631418,315259971.0
2024-06-25,3.15,3.23,3.29,3.12,5634900.0,18103090.0,2.539682539682553,0.08000000000000007,0.017873820079746184,5.396825396825395,315259971.0
2024-06-26,3.23,3.36,3.37,3.16,4917934.0,16091259.0,4.024767801857587,0.1299999999999999,0.015599614452797117,6.501547987616098,315259971.0
2024-06-27,3.36,3.3,3.43,3.29,4375460.0,14658255.0,-1.7857142857142905,-0.06000000000000005,0.01387889488830791,4.1666666666666705,315259971.0
2024-06-28,3.3,3.26,3.35,3.24,4478600.0,14796179.0,-1.2121212121212088,-0.040000000000000036,0.01420592872537341,3.33333333333333,315262739.0
2024-07-01,3.29,3.28,3.32,3.19,4049327.0,13152569.0,0.6134969325153339,0.020000000000000018,0.012844293026331919,3.98773006134969,315262739.0
2024-07-02,3.28,3.38,3.42,3.25,5508925.0,18596172.0,3.0487804878048808,0.10000000000000009,0.017474075805704398,5.182926829268291,315262739.0
2024-07-03,3.4,3.41,3.45,3.36,4851301.0,16563044.0,0.887573964497057,0.03000000000000025,0.015388120446419138,2.6627218934911334,315262739.0
2024-07-04,3.38,3.26,3.41,3.23,6062100.0,19936388.0,-4.3988269794721475,-0.15000000000000036,0.01922872337920023,5.278592375366573,315262739.0
2024-07-05,3.24,3.3,3.37,3.2,4688200.0,15455967.0,1.2269938650306678,0.040000000000000036,0.01487077101109624,5.214723926380366,315262739.0
2024-07-08,3.29,3.14,3.29,3.13,6167300.0,19591730.0,-4.848484848484835,-0.1599999999999997,0.019562413305049667,4.848484848484853,315262739.0
2024-07-09,3.14,3.04,3.17,2.97,10754300.0,32652092.0,-3.1847133757961776,-0.10000000000000009,0.03411218222017667,6.369426751592348,315262739.0
2024-07-10,3.04,2.98,3.04,2.87,7097863.0,21064834.0,-1.9736842105263164,-0.06000000000000005,0.02251411956425336,5.592105263157892,315262739.0
2024-07-11,3.12,3.23,3.25,3.04,11251758.0,35507928.0,8.389261744966436,0.25,0.03569009783931364,7.046979865771812,315262739.0
2024-07-12,3.25,3.27,3.42,3.21,12544243.0,41645602.0,1.238390092879249,0.040000000000000036,0.039789805289993374,6.501547987616098,315262739.0
2024-07-15,3.28,3.19,3.3,3.14,7400825.0,23699941.0,-2.4464831804281384,-0.08000000000000007,0.02347510214329515,4.89296636085626,315262739.0
2024-07-16,3.18,3.18,3.21,3.13,4968378.0,15754080.0,-0.31347962382444194,-0.009999999999999787,0.015759483711140377,2.5078369905956137,315262739.0
2024-07-17,3.17,3.17,3.26,3.14,5317700.0,16999399.0,-0.3144654088050425,-0.010000000000000231,0.016867518238493768,3.7735849056603668,315262739.0
2024-07-18,3.12,3.08,3.13,3.03,4760945.0,14599469.0,-2.8391167192428957,-0.08999999999999986,0.015101515057255148,3.154574132492116,315262739.0
2024-07-19,3.06,3.07,3.09,2.98,4673600.0,14224017.0,-0.32467532467532756,-0.010000000000000231,0.014824460432033485,3.571428571428567,315262739.0
2024-07-22,3.05,3.15,3.16,3.02,5247600.0,16315068.0,2.6058631921824116,0.08000000000000007,0.016645164019843145,4.560260586319222,315262739.0
2024-07-23,3.17,3.14,3.24,3.12,5643074.0,17968952.0,-0.31746031746030523,-0.009999999999999787,0.01789959072835436,3.8095238095238133,315262739.0
2024-07-24,3.1,3.05,3.14,3.02,4661569.0,14287318.0,-2.866242038216571,-0.0900000000000003,0.014786298611711294,3.821656050955417,315262739.0
2024-07-25,3.01,3.06,3.14,2.99,4744106.0,14507964.0,0.3278688524590345,0.010000000000000231,0.015048102465416949,4.918032786885243,315262739.0
2024-07-26,3.11,3.13,3.16,3.06,4454475.0,13910904.0,2.287581699346397,0.06999999999999984,0.014129405251408413,3.2679738562091534,315262739.0
2024-07-29,3.13,3.17,3.2,3.07,4471516.0,14082066.0,1.2779552715654896,0.040000000000000036,0.014183458578655564,4.15335463258787,315262739.0
2024-07-30,3.17,3.22,3.22,3.13,4041000.0,12916375.0,1.5772870662460692,0.050000000000000266,0.012817880136478799,2.839116719242912,315262739.0
2024-07-31,3.21,3.31,3.32,3.2,4841064.0,15842400.0,2.795031055900621,0.08999999999999986,0.015355649117798218,3.7267080745341503,315262739.0
2024-08-01,3.33,3.32,3.34,3.29,4177000.0,13851068.0,0.302114803625364,0.009999999999999787,0.013249266352405826,1.5105740181268827,315262739.0
2024-08-02,3.3,3.26,3.32,3.24,3482189.0,11425740.0,-1.8072289156626509,-0.06000000000000005,0.011045355410681756,2.4096385542168566,315262739.0
2024-08-05,3.23,3.22,3.34,3.21,4906845.0,16085047.0,-1.2269938650306678,-0.03999999999999959,0.015564303652135687,3.98773006134969,315262739.0
2024-08-06,3.23,3.31,3.32,3.22,5853400.0,19205317.0,2.795031055900621,0.08999999999999986,0.018566735855200446,3.1055900621117902,315262739.0
2024-08-07,3.34,3.31,3.37,3.27,4964400.0,16404579.0,0.0,0.0,0.01574686566432451,3.021148036253779,315262739.0
2024-08-08,3.31,3.36,3.38,3.24,4655300.0,15462892.0,1.5105740181268867,0.04999999999999982,0.01476641361033154,4.2296072507552775,315262739.0
2024-08-09,3.37,3.35,3.44,3.34,4180064.0,14119154.0,-0.29761904761904656,-0.009999999999999787,0.013258985230094065,2.976190476190479,315262739.0
2024-08-12,3.35,3.3,3.36,3.26,3357500.0,11085232.0,-1.4925373134328401,-0.050000000000000266,0.010649847205698483,2.9850746268656745,315262739.0
2024-08-13,3.28,3.3,3.32,3.22,3236245.0,10587966.0,0.0,0.0,0.010265231502667367,3.0303030303030196,315262739.0
2024-08-14,3.3,3.3,3.35,3.27,2786045.0,9216108.0,0.0,0.0,0.008837216249650105,2.4242424242424265,315262739.0
2024-08-15,3.29,3.36,3.36,3.23,4116300.0,13613557.0,1.81818181818183,0.06000000000000005,0.01305672853397369,3.9393939393939363,315262739.0
2024-08-16,3.36,3.26,3.38,3.24,4493400.0,14777032.0,-2.9761904761904767,-0.10000000000000009,0.014252873695930174,4.166666666666657,315262739.0
2024-08-19,3.28,3.26,3.29,3.2,3469074.0,11278881.0,0.0,0.0,0.011003755188462028,2.7607361963190145,315262739.0
2024-08-20,3.25,3.17,3.29,3.16,3098000.0,9952566.0,-2.7607361963190136,-0.08999999999999986,0.009826724242220074,3.98773006134969,315262739.0
2024-08-21,3.17,3.18,3.21,3.14,2739312.0,8673715.0,0.3154574132492094,0.010000000000000231,0.00868898116120218,2.2082018927444746,315262739.0
2024-08-22,3.17,3.1,3.21,3.08,2939600.0,9215661.0,-2.515723270440251,-0.08000000000000007,0.00932428617896389,4.088050314465405,315262739.0
2024-08-23,3.12,3.03,3.13,3.03,4040794.0,12384893.0,-2.2580645161290436,-0.07000000000000028,0.012817226713239968,3.2258064516129057,315262739.0
2024-08-26,3.07,3.19,3.27,3.06,7578619.0,24118752.0,5.280528052805278,0.16000000000000014,0.02403905714972552,6.93069306930693,315262739.0
2024-08-27,3.19,3.11,3.22,3.08,5071473.0,15888795.0,-2.5078369905956133,-0.08000000000000007,0.016086496666515352,4.388714733542324,315262739.0
2024-08-28,3.11,3.14,3.19,3.05,4835800.0,15160050.0,0.9646302250803984,0.03000000000000025,0.015338951933675866,4.5016077170418045,315262739.0
2024-08-29,3.16,3.14,3.16,3.05,5234200.0,16233790.0,0.0,0.0,0.016602659789744453,3.5031847133758065,315262739.0
2024-08-30,3.14,3.25,3.3,3.13,5617074.0,18122683.0,3.5031847133757843,0.10999999999999988,0.017817119834133015,5.414012738853501,315262739.0
2024-09-02,3.26,3.2,3.29,3.19,4124000.0,13385631.0,-1.538461538461533,-0.04999999999999982,0.013081152606493087,3.0769230769230793,315262739.0
2024-09-03,3.23,3.24,3.27,3.17,3449700.0,11137277.0,1.2499999999999956,0.040000000000000036,0.010942301684437246,3.1250000000000027,315262739.0
2024-09-04,3.24,3.12,3.26,3.11,5461800.0,17291345.0,-3.703703703703709,-0.1200000000000001,0.017324597309928212,4.629629629629626,315262739.0
2024-09-05,3.12,3.2,3.22,3.12,5468747.0,17430890.0,2.564102564102577,0.08000000000000007,0.01734663289847266,3.2051282051282075,315262739.0
2024-09-06,3.25,3.14,3.26,3.12,5207020.0,16516995.0,-1.8750000000000044,-0.06000000000000005,0.016516445985708447,4.37499999999999,315262739.0
2024-09-09,3.14,3.14,3.18,3.04,4654500.0,14595252.0,0.0,0.0,0.014763876044355499,4.458598726114653,315262739.0
2024-09-10,3.25,3.15,3.29,3.12,4602887.0,14595301.0,0.31847133757960666,0.009999999999999787,0.014600161803453722,5.414012738853501,315262739.0
2024-09-11,3.15,3.12,3.18,3.11,4583375.0,14397276.0,-0.952380952380949,-0.029999999999999805,0.014538270569298073,2.222222222222231,315262739.0
2024-09-12,3.13,3.18,3.21,3.12,5715920.0,18201943.0,1.9230769230769162,0.06000000000000005,0.018130655142217744,2.8846153846153797,315262739.0
2024-09-13,3.18,3.1,3.18,3.1,4244300.0,13314822.0,-2.515723270440251,-0.08000000000000007,0.013462739090140303,2.5157232704402537,315262739.0
2024-09-18,3.13,3.06,3.13,2.97,5866709.0,17758568.0,-1.2903225806451646,-0.040000000000000036,0.018608951437169365,5.161290322580635,315262739.0
2024-09-19,3.07,3.2,3.22,3.03,7761232.0,24565865.0,4.575163398692816,0.14000000000000012,0.024618297819204063,6.209150326797398,315262739.0
2024-09-20,3.2,3.17,3.22,3.14,4763100.0,15126549.0,-0.9375000000000022,-0.03000000000000025,0.01510835062560311,2.500000000000002,315262739.0
2024-09-23,3.14,3.15,3.21,3.13,2941945.0,9289741.0,-0.6309148264984188,-0.020000000000000018,0.009331724419231162,2.5236593059936934,315262739.0
2024-09-24,3.2,3.29,3.3,3.18,6675690.0,21666119.0,4.444444444444451,0.14000000000000012,0.021175004763249235,3.8095238095237987,315262739.0
2024-09-25,3.32,3.37,3.43,3.32,6439685.0,21787899.0,2.4316109422492405,0.08000000000000007,0.02042640694052969,3.3434650455927146,315262739.0
2024-09-26,3.35,3.61,3.63,3.32,12590864.0,44206703.0,7.121661721068251,0.23999999999999977,0.039937685119204654,9.198813056379823,315262739.0
2024-09-27,3.66,3.71,3.77,3.56,14067564.0,51526278.0,2.7700831024930705,0.10000000000000009,0.04462171471522995,5.817174515235457,315262739.0
2024-09-30,3.88,3.99,4.04,3.69,20023055.0,78184766.0,7.547169811320753,0.28000000000000025,0.06351210643271386,9.433962264150946,315263595.0
2024-10-08,4.38,4.12,4.38,3.91,22812850.0,94359326.0,3.2581453634085156,0.1299999999999999,0.07236119349587446,11.779448621553879,315263595.0
2024-10-09,4.06,3.71,4.06,3.71,16802112.0,64276357.0,-9.951456310679617,-0.41000000000000014,0.05329543996350102,8.495145631067953,315263595.0
2024-10-10,3.71,3.72,3.8,3.6,11635319.0,43157553.0,0.26954177897575704,0.010000000000000231,0.03690663680974646,5.3908355795148175,315263595.0
2024-10-11,3.71,3.64,3.74,3.6,8484023.0,31087694.0,-2.1505376344086002,-0.08000000000000007,0.026910887062618186,3.7634408602150566,315263595.0
2024-10-14,3.67,3.77,3.77,3.63,7812718.0,28920326.0,3.5714285714285587,0.1299999999999999,0.024781541934773662,3.8461538461538494,315263595.0
2024-10-15,3.77,3.73,3.81,3.7,6158563.0,23136299.0,-1.0610079575596787,-0.040000000000000036,0.019534646872246698,2.917771883289121,315263595.0
2024-10-16,3.7,3.91,3.99,3.69,16707700.0,64908405.0,4.825737265415553,0.18000000000000016,0.05299596992795822,8.042895442359256,315263595.0
2024-10-17,3.92,3.73,3.98,3.72,14286138.0,54763697.0,-4.6035805626598485,-0.18000000000000016,0.04531489910847461,6.649616368286439,315263595.0
2024-10-18,3.75,3.73,3.8,3.66,13002903.0,48339567.0,0.0,0.0,0.04124454331620497,3.7533512064343078,315263595.0
2024-10-21,3.75,3.75,3.85,3.65,11009188.0,41084512.0,0.536193029490617,0.020000000000000018,0.03492058129959471,5.361930294906172,315263595.0
2024-10-22,3.73,3.86,3.89,3.71,9624274.0,36941606.0,2.933333333333321,0.10999999999999988,0.030527704919434163,4.800000000000004,315263595.0
2024-10-23,3.86,3.87,3.95,3.83,7269100.0,28300368.0,0.2590673575129543,0.010000000000000231,0.023057213440708244,3.108808290155443,315263595.0
2024-10-24,3.88,3.92,3.92,3.82,7101489.0,27584717.0,1.2919896640826822,0.04999999999999982,0.022525559920738708,2.583979328165377,315263595.0
2024-10-25,3.94,4.07,4.09,3.94,9525378.0,38363132.0,3.826530612244916,0.15000000000000036,0.030214011865213934,3.826530612244896,315263595.0
2024-10-28,4.11,4.22,4.23,4.06,10722201.0,44787037.0,3.685503685503666,0.14999999999999947,0.0340102732128015,4.176904176904197,315263595.0
2024-10-29,4.23,4.03,4.32,4.0,11364145.0,46499332.0,-4.5023696682464305,-0.1899999999999995,0.03604648675023832,7.5829383886256,315263595.0
2024-10-30,3.98,4.01,4.11,3.97,8913549.0,35975525.0,-0.49627791563277013,-0.020000000000000462,0.028273321567623435,3.4739454094292834,315263595.0
2024-10-31,4.02,4.19,4.24,4.0,14000791.0,58088038.0,4.488778054862852,0.1800000000000006,0.04440979301780784,5.985037406483796,315263595.0
2024-11-01,4.11,4.01,4.3,4.0,17579396.0,72121633.0,-4.295942720763735,-0.1800000000000006,0.05576094505932409,7.1599045346062,315263595.0
2024-11-04,3.97,4.0,4.04,3.88,11388024.0,45186403.0,-0.24937655860348684,-0.009999999999999787,0.036122229717008715,3.9900249376558645,315263595.0
2024-11-05,4.04,4.14,4.18,4.02,11109727.0,45560299.0,3.499999999999992,0.13999999999999968,0.03523948586578796,4.0000000000000036,315263595.0
2024-11-06,4.12,4.25,4.28,4.06,13671935.0,57456659.0,2.657004830917886,0.11000000000000032,0.043366678604296195,5.314009661835764,315263595.0
2024-11-07,4.24,4.37,4.43,4.18,17705193.0,76892733.0,2.8235294117647136,0.1200000000000001,0.05615996670976235,5.88235294117647,315263595.0
2024-11-08,4.43,4.31,4.45,4.26,14022884.0,60460309.0,-1.3729977116704872,-0.0600000000000005,0.04447987088391858,4.34782608695653,315263595.0
2024-11-11,4.31,4.33,4.36,4.21,10604276.0,45442738.0,0.46403712296985145,0.020000000000000462,0.033636221143770184,3.480278422273791,315263595.0
2024-11-12,4.33,4.31,4.42,4.24,12049426.0,52367370.0,-0.46189376443419583,-0.020000000000000462,0.03822016303531653,4.157043879907615,315263595.0
2024-11-13,4.32,4.27,4.38,4.16,10114674.0,43070601.0,-0.9280742459396807,-0.040000000000000036,0.032083228639196354,5.104408352668209,315263595.0
2024-11-14,4.29,4.24,4.41,4.21,9945400.0,42491696.0,-0.7025761124121677,-0.02999999999999936,0.03154630016827664,4.683840749414524,315263595.0
2024-11-15,4.21,4.13,4.28,4.1,7499800.0,31494340.0,-2.594339622641517,-0.11000000000000032,0.02378898204215428,4.245283018867939,315263595.0
2024-11-18,4.17,4.07,4.25,4.03,11442900.0,47148239.0,-1.4527845036319542,-0.05999999999999961,0.036296293582517826,5.326876513317185,315263595.0
2024-11-19,4.12,4.12,4.13,3.96,10219800.0,41377571.0,1.228501228501222,0.04999999999999982,0.03241668293479937,4.176904176904174,315263595.0
2024-11-20,4.14,4.25,4.26,4.09,8450552.0,35403924.0,3.15533980582523,0.1299999999999999,0.02680471876240579,4.126213592233007,315263595.0
2024-11-21,4.24,4.3,4.32,4.2,7700732.0,32799362.0,1.17647058823529,0.04999999999999982,0.024426328070007577,2.8235294117647083,315263595.0
2024-11-22,4.29,4.09,4.37,4.07,7747732.0,32891512.0,-4.88372093023256,-0.20999999999999996,0.024575409666314312,6.976744186046507,315263595.0
2024-11-25,4.14,4.5,4.5,4.07,22636484.0,98943101.0,10.02444987775062,0.41000000000000014,0.07180176956365672,10.51344743276283,315263595.0
2024-11-26,4.57,4.41,4.85,4.37,57756317.0,260368236.0,-2.0000000000000018,-0.08999999999999986,0.18320008372676205,10.666666666666655,315263595.0
2024-11-27,4.38,4.51,4.61,4.36,41818359.0,187232440.0,2.26757369614512,0.09999999999999964,0.13264569605634294,5.668934240362812,315263595.0
2024-11-28,4.51,4.34,4.55,4.3,36083945.0,159187684.0,-3.7694013303769425,-0.16999999999999993,0.11445642812009424,5.543237250554324,315263595.0
2024-11-29,4.35,4.44,4.59,4.29,31120448.0,137875779.0,2.3041474654378113,0.10000000000000053,0.09871246948129231,6.91244239631336,315263595.0
2024-12-02,4.46,4.51,4.54,4.4,25455412.0,114263264.0,1.5765765765765716,0.0699999999999994,0.08074326501288549,3.153153153153146,315263595.0
2024-12-03,4.55,4.56,4.64,4.46,19835479.0,89860540.0,1.1086474501108556,0.04999999999999982,0.06291712495380254,3.9911308203991065,315263595.0
2024-12-04,4.55,4.42,4.55,4.36,14772999.0,65647223.0,-3.0701754385964897,-0.13999999999999968,0.04685919730122978,4.166666666666656,315263595.0
2024-12-05,4.41,4.52,4.52,4.37,14224097.0,63494336.0,2.262443438914019,0.09999999999999964,0.04511810822940086,3.3936651583710287,315263595.0
2024-12-06,4.53,4.65,4.71,4.51,18093073.0,83456663.0,2.8761061946902755,0.13000000000000078,0.0573903022326444,4.424778761061951,315263595.0
2024-12-09,4.66,4.69,4.75,4.59,17123400.0,79951254.0,0.8602150537634357,0.040000000000000036,0.05431454906805843,3.440860215053766,315263595.0
2024-12-10,4.85,4.64,4.85,4.62,14149608.0,66935889.0,-1.06609808102347,-0.05000000000000071,0.04488183293094783,4.904051172707879,315263595.0
2024-12-11,4.64,4.77,4.77,4.61,12874393.0,60777592.0,2.8017241379310276,0.1299999999999999,0.04083691616851606,3.4482758620689493,315263595.0
2024-12-12,4.77,4.99,5.15,4.72,28087111.0,139073738.0,4.612159329140475,0.22000000000000064,0.08909087964945651,9.014675052410915,315263595.0
2024-12-13,4.98,4.82,5.0,4.81,17304566.0,84357322.0,-3.4068136272545124,-0.16999999999999993,0.0548891983547926,3.8076152304609296,315263595.0
2024-12-16,4.87,4.84,4.91,4.77,13323417.0,64451008.0,0.4149377593360981,0.019999999999999574,0.0422611973323466,2.9045643153527085,315263595.0
2024-12-17,4.83,4.47,4.87,4.43,21123133.0,96760793.0,-7.644628099173556,-0.3700000000000001,0.06700149758807387,9.090909090909099,315263595.0
2024-12-18,4.48,4.41,4.53,4.3,12828287.0,56580675.0,-1.3422818791946178,-0.05999999999999961,0.040690670294488016,5.145413870246094,315263595.0
2024-12-19,4.35,4.36,4.42,4.22,13516316.0,58476417.0,-1.13378684807256,-0.04999999999999982,0.04287306309502688,4.535147392290254,315263595.0
2024-12-20,4.38,4.47,4.55,4.38,11509400.0,51544619.0,2.522935779816504,0.10999999999999943,0.03650722818154757,3.8990825688073376,315263595.0
2024-12-23,4.47,4.02,4.52,4.02,19250374.0,80396881.0,-10.06711409395974,-0.4500000000000002,0.061061201817482286,11.185682326621924,315263595.0
2024-12-24,3.98,3.93,4.06,3.87,17985991.0,71173406.0,-2.238805970149238,-0.08999999999999941,0.05705064360507594,4.726368159203968,315263595.0
2024-12-25,3.99,3.94,4.09,3.74,18717578.0,73195817.0,0.2544529262086481,0.009999999999999787,0.05937120015395371,8.905852417302789,315263595.0
2024-12-26,3.94,3.97,4.07,3.9,11894222.0,47494030.0,0.761421319796951,0.03000000000000025,0.03772786388482311,4.314720812182751,315263595.0
2024-12-27,4.0,4.06,4.1,3.91,9523136.0,38677834.0,2.26700251889167,0.08999999999999941,0.030206900355875217,4.785894206549106,315263595.0
2024-12-30,4.04,3.98,4.06,3.85,13431742.0,52692962.0,-1.970443349753681,-0.07999999999999963,0.04260479869234505,5.172413793103437,315263595.0
2024-12-31,4.02,4.38,4.38,4.01,18254988.0,77811937.0,10.050251256281406,0.3999999999999999,0.056260788660524724,9.296482412060305,324470887.0
2025-01-02,4.59,4.29,4.82,4.2,56108530.0,254678653.0,-2.0547945205479423,-0.08999999999999986,0.17292315658507754,14.155251141552514,324470887.0
2025-01-03,4.13,3.86,4.17,3.86,38535330.0,151865294.0,-10.023310023310028,-0.43000000000000016,0.11876359804200246,7.226107226107227,324470887.0
2025-01-06,3.57,3.47,3.66,3.47,22348800.0,77979750.0,-10.103626943005173,-0.3899999999999997,0.06887767407003144,4.922279792746113,324470887.0
2025-01-07,3.43,3.64,3.68,3.43,31738768.0,113599119.0,4.899135446685876,0.16999999999999993,0.09781699767720609,7.204610951008646,324470887.0
2025-01-08,3.65,3.61,3.69,3.5,17465710.0,62792668.0,-0.8241758241758323,-0.03000000000000025,0.05382828074803518,5.219780219780218,324470887.0
2025-01-09,3.61,3.59,3.65,3.54,12348118.0,44489735.0,-0.5540166204986208,-0.020000000000000018,0.038056166191575765,3.047091412742379,324470887.0
2025-01-10,3.64,3.38,3.68,3.37,13831700.0,48310672.0,-5.84958217270195,-0.20999999999999996,0.04262847779005825,8.635097493036213,324470887.0
2025-01-13,3.37,3.43,3.46,3.22,11378000.0,38275994.0,1.479289940828421,0.050000000000000266,0.03506632014107324,7.100591715976325,324470887.0
2025-01-14,3.45,3.67,3.68,3.45,12816489.0,45952981.0,6.997084548104948,0.23999999999999977,0.03949965779210263,6.705539358600582,324470887.0
2025-01-15,3.67,3.7,3.77,3.61,11593618.0,42794410.0,0.8174386920980936,0.03000000000000025,0.03573084200925552,4.359673024523165,324470887.0
2025-01-16,3.75,3.75,3.83,3.69,9469292.0,35597476.0,1.3513513513513375,0.04999999999999982,0.02918379546328913,3.783783783783787,324470887.0
2025-01-17,3.72,3.66,3.73,3.62,10349700.0,37967478.0,-2.399999999999991,-0.08999999999999986,0.031897160622610804,2.93333333333333,324470887.0
2025-01-20,3.67,3.77,3.81,3.52,12539221.0,46662089.0,3.005464480874309,0.10999999999999988,0.03864513428596138,7.923497267759563,324470887.0
2025-01-21,3.77,3.67,3.84,3.63,9019100.0,33312501.0,-2.652519893899208,-0.10000000000000009,0.02779633046092052,5.570291777188328,324470887.0
2025-01-22,3.65,3.58,3.67,3.56,8178300.0,29425054.0,-2.4523160762942697,-0.08999999999999986,0.02520503480486371,2.9972752043596698,324470887.0
2025-01-23,3.61,3.63,3.74,3.61,10037900.0,36948998.0,1.3966480446927276,0.04999999999999982,0.03093621154368774,3.6312849162011265,324470887.0
2025-01-24,3.61,3.67,3.68,3.57,8016500.0,29082433.0,1.1019283746556585,0.040000000000000036,0.02470637681586515,3.030303030303039,324470887.0
2025-01-27,3.69,3.68,3.8,3.67,11006965.0,41183809.0,0.2724795640327127,0.010000000000000231,0.033922812310738994,3.542234332425066,324470887.0
2025-02-05,3.71,3.69,3.77,3.65,10889301.0,40411478.0,0.27173913043476716,0.009999999999999787,0.03356017885203982,3.260869565217394,324470887.0
2025-02-06,3.67,3.75,3.75,3.63,9238286.0,34239632.0,1.6260162601626105,0.06000000000000005,0.0284718486931618,3.2520325203252063,324470887.0
2025-02-07,3.78,3.85,3.89,3.73,8726286.0,33450857.0,2.6666666666666616,0.10000000000000009,0.0268938951062195,4.266666666666671,324470887.0
2025-02-10,3.88,3.98,3.99,3.86,8045581.0,31621467.0,3.3766233766233666,0.1299999999999999,0.02479600273043911,3.3766233766233853,324470887.0
2025-02-11,3.98,3.94,4.01,3.86,8059360.0,31552002.0,-1.005025125628145,-0.040000000000000036,0.024838468789959576,3.768844221105525,324470887.0
2025-02-12,3.95,3.92,3.98,3.85,8330000.0,32481752.0,-0.5076142131979711,-0.020000000000000018,0.025672565193807357,3.2994923857867993,324470887.0
2025-02-13,3.92,3.94,4.0,3.9,8260048.0,32636601.0,0.5102040816326481,0.020000000000000018,0.025456977284991366,2.551020408163268,324470887.0
2025-02-14,3.92,3.87,3.97,3.85,7978903.0,31126803.0,-1.7766497461928932,-0.06999999999999984,0.02459050509514587,3.04568527918782,324470887.0
2025-02-17,3.87,4.0,4.05,3.86,9748222.0,38655460.0,3.3591731266149782,0.1299999999999999,0.03004344115470674,4.90956072351421,324470887.0
2025-02-18,4.01,3.88,4.04,3.85,10184684.0,39959241.0,-3.0000000000000027,-0.1200000000000001,0.03138859111264426,4.749999999999998,324470887.0
2025-02-19,3.87,3.89,3.91,3.84,7437900.0,28815496.0,0.2577319587628857,0.010000000000000231,0.022923165984996368,1.8041237113402135,324470887.0
2025-02-20,3.89,3.91,3.93,3.87,6566400.0,25613638.0,0.5141388174807249,0.020000000000000018,0.02023725475253501,1.5424164524421609,324470887.0
2025-02-21,3.9,3.83,3.92,3.78,8585600.0,32879444.0,-2.0460358056266004,-0.08000000000000007,0.02646030921103871,3.5805626598465508,324470887.0
2025-02-24,3.83,3.92,3.96,3.8,9348613.0,36491253.0,2.3498694516971286,0.08999999999999986,0.02881186995368247,4.177545691906008,324470887.0
2025-02-25,3.89,3.87,3.96,3.86,6015387.0,23488206.0,-1.2755102040816313,-0.04999999999999982,0.018539065416984545,2.551020408163268,324470887.0
2025-02-26,3.9,3.96,3.97,3.89,6604819.0,26022348.0,2.3255813953488413,0.08999999999999986,0.02035565982842707,2.0671834625323013,324470887.0
2025-02-27,3.97,3.95,4.01,3.87,8576563.0,33741052.0,-0.2525252525252486,-0.009999999999999787,0.02643245771384106,3.5353535353535275,324470887.0
2025-02-28,3.95,3.86,3.96,3.85,6547300.0,25517877.0,-2.27848101265824,-0.0900000000000003,0.020178389687084623,2.784810126582275,324470887.0
2025-03-03,3.87,3.88,3.96,3.85,6122600.0,23935054.0,0.5181347150259086,0.020000000000000018,0.018869489514478383,2.849740932642484,324470887.0
2025-03-04,3.9,3.93,3.93,3.82,4943800.0,19248961.0,1.2886597938144506,0.050000000000000266,0.015236497935791694,2.8350515463917607,324470887.0
2025-03-05,3.93,3.88,3.94,3.8,7288400.0,28004477.0,-1.2722646310432628,-0.050000000000000266,0.022462415865371614,3.562340966921122,324470887.0
2025-03-06,3.88,3.89,3.92,3.8,6670487.0,25837398.0,0.2577319587628857,0.010000000000000231,0.02055804470371482,3.092783505154642,324470887.0
2025-03-07,3.89,3.86,3.93,3.82,7081700.0,27423161.0,-0.7712082262210873,-0.03000000000000025,0.02182537874345565,2.827763496143967,324470887.0
2025-03-10,3.87,3.98,3.99,3.85,10751964.0,42535651.0,3.1088082901554515,0.1200000000000001,0.03313691437592674,3.6269430051813503,324470887.0
2025-03-11,3.99,4.03,4.03,3.92,6624716.0,26408637.0,1.2562814070351758,0.050000000000000266,0.02041698120053526,2.763819095477395,324470887.0
2025-03-12,4.03,4.04,4.1,4.0,6534300.0,26411545.0,0.2481389578163684,0.009999999999999787,0.020138324459291167,2.4813895781637627,324470887.0
2025-03-13,4.04,3.98,4.06,3.92,6426500.0,25522587.0,-1.4851485148514865,-0.06000000000000005,0.019806091262665422,3.4653465346534573,324470887.0
2025-03-14,3.99,4.1,4.11,3.93,8460100.0,34162837.0,3.015075376884413,0.11999999999999966,0.026073525665801876,4.522613065326637,324470887.0
2025-03-17,4.1,4.13,4.15,4.07,7062038.0,29032891.0,0.7317073170731714,0.03000000000000025,0.021764781627388347,1.9512195121951237,324470887.0
2025-03-18,4.15,4.11,4.15,4.07,5914938.0,24271639.0,-0.4842615012106477,-0.019999999999999574,0.018229487565705704,1.9370460048426168,324470887.0
2025-03-19,4.13,4.06,4.2,4.03,7739664.0,31635708.0,-1.2165450121654708,-0.05000000000000071,0.023853184708062886,4.1362530413625285,324470887.0
2025-03-20,4.05,4.08,4.1,4.03,6994953.0,28455477.0,0.49261083743843415,0.020000000000000462,0.02155802964227111,1.7241379310344682,324470887.0
2025-03-21,4.08,4.02,4.1,3.98,8545481.0,34445854.0,-1.4705882352941346,-0.0600000000000005,0.0263366648361275,2.941176470588227,324470887.0
2025-03-24,4.01,3.76,4.02,3.71,12437200.0,47636187.0,-6.467661691542281,-0.2599999999999998,0.038330711624060126,7.711442786069643,324470887.0
2025-03-25,3.78,3.73,3.78,3.67,9575268.0,35649084.0,-0.7978723404255317,-0.029999999999999805,0.02951040720026139,2.925531914893614,324470887.0
2025-03-26,3.72,3.87,3.88,3.72,8285375.0,31820432.0,3.753351206434319,0.14000000000000012,0.025535033594554817,4.289544235924925,324470887.0
2025-03-27,3.89,3.82,3.89,3.74,6888300.0,26237389.0,-1.2919896640826933,-0.050000000000000266,0.021229331431512993,3.87596899224806,324470887.0
2025-03-28,3.82,3.72,3.85,3.71,6244975.0,23436230.0,-2.617801047120405,-0.09999999999999964,0.01924664199534179,3.6649214659685896,324470887.0
2025-03-31,3.7,3.64,3.72,3.59,6610067.0,24068531.0,-2.1505376344086002,-0.08000000000000007,0.020371557101134617,3.4946236559139874,324475295.0
2025-04-01,3.66,3.75,3.82,3.66,6733287.0,25267075.0,3.0219780219780112,0.10999999999999988,0.0207513086628059,4.395604395604387,324475295.0
2025-04-02,3.77,3.81,3.85,3.72,5733675.0,21789893.0,1.6000000000000014,0.06000000000000005,0.01767060570820962,3.4666666666666637,324475295.0
2025-04-03,3.77,3.87,3.89,3.77,6936200.0,26630984.0,1.5748031496062964,0.06000000000000005,0.021376665980070993,3.1496062992126013,324475295.0
2025-04-07,3.76,3.48,3.76,3.48,9675700.0,34164791.0,-10.077519379844968,-0.3900000000000001,0.02981952755447838,7.2351421188630445,324475295.0
2025-04-08,3.48,3.45,3.53,3.35,13535763.0,46493843.0,-0.8620689655172376,-0.029999999999999805,0.04171585081693199,5.1724137931034395,324475295.0
2025-04-09,3.42,3.6,3.62,3.17,12046498.0,41158762.0,4.347826086956519,0.1499999999999999,0.0371260869028565,13.04347826086957,324475295.0
2025-04-10,3.65,3.78,3.84,3.6,9437800.0,35559363.0,4.999999999999982,0.17999999999999972,0.029086343846301148,6.66666666666666,324475295.0
2025-04-11,3.78,3.78,3.86,3.75,6109600.0,23165312.0,0.0,0.0,0.018829168488775087,2.9100529100529067,324475295.0
2025-04-14,3.8,3.95,3.97,3.79,9238510.0,36257756.0,4.497354497354511,0.17000000000000037,0.02847215224813957,4.761904761904766,324475295.0
2025-04-15,3.95,3.95,3.99,3.86,6543100.0,25677139.0,0.0,0.0,0.02016517158879538,3.2911392405063378,324475295.0
2025-04-16,3.92,3.89,3.96,3.78,4996000.0,19335170.0,-1.518987341772149,-0.06000000000000005,0.01539716606159492,4.5569620253164596,324475295.0
2025-04-17,3.87,3.95,4.03,3.82,7214226.0,28591715.0,1.5424164524421524,0.06000000000000005,0.022233513956740527,5.398457583547568,324475295.0
2025-04-18,3.96,3.92,3.97,3.83,5489000.0,21421752.0,-0.75949367088608,-0.03000000000000025,0.016916542136127807,3.5443037974683573,324475295.0
2025-04-21,3.95,3.95,3.97,3.86,5282400.0,20712559.0,0.7653061224489832,0.03000000000000025,0.016279821858240395,2.8061224489796,324475295.0
2025-04-22,3.95,3.95,4.0,3.9,4434300.0,17457871.0,0.0,0.0,0.013666063544221448,2.531645569620255,324475295.0
2025-04-23,3.97,3.93,3.98,3.92,4087276.0,16124208.0,-0.5063291139240533,-0.020000000000000018,0.012596570718889399,1.5189873417721533,324475295.0
2025-04-24,3.95,3.93,3.97,3.85,5127600.0,20086036.0,0.0,0.0,0.01580274393463453,3.0534351145038197,324475295.0
2025-04-25,3.93,3.93,4.03,3.91,4637648.0,18423642.0,0.0,0.0,0.01429276148743466,3.0534351145038197,324475295.0
2025-04-28,3.94,3.96,3.99,3.81,6887294.0,26861099.0,0.7633587786259444,0.029999999999999805,0.02122594264071784,4.580152671755729,324475295.0
2025-04-29,3.97,4.15,4.18,3.93,15832643.0,64831115.0,4.797979797979801,0.1900000000000004,0.04879460237488959,6.3131313131313025,324475295.0
2025-04-30,4.16,4.28,4.36,4.11,13964200.0,59526672.0,3.1325301204819356,0.1299999999999999,0.0430362502636757,6.024096385542168,324475295.0
2025-05-06,4.28,4.31,4.37,4.23,10769800.0,46173871.0,0.7009345794392274,0.02999999999999936,0.03319143295639811,3.2710280373831697,324475295.0
2025-05-07,4.35,4.31,4.44,4.24,10935460.0,47643132.0,0.0,0.0,0.03370198030022594,4.64037122969838,324475295.0
2025-05-08,4.32,4.39,4.41,4.27,7214648.0,31363804.0,1.8561484918793614,0.08000000000000007,0.022234814518005137,3.2482598607888766,324475295.0
2025-05-09,4.4,4.44,4.47,4.36,9031393.0,39965116.0,1.1389521640091216,0.05000000000000071,0.027833838628608075,2.505694760820033,324475295.0
2025-05-12,4.46,4.46,4.47,4.32,8262800.0,36362957.0,0.45045045045044585,0.019999999999999574,0.025465112837018918,3.378378378378366,324475295.0
2025-05-13,4.53,4.46,4.53,4.42,6790400.0,30323972.0,0.0,0.0,0.020927325145046867,2.4663677130044914,324475295.0
2025-05-14,4.47,4.46,4.49,4.37,6436600.0,28518427.0,0.0,0.0,0.019836949373911502,2.690582959641258,324475295.0
2025-05-15,4.47,4.48,4.53,4.4,6945189.0,31100547.0,0.4484304932735439,0.020000000000000462,0.0214043265537521,2.9147982062780247,324475941.0
2025-05-16,4.47,4.49,4.51,4.45,4298150.0,19271919.0,0.22321428571427937,0.009999999999999787,0.013246436659536492,1.3392857142857053,324475941.0
2025-05-19,4.69,4.94,4.94,4.65,13935943.0,67974723.0,10.022271714922049,0.4500000000000002,0.04294907954362016,6.45879732739421,324475941.0
2025-05-20,5.04,4.97,5.42,4.9,56691507.0,288293618.0,0.6072874493926905,0.02999999999999936,0.1747171356535183,10.526315789473676,324475941.0
2025-05-21,4.72,4.9,5.09,4.72,37561668.0,184952410.0,-1.4084507042253391,-0.0699999999999994,0.11576102648547369,7.444668008048293,324475941.0
2025-05-22,4.88,4.82,5.02,4.82,21031700.0,103364817.0,-1.6326530612244872,-0.08000000000000007,0.06481744050169809,4.0816326530612095,324475941.0
2025-05-23,4.89,4.74,4.9,4.72,15656190.0,75281446.0,-1.6597510373444035,-0.08000000000000007,0.04825069603542655,3.7344398340249088,324475941.0
2025-05-26,4.84,4.89,4.98,4.76,13008588.0,63532394.0,3.164556962025311,0.14999999999999947,0.04009107103567965,4.641350210970478,324475941.0
2025-05-27,4.89,4.9,4.94,4.75,11636700.0,56554385.0,0.2044989775051187,0.010000000000000675,0.03586305956656429,3.8854805725971455,324475941.0
2025-05-28,4.9,4.92,4.95,4.85,10810000.0,53057352.0,0.40816326530610514,0.019999999999999574,0.03331525895782825,2.040816326530623,324475941.0
2025-05-29,4.9,4.96,4.97,4.87,9612800.0,47392553.0,0.8130081300812941,0.040000000000000036,0.029625617142443234,2.0325203252032447,324475941.0
2025-05-30,4.96,5.17,5.21,4.96,19728996.0,100477196.0,4.233870967741926,0.20999999999999996,0.06080264668991283,5.040322580645162,324475941.0
2025-06-03,5.11,5.69,5.69,5.11,19644456.0,108189986.0,10.058027079303677,0.5200000000000005,0.060542103489885556,11.218568665377179,324475941.0
2025-06-06,6.19,5.46,6.19,5.13,55256949.0,315253163.0,-4.0421792618629215,-0.23000000000000043,0.1702959819754402,18.629173989455193,324475941.0
2025-06-09,5.57,5.79,5.94,5.5,40851525.0,234351738.0,6.043956043956045,0.33000000000000007,0.12590001241417156,8.058608058608066,324475941.0
2025-06-10,5.71,5.87,5.98,5.71,30711911.0,179631269.0,1.3816925734024155,0.08000000000000007,0.09465081110589953,4.663212435233169,324475941.0
2025-06-11,5.92,6.2,6.33,5.87,31045049.0,189961839.0,5.621805792163537,0.33000000000000007,0.0956775066413938,7.836456558773423,324475941.0
2025-06-12,6.29,5.98,6.29,5.86,27984326.0,168023145.0,-3.548387096774186,-0.21999999999999975,0.08624468709068325,6.9354838709677376,324475941.0
2025-06-13,5.99,5.76,5.99,5.75,17162300.0,100066619.0,-3.6789297658862963,-0.22000000000000064,0.05289236529250099,4.013377926421408,324475941.0
2025-06-16,5.73,5.81,5.91,5.72,10390567.0,60043976.0,0.868055555555558,0.04999999999999982,0.03202261150080153,3.2986111111111183,324475941.0
2025-06-17,5.91,5.83,6.0,5.78,13537360.0,79680873.0,0.3442340791738552,0.020000000000000462,0.04035885085221766,3.786574870912216,335424813.0
2025-06-18,5.91,5.89,5.93,5.75,11741896.0,68752964.0,1.0291595197255532,0.05999999999999961,0.03500604470784933,3.0874785591766676,335424813.0
2025-06-19,5.9,5.62,5.9,5.57,12663750.0,71704498.0,-4.58404074702885,-0.2699999999999996,0.03775436255516374,5.602716468590834,335424813.0
2025-06-20,5.61,5.62,5.84,5.6,8542067.0,48607012.0,0.0,0.0,0.02546641354168393,4.270462633451961,335424813.0
2025-06-23,5.57,5.74,5.75,5.55,8141680.0,46104822.0,2.1352313167259718,0.1200000000000001,0.024272742159954636,3.5587188612099676,335424813.0
2025-06-24,5.75,5.89,5.92,5.75,10107400.0,59155003.0,2.6132404181184565,0.14999999999999947,0.03013313150449606,2.9616724738675946,335424813.0
2025-06-25,5.91,5.91,5.94,5.82,8004705.0,47071078.0,0.339558573853993,0.020000000000000462,0.02386437940713706,2.037351443123941,335424813.0
2025-06-26,5.91,5.9,5.97,5.85,5908070.0,34782170.0,-0.16920473773265332,-0.009999999999999787,0.01761369395173517,2.0304568527918803,335424813.0
2025-06-27,5.91,6.03,6.05,5.89,9743159.0,58328544.0,2.203389830508473,0.1299999999999999,0.0290472219775822,2.7118644067796636,335424813.0
2025-06-30,6.07,6.63,6.63,6.06,20459722.0,131154977.0,9.950248756218905,0.5999999999999996,0.0600921931916952,9.452736318407965,340472213.0
2025-07-01,6.6,6.71,6.96,6.5,33455528.0,224747140.0,1.2066365007541435,0.08000000000000007,0.09826213923660196,6.938159879336349,340472213.0
2025-07-02,6.68,6.5,6.73,6.45,20604810.0,135808850.0,-3.129657228017879,-0.20999999999999996,0.06051833075728855,4.172876304023849,340472213.0
2025-07-03,6.5,6.43,6.51,6.36,11920674.0,76540100.0,-1.0769230769230864,-0.07000000000000028,0.035012178805910364,2.3076923076922995,340472213.0
2025-07-04,6.51,6.47,6.63,6.32,20754360.0,134381058.0,0.6220839813374734,0.040000000000000036,0.0609575736508048,4.8211508553654685,340472213.0
2025-07-07,6.45,6.41,6.51,6.39,9840001.0,63361525.0,-0.9273570324574876,-0.05999999999999961,0.028901039862539384,1.8547140649149938,340472213.0
2025-07-08,6.42,6.32,6.46,6.26,13339647.0,84473489.0,-1.404056162246492,-0.08999999999999986,0.03917984049993531,3.1201248049922023,340472213.0
2025-07-09,6.32,6.38,6.41,6.3,8562755.0,54383803.0,0.9493670886075778,0.05999999999999961,0.025149644150255515,1.740506329113929,340472213.0
2025-07-10,6.38,6.64,6.74,6.38,20897030.0,138024125.0,4.075235109717856,0.2599999999999998,0.05901243558004275,5.642633228840131,354112312.0
2025-07-11,6.67,6.55,6.71,6.43,11706150.0,76419675.0,-1.3554216867469826,-0.08999999999999986,0.03305773225981479,4.216867469879522,354112312.0
2025-07-14,6.52,6.55,6.67,6.48,10931155.0,71978022.0,0.0,0.0,0.03086917520111529,2.900763358778619,354112312.0
2025-07-15,6.55,6.75,6.78,6.55,17835998.0,119294382.0,3.053435114503822,0.20000000000000018,0.050368195048807,3.5114503816793956,354112312.0
2025-07-16,6.72,6.66,6.75,6.58,13787647.0,91643765.0,-1.3333333333333308,-0.08999999999999986,0.03893580237899212,2.5185185185185177,354112312.0
2025-07-17,6.65,6.67,6.72,6.55,9059589.0,60131349.0,0.15015015015014122,0.009999999999999787,0.0255839424188109,2.5525525525525516,354112312.0
2025-07-18,6.71,6.63,6.78,6.61,10066997.0,67137002.0,-0.5997001499250421,-0.040000000000000036,0.02842882514629991,2.548725637181408,354112312.0
2025-07-21,6.64,6.7,6.73,6.6,12192405.0,81388883.0,1.0558069381598756,0.07000000000000028,0.03443089829647041,1.9607843137255019,354112312.0
2025-07-22,6.67,6.65,6.71,6.57,11437346.0,75833265.0,-0.7462686567164201,-0.04999999999999982,0.032298639760370715,2.0895522388059655,354112312.0
2025-07-23,6.66,6.57,6.72,6.56,12555201.0,83201192.0,-1.2030075187969946,-0.08000000000000007,0.03545542070844462,2.406015037593987,354112312.0
2025-07-24,6.57,6.52,6.59,6.5,9058620.0,59266641.0,-0.7610350076103556,-0.05000000000000071,0.025581205998847056,1.369863013698628,354112312.0
2025-07-25,6.52,6.53,6.58,6.5,7594159.0,49587995.0,0.15337423312884457,0.010000000000000675,0.02144562259670881,1.2269938650306762,354112312.0
2025-07-28,6.53,6.51,6.6,6.49,11950677.0,77999544.0,-0.3062787136294043,-0.020000000000000462,0.033748267414096575,1.6845329249617063,354112312.0
2025-07-29,6.51,6.43,6.52,6.37,12341996.0,79162532.0,-1.228878648233489,-0.08000000000000007,0.03485333771732851,2.30414746543778,354112312.0
2025-07-30,6.4,6.37,6.42,6.25,11894551.0,75408407.0,-0.9331259720062102,-0.05999999999999961,0.033589769677367216,2.6438569206842915,354112312.0
2025-07-31,6.33,6.37,6.6,6.32,15357641.0,98902734.0,0.0,0.0,0.037868992681023485,4.395604395604385,405546593.99999994
2025-08-01,6.37,6.38,6.42,6.29,7415007.0,47208881.0,0.15698587127157548,0.009999999999999787,0.01828398292502982,2.0408163265306105,405546593.99999994
2025-08-04,6.39,6.39,6.41,6.22,8047410.0,50858992.0,0.15673981191222097,0.009999999999999787,0.019843367245737493,2.9780564263322944,405546593.99999994
2025-08-05,6.38,6.53,6.56,6.33,7767120.0,50331490.0,2.1909233176838905,0.14000000000000057,0.019152225946200405,3.599374021909226,405546593.99999994
2025-08-06,6.6,6.61,6.61,6.49,7723856.0,50684236.0,1.2251148545176171,0.08000000000000007,0.019045545232713755,1.8376722817764182,405546593.99999994
2025-08-07,6.61,6.52,6.61,6.49,5724859.0,37353509.0,-1.3615733736762614,-0.09000000000000075,0.014116402614886715,1.8154311649016657,405546593.99999994
2025-08-08,6.49,6.53,6.54,6.42,6163469.0,39978648.0,0.15337423312884457,0.010000000000000675,0.015197930622985335,1.840490797546014,405546593.99999994
2025-08-11,6.54,6.57,6.61,6.48,8710080.0,57087574.0,0.6125574272588086,0.040000000000000036,0.021477384174504992,1.990811638591116,405546593.99999994
2025-08-12,6.58,6.57,6.6,6.51,6589385.0,43160549.0,0.0,0.0,0.016248157665454344,1.369863013698628,405546593.99999994
2025-08-13,6.57,6.54,6.6,6.5,8536244.0,55962217.0,-0.45662100456621557,-0.03000000000000025,0.021048737990387367,1.5220700152206947,405546593.99999994
2025-08-14,6.55,6.3,6.55,6.27,10437103.0,66669100.0,-3.669724770642202,-0.2400000000000002,0.025735891151387653,4.281345565749239,405546593.99999994
2025-08-15,6.3,6.33,6.41,6.29,6859094.0,43582939.0,0.4761904761904745,0.03000000000000025,0.016913208251478993,1.9047619047619067,405546593.99999994
2025-08-18,6.37,6.47,6.75,6.31,18628505.0,122039572.0,2.211690363349117,0.13999999999999968,0.04593431500992955,6.951026856240132,405546593.99999994
2025-08-19,6.6,7.0,7.11,6.54,33303225.0,226879929.0,8.191653786707898,0.5300000000000002,0.0821193556861681,8.809891808346219,405546593.99999994
2025-08-20,7.43,7.29,7.6,7.16,37733062.0,274943272.0,4.142857142857137,0.29000000000000004,0.09304248280778313,6.285714285714279,405546593.99999994
2025-08-21,7.18,7.24,7.32,7.08,21642465.0,156374713.0,-0.6858710562414272,-0.04999999999999982,0.049401029721134165,3.292181069958851,438097447.0
2025-08-22,7.2,7.12,7.46,6.72,57097165.0,400093279.0,-1.6574585635359185,-0.1200000000000001,0.13032982819459343,10.220994475138125,438097447.0
2025-08-25,7.12,6.98,7.15,6.9,25626919.0,179800999.0,-1.96629213483146,-0.13999999999999968,0.05849593321186371,3.51123595505618,438097447.0
2025-08-26,6.94,7.08,7.19,6.84,17744547.0,124969536.0,1.4326647564469885,0.09999999999999964,0.04050365306054842,5.014326647564477,438097447.0
2025-08-27,7.05,6.79,7.11,6.74,20696228.0,142967886.0,-4.096045197740117,-0.29000000000000004,0.047241151807031645,5.225988700564973,438097447.0
2025-08-28,6.73,6.69,6.84,6.52,15892229.0,106164884.0,-1.4727540500736325,-0.09999999999999964,0.03627555720497043,4.712812960235644,438097447.0
2025-08-29,6.68,6.55,6.74,6.51,14440730.0,94992811.0,-2.092675635276542,-0.14000000000000057,0.032962369671147615,3.437967115097166,438097447.0
2025-09-01,6.57,6.52,6.6,6.43,11639883.0,75800027.0,-0.45801526717557106,-0.03000000000000025,0.026569164188715303,2.5954198473282433,438097447.0
2025-09-02,6.52,6.45,6.53,6.34,10619946.0,68134144.0,-1.0736196319018343,-0.0699999999999994,0.0242410588619568,2.914110429447859,438097447.0
2025-09-03,6.45,6.34,6.5,6.31,8359876.0,53245832.0,-1.705426356589157,-0.11000000000000032,0.01908222943832859,2.945736434108533,438097447.0
2025-09-04,6.33,6.39,6.53,6.24,10798598.0,68829878.0,0.7886435331230235,0.04999999999999982,0.02464884941454589,4.5741324921135655,438097447.0
2025-09-05,6.41,6.5,6.5,6.29,7033550.0,45075976.0,1.7214397496087663,0.11000000000000032,0.016054761442150105,3.286384976525821,438097447.0
2025-09-08,6.55,6.57,6.65,6.49,7324783.0,47964796.0,1.0769230769230864,0.07000000000000028,0.01671952906860925,2.4615384615384635,438097447.0
2025-09-09,6.55,6.71,6.88,6.5,13532528.0,91056013.0,2.130898021308969,0.13999999999999968,0.030889310341039262,5.783866057838659,438097447.0
2025-09-10,6.71,6.59,6.76,6.55,7089508.0,46915243.0,-1.788375558867361,-0.1200000000000001,0.01618249101552057,3.129657228017883,438097447.0
2025-09-11,6.59,6.57,6.6,6.48,6228124.0,40788480.0,-0.30349013657055,-0.019999999999999574,0.014216298320496718,1.820940819423357,438097447.0
2025-09-12,6.61,6.66,6.94,6.61,14667287.0,99769516.0,1.3698630136986356,0.08999999999999986,0.03347950804196309,5.022831050228311,438097447.0
2025-09-15,6.68,6.59,6.74,6.54,9427379.0,62079949.0,-1.0510510510510551,-0.07000000000000028,0.021518908782867205,3.003003003003006,438097447.0
2025-09-16,6.6,6.59,6.6,6.48,7473209.0,48920038.0,0.0,0.0,0.01705832583863471,1.820940819423357,438097447.0
2025-09-17,6.57,6.59,6.62,6.54,6643966.0,43669646.0,0.0,0.0,0.015165498099786918,1.213960546282247,438097447.0
2025-09-18,6.59,6.46,6.59,6.35,10186650.0,66090202.0,-1.9726858877086473,-0.1299999999999999,0.02325201863137084,3.641881638846741,438097447.0
2025-09-19,6.46,6.44,6.56,6.37,7414506.0,47814729.0,-0.3095975232198067,-0.019999999999999574,0.016924330535986895,2.9411764705882275,438097447.0
2025-09-22,6.42,6.54,6.63,6.36,12948350.0,84316737.0,1.552795031055898,0.09999999999999964,0.029555867281737435,4.192546583850925,438097447.0
2025-09-23,6.5,6.29,6.53,6.12,13722300.0,86343604.0,-3.822629969418956,-0.25,0.03132248337434388,6.269113149847097,438097447.0
2025-09-24,6.26,6.45,6.47,6.22,6945791.0,44130612.0,2.5437201907790197,0.16000000000000014,0.01585444299564704,3.97456279809221,438097447.0
2025-09-25,6.45,6.36,6.53,6.33,6603454.0,42374591.0,-1.3953488372092981,-0.08999999999999986,0.015073025522561422,3.1007751937984525,438097447.0
2025-09-26,6.4,6.36,6.45,6.28,8679453.0,55352430.0,0.0,0.0,0.019811694999446093,2.672955974842766,438097447.0
2025-09-29,6.36,6.4,6.48,6.22,8733494.0,55854479.0,0.6289308176100628,0.040000000000000036,0.019935048834009754,4.088050314465419,438097447.0
2025-09-30,6.42,6.46,6.47,6.35,5950699.0,38184313.0,0.9374999999999911,0.05999999999999961,0.0134848520299145,1.8750000000000018,441287675.0
2025-10-09,6.43,6.45,6.53,6.38,7236552.0,46750808.0,-0.1547987616099089,-0.009999999999999787,0.01639871768455804,2.3219814241486123,441287675.0
2025-10-10,6.43,6.59,6.73,6.4,17461613.0,115476502.0,2.170542635658901,0.13999999999999968,0.03956968206737249,5.116279069767442,441287675.0
2025-10-13,6.38,6.39,6.47,6.24,11986712.0,76285600.0,-3.0349013657056223,-0.20000000000000018,0.02716303372850828,3.49013657056145,441287675.0
2025-10-14,6.39,6.33,6.49,6.3,8265500.0,52840866.0,-0.9389671361502261,-0.05999999999999961,0.01873041208322893,2.973395931142416,441287675.0
2025-10-15,6.3,6.3,6.37,6.25,6551221.0,41223636.0,-0.4739336492891044,-0.03000000000000025,0.01484569221200207,1.8957345971563997,441287675.0
2025-10-16,6.32,6.16,6.35,6.15,6764600.0,42193582.0,-2.2222222222222143,-0.13999999999999968,0.015329229396674176,3.1746031746031633,441287675.0
2025-10-17,6.16,6.05,6.22,6.04,8771614.0,53663156.0,-1.7857142857142905,-0.11000000000000032,0.019877314724459503,2.9220779220779174,441287675.0
2025-10-20,6.15,6.04,6.15,5.99,5146563.0,31156165.0,-0.16528925619834212,-0.009999999999999787,0.011662603085390954,2.644628099173556,441287675.0
2025-10-21,6.01,6.19,6.2,5.99,4723095.0,28851116.0,2.4834437086092676,0.15000000000000036,0.010702984170133462,3.47682119205298,441287675.0
2025-10-22,6.18,6.27,6.32,6.17,4884798.0,30598878.0,1.2924071082390798,0.07999999999999918,0.011069418605448248,2.4232633279483093,441287675.0
2025-10-23,6.25,6.24,6.28,6.16,3696100.0,22897233.0,-0.4784688995215225,-0.02999999999999936,0.008375715455909798,1.913875598086126,441287675.0
2025-10-24,6.25,6.3,6.34,6.22,4274131.0,26897819.0,0.9615384615384581,0.05999999999999961,0.009685588884847055,1.9230769230769247,441287675.0
2025-10-27,6.4,6.32,6.4,6.22,5170006.0,32556588.0,0.31746031746031633,0.020000000000000462,0.011715727161425934,2.857142857142867,441287675.0
2025-10-28,6.29,6.33,6.36,6.25,4120900.0,26017252.0,0.15822784810126667,0.009999999999999787,0.009338352810329452,1.740506329113929,441287675.0
2025-10-29,6.3,6.06,6.34,6.01,14013870.0,85678180.0,-4.2654028436019065,-0.27000000000000046,0.03175676728338266,5.213270142180096,441287675.0
2025-10-30,6.06,6.06,6.12,6.01,6717887.0,40829097.0,0.0,0.0,0.01522337327912002,1.8151815181518205,441287675.0
2025-10-31,6.06,6.31,6.32,6.06,9875521.0,61450343.0,4.1254125412541365,0.25,0.02237887337324796,4.290429042904302,441287675.0
2025-11-03,6.33,6.41,6.46,6.3,9026078.0,57702012.0,1.5847860538827252,0.10000000000000053,0.02045395444139699,2.535657686212364,441287675.0
2025-11-04,6.45,6.44,6.45,6.32,8515347.0,54557854.0,0.46801872074884177,0.03000000000000025,0.019296589237394857,2.0280811232449283,441287675.0
2025-11-05,6.4,6.48,6.51,6.35,6575560.0,42595062.0,0.6211180124223503,0.040000000000000036,0.014900846709575562,2.484472049689443,441287675.0
2025-11-06,6.5,6.5,6.51,6.39,6169216.0,39844777.0,0.30864197530864335,0.019999999999999574,0.013980032413096513,1.8518518518518534,441287675.0
2025-11-07,6.53,6.46,6.54,6.45,4591531.0,29827722.0,-0.6153846153846176,-0.040000000000000036,0.010404847586101289,1.3846153846153824,441287675.0
2025-11-10,6.46,6.55,6.56,6.43,8202274.0,53561342.0,1.393188854489158,0.08999999999999986,0.018587135931226722,2.012383900928791,441287675.0
2025-11-11,6.55,6.64,6.68,6.51,7758687.0,51335943.0,1.3740458015267132,0.08999999999999986,0.017581925441266855,2.5954198473282433,441287675.0
2025-11-12,6.68,6.59,6.68,6.53,4826550.0,31833260.0,-0.7530120481927693,-0.04999999999999982,0.010937423076681215,2.2590361445783054,441287675.0
2025-11-13,6.58,6.54,6.59,6.48,6341400.0,41356214.0,-0.7587253414264028,-0.04999999999999982,0.014370217795001866,1.6691957511380795,441287675.0
2025-11-14,6.55,6.56,6.6,6.48,4548900.0,29912184.0,0.3058103975535076,0.019999999999999574,0.010308241670243792,1.8348623853210888,441287675.0
2025-11-17,6.6,6.55,6.64,6.52,4067888.0,26683069.0,-0.1524390243902385,-0.009999999999999787,0.0092182225574281,1.8292682926829285,441287675.0
2025-11-18,6.55,6.54,6.59,6.46,5048052.0,32884784.0,-0.15267175572518665,-0.009999999999999787,0.01143936775483249,1.9847328244274793,441287675.0
2025-11-19,6.55,6.44,6.55,6.4,6175841.0,39926357.0,-1.5290519877675823,-0.09999999999999964,0.013995045295565983,2.293577981651368,441287675.0
2025-11-20,6.44,6.45,6.5,6.38,4501068.0,29003072.0,0.15527950310558758,0.009999999999999787,0.010199849791861964,1.8633540372670823,441287675.0
2025-11-21,6.44,6.13,6.46,6.13,9504309.0,59392562.0,-4.961240310077519,-0.3200000000000003,0.021537671542718705,5.116279069767442,441287675.0
2025-11-24,6.2,6.2,6.25,6.11,6076613.0,37565938.0,1.1419249592169667,0.07000000000000028,0.013770185174557617,2.2838499184339263,441287675.0
2025-11-25,6.18,6.3,6.33,6.17,4771652.0,29993275.0,1.6129032258064502,0.09999999999999964,0.01081301896772893,2.5806451612903247,441287675.0
2025-11-26,6.3,6.3,6.4,6.26,5056700.0,32036870.0,0.0,0.0,0.011458964948431882,2.222222222222231,441287675.0
2025-11-27,6.28,6.28,6.33,6.23,3461519.0,21745658.0,-0.31746031746030523,-0.019999999999999574,0.007844132515144457,1.5873015873015817,441287675.0
2025-11-28,6.29,6.31,6.31,6.21,4345810.0,27191797.0,0.4777070063694211,0.02999999999999936,0.00984802034183257,1.5923566878980837,441287675.0
2025-12-01,6.34,6.22,6.39,6.19,5567234.0,34903116.0,-1.426307448494446,-0.08999999999999986,0.012615883731626993,3.1695721077654406,441287675.0
2025-12-02,6.21,6.16,6.21,6.11,5872116.0,36039453.0,-0.9646302250803762,-0.05999999999999961,0.013306775449824199,1.6077170418006375,441287675.0
2025-12-03,6.13,6.1,6.2,6.08,4870669.0,29734231.0,-0.9740259740259827,-0.0600000000000005,0.01103740094259374,1.9480519480519498,441287675.0
2025-12-04,6.1,6.0,6.1,6.0,5653917.0,34090890.0,-1.6393442622950727,-0.09999999999999964,0.01281231568500072,1.6393442622950762,441287675.0
2025-12-05,6.02,6.01,6.02,5.94,5378845.0,32203974.0,0.16666666666667052,0.009999999999999787,0.012188976272677454,1.3333333333333197,441287675.0
2025-12-08,6.05,6.05,6.05,5.94,4831716.0,29037586.0,0.6655574043261225,0.040000000000000036,0.010949129725864199,1.8302828618968294,441287675.0
2025-12-09,6.06,5.89,6.07,5.88,5544200.0,32951980.0,-2.6446280991735516,-0.16000000000000014,0.012563686488638053,3.1404958677686015,441287675.0
2025-12-10,5.89,5.87,5.96,5.81,4686973.0,27549817.0,-0.3395585738539819,-0.019999999999999574,0.010621128269671253,2.54668930390493,441287675.0
2025-12-11,5.86,5.68,5.94,5.68,6019563.0,34666843.0,-3.236797274275982,-0.1900000000000004,0.013640904428160157,4.429301533219773,441287675.0
2025-12-12,5.73,5.7,5.81,5.63,5253056.0,30157364.0,0.35211267605634866,0.020000000000000462,0.011903926389967723,3.169014084507037,441287675.0
2025-12-15,5.71,5.75,5.76,5.61,5213303.0,29699726.0,0.8771929824561431,0.04999999999999982,0.011813842296864512,2.6315789473684115,441287675.0
2025-12-16,5.74,5.61,5.8,5.6,5512400.0,31212160.0,-2.4347826086956514,-0.13999999999999968,0.012491624652784604,3.4782608695652204,441287675.0
2025-12-17,5.64,5.65,5.69,5.49,6271400.0,35156496.0,0.7130124777183555,0.040000000000000036,0.014211591112305594,3.5650623885918034,441287675.0
2025-12-18,5.65,5.82,5.86,5.62,5630278.0,32564263.0,3.0088495575221197,0.16999999999999993,0.012758747454254189,4.247787610619472,441287675.0
2025-12-19,5.87,5.88,5.9,5.75,4923144.0,28741814.0,1.0309278350515427,0.05999999999999961,0.011156314302229266,2.577319587628872,441287675.0
2025-12-22,5.89,5.81,5.95,5.78,5212901.0,30524468.0,-1.1904761904761973,-0.07000000000000028,0.011812931326486741,2.8911564625850326,441287675.0
2025-12-23,5.81,5.75,5.84,5.69,4206900.0,24090662.0,-1.03270223752151,-0.05999999999999961,0.009533237020499156,2.5817555938037775,441287675.0
2025-12-24,5.77,5.82,5.84,5.72,3733847.0,21662169.0,1.2173913043478368,0.07000000000000028,0.008461253761506029,2.086956521739132,441287675.0
2025-12-25,5.87,5.79,5.87,5.76,3766878.0,21823102.0,-0.5154639175257825,-0.03000000000000025,0.008536105160879465,1.8900343642611739,441287675.0
2025-12-26,5.8,5.75,5.81,5.73,4085992.0,23603042.0,-0.6908462867012077,-0.040000000000000036,0.00925924794976429,1.381692573402404,441287675.0
2025-12-29,5.75,5.75,5.8,5.7,3856878.0,22191653.0,0.0,0.0,0.008740053752917526,1.7391304347826024,441287675.0
2025-12-30,5.74,5.65,5.75,5.64,4723000.0,26820977.0,-1.7391304347825987,-0.09999999999999964,0.010702768891064088,1.913043478260875,441287675.0
2025-12-31,5.66,5.73,5.75,5.6,4131211.0,23442259.0,1.415929203539834,0.08000000000000007,0.009361848525245494,2.6548672566371745,441281547.0
2026-01-05,5.75,5.76,5.82,5.7,4852203.0,27964150.0,0.5235602094240788,0.02999999999999936,0.010995707917059129,2.094240837696337,441281547.0
2026-01-06,5.78,5.83,6.01,5.76,7710222.0,45315432.0,1.2152777777777901,0.07000000000000028,0.017472341756452372,4.340277777777778,441281547.0
2026-01-07,5.82,6.0,6.1,5.77,12657624.0,75936153.0,2.9159519725557415,0.16999999999999993,0.028683782691688215,5.660377358490567,441281547.0
2026-01-08,5.97,6.16,6.28,5.91,11423825.0,69609088.0,2.6666666666666616,0.16000000000000014,0.025887837544224346,6.166666666666668,441281547.0
2026-01-09,6.18,6.16,6.18,6.05,9033757.0,55156122.0,0.0,0.0,0.020471640070641794,2.1103896103896087,441281547.0
2026-01-12,6.16,6.43,6.58,6.13,13452136.0,85834593.0,4.383116883116878,0.2699999999999996,0.03048424773583383,7.305194805194808,441281547.0
2026-01-13,6.44,6.38,6.55,6.35,11959456.0,77045172.0,-0.7776049766718529,-0.04999999999999982,0.027101645381060996,3.110419906687406,441281547.0
2026-01-14,6.4,6.46,6.63,6.37,13400662.0,87144594.0,1.2539184952978122,0.08000000000000007,0.030367601117932085,4.075235109717865,441281547.0
2026-01-15,6.45,6.47,6.52,6.36,8086623.0,51994615.0,0.1547987616099089,0.009999999999999787,0.018325314201275675,2.476780185758502,441281547.0
2026-01-16,6.5,6.58,6.84,6.46,11210710.0,73708418.0,1.7001545595054068,0.11000000000000032,0.02540489190226665,5.87326120556414,441281547.0
2026-01-19,6.58,6.75,6.79,6.53,9316960.0,62412617.0,2.583586626139822,0.16999999999999993,0.021113414017287245,3.9513677811550116,441281547.0
2026-01-20,6.76,6.76,6.95,6.74,13248098.0,90551910.0,0.1481481481481417,0.009999999999999787,0.030021871728073867,3.1111111111111107,441281547.0
2026-01-21,6.81,7.19,7.29,6.76,26927195.0,191156656.0,6.360946745562135,0.4300000000000006,0.061020441899420734,7.840236686390536,441281547.0
2026-01-22,7.31,7.32,7.41,7.12,20518062.0,149230879.0,1.8080667593880273,0.1299999999999999,0.046496532971953164,4.033379694019472,441281547.0
2026-01-23,7.27,7.17,7.36,7.14,14924570.0,107430307.0,-2.0491803278688603,-0.15000000000000036,0.033820970084661166,3.0054644808743256,441281547.0
2026-01-26,7.21,6.76,7.22,6.63,25020182.0,170486831.0,-5.7182705718270554,-0.41000000000000014,0.056698908372889656,8.22873082287308,441281547.0
2026-01-27,6.79,6.72,6.84,6.56,10821409.0,72238655.0,-0.591715976331364,-0.040000000000000036,0.024522686419969426,4.14201183431953,441281547.0
2026-01-28,6.74,6.58,6.74,6.54,9465492.0,62438622.0,-2.083333333333326,-0.13999999999999968,0.02145000638333966,2.976190476190479,441281547.0
2026-01-29,6.58,6.52,6.64,6.47,9614392.0,63091012.0,-0.911854103343468,-0.0600000000000005,0.021787432684104508,2.583586626139817,441281547.0
2026-01-30,6.5,6.52,6.58,6.4,8348421.0,54168624.0,0.0,0.0,0.018918581700856845,2.7607361963190145,441281547.0
2026-02-02,6.47,6.43,6.56,6.41,8668129.0,56040403.0,-1.3803680981595123,-0.08999999999999986,0.019643080611299615,2.3006134969325074,441281547.0
2026-02-03,6.49,6.49,6.56,6.34,11155748.0,72117699.0,0.9331259720062324,0.0600000000000005,0.025280341033612267,3.4214618973561395,441281547.0
2026-02-04,6.5,6.71,6.72,6.48,9990288.0,66418887.0,3.3898305084745672,0.21999999999999975,0.022639260734825153,3.6979969183358907,441281547.0
2026-02-05,6.69,6.67,6.75,6.6,7566494.0,50470683.0,-0.5961251862891204,-0.040000000000000036,0.017146635864200323,2.235469448584208,441281547.0
2026-02-06,6.58,6.91,7.06,6.56,18126072.0,124882536.0,3.59820089955023,0.2400000000000002,0.04107598000239969,7.496251874062969,441281547.0
2026-02-09,6.98,6.9,6.99,6.86,13467813.0,92961528.0,-0.14471780028942893,-0.009999999999999787,0.030519773807808917,1.8813314037626612,441281547.0
2026-02-10,6.97,6.85,6.97,6.83,10203190.0,70115387.0,-0.7246376811594346,-0.05000000000000071,0.021738622941981922,2.028985507246372,469357697.0
2026-02-11,6.82,6.75,6.87,6.72,6614706.0,44944827.0,-1.4598540145985384,-0.09999999999999964,0.014093102216666108,2.1897810218978155,469357697.0
2026-02-12,6.72,6.64,6.78,6.6,10459761.0,69830420.0,-1.6296296296296364,-0.11000000000000032,0.022285265729859758,2.6666666666666754,469357697.0
2026-02-13,6.63,6.53,6.64,6.48,9930843.0,65029659.0,-1.6566265060240837,-0.10999999999999943,0.021158368262574802,2.4096385542168566,469357697.0
2026-02-24,6.6,6.57,6.63,6.51,11488790.0,75537507.0,0.6125574272588086,0.040000000000000036,0.024477685299363484,1.8376722817764182,469357697.0
2026-02-25,6.6,6.59,6.63,6.55,7693964.0,50658937.0,0.3044140030441289,0.019999999999999574,0.016392538247860033,1.2176560121765612,469357697.0
2026-02-26,6.58,6.55,6.59,6.5,8600541.0,56265039.0,-0.6069802731411222,-0.040000000000000036,0.01832406511062287,1.3657056145675244,469357697.0
2026-02-27,6.52,6.57,6.57,6.43,8191706.0,53260124.0,0.3053435114503955,0.020000000000000462,0.017453013026864243,2.1374045801526806,469357697.0
2026-03-02,6.53,6.36,6.54,6.34,11983849.0,76849555.0,-3.1963470319634646,-0.20999999999999996,0.0255324437557908,3.044140030441403,469357697.0
2026-03-03,6.4,6.17,6.42,6.15,11295821.0,71210143.0,-2.9874213836478036,-0.1900000000000004,0.024066551102069175,4.245283018867918,469357697.0
2026-03-04,6.12,6.1,6.18,6.01,9509329.0,57973019.0,-1.1345218800648316,-0.07000000000000028,0.02026030266634788,2.7552674230145855,469357697.0
2026-03-05,6.17,6.19,6.24,6.13,6330487.0,39216988.0,1.4754098360655776,0.09000000000000075,0.013487553395763317,1.8032786885245955,469357697.0
2026-03-06,6.17,6.48,6.57,6.16,10993720.0,70574276.0,4.684975767366728,0.29000000000000004,0.023422903406652772,6.623586429725366,469357697.0
2026-03-09,6.42,6.43,6.54,6.31,10876288.0,69788135.0,-0.7716049382716195,-0.05000000000000071,0.023172706167424374,3.5493827160493887,469357697.0
2026-03-10,6.49,6.55,6.57,6.43,7563983.0,49365259.0,1.8662519440124425,0.1200000000000001,0.016115604470421627,2.1772939346811913,469357697.0
2026-03-11,6.53,6.48,6.55,6.43,6906959.0,44793362.0,-1.0687022900763288,-0.0699999999999994,0.014715768046731319,1.8320610687022918,469357697.0
2026-03-12,6.48,6.41,6.56,6.4,7796719.0,50426590.0,-1.0802469135802517,-0.07000000000000028,0.016611465093327317,2.469135802469124,469357697.0
2026-03-13,6.41,6.43,6.56,6.41,5625003.0,36485104.0,0.31201248049921304,0.019999999999999574,0.011984469490866793,2.3400936037441413,469357697.0
2026-03-16,6.48,6.44,6.49,6.38,5192900.0,33399022.0,0.15552099533437946,0.010000000000000675,0.011063843276016415,1.7107309486780766,469357697.0
2026-03-17,6.41,6.38,6.48,6.33,6405445.0,41069151.0,-0.9316770186335477,-0.0600000000000005,0.013647256753094219,2.3291925465838563,469357697.0
2026-03-18,6.39,6.42,6.46,6.34,4922592.0,31511746.0,0.6269592476489061,0.040000000000000036,0.010487932831322036,1.8808777429467103,469357697.0
2026-03-19,6.4,6.21,6.43,6.17,6611992.0,41494255.0,-3.2710280373831724,-0.20999999999999996,0.01408731984638147,4.049844236760122,469357697.0
2026-03-20,6.24,6.23,6.35,6.15,7921492.0,49447644.0,0.32206119162641045,0.020000000000000462,0.01687730285586432,3.2206119162640787,469357697.0
2026-03-23,6.17,5.75,6.17,5.75,16277900.0,96645164.0,-7.704654895666141,-0.4800000000000004,0.0346812252234142,6.741573033707864,469357697.0
2026-03-24,5.88,6.04,6.04,5.73,11425337.0,67385093.0,5.043478260869572,0.29000000000000004,0.024342494163891382,5.39130434782608,469357697.0
2026-03-25,6.05,6.11,6.14,6.01,5977523.0,36379807.0,1.1589403973510048,0.07000000000000028,0.012735538456504741,2.1523178807947003,469357697.0
2026-03-26,6.1,6.12,6.23,6.02,5874299.0,35881864.0,0.16366612111291534,0.009999999999999787,0.012515612373136389,3.4369885433715357,469357697.0
2026-03-27,6.05,6.22,6.22,6.03,5471235.0,33727188.0,1.6339869281045694,0.09999999999999964,0.01165685581587469,3.1045751633986844,469357697.0
2026-03-30,6.18,6.23,6.28,6.12,4972190.0,30931007.0,0.1607717041800738,0.010000000000000675,0.010593604902573911,2.572347266881031,469357697.0
2026-03-31,6.25,6.03,6.27,6.02,5812900.0,35608434.0,-3.21027287319422,-0.20000000000000018,0.012124807359194262,4.012841091492777,479422050.0
2026-04-01,6.13,6.14,6.15,6.04,5242600.0,32003835.0,1.8242122719734466,0.10999999999999943,0.010935250057856121,1.8242122719734712,479422050.0
2026-04-02,6.13,5.97,6.15,5.92,6257800.0,37636104.0,-2.7687296416938123,-0.16999999999999993,0.013052799719996191,3.745928338762222,479422050.0
2026-04-03,5.97,5.76,5.97,5.74,7418960.0,43038551.0,-3.5175879396984966,-0.20999999999999996,0.015474799292189418,3.852596314907865,479422050.0
2026-04-07,5.76,5.98,6.03,5.76,6787123.0,40268751.0,3.819444444444464,0.22000000000000064,0.014156885358109833,4.687500000000008,479422050.0
2026-04-08,6.08,6.12,6.14,6.05,4860649.0,29616466.0,2.341137123745818,0.13999999999999968,0.010138559542682694,1.5050167224080242,479422050.0
2026-04-09,6.15,6.04,6.2,6.04,5114626.0,31186146.0,-1.3071895424836666,-0.08000000000000007,0.010668316152751005,2.6143790849673225,479422050.0
2026-04-10,6.13,6.1,6.15,6.04,4606476.0,28091818.0,0.9933774834437026,0.05999999999999961,0.009608394107029496,1.8211920529801375,479422050.0
2026-04-13,6.13,6.1,6.13,6.0,4005361.0,24224243.0,0.0,0.0,0.008354561497536462,2.131147540983605,479422050.0
2026-04-14,6.12,6.06,6.13,5.95,6696100.0,40228883.0,-0.6557377049180357,-0.040000000000000036,0.013967025504980423,2.9508196721311433,479422050.0
2026-04-15,6.1,6.67,6.67,6.07,20268047.0,132362092.0,10.066006600660081,0.6100000000000003,0.04227600086395693,9.900990099009896,479422050.0
2026-04-16,6.7,7.11,7.2,6.61,55576410.0,388475904.0,6.596701649175407,0.4400000000000004,0.11592376696065607,8.845577211394302,479422050.0
2026-04-17,7.16,7.01,7.16,6.84,38218137.0,267347814.0,-1.406469760900153,-0.10000000000000053,0.07971710312448083,4.500703234880453,479422050.0
2026-04-20,7.08,7.12,7.29,6.98,18466892.0,131475793.0,1.5691868758915817,0.11000000000000032,0.03851907103563551,4.422253922967184,479422050.0
2026-04-21,7.16,7.15,7.2,7.0,16020867.0,114160184.0,0.4213483146067398,0.03000000000000025,0.033417042457684204,2.8089887640449462,479422050.0
2026-04-22,7.07,6.97,7.09,6.83,24717868.0,171819080.0,-2.5174825174825277,-0.1800000000000006,0.05155763695057414,3.6363636363636336,479422050.0
2026-04-23,6.98,6.91,7.02,6.79,17281416.0,119395431.0,-0.8608321377331363,-0.05999999999999961,0.03604635206077818,3.299856527977038,479422050.0
2026-04-24,6.91,7.09,7.32,6.89,21223204.0,151514435.0,2.604920405209832,0.17999999999999972,0.04381655753799882,6.222865412445739,484364934.0
2026-04-27,7.05,7.49,7.7,7.05,36809747.0,271802385.0,5.641748942172087,0.40000000000000036,0.07599589568967435,9.167842031029624,484364934.0
2026-04-28,7.45,7.59,7.84,7.38,34354967.0,259104286.0,1.3351134846461887,0.09999999999999964,0.0709278574654209,6.141522029372496,484364934.0
2026-04-29,7.55,7.89,7.95,7.53,37179677.0,290241047.0,3.9525691699604737,0.2999999999999998,0.07675963801293675,5.533596837944663,484364934.0
2026-04-30,7.97,7.93,8.17,7.88,27145940.0,216962547.0,0.5069708491761693,0.040000000000000036,0.053158961423715984,3.6755386565272503,510655951.0
2026-05-06,7.93,8.15,8.2,7.85,20637484.0,166493886.0,2.774274905422458,0.22000000000000064,0.0404136757039379,4.413619167717524,510655951.0
2026-05-07,8.09,7.67,8.1,7.42,36595844.0,280090225.0,-5.88957055214725,-0.4800000000000004,0.07166438367816064,8.343558282208585,510655951.0
2026-05-08,7.62,8.44,8.44,7.58,26171794.0,211129890.0,10.039113428943924,0.7699999999999996,0.051251324788732365,11.212516297262052,510655951.0
2026-05-11,8.59,8.48,8.77,8.38,40649128.0,346351666.0,0.4739336492891155,0.040000000000000924,0.07960179044305311,4.620853080568707,510655951.0
2026-05-12,8.55,8.34,8.71,8.31,21295665.0,179765506.0,-1.650943396226423,-0.14000000000000057,0.04170256893765251,4.7169811320754755,510655951.0
2026-05-13,8.34,8.28,8.43,8.23,16023357.0,133210065.0,-0.7194244604316613,-0.0600000000000005,0.03137798936568155,2.398081534772174,510655951.0
2026-05-14,8.31,8.26,8.49,8.12,19317240.0,160539588.0,-0.24154589371979673,-0.019999999999999574,0.03782828724931475,4.468599033816437,510655951.0
2026-05-15,8.26,8.28,8.35,8.06,15562983.0,127894369.0,0.2421307506053294,0.019999999999999574,0.030476454782370686,3.5108958837772293,510655951.0
2026-05-18,8.28,8.31,8.46,8.04,17823401.0,147104006.0,0.36231884057973396,0.030000000000001137,0.0349029536718353,5.072463768115963,510655951.0
2026-05-19,8.31,8.14,8.34,8.07,11978904.0,97620624.0,-2.0457280385078214,-0.16999999999999993,0.023457876044609142,3.2490974729241824,510655951.0
2026-05-20,8.07,8.32,8.39,8.03,17440385.0,143628804.0,2.211302211302213,0.17999999999999972,0.03415290660149381,4.4226044226044365,510655951.0
2026-05-21,8.28,8.19,8.67,8.14,17896151.0,150669398.0,-1.562500000000011,-0.13000000000000078,0.03504541749675997,6.3701923076923,510655951.0
2026-05-22,8.19,8.3,8.4,8.08,13211888.0,108496984.0,1.3431013431013605,0.11000000000000121,0.02587238623994808,3.9072039072039106,510655951.0
2026-05-25,8.41,8.26,8.61,8.26,17384569.0,146854371.0,-0.48192771084338837,-0.040000000000000924,0.034043604046827214,4.216867469879514,510655951.0
2026-05-26,8.28,8.3,8.48,8.05,16923610.0,139422757.0,0.4842615012106588,0.040000000000000924,0.033140923878120045,5.205811138014525,510655951.0
2026-05-27,8.31,7.47,8.52,7.47,27638280.0,216839948.0,-10.000000000000009,-0.830000000000001,0.05412309392630578,12.65060240963855,510655951.0
2026-05-28,7.0,6.72,7.49,6.72,58677294.0,405774897.0,-10.040160642570283,-0.75,0.11490572837757843,10.307898259705494,510655951.0
2026-05-29,6.6,6.19,6.71,6.14,41223919.0,264203200.0,-7.886904761904756,-0.5299999999999994,0.08072738390548982,8.482142857142861,510655951.0
2026-06-01,6.21,6.5,6.73,6.21,33495330.0,218162271.0,5.0080775444264924,0.3099999999999996,0.06559275366204437,8.400646203554127,510655951.0
2026-06-02,6.42,6.55,6.63,6.33,24121959.0,156196996.0,0.7692307692307665,0.04999999999999982,0.047237203351420454,4.615384615384613,510655951.0
2026-06-03,6.52,6.29,6.62,6.2,17430566.0,110059950.0,-3.969465648854964,-0.2599999999999998,0.03413367839122666,6.412213740458014,510655951.0
2026-06-04,6.25,6.21,6.42,6.11,11597443.0,72104863.0,-1.2718600953895098,-0.08000000000000007,0.02271087407732961,4.928457869634334,510655951.0
2026-06-05,6.21,6.24,6.32,6.05,13141032.0,81327078.0,0.48309178743961567,0.03000000000000025,0.025733631370135547,4.3478260869565295,510655951.0
2026-06-08,6.15,6.5,6.86,6.12,46980422.0,308312964.0,4.166666666666674,0.2599999999999998,0.09200014590645592,11.858974358974363,510655951.0
2026-06-09,6.72,6.16,6.72,6.06,33094950.0,206625596.0,-5.230769230769228,-0.33999999999999986,0.06480870326722189,10.153846153846157,510655951.0
2026-06-10,6.09,6.07,6.27,6.0,16025695.0,97613427.0,-1.461038961038963,-0.08999999999999986,0.03138256779073549,4.383116883116876,510655951.0
2026-06-11,6.01,6.2,6.26,6.0,14533893.0,89472331.0,2.1416803953871577,0.1299999999999999,0.028461223200353932,4.283360790774296,510655951.0
2026-06-12,6.31,6.3,6.82,6.28,44988332.0,295542598.0,1.6129032258064502,0.09999999999999964,0.08809910451821994,8.709677419354838,510655951.0
2026-06-15,6.37,6.12,6.37,6.0,30195761.0,184774582.0,-2.857142857142858,-0.17999999999999972,0.05913132108001225,5.873015873015875,510655951.0
2026-06-16,6.07,5.96,6.12,5.86,18473317.0,110524047.0,-2.614379084967322,-0.16000000000000014,0.036175661840079094,4.248366013071892,510655951.0
2026-06-17,5.88,5.79,5.93,5.77,12931695.0,75363011.0,-2.8523489932885893,-0.16999999999999993,0.025323693916963673,2.684563758389264,510655951.0
2026-06-18,5.8,5.95,5.96,5.7,16535802.0,96567859.0,2.763385146804831,0.16000000000000014,0.032381492798857055,4.4905008635578545,510655951.0
2026-06-22,5.91,5.63,5.91,5.44,20240052.0,113624810.0,-5.378151260504205,-0.3200000000000003,0.03963539827620652,7.899159663865542,510655951.0
2026-06-23,5.63,5.73,5.92,5.57,11783821.0,68188152.0,1.7761989342806483,0.10000000000000053,0.023075851709794332,6.216696269982232,510655951.0
