date,open,close,high,low,volume,amount,pct_chg,change,turnover,amplitude,outstanding_share
2023-06-26,12.21,12.0,12.31,11.96,1195600.0,15248579.0,,,0.02108409566846688,,56706250.0
2023-06-27,12.14,12.22,12.23,11.98,1222500.0,15631236.0,1.8333333333333313,0.22000000000000064,0.021558470186266946,2.083333333333333,56706250.0
2023-06-28,12.22,12.29,12.31,11.97,1121900.0,14395061.0,0.572831423895237,0.06999999999999851,0.01978441529813733,2.7823240589198024,56706250.0
2023-06-29,12.29,12.78,12.84,12.29,3655200.0,48962494.0,3.9869812855980458,0.4900000000000002,0.06445850325140527,4.475183075671284,56706250.0
2023-06-30,12.78,12.79,12.86,12.61,1636800.0,22050186.0,0.07824726134584292,0.009999999999999787,0.02886454315000551,1.9561815336463224,56706250.0
2023-07-03,12.82,12.95,12.98,12.71,2292200.0,31096225.0,1.2509773260359625,0.16000000000000014,0.040422352033506005,2.111024237685689,56706250.0
2023-07-04,12.87,13.12,13.23,12.85,1897115.0,26193502.0,1.3127413127413057,0.16999999999999993,0.03345513060729637,2.9343629343629405,56706250.0
2023-07-05,13.13,13.0,13.17,12.91,1082500.0,14876280.0,-0.9146341463414531,-0.11999999999999922,0.01908960652485396,1.9817073170731694,56706250.0
2023-07-06,13.04,12.95,13.04,12.88,783600.0,10690024.0,-0.38461538461539435,-0.05000000000000071,0.013818582607737242,1.2307692307692182,56706250.0
2023-07-07,12.96,12.95,12.99,12.85,784300.0,10691087.0,0.0,0.0,0.013830926926044308,1.0810810810810856,56706250.0
2023-07-10,12.99,12.84,13.02,12.8,890000.0,12065561.0,-0.8494208494208455,-0.10999999999999943,0.01569491899041111,1.6988416988416903,56706250.0
2023-07-11,12.86,13.06,13.06,12.86,1053915.0,14429380.0,1.7133956386292892,0.22000000000000064,0.018585517469414746,1.5576323987539025,56706250.0
2023-07-12,13.06,12.9,13.12,12.87,958500.0,13088551.0,-1.2251148545176171,-0.16000000000000014,0.016902898710459604,1.914241960183767,56706250.0
2023-07-13,13.05,12.94,13.05,12.86,725700.0,9884116.0,0.31007751937983663,0.03999999999999915,0.012797531136338587,1.4728682170542735,56706250.0
2023-07-14,12.95,12.72,12.96,12.66,1448700.0,19483187.0,-1.7001545595053957,-0.21999999999999886,0.02554744847349278,2.318392581143746,56706250.0
2023-07-17,12.71,12.8,12.8,12.6,879700.0,11767491.0,0.6289308176100628,0.08000000000000007,0.015513281163892868,1.5723270440251655,56706250.0
2023-07-18,12.8,12.98,13.01,12.67,884776.0,12049876.0,1.4062499999999867,0.17999999999999972,0.015602795106359528,2.656249999999999,56706250.0
2023-07-19,12.99,12.87,12.99,12.78,782215.0,10607982.0,-0.8474576271186529,-0.11000000000000121,0.013794158492229692,1.6178736517719634,56706250.0
2023-07-20,12.85,12.71,12.91,12.67,780900.0,10501960.0,-1.2432012432012307,-0.15999999999999837,0.01377096880855285,1.8648018648018665,56706250.0
2023-07-21,12.68,12.54,12.79,12.5,1183500.0,15737245.0,-1.3375295043273172,-0.1700000000000017,0.020870715309159044,2.2816679779700952,56706250.0
2023-07-24,12.54,12.61,12.65,12.44,733900.0,9714861.0,0.5582137161084466,0.07000000000000028,0.012942136007935633,1.6746411483253658,56706250.0
2023-07-25,12.63,12.72,12.73,12.57,639300.0,8546407.0,0.872323552735943,0.11000000000000121,0.011273889562438003,1.2688342585249814,56706250.0
2023-07-26,12.73,12.84,12.87,12.7,939100.0,12678893.0,0.943396226415083,0.11999999999999922,0.01656078474594952,1.336477987421383,56706250.0
2023-07-27,12.84,12.86,12.99,12.72,1074630.0,14625672.0,0.15576323987538387,0.019999999999999574,0.018950821117601675,2.102803738317754,56706250.0
2023-07-28,12.83,12.75,12.87,12.67,1113830.0,14983454.0,-0.8553654743390315,-0.10999999999999943,0.01964210294279731,1.5552099533436958,56706250.0
2023-07-31,12.75,12.89,12.9,12.69,1121600.0,15117149.0,1.098039215686275,0.14000000000000057,0.019779124876005732,1.6470588235294186,56706250.0
2023-08-01,12.98,12.8,12.98,12.71,1135300.0,15356891.0,-0.6982156710628407,-0.08999999999999986,0.02002072082001543,2.094647013188515,56706250.0
2023-08-02,12.85,12.96,12.96,12.76,1074200.0,14601935.0,1.2499999999999956,0.16000000000000014,0.01894323817921305,1.5625000000000084,56706250.0
2023-08-03,12.99,12.66,12.99,12.63,1227085.0,16459686.0,-2.314814814814825,-0.3000000000000007,0.021639325471178222,2.7777777777777732,56706250.0
2023-08-04,12.73,12.44,12.74,12.41,1724300.0,22739975.0,-1.7377567140600347,-0.22000000000000064,0.030407582938388626,2.606635071090048,56706250.0
2023-08-07,12.44,12.4,12.54,12.37,987800.0,12951509.0,-0.3215434083601254,-0.03999999999999915,0.017419596605312466,1.366559485530546,56706250.0
2023-08-08,12.43,12.48,12.52,12.35,870400.0,11439581.0,0.6451612903225712,0.08000000000000007,0.015349278077813291,1.370967741935483,56706250.0
2023-08-09,12.47,12.39,12.47,12.34,849600.0,11109782.0,-0.7211538461538436,-0.08999999999999986,0.014982475476689077,1.041666666666673,56706250.0
2023-08-10,12.39,12.59,12.61,12.33,1150400.0,15178581.0,1.6142050040355072,0.1999999999999993,0.020287005400639258,2.2598870056497122,56706250.0
2023-08-11,12.57,12.57,12.67,12.5,1065900.0,14148762.0,-0.1588562351072298,-0.019999999999999574,0.018796869833572136,1.350277998411437,56706250.0
2023-08-14,12.43,12.38,12.49,12.2,1625100.0,21118634.0,-1.511535401750197,-0.1899999999999995,0.02865821668687314,2.3070803500397847,56706250.0
2023-08-15,12.34,12.35,12.43,12.24,677200.0,8817981.0,-0.24232633279483995,-0.030000000000001137,0.011942246225063374,1.5347334410339217,56706250.0
2023-08-16,12.39,12.68,12.72,12.25,1775500.0,23557002.0,2.6720647773279316,0.33000000000000007,0.03131048164884823,3.8056680161943373,56706250.0
2023-08-17,12.67,12.77,12.78,12.49,2028700.0,27060161.0,0.7097791798107211,0.08999999999999986,0.035775597927918,2.2870662460567757,56706250.0
2023-08-18,12.75,12.8,12.95,12.68,1589900.0,21508485.0,0.2349256068911565,0.030000000000001137,0.028037473823432163,2.114330462020357,56706250.0
2023-08-21,12.71,12.69,12.82,12.59,1479100.0,19815444.0,-0.8593750000000067,-0.11000000000000121,0.02608354458282817,1.7968750000000033,56706250.0
2023-08-22,12.7,12.66,12.84,12.43,1499800.0,19944867.0,-0.23640661938534313,-0.02999999999999936,0.02644858370990852,3.2308904649330192,56706250.0
2023-08-23,12.61,12.42,12.71,12.4,1224000.0,16179004.0,-1.8957345971563955,-0.2400000000000002,0.021584922296924942,2.448657187993685,56706250.0
2023-08-24,12.45,11.84,12.48,11.8,2694633.0,34127741.0,-4.669887278582929,-0.5800000000000001,0.047519153532458946,5.475040257648951,56706250.0
2023-08-25,12.15,12.05,13.02,11.89,8013575.0,105684184.0,1.7736486486486625,0.21000000000000085,0.14131731511076823,9.54391891891891,56706250.0
2023-08-28,12.29,12.06,12.43,11.86,5788800.0,74528994.0,0.08298755186721962,0.009999999999999787,0.10208398545133913,4.730290456431537,56706250.0
2023-08-29,11.9,12.72,12.75,11.9,4878925.0,64254180.0,5.472636815920406,0.6600000000000001,0.08603857599470958,7.048092868988388,56706250.0
2023-08-30,12.72,12.99,13.17,12.69,3681704.0,50389540.0,2.1226415094339535,0.2699999999999996,0.06492589441199162,3.7735849056603805,56706250.0
2023-08-31,12.95,12.99,13.08,12.92,1946000.0,26642632.0,0.0,0.0,0.03431720489364047,1.2317167051578148,56706250.0
2023-09-01,12.94,13.0,13.06,12.8,1602500.0,21824323.0,0.07698229407235857,0.009999999999999787,0.02825967155295933,2.001539645881446,56706250.0
2023-09-04,13.01,13.13,13.17,12.98,1983900.0,27322348.0,1.0000000000000009,0.13000000000000078,0.034985561556265844,1.4615384615384577,56706250.0
2023-09-05,13.12,13.15,13.23,12.99,1608500.0,22320406.0,0.15232292460014563,0.019999999999999574,0.028365479995591313,1.8278750952018294,56706250.0
2023-09-06,13.15,13.24,13.25,13.07,1358600.0,18912595.0,0.684410646387823,0.08999999999999986,0.02395855835996914,1.3688212927756631,56706250.0
2023-09-07,13.29,13.09,13.32,12.99,1878000.0,26022760.0,-1.132930513595165,-0.15000000000000036,0.03311804254381131,2.492447129909366,56706250.0
2023-09-08,13.09,13.13,13.22,13.07,1054800.0,14597264.0,0.30557677616502854,0.040000000000000924,0.018601124214702964,1.1459129106187955,56706250.0
2023-09-11,13.14,13.1,13.18,12.99,1809200.0,24959059.0,-0.22848438690024064,-0.030000000000001137,0.03190477240163121,1.4470677837014432,56706250.0
2023-09-12,13.1,13.01,13.13,12.9,1479900.0,20295200.0,-0.6870229007633566,-0.08999999999999986,0.026097652375179102,1.7557251908396978,56706250.0
2023-09-13,13.04,12.82,13.07,12.67,1929800.0,26084800.0,-1.4604150653343528,-0.1899999999999995,0.03403152209853411,3.074558032282862,56706250.0
2023-09-14,12.83,12.75,12.85,12.64,1294500.0,17415312.0,-0.5460218408736339,-0.07000000000000028,0.022828171497850765,1.6380655226208976,56706250.0
2023-09-15,12.76,12.69,12.88,12.6,1686800.0,22572580.0,-0.47058823529412264,-0.0600000000000005,0.02974628017193872,2.196078431372558,56706250.0
2023-09-18,12.63,13.05,13.09,12.5,1799630.0,24519258.0,2.8368794326241176,0.3600000000000012,0.0317360079356332,4.649330181245074,56706250.0
2023-09-19,13.04,12.98,13.11,12.95,1288300.0,17695919.0,-0.5363984674329525,-0.07000000000000028,0.02271883610713105,1.2260536398467443,56706250.0
2023-09-20,12.92,12.86,13.06,12.8,1648400.0,22484932.0,-0.924499229583986,-0.120000000000001,0.029069106139094015,2.0030816640986115,56706250.0
2023-09-21,12.83,12.72,12.91,12.67,2095400.0,28188626.0,-1.0886469673405785,-0.1399999999999988,0.0369518351151769,1.8662519440124437,56706250.0
2023-09-22,12.71,13.02,13.04,12.67,1692500.0,23017025.0,2.3584905660377187,0.29999999999999893,0.029846798192439104,2.908805031446535,56706250.0
2023-09-25,13.0,13.13,13.2,12.95,1762400.0,24285349.0,0.8448540706605279,0.11000000000000121,0.03107946654910173,1.9201228878648235,56706250.0
2023-09-26,13.1,13.19,13.22,13.0,1385600.0,19198317.0,0.4569687738004369,0.05999999999999872,0.02443469635181307,1.6755521706016803,56706250.0
2023-09-27,13.17,13.47,13.54,13.17,3517015.0,49764112.0,2.1228203184230576,0.28000000000000114,0.06202164664388846,2.8051554207733074,56706250.0
2023-09-28,13.4,13.54,13.62,13.38,1786700.0,25468683.0,0.5196733481811266,0.06999999999999851,0.03150799074176127,1.7817371937639084,56706250.0
2023-10-09,13.54,13.49,13.66,13.35,2059000.0,29223503.0,-0.36927621861151394,-0.049999999999998934,0.036309930563209525,2.2895125553914366,56706250.0
2023-10-10,13.5,13.35,13.51,13.23,1572900.0,22131926.0,-1.0378057820607856,-0.14000000000000057,0.02773768323597487,2.0756115641215667,56706250.0
2023-10-11,13.34,13.23,13.38,13.15,1514100.0,21140617.0,-0.8988764044943753,-0.11999999999999922,0.026700760498181417,1.7228464419475689,56706250.0
2023-10-12,13.24,13.29,13.35,13.11,1665400.0,23235909.0,0.45351473922901064,0.05999999999999872,0.029368896726551307,1.8140589569161012,56706250.0
2023-10-13,13.28,13.16,13.29,13.03,1397200.0,19356555.0,-0.9781790820165503,-0.129999999999999,0.024639259340901574,1.9563581640331063,56706250.0
2023-10-16,13.19,13.08,13.19,12.93,1693600.0,23309474.0,-0.6079027355623157,-0.08000000000000007,0.029866196406921636,1.9756838905775058,56706250.0
2023-10-17,13.07,13.16,13.17,12.9,1459400.0,20043736.0,0.6116207951070374,0.08000000000000007,0.02573614019618649,2.0642201834862353,56706250.0
2023-10-18,13.11,12.89,13.11,12.86,1391847.0,18967396.0,-2.0516717325227973,-0.2699999999999996,0.024544860575333408,1.8996960486322187,56706250.0
2023-10-19,12.81,12.74,13.03,12.71,1477900.0,20023786.0,-1.1636927851047307,-0.15000000000000036,0.026062382894301774,2.4825446082234173,56706250.0
2023-10-20,12.71,12.73,12.96,12.62,1439300.0,19372416.0,-0.07849293563578774,-0.009999999999999787,0.025381681913369338,2.668759811616967,56706250.0
2023-10-23,12.8,12.26,12.87,12.2,4672659.0,61154644.0,-3.6920659858601823,-0.47000000000000064,0.08240112862338808,5.263157894736841,56706250.0
2023-10-24,12.35,12.76,12.78,12.35,7144273.0,95163582.0,4.078303425774887,0.5,0.12598739997795658,3.507340946166392,56706250.0
2023-10-25,11.9,11.53,11.9,11.49,10001776.0,121514596.0,-9.63949843260189,-1.2300000000000004,0.17637872368566077,3.2131661442006285,56706250.0
2023-10-26,11.45,11.45,11.56,11.12,7658123.0,91334701.0,-0.6938421509106729,-0.08000000000000007,0.13504901135236416,3.8161318300086844,56706250.0
2023-10-27,11.3,11.6,11.66,11.3,5172823.0,62890833.0,1.310043668122285,0.15000000000000036,0.0912213909401521,3.144104803493445,56706250.0
2023-10-30,11.62,11.9,12.25,11.58,5395550.0,67441071.0,2.586206896551735,0.3000000000000007,0.09514912377383446,5.775862068965517,56706250.0
2023-10-31,11.81,11.69,11.99,11.58,4016400.0,49893918.0,-1.764705882352946,-0.21000000000000085,0.07082817149785077,3.4453781512605053,56706250.0
2023-11-01,11.73,11.84,11.9,11.65,3261486.0,40562310.0,1.283147989734812,0.15000000000000036,0.05751545905433705,2.1385799828913603,56706250.0
2023-11-02,11.84,11.87,12.0,11.79,2487476.0,31137676.0,0.2533783783783772,0.02999999999999936,0.04386599360740659,1.7736486486486558,56706250.0
2023-11-03,11.78,12.15,12.23,11.78,4212541.0,53782000.0,2.3588879528222417,0.28000000000000114,0.0742870671222308,3.7910699241786103,56706250.0
2023-11-06,12.17,12.14,12.31,12.03,2314100.0,29556565.0,-0.08230452674896638,-0.009999999999999787,0.04080855284911275,2.3045267489712025,56706250.0
2023-11-07,12.06,12.18,12.25,12.06,2187400.0,28064689.0,0.32948929159801743,0.03999999999999915,0.038574231235534,1.5650741350906054,56706250.0
2023-11-08,12.2,12.15,12.27,12.11,1798441.0,23104790.0,-0.24630541871920597,-0.02999999999999936,0.031715040229251625,1.3136288998357974,56706250.0
2023-11-09,12.2,12.06,12.21,11.99,2194469.0,27947914.0,-0.7407407407407418,-0.08999999999999986,0.03869889121569492,1.8106995884773713,56706250.0
2023-11-10,12.02,12.05,12.1,11.93,1952300.0,24770399.0,-0.08291873963515162,-0.009999999999999787,0.034428303758404055,1.4096185737976776,56706250.0
2023-11-13,12.1,12.13,12.14,11.98,2215700.0,28171294.0,0.663900414937757,0.08000000000000007,0.0390732943899482,1.32780082987552,56706250.0
2023-11-14,12.1,12.25,12.25,12.09,2287795.0,29383100.0,0.9892827699917506,0.11999999999999922,0.040344671001873694,1.3190436933223424,56706250.0
2023-11-15,12.3,12.26,12.35,12.15,2072495.0,26781447.0,0.08163265306122547,0.009999999999999787,0.036547911385429295,1.632653061224484,56706250.0
2023-11-16,12.29,12.16,12.31,12.16,1722800.0,22182387.0,-0.815660685154973,-0.09999999999999964,0.03038113082773063,1.2234910277324662,56706250.0
2023-11-17,12.12,12.25,12.27,12.06,1959230.0,25212163.0,0.7401315789473673,0.08999999999999986,0.034550512509644,1.7269736842105188,56706250.0
2023-11-20,12.29,12.54,12.57,12.27,4377986.0,57419716.0,2.367346938775494,0.28999999999999915,0.07720464675410559,2.4489795918367405,56706250.0
2023-11-21,12.54,12.39,12.63,12.33,2846700.0,37448350.0,-1.1961722488038173,-0.14999999999999858,0.05020081560674529,2.3923444976076613,56706250.0
2023-11-22,12.34,12.34,12.47,12.32,2307980.0,30139188.0,-0.40355125100888234,-0.05000000000000071,0.04070062823762813,1.210653753026637,56706250.0
2023-11-23,12.41,12.34,12.41,12.29,1701700.0,22149056.0,0.0,0.0,0.030009037804474815,0.9724473257698621,56706250.0
2023-11-24,12.36,12.2,12.4,12.06,1819700.0,23424016.0,-1.1345218800648316,-0.14000000000000057,0.03208993717623719,2.7552674230145855,56706250.0
2023-11-27,12.19,12.23,12.26,12.05,1913500.0,24528480.0,0.24590163934428144,0.030000000000001137,0.033744075829383886,1.7213114754098284,56706250.0
2023-11-28,12.19,12.43,12.5,12.16,1935995.0,25294872.0,1.6353229762878119,0.1999999999999993,0.034140769315551635,2.7800490596892873,56706250.0
2023-11-29,12.48,12.41,12.58,12.34,1340100.0,17593773.0,-0.16090104585679832,-0.019999999999999574,0.02363231566185385,1.9308125502815785,56706250.0
2023-11-30,12.43,12.33,12.47,12.22,1589135.0,20644407.0,-0.6446414182111226,-0.08000000000000007,0.028023983246996582,2.0145044319097503,56706250.0
2023-12-01,12.35,12.26,12.35,12.15,2020800.0,26117244.0,-0.5677210056772131,-0.07000000000000028,0.03563628347845255,1.6220600162205945,56706250.0
2023-12-04,12.27,12.38,12.42,12.16,2121500.0,27510333.0,0.978792822185981,0.120000000000001,0.03741210184062603,2.1207177814029348,56706250.0
2023-12-05,12.71,12.18,12.73,12.15,2573300.0,33490103.0,-1.6155088852988775,-0.20000000000000107,0.0453794775708145,4.684975767366721,56706250.0
2023-12-06,12.14,12.22,12.41,12.05,2378600.0,30775042.0,0.3284072249589487,0.040000000000000924,0.04194599360740659,2.9556650246305374,56706250.0
2023-12-07,12.41,12.15,12.41,12.05,1904200.0,24396654.0,-0.5728314238952592,-0.07000000000000028,0.03358007274330431,2.9459901800327284,56706250.0
2023-12-08,12.15,11.8,12.23,11.77,1474400.0,18566550.0,-2.8806584362139898,-0.34999999999999964,0.02600066130276645,3.7860082304526816,56706250.0
2023-12-11,11.73,11.85,12.05,11.66,1977959.0,24753424.0,0.4237288135593209,0.049999999999998934,0.03488079356331974,3.305084745762717,56706250.0
2023-12-12,11.95,11.89,11.95,11.71,1218700.0,15177510.0,0.33755274261604296,0.040000000000000924,0.021491458172600023,2.0253164556961893,56706250.0
2023-12-13,11.87,12.05,12.15,11.79,1421695.0,17987188.0,1.345668629100083,0.16000000000000014,0.025071222307946655,3.0277544154751994,56706250.0
2023-12-14,12.02,11.91,12.09,11.9,1263200.0,15958560.0,-1.1618257261410858,-0.14000000000000057,0.02227620412212058,1.5767634854771742,56706250.0
2023-12-15,11.9,11.96,12.09,11.87,1820300.0,22963582.0,0.4198152812762368,0.05000000000000071,0.03210051802050039,1.8471872376154546,56706250.0
2023-12-18,11.92,11.83,12.01,11.76,1387391.0,17378084.0,-1.0869565217391353,-0.13000000000000078,0.02446628017193872,2.0903010033444818,56706250.0
2023-12-19,11.83,11.9,11.99,11.62,2041200.0,25411218.0,0.591715976331364,0.07000000000000028,0.0359960321834013,3.1276415891800595,56706250.0
2023-12-20,11.95,11.89,12.18,11.87,1498400.0,19010995.0,-0.08403361344537785,-0.009999999999999787,0.02642389507329439,2.6050420168067268,56706250.0
2023-12-21,11.84,12.03,12.06,11.51,1647600.0,20557829.0,1.1774600504625532,0.1399999999999988,0.029054998346743084,4.625735912531545,56706250.0
2023-12-22,12.02,11.99,12.06,11.88,1682900.0,21250827.0,-0.33250207813798616,-0.03999999999999915,0.029677504684227928,1.4962593516209453,56706250.0
2023-12-25,11.96,11.92,12.02,11.72,2663800.0,33273458.0,-0.5838198498749003,-0.07000000000000028,0.04697542158051361,2.5020850708924014,56706250.0
2023-12-26,11.88,11.63,11.96,11.55,1895100.0,23342200.0,-2.432885906040261,-0.28999999999999915,0.03341959660531246,3.439597315436243,56706250.0
2023-12-27,11.65,11.73,11.82,11.44,1111600.0,13682608.0,0.8598452278589797,0.09999999999999964,0.01960277747161909,3.267411865864151,56706250.0
2023-12-28,11.74,12.13,12.13,11.64,2363000.0,29866339.0,3.4100596760443302,0.40000000000000036,0.04167089165656343,4.177323103154307,56706250.0
2023-12-29,12.73,11.76,12.99,11.58,9043431.0,113873133.0,-3.0502885408079217,-0.370000000000001,0.15947855835996913,11.624072547403133,56706250.0
2024-01-02,11.85,12.19,12.43,11.74,8496445.0,107823799.0,3.656462585034004,0.4299999999999997,0.15220466657709705,5.867346938775507,55822500.0
2024-01-03,12.24,11.94,12.42,11.81,4540515.0,57493123.0,-2.0508613617719496,-0.25,0.08133843880155851,5.00410172272354,55822500.0
2024-01-04,11.94,12.0,12.03,11.82,2859430.0,35991692.0,0.5025125628140836,0.0600000000000005,0.051223610551301,1.7587939698492385,55822500.0
2024-01-05,12.0,11.83,12.21,11.75,3329500.0,42031643.0,-1.416666666666666,-0.16999999999999993,0.05964440861659725,3.8333333333333406,55822500.0
2024-01-08,11.88,11.68,11.92,11.66,2230100.0,27670714.0,-1.2679628064243498,-0.15000000000000036,0.039949841013928074,2.1978021978021958,55822500.0
2024-01-09,11.58,11.9,12.05,11.58,2913900.0,36591154.0,1.8835616438356295,0.22000000000000064,0.0521993819696359,4.023972602739732,55822500.0
2024-01-10,11.88,11.58,12.0,11.5,3762000.0,46415292.0,-2.6890756302521024,-0.3200000000000003,0.06739218057234986,4.201680672268907,55822500.0
2024-01-11,11.54,11.82,11.89,11.54,2407300.0,29767656.0,2.0725388601036343,0.2400000000000002,0.043124188275337004,3.0224525043178017,55822500.0
2024-01-12,11.81,11.82,12.07,11.75,2023000.0,25449737.0,0.0,0.0,0.03623986743696538,2.7072758037225064,55822500.0
2024-01-15,11.74,11.7,11.83,11.64,1895500.0,23399864.0,-1.0152284263959421,-0.120000000000001,0.03395584217833311,1.6074450084602325,55822500.0
2024-01-16,11.8,11.53,11.8,11.37,1846000.0,22413153.0,-1.4529914529914478,-0.16999999999999993,0.033069102960275876,3.6752136752136884,55822500.0
2024-01-17,11.51,11.33,11.6,11.32,1560700.0,18816725.0,-1.7346053772766656,-0.1999999999999993,0.02795826055801872,2.428447528187332,55822500.0
2024-01-18,11.24,11.51,11.54,11.0,3794400.0,44789130.0,1.5887025595763493,0.17999999999999972,0.06797259169689641,4.76610767872903,55822500.0
2024-01-19,11.31,11.55,11.59,11.14,5829900.0,70094225.0,0.3475238922675983,0.040000000000000924,0.10443638317882574,3.9096437880104196,55822500.0
2024-01-22,11.48,11.05,12.28,10.75,6846716.0,81975082.0,-4.329004329004327,-0.5,0.1226515473151507,13.24675324675324,55822500.0
2024-01-23,10.67,10.43,11.39,10.4,10897810.0,123908890.0,-5.610859728506801,-0.620000000000001,0.19522253571588516,8.95927601809955,55822500.0
2024-01-24,10.27,9.96,10.61,9.49,10076540.0,105626176.0,-4.506232023010536,-0.46999999999999886,0.18051036768328182,10.73825503355704,55822500.0
2024-01-25,9.96,10.6,10.69,9.85,8578655.0,92783711.0,6.425702811244971,0.6399999999999988,0.15367737023601594,8.433734939759034,55822500.0
2024-01-26,10.59,10.57,11.13,10.48,5450898.0,61574352.0,-0.2830188679245227,-0.02999999999999936,0.09764697030767164,6.1320754716981165,55822500.0
2024-01-29,10.43,10.05,10.53,10.04,3710476.0,40122890.0,-4.919583727530741,-0.5199999999999996,0.01807658969788004,4.635761589403976,205264160.0
2024-01-30,9.77,9.44,10.05,9.4,3915464.0,39939298.0,-6.069651741293547,-0.6100000000000012,0.019075244309576498,6.467661691542291,205264160.0
2024-01-31,9.3,8.91,9.65,8.87,4494776.0,43446106.0,-5.6144067796610075,-0.5299999999999994,0.021897519761852238,8.262711864406793,205264160.0
2024-02-01,8.87,8.69,8.95,8.46,3436300.0,31407270.0,-2.4691358024691468,-0.22000000000000064,0.016740866988177575,5.499438832772149,205264160.0
2024-02-02,8.57,8.09,8.78,7.82,5072069.0,44525678.0,-6.90448791714614,-0.5999999999999996,0.0247099591083022,11.047180667433821,205264160.0
2024-02-05,8.09,7.28,8.11,7.28,1872200.0,14739008.0,-10.012360939431398,-0.8099999999999996,0.009120929830127189,10.259579728059324,205264160.0
2024-02-06,6.78,6.81,6.97,6.55,9818315.0,69102452.0,-6.456043956043967,-0.47000000000000064,0.0478325831455428,5.769230769230768,205264160.0
2024-02-07,6.82,6.14,6.86,6.13,10554980.0,69545456.0,-9.838472834067547,-0.6699999999999999,0.051421446393759146,10.719530102790022,205264160.0
2024-02-08,6.02,6.75,6.75,5.79,10165346.0,68358708.0,9.934853420195445,0.6100000000000003,0.04952323873782934,15.635179153094464,205264160.0
2024-02-19,6.81,7.26,7.3,6.81,7576743.0,56767127.0,7.55555555555556,0.5099999999999998,0.036912157485261915,7.259259259259262,205264160.0
2024-02-20,7.29,7.37,7.47,7.11,4427580.0,34137206.0,1.5151515151515138,0.11000000000000032,0.02157015623185265,4.958677685950406,205264160.0
2024-02-21,7.36,7.68,8.03,7.27,5421624.0,44069322.0,4.2062415196743475,0.3099999999999996,0.026412911050813743,10.312075983717772,205264160.0
2024-02-22,7.77,7.98,7.98,7.68,4636125.0,38344366.0,3.90625,0.3000000000000007,0.02258613973330756,3.9062500000000098,205264160.0
2024-02-23,8.01,8.21,8.34,7.92,4919950.0,41872949.0,2.8822055137844638,0.23000000000000043,0.023968870162233875,5.263157894736841,205264160.0
2024-02-26,8.39,8.56,8.87,8.3,6475359.0,58371774.0,4.263093788063332,0.34999999999999964,0.03154646675776229,6.942752740560273,205264160.0
2024-02-27,8.53,8.87,8.87,8.4,4525777.0,41736517.0,3.621495327102786,0.3099999999999987,0.022048549537337644,5.490654205607464,205264160.0
2024-02-28,8.92,7.99,9.01,7.99,7814600.0,69494150.0,-9.921082299887251,-0.879999999999999,0.03807094234083534,11.499436302142048,205264160.0
2024-02-29,7.85,8.36,8.38,7.77,5238931.0,45030638.0,4.630788485607007,0.3699999999999992,0.025522872575514402,7.634543178973733,205264160.0
2024-03-01,8.36,8.41,8.49,8.19,3054500.0,26915469.0,0.5980861244019309,0.05000000000000071,0.014880824786947707,3.5885167464114924,205264160.0
2024-03-04,8.46,8.44,8.54,8.25,3495000.0,30928569.0,0.356718192627814,0.02999999999999936,0.017026839951017263,3.448275862068955,205264160.0
2024-03-05,8.36,8.16,8.38,8.13,2529995.0,21917079.0,-3.3175355450236865,-0.27999999999999936,0.01232555649266779,2.962085308056872,205264160.0
2024-03-06,8.19,8.33,8.43,8.08,2302600.0,20068655.0,2.083333333333326,0.16999999999999993,0.011217740106212404,4.289215686274506,205264160.0
2024-03-07,8.46,8.42,8.62,8.35,2976850.0,26587427.0,1.0804321728691502,0.08999999999999986,0.014502531761998783,3.241296518607438,205264160.0
2024-03-08,8.4,8.45,8.56,8.37,2012100.0,17960850.0,0.3562945368170922,0.02999999999999936,0.009802490605276635,2.2565320665083286,205264160.0
2024-03-11,8.48,8.65,8.69,8.43,2904200.0,26324894.0,2.366863905325456,0.20000000000000107,0.014148597592487652,3.076923076923075,205264160.0
2024-03-12,8.68,8.8,8.82,8.53,2770968.0,25254224.0,1.7341040462427681,0.15000000000000036,0.013499521786950045,3.352601156069375,205264160.0
2024-03-13,8.73,8.78,8.89,8.68,1970300.0,18243229.0,-0.22727272727274261,-0.02000000000000135,0.009598850573816686,2.386363636363646,205264160.0
2024-03-14,8.8,8.69,8.84,8.57,1937759.0,17848668.0,-1.0250569476081939,-0.08999999999999986,0.009440318270856441,3.0751708428245967,205264160.0
2024-03-15,8.69,8.92,8.93,8.63,2133000.0,19792892.0,2.6467203682393636,0.23000000000000043,0.010391487729762469,3.4522439585730607,205264160.0
2024-03-18,8.96,9.26,9.26,8.96,2534800.0,24356409.0,3.811659192825112,0.33999999999999986,0.012348965352743508,3.363228699551558,205264160.0
2024-03-19,9.26,9.3,9.36,9.21,2176490.0,21301302.0,0.4319654427645814,0.040000000000000924,0.010603361054360392,1.619870410367155,205264160.0
2024-03-20,9.31,9.41,9.43,9.27,1691100.0,16682326.0,1.1827956989247213,0.10999999999999943,0.008238652086170329,1.720430107526883,205264160.0
2024-03-21,9.3,9.56,9.67,9.3,2976178.0,29921182.0,1.5940488841657885,0.15000000000000036,0.014499257931827943,3.931987247608918,205264160.0
2024-03-22,9.58,9.29,9.58,9.23,2658693.0,26222362.0,-2.8242677824267926,-0.27000000000000135,0.012952543688094405,3.661087866108783,205264160.0
2024-03-25,9.24,9.17,9.56,9.06,3748041.0,36915742.0,-1.2917115177610294,-0.11999999999999922,0.01825959777878418,5.382131324004306,205264160.0
2024-03-26,9.34,9.17,9.34,8.93,1853700.0,17759561.0,0.0,0.0,0.009030802065007355,4.471101417666304,205264160.0
2024-03-27,9.16,8.93,9.29,8.93,1955400.0,18717202.0,-2.6172300981461283,-0.2400000000000002,0.009526261184612063,3.925845147219187,205264160.0
2024-03-28,9.07,9.2,9.32,8.87,2264251.0,21897521.0,3.023516237402002,0.2699999999999996,0.01103091255677562,5.0391937290033715,205264160.0
2024-03-29,9.15,9.2,9.31,9.08,2253518.0,21863750.0,0.0,0.0,0.010978623837692854,2.500000000000005,205264160.0
2024-04-01,9.3,9.48,9.49,9.19,2765507.0,27312457.0,3.04347826086957,0.28000000000000114,0.013472917045040889,3.2608695652173996,205264160.0
2024-04-02,9.48,9.68,9.68,9.48,1946409.0,19692833.0,2.1097046413502074,0.1999999999999993,0.009482459090763824,2.1097046413502034,205264160.0
2024-04-03,9.69,9.58,9.76,9.46,1963250.0,19853246.0,-1.0330578512396604,-0.09999999999999964,0.009564504587649398,3.0991735537189973,205264160.0
2024-04-08,9.64,9.65,10.33,9.45,5410390.0,55383373.0,0.7306889352818313,0.07000000000000028,0.02635818157441611,9.185803757828818,205264160.0
2024-04-09,9.67,9.4,10.02,9.3,5678933.0,56641191.0,-2.590673575129532,-0.25,0.027666461597582355,7.461139896373045,205264160.0
2024-04-10,9.35,9.12,9.66,9.01,5271000.0,51167657.0,-2.9787234042553346,-0.28000000000000114,0.025679105402521316,6.91489361702128,205264160.0
2024-04-11,9.02,9.1,9.25,8.81,2850900.0,27400616.0,-0.21929824561403022,-0.019999999999999574,0.013888932193520779,4.824561403508767,205264160.0
2024-04-12,9.15,9.11,9.32,9.1,2919643.0,28378844.0,0.1098901098901095,0.009999999999999787,0.014223832353392819,2.4175824175824245,205264160.0
2024-04-15,9.12,8.52,9.26,8.35,5367801.0,49295396.0,-6.476399560922063,-0.5899999999999999,0.026150697715568074,9.98902305159166,205264160.0
2024-04-16,8.54,7.66,8.54,7.66,5911400.0,48530102.0,-10.093896713615013,-0.8599999999999994,0.028798987606993835,10.328638497652571,205264160.0
2024-04-17,7.69,8.22,8.26,7.69,5818472.0,49606983.0,7.3107049608355235,0.5600000000000005,0.028346263663369193,7.441253263707563,205264160.0
2024-04-18,8.18,8.24,8.48,7.99,3861245.0,33508571.0,0.24330900243307862,0.019999999999999574,0.01881110175298016,5.961070559610708,205264160.0
2024-04-19,8.23,8.11,8.35,8.06,2461600.0,21191027.0,-1.5776699029126262,-0.13000000000000078,0.01199235170913422,3.5194174757281447,205264160.0
2024-04-22,8.11,7.9,8.2,7.81,3185350.0,26648654.0,-2.5893958076448675,-0.20999999999999908,0.015518296033754748,4.8088779284833505,205264160.0
2024-04-23,7.97,8.19,8.39,7.85,4760200.0,40940666.0,3.6708860759493644,0.28999999999999915,0.02319060473099639,6.835443037974695,205264160.0
2024-04-24,8.11,8.36,8.42,8.11,2664100.0,23357928.0,2.0757020757020683,0.16999999999999993,0.012978885354364833,3.785103785103791,205264160.0
2024-04-25,8.36,8.5,8.59,8.28,2958959.0,26454603.0,1.674641148325362,0.14000000000000057,0.014415370905471271,3.7081339712918724,205264160.0
2024-04-26,8.55,8.51,8.61,8.3,3706900.0,33098559.0,0.11764705882353343,0.009999999999999787,0.01805916824447093,3.647058823529397,205264160.0
2024-04-29,8.57,8.94,8.98,8.57,3950845.0,36549876.0,5.052878965922436,0.4299999999999997,0.01924761244242541,4.817861339600472,205264160.0
2024-04-30,8.96,9.0,9.11,8.82,3836900.0,36419453.0,0.6711409395973256,0.0600000000000005,0.018692498485853547,3.2438478747203487,205264160.0
2024-05-06,9.08,9.48,9.48,8.99,3900650.0,38287345.0,5.3333333333333455,0.4800000000000004,0.019003073892685407,5.444444444444447,205264160.0
2024-05-07,9.45,9.48,9.48,9.25,3141343.0,30999782.0,0.0,0.0,0.015303904003504558,2.426160337552747,205264160.0
2024-05-08,9.4,9.34,9.52,9.31,1720500.0,17030324.0,-1.4767932489451518,-0.14000000000000057,0.00838188215614455,2.215189873417712,205264160.0
2024-05-09,9.44,9.47,9.5,9.3,1972100.0,19619866.0,1.3918629550321304,0.13000000000000078,0.00960761976177429,2.141327623126331,205264160.0
2024-05-10,9.51,9.41,9.67,9.37,3508600.0,35265388.0,-0.6335797254487963,-0.0600000000000005,0.01709309603780806,3.1678986272439356,205264160.0
2024-05-13,9.39,9.03,9.39,9.01,3204614.0,30867110.0,-4.038257173219984,-0.3800000000000008,0.015612145831985476,4.038257173219987,205264160.0
2024-05-14,9.09,9.36,9.41,9.02,2846100.0,27713079.0,3.6544850498338777,0.33000000000000007,0.013865500340070386,4.3189368770764185,205264860.99999997
2024-05-15,9.36,9.31,9.48,9.16,2321795.0,22906792.0,-0.5341880341880212,-0.049999999999998934,0.011311215123176881,3.4188034188034218,205264860.99999997
2024-05-16,9.39,9.4,9.52,9.32,1791600.0,17782574.0,0.9667024704618665,0.08999999999999986,0.008728235272573031,2.148227712137479,205264860.99999997
2024-05-17,9.41,9.48,9.51,9.36,1926300.0,19199320.0,0.8510638297872353,0.08000000000000007,0.009384460596984499,1.5957446808510676,205264860.99999997
2024-05-20,9.48,9.44,9.58,9.38,2540600.0,25272903.0,-0.42194092827004814,-0.040000000000000924,0.012377179355603394,2.1097046413502034,205264860.99999997
2024-05-21,9.43,9.31,9.43,9.26,1859400.0,18253764.0,-1.3771186440677874,-0.129999999999999,0.009058540224281254,1.800847457627118,205264860.99999997
2024-05-22,9.27,9.45,9.51,9.24,2405980.0,23867673.0,1.5037593984962294,0.1399999999999988,0.011721343771547923,2.900107411385602,205264860.99999997
2024-05-23,9.51,9.13,9.51,9.02,3111480.0,28808188.0,-3.3862433862433705,-0.3199999999999985,0.015158366536004428,5.185185185185188,205264860.99999997
2024-05-24,9.16,9.07,9.27,9.0,1833400.0,16934208.0,-0.657174151150064,-0.0600000000000005,0.008931874608581934,2.957283680175242,205264860.99999997
2024-05-27,9.15,9.09,9.15,8.92,1811000.0,16488671.0,0.22050716648289725,0.019999999999999574,0.008822747308902522,2.535832414553478,205264860.99999997
2024-05-28,9.06,8.95,9.1,8.93,1280400.0,11664427.0,-1.5401540154015514,-0.14000000000000057,0.006237794397746433,1.8701870187018694,205264860.99999997
2024-05-29,9.01,9.06,9.13,8.93,1258915.0,11508173.0,1.2290502793296243,0.11000000000000121,0.006133124753388746,2.234636871508392,205264860.99999997
2024-05-30,8.99,9.0,9.13,8.95,952500.0,8689837.0,-0.6622516556291425,-0.0600000000000005,0.004640346113600029,1.9867549668874336,205264860.99999997
2024-05-31,9.16,9.09,9.16,8.91,2218600.0,20249137.0,1.0000000000000009,0.08999999999999986,0.010808474422711836,2.7777777777777777,205264860.99999997
2024-06-03,9.11,8.77,9.11,8.64,2730500.0,24423524.0,-3.5203520352035222,-0.3200000000000003,0.013302325525653417,5.170517051705159,205264860.99999997
2024-06-04,8.72,8.65,8.77,8.43,2553000.0,22145651.0,-1.36830102622576,-0.11999999999999922,0.012437589110783069,3.8768529076396794,205264860.99999997
2024-06-05,8.6,8.37,8.61,8.34,1592300.0,13594452.0,-3.2369942196531887,-0.28000000000000114,0.007757294610693256,3.1213872832369893,205264860.99999997
2024-06-06,8.38,7.68,8.45,7.61,4995832.0,39584838.0,-8.24372759856631,-0.6899999999999995,0.02433846677732143,10.0358422939068,205264860.99999997
2024-06-07,7.76,8.1,8.18,7.76,3204400.0,25998980.0,5.46875,0.41999999999999993,0.015611049959495991,5.468749999999999,205264860.99999997
2024-06-11,8.1,8.11,8.15,7.81,2601600.0,20985334.0,0.12345679012344402,0.009999999999999787,0.012674356377051796,4.19753086419754,205264860.99999997
2024-06-12,8.11,8.29,8.32,7.98,1742600.0,14471948.0,2.2194821208384674,0.17999999999999972,0.008489519304524315,4.192355117139333,205264860.99999997
2024-06-13,8.3,8.26,8.37,8.12,1445700.0,12022567.0,-0.3618817852834688,-0.02999999999999936,0.007043095408327099,3.015681544028951,205264860.99999997
2024-06-14,8.26,8.23,8.3,8.04,1216200.0,10077441.0,-0.363196125907983,-0.02999999999999936,0.005925027762058116,3.1476997578692685,205264860.99999997
2024-06-17,8.17,8.03,8.26,7.97,2201750.0,17962192.0,-2.4301336573511634,-0.20000000000000107,0.010726385360229778,3.523693803159174,205264860.99999997
2024-06-18,7.99,8.24,8.3,7.99,2206849.0,18123487.0,2.6151930261519407,0.21000000000000085,0.010751226436170195,3.860523038605237,205264860.99999997
2024-06-19,8.26,8.18,8.32,8.14,1288900.0,10717199.0,-0.728155339805836,-0.0600000000000005,0.006279204310571209,2.1844660194174725,205264860.99999997
2024-06-20,8.22,7.98,8.25,7.95,1018200.0,8275421.0,-2.4449877750611138,-0.1999999999999993,0.004960420380963306,3.667481662591685,205264860.99999997
2024-06-21,7.94,7.96,8.04,7.79,1409800.0,11309046.0,-0.25062656641604564,-0.020000000000000462,0.0068681994235730405,3.13283208020049,205264860.99999997
2024-06-24,7.85,7.4,7.98,7.39,2947335.0,22433071.0,-7.0351758793969825,-0.5599999999999996,0.014358692401813481,7.412060301507547,205264860.99999997
2024-06-25,7.52,7.61,7.72,7.47,2014923.0,15435312.0,2.837837837837842,0.20999999999999996,0.009816210091604527,3.378378378378378,205264860.99999997
2024-06-26,7.65,7.99,8.01,7.56,2346000.0,18493339.0,4.993429697766105,0.3799999999999999,0.011429135939638495,5.913272010512486,205264860.99999997
2024-06-27,8.0,7.82,8.09,7.79,1661600.0,13313549.0,-2.127659574468088,-0.16999999999999993,0.008094907194076439,3.754693366708383,205264860.99999997
2024-06-28,7.84,7.91,8.02,7.79,1489815.0,11933846.0,1.1508951406649537,0.08999999999999986,0.006897126933898833,2.9411764705882293,216005159.0
2024-07-01,7.89,7.97,8.14,7.74,1786200.0,14225832.0,0.7585335018963191,0.05999999999999961,0.00826924693960666,5.05689001264223,216005159.0
2024-07-02,8.0,7.98,8.05,7.87,1331100.0,10721249.0,0.12547051442912682,0.010000000000000675,0.006162352816767677,2.258469259723973,216005159.0
2024-07-03,7.99,7.92,8.06,7.85,1035104.0,8297709.0,-0.7518796992481258,-0.0600000000000005,0.0047920336939730225,2.6315789473684315,216005159.0
2024-07-04,7.99,7.53,7.99,7.45,2297600.0,17692703.0,-4.92424242424242,-0.3899999999999997,0.01063678298535453,6.818181818181819,216005159.0
2024-07-05,7.47,7.6,7.61,7.36,1568300.0,11867149.0,0.9296148738379806,0.0699999999999994,0.007260474737087182,3.3200531208499333,216005159.0
2024-07-08,7.62,7.31,7.65,7.24,1799744.0,13356420.0,-3.8157894736842057,-0.29000000000000004,0.008331949145714617,5.3947368421052655,216005159.0
2024-07-09,7.28,7.42,7.47,7.13,1936500.0,14312094.0,1.5047879616963078,0.11000000000000032,0.008965063653873192,4.651162790697673,216005159.0
2024-07-10,7.42,7.32,7.49,7.29,1096800.0,8165988.0,-1.3477088948786964,-0.09999999999999964,0.005077656501713461,2.695417789757415,216005159.0
2024-07-11,7.43,7.72,7.78,7.43,2116615.0,16325945.0,5.464480874316924,0.39999999999999947,0.009798909478824069,4.78142076502733,216005159.0
2024-07-12,7.74,7.65,7.81,7.58,1302100.0,10107282.0,-0.9067357512953289,-0.0699999999999994,0.006028096764114786,2.979274611398958,216005159.0
2024-07-15,7.79,7.36,7.79,7.33,2255900.0,16870235.0,-3.790849673202612,-0.29000000000000004,0.010443732040677788,6.013071895424836,216005159.0
2024-07-16,7.36,7.21,7.44,7.2,1698315.0,12459381.0,-2.038043478260876,-0.15000000000000036,0.007862381657282546,3.260869565217394,216005159.0
2024-07-17,7.24,7.11,7.29,7.09,1788300.0,12932231.0,-1.386962552011095,-0.09999999999999964,0.008278968929626353,2.773925104022194,216005159.0
2024-07-18,7.1,7.19,7.22,6.89,2737717.0,19516489.0,1.1251758087201136,0.08000000000000007,0.012674313024162538,4.641350210970465,216005159.0
2024-07-19,7.21,7.23,7.28,7.02,1752700.0,12669211.0,0.5563282336578546,0.040000000000000036,0.008114158051197286,3.616133518776087,216005159.0
2024-07-22,7.18,7.31,7.35,7.17,1395800.0,10237848.0,1.1065006915629283,0.07999999999999918,0.006461882699755333,2.4896265560165936,216005159.0
2024-07-23,7.34,7.23,7.45,7.2,1587800.0,11754282.0,-1.09439124487003,-0.07999999999999918,0.007350750358698609,3.4199726402188784,216005159.0
2024-07-24,6.92,7.02,7.25,6.92,2357473.0,16865847.0,-2.904564315352709,-0.21000000000000085,0.010913966179854065,4.564315352697096,216005159.0
2024-07-25,7.05,7.12,7.26,6.93,1685200.0,12054304.0,1.4245014245014342,0.10000000000000053,0.007801665514850041,4.700854700854702,216005159.0
2024-07-26,7.12,7.37,7.39,7.12,2231280.0,16475888.0,3.51123595505618,0.25,0.01032975328149454,3.792134831460668,216005159.0
2024-07-29,7.43,7.35,7.46,7.24,1676900.0,12421177.0,-0.27137042062416183,-0.020000000000000462,0.007763240506676972,2.9850746268656683,216005159.0
2024-07-30,7.32,7.37,7.42,7.22,1216100.0,9005502.0,0.2721088435374108,0.020000000000000462,0.005629958125213112,2.7210884353741522,216005159.0
2024-07-31,7.35,7.65,7.66,7.31,1860800.0,14182560.0,3.7991858887381325,0.28000000000000025,0.008614609061258579,4.748982360922667,216005159.0
2024-08-01,7.67,7.72,7.78,7.65,1909700.0,14903661.0,0.9150326797385588,0.0699999999999994,0.008840992543145694,1.6993464052287566,216005159.0
2024-08-02,7.7,7.65,7.82,7.61,1802600.0,13993134.0,-0.9067357512953289,-0.0699999999999994,0.008345171052141399,2.72020725388601,216005159.0
2024-08-05,7.62,7.46,7.71,7.45,1822000.0,13945610.0,-2.4836601307189565,-0.1900000000000004,0.008434983721847126,3.398692810457513,216005159.0
2024-08-06,7.5,7.62,7.64,7.48,1706500.0,13011564.0,2.144772117962468,0.16000000000000014,0.007900274270764061,2.1447721179624564,216005159.0
2024-08-07,7.62,7.68,7.77,7.52,1796000.0,13943822.0,0.7874015748031482,0.05999999999999961,0.008314616226365224,3.2808398950131235,216005159.0
2024-08-08,7.71,7.66,7.72,7.51,1420300.0,10921207.0,-0.26041666666666297,-0.019999999999999574,0.006575305916651741,2.7343749999999996,216005159.0
2024-08-09,7.67,7.62,7.73,7.58,1139282.0,8782352.0,-0.5221932114882533,-0.040000000000000036,0.005274327730292775,1.9582245430809446,216005159.0
2024-08-12,7.59,7.56,7.65,7.51,1040600.0,7956761.0,-0.7874015748031593,-0.0600000000000005,0.004817477530710273,1.8372703412073568,216005159.0
2024-08-13,7.6,7.62,7.64,7.46,988900.0,7546366.0,0.7936507936507908,0.0600000000000005,0.004578131395463568,2.3809523809523774,216005159.0
2024-08-14,7.63,7.55,7.71,7.52,1039400.0,7961776.0,-0.9186351706036766,-0.07000000000000028,0.004811922107841878,2.493438320209979,216005159.0
2024-08-15,7.51,7.58,7.65,7.43,1455800.0,11126111.0,0.3973509933774766,0.03000000000000025,0.006739653843175107,2.9139072847682206,216005159.0
2024-08-16,7.6,7.58,7.65,7.53,1115900.0,8554831.0,0.0,0.0,0.0051660803157020894,1.5831134564643814,216005159.0
2024-08-19,7.58,7.45,7.62,7.44,1129600.0,8557016.0,-1.715039577836408,-0.1299999999999999,0.005229504726782938,2.374670184696566,216005159.0
2024-08-20,7.6,7.26,7.6,7.19,1600462.0,11811301.0,-2.5503355704698083,-0.1900000000000004,0.007409369328998295,5.503355704697976,216005159.0
2024-08-21,7.38,7.25,7.38,7.13,1353900.0,9874629.0,-0.13774104683195176,-0.009999999999999787,0.006267905851267191,3.443526170798898,216005159.0
2024-08-22,7.26,7.12,7.31,7.08,1131000.0,8206058.0,-1.7931034482758568,-0.1299999999999999,0.005235986053462732,3.1724137931034417,216005159.0
2024-08-23,7.13,6.91,7.19,6.89,2727817.0,19289504.0,-2.94943820224719,-0.20999999999999996,0.012628480785498277,4.213483146067425,216005159.0
2024-08-26,6.89,7.21,7.32,6.87,4057100.0,29420942.0,4.341534008683068,0.2999999999999998,0.018782421766139392,6.512301013024604,216005159.0
2024-08-27,7.28,7.07,7.28,7.02,1833623.0,13147613.0,-1.9417475728155331,-0.13999999999999968,0.008488792621846592,3.6061026352288583,216005159.0
2024-08-28,7.14,7.23,7.38,6.99,1725139.0,12577495.0,2.2630834512022746,0.16000000000000014,0.007986563876467413,5.516265912305512,216005159.0
2024-08-29,7.27,7.37,7.39,7.11,1725535.0,12635013.0,1.9363762102351245,0.13999999999999968,0.007988397166013983,3.872752420470254,216005159.0
2024-08-30,7.37,7.45,7.56,7.28,1821339.0,13708415.0,1.085481682496603,0.08000000000000007,0.00843192360975045,3.7991858887381187,216005159.0
2024-09-02,7.41,7.46,7.57,7.38,1857639.0,14065685.0,0.13422818791946067,0.009999999999999787,0.008599975151519413,2.550335570469804,216005159.0
2024-09-03,7.46,7.48,7.55,7.35,1210674.0,9129211.0,0.2680965147453085,0.020000000000000462,0.00560483835480985,2.680965147453086,216005159.0
2024-09-04,7.48,7.42,7.51,7.34,1700000.0,12733675.0,-0.8021390374331583,-0.0600000000000005,0.007870182396893586,2.2727272727272716,216005159.0
2024-09-05,7.44,7.49,7.53,7.36,1424600.0,10726157.0,0.9433962264151052,0.07000000000000028,0.006595212848596824,2.2911051212937994,216005159.0
2024-09-06,7.5,7.33,7.54,7.33,1545200.0,11555774.0,-2.1361815754339153,-0.16000000000000014,0.007153532846870569,2.8037383177570088,216005159.0
2024-09-09,7.29,7.33,7.41,7.22,1416100.0,10468960.0,0.0,0.0,0.006555861936612357,2.592087312414739,216005159.0
2024-09-10,7.34,7.44,7.48,7.29,1289700.0,9629762.0,1.500682128240105,0.11000000000000032,0.005970690727808033,2.592087312414739,216005159.0
2024-09-11,7.37,7.48,7.53,7.33,1568635.0,11849270.0,0.5376344086021501,0.040000000000000036,0.007262025625971276,2.6881720430107547,216005159.0
2024-09-12,7.44,7.49,7.62,7.43,1311135.0,9956802.0,0.13368983957218195,0.009999999999999787,0.006069924468794748,2.5401069518716626,216005159.0
2024-09-13,7.45,7.46,7.54,7.44,1464200.0,11053927.0,-0.4005340453938633,-0.03000000000000025,0.006778541803253875,1.33511348464619,216005159.0
2024-09-18,7.43,7.62,7.62,7.4,3756600.0,28473294.0,2.144772117962468,0.16000000000000014,0.017391251289512025,2.949061662198388,216005159.0
2024-09-19,7.69,7.97,8.38,7.08,12534076.0,98206001.0,4.593175853018372,0.34999999999999964,0.058026743703839034,17.060367454068253,216005159.0
2024-09-20,7.55,7.85,7.87,7.54,12740990.0,98780180.0,-1.505646173149311,-0.1200000000000001,0.05898465600999835,4.140526976160603,216005159.0
2024-09-23,7.73,7.73,7.94,7.66,6635448.0,52056269.0,-1.5286624203821542,-0.11999999999999922,0.0307189329677075,3.566878980891723,216005159.0
2024-09-24,7.72,7.79,7.8,7.5,7411188.0,57406108.0,0.77619663648123,0.05999999999999961,0.03431023608098175,3.880983182406207,216005159.0
2024-09-25,7.76,7.75,7.96,7.69,8060811.0,63743469.0,-0.5134788189987138,-0.040000000000000036,0.03731767813934481,3.4659820282413296,216005159.0
2024-09-26,7.68,7.91,7.91,7.66,6091951.0,47999902.0,2.0645161290322678,0.16000000000000014,0.02820280324878722,3.225806451612903,216005159.0
2024-09-27,8.0,8.26,8.34,7.87,7186413.0,58740891.0,4.424778761061932,0.34999999999999964,0.033269635934945425,5.9418457648546115,216005159.0
2024-09-30,8.57,9.02,9.06,8.26,8655352.0,75438971.0,9.200968523002429,0.7599999999999998,0.04006982634420374,9.685230024213084,216006726.00000003
2024-10-08,9.92,9.49,9.92,9.02,8963800.0,85322654.0,5.210643015521077,0.47000000000000064,0.04149778187925499,9.977827050997787,216006726.00000003
2024-10-09,9.34,8.54,9.34,8.54,5564487.0,49656260.0,-10.010537407797692,-0.9500000000000011,0.02576071172894866,8.429926238145423,216006726.00000003
2024-10-10,8.58,8.61,8.79,8.43,3619000.0,31505587.0,0.819672131147553,0.07000000000000028,0.01675410792532451,4.215456674473062,216006726.00000003
2024-10-11,8.53,8.24,8.6,8.17,3179561.0,26910931.0,-4.297328687572577,-0.3699999999999992,0.014719731458732444,4.994192799070845,216006726.00000003
2024-10-14,8.39,8.43,8.47,8.25,3032100.0,25661097.0,2.305825242718451,0.1899999999999995,0.014037062901457982,2.669902912621367,216006726.00000003
2024-10-15,8.41,8.27,8.45,8.26,1815100.0,15332612.0,-1.8979833926453193,-0.16000000000000014,0.008402979081308791,2.253855278766305,216006726.00000003
2024-10-16,8.23,8.65,8.7,8.23,4564400.0,39302229.0,4.594921402660224,0.3800000000000008,0.021130823491116658,5.683192261184993,216006726.00000003
2024-10-17,8.63,8.42,8.72,8.4,3037700.0,26199293.0,-2.6589595375722586,-0.23000000000000043,0.01406298802010452,3.699421965317922,216006726.00000003
2024-10-18,8.32,8.5,8.58,8.32,3374365.0,28955803.0,0.9501187648456089,0.08000000000000007,0.015621573746736013,3.087885985748216,216006726.00000003
2024-10-21,8.56,8.63,8.89,8.41,5503587.0,47849640.0,1.5294117647058902,0.13000000000000078,0.02547877606366757,5.647058823529417,216006726.00000003
2024-10-22,8.65,8.7,8.75,8.55,3794000.0,33223820.0,0.811123986094997,0.06999999999999851,0.017564267883028787,2.3174971031286127,216006726.00000003
2024-10-23,8.69,8.66,8.76,8.61,2819096.0,24757898.0,-0.45977011494251485,-0.03999999999999915,0.013050963977853169,1.7241379310344869,216006726.00000003
2024-10-24,8.6,8.64,8.71,8.58,1787200.0,15601241.0,-0.2309468822170868,-0.019999999999999574,0.008273816436623366,1.5011547344110945,216006726.00000003
2024-10-25,8.66,8.78,8.79,8.63,2837700.0,25085770.0,1.6203703703703498,0.1399999999999988,0.013137090925585343,1.8518518518518328,216006726.00000003
2024-10-28,8.78,9.0,9.03,8.71,3449600.0,31126944.0,2.505694760820054,0.22000000000000064,0.015969873086266764,3.64464692482914,216006726.00000003
2024-10-29,8.86,8.67,8.95,8.63,4133800.0,36504737.0,-3.6666666666666625,-0.33000000000000007,0.01913736704661687,3.555555555555539,216006726.00000003
2024-10-30,8.67,8.57,8.7,8.4,3325096.0,28763949.0,-1.1534025374855816,-0.09999999999999964,0.015393483626986688,3.460207612456735,216006726.00000003
2024-10-31,8.57,8.81,8.85,8.54,3786901.0,33424471.0,2.8004667444574194,0.2400000000000002,0.01753140316565883,3.61726954492416,216006726.00000003
2024-11-01,8.85,8.59,8.89,8.53,3241410.0,28306177.0,-2.4971623155505163,-0.22000000000000064,0.015006060505727028,4.086265607264486,216006726.00000003
2024-11-04,8.62,9.16,9.45,8.52,8802547.0,80270169.0,6.635622817229336,0.5700000000000003,0.04075126345834249,10.826542491268915,216006726.00000003
2024-11-05,9.17,9.11,9.26,8.95,7242213.0,66226552.0,-0.5458515283842891,-0.05000000000000071,0.03352771987294506,3.384279475982538,216006726.00000003
2024-11-06,9.1,9.05,9.2,8.88,4823500.0,44226947.0,-0.6586169045005308,-0.05999999999999872,0.022330323177066253,3.512623490669578,216006726.00000003
2024-11-07,9.0,9.17,9.17,8.98,3659081.0,33620672.0,1.3259668508287303,0.11999999999999922,0.016939662332551623,2.0994475138121493,216006726.00000003
2024-11-08,9.22,9.08,9.36,9.02,3235941.0,29784619.0,-0.9814612868047967,-0.08999999999999986,0.014980741849677402,3.707742639040348,216006726.00000003
2024-11-11,9.01,9.3,9.3,9.01,3381149.0,31330750.0,2.422907488986792,0.22000000000000064,0.015652980176182104,3.193832599118953,216006726.00000003
2024-11-12,9.31,9.83,9.85,9.27,7310613.0,70648217.0,5.698924731182786,0.5299999999999994,0.03384437667927062,6.236559139784947,216006726.00000003
2024-11-13,9.72,9.57,10.29,9.38,6356513.0,62160492.0,-2.64496439471007,-0.2599999999999998,0.02942738458986689,9.257375381485232,216006726.00000003
2024-11-14,9.59,9.22,9.61,9.13,3608101.0,34018187.0,-3.6572622779519337,-0.34999999999999964,0.016703651163158684,5.015673981191209,216006726.00000003
2024-11-15,9.16,9.03,9.27,8.98,2221009.0,20502377.0,-2.0607375271149864,-0.19000000000000128,0.010282128900004715,3.14533622559652,216006726.00000003
2024-11-18,9.02,8.73,9.13,8.67,2982690.0,26659226.0,-3.322259136212613,-0.29999999999999893,0.01380832002425702,5.094130675526034,216006726.00000003
2024-11-19,8.83,9.21,9.27,8.69,3632409.0,32947866.0,5.498281786941583,0.4800000000000004,0.016816184696026547,6.643757159221077,216006726.00000003
2024-11-20,9.17,10.13,10.13,9.15,4998634.0,49357251.0,9.989142236699244,0.9199999999999999,0.02314110348582386,10.640608034744846,216006726.00000003
2024-11-21,10.47,11.14,11.14,10.47,6065400.0,66678048.0,9.970384995064151,1.0099999999999998,0.028079681185483082,6.61401776900296,216006726.00000003
2024-11-22,12.26,12.26,12.26,12.26,2385815.0,29536390.0,10.053859964093359,1.1199999999999992,0.011045095882801352,0.0,216006726.00000003
2024-11-25,13.49,13.49,13.49,12.03,31521600.0,415115826.0,10.03262642740621,1.2300000000000004,0.14592878927297845,11.90864600326265,216006726.00000003
2024-11-26,12.4,12.14,12.68,12.14,4652139.0,57849367.0,-10.007412898443292,-1.3499999999999996,0.02153700991699675,4.00296515937731,216006726.00000003
2024-11-27,10.92,10.92,10.94,10.92,9692200.0,106907205.0,-10.049423393739708,-1.2200000000000006,0.04486989909749384,0.16474464579900802,216006726.00000003
2024-11-28,11.09,10.56,11.34,10.45,18812037.0,205581503.0,-3.296703296703296,-0.35999999999999943,0.08709005200143628,8.150183150183157,216006726.00000003
2024-11-29,10.4,10.23,10.48,10.02,13647289.0,140591955.0,-3.125,-0.33000000000000007,0.06317992616581762,4.356060606060614,216006726.00000003
2024-12-02,10.18,10.57,10.59,10.16,11310313.0,118749485.0,3.3235581622678367,0.33999999999999986,0.052360929724012385,4.203323558162265,216006726.00000003
2024-12-03,10.6,10.52,10.73,10.33,7685620.0,81145678.0,-0.47303689687796524,-0.05000000000000071,0.03558046613789238,3.7842951750236553,216006726.00000003
2024-12-04,10.51,10.47,10.68,10.34,7782000.0,82740987.0,-0.47528517110264623,-0.049999999999998934,0.036026655947741175,3.2319391634980974,216006726.00000003
2024-12-05,10.53,10.71,10.74,10.46,8100242.0,86549584.0,2.2922636103151817,0.2400000000000002,0.03749995266351104,2.674307545367711,216006726.00000003
2024-12-06,10.69,10.67,10.73,10.49,7013852.0,75147400.0,-0.37348272642391267,-0.040000000000000924,0.03247052594093759,2.240896358543419,216006726.00000003
2024-12-09,10.67,10.77,11.0,10.62,7536193.0,82094004.0,0.9372071227741197,0.09999999999999964,0.0348886960121788,3.561387066541713,216006726.00000003
2024-12-10,10.98,10.83,11.09,10.77,7943100.0,87613629.0,0.5571030640668662,0.0600000000000005,0.03677246605737638,2.9712163416898822,216006726.00000003
2024-12-11,10.84,10.84,10.86,10.66,5230900.0,56916030.0,0.09233610341643494,0.009999999999999787,0.024216375558601816,1.84672206832871,216006726.00000003
2024-12-12,10.89,10.84,10.94,10.69,6389901.0,69756970.0,0.0,0.0,0.029581953850825918,2.3062730627306274,216006726.00000003
2024-12-13,10.75,10.88,10.98,10.5,7582955.0,82585267.0,0.3690036900369176,0.040000000000000924,0.03510518001184833,4.428044280442808,216006726.00000003
2024-12-16,10.88,11.0,11.07,10.71,6620700.0,72973005.0,1.1029411764705843,0.11999999999999922,0.030650434468415578,3.308823529411759,216006726.00000003
2024-12-17,10.95,11.16,11.31,10.55,10228895.0,113801157.0,1.454545454545464,0.16000000000000014,0.047354520803208684,6.909090909090907,216006726.00000003
2024-12-18,11.22,11.27,11.34,10.82,8948350.0,100594097.0,0.9856630824372603,0.10999999999999943,0.041426256328703386,4.659498207885301,216006726.00000003
2024-12-19,11.29,11.43,11.61,11.05,8590752.0,98346241.0,1.4196983141082642,0.16000000000000014,0.03977076158267404,4.968944099378871,216006726.00000003
2024-12-20,11.25,11.57,12.06,11.25,9572037.0,112594468.0,1.2248468941382429,0.14000000000000057,0.0443136062346503,7.086614173228351,216006726.00000003
2024-12-23,11.54,12.39,12.72,11.48,16755368.0,207590686.0,7.0872947277441645,0.8200000000000003,0.07756873274399798,10.717372515125327,216006726.00000003
2024-12-24,12.0,13.06,13.62,11.9,16901044.0,219327253.0,5.407586763518957,0.6699999999999999,0.07824313766970385,13.882163034705396,216006726.00000003
2024-12-25,12.72,11.77,13.06,11.75,14553558.0,178322951.0,-9.877488514548249,-1.290000000000001,0.06737548533558163,10.030627871362944,216006726.00000003
2024-12-26,11.3,11.95,12.06,11.29,9345802.0,111585402.0,1.5293118096856295,0.17999999999999972,0.04326625458875757,6.542056074766367,216006726.00000003
2024-12-27,12.28,12.17,12.37,11.74,9203556.0,111655201.0,1.8410041841004254,0.22000000000000064,0.042607728798222694,5.2719665271966445,216006726.00000003
2024-12-30,12.14,12.09,12.47,12.01,6465976.0,79507347.0,-0.6573541495480728,-0.08000000000000007,0.02993414195815365,3.779786359901404,216006726.00000003
2024-12-31,12.01,12.06,12.2,11.62,6659500.0,80476589.0,-0.2481389578163684,-0.02999999999999936,0.030825230653335152,4.7973531844499595,216040557.0
2025-01-02,12.14,11.84,12.21,11.65,5075810.0,61277532.0,-1.8242122719734688,-0.22000000000000064,0.023494708912456655,4.643449419568826,216040557.0
2025-01-03,11.88,10.98,11.99,10.98,5900676.0,67987125.0,-7.263513513513509,-0.8599999999999994,0.027312816083880028,8.530405405405403,216040557.0
2025-01-06,10.83,10.3,10.97,10.06,6167996.0,64867595.0,-6.193078324225865,-0.6799999999999997,0.028550176344898055,8.287795992714027,216040557.0
2025-01-07,10.3,10.67,10.69,10.29,4699786.0,50023011.0,3.592233009708723,0.3699999999999992,0.021754183868355793,3.883495145631071,216040557.0
2025-01-08,10.82,10.8,10.99,10.16,4244735.0,45533533.0,1.2183692596063889,0.13000000000000078,0.019647861766992205,7.7788191190253055,216040557.0
2025-01-09,10.66,10.93,11.04,10.64,3063800.0,33692967.0,1.2037037037036846,0.129999999999999,0.014181596467555858,3.7037037037036904,216040557.0
2025-01-10,10.92,10.93,11.15,10.79,2788700.0,30758129.0,0.0,0.0,0.012908224449726816,3.2936870997255374,216040557.0
2025-01-13,10.83,10.91,11.05,10.45,2494797.0,27265797.0,-0.18298261665141702,-0.019999999999999574,0.011547817847923804,5.489478499542557,216040557.0
2025-01-14,10.99,11.43,11.5,10.99,3331269.0,38000344.0,4.766269477543528,0.5199999999999996,0.015419646413890703,4.674610449129237,216040557.0
2025-01-15,11.4,12.21,12.42,11.32,6450976.0,78286103.0,6.824146981627299,0.7800000000000011,0.029860022995589666,9.623797025371825,216040557.0
2025-01-16,12.26,12.31,12.51,12.02,7376200.0,91180266.0,0.8190008190008147,0.09999999999999964,0.03414266331483306,4.013104013104014,216040557.0
2025-01-17,12.22,12.5,12.6,12.19,3837400.0,48154595.0,1.543460601137281,0.1899999999999995,0.017762405602388814,3.3306255077173037,216040557.0
2025-01-20,12.51,12.67,12.75,12.38,3788700.0,48014564.0,1.3600000000000056,0.16999999999999993,0.01753698496528131,2.9599999999999937,216040557.0
2025-01-21,12.65,12.87,12.96,12.53,5234549.0,67585033.0,1.5785319652722896,0.1999999999999993,0.02422947372793526,3.39384372533545,216040557.0
2025-01-22,12.96,12.53,12.96,12.52,5137400.0,65889927.0,-2.6418026418026375,-0.33999999999999986,0.023779794272609657,3.418803418803429,216040557.0
2025-01-23,12.81,12.64,13.13,12.63,3911800.0,50955631.0,0.8778930566640142,0.11000000000000121,0.01810678538474607,3.9904229848363926,216040557.0
2025-01-24,12.57,12.67,12.86,12.48,5563900.0,71332207.0,0.2373417721518889,0.02999999999999936,0.025753960632493647,3.0063291139240427,216040557.0
2025-01-27,12.75,12.77,13.06,12.68,5946300.0,77568817.0,0.7892659826361559,0.09999999999999964,0.027523998653641687,2.9992107340173697,216040557.0
2025-02-05,13.04,12.63,13.04,12.4,3916349.0,49832810.0,-1.09631949882536,-0.1399999999999988,0.018127841616331325,5.011746280344549,216040557.0
2025-02-06,12.57,13.42,13.86,12.49,5582198.0,75098271.0,6.254948535233562,0.7899999999999991,0.025838657692407264,10.847189231987326,216040557.0
2025-02-07,13.34,13.62,14.15,13.24,5021415.0,69630881.0,1.4903129657227954,0.1999999999999993,0.02324292748421307,6.78092399403875,216040557.0
2025-02-10,13.63,13.79,13.86,13.43,2729200.0,37666821.0,1.2481644640234935,0.16999999999999993,0.012632813199051324,3.1571218795888383,216040557.0
2025-02-11,13.72,13.75,13.95,13.6,2222500.0,30862111.0,-0.29006526468454696,-0.03999999999999915,0.010287420245819863,2.538071065989845,216040557.0
2025-02-12,13.75,13.25,13.82,13.15,4513552.0,61027732.0,-3.6363636363636376,-0.5,0.020892151282502016,4.872727272727272,216040557.0
2025-02-13,13.34,12.8,13.42,12.74,3827500.0,50335442.0,-3.396226415094339,-0.4499999999999993,0.017716580873284826,5.132075471698111,216040557.0
2025-02-14,12.92,12.69,12.92,12.6,2099500.0,26911584.0,-0.8593750000000067,-0.11000000000000121,0.00971808270240666,2.500000000000002,216040557.0
2025-02-17,12.67,12.6,12.71,12.08,5284900.0,66250548.0,-0.7092198581560294,-0.08999999999999986,0.024462536448653944,4.964539007092205,216040557.0
2025-02-18,12.58,12.33,12.86,12.27,3035900.0,38334562.0,-2.1428571428571352,-0.2699999999999996,0.014052454049171888,4.682539682539682,216040557.0
2025-02-19,12.39,12.53,12.64,12.29,3309700.0,41819874.0,1.6220600162205834,0.1999999999999993,0.015319808678330708,2.8386050283860618,216040557.0
2025-02-20,12.49,12.47,12.59,12.17,2949500.0,36900856.0,-0.47885075818036027,-0.05999999999999872,0.01365252914062798,3.35195530726257,216040557.0
2025-02-21,12.49,12.38,12.76,12.22,5133600.0,64338599.0,-0.7217321571772239,-0.08999999999999986,0.02376220498265055,4.330392943063345,216040557.0
2025-02-24,12.28,12.3,12.38,12.03,2989800.0,36803713.0,-0.646203554119551,-0.08000000000000007,0.013839068189404825,2.8271405492730324,216040557.0
2025-02-25,12.18,12.15,12.35,12.05,2183300.0,26897898.0,-1.2195121951219523,-0.15000000000000036,0.010105972833610127,2.4390243902438935,216040557.0
2025-02-26,12.18,12.32,12.44,12.08,2282400.0,28374822.0,1.3991769547325061,0.16999999999999993,0.010564683000701576,2.9629629629629584,216040557.0
2025-02-27,12.36,12.13,12.45,11.91,3122700.0,38418839.0,-1.5422077922077837,-0.1899999999999995,0.014454230461922018,4.383116883116876,216040557.0
2025-02-28,12.05,11.53,12.1,11.51,4032600.0,47938143.0,-4.946413849958786,-0.6000000000000014,0.01866593965502505,4.863973619126132,216040557.0
2025-03-03,11.64,11.49,11.73,11.43,3371213.0,39429629.0,-0.3469210754553309,-0.03999999999999915,0.015604537623924011,2.6019080659150107,216040557.0
2025-03-04,11.44,11.52,11.69,11.32,2205600.0,25767998.0,0.26109660574411553,0.02999999999999936,0.010209194193106992,3.220191470844205,216040557.0
2025-03-05,11.54,11.52,11.61,11.32,1771215.0,20481641.0,0.0,0.0,0.008198530056557853,2.517361111111104,216040557.0
2025-03-06,11.51,11.68,11.91,11.47,4249200.0,50331038.0,1.388888888888884,0.16000000000000014,0.019668529182694156,3.8194444444444406,216040557.0
2025-03-07,11.68,11.86,12.23,11.62,5403403.0,65314945.0,1.5410958904109595,0.17999999999999972,0.025011058456028697,5.222602739726038,216040557.0
2025-03-10,11.93,11.89,12.0,11.7,3313613.0,39683495.0,0.2529510961214232,0.030000000000001137,0.015337921018228073,2.5295109612141715,216040557.0
2025-03-11,11.81,12.1,12.33,11.71,4685700.0,56887642.0,1.766190075693852,0.20999999999999908,0.021688983147733692,5.214465937762819,216040557.0
2025-03-12,12.07,12.49,12.76,12.03,7088882.0,89352384.0,3.2231404958677823,0.39000000000000057,0.03281273710102497,6.033057851239673,216040557.0
2025-03-13,12.54,12.15,12.7,12.03,3639200.0,44968590.0,-2.7221777421937543,-0.33999999999999986,0.016844985268205912,5.364291433146517,216040557.0
2025-03-14,12.16,12.15,12.24,11.78,3973900.0,48440500.0,0.0,0.0,0.018394231412762002,3.7860082304526816,216040557.0
2025-03-17,12.18,11.95,12.18,11.79,4231000.0,50966482.0,-1.6460905349794275,-0.20000000000000107,0.019584285741311065,3.209876543209881,216040557.0
2025-03-18,12.02,12.3,12.33,11.88,4103349.0,50567115.0,2.9288702928870425,0.3500000000000014,0.018993419832740017,3.765690376569032,216040557.0
2025-03-19,12.25,12.46,12.66,12.25,5149649.0,64878043.0,1.300813008130075,0.16000000000000014,0.02383649196016468,3.333333333333334,216040557.0
2025-03-20,12.46,12.64,12.72,12.27,7025000.0,88949134.0,1.4446227929374,0.17999999999999972,0.03251704262177032,3.6115569823435076,216040557.0
2025-03-21,12.63,12.85,13.1,12.06,7857000.0,100090027.0,1.661392405063289,0.20999999999999908,0.03636817137071166,8.227848101265815,216040557.0
2025-03-24,12.77,12.89,12.93,12.38,8128781.0,103973686.0,0.3112840466926059,0.040000000000000924,0.03762618053238957,4.280155642023338,216040557.0
2025-03-25,12.87,12.61,12.87,12.52,4218000.0,54044730.0,-2.172226532195509,-0.28000000000000114,0.019524111854608856,2.7152831652443727,216040557.0
2025-03-26,12.61,13.12,13.15,12.53,6109764.0,79404388.0,4.044409199048382,0.5099999999999998,0.028280634362556286,4.9167327517843065,216040557.0
2025-03-27,13.05,13.02,13.17,12.87,3494800.0,45855873.0,-0.7621951219512146,-0.09999999999999964,0.016176592249759845,2.286585365853664,216040557.0
2025-03-28,13.02,12.65,13.07,12.43,3999415.0,51536756.0,-2.841781874039928,-0.3699999999999992,0.018512334237316377,4.9155145929339525,216040557.0
2025-03-31,12.7,12.29,12.7,12.17,2847600.0,35588002.0,-2.8458498023715473,-0.3600000000000012,0.013180839408676885,4.189723320158097,216040868.99999997
2025-04-01,12.29,12.15,12.43,12.07,2826900.0,34874242.0,-1.1391375101708623,-0.1399999999999988,0.013085024204378666,2.9292107404393772,216040868.99999997
2025-04-02,12.16,12.45,12.59,12.04,3660249.0,45881534.0,2.4691358024691246,0.29999999999999893,0.01694239158054859,4.526748971193421,216040868.99999997
2025-04-03,12.4,12.19,12.4,12.04,3064200.0,37707012.0,-2.08835341365462,-0.2599999999999998,0.014183427488435072,2.8915662650602507,216040868.99999997
2025-04-07,11.38,10.97,11.52,10.97,4529500.0,51512368.0,-10.008203445447084,-1.2199999999999989,0.02096594047675304,4.511894995898269,216040868.99999997
2025-04-08,10.89,10.75,11.02,10.01,3874009.0,41615138.0,-2.0054694621695623,-0.22000000000000064,0.017931833999427212,9.206927985414765,216040868.99999997
2025-04-09,10.49,10.77,10.93,10.14,3383200.0,36114627.0,0.18604651162790198,0.019999999999999574,0.015659999960470444,7.348837209302318,216040868.99999997
2025-04-10,10.9,11.11,11.19,10.86,2566115.0,28559271.0,3.156917363045486,0.33999999999999986,0.011877914636605171,3.064066852367689,216040868.99999997
2025-04-11,10.92,12.22,12.22,10.92,5129000.0,60706922.0,9.990999099909992,1.1100000000000012,0.023740878398336756,11.701170117011708,216040868.99999997
2025-04-14,12.22,12.45,12.74,11.95,5419900.0,66847857.0,1.8821603927986708,0.22999999999999865,0.025087382887725752,6.4648117839607275,216040868.99999997
2025-04-15,12.39,12.26,12.45,12.11,3566215.0,44264942.0,-1.5261044176706817,-0.1899999999999995,0.01650713134282014,2.7309236947791153,216040868.99999997
2025-04-16,12.26,11.9,12.28,11.88,2357000.0,28711909.0,-2.9363784665579096,-0.35999999999999943,0.010909972779270761,3.262642740619891,216040868.99999997
2025-04-17,11.89,12.28,12.44,11.84,2764800.0,34205363.0,3.1932773109243584,0.379999999999999,0.012797578591484005,5.042016806722685,216040868.99999997
2025-04-18,12.09,12.38,12.41,12.09,1659800.0,20577892.0,0.8143322475570258,0.10000000000000142,0.007682800345269621,2.605863192182413,216041017.0
2025-04-21,12.26,12.28,12.43,12.18,2103300.0,26138058.0,-0.8077544426494443,-0.10000000000000142,0.009735651262926614,2.0193861066235863,216041017.0
2025-04-22,12.3,12.27,12.38,12.19,1987800.0,24679452.0,-0.08143322475570036,-0.009999999999999787,0.009201030561710418,1.5472312703583169,216041017.0
2025-04-23,12.24,12.5,12.82,12.24,4029474.0,51153246.0,1.8744906275468765,0.23000000000000043,0.018651430436471238,4.726976365118175,216041017.0
2025-04-24,12.46,12.17,12.48,12.14,2379800.0,29487147.0,-2.639999999999998,-0.33000000000000007,0.011015500820383566,2.719999999999999,216041017.0
2025-04-25,12.17,12.22,12.33,12.05,2664500.0,32834713.0,0.41084634346755244,0.05000000000000071,0.012333306133251539,2.3007395234182364,216041017.0
2025-04-28,12.18,12.17,13.44,12.12,9580000.0,122168360.0,-0.40916530278233276,-0.05000000000000071,0.044343431321655,10.801963993453356,216041017.0
2025-04-29,12.26,12.42,12.51,11.59,6798700.0,84099148.0,2.054231717337718,0.25,0.03146948711132942,7.559572719802793,216041017.0
2025-04-30,12.64,12.4,12.72,12.3,4125100.0,51766351.0,-0.16103059581320522,-0.019999999999999574,0.019094059347072968,3.3816425120772946,216041017.0
2025-05-06,12.59,13.64,13.64,12.43,15123800.0,203824932.0,10.000000000000009,1.2400000000000002,0.07000429922990041,9.75806451612904,216041017.0
2025-05-07,13.85,14.36,14.95,13.69,18325331.0,264153540.0,5.278592375366564,0.7199999999999989,0.08482338795877822,9.237536656891495,216041017.0
2025-05-08,14.32,15.21,15.45,14.2,17607810.0,266206889.0,5.919220055710306,0.8500000000000014,0.08150216215655011,8.70473537604457,216041017.0
2025-05-09,15.06,14.56,15.43,14.49,12390322.0,184889852.0,-4.2735042735042805,-0.6500000000000004,0.057351711133631626,6.1801446416831,216041017.0
2025-05-12,14.65,14.83,15.1,14.51,7045400.0,104986297.0,1.8543956043955978,0.2699999999999996,0.032611399899121936,4.052197802197801,216041017.0
2025-05-13,14.9,14.56,15.03,14.44,5705800.0,84417606.0,-1.8206338503034325,-0.2699999999999996,0.026410725515146043,3.978422117329736,216041017.0
2025-05-14,14.66,15.21,16.0,14.66,15775402.0,246018518.0,4.464285714285721,0.6500000000000004,0.07302040241737985,9.203296703296703,216041017.0
2025-05-15,15.1,15.17,15.3,14.68,7263700.0,110293065.0,-0.2629848783694988,-0.040000000000000924,0.03362185616817384,4.076265614727159,216041017.0
2025-05-16,15.11,15.28,15.64,15.07,6139700.0,95268804.0,0.7251153592616966,0.10999999999999943,0.028419140426468183,3.7574159525379054,216041017.0
2025-05-19,15.96,15.61,16.42,14.73,10507400.0,164578607.0,2.159685863874339,0.33000000000000007,0.04863613468362816,11.060209424083778,216041017.0
2025-05-20,15.85,15.85,15.99,15.25,8235000.0,130202242.0,1.537475976937852,0.2400000000000002,0.03811776168411575,4.740550928891738,216041017.0
2025-05-21,15.86,15.8,16.31,15.67,5651000.0,90750212.0,-0.3154574132492094,-0.049999999999998934,0.026157069978984593,4.037854889589898,216041017.0
2025-05-22,15.79,15.45,15.87,15.37,4083474.0,64152400.0,-2.2151898734177333,-0.3500000000000014,0.018901382972104783,3.164556962025316,216041017.0
2025-05-23,15.51,13.9,15.51,13.9,11298400.0,165328013.0,-10.032362459546917,-1.549999999999999,0.052297476455593614,10.420711974110029,216041017.0
2025-05-26,13.67,13.6,14.05,13.24,10071900.0,138106772.0,-2.158273381294973,-0.3000000000000007,0.046620313771250206,5.827338129496407,216041017.0
2025-05-27,13.49,13.47,13.6,13.13,5748400.0,77378324.0,-0.9558823529411731,-0.129999999999999,0.026607910293256952,3.455882352941168,216041017.0
2025-05-28,13.44,13.49,13.8,13.44,4532200.0,62038587.0,0.14847809948033142,0.019999999999999574,0.020978423740710312,2.6726057906458887,216041017.0
2025-05-29,13.49,13.46,13.63,13.38,3586200.0,48853904.0,-0.2223869532987366,-0.02999999999999936,0.016599625616463377,1.8532246108228319,216041017.0
2025-05-30,13.47,12.94,13.52,12.89,5027100.0,66426692.0,-3.8632986627043175,-0.5200000000000014,0.02326919244228516,4.680534918276367,216041017.0
2025-06-03,12.86,12.74,12.97,12.72,3608100.0,46647819.0,-1.5455950540958163,-0.1999999999999993,0.01670099525591476,1.9319938176197835,216041017.0
2025-06-04,12.8,12.73,12.85,12.59,3652000.0,46810879.0,-0.07849293563578774,-0.009999999999999787,0.016904197409883512,2.0408163265306105,216041017.0
2025-06-05,12.72,12.85,12.91,12.55,3719200.0,48006641.0,0.9426551453259879,0.11999999999999922,0.01721524945422748,2.827965435978,216041017.0
2025-06-06,12.87,12.72,12.9,12.68,2769100.0,35712150.0,-1.0116731517509692,-0.129999999999999,0.012817473452275038,1.7120622568093435,216041017.0
2025-06-09,12.75,12.86,13.05,12.72,3094800.0,40330741.0,1.1006289308175932,0.1399999999999988,0.01432505754219811,2.59433962264151,216041017.0
2025-06-10,12.87,12.37,12.93,12.33,5599100.0,70619244.0,-3.810264385692075,-0.4900000000000002,0.025916828942508904,4.6656298600311015,216041091.0
2025-06-11,12.38,12.4,12.57,12.32,3598900.0,45233826.0,0.24252223120453387,0.030000000000001137,0.016658405043881212,2.021018593371059,216041091.0
2025-06-12,12.44,12.58,12.78,12.33,5179300.0,65491792.0,1.4516129032257963,0.17999999999999972,0.023973680081073097,3.6290322580645102,216041091.0
2025-06-13,12.56,12.33,12.59,12.29,3538900.0,44395619.0,-1.9872813990461036,-0.25,0.016380680099416827,2.384737678855332,216041091.0
2025-06-16,12.26,13.57,13.57,12.26,7204800.0,95909654.0,10.056772100567724,1.2400000000000002,0.03334921133128327,10.624493106244936,216041091.0
2025-06-17,13.63,13.59,14.36,13.51,14506800.0,202603910.0,0.14738393515105752,0.019999999999999574,0.06714833707259885,6.26381724392041,216041091.0
2025-06-18,13.52,13.95,14.08,13.47,11903400.0,166445392.0,2.6490066225165476,0.35999999999999943,0.055097851732289205,4.488594554819716,216041091.0
2025-06-19,13.86,13.81,14.41,13.73,12776346.0,181971400.0,-1.003584229390675,-0.1399999999999988,0.05913849972179598,4.874551971326163,216041091.0
2025-06-20,13.76,13.98,14.17,13.62,7636600.0,107555180.0,1.2309920347574277,0.16999999999999993,0.035347905181611954,3.982621288921077,216041091.0
2025-06-23,13.75,14.14,14.14,13.71,5646700.0,79962837.0,1.1444921316166035,0.16000000000000014,0.02613715739845065,3.075822603719597,216041091.0
2025-06-24,14.14,14.18,14.29,14.03,5292300.0,75571973.0,0.28288543140027045,0.03999999999999915,0.02449672872648102,1.838755304101837,216041091.0
2025-06-25,14.17,14.25,14.47,14.14,5165400.0,74534326.0,0.49365303244006675,0.07000000000000028,0.023909340468938847,2.3272214386459806,216041091.0
2025-06-26,14.25,13.9,14.25,13.78,4659500.0,65559021.0,-2.4561403508771895,-0.34999999999999964,0.021567656312196645,3.2982456140350918,216041091.0
2025-06-27,13.97,13.76,14.03,13.67,3214900.0,44292799.0,-1.0071942446043258,-0.14000000000000057,0.014880965399309153,2.5899280575539527,216041091.0
2025-06-30,13.82,13.76,13.93,13.68,3148900.0,43388562.0,0.0,0.0,0.014575417226004686,1.8168604651162792,216041843.0
2025-07-01,13.8,13.94,13.95,13.64,3285300.0,45395691.0,1.3081395348837122,0.17999999999999972,0.015206776402106513,2.252906976744177,216041843.0
2025-07-02,13.93,14.12,14.44,13.85,6080200.0,85705157.0,1.2912482065997155,0.17999999999999972,0.028143622159342532,4.2324246771879475,216041843.0
2025-07-03,14.28,15.19,15.19,14.12,12687782.0,188228117.0,7.577903682719556,1.0700000000000003,0.05872835476597929,7.5779036827195485,216041843.0
2025-07-04,15.49,16.7,16.7,15.28,12365075.0,200703403.0,9.940750493745876,1.5099999999999998,0.057234630237809996,9.34825543120474,216041843.0
2025-07-07,16.37,16.14,16.83,15.49,17410010.0,280893392.0,-3.3532934131736414,-0.5599999999999987,0.08058628716660225,8.023952095808372,216041843.0
2025-07-08,16.06,16.94,17.28,15.92,16851300.0,281790570.0,4.956629491945486,0.8000000000000007,0.07800016777305496,8.426270136307318,216041843.0
2025-07-09,16.82,16.45,17.43,16.29,11414690.0,191024123.0,-2.892561983471087,-0.490000000000002,0.0528355518611272,6.729634002361277,216041843.0
2025-07-10,16.45,15.98,16.46,15.79,9998113.0,160780455.0,-2.857142857142847,-0.46999999999999886,0.046278595207133094,4.072948328267488,216041843.0
2025-07-11,15.99,15.78,16.06,15.51,5860800.0,92221940.0,-1.251564455569465,-0.20000000000000107,0.027128078147342968,3.4418022528160135,216041843.0
2025-07-14,15.78,15.89,16.15,15.72,5314400.0,84846110.0,0.6970849176172411,0.11000000000000121,0.024598938456565564,2.7249683143219134,216041843.0
2025-07-15,15.77,15.32,16.14,15.21,6782990.0,105479936.0,-3.587161736941469,-0.5700000000000003,0.0313966493981446,5.852737570799243,216041843.0
2025-07-16,15.37,16.04,16.36,15.36,9575300.0,152684260.0,4.699738903394257,0.7199999999999989,0.044321506737007424,6.5274151436031325,216041843.0
2025-07-17,16.1,16.75,16.98,15.87,10956800.0,181561357.0,4.42643391521198,0.7100000000000009,0.05071610132487159,6.92019950124689,216041843.0
2025-07-18,16.66,16.79,17.18,16.32,7165265.0,119610800.0,0.23880597014924732,0.03999999999999915,0.03316609829143144,5.134328358208952,216041843.0
2025-07-21,16.95,17.27,17.43,16.84,7570600.0,130008974.0,2.8588445503275883,0.4800000000000004,0.03504228576683638,3.5139964264443115,216041843.0
2025-07-22,17.22,18.03,18.23,16.93,9081300.0,159228723.0,4.40069484655472,0.7600000000000016,0.042034912653471486,7.527504342790971,216041843.0
2025-07-23,18.12,18.86,19.18,17.73,11198765.0,207947395.0,4.603438713255681,0.8299999999999983,0.05183609269617275,8.04215196894065,216041843.0
2025-07-24,18.76,18.18,18.87,18.08,8255549.0,151164906.0,-3.6055143160127257,-0.6799999999999997,0.038212731780852285,4.188759278897152,216041843.0
2025-07-25,18.27,18.23,19.46,17.56,7599350.0,137445650.0,0.2750275027502802,0.05000000000000071,0.0351753618395118,10.451045104510463,216041843.0
2025-07-28,17.98,18.0,18.2,17.63,5058200.0,90895159.0,-1.2616566099835413,-0.23000000000000043,0.02341305707154146,3.1267142073505227,216041843.0
2025-07-29,17.94,18.9,18.98,17.94,7413100.0,137800903.0,4.999999999999982,0.8999999999999986,0.0343132603252232,5.777777777777773,216041843.0
2025-07-30,18.91,18.26,19.03,18.13,4916500.0,91069036.0,-3.3862433862433705,-0.639999999999997,0.02275716561073773,4.761904761904773,216041843.0
2025-07-31,18.26,19.63,19.97,18.16,10100370.0,193140988.0,7.502738225629768,1.3699999999999974,0.04675191555369207,9.912376779846651,216041843.0
2025-08-01,19.42,20.47,20.68,19.42,8709798.0,175731701.0,4.279164544065206,0.8399999999999999,0.040315329100390984,6.4187468160978,216041843.0
2025-08-04,20.32,20.15,20.86,19.82,7886157.0,159975521.0,-1.5632633121641426,-0.3200000000000003,0.03650291485432292,5.08060576453346,216041843.0
2025-08-05,20.07,21.24,21.56,19.84,8913326.0,186936910.0,5.409429280397027,1.0899999999999999,0.04125740586280779,8.53598014888337,216041843.0
2025-08-06,21.18,21.78,21.86,20.68,7850316.0,167119279.0,2.5423728813559476,0.5400000000000027,0.036337016436209534,5.5555555555555545,216041843.0
2025-08-07,21.77,19.6,21.97,19.6,7678626.0,157894535.0,-10.009182736455458,-2.1799999999999997,0.03554230927385673,10.881542699724505,216041843.0
2025-08-08,17.7,18.56,19.23,17.7,12943261.0,240309073.0,-5.3061224489796,-1.0400000000000027,0.059910898834537346,7.806122448979597,216041843.0
2025-08-11,18.78,18.49,19.13,17.99,10936287.0,204046213.0,-0.37715517241379004,-0.07000000000000028,0.050621152125609296,6.142241379310348,216041843.0
2025-08-12,18.48,17.62,18.73,17.28,11083594.0,196015107.0,-4.705246078961589,-0.8699999999999974,0.05130299689213445,7.842076798269332,216041843.0
2025-08-13,17.56,17.48,18.05,16.98,9015783.0,157198376.0,-0.794551645856989,-0.14000000000000057,0.04173165195595929,6.072644721906925,216041843.0
2025-08-14,17.48,17.0,17.58,16.89,6686703.0,114464378.0,-2.7459954233409634,-0.4800000000000004,0.030950962587372483,3.947368421052618,216041843.0
2025-08-15,16.98,17.14,17.22,16.92,4334524.0,74135685.0,0.8235294117647118,0.14000000000000057,0.020063354116082042,1.7647058823529245,216041843.0
2025-08-18,17.33,17.15,17.52,17.03,5930323.0,102215018.0,0.058343057176180046,0.00999999999999801,0.02744988154910343,2.8588098016335963,216041843.0
2025-08-19,17.15,17.38,17.43,16.93,5053700.0,87090153.0,1.3411078717201264,0.23000000000000043,0.023392227773209654,2.915451895043732,216041843.0
2025-08-20,17.35,17.24,17.43,17.05,3548700.0,61261369.0,-0.8055235903337232,-0.14000000000000057,0.016425984664461504,2.18642117376294,216041843.0
2025-08-21,17.35,17.19,17.55,17.14,4669275.0,80936569.0,-0.2900232018561266,-0.04999999999999716,0.021612827104053173,2.3781902552204186,216041843.0
2025-08-22,17.23,17.32,17.33,17.0,4248226.0,73083000.0,0.7562536358347804,0.129999999999999,0.01966390371887357,1.9197207678882973,216041843.0
2025-08-25,17.38,17.14,17.97,17.01,7114467.0,123443542.0,-1.0392609699769073,-0.17999999999999972,0.0329309679143961,5.542725173210146,216041843.0
2025-08-26,17.11,17.24,17.34,16.96,3799459.0,65365321.0,0.5834305717619559,0.09999999999999787,0.017586681113435976,2.2170361726954435,216041843.0
2025-08-27,17.18,16.33,17.33,16.33,6593700.0,110642081.0,-5.278422273781902,-0.9100000000000001,0.030520476535649623,5.80046403712297,216041843.0
2025-08-28,16.35,16.14,16.51,15.42,6132928.0,97961125.0,-1.1635027556644029,-0.18999999999999773,0.028387685990995736,6.674831598285374,216041843.0
2025-08-29,16.25,16.04,16.25,15.98,3624370.0,58436805.0,-0.619578686493194,-0.10000000000000142,0.016776240887743214,1.672862453531596,216041843.0
2025-09-01,16.09,16.1,16.59,15.99,5187950.0,84321747.0,0.37406483790525247,0.060000000000002274,0.024013635173441843,3.740648379052367,216041843.0
2025-09-02,16.11,16.1,16.33,15.71,3674467.0,58801784.0,0.0,0.0,0.017008126522971755,3.8509316770186173,216041843.0
2025-09-03,16.1,15.29,16.13,15.19,4369500.0,67937845.0,-5.031055900621128,-0.8100000000000023,0.020225248680182755,5.838509316770183,216041843.0
2025-09-04,15.34,15.89,16.43,15.29,7057604.0,112640535.0,3.924133420536302,0.6000000000000014,0.03266776427194245,7.45585349901897,216041843.0
2025-09-05,15.9,16.71,17.16,15.49,8530785.0,141634192.0,5.160478288231585,0.8200000000000003,0.03948672572655289,10.509754562617998,216041843.0
2025-09-08,18.12,18.38,18.38,18.06,12366402.0,227117030.0,9.994015559545177,1.6699999999999982,0.057240772566451395,1.9150209455415936,216041843.0
2025-09-09,18.48,20.22,20.22,18.48,5794389.0,113512502.0,10.010881392818272,1.8399999999999999,0.026820679362562185,9.466811751904237,216041843.0
2025-09-10,21.48,19.31,21.48,18.28,25145620.0,489234880.0,-4.500494559841739,-0.9100000000000001,0.11639236015960112,15.82591493570722,216041843.0
2025-09-11,18.83,18.22,18.86,17.65,16221029.0,293919025.0,-5.644743656136719,-1.0899999999999999,0.07508281161996938,6.266183324702232,216041843.0
2025-09-12,18.36,17.74,18.36,17.56,10788173.0,192739212.0,-2.634467618002201,-0.4800000000000004,0.0499355719715833,4.390779363336997,216041843.0
2025-09-15,17.52,17.54,17.85,17.45,7760655.0,136767013.0,-1.1273957158962733,-0.1999999999999993,0.035921999610047765,2.254791431792571,216041843.0
2025-09-16,17.49,17.72,17.76,17.38,6748097.0,119064963.0,1.026225769669331,0.17999999999999972,0.03123513901887978,2.1664766248574834,216041843.0
2025-09-17,17.62,17.63,17.98,17.54,7751240.0,137646170.0,-0.5079006772009009,-0.08999999999999986,0.035878420089204666,2.483069977426644,216041843.0
2025-09-18,17.5,17.08,17.63,16.86,7191115.0,124470263.0,-3.1196823596142953,-0.5500000000000007,0.033285751038515256,4.367555303460009,216041843.0
2025-09-19,17.08,16.69,17.22,16.66,4380000.0,73876851.0,-2.2833723653395643,-0.389999999999997,0.0202738503762903,3.2786885245901565,216041843.0
2025-09-22,16.64,16.71,16.78,16.41,3540600.0,58874685.0,0.11983223487117556,0.019999999999999574,0.016388491927464256,2.216896345116842,216041843.0
2025-09-23,16.69,16.52,16.73,16.01,4084500.0,66704864.0,-1.1370436864153288,-0.19000000000000128,0.018906059785835098,4.308797127468575,216041843.0
2025-09-24,16.56,18.17,18.17,16.42,7959500.0,138317768.0,9.987893462469755,1.6500000000000021,0.0368424000160006,10.593220338983052,216041843.0
2025-09-25,18.16,17.62,18.16,17.48,8839049.0,156495925.0,-3.026967528893787,-0.5500000000000007,0.04091359746454301,3.742432581177764,216041843.0
2025-09-26,17.69,17.79,18.26,17.56,7959315.0,142619578.0,0.9648127128263129,0.16999999999999815,0.03684154370040252,3.9727582292849193,216041843.0
2025-09-29,17.79,17.76,17.94,17.44,5165500.0,91650024.0,-0.1686340640809303,-0.029999999999997584,0.023909720118430948,2.810567734682406,216041843.0
2025-09-30,17.87,17.38,17.93,17.31,5257700.0,92539156.0,-2.1396396396396566,-0.38000000000000256,0.024311256849901344,3.4909909909909964,216266071.0
2025-10-09,17.58,17.35,17.77,17.26,4034336.0,70637557.0,-0.17261219792863436,-0.029999999999997584,0.018654502675086747,2.9344073647871003,216266071.0
2025-10-10,17.4,17.08,17.43,16.99,3589700.0,61840644.0,-1.5561959654178836,-0.2700000000000031,0.016598535236717737,2.5360230547550504,216266071.0
2025-10-13,16.3,16.84,16.92,16.05,3434828.0,57156571.0,-1.4051522248243464,-0.23999999999999844,0.015882417358014517,5.093676814988297,216266071.0
2025-10-14,16.93,16.44,17.22,16.39,3294041.0,55132794.0,-2.375296912114011,-0.3999999999999986,0.015231427587178019,4.92874109263657,216266071.0
2025-10-15,16.65,16.82,17.0,16.46,3578570.0,60050616.0,2.311435523114347,0.379999999999999,0.01654707085329164,3.2846715328467098,216266071.0
2025-10-16,16.98,16.31,16.98,16.19,2954093.0,48828792.0,-3.032104637336508,-0.5100000000000016,0.01365953053264652,4.696789536266344,216266071.0
2025-10-17,16.39,16.08,16.42,16.07,2205815.0,35797152.0,-1.4101778050275904,-0.23000000000000043,0.010199542581045919,2.145922746781125,216266071.0
2025-10-20,16.21,16.46,16.66,16.2,2677500.0,44009907.0,2.36318407960201,0.38000000000000256,0.012380582805335194,2.860696517412941,216266071.0
2025-10-21,16.47,16.55,16.64,16.46,1968200.0,32593677.0,0.5467800729040073,0.08999999999999986,0.00910082654620382,1.0935601458080175,216266071.0
2025-10-22,16.55,16.53,16.86,16.48,2393500.0,39836459.0,-0.12084592145015227,-0.019999999999999574,0.011067385600212804,2.296072507552864,216266071.0
2025-10-23,16.41,16.45,16.5,16.17,1797101.0,29298887.0,-0.483968542044777,-0.08000000000000185,0.00830967609338961,1.9963702359346538,216266071.0
2025-10-24,16.48,16.56,16.68,16.36,2701400.0,44690691.0,0.6686930091185372,0.10999999999999943,0.012491094823653591,1.945288753799394,216266071.0
2025-10-27,16.56,16.6,16.91,16.46,3146700.0,52284621.0,0.24154589371983004,0.0400000000000027,0.014550132554079645,2.7173913043478217,216266071.0
2025-10-28,16.44,16.63,16.88,16.39,3155050.0,52682223.0,0.18072289156625398,0.029999999999997584,0.014588742401483772,2.951807228915653,216266071.0
2025-10-29,16.63,16.64,16.73,16.28,2792600.0,46130644.0,0.060132291040293495,0.010000000000001563,0.012912797588115428,2.7059530968129843,216266071.0
2025-10-30,16.6,18.31,18.31,16.41,10923575.0,192309292.0,10.036057692307686,1.6699999999999982,0.050509887887129554,11.418269230769223,216266071.0
2025-10-31,20.14,20.14,20.14,20.14,5593538.0,112765726.0,9.994538503549988,1.8300000000000018,0.025864149536429133,0.0,216266071.0
2025-11-03,20.88,18.14,21.48,18.12,28647521.0,542499675.0,-9.930486593843103,-2.0,0.13246424123551032,16.683217477656402,216266071.0
2025-11-04,17.28,17.12,17.43,16.78,16474576.0,280973056.0,-5.622932745314224,-1.0199999999999996,0.07617734915062105,3.5832414553472907,216266071.0
2025-11-05,16.75,16.9,17.03,16.75,9275428.0,156850327.0,-1.2850467289719725,-0.22000000000000242,0.042888965232091354,1.6355140186915953,216266071.0
2025-11-06,17.07,17.6,18.26,16.9,15465594.0,272114583.0,4.142011834319548,0.7000000000000028,0.07151188315618866,8.047337278106527,216266071.0
2025-11-07,17.58,17.57,17.91,17.24,8910653.0,156333490.0,-0.17045454545455696,-0.030000000000001137,0.04120226977258953,3.806818181818191,216266071.0
2025-11-10,17.58,17.66,18.13,17.48,8098180.0,144171402.0,0.512236767216856,0.08999999999999986,0.03744544838935924,3.6994877632327747,216266071.0
2025-11-11,17.76,17.89,18.06,17.36,7272274.0,129496643.0,1.3023782559456354,0.23000000000000043,0.03362651370311342,3.9637599093997693,216266071.0
2025-11-12,17.88,18.07,18.4,17.6,9313300.0,168331349.0,1.0061486864169966,0.17999999999999972,0.043064082853754716,4.471771939631062,216266071.0
2025-11-13,17.99,18.19,18.53,17.86,9412300.0,172368074.0,0.6640841173215284,0.120000000000001,0.04352185230201921,3.7078029883785377,216266071.0
2025-11-14,17.98,18.48,18.56,17.98,8661900.0,159681611.0,1.5942825728422205,0.28999999999999915,0.04005205236285076,3.1885651456844326,216266071.0
2025-11-17,18.47,18.0,18.78,17.98,7233381.0,132227222.0,-2.5974025974025983,-0.4800000000000004,0.03344667504501897,4.329004329004333,216266071.0
2025-11-18,18.0,17.81,18.24,17.63,5306000.0,94902371.0,-1.0555555555555651,-0.19000000000000128,0.024534592853448566,3.3888888888888857,216266071.0
2025-11-19,17.74,17.17,17.84,17.09,5003157.0,86682208.0,-3.5934868051656244,-0.639999999999997,0.023134266863339834,4.211117349803482,216266071.0
2025-11-20,17.26,16.63,17.35,16.53,4506428.0,75744929.0,-3.145020384391395,-0.5400000000000027,0.020837424840441106,4.775771694816542,216266071.0
2025-11-21,16.53,16.41,16.86,15.58,8171278.0,132548051.0,-1.3229104028863459,-0.21999999999999886,0.037783448703795984,7.696933253156941,216266071.0
2025-11-24,16.46,16.28,16.57,16.04,3506507.0,57000292.0,-0.7921998781230899,-0.129999999999999,0.016213856310359473,3.2297379646557047,216266071.0
2025-11-25,16.35,16.55,16.61,16.28,2310000.0,38137952.0,1.6584766584766486,0.2699999999999996,0.01068128712617154,2.0270270270270165,216266071.0
2025-11-26,16.54,16.37,16.8,16.3,2566526.0,42566791.0,-1.0876132930513593,-0.17999999999999972,0.011867446373499799,3.021148036253776,216266071.0
2025-11-27,16.32,16.63,16.7,16.3,2359100.0,39186121.0,1.5882712278558309,0.259999999999998,0.010908322276775444,2.4434941967012738,216266071.0
2025-11-28,16.58,16.98,17.11,16.48,3315300.0,56160283.0,2.104630186410117,0.3500000000000014,0.015329727796275542,3.788334335538178,216266071.0
2025-12-01,16.99,16.83,17.08,16.69,3224950.0,54524229.0,-0.8833922261484273,-0.15000000000000213,0.01491195537556143,2.296819787985848,216266071.0
2025-12-02,16.83,16.78,16.86,16.5,2262486.0,37810856.0,-0.2970885323826278,-0.04999999999999716,0.010461585534607507,2.1390374331550768,216266071.0
2025-12-03,16.77,17.1,18.46,16.76,8251412.0,143211959.0,1.9070321811680557,0.3200000000000003,0.038153983016596255,10.131108462455298,216266071.0
2025-12-04,16.98,17.43,17.87,16.43,8489369.0,144794125.0,1.9298245614034926,0.3299999999999983,0.03925428043680509,8.421052631578954,216266071.0
2025-12-05,17.08,17.18,17.33,16.9,5337258.0,91227682.0,-1.4343086632243263,-0.25,0.024679127776820804,2.467010900745839,216266071.0
2025-12-08,17.18,16.75,17.19,16.71,5376600.0,91105572.0,-2.502910360884747,-0.4299999999999997,0.02486104258120082,2.793946449359723,216266071.0
2025-12-09,16.69,16.84,17.4,16.63,4434914.0,75440952.0,0.5373134328358287,0.08999999999999986,0.02050674883717659,4.597014925373132,216266071.0
2025-12-10,16.75,16.15,16.77,16.07,7295600.0,118923068.0,-4.097387173396683,-0.6900000000000013,0.033734371583418646,4.156769596199521,216266071.0
2025-12-11,16.15,15.89,16.26,15.89,2816661.0,45099885.0,-1.609907120743026,-0.259999999999998,0.013024054059778984,2.291021671826632,216266071.0
2025-12-12,15.9,15.96,16.15,15.76,2639827.0,42259820.0,0.4405286343612369,0.07000000000000028,0.01220638534650218,2.454373820012579,216266071.0
2025-12-15,15.9,15.59,15.9,15.44,2486100.0,38958121.0,-2.318295739348375,-0.370000000000001,0.011495561872023836,2.882205513784466,216266071.0
2025-12-16,15.5,15.06,15.68,15.04,2692700.0,40972674.0,-3.399615137908907,-0.5299999999999994,0.012450866599412165,4.105195638229638,216266071.0
2025-12-17,15.06,15.18,15.2,14.87,2078796.0,31307481.0,0.7968127490039834,0.11999999999999922,0.009612215131054931,2.1912350597609564,216266071.0
2025-12-18,15.13,15.29,15.38,15.02,2056889.0,31438784.0,0.7246376811594235,0.10999999999999943,0.009510918612841493,2.3715415019762927,216266071.0
2025-12-19,15.28,15.87,15.93,15.28,2783989.0,43735653.0,3.793328973185095,0.5800000000000001,0.01287298089398406,4.251144538914326,216266071.0
2025-12-22,15.95,16.21,16.44,15.84,2747653.0,44468394.0,2.1424070573409004,0.34000000000000163,0.012704965634669527,3.780718336483941,216266071.0
2025-12-23,16.21,15.88,17.28,15.81,7606844.0,124836360.0,-2.035780382479946,-0.33000000000000007,0.03517354324155637,9.068476249228874,216266071.0
2025-12-24,15.72,15.6,15.97,15.5,4901926.0,76589860.0,-1.7632241813602123,-0.28000000000000114,0.022666181418721017,2.959697732997485,216266071.0
2025-12-25,15.6,15.8,15.95,15.49,2702926.0,42647228.0,1.2820512820512997,0.20000000000000107,0.012498150946664214,2.9487179487179427,216266071.0
2025-12-26,15.79,15.6,15.89,15.51,2562600.0,40062782.0,-1.2658227848101333,-0.20000000000000107,0.011849292809319128,2.4050632911392453,216266071.0
2025-12-29,15.6,15.67,15.79,15.4,2201900.0,34467050.0,0.4487179487179471,0.07000000000000028,0.010181439880137278,2.499999999999992,216266071.0
2025-12-30,15.59,15.61,15.73,15.53,1667100.0,26066474.0,-0.38289725590300305,-0.0600000000000005,0.007708560072744837,1.276324186343338,216266071.0
2025-12-31,15.61,15.47,15.61,15.34,1746669.0,27006484.0,-0.8968609865470767,-0.1399999999999988,0.008076506660170575,1.7296604740550903,216265407.0
2026-01-05,15.9,16.01,16.63,15.64,7445069.0,120312363.0,3.4906270200387945,0.5400000000000009,0.034425612044371015,6.399482870071095,216265407.0
2026-01-06,16.01,15.82,16.02,15.75,3937200.0,62456624.0,-1.1867582760774598,-0.19000000000000128,0.018205408135384314,1.6864459712679545,216265407.0
2026-01-07,15.8,16.01,16.14,15.72,3434397.0,54881760.0,1.2010113780025256,0.19000000000000128,0.015880473200228458,2.654867256637168,216265407.0
2026-01-08,16.02,15.95,16.02,15.84,2417058.0,38486799.0,-0.37476577139289313,-0.060000000000002274,0.011176350547824785,1.1242973141786365,216265407.0
2026-01-09,15.89,15.9,15.92,15.75,3059635.0,48514662.0,-0.31347962382444194,-0.049999999999998934,0.014147593193210045,1.0658307210031344,216265407.0
2026-01-12,15.94,16.06,16.25,15.68,5319576.0,84730318.0,1.0062893081761004,0.15999999999999837,0.024597442900334034,3.5849056603773604,216265407.0
2026-01-13,16.11,16.21,16.5,15.85,5012034.0,81342290.0,0.9339975093399788,0.15000000000000213,0.02317538467906705,4.047322540473227,216265407.0
2026-01-14,16.26,16.2,16.54,15.9,5035589.0,82141349.0,-0.061690314620610476,-0.010000000000001563,0.02328430177462455,3.9481801357186845,216265407.0
2026-01-15,16.15,16.28,16.62,16.06,3122900.0,50976523.0,0.4938271604938427,0.08000000000000185,0.014440127264551376,3.4567901234568046,216265407.0
2026-01-16,16.29,16.14,16.43,16.09,2346276.0,38082203.0,-0.8599508599508643,-0.14000000000000057,0.010849058259234219,2.088452088452087,216265407.0
2026-01-19,16.12,16.28,16.38,16.06,2961676.0,48282181.0,0.867410161090465,0.14000000000000057,0.013694635869341784,1.9826517967781925,216265407.0
2026-01-20,16.28,16.44,16.49,16.18,3009500.0,49277164.0,0.9828009828009909,0.16000000000000014,0.013915771559341435,1.9041769041768963,216265407.0
2026-01-21,16.4,16.7,16.77,16.26,4127476.0,68796669.0,1.5815085158150666,0.259999999999998,0.019085234468404835,3.1021897810218855,216265407.0
2026-01-22,16.7,16.98,17.18,16.62,5952135.0,100862784.0,1.6766467065868262,0.28000000000000114,0.02752236283447773,3.353293413173645,216265407.0
2026-01-23,17.04,16.79,17.14,16.68,4252527.0,71524701.0,-1.1189634864546605,-0.19000000000000128,0.01966346379196928,2.7090694935217954,216265407.0
2026-01-26,16.82,16.51,16.86,16.28,3783000.0,62581667.0,-1.6676593210244062,-0.2799999999999976,0.01749239535105122,3.454437164979144,216265407.0
2026-01-27,16.48,16.25,16.49,15.9,2852300.0,46091957.0,-1.5748031496063075,-0.26000000000000156,0.013188886930955166,3.573591762568128,216265407.0
2026-01-28,16.25,15.94,16.28,15.84,3181081.0,50808724.0,-1.9076923076923102,-0.3100000000000005,0.014709153184170596,2.7076923076923154,216265407.0
2026-01-29,15.84,15.81,16.12,15.68,2492700.0,39599055.0,-0.8155583437892022,-0.129999999999999,0.01152611522378149,2.7603513174404095,216265407.0
2026-01-30,15.74,15.97,15.99,15.63,2205100.0,34928931.0,1.0120177103099204,0.16000000000000014,0.010196267773883966,2.2770398481973397,216265407.0
2026-02-02,15.9,16.16,16.43,15.86,4130978.0,67001419.0,1.189730745147144,0.1899999999999995,0.019101427534362905,3.569192235441454,216265407.0
2026-02-03,16.18,16.39,16.46,16.08,3159900.0,51721941.0,1.42326732673268,0.23000000000000043,0.014611213341207177,2.3514851485148673,216265407.0
2026-02-04,16.38,16.94,16.96,16.31,5683800.0,95229858.0,3.3557046979865834,0.5500000000000007,0.026281595743141668,3.96583282489324,216265407.0
2026-02-05,16.95,18.64,18.64,16.79,10544990.0,187347947.0,10.035419126328215,1.6999999999999993,0.0487594856074231,10.920897284533655,216265407.0
2026-02-06,18.46,17.36,18.46,17.29,20110390.0,359689528.0,-6.866952789699576,-1.2800000000000011,0.09298939797616361,6.276824034334773,216265407.0
2026-02-09,17.48,17.68,17.96,17.28,10852365.0,191663503.0,1.8433179723502224,0.3200000000000003,0.05018077162937113,3.917050691244238,216265407.0
2026-02-10,17.67,17.46,18.02,17.46,6222900.0,110264628.0,-1.2443438914027105,-0.21999999999999886,0.028774366119496863,3.1674208144796308,216265407.0
2026-02-11,17.44,17.65,18.22,17.36,6761100.0,120770603.0,1.0882016036655173,0.18999999999999773,0.03126297494263611,4.9255441008018295,216265407.0
2026-02-12,17.88,18.79,19.42,17.68,25415183.0,479237334.0,6.458923512747883,1.1400000000000006,0.11751848505295162,9.858356940509927,216265407.0
2026-02-13,19.04,18.0,19.64,17.84,16250774.0,301344729.0,-4.204364023416707,-0.7899999999999991,0.07514273422378642,9.579563597658334,216265407.0
2026-02-24,18.37,18.17,18.77,18.01,7303575.0,134088852.0,0.9444444444444589,0.1700000000000017,0.03377135114355113,4.222222222222212,216265407.0
2026-02-25,18.13,18.26,18.79,17.98,6737000.0,123782044.0,0.4953219592735314,0.08999999999999986,0.031151537795408954,4.457897633461743,216265407.0
2026-02-26,18.42,18.46,18.93,18.19,10163200.0,189535890.0,1.0952902519167473,0.1999999999999993,0.04699410849373613,4.052573932091995,216265407.0
2026-02-27,18.38,18.88,19.58,18.28,8184200.0,156588257.0,2.2751895991332427,0.41999999999999815,0.037843315366659636,7.042253521126744,216265407.0
2026-03-02,18.43,17.48,18.63,17.36,10141036.0,180453641.0,-7.415254237288127,-1.3999999999999986,0.04689162330987128,6.726694915254236,216265407.0
2026-03-03,17.38,16.34,17.47,16.29,6873500.0,115555098.0,-6.521739130434789,-1.1400000000000006,0.03178270669982833,6.75057208237986,216265407.0
2026-03-04,16.18,16.58,16.7,16.06,4596000.0,75471861.0,1.4687882496939864,0.23999999999999844,0.02125166508946112,3.916768665850677,216265407.0
2026-03-05,16.91,18.24,18.24,16.91,5125100.0,91666057.0,10.012062726176119,1.6600000000000001,0.023698195985639072,8.021712907117,216265407.0
2026-03-06,17.98,18.01,18.49,17.62,10437100.0,188772913.0,-1.260964912280682,-0.22999999999999687,0.048260607855790824,4.7697368421052495,216265407.0
2026-03-09,17.98,18.12,18.78,17.88,11637276.0,213720055.0,0.6107717934480839,0.10999999999999943,0.053810159291911165,4.9972237645752475,216265407.0
2026-03-10,19.21,18.63,19.33,18.59,10218353.0,192657806.0,2.8145695364238277,0.509999999999998,0.047249133098757674,4.083885209713015,216265407.0
2026-03-11,18.55,19.6,19.78,18.54,12207870.0,235100697.0,5.206655931293636,0.9700000000000024,0.056448556287136575,6.655931293612465,216265407.0
2026-03-12,19.41,18.84,19.82,18.76,9868300.0,190260214.0,-3.8775510204081765,-0.7600000000000016,0.04563050622330921,5.408163265306116,216265407.0
2026-03-13,18.93,18.38,19.11,18.36,7702100.0,144494160.0,-2.441613588110403,-0.46000000000000085,0.035614110027314724,3.9808917197452227,216265407.0
2026-03-16,18.38,18.23,18.58,17.88,5765200.0,105062405.0,-0.8161044613710478,-0.14999999999999858,0.026657985111784428,3.808487486398255,216265407.0
2026-03-17,18.38,18.29,18.81,18.16,7899900.0,146366946.0,0.3291278113000562,0.05999999999999872,0.0365287269452206,3.5655512890839196,216265407.0
2026-03-18,18.38,19.63,19.75,18.16,12036775.0,230612809.0,7.326407873154728,1.3399999999999999,0.05565742190104402,8.693275013668671,216265407.0
2026-03-19,19.69,20.43,21.48,19.56,14943610.0,308925259.0,4.075394803871624,0.8000000000000007,0.06909847583714579,9.78094752929191,216265407.0
2026-03-20,20.43,20.28,21.55,19.99,12537989.0,259997335.0,-0.7342143906020504,-0.14999999999999858,0.057975009382799716,7.635829662261391,216265407.0
2026-03-23,20.13,20.54,21.86,20.13,14501179.0,305120159.0,1.2820512820512775,0.259999999999998,0.06705269789171599,8.530571992110456,216265407.0
2026-03-24,21.21,22.18,22.38,21.17,16330572.0,355754163.0,7.984420642648504,1.6400000000000006,0.07551171602770479,5.890944498539422,216265407.0
2026-03-25,22.48,23.25,23.72,22.13,18801554.0,432540732.0,4.824165915238954,1.0700000000000003,0.08693740834843734,7.168620378719566,216265407.0
2026-03-26,23.22,24.48,24.98,22.2,20654368.0,498904628.0,5.290322580645168,1.2300000000000004,0.09550472397094927,11.956989247311833,216265407.0
2026-03-27,23.98,24.62,25.16,23.02,17699035.0,431241392.0,0.5718954248365993,0.14000000000000057,0.08183941780388392,8.74183006535948,216265407.0
2026-03-30,24.17,27.07,27.07,24.08,18480325.0,478777062.0,9.95125913891146,2.4499999999999993,0.08545206215065176,12.144597887896028,216265407.0
2026-03-31,26.89,27.83,28.85,26.83,21183327.0,590680785.0,2.8075360177318043,0.759999999999998,0.09794467952767157,7.462135205024023,216278486.0
2026-04-01,27.43,26.27,28.19,25.8,21274757.0,566203749.0,-5.605461731943939,-1.5599999999999987,0.09836742152892637,8.587854832914124,216278486.0
2026-04-02,26.01,24.92,26.17,24.68,16753976.0,421965052.0,-5.138941758660065,-1.3499999999999979,0.07746482930345647,5.6718690521507495,216278486.0
2026-04-03,25.17,24.16,25.28,23.48,11380209.0,274295608.0,-3.049759229534521,-0.7600000000000016,0.052618312669342436,7.223113964687,216278486.0
2026-04-07,24.13,23.98,24.54,23.66,7893884.0,190026339.0,-0.7450331125827825,-0.17999999999999972,0.036498701955958765,3.6423841059602604,216278486.0
2026-04-08,24.29,24.45,24.62,23.53,9252002.0,224925398.0,1.9599666388657067,0.46999999999999886,0.04277818922775333,4.545454545454545,216278486.0
2026-04-09,23.98,24.05,24.3,23.48,7876702.0,187947889.0,-1.635991820040894,-0.3999999999999986,0.03641925808561467,3.3537832310838454,216278486.0
2026-04-10,24.27,26.46,26.46,23.99,8947302.0,227958163.0,10.020790020790017,2.41,0.04136935746813023,10.27027027027028,216278486.0
2026-04-13,26.38,27.72,29.1,25.87,34470140.0,963132253.0,4.761904761904745,1.259999999999998,0.15937849685150837,12.207105064247923,216278486.0
2026-04-14,28.41,26.98,28.85,26.5,21860106.0,593997095.0,-2.669552669552666,-0.7399999999999984,0.10107388119963073,8.477633477633482,216278486.0
2026-04-15,26.74,29.67,29.67,26.09,13617402.0,388400896.0,9.970348406226837,2.6900000000000013,0.06296235123450974,13.26908821349148,216278486.0
2026-04-16,29.67,28.91,29.67,28.18,20994720.0,606349852.0,-2.5615099427030774,-0.7600000000000016,0.09707262330290217,5.0219076508257565,216278486.0
2026-04-17,28.33,28.32,28.86,27.49,11608296.0,327906902.0,-2.0408163265306145,-0.5899999999999999,0.05367291132230323,4.738844690418544,216278486.0
2026-04-20,28.13,27.67,28.37,27.52,10040533.0,280230453.0,-2.2951977401129864,-0.6499999999999986,0.04642409509006827,3.001412429378536,216278486.0
2026-04-21,27.74,27.5,28.32,27.24,12570600.0,349725724.0,-0.6143838091796194,-0.1700000000000017,0.05812228591243236,3.9031441994940437,216278486.0
2026-04-22,27.21,28.85,29.47,27.03,17094551.0,489060480.0,4.909090909090907,1.3500000000000014,0.07903953516671094,8.872727272727264,216278486.0
2026-04-23,28.37,30.51,31.25,28.37,18136484.0,546302510.0,5.753899480069324,1.6600000000000001,0.0838570878473784,9.982668977469666,216278486.0
2026-04-24,30.43,33.56,33.56,29.97,20325092.0,672782776.0,9.996722386102919,3.0500000000000007,0.0939764854836278,11.766633890527707,216278486.0
2026-04-27,36.25,36.92,36.92,36.25,3393050.0,124540709.0,10.011918951132293,3.3599999999999994,0.015688338043942106,1.996424314660315,216278486.0
2026-04-28,37.07,33.8,38.21,33.52,32071745.0,1143465602.0,-8.450704225352123,-3.1200000000000045,0.14828911369390665,12.703141928494036,216278486.0
2026-04-29,33.9,35.02,35.15,31.96,26612209.0,898033969.0,3.609467455621318,1.220000000000006,0.12304602964531572,9.437869822485201,216278486.0
2026-04-30,34.27,32.72,35.79,32.05,22206764.0,744683503.0,-6.5676756139349095,-2.3000000000000043,0.10267671283772534,10.679611650485441,216278486.0
2026-05-06,33.68,35.37,35.81,33.37,21832938.0,757687590.0,8.099022004889967,2.6499999999999986,0.1009482653767051,7.457212713936445,216278486.0
2026-05-07,34.46,38.06,38.23,33.92,17113803.0,636376839.0,7.605315238903043,2.690000000000005,0.07912855003063042,12.185467910658737,216278486.0
2026-05-08,39.21,41.87,41.87,39.2,4997449.0,205061563.0,10.010509721492378,3.809999999999995,0.02310654699145619,7.0152390961639375,216278486.0
2026-05-11,44.07,42.6,44.07,39.71,22261209.0,931390043.0,1.7434917602101807,0.730000000000004,0.10292844846343153,10.41318366372104,216278486.0
2026-05-12,42.46,43.48,44.64,40.57,18437218.0,789742864.0,2.0657276995305063,0.8799999999999955,0.08524758213815127,9.553990610328638,216278486.0
2026-05-13,43.51,43.96,46.46,41.86,18899910.0,844030936.0,1.1039558417663464,0.480000000000004,0.08738691651466433,10.579576816927327,216278486.0
2026-05-14,44.06,45.12,45.32,42.3,13740549.0,608842460.0,2.63876251137396,1.1599999999999966,0.06353174212621407,6.869881710646049,216278486.0
2026-05-15,43.46,42.81,45.14,41.74,14885477.0,641457722.0,-5.119680851063824,-2.309999999999995,0.06882550953311187,7.535460992907798,216278486.0
2026-05-18,42.29,42.02,45.57,40.82,12429400.0,531128733.0,-1.8453632328895075,-0.7899999999999991,0.057469423935212864,11.095538425601495,216278486.0
2026-05-19,41.56,41.76,42.36,39.31,12170796.0,497749326.0,-0.6187529747739284,-0.2600000000000051,0.05627372479387525,7.258448357924791,216278486.0
2026-05-20,41.25,45.94,45.94,40.73,12907968.0,555027592.0,10.009578544061304,4.18,0.05968216367114758,12.476053639846747,216278486.0
2026-05-21,45.97,47.37,49.36,45.57,17803249.0,847336746.0,3.1127557683935603,1.4299999999999997,0.0823163197101352,8.249891162385719,216278486.0
2026-05-22,47.86,50.84,50.95,46.88,14980927.0,744775584.0,7.325311378509625,3.470000000000006,0.06926683868131017,8.591935824361412,216278486.0
2026-05-25,50.57,55.93,55.93,49.55,14264976.0,754270720.0,10.011801730920533,5.089999999999996,0.0659542919204659,12.549173878835568,216285788.0
2026-05-26,57.93,61.52,61.52,56.85,18603002.0,1103704558.0,9.99463615233327,5.590000000000003,0.08601120846645735,8.349722867870556,216285788.0
2026-05-27,60.06,64.81,66.52,60.06,16922255.0,1075277998.0,5.347854356306891,3.289999999999999,0.07824025404757524,10.500650195058506,216285788.0
2026-05-28,62.94,71.29,71.29,62.86,13624800.0,930328599.0,9.998457028236384,6.480000000000004,0.06299443031365519,13.007251967289008,216285788.0
2026-05-29,73.47,71.0,78.42,69.6,21798565.0,1608138820.0,-0.4067891709917282,-0.29000000000000625,0.10078593328563965,12.372001683265545,216285788.0
2026-06-01,71.01,71.8,73.12,69.0,15289416.0,1080911772.0,1.1267605633802802,0.7999999999999972,0.07069080285571051,5.802816901408457,216285788.0
2026-06-02,68.22,67.8,70.51,64.62,16644201.0,1111533254.0,-5.571030640668528,-4.0,0.07695466795996786,8.2033426183844,216285788.0
2026-06-03,69.5,68.05,72.44,67.0,13527140.0,933728145.0,0.36873156342183133,0.25,0.06254289810294886,8.023598820058995,216285788.0
2026-06-04,68.51,74.86,74.86,66.98,10515702.0,767349219.0,10.007347538574574,6.810000000000002,0.04861947748503938,11.57972079353416,216285788.0
2026-06-05,78.0,82.35,82.35,77.13,16408786.0,1339718627.0,10.005343307507331,7.489999999999995,0.07586622381309677,6.973016297087896,216285788.0
2026-06-08,81.12,74.5,82.33,74.12,16093206.0,1243005329.0,-9.532483302975104,-7.849999999999994,0.0744071358031162,9.969641772920454,216285788.0
2026-06-09,78.6,81.95,81.95,76.92,9334306.0,743018752.0,10.000000000000009,7.450000000000003,0.0431572785540583,6.751677852348995,216285788.0
2026-06-10,83.42,80.6,83.96,76.21,14176144.0,1135902880.0,-1.6473459426479709,-1.3500000000000085,0.06554357607629772,9.45698596705308,216285788.0
2026-06-11,79.15,80.19,82.0,77.18,9244302.0,739029845.0,-0.5086848635235675,-0.4099999999999966,0.04274114395348066,5.980148883374682,216285788.0
2026-06-12,79.88,82.16,85.61,79.0,12719327.0,1047508278.0,2.45666541962839,1.9699999999999989,0.05880796476558136,8.242923057737872,216285788.0
2026-06-15,80.79,90.38,90.38,80.79,9203525.0,808423168.0,10.004868549172352,8.219999999999999,0.042552610992637206,11.67234664070106,216285788.0
2026-06-16,95.0,98.21,99.11,91.89,13867277.0,1329100490.0,8.663421110865244,7.829999999999998,0.06411552570435188,7.988493029431289,216285788.0
2026-06-17,97.32,104.79,104.79,95.49,11419549.0,1151010348.0,6.699928724162518,6.5800000000000125,0.052798425202121926,9.469504123816325,216285788.0
2026-06-18,97.0,98.8,103.28,94.36,14748780.0,1434882077.0,-5.716194293348609,-5.990000000000009,0.0681911656627203,8.512262620479055,216285788.0
2026-06-22,97.29,96.83,98.25,88.99,13902402.0,1293186843.0,-1.9939271255060675,-1.9699999999999989,0.06427792657370535,9.372469635627535,216285788.0
2026-06-23,93.13,91.2,94.12,89.95,7253019.0,663250107.0,-5.814313745739952,-5.6299999999999955,0.033534422520632746,4.306516575441497,216285788.0
