date,open,close,high,low,volume,amount,pct_chg,change,turnover,amplitude,outstanding_share
2023-06-26,3.25,3.21,3.25,3.18,110643629.0,407173129.0,,,0.003120050887405392,,35462123213.0
2023-06-27,3.21,3.27,3.29,3.19,84297521.0,313808508.0,1.869158878504673,0.06000000000000005,0.0023771143226161235,3.1152647975077907,35462123213.0
2023-06-28,3.27,3.25,3.29,3.24,45061712.0,167858415.0,-0.6116207951070374,-0.020000000000000018,0.001270699775344554,1.5290519877675788,35462123213.0
2023-06-29,3.25,3.27,3.28,3.23,40568065.0,151369696.0,0.6153846153846176,0.020000000000000018,0.0011439829689929063,1.538461538461533,35462123213.0
2023-06-30,3.27,3.28,3.3,3.26,44368834.0,166668910.0,0.3058103975535076,0.009999999999999787,0.0012511612385277288,1.2232415902140683,35462123213.0
2023-07-03,3.28,3.32,3.33,3.28,58253649.0,220534050.0,1.2195121951219523,0.040000000000000036,0.0016427005413664824,1.5243902439024473,35462123213.0
2023-07-04,3.32,3.3,3.33,3.28,42567558.0,160642755.0,-0.6024096385542133,-0.020000000000000018,0.0012003668743781036,1.5060240963855502,35462123213.0
2023-07-05,3.29,3.28,3.3,3.28,33755861.0,126987762.0,-0.60606060606061,-0.020000000000000018,0.0009518849392420332,0.6060606060606066,35462123213.0
2023-07-06,3.28,3.27,3.3,3.26,41502295.0,155542991.0,-0.304878048780477,-0.009999999999999787,0.0011703274152740448,1.2195121951219523,35462123213.0
2023-07-07,3.27,3.3,3.3,3.27,46610878.0,175454461.0,0.917431192660545,0.029999999999999805,0.0013143848640995359,0.9174311926605444,35462123213.0
2023-07-10,3.3,3.26,3.3,3.25,47042516.0,175975267.0,-1.2121212121212088,-0.040000000000000036,0.0013265566677280835,1.5151515151515098,35462123213.0
2023-07-11,3.26,3.3,3.3,3.25,48024435.0,180795654.0,1.2269938650306678,0.040000000000000036,0.0013542459009446676,1.5337423312883383,35462123213.0
2023-07-12,3.3,3.3,3.32,3.29,40460351.0,152865327.0,0.0,0.0,0.0011409455310100471,0.9090909090909032,35462123213.0
2023-07-13,3.3,3.34,3.34,3.3,43651119.0,166056544.0,1.21212121212122,0.040000000000000036,0.0012309223206352746,1.2121212121212133,35462123213.0
2023-07-14,3.33,3.37,3.38,3.33,66378201.0,255708929.0,0.8982035928143839,0.03000000000000025,0.0018718056051327046,1.4970059880239468,35462123213.0
2023-07-17,3.36,3.39,3.39,3.34,47695308.0,183773731.0,0.5934718100890191,0.020000000000000018,0.0013449648153756192,1.4836795252225599,35462123213.0
2023-07-18,3.39,3.4,3.42,3.37,59955074.0,232699508.0,0.2949852507374562,0.009999999999999787,0.0016906791970657067,1.4749262536873105,35462123213.0
2023-07-19,3.4,3.43,3.44,3.38,49598440.0,193486200.0,0.8823529411764675,0.03000000000000025,0.0013986314271734804,1.764705882352943,35462123213.0
2023-07-20,3.43,3.42,3.45,3.41,57499917.0,225761444.0,-0.291545189504383,-0.010000000000000231,0.0016214459764473776,1.1661807580174937,35462123213.0
2023-07-21,3.42,3.44,3.44,3.41,45714141.0,179185745.0,0.5847953216374213,0.020000000000000018,0.001289097686718367,0.8771929824561345,35462123213.0
2023-07-24,3.43,3.42,3.44,3.41,44980191.0,176318648.0,-0.5813953488372103,-0.020000000000000018,0.001268400956418503,0.8720930232558082,35462123213.0
2023-07-25,3.43,3.44,3.46,3.43,66639889.0,262109508.0,0.5847953216374213,0.020000000000000018,0.0018791849715183043,0.8771929824561345,35462123213.0
2023-07-26,3.44,3.44,3.45,3.42,49161679.0,193185946.0,0.0,0.0,0.0013863151595496657,0.8720930232558213,35462123213.0
2023-07-27,3.44,3.44,3.47,3.44,52674042.0,207911715.0,0.0,0.0,0.001485360639113969,0.8720930232558213,35462123213.0
2023-07-28,3.44,3.51,3.52,3.44,125362675.0,500335426.0,2.034883720930236,0.06999999999999984,0.003535114754607911,2.325581395348839,35462123213.0
2023-07-31,3.51,3.51,3.55,3.49,108676511.0,437060846.0,0.0,0.0,0.0030645799279204033,1.7094017094016984,35462123213.0
2023-08-01,3.51,3.51,3.52,3.49,71408926.0,286232942.0,0.0,0.0,0.002013667528339711,0.8547008547008492,35462123213.0
2023-08-02,3.51,3.46,3.51,3.44,105506178.0,418378168.0,-1.4245014245014231,-0.04999999999999982,0.002975179386927477,1.9943019943019897,35462123213.0
2023-08-03,3.45,3.5,3.5,3.45,74067018.0,294222809.0,1.1560693641618602,0.040000000000000036,0.0020886233335529075,1.445086705202307,35462123213.0
2023-08-04,3.5,3.49,3.53,3.48,109651264.0,439860288.0,-0.28571428571427804,-0.009999999999999787,0.003092067086378041,1.4285714285714235,35462123213.0
2023-08-07,3.48,3.47,3.49,3.44,77884504.0,308309203.0,-0.5730659025787954,-0.020000000000000018,0.0021962730074619008,1.432664756446999,35462123213.0
2023-08-08,3.45,3.46,3.49,3.44,62237941.0,246655918.0,-0.2881844380403509,-0.010000000000000231,0.0017550539945443621,1.4409221902017366,35462123213.0
2023-08-09,3.46,3.5,3.51,3.45,85894036.0,342996016.0,1.1560693641618602,0.040000000000000036,0.0024221346106121544,1.7341040462427633,35462123213.0
2023-08-10,3.5,3.51,3.51,3.47,64311635.0,257088346.0,0.28571428571428914,0.009999999999999787,0.0018135303014350846,1.1428571428571312,35462123213.0
2023-08-11,3.52,3.46,3.53,3.45,81599513.0,325659129.0,-1.4245014245014231,-0.04999999999999982,0.002301032922080835,2.2792022792022686,35462123213.0
2023-08-14,3.44,3.39,3.44,3.38,92523266.0,360738201.0,-2.023121387283233,-0.06999999999999984,0.00260907293802651,1.7341040462427761,35462123213.0
2023-08-15,3.4,3.49,3.51,3.4,128578750.0,509372605.0,2.9498525073746285,0.10000000000000009,0.003625805178886315,3.244837758112091,35462123213.0
2023-08-16,3.48,3.48,3.51,3.44,69602459.0,276993294.0,-0.2865329512894088,-0.010000000000000231,0.0019627267826559398,2.005730659025783,35462123213.0
2023-08-17,3.48,3.44,3.5,3.43,94624912.0,373409013.0,-1.1494252873563204,-0.040000000000000036,0.002668337466192989,2.011494252873559,35462123213.0
2023-08-18,3.44,3.47,3.51,3.44,97339589.0,388508290.0,0.8720930232558155,0.03000000000000025,0.0027448889175455925,2.0348837209302277,35462123213.0
2023-08-21,3.47,3.43,3.5,3.43,79856394.0,315905881.0,-1.1527377521613813,-0.040000000000000036,0.0022518785330576476,2.0172910662824157,35462123213.0
2023-08-22,3.44,3.49,3.5,3.43,92892976.0,369040406.0,1.7492711370262315,0.06000000000000005,0.002619498427718127,2.0408163265306074,35462123213.0
2023-08-23,3.49,3.49,3.51,3.47,87503812.0,349795716.0,0.0,0.0,0.002467528846888731,1.1461318051575813,35462123213.0
2023-08-24,3.48,3.46,3.5,3.44,76584198.0,303710482.0,-0.8595988538682042,-0.03000000000000025,0.0021596055470227775,1.7191977077363911,35462123213.0
2023-08-25,3.45,3.5,3.51,3.45,91175346.0,364849214.0,1.1560693641618602,0.040000000000000036,0.002571062805584528,1.7341040462427633,35462123213.0
2023-08-28,3.6,3.51,3.64,3.5,162079730.0,657153639.0,0.28571428571428914,0.009999999999999787,0.004570502703024377,4.0000000000000036,35462123213.0
2023-08-29,3.51,3.47,3.52,3.45,114683165.0,456547467.0,-1.1396011396011319,-0.03999999999999959,0.0032339621717280167,1.9943019943019897,35462123213.0
2023-08-30,3.46,3.44,3.48,3.43,72603776.0,285920596.0,-0.8645533141210415,-0.03000000000000025,0.0020473612243664054,1.4409221902017237,35462123213.0
2023-08-31,3.4,3.3,3.42,3.3,177017798.0,678512677.0,-4.069767441860472,-0.14000000000000012,0.0049917427937622005,3.4883720930232593,35462123213.0
2023-09-01,3.31,3.34,3.36,3.3,57906497.0,220943429.0,1.21212121212122,0.040000000000000036,0.0016329111669989391,1.81818181818182,35462123213.0
2023-09-04,3.35,3.39,3.43,3.34,80354745.0,311710652.0,1.4970059880239583,0.050000000000000266,0.0022659315833221992,2.694610778443123,35462123213.0
2023-09-05,3.39,3.34,3.39,3.34,58508007.0,224527239.0,-1.4749262536873253,-0.050000000000000266,0.0016498732083405443,1.4749262536873233,35462123213.0
2023-09-06,3.34,3.32,3.35,3.31,55419611.0,210682664.0,-0.5988023952095856,-0.020000000000000018,0.0015627832170997539,1.1976047904191627,35462123213.0
2023-09-07,3.32,3.3,3.32,3.29,65640468.0,248300589.0,-0.6024096385542133,-0.020000000000000018,0.0018510021976331347,0.9036144578313196,35462123213.0
2023-09-08,3.3,3.3,3.31,3.29,42584294.0,160818438.0,0.0,0.0,0.0012008388145351967,0.6060606060606066,35462123213.0
2023-09-11,3.31,3.32,3.33,3.3,71842784.0,272608861.0,0.60606060606061,0.020000000000000018,0.0020259019339728445,0.9090909090909167,35462123213.0
2023-09-12,3.32,3.31,3.33,3.3,38747707.0,146781984.0,-0.3012048192771011,-0.009999999999999787,0.0010926505095948554,0.9036144578313329,35462123213.0
2023-09-13,3.31,3.3,3.33,3.3,44413098.0,168316820.0,-0.30211480362538623,-0.010000000000000231,0.001252409443541685,0.9063444108761405,35462123213.0
2023-09-14,3.31,3.37,3.37,3.3,97446518.0,373096559.0,2.1212121212121238,0.07000000000000028,0.0027479042192340374,2.12121212121213,35462123213.0
2023-09-15,3.36,3.3,3.37,3.3,81078815.0,308749061.0,-2.077151335311578,-0.07000000000000028,0.0022863497065025553,2.077151335311581,35462123213.0
2023-09-18,3.31,3.32,3.32,3.29,57120843.0,215974640.0,0.60606060606061,0.020000000000000018,0.0016107564303724535,0.9090909090909032,35462123213.0
2023-09-19,3.31,3.35,3.36,3.31,87458403.0,333769093.0,0.9036144578313365,0.03000000000000025,0.0024662483539039416,1.506024096385537,35462123213.0
2023-09-20,3.35,3.37,3.38,3.34,59669593.0,229813100.0,0.5970149253731405,0.020000000000000018,0.0016826288894660946,1.1940298507462697,35462123213.0
2023-09-21,3.37,3.34,3.38,3.34,59450092.0,228091596.0,-0.8902077151335397,-0.03000000000000025,0.001676439158561332,1.1869436201780426,35462123213.0
2023-09-22,3.35,3.35,3.36,3.31,65471910.0,250026232.0,0.29940119760478723,0.010000000000000231,0.0018462490135390077,1.4970059880239468,35462123213.0
2023-09-25,3.35,3.37,3.38,3.34,70978257.0,273474133.0,0.5970149253731405,0.020000000000000018,0.002001523049640192,1.1940298507462697,35462123213.0
2023-09-26,3.37,3.34,3.37,3.34,36980529.0,141840290.0,-0.8902077151335397,-0.03000000000000025,0.0010428176783967456,0.8902077151335385,35462123213.0
2023-09-27,3.35,3.34,3.37,3.33,41687314.0,159475679.0,0.0,0.0,0.0011755447847724447,1.1976047904191627,35462123213.0
2023-09-28,3.34,3.36,3.37,3.33,44039083.0,168810816.0,0.5988023952095745,0.020000000000000018,0.0012418625567195533,1.1976047904191627,35462123213.0
2023-10-09,3.32,3.2,3.33,3.19,142669712.0,528545404.0,-4.761904761904756,-0.1599999999999997,0.004023157641832877,4.1666666666666705,35462123213.0
2023-10-10,3.21,3.19,3.23,3.17,68536161.0,250609694.0,-0.31250000000000444,-0.010000000000000231,0.0019326581374821755,1.8750000000000018,35462123213.0
2023-10-11,3.19,3.24,3.26,3.19,83380011.0,308430312.0,1.5673981191222763,0.050000000000000266,0.002351241365306459,2.194357366771155,35462123213.0
2023-10-12,3.27,3.27,3.3,3.26,88519470.0,332334373.0,0.92592592592593,0.029999999999999805,0.0024961694895795127,1.234567901234569,35462123213.0
2023-10-13,3.27,3.27,3.3,3.25,60753645.0,227484755.0,0.0,0.0,0.0017131981814819375,1.5290519877675788,35462123213.0
2023-10-16,3.28,3.3,3.3,3.26,65990518.0,248225550.0,0.917431192660545,0.029999999999999805,0.0018608732929958534,1.2232415902140683,35462123213.0
2023-10-17,3.3,3.3,3.31,3.29,48176788.0,181991483.0,0.0,0.0,0.00135854211860442,0.6060606060606066,35462123213.0
2023-10-18,3.3,3.28,3.31,3.28,42258450.0,159117871.0,-0.60606060606061,-0.020000000000000018,0.0011916503066152718,0.9090909090909167,35462123213.0
2023-10-19,3.27,3.19,3.28,3.19,79576379.0,293428771.0,-2.7439024390243816,-0.08999999999999986,0.002243982361745002,2.743902439024386,35462123213.0
2023-10-20,3.18,3.19,3.22,3.17,61953223.0,226349198.0,0.0,0.0,0.0017470252028589386,1.5673981191222657,35462123213.0
2023-10-23,3.19,3.18,3.22,3.16,57901940.0,211102011.0,-0.31347962382444194,-0.009999999999999787,0.0016327826636949314,1.8808777429467103,35462123213.0
2023-10-24,3.18,3.14,3.2,3.13,80547790.0,290327483.0,-1.2578616352201255,-0.040000000000000036,0.0022713752788065473,2.201257861635229,35462123213.0
2023-10-25,3.16,3.2,3.2,3.14,64747201.0,234989232.0,1.9108280254777066,0.06000000000000005,0.0018258128711330073,1.9108280254777086,35462123213.0
2023-10-26,3.18,3.23,3.23,3.17,58483570.0,215009804.0,0.9374999999999911,0.029999999999999805,0.0016491841069053814,1.8750000000000018,35462123213.0
2023-10-27,3.23,3.2,3.23,3.2,42027107.0,154515471.0,-0.9287925696594312,-0.029999999999999805,0.0011851266419545166,0.9287925696594366,35462123213.0
2023-10-30,3.2,3.16,3.2,3.15,71323735.0,258196574.0,-1.2499999999999956,-0.040000000000000036,0.0020112652187123854,1.5625000000000084,35462123213.0
2023-10-31,3.16,3.25,3.26,3.16,116179129.0,428485456.0,2.848101265822778,0.08999999999999986,0.0032761470119028317,3.164556962025305,35462123213.0
2023-11-01,3.26,3.26,3.28,3.23,64937323.0,241774615.0,0.3076923076922977,0.009999999999999787,0.001831174140644651,1.538461538461533,35462123213.0
2023-11-02,3.26,3.32,3.33,3.26,98733809.0,374332548.0,1.8404907975460238,0.06000000000000005,0.0027842046683715016,2.14723926380369,35462123213.0
2023-11-03,3.33,3.31,3.35,3.3,75700942.0,287922392.0,-0.3012048192771011,-0.009999999999999787,0.0021346985217244106,1.5060240963855502,35462123213.0
2023-11-06,3.33,3.31,3.34,3.29,79992102.0,303297436.0,0.0,0.0,0.002255705376678513,1.5105740181268827,35462123213.0
2023-11-07,3.32,3.35,3.37,3.31,69831986.0,267282778.0,1.2084592145015227,0.040000000000000036,0.00196919923774898,1.8126888217522674,35462123213.0
2023-11-08,3.35,3.32,3.37,3.31,59451473.0,226825020.0,-0.8955223880597107,-0.03000000000000025,0.0016764781015200405,1.7910447761194044,35462123213.0
2023-11-09,3.32,3.36,3.37,3.31,62492158.0,240290059.0,1.2048192771084265,0.040000000000000036,0.0017622226854451598,1.8072289156626522,35462123213.0
2023-11-10,3.35,3.33,3.37,3.32,60830775.0,232148381.0,-0.8928571428571397,-0.029999999999999805,0.0017153731781547742,1.4880952380952461,35462123213.0
2023-11-13,3.34,3.34,3.35,3.31,53704611.0,204924211.0,0.30030030030030463,0.009999999999999787,0.001514421758602218,1.2012012012012023,35462123213.0
2023-11-14,3.34,3.37,3.39,3.33,61713425.0,237891549.0,0.8982035928143839,0.03000000000000025,0.0017402631147978352,1.7964071856287442,35462123213.0
2023-11-15,3.37,3.35,3.38,3.34,40074619.0,154058580.0,-0.5934718100890191,-0.020000000000000018,0.001130068235319568,1.1869436201780426,35462123213.0
2023-11-16,3.36,3.37,3.38,3.35,75295025.0,290322077.0,0.5970149253731405,0.020000000000000018,0.0021232520271769213,0.8955223880596956,35462123213.0
2023-11-17,3.36,3.32,3.37,3.32,51850596.0,197984448.0,-1.4836795252225587,-0.050000000000000266,0.0014621402020562654,1.4836795252225599,35462123213.0
2023-11-20,3.34,3.35,3.36,3.32,45070521.0,172162578.0,0.9036144578313365,0.03000000000000025,0.0012709481812267145,1.204819277108435,35462123213.0
2023-11-21,3.34,3.36,3.37,3.34,55463134.0,213365082.0,0.29850746268655914,0.009999999999999787,0.001564010526579747,0.8955223880597089,35462123213.0
2023-11-22,3.37,3.35,3.37,3.35,40295102.0,154964337.0,-0.29761904761904656,-0.009999999999999787,0.0011362856577416742,0.5952380952380958,35462123213.0
2023-11-23,3.36,3.35,3.36,3.33,39411731.0,150751136.0,0.0,0.0,0.0011113753895466733,0.8955223880596956,35462123213.0
2023-11-24,3.36,3.35,3.37,3.34,49529386.0,190214336.0,0.0,0.0,0.0013966841664416502,0.8955223880597089,35462123213.0
2023-11-27,3.35,3.37,3.37,3.31,68417709.0,261776945.0,0.5970149253731405,0.020000000000000018,0.0019293178975510093,1.7910447761194044,35462123213.0
2023-11-28,3.37,3.36,3.37,3.35,36416504.0,140018790.0,-0.29673590504452063,-0.010000000000000231,0.0010269126803623008,0.5934718100890213,35462123213.0
2023-11-29,3.36,3.31,3.36,3.31,47265257.0,179812911.0,-1.4880952380952328,-0.04999999999999982,0.0013328377637206199,1.4880952380952328,35462123213.0
2023-11-30,3.31,3.37,3.37,3.3,80872987.0,310333769.0,1.812688821752273,0.06000000000000005,0.002280545541908018,2.114803625377652,35462123213.0
2023-12-01,3.37,3.38,3.38,3.35,64106644.0,247301496.0,0.29673590504450953,0.009999999999999787,0.0018077497394882226,0.8902077151335253,35462123213.0
2023-12-04,3.37,3.38,3.41,3.37,58375784.0,226296008.0,0.0,0.0,0.0016461446385872384,1.1834319526627228,35462123213.0
2023-12-05,3.38,3.35,3.39,3.33,59774885.0,229818691.0,-0.8875739644970349,-0.029999999999999805,0.0016855980292259326,1.7751479289940846,35462123213.0
2023-12-06,3.34,3.31,3.35,3.27,76552203.0,289988993.0,-1.1940298507462699,-0.040000000000000036,0.0021587033167810117,2.3880597014925393,35462123213.0
2023-12-07,3.32,3.33,3.35,3.29,60181816.0,228716723.0,0.6042296072507503,0.020000000000000018,0.001697073117662003,1.8126888217522674,35462123213.0
2023-12-08,3.32,3.34,3.37,3.3,80654557.0,308940023.0,0.30030030030030463,0.009999999999999787,0.0022743860122406033,2.1021021021021107,35462123213.0
2023-12-11,3.34,3.33,3.35,3.27,83012156.0,314473717.0,-0.29940119760478723,-0.009999999999999787,0.0023408681849475025,2.3952095808383254,35462123213.0
2023-12-12,3.33,3.37,3.37,3.31,59775729.0,229715205.0,1.2012012012011963,0.040000000000000036,0.0016856218292673158,1.8018018018018036,35462123213.0
2023-12-13,3.37,3.34,3.38,3.34,41667590.0,160127639.0,-0.8902077151335397,-0.03000000000000025,0.0011749885857010713,1.1869436201780426,35462123213.0
2023-12-14,3.37,3.31,3.37,3.31,43902712.0,167201453.0,-0.8982035928143617,-0.029999999999999805,0.001238017017094616,1.7964071856287442,35462123213.0
2023-12-15,3.33,3.28,3.34,3.28,66585716.0,251345131.0,-0.9063444108761365,-0.03000000000000025,0.0018776573416109065,1.8126888217522674,35462123213.0
2023-12-18,3.28,3.32,3.33,3.27,68498345.0,259672981.0,1.2195121951219523,0.040000000000000036,0.0019315917602725295,1.8292682926829285,35462123213.0
2023-12-19,3.31,3.31,3.33,3.3,52834937.0,200487301.0,-0.3012048192771011,-0.009999999999999787,0.0014898977334958706,0.9036144578313329,35462123213.0
2023-12-20,3.32,3.32,3.36,3.32,62676494.0,239054321.0,0.302114803625364,0.009999999999999787,0.001767420794957464,1.2084592145015116,35462123213.0
2023-12-21,3.31,3.3,3.31,3.27,74081657.0,278931856.0,-0.6024096385542133,-0.020000000000000018,0.002089036140194858,1.204819277108435,35462123213.0
2023-12-22,3.32,3.3,3.34,3.3,63443234.0,240652274.0,0.0,0.0,0.0017890421737845198,1.2121212121212133,35462123213.0
2023-12-25,3.3,3.32,3.34,3.3,62043327.0,235769474.0,0.60606060606061,0.020000000000000018,0.0017495660546702867,1.2121212121212133,35462123213.0
2023-12-26,3.33,3.3,3.33,3.3,41248508.0,156207831.0,-0.6024096385542133,-0.020000000000000018,0.0011631708499867481,0.9036144578313329,35462123213.0
2023-12-27,3.3,3.27,3.31,3.25,67424809.0,252721304.0,-0.9090909090909038,-0.029999999999999805,0.001901319010004535,1.81818181818182,35462123213.0
2023-12-28,3.27,3.27,3.3,3.26,101861225.0,381954489.0,0.0,0.0,0.0028723949885397404,1.2232415902140683,35462123213.0
2023-12-29,3.28,3.27,3.29,3.27,58755877.0,220162437.0,0.0,0.0,0.0016568629195462493,0.6116207951070342,35462123213.0
2024-01-02,3.27,3.29,3.31,3.26,79386373.0,298931173.0,0.6116207951070374,0.020000000000000018,0.0022386243633290936,1.5290519877675923,35462123213.0
2024-01-03,3.29,3.29,3.3,3.27,68760441.0,258256876.0,0.0,0.0,0.0019389826318914041,0.9118541033434591,35462123213.0
2024-01-04,3.28,3.29,3.3,3.26,77184846.0,289446089.0,0.0,0.0,0.0021765432807391784,1.2158054711246211,35462123213.0
2024-01-05,3.29,3.33,3.37,3.28,151159354.0,575570329.0,1.2158054711246313,0.040000000000000036,0.004262557915443336,2.7355623100304043,35462123213.0
2024-01-08,3.31,3.29,3.35,3.28,103199502.0,390071462.0,-1.2012012012012074,-0.040000000000000036,0.0029101331970491904,2.1021021021021107,35462123213.0
2024-01-09,3.29,3.32,3.32,3.26,93088031.0,350729595.0,0.911854103343468,0.029999999999999805,0.0026249988033958164,1.8237082066869317,35462123213.0
2024-01-10,3.31,3.29,3.34,3.29,59095670.0,223539694.0,-0.9036144578313143,-0.029999999999999805,0.0016664447767283212,1.506024096385537,35462123213.0
2024-01-11,3.29,3.25,3.3,3.25,89510431.0,335279606.0,-1.2158054711246202,-0.040000000000000036,0.0025241136990688286,1.5197568389057698,35462123213.0
2024-01-12,3.25,3.27,3.29,3.25,55254505.0,206779966.0,0.6153846153846176,0.020000000000000018,0.0015581273763028477,1.2307692307692317,35462123213.0
2024-01-15,3.26,3.27,3.29,3.24,65205657.0,243477242.0,0.0,0.0,0.0018387409182565912,1.5290519877675788,35462123213.0
2024-01-16,3.27,3.35,3.35,3.26,133957052.0,508285823.0,2.4464831804281273,0.08000000000000007,0.003777468461078859,2.7522935779816606,35462123213.0
2024-01-17,3.34,3.33,3.37,3.32,109138152.0,418561335.0,-0.5970149253731294,-0.020000000000000018,0.003077597789181197,1.4925373134328437,35462123213.0
2024-01-18,3.33,3.28,3.34,3.19,205505408.0,763558347.0,-1.501501501501512,-0.050000000000000266,0.00579506779009397,4.504504504504501,35462123213.0
2024-01-19,3.27,3.3,3.3,3.23,126006705.0,472120840.0,0.6097560975609762,0.020000000000000018,0.003553275821731041,2.13414634146341,35462123213.0
2024-01-22,3.29,3.27,3.33,3.25,166584597.0,628895368.0,-0.9090909090909038,-0.029999999999999805,0.004697535903291093,2.4242424242424265,35462123213.0
2024-01-23,3.26,3.27,3.29,3.23,92180775.0,343931653.0,0.0,0.0,0.0025994149996694956,1.8348623853211024,35462123213.0
2024-01-24,3.28,3.35,3.36,3.28,132248410.0,502164951.0,2.4464831804281273,0.08000000000000007,0.003729286292466529,2.4464831804281366,35462123213.0
2024-01-25,3.36,3.39,3.4,3.35,113692409.0,439430106.0,1.1940298507462588,0.040000000000000036,0.0032060237430544397,1.4925373134328304,35462123213.0
2024-01-26,3.4,3.5,3.5,3.4,164314055.0,649922275.0,3.2448377581120846,0.10999999999999988,0.004633508659734293,2.949852507374634,35462123213.0
2024-01-29,3.5,3.48,3.52,3.45,126829302.0,505780830.0,-0.5714285714285672,-0.020000000000000018,0.003576472317751856,1.9999999999999956,35462123213.0
2024-01-30,3.47,3.46,3.51,3.44,116638675.0,464320484.0,-0.5747126436781658,-0.020000000000000018,0.0032891057960466852,2.011494252873559,35462123213.0
2024-01-31,3.45,3.45,3.48,3.42,102638166.0,405620546.0,-0.28901734104045396,-0.009999999999999787,0.002894304026397778,1.7341040462427761,35462123213.0
2024-02-01,3.44,3.43,3.46,3.4,115168529.0,452424809.0,-0.5797101449275366,-0.020000000000000018,0.0032476490002657414,1.7391304347826102,35462123213.0
2024-02-02,3.44,3.45,3.49,3.4,152350448.0,601951605.0,0.5830903790087438,0.020000000000000018,0.004296145695646055,2.6239067055393672,35462123213.0
2024-02-05,3.45,3.45,3.49,3.42,189575224.0,748359808.0,0.0,0.0,0.005345850919904986,2.028985507246385,35462123213.0
2024-02-06,3.45,3.47,3.48,3.42,167796110.0,663310461.0,0.5797101449275477,0.020000000000000018,0.0047316994809404956,1.7391304347826102,35462123213.0
2024-02-07,3.47,3.46,3.48,3.41,195445858.0,770219305.0,-0.2881844380403509,-0.010000000000000231,0.005511397521972171,2.0172910662824157,35462123213.0
2024-02-08,3.45,3.45,3.46,3.37,180793845.0,705866161.0,-0.28901734104045396,-0.009999999999999787,0.005098223925118028,2.6011560693641576,35462123213.0
2024-02-19,3.45,3.51,3.51,3.44,144369634.0,574058277.0,1.7391304347825987,0.05999999999999961,0.004071093914283051,2.028985507246372,35462123213.0
2024-02-20,3.5,3.57,3.58,3.49,120231882.0,488070202.0,1.7094017094017033,0.06000000000000005,0.0033904310037455514,2.5641025641025603,35462123213.0
2024-02-21,3.57,3.59,3.64,3.55,145359104.0,599448355.0,0.5602240896358524,0.020000000000000018,0.00409899607891253,2.5210084033613533,35462123213.0
2024-02-22,3.59,3.59,3.63,3.57,89158319.0,366346873.0,0.0,0.0,0.002514184457159508,1.6713091922005585,35462123213.0
2024-02-23,3.6,3.61,3.65,3.59,91285280.0,378453702.0,0.557103064066844,0.020000000000000018,0.002574162845571973,1.6713091922005585,35462123213.0
2024-02-26,3.6,3.51,3.62,3.51,105913849.0,430053683.0,-2.7700831024930817,-0.10000000000000009,0.0029866753426984094,3.0470914127423914,35462123213.0
2024-02-27,3.51,3.53,3.55,3.51,61278900.0,247057620.0,0.5698005698005604,0.020000000000000018,0.001728009900364225,1.1396011396011407,35462123213.0
2024-02-28,3.53,3.54,3.57,3.51,96868917.0,392196531.0,0.2832861189801861,0.010000000000000231,0.00273161639020218,1.6997167138810214,35462123213.0
2024-02-29,3.53,3.53,3.55,3.51,103266960.0,417304495.0,-0.28248587570621764,-0.010000000000000231,0.0029120354520155616,1.12994350282486,35462123213.0
2024-03-01,3.53,3.55,3.56,3.52,95758875.0,387803087.0,0.56657223796035,0.020000000000000018,0.0027003142035470656,1.133144475920681,35462123213.0
2024-03-04,3.54,3.51,3.55,3.51,82979834.0,334233890.0,-1.1267605633802802,-0.040000000000000036,0.0023399567335996557,1.1267605633802829,35462123213.0
2024-03-05,3.51,3.56,3.58,3.51,123795377.0,502674527.0,1.4245014245014342,0.050000000000000266,0.0034909183597506104,1.9943019943020026,35462123213.0
2024-03-06,3.57,3.56,3.58,3.55,68752032.0,280325765.0,0.0,0.0,0.00193874550564971,0.8426966292134901,35462123213.0
2024-03-07,3.55,3.57,3.58,3.54,73468825.0,299553493.0,0.2808988764044784,0.009999999999999787,0.002071754828629866,1.1235955056179785,35462123213.0
2024-03-08,3.57,3.56,3.58,3.55,58081470.0,236741379.0,-0.2801120448179262,-0.009999999999999787,0.001637845248327038,0.8403361344537886,35462123213.0
2024-03-11,3.56,3.54,3.58,3.52,77653760.0,314308586.0,-0.5617977528089901,-0.020000000000000018,0.0021897662340627433,1.6853932584269677,35462123213.0
2024-03-12,3.53,3.51,3.54,3.51,84311537.0,339227136.0,-0.8474576271186529,-0.03000000000000025,0.0023775095612180485,0.847457627118651,35462123213.0
2024-03-13,3.51,3.47,3.51,3.47,66093941.0,263642831.0,-1.1396011396011319,-0.03999999999999959,0.0018637897286356145,1.139601139601128,35462123213.0
2024-03-14,3.47,3.45,3.49,3.45,66142787.0,262433148.0,-0.5763688760806907,-0.020000000000000018,0.0018651671419311077,1.1527377521613842,35462123213.0
2024-03-15,3.46,3.49,3.49,3.45,76198265.0,302892416.0,1.1594202898550732,0.040000000000000036,0.0021487225833129644,1.1594202898550736,35462123213.0
2024-03-18,3.48,3.48,3.51,3.47,64196571.0,256024740.0,-0.2865329512894088,-0.010000000000000231,0.0018102856000586645,1.1461318051575813,35462123213.0
2024-03-19,3.48,3.45,3.49,3.45,55090793.0,218184634.0,-0.8620689655172376,-0.029999999999999805,0.001553510845052965,1.1494252873563229,35462123213.0
2024-03-20,3.45,3.46,3.47,3.43,62559299.0,246816775.0,0.28985507246375164,0.009999999999999787,0.0017641160012964619,1.1594202898550736,35462123213.0
2024-03-21,3.46,3.46,3.5,3.45,63432121.0,251916739.0,0.0,0.0,0.001788728797173276,1.445086705202307,35462123213.0
2024-03-22,3.47,3.46,3.47,3.43,79484704.0,313708164.0,0.0,0.0,0.002241397209145724,1.1560693641618507,35462123213.0
2024-03-25,3.46,3.47,3.49,3.44,74668752.0,296236253.0,0.28901734104047616,0.010000000000000231,0.0021055916914931735,1.44508670520232,35462123213.0
2024-03-26,3.47,3.51,3.51,3.46,92081098.0,367320088.0,1.1527377521613813,0.03999999999999959,0.0025966041978626973,1.4409221902017237,35462123213.0
2024-03-27,3.51,3.56,3.58,3.5,156157244.0,634044331.0,1.4245014245014342,0.050000000000000266,0.004403493921163597,2.2792022792022815,35462123213.0
2024-03-28,3.56,3.55,3.58,3.51,130247342.0,527398745.0,-0.2808988764045006,-0.010000000000000231,0.0036728579734969973,1.9662921348314686,35462123213.0
2024-03-29,3.53,3.54,3.6,3.52,114528761.0,466618022.0,-0.28169014084505895,-0.009999999999999787,0.003229608117711776,2.2535211267605657,35462123213.0
2024-04-01,3.54,3.51,3.56,3.51,99963729.0,402828361.0,-0.8474576271186529,-0.03000000000000025,0.0028188873068760436,1.4124293785310809,35462123213.0
2024-04-02,3.51,3.55,3.57,3.51,109915841.0,445847638.0,1.139601139601143,0.040000000000000036,0.0030995279199669055,1.7094017094017109,35462123213.0
2024-04-03,3.55,3.52,3.56,3.51,69996239.0,282515896.0,-0.8450704225352101,-0.029999999999999805,0.0019738310247125923,1.4084507042253596,35462123213.0
2024-04-08,3.52,3.51,3.54,3.51,93846171.0,378029788.0,-0.28409090909091717,-0.010000000000000231,0.002646377669952855,0.8522727272727343,35462123213.0
2024-04-09,3.51,3.48,3.52,3.46,107154348.0,427319159.0,-0.8547008547008517,-0.029999999999999805,0.003021656299494173,1.7094017094017109,35462123213.0
2024-04-10,3.47,3.47,3.51,3.46,75582172.0,301503938.0,-0.2873563218390718,-0.009999999999999787,0.0021313493144790737,1.4367816091953973,35462123213.0
2024-04-11,3.46,3.44,3.47,3.43,81996128.0,323630142.0,-0.8645533141210415,-0.03000000000000025,0.00231221710858929,1.1527377521613842,35462123213.0
2024-04-12,3.45,3.42,3.48,3.41,85141728.0,334866049.0,-0.5813953488372103,-0.020000000000000018,0.002400920201213108,2.0348837209302277,35462123213.0
2024-04-15,3.43,3.48,3.48,3.39,116688872.0,460845199.0,1.7543859649122862,0.06000000000000005,0.003290521306327852,2.6315789473684172,35462123213.0
2024-04-16,3.48,3.45,3.49,3.44,132373163.0,524612213.0,-0.8620689655172376,-0.029999999999999805,0.003732804214934134,1.43678160919541,35462123213.0
2024-04-17,3.45,3.52,3.52,3.43,151588447.0,603338486.0,2.0289855072463725,0.06999999999999984,0.004274657952359419,2.6086956521739086,35462123213.0
2024-04-18,3.51,3.55,3.58,3.51,166480133.0,677123335.0,0.8522727272727293,0.029999999999999805,0.004694590112387019,1.9886363636363715,35462123213.0
2024-04-19,3.54,3.52,3.57,3.51,92968539.0,375896394.0,-0.8450704225352101,-0.029999999999999805,0.0026216292363994385,1.690140845070424,35462123213.0
2024-04-22,3.53,3.49,3.56,3.47,120620770.0,483933756.0,-0.8522727272727182,-0.029999999999999805,0.003401397295799306,2.5568181818181777,35462123213.0
2024-04-23,3.49,3.46,3.51,3.46,94136808.0,375316596.0,-0.8595988538682042,-0.03000000000000025,0.002654573372118073,1.4326647564469863,35462123213.0
2024-04-24,3.47,3.47,3.48,3.44,76797680.0,304058540.0,0.28901734104047616,0.010000000000000231,0.0021656255475376294,1.1560693641618507,35462123213.0
2024-04-25,3.46,3.48,3.49,3.44,76603858.0,303903890.0,0.28818443804032867,0.009999999999999787,0.0021601599413516763,1.4409221902017366,35462123213.0
2024-04-26,3.48,3.45,3.5,3.43,136293318.0,538525702.0,-0.8620689655172376,-0.029999999999999805,0.003843349062360611,2.011494252873559,35462123213.0
2024-04-29,3.45,3.48,3.5,3.43,141344966.0,561429878.0,0.8695652173912993,0.029999999999999805,0.003985800995361287,2.028985507246372,35462123213.0
2024-04-30,3.46,3.45,3.5,3.45,125263938.0,497066792.0,-0.8620689655172376,-0.029999999999999805,0.003532330459956208,1.4367816091953973,35462123213.0
2024-05-06,3.47,3.43,3.49,3.42,222835694.0,878412744.0,-0.5797101449275366,-0.020000000000000018,0.006283766278221916,2.028985507246385,35462123213.0
2024-05-07,3.43,3.41,3.44,3.39,162746240.0,634267032.0,-0.5830903790087438,-0.020000000000000018,0.004589297685941691,1.4577259475218607,35462123213.0
2024-05-08,3.41,3.39,3.43,3.39,86251628.0,336090354.0,-0.5865102639296182,-0.020000000000000018,0.0024322183835958576,1.1730205278592385,35462123213.0
2024-05-09,3.39,3.4,3.41,3.39,116815860.0,454091896.0,0.2949852507374562,0.009999999999999787,0.0032941022537865605,0.5899705014749268,35462123213.0
2024-05-10,3.41,3.42,3.43,3.4,128736311.0,502121896.0,0.588235294117645,0.020000000000000018,0.003630248257464933,0.8823529411764779,35462123213.0
2024-05-13,3.41,3.41,3.43,3.39,115742389.0,451164518.0,-0.29239766081871066,-0.009999999999999787,0.0032638313364601415,1.1695906432748548,35462123213.0
2024-05-14,3.41,3.4,3.43,3.39,109749904.0,427294755.0,-0.2932551319648202,-0.010000000000000231,0.003094848645716931,1.1730205278592385,35462123213.0
2024-05-15,3.4,3.39,3.41,3.38,88860263.0,344685277.0,-0.2941176470588225,-0.009999999999999787,0.002505779545862749,0.8823529411764779,35462123213.0
2024-05-16,3.39,3.41,3.43,3.38,174788119.0,681996605.0,0.5899705014749346,0.020000000000000018,0.004928867850076296,1.4749262536873233,35462123213.0
2024-05-17,3.42,3.46,3.46,3.41,195119512.0,768236164.0,1.4662756598240456,0.04999999999999982,0.005502194858103462,1.4662756598240416,35462123213.0
2024-05-20,3.47,3.47,3.51,3.46,195906361.0,779866174.0,0.28901734104047616,0.010000000000000231,0.005524383292655839,1.445086705202307,35462123213.0
2024-05-21,3.48,3.49,3.5,3.46,148516035.0,591695218.0,0.5763688760807018,0.020000000000000018,0.004188018695551646,1.1527377521613842,35462123213.0
2024-05-22,3.49,3.52,3.53,3.49,202486212.0,814579458.0,0.8595988538681931,0.029999999999999805,0.00570992917665378,1.1461318051575813,35462123213.0
2024-05-23,3.52,3.49,3.53,3.48,145733346.0,583830748.0,-0.8522727272727182,-0.029999999999999805,0.004109549366930626,1.4204545454545403,35462123213.0
2024-05-24,3.49,3.48,3.51,3.47,110371154.0,440997975.0,-0.2865329512894088,-0.010000000000000231,0.0031123673373155284,1.1461318051575813,35462123213.0
2024-05-27,3.48,3.48,3.5,3.46,133578410.0,530950748.0,0.0,0.0,0.0037667910970156384,1.1494252873563229,35462123213.0
2024-05-28,3.48,3.44,3.49,3.44,129876621.0,513511272.0,-1.1494252873563204,-0.040000000000000036,0.003662403974514102,1.43678160919541,35462123213.0
2024-05-29,3.44,3.42,3.47,3.42,128832519.0,507225429.0,-0.5813953488372103,-0.020000000000000018,0.003632961236589791,1.453488372093031,35462123213.0
2024-05-30,3.42,3.4,3.44,3.39,128164791.0,500433467.0,-0.5847953216374324,-0.020000000000000018,0.0036141319071672584,1.4619883040935622,35462123213.0
2024-05-31,3.41,3.42,3.43,3.4,128769924.0,503360985.0,0.588235294117645,0.020000000000000018,0.0036311961138523834,0.8823529411764779,35462123213.0
2024-06-03,3.41,3.37,3.43,3.36,192802444.0,745420117.0,-1.4619883040935644,-0.04999999999999982,0.0054368556231658705,2.0467836257310026,35462123213.0
2024-06-04,3.37,3.37,3.38,3.36,94813722.0,365899682.0,0.0,0.0,0.002673661738483904,0.5934718100890213,35462123213.0
2024-06-05,3.38,3.36,3.38,3.35,86364015.0,332264396.0,-0.29673590504452063,-0.010000000000000231,0.0024353875959784595,0.8902077151335253,35462123213.0
2024-06-06,3.36,3.33,3.37,3.32,110910390.0,423541754.0,-0.8928571428571397,-0.029999999999999805,0.0031275733078312,1.4880952380952461,35462123213.0
2024-06-07,3.33,3.37,3.37,3.33,100119184.0,383873987.0,1.2012012012011963,0.040000000000000036,0.002823270998147609,1.2012012012012023,35462123213.0
2024-06-11,3.36,3.31,3.37,3.3,145614895.0,554170375.0,-1.7804154302670683,-0.06000000000000005,0.004106209155198561,2.077151335311581,35462123213.0
2024-06-12,3.32,3.32,3.33,3.28,124161685.0,469357290.0,0.302114803625364,0.009999999999999787,0.003501247916100065,1.5105740181268963,35462123213.0
2024-06-13,3.32,3.3,3.33,3.29,140873460.0,531683826.0,-0.6024096385542133,-0.020000000000000018,0.003972504949967503,1.204819277108435,35462123213.0
2024-06-14,3.3,3.3,3.31,3.27,218629840.0,824119069.0,0.0,0.0,0.006165164975791773,1.2121212121212133,35462123213.0
2024-06-17,3.3,3.26,3.3,3.24,152956614.0,571292876.0,-1.2121212121212088,-0.040000000000000036,0.0043132390320026835,1.8181818181818064,35462123213.0
2024-06-18,3.26,3.28,3.28,3.24,94219528.0,351996255.0,0.6134969325153339,0.020000000000000018,0.0026569060017664205,1.2269938650306624,35462123213.0
2024-06-19,3.28,3.3,3.31,3.27,110636470.0,417101656.0,0.6097560975609762,0.020000000000000018,0.0031198490100401537,1.2195121951219523,35462123213.0
2024-06-20,3.3,3.26,3.3,3.25,77538360.0,289940884.0,-1.2121212121212088,-0.040000000000000036,0.0021865120577883317,1.5151515151515098,35462123213.0
2024-06-21,3.26,3.26,3.27,3.24,111063272.0,413710622.0,0.0,0.0,0.0031318844428154685,0.9202453987730002,35462123213.0
2024-06-24,3.24,3.22,3.25,3.19,133796622.0,493201042.0,-1.2269938650306678,-0.03999999999999959,0.003772944479278999,1.840490797546014,35462123213.0
2024-06-25,3.23,3.23,3.26,3.22,141296390.0,524469774.0,0.31055900621117516,0.009999999999999787,0.003984431195823109,1.2422360248447077,35462123213.0
2024-06-26,3.23,3.27,3.28,3.23,101012064.0,376971246.0,1.238390092879249,0.040000000000000036,0.0028484494115955856,1.5479876160990658,35462123213.0
2024-06-27,3.28,3.29,3.31,3.26,148208273.0,557926957.0,0.6116207951070374,0.020000000000000018,0.004179340083778982,1.5290519877675923,35462123213.0
2024-06-28,3.3,3.31,3.33,3.28,117625478.0,445352058.0,0.6079027355623046,0.020000000000000018,0.003316932753673358,1.5197568389057832,35462123213.0
2024-07-01,3.3,3.33,3.34,3.3,93502797.0,355580691.0,0.6042296072507503,0.020000000000000018,0.0026366948317895125,1.2084592145015116,35462123213.0
2024-07-02,3.33,3.38,3.39,3.32,152814097.0,589044334.0,1.501501501501501,0.04999999999999982,0.004309220180701987,2.1021021021021107,35462123213.0
2024-07-03,3.38,3.37,3.39,3.36,135478305.0,522931473.0,-0.2958579881656709,-0.009999999999999787,0.0038203664283230293,0.8875739644970487,35462123213.0
2024-07-04,3.37,3.37,3.39,3.36,116748468.0,450444593.0,0.0,0.0,0.0032922018599608658,0.8902077151335385,35462123213.0
2024-07-05,3.37,3.35,3.38,3.33,133423181.0,512332077.0,-0.5934718100890191,-0.020000000000000018,0.0037624137787409364,1.4836795252225465,35462123213.0
2024-07-08,3.36,3.37,3.39,3.35,115001042.0,443361912.0,0.5970149253731405,0.020000000000000018,0.003242926017408962,1.1940298507462697,35462123213.0
2024-07-09,3.37,3.38,3.39,3.33,123926969.0,477664732.0,0.29673590504450953,0.009999999999999787,0.0034946291358710813,1.7804154302670638,35462123213.0
2024-07-10,3.38,3.4,3.44,3.38,137709665.0,536890187.0,0.591715976331364,0.020000000000000018,0.0038832887746979923,1.7751479289940846,35462123213.0
2024-07-11,3.42,3.4,3.44,3.37,135562350.0,527437257.0,0.0,0.0,0.0038227364217804202,2.05882352941176,35462123213.0
2024-07-12,3.41,3.45,3.46,3.4,158753988.0,590104423.0,1.4705882352941346,0.050000000000000266,0.004476719767918539,1.764705882352943,35462123213.0
2024-07-15,3.45,3.48,3.49,3.43,110540103.0,413947677.0,0.8695652173912993,0.029999999999999805,0.0031171315472582105,1.7391304347826102,35462123213.0
2024-07-16,3.48,3.49,3.5,3.46,111693347.0,419667266.0,0.287356321839094,0.010000000000000231,0.003149651991481845,1.1494252873563229,35462123213.0
2024-07-17,3.49,3.52,3.53,3.48,130035456.0,493016142.0,0.8595988538681931,0.029999999999999805,0.003666882978747604,1.4326647564469863,35462123213.0
2024-07-18,3.52,3.52,3.53,3.47,104507467.0,394918538.0,0.0,0.0,0.002947016634404135,1.7045454545454433,35462123213.0
2024-07-19,3.51,3.51,3.52,3.46,144911161.0,546983071.0,-0.28409090909091717,-0.010000000000000231,0.004086364488939491,1.7045454545454561,35462123213.0
2024-07-22,3.51,3.48,3.51,3.45,124512921.0,467722896.0,-0.8547008547008517,-0.029999999999999805,0.003511152455596765,1.7094017094016984,35462123213.0
2024-07-23,3.47,3.46,3.51,3.45,120708113.0,454404758.0,-0.5747126436781658,-0.020000000000000018,0.0034038602898923383,1.7241379310344715,35462123213.0
2024-07-24,3.45,3.39,3.46,3.38,238482294.0,879170824.0,-2.023121387283233,-0.06999999999999984,0.0067249863345061976,2.3121387283237014,35462123213.0
2024-07-25,3.38,3.29,3.38,3.21,436394571.0,1538017761.0,-2.9498525073746285,-0.10000000000000009,0.012305934655374015,5.014749262536871,35462123213.0
2024-07-26,3.24,3.27,3.29,3.24,238345891.0,840359078.0,-0.6079027355623157,-0.020000000000000018,0.006721139892510023,1.5197568389057698,35462123213.0
2024-07-29,3.27,3.34,3.34,3.25,197428722.0,706469086.0,2.1406727828746197,0.06999999999999984,0.0055673125045040996,2.752293577981647,35462123213.0
2024-07-30,3.33,3.28,3.34,3.27,176628057.0,629295634.0,-1.7964071856287456,-0.06000000000000005,0.004980752447875152,2.0958083832335284,35462123213.0
2024-07-31,3.29,3.29,3.31,3.28,185778108.0,661847103.0,0.3048780487804992,0.010000000000000231,0.005238775661686718,0.914634146341471,35462123213.0
2024-08-01,3.29,3.28,3.31,3.26,181242368.0,643572871.0,-0.3039513677811634,-0.010000000000000231,0.0051108718705697425,1.5197568389057832,35462123213.0
2024-08-02,3.27,3.27,3.29,3.26,140089868.0,495595096.0,-0.304878048780477,-0.009999999999999787,0.00395040835988762,0.914634146341471,35462123213.0
2024-08-05,3.26,3.23,3.27,3.22,174527861.0,612140235.0,-1.2232415902140636,-0.040000000000000036,0.004921528808405361,1.5290519877675788,35462123213.0
2024-08-06,3.24,3.22,3.26,3.19,148880660.0,517256716.0,-0.3095975232198067,-0.009999999999999787,0.004198300792813841,2.167182662538695,35462123213.0
2024-08-07,3.21,3.2,3.23,3.19,111039726.0,385279836.0,-0.6211180124223614,-0.020000000000000018,0.0031312204667794438,1.2422360248447215,35462123213.0
2024-08-08,3.2,3.18,3.2,3.17,132347104.0,456013145.0,-0.6249999999999978,-0.020000000000000018,0.0037320693745568822,0.9375000000000078,35462123213.0
2024-08-09,3.18,3.18,3.21,3.18,107261032.0,370375560.0,0.0,0.0,0.003024664692402833,0.9433962264150882,35462123213.0
2024-08-12,3.18,3.15,3.19,3.14,153922857.0,525369007.0,-0.9433962264151052,-0.03000000000000025,0.004340486216109409,1.5723270440251518,35462123213.0
2024-08-13,3.15,3.17,3.17,3.15,116907964.0,399192049.0,0.6349206349206327,0.020000000000000018,0.003296699503800238,0.6349206349206356,35462123213.0
2024-08-14,3.17,3.15,3.18,3.15,120151462.0,410564710.0,-0.6309148264984188,-0.020000000000000018,0.0033881632320298823,0.9463722397476418,35462123213.0
2024-08-15,3.16,3.19,3.2,3.15,146507182.0,503732418.0,1.2698412698412653,0.040000000000000036,0.004131370846579547,1.5873015873015959,35462123213.0
2024-08-16,3.19,3.21,3.23,3.18,156576129.0,543414644.0,0.6269592476489061,0.020000000000000018,0.004415306101654991,1.5673981191222515,35462123213.0
2024-08-19,3.21,3.25,3.26,3.2,168935642.0,589810216.0,1.2461059190031154,0.040000000000000036,0.004763833259088959,1.8691588785046607,35462123213.0
2024-08-20,3.25,3.22,3.26,3.21,174690316.0,610634762.0,-0.9230769230769154,-0.029999999999999805,0.00492610989338508,1.538461538461533,35462123213.0
2024-08-21,3.21,3.21,3.23,3.17,127522877.0,442461897.0,-0.31055900621118626,-0.010000000000000231,0.003596030509342193,1.8633540372670823,35462123213.0
2024-08-22,3.21,3.23,3.25,3.2,150333320.0,524882390.0,0.6230529595015577,0.020000000000000018,0.004239264499111817,1.5576323987538885,35462123213.0
2024-08-23,3.22,3.22,3.23,3.19,154878181.0,537619037.0,-0.3095975232198067,-0.009999999999999787,0.004367425494230516,1.2383900928792582,35462123213.0
2024-08-26,3.22,3.24,3.25,3.2,132439549.0,461245074.0,0.6211180124223503,0.020000000000000018,0.003734676240464057,1.5527950310558951,35462123213.0
2024-08-27,3.24,3.23,3.26,3.21,130412230.0,455864183.0,-0.30864197530865445,-0.010000000000000231,0.0036775076668898493,1.5432098765432043,35462123213.0
2024-08-28,3.23,3.22,3.24,3.2,106096501.0,369161448.0,-0.3095975232198067,-0.009999999999999787,0.0029918259649243523,1.2383900928792582,35462123213.0
2024-08-29,3.22,3.16,3.22,3.16,172697649.0,593163928.0,-1.8633540372670843,-0.06000000000000005,0.004869918475064433,1.8633540372670823,35462123213.0
2024-08-30,3.17,3.17,3.21,3.16,199578777.0,686137641.0,0.31645569620253333,0.009999999999999787,0.005627942122958863,1.5822784810126524,35462123213.0
2024-09-02,3.17,3.22,3.25,3.17,219334428.0,763784411.0,1.5772870662460692,0.050000000000000266,0.006185033724083237,2.5236593059936934,35462123213.0
2024-09-03,3.22,3.17,3.23,3.16,154541434.0,530401561.0,-1.552795031055909,-0.050000000000000266,0.0043579295315105925,2.1739130434782554,35462123213.0
2024-09-04,3.17,3.16,3.19,3.16,109710395.0,375583310.0,-0.3154574132492094,-0.009999999999999787,0.0030937345274290136,0.946372239747628,35462123213.0
2024-09-05,3.16,3.16,3.17,3.15,83609642.0,285146792.0,0.0,0.0,0.0023577167531060204,0.6329113924050638,35462123213.0
2024-09-06,3.17,3.16,3.18,3.15,93824495.0,321009996.0,0.0,0.0,0.002645766426236008,0.9493670886076028,35462123213.0
2024-09-09,3.16,3.06,3.16,3.06,225568821.0,753101418.0,-3.164556962025322,-0.10000000000000009,0.006360838002991008,3.1645569620253196,35462123213.0
2024-09-10,3.07,3.07,3.09,3.04,140498283.0,465622038.0,0.32679738562091387,0.009999999999999787,0.003961925295789818,1.6339869281045694,35462123213.0
2024-09-11,3.06,3.03,3.07,3.01,131131700.0,430297714.0,-1.3029315960912058,-0.040000000000000036,0.0036977960742048477,1.9543973941368098,35462123213.0
2024-09-12,3.03,3.09,3.1,3.02,147253018.0,488683843.0,1.980198019801982,0.06000000000000005,0.004152402751395855,2.640264026402643,35462123213.0
2024-09-13,3.09,3.07,3.13,3.07,114085801.0,382605358.0,-0.6472491909385147,-0.020000000000000018,0.003217117043859841,1.9417475728155358,35462123213.0
2024-09-18,3.1,3.13,3.13,3.08,106372301.0,357381324.0,1.9543973941368087,0.06000000000000005,0.0029996032770255887,1.6286644951140006,35462123213.0
2024-09-19,3.13,3.16,3.17,3.12,115439316.0,392085592.0,0.9584664536741228,0.03000000000000025,0.0032552849502728394,1.5974440894568633,35462123213.0
2024-09-20,3.17,3.17,3.19,3.15,138474746.0,474130192.0,0.31645569620253333,0.009999999999999787,0.003904863371216216,1.2658227848101276,35462123213.0
2024-09-23,3.18,3.24,3.26,3.17,171931407.0,598936998.0,2.208201892744488,0.07000000000000028,0.004848311139389758,2.839116719242898,35462123213.0
2024-09-24,3.25,3.3,3.31,3.24,215278710.0,763574878.0,1.8518518518518379,0.05999999999999961,0.006070666121905564,2.1604938271604888,35462123213.0
2024-09-25,3.34,3.38,3.41,3.32,303427392.0,1104789929.0,2.4242424242424176,0.08000000000000007,0.008556379723162404,2.7272727272727364,35462123213.0
2024-09-26,3.37,3.51,3.51,3.36,318864495.0,1180663800.0,3.8461538461538325,0.1299999999999999,0.008991692152349975,4.4378698224852045,35462123213.0
2024-09-27,3.55,3.52,3.62,3.45,280585110.0,1067093351.0,0.2849002849002913,0.010000000000000231,0.007912247902210795,4.843304843304842,35462123213.0
2024-09-30,3.57,3.72,3.74,3.56,627788858.0,2479619413.0,5.681818181818188,0.20000000000000018,0.017703081516841045,5.113636363636368,35462123213.0
2024-10-08,4.08,3.82,4.08,3.72,716822589.0,3013766280.0,2.6881720430107503,0.09999999999999964,0.02021375270438464,9.677419354838705,35462123213.0
2024-10-09,3.78,3.55,3.78,3.54,531911158.0,2098594269.0,-7.0680628272251305,-0.27,0.014999416555098077,6.282722513088999,35462123213.0
2024-10-10,3.58,3.67,3.75,3.56,414293947.0,1640490900.0,3.3802816901408406,0.1200000000000001,0.011682716923394048,5.352112676056336,35462123213.0
2024-10-11,3.69,3.6,3.72,3.58,257395265.0,1012859686.0,-1.9073569482288777,-0.06999999999999984,0.007258315117061065,3.814713896457769,35462123213.0
2024-10-14,3.66,3.67,3.71,3.64,334361437.0,1328108809.0,1.9444444444444375,0.06999999999999984,0.009428691987552144,1.94444444444444,35462123213.0
2024-10-15,3.66,3.61,3.7,3.61,263683139.0,1040342728.0,-1.6348773841961872,-0.06000000000000005,0.007435627512098228,2.452316076294286,35462123213.0
2024-10-16,3.58,3.66,3.68,3.57,279599750.0,1101689552.0,1.3850415512465464,0.050000000000000266,0.007884461635887104,3.0470914127423914,35462123213.0
2024-10-17,3.66,3.6,3.68,3.6,232950783.0,915215674.0,-1.6393442622950838,-0.06000000000000005,0.006569002696223304,2.1857923497267775,35462123213.0
2024-10-18,3.6,3.62,3.66,3.54,314624429.0,1223056952.0,0.5555555555555536,0.020000000000000018,0.008872126102270785,3.333333333333336,35462123213.0
2024-10-21,3.62,3.62,3.63,3.58,221077341.0,860429759.0,0.0,0.0,0.006234182304091585,1.3812154696132548,35462123213.0
2024-10-22,3.61,3.61,3.65,3.59,148078841.0,578034016.0,-0.2762430939226568,-0.010000000000000231,0.004175690217717027,1.657458563535913,35462123213.0
2024-10-23,3.62,3.61,3.63,3.6,144308108.0,563286140.0,0.0,0.0,0.004069358936384789,0.8310249307479171,35462123213.0
2024-10-24,3.61,3.62,3.65,3.6,141341873.0,552548340.0,0.27700831024930483,0.010000000000000231,0.003985713775541385,1.3850415512465326,35462123213.0
2024-10-25,3.61,3.6,3.62,3.59,162216572.0,631454312.0,-0.5524861878453025,-0.020000000000000018,0.004574361524425963,0.8287292817679627,35462123213.0
2024-10-28,3.6,3.59,3.6,3.54,161958837.0,626018740.0,-0.2777777777777879,-0.010000000000000231,0.004567093629087268,1.666666666666668,35462123213.0
2024-10-29,3.6,3.56,3.64,3.55,220271392.0,855493524.0,-0.835654596100277,-0.029999999999999805,0.006211455266706961,2.5069637883008444,35462123213.0
2024-10-30,3.55,3.54,3.58,3.51,184528516.0,705348102.0,-0.5617977528089901,-0.020000000000000018,0.005203538290464063,1.9662921348314686,35462123213.0
2024-10-31,3.5,3.5,3.52,3.46,250261795.0,943348488.0,-1.1299435028248594,-0.040000000000000036,0.007057157674875399,1.6949152542372896,35462123213.0
2024-11-01,3.5,3.51,3.53,3.49,197954353.0,750992301.0,0.28571428571428914,0.009999999999999787,0.0055821348262484255,1.1428571428571312,35462123213.0
2024-11-04,3.51,3.54,3.54,3.47,166376636.0,629070749.0,0.8547008547008517,0.03000000000000025,0.004691671590013772,1.9943019943019897,35462123213.0
2024-11-05,3.53,3.58,3.58,3.53,209439855.0,806152817.0,1.1299435028248705,0.040000000000000036,0.005906015659074294,1.4124293785310809,35462123213.0
2024-11-06,3.59,3.58,3.6,3.56,151924333.0,587744779.0,0.0,0.0,0.00428412963565324,1.1173184357541908,35462123213.0
2024-11-07,3.57,3.66,3.66,3.56,250055804.0,978562605.0,2.2346368715083775,0.08000000000000007,0.007051348913827372,2.793296089385477,35462123213.0
2024-11-08,3.68,3.64,3.7,3.62,208775252.0,822976087.0,-0.5464480874316946,-0.020000000000000018,0.005887274451842901,2.1857923497267775,35462123213.0
2024-11-11,3.64,3.64,3.65,3.6,180437687.0,705901756.0,0.0,0.0,0.005088180589645395,1.3736263736263687,35462123213.0
2024-11-12,3.63,3.6,3.66,3.6,199191345.0,780932789.0,-1.098901098901095,-0.040000000000000036,0.005617016888796404,1.6483516483516498,35462123213.0
2024-11-13,3.62,3.64,3.66,3.61,183564334.0,697045098.0,1.1111111111111072,0.040000000000000036,0.005176349224704838,1.3888888888888962,35462123213.0
2024-11-14,3.64,3.61,3.66,3.61,196945353.0,747915937.0,-0.8241758241758323,-0.03000000000000025,0.005553681933173199,1.373626373626381,35462123213.0
2024-11-15,3.61,3.61,3.66,3.59,184890670.0,699665405.0,0.0,0.0,0.00521375070774728,1.9390581717451603,35462123213.0
2024-11-18,3.67,3.88,3.97,3.66,886912848.0,3569498627.0,7.479224376731297,0.27,0.02501014512506313,8.587257617728532,35462123213.0
2024-11-19,3.93,3.98,4.16,3.86,1018050886.0,4258453989.0,2.577319587628879,0.10000000000000009,0.02870811992517116,7.731958762886605,35462123213.0
2024-11-20,3.93,3.89,3.99,3.85,604723083.0,2464962668.0,-2.2613065326633097,-0.08999999999999986,0.017052647394172823,3.5175879396984957,35462123213.0
2024-11-21,3.87,3.82,3.9,3.79,379906738.0,1518748189.0,-1.799485861182526,-0.07000000000000028,0.010713028538029856,2.8277634961439557,35462123213.0
2024-11-22,3.81,3.71,3.83,3.71,327286376.0,1285040719.0,-2.8795811518324554,-0.10999999999999988,0.00922918162666641,3.141361256544505,35462123213.0
2024-11-25,3.71,3.72,3.75,3.71,280166620.0,1091038416.0,0.26954177897575704,0.010000000000000231,0.007900446860364362,1.078167115902966,35462123213.0
2024-11-26,3.72,3.76,3.78,3.7,237841704.0,929501639.0,1.0752688172043001,0.03999999999999959,0.006706922272291074,2.150537634408592,35462123213.0
2024-11-27,3.74,3.78,3.78,3.71,203543563.0,796692447.0,0.5319148936170137,0.020000000000000018,0.005739745524469424,1.8617021276595702,35462123213.0
2024-11-28,3.76,3.77,3.8,3.75,174508195.0,688959579.0,-0.2645502645502562,-0.009999999999999787,0.004920974244881856,1.3227513227513181,35462123213.0
2024-11-29,3.77,3.79,3.87,3.77,306264682.0,1220423162.0,0.5305039787798504,0.020000000000000018,0.00863638875090612,2.6525198938992065,35462123213.0
2024-12-02,3.79,3.81,3.82,3.76,219757722.0,871400027.0,0.5277044854881341,0.020000000000000018,0.006196970234411666,1.5831134564643814,35462123213.0
2024-12-03,3.8,3.87,3.87,3.8,254235731.0,1019168372.0,1.5748031496062964,0.06000000000000005,0.007169219098161617,1.8372703412073568,35462123213.0
2024-12-04,3.87,3.88,3.9,3.84,246474075.0,996200919.0,0.2583979328165231,0.009999999999999787,0.006950347375411676,1.5503875968992262,35462123213.0
2024-12-05,3.86,3.85,3.89,3.84,181065475.0,729255424.0,-0.773195876288657,-0.029999999999999805,0.005105883646967408,1.28865979381444,35462123213.0
2024-12-06,3.86,3.89,3.92,3.85,224857520.0,912483732.0,1.0389610389610393,0.040000000000000036,0.0063407799541334246,1.818181818181814,35462123213.0
2024-12-09,3.9,3.9,3.93,3.87,200960112.0,818500747.0,0.25706940874035134,0.009999999999999787,0.005666894528366264,1.5424164524421609,35462123213.0
2024-12-10,3.95,3.92,3.98,3.9,249657934.0,1022483608.0,0.512820512820511,0.020000000000000018,0.007040129337446956,2.051282051282053,35462123213.0
2024-12-11,3.91,3.89,3.94,3.87,209297075.0,851833272.0,-0.7653061224489721,-0.029999999999999805,0.005901989391409991,1.7857142857142818,35462123213.0
2024-12-12,3.9,3.96,3.96,3.88,317784607.0,1306896815.0,1.799485861182526,0.06999999999999984,0.008961240281391383,2.0565552699228813,35462123213.0
2024-12-13,3.95,3.89,3.97,3.88,393691598.0,1611925743.0,-1.7676767676767624,-0.06999999999999984,0.011101749199711687,2.2727272727272805,35462123213.0
2024-12-16,3.88,3.9,3.94,3.87,250093922.0,1020916866.0,0.25706940874035134,0.009999999999999787,0.00705242380716557,1.7994858611825153,35462123213.0
2024-12-17,3.91,3.85,3.93,3.84,239869747.0,969410859.0,-1.2820512820512775,-0.04999999999999982,0.006764111262014524,2.3076923076923155,35462123213.0
2024-12-18,3.87,3.9,3.94,3.86,220240854.0,898225741.0,1.298701298701288,0.04999999999999982,0.006210594122555591,2.0779220779220795,35462123213.0
2024-12-19,3.88,3.86,3.9,3.83,206620442.0,833159983.0,-1.025641025641022,-0.040000000000000036,0.005826510746662099,1.794871794871791,35462123213.0
2024-12-20,3.86,3.86,3.88,3.84,158920003.0,640563168.0,0.0,0.0,0.004481401241698404,1.0362694300518145,35462123213.0
2024-12-23,3.87,3.9,3.93,3.86,239065728.0,973767457.0,1.0362694300518172,0.040000000000000036,0.006741438648895148,1.8134715025906811,35462123213.0
2024-12-24,3.9,3.93,3.94,3.89,188889621.0,772986150.0,0.7692307692307665,0.03000000000000025,0.005326517531549134,1.2820512820512775,35462123213.0
2024-12-25,3.94,3.94,3.98,3.93,216507595.0,893513153.0,0.2544529262086481,0.009999999999999787,0.0061053195743404004,1.2722646310432524,35462123213.0
2024-12-26,3.94,3.91,3.95,3.9,146169631.0,597183232.0,-0.761421319796951,-0.029999999999999805,0.004121852211782286,1.2690355329949305,35462123213.0
2024-12-27,3.91,3.93,3.94,3.88,183650174.0,749889250.0,0.5115089514066584,0.020000000000000018,0.00517876983554882,1.5345268542199502,35462123213.0
2024-12-30,3.93,4.01,4.02,3.93,309432518.0,1285093400.0,2.035623409669207,0.07999999999999963,0.008725718878743438,2.2900763358778478,35462123213.0
2024-12-31,4.01,3.95,4.1,3.94,308461404.0,1294276163.0,-1.4962593516209433,-0.05999999999999961,0.008698334336814939,3.9900249376558534,35462123213.0
2025-01-02,3.96,3.84,4.0,3.82,368396725.0,1497954362.0,-2.784810126582282,-0.11000000000000032,0.010388456517035339,4.5569620253164596,35462123213.0
2025-01-03,3.85,3.83,3.88,3.8,260200548.0,1043274709.0,-0.26041666666666297,-0.009999999999999787,0.007337421576173801,2.0833333333333353,35462123213.0
2025-01-06,3.84,3.85,3.86,3.76,230033979.0,918247577.0,0.5221932114882533,0.020000000000000018,0.006486751445149574,2.6109660574412556,35462123213.0
2025-01-07,3.84,3.89,3.89,3.82,165200751.0,665634542.0,1.0389610389610393,0.040000000000000036,0.004658512689940667,1.8181818181818254,35462123213.0
2025-01-08,3.89,3.87,3.93,3.84,240822729.0,976140991.0,-0.5141388174807249,-0.020000000000000018,0.006790984497840704,2.313624678663247,35462123213.0
2025-01-09,3.88,3.83,3.88,3.82,176282616.0,706494959.0,-1.033591731266148,-0.040000000000000036,0.0049710113221697015,1.5503875968992262,35462123213.0
2025-01-10,3.83,3.8,3.85,3.79,162679002.0,648078323.0,-0.7832898172323799,-0.03000000000000025,0.004587401634777576,1.5665796344647531,35462123213.0
2025-01-13,3.79,3.76,3.8,3.72,181044352.0,711316605.0,-1.0526315789473717,-0.040000000000000036,0.0051052879973535045,2.105263157894727,35462123213.0
2025-01-14,3.77,3.85,3.85,3.76,195950901.0,781489469.0,2.393617021276606,0.0900000000000003,0.0055256392806217166,2.393617021276604,35462123213.0
2025-01-15,3.85,3.86,3.91,3.84,158270127.0,639651872.0,0.2597402597402487,0.009999999999999787,0.004463075322629865,1.8181818181818254,35462123213.0
2025-01-16,3.88,3.87,3.88,3.84,123304118.0,497415828.0,0.2590673575129543,0.010000000000000231,0.0034770652975115194,1.0362694300518145,35462123213.0
2025-01-17,3.86,3.84,3.87,3.82,144858634.0,582053801.0,-0.7751937984496138,-0.03000000000000025,0.0040848832747526105,1.2919896640826942,35462123213.0
2025-01-20,3.86,3.89,3.92,3.85,197977199.0,802898454.0,1.3020833333333481,0.050000000000000266,0.005582779062913635,1.8229166666666625,35462123213.0
2025-01-21,3.91,3.91,3.94,3.88,206586988.0,844069247.0,0.5141388174807249,0.020000000000000018,0.005825567373931734,1.5424164524421609,35462123213.0
2025-01-22,3.91,3.86,3.92,3.85,157260477.0,635610711.0,-1.278772378516635,-0.050000000000000266,0.0044346041001388815,1.7902813299232694,35462123213.0
2025-01-23,3.89,3.97,3.99,3.88,310048002.0,1278091112.0,2.849740932642497,0.11000000000000032,0.00874307497432472,2.8497409326424954,35462123213.0
2025-01-24,3.96,3.93,3.97,3.89,193848748.0,795439311.0,-1.0075566750629705,-0.040000000000000036,0.005466360455510947,2.0151133501259464,35462123213.0
2025-01-27,3.94,3.97,4.02,3.94,209874298.0,873405961.0,1.0178117048346147,0.040000000000000036,0.005918266561181608,2.035623409669202,35462123213.0
2025-02-05,3.97,3.92,3.99,3.91,168321158.0,692208456.0,-1.2594458438287215,-0.050000000000000266,0.004746505362608842,2.0151133501259464,35462123213.0
2025-02-06,3.92,3.92,3.94,3.9,156732135.0,640579173.0,0.0,0.0,0.004419705330631298,1.020408163265307,35462123213.0
2025-02-07,3.93,3.94,3.94,3.91,168827826.0,692914873.0,0.5102040816326481,0.020000000000000018,0.004760792944797781,0.7653061224489747,35462123213.0
2025-02-10,3.94,3.97,3.98,3.93,165296457.0,685029850.0,0.761421319796951,0.03000000000000025,0.00466121151311674,1.2690355329949194,35462123213.0
2025-02-11,3.98,3.97,4.0,3.96,143283850.0,595339760.0,0.0,0.0,0.004040475781423991,1.0075566750629732,35462123213.0
2025-02-12,3.98,3.98,3.99,3.95,112621463.0,467207985.0,0.25188916876572875,0.009999999999999787,0.003175824028458462,1.0075566750629732,35462123213.0
2025-02-13,3.98,3.99,4.01,3.97,130838950.0,546198045.0,0.2512562814070307,0.010000000000000231,0.003689540787338869,1.0050251256281304,35462123213.0
2025-02-14,3.98,4.0,4.01,3.96,152706395.0,635787312.0,0.25062656641603454,0.009999999999999787,0.004306183081108342,1.253132832080196,35462123213.0
2025-02-17,4.01,4.01,4.02,3.97,143284512.0,598433992.0,0.24999999999999467,0.009999999999999787,0.004040494449228962,1.2499999999999845,35462123213.0
2025-02-18,4.01,4.04,4.09,4.0,269252374.0,1141243410.0,0.7481296758104827,0.03000000000000025,0.00759267493327346,2.244389027431418,35462123213.0
2025-02-19,4.04,3.99,4.04,3.99,171889171.0,720787788.0,-1.2376237623762387,-0.04999999999999982,0.004847120122152964,1.2376237623762332,35462123213.0
2025-02-20,3.99,3.98,4.01,3.97,116067012.0,483900418.0,-0.25062656641604564,-0.010000000000000231,0.003272985413277544,1.0025062656641501,35462123213.0
2025-02-21,3.99,3.95,4.0,3.94,174577514.0,722611179.0,-0.7537688442211032,-0.029999999999999805,0.004922928978375494,1.5075376884422125,35462123213.0
2025-02-24,3.95,3.94,3.97,3.94,146528025.0,604783875.0,-0.25316455696202667,-0.010000000000000231,0.004131958600445123,0.7594936708860822,35462123213.0
2025-02-25,3.94,3.93,3.96,3.93,118486745.0,487294610.0,-0.25380710659898,-0.009999999999999787,0.0033412197089362134,0.7614213197969494,35462123213.0
2025-02-26,3.93,3.94,3.98,3.93,158673813.0,655536529.0,0.2544529262086481,0.009999999999999787,0.004474458904982655,1.2722646310432524,35462123213.0
2025-02-27,3.95,3.95,3.96,3.93,126832206.0,522148550.0,0.2538071065989911,0.010000000000000231,0.0035765542079416383,0.7614213197969494,35462123213.0
2025-02-28,3.94,3.94,3.97,3.94,191519435.0,791554765.0,-0.25316455696202667,-0.010000000000000231,0.005400675922579594,0.7594936708860822,35462123213.0
2025-03-03,3.94,3.97,3.97,3.93,167553192.0,692032472.0,0.761421319796951,0.03000000000000025,0.004724849411683758,1.0152284263959401,35462123213.0
2025-03-04,3.96,3.97,3.98,3.94,110070607.0,456315263.0,0.0,0.0,0.003103892182057768,1.0075566750629732,35462123213.0
2025-03-05,3.98,4.02,4.04,3.97,199319032.0,835338377.0,1.2594458438287104,0.04999999999999938,0.005620617547426827,1.7632241813601974,35462123213.0
2025-03-06,4.03,3.96,4.04,3.95,252091978.0,1046752202.0,-1.492537313432829,-0.05999999999999961,0.007108767190442394,2.2388059701492504,35462123213.0
2025-03-07,3.96,3.95,3.98,3.95,116774571.0,483473554.0,-0.2525252525252486,-0.009999999999999787,0.0032929379410985694,0.7575757575757527,35462123213.0
2025-03-10,3.95,3.93,3.95,3.91,155260604.0,636398709.0,-0.5063291139240533,-0.020000000000000018,0.004378209479095242,1.0126582278481022,35462123213.0
2025-03-11,3.92,3.94,3.94,3.91,103157637.0,422574406.0,0.2544529262086481,0.009999999999999787,0.0029089526416789285,0.7633587786259493,35462123213.0
2025-03-12,3.94,3.93,3.94,3.92,80752947.0,331814826.0,-0.25380710659898,-0.009999999999999787,0.0022771605218042026,0.5076142131979701,35462123213.0
2025-03-13,3.93,3.94,3.95,3.92,117859436.0,484453641.0,0.2544529262086481,0.009999999999999787,0.003323530158983659,0.7633587786259605,35462123213.0
2025-03-14,3.94,3.98,3.99,3.94,185862763.0,771567353.0,1.0152284263959421,0.040000000000000036,0.005241162856595819,1.2690355329949305,35462123213.0
2025-03-17,3.98,3.98,4.0,3.97,116374890.0,484846500.0,0.0,0.0,0.003281667296145943,0.7537688442211007,35462123213.0
2025-03-18,3.99,3.97,3.99,3.96,92027982.0,381984292.0,-0.2512562814070307,-0.009999999999999787,0.0025951063744052306,0.7537688442211118,35462123213.0
2025-03-19,3.97,3.98,3.99,3.96,127397308.0,529391576.0,0.25188916876572875,0.009999999999999787,0.0035924895764080375,0.7556675062972354,35462123213.0
2025-03-20,3.98,3.96,4.01,3.95,173125247.0,718937761.0,-0.5025125628140725,-0.020000000000000018,0.004881976354324275,1.5075376884422014,35462123213.0
2025-03-21,3.96,3.92,3.98,3.91,200589423.0,825167124.0,-1.0101010101010055,-0.040000000000000036,0.005656441431754607,1.7676767676767637,35462123213.0
2025-03-24,3.92,3.91,3.94,3.9,164982452.0,674625501.0,-0.25510204081632404,-0.009999999999999787,0.004652356854355505,1.020408163265307,35462123213.0
2025-03-25,3.92,3.91,3.93,3.9,115748535.0,472621500.0,0.0,0.0,0.0032640046481359,0.7672634271099807,35462123213.0
2025-03-26,3.91,3.87,3.92,3.87,228757437.0,927790552.0,-1.0230179028132946,-0.040000000000000036,0.00645075410815053,1.2787723785166194,35462123213.0
2025-03-27,3.87,3.87,3.88,3.86,129207920.0,522375371.0,0.0,0.0,0.003643547207366137,0.5167958656330753,35462123213.0
2025-03-28,3.87,3.85,3.88,3.85,116424542.0,469265078.0,-0.5167958656330796,-0.020000000000000018,0.003283067437916975,0.7751937984496073,35462123213.0
2025-03-31,3.78,3.73,3.79,3.71,374091295.0,1463588030.0,-3.116883116883118,-0.1200000000000001,0.010549038272555053,2.0779220779220795,35462123213.0
2025-04-01,3.73,3.78,3.81,3.73,229656655.0,904858132.0,1.3404825737265424,0.04999999999999982,0.006476111247501688,2.1447721179624684,35462123213.0
2025-04-02,3.77,3.84,3.85,3.77,172927459.0,690345753.0,1.5873015873015817,0.06000000000000005,0.004876398910503103,2.1164021164021185,35462123213.0
2025-04-03,3.83,3.82,3.85,3.8,130665716.0,521380287.0,-0.520833333333337,-0.020000000000000018,0.003684655744247696,1.3020833333333404,35462123213.0
2025-04-07,3.71,3.64,3.73,3.55,414485320.0,1580808591.0,-4.712041884816742,-0.17999999999999972,0.011688113469981248,4.712041884816758,35462123213.0
2025-04-08,3.64,3.72,3.72,3.64,289088848.0,1113144095.0,2.19780219780219,0.08000000000000007,0.008152045670351273,2.1978021978021998,35462123213.0
2025-04-09,3.72,3.74,3.75,3.66,237609361.0,921648931.0,0.5376344086021501,0.020000000000000018,0.006700370408529154,2.4193548387096735,35462123213.0
2025-04-10,3.74,3.72,3.75,3.71,132706814.0,517708250.0,-0.5347593582887722,-0.020000000000000018,0.003742212873236852,1.0695187165775408,35462123213.0
2025-04-11,3.72,3.81,3.82,3.71,222439727.0,875421690.0,2.4193548387096753,0.08999999999999986,0.006272600364731015,2.9569892473118244,35462123213.0
2025-04-14,3.82,3.78,3.83,3.76,163939308.0,648322096.0,-0.7874015748031593,-0.03000000000000025,0.004622941131170109,1.8372703412073568,35462123213.0
2025-04-15,3.78,3.84,3.85,3.77,219505471.0,876055116.0,1.5873015873015817,0.06000000000000005,0.006189856982943758,2.1164021164021185,35462123213.0
2025-04-16,3.83,3.85,3.86,3.81,180633314.0,722820923.0,0.26041666666667407,0.010000000000000231,0.00509369709520895,1.3020833333333286,35462123213.0
2025-04-17,3.84,3.85,3.86,3.81,148752985.0,596111682.0,0.0,0.0,0.004194700472572632,1.298701298701294,35462123213.0
2025-04-18,3.85,3.85,3.87,3.84,142883255.0,574589351.0,0.0,0.0,0.004029179362492899,0.7792207792207856,35462123213.0
2025-04-21,3.84,3.81,3.88,3.8,169129448.0,677456280.0,-1.0389610389610393,-0.040000000000000036,0.004769298414089293,2.0779220779220795,35462123213.0
2025-04-22,3.82,3.84,3.86,3.8,133526722.0,535333800.0,0.7874015748031482,0.029999999999999805,0.003765333541874635,1.5748031496063006,35462123213.0
2025-04-23,3.84,3.8,3.85,3.79,145971408.0,580826161.0,-1.041666666666663,-0.040000000000000036,0.004116262501352107,1.5625000000000013,35462123213.0
2025-04-24,3.8,3.8,3.82,3.79,121609964.0,482897693.0,0.0,0.0,0.0034292916774768638,0.7894736842105211,35462123213.0
2025-04-25,3.8,3.78,3.82,3.77,125756142.0,498066269.0,-0.5263157894736858,-0.020000000000000018,0.0035462101703458994,1.315789473684206,35462123213.0
2025-04-28,3.79,3.81,3.83,3.78,156502056.0,623137742.0,0.7936507936507908,0.03000000000000025,0.004413217309634415,1.32275132275133,35462123213.0
2025-04-29,3.81,3.8,3.86,3.79,146543984.0,584946818.0,-0.2624671916010568,-0.010000000000000231,0.0041324086299006114,1.8372703412073448,35462123213.0
2025-04-30,3.79,3.81,3.81,3.75,169026258.0,667290730.0,0.263157894736854,0.010000000000000231,0.004766388548840103,1.578947368421054,35462123213.0
2025-05-06,3.81,3.8,3.82,3.79,149699022.0,594932375.0,-0.2624671916010568,-0.010000000000000231,0.004221377865641223,0.7874015748031444,35462123213.0
2025-05-07,3.82,3.87,3.87,3.8,222699453.0,893290590.0,1.8421052631579116,0.07000000000000028,0.006279924404480129,1.8421052631579022,35462123213.0
2025-05-08,3.87,3.89,3.91,3.85,182872606.0,741870301.0,0.5167958656330685,0.020000000000000018,0.005156843116854352,1.5503875968992262,35462123213.0
2025-05-09,3.9,3.92,3.93,3.89,161830505.0,661067285.0,0.7712082262210762,0.029999999999999805,0.004563474782036594,1.0282776349614406,35462123213.0
2025-05-12,3.92,3.91,3.94,3.9,155657400.0,637139732.0,-0.25510204081632404,-0.009999999999999787,0.004389398769641007,1.020408163265307,35462123213.0
2025-05-13,3.93,3.95,3.96,3.9,229301825.0,943958210.0,1.0230179028132946,0.040000000000000036,0.006466105360435402,1.5345268542199502,35462123213.0
2025-05-14,3.95,4.02,4.02,3.94,267856846.0,1117606286.0,1.7721518987341645,0.0699999999999994,0.007553322298023227,2.025316455696193,35462123213.0
2025-05-15,4.01,3.97,4.04,3.97,154837010.0,646592466.0,-1.243781094527352,-0.04999999999999938,0.004366264509036463,1.7412935323383048,35462123213.0
2025-05-16,3.98,3.95,4.0,3.93,135495021.0,559329914.0,-0.5037783375314908,-0.020000000000000018,0.0038208378044980993,1.7632241813601974,35462123213.0
2025-05-19,3.95,3.94,3.99,3.94,125694023.0,520583924.0,-0.25316455696202667,-0.010000000000000231,0.0035444584703806467,1.2658227848101333,35462123213.0
2025-05-20,3.95,3.96,3.98,3.94,110303432.0,456293673.0,0.50761421319796,0.020000000000000018,0.0031104576377864496,1.0152284263959401,35462123213.0
2025-05-21,3.96,3.98,4.0,3.95,116887173.0,486670138.0,0.5050505050504972,0.020000000000000018,0.003296113216287922,1.262626262626258,35462123213.0
2025-05-22,3.98,4.02,4.02,3.96,131413679.0,549494458.0,1.0050251256281229,0.03999999999999959,0.003705747628552181,1.5075376884422014,35462123213.0
2025-05-23,4.01,3.98,4.04,3.98,182663416.0,764805016.0,-0.995024875621886,-0.03999999999999959,0.0051509441468817,1.4925373134328375,35462123213.0
2025-05-26,3.98,4.02,4.03,3.97,205303567.0,860955392.0,1.0050251256281229,0.03999999999999959,0.005789376055315778,1.5075376884422125,35462123213.0
2025-05-27,4.02,4.09,4.12,4.01,294336244.0,1256211916.0,1.7412935323383172,0.07000000000000028,0.008300017521006745,2.736318407960207,35462123213.0
2025-05-28,4.1,4.1,4.14,4.07,152949572.0,655026560.0,0.24449877750609694,0.009999999999999787,0.004313040453932281,1.7114914425427725,35462123213.0
2025-05-29,4.1,4.12,4.13,4.08,207895388.0,891772477.0,0.4878048780487809,0.020000000000000462,0.005862463077895685,1.219512195121947,35462123213.0
2025-05-30,4.13,4.16,4.18,4.12,234220649.0,1017167120.0,0.9708737864077666,0.040000000000000036,0.006604811776022972,1.456310679611641,35462123213.0
2025-06-03,4.16,4.29,4.33,4.15,354059750.0,1572115522.0,3.125,0.1299999999999999,0.009984166708613934,4.3269230769230695,35462123213.0
2025-06-04,4.29,4.31,4.35,4.28,188219694.0,847211637.0,0.4662004662004504,0.019999999999999574,0.005307626192303141,1.6317016317016177,35462123213.0
2025-06-05,4.32,4.26,4.33,4.23,157571399.0,702090291.0,-1.1600928074245953,-0.04999999999999982,0.0044433718210712255,2.32018561484918,35462123213.0
2025-06-06,4.26,4.29,4.34,4.25,159058635.0,712985294.0,0.7042253521126751,0.03000000000000025,0.004485310539491075,2.112676056338025,35462123213.0
2025-06-09,4.3,4.39,4.41,4.29,294167673.0,1337803615.0,2.3310023310023187,0.09999999999999964,0.008295263970324302,2.7972027972027997,35462123213.0
2025-06-10,4.4,4.52,4.57,4.39,364415071.0,1719390823.0,2.9612756264236983,0.1299999999999999,0.010276177453086332,4.1002277904328155,35462123213.0
2025-06-11,4.53,4.53,4.54,4.44,230854311.0,1085166547.0,0.22123893805310324,0.010000000000000675,0.00650988407020625,2.212389380530966,35462123213.0
2025-06-12,4.53,4.6,4.61,4.47,237030595.0,1127976703.0,1.5452538631346435,0.0699999999999994,0.00668404972754444,3.090507726269328,35462123213.0
2025-06-13,4.6,4.57,4.62,4.52,232361578.0,1106432300.0,-0.6521739130434634,-0.02999999999999936,0.006552387644821531,2.1739130434782727,35462123213.0
2025-06-16,4.55,4.6,4.61,4.52,202632945.0,964915647.0,0.6564551422319376,0.02999999999999936,0.005714066915364986,1.9693654266958585,35462123213.0
2025-06-17,4.59,4.52,4.61,4.51,196755591.0,932850734.0,-1.7391304347826098,-0.08000000000000007,0.005548330815337975,2.1739130434782727,35462123213.0
2025-06-18,4.52,4.54,4.56,4.47,182453475.0,861509909.0,0.4424778761062065,0.020000000000000462,0.005145023999384072,1.9911504424778732,35462123213.0
2025-06-19,4.54,4.48,4.55,4.45,181776629.0,852466262.0,-1.3215859030836885,-0.05999999999999961,0.0051259375505571195,2.2026431718061596,35462123213.0
2025-06-20,4.5,4.59,4.62,4.48,240551035.0,1146600831.0,2.4553571428571397,0.10999999999999943,0.006783322971248851,3.124999999999993,35462123213.0
2025-06-23,4.58,4.6,4.62,4.52,199515304.0,954876479.0,0.2178649237472685,0.009999999999999787,0.005626152241410633,2.1786492374727784,35462123213.0
2025-06-24,4.6,4.59,4.61,4.5,250365075.0,1194372540.0,-0.21739130434782483,-0.009999999999999787,0.007060070078043694,2.391304347826094,35462123213.0
2025-06-25,4.58,4.62,4.62,4.52,201873423.0,964906853.0,0.6535947712418277,0.03000000000000025,0.005692649077650138,2.1786492374727784,35462123213.0
2025-06-26,4.61,4.68,4.72,4.56,236770757.0,1148804366.0,1.298701298701288,0.05999999999999961,0.006676722529495995,3.463203463203466,35462123213.0
2025-06-27,4.67,4.58,4.77,4.55,326464149.0,1588706380.0,-2.136752136752129,-0.09999999999999964,0.009205995564313027,4.700854700854696,35462123213.0
2025-06-30,4.55,4.55,4.58,4.52,162365832.0,770316840.0,-0.6550218340611424,-0.03000000000000025,0.004578570522265813,1.3100436681222816,35462123213.0
2025-07-01,4.55,4.64,4.65,4.55,180887323.0,871065602.0,1.978021978021971,0.08999999999999986,0.0051008599206967065,2.19780219780221,35462123213.0
2025-07-02,4.63,4.74,4.77,4.62,241188216.0,1188873228.0,2.155172413793105,0.10000000000000053,0.006801290902728103,3.2327586206896437,35462123213.0
2025-07-03,4.75,4.74,4.79,4.7,147220647.0,729816878.0,0.0,0.0,0.00415148991829205,1.898734177215187,35462123213.0
2025-07-04,4.75,4.87,4.88,4.74,285530953.0,1441336764.0,2.742616033755274,0.1299999999999999,0.008051716229312736,2.9535864978902886,35462123213.0
2025-07-07,4.88,5.04,5.07,4.87,320537378.0,1667128092.0,3.490759753593431,0.16999999999999993,0.009038865949303755,4.106776180698155,35462123213.0
2025-07-08,5.05,5.05,5.1,4.99,229856712.0,1210361144.0,0.1984126984126977,0.009999999999999787,0.006481752675083404,2.1825396825396712,35462123213.0
2025-07-09,5.04,5.05,5.07,4.98,232443246.0,1221699078.0,0.0,0.0,0.006554690609015453,1.7821782178217795,35462123213.0
2025-07-10,5.05,5.31,5.44,5.05,600494726.0,3314789406.0,5.148514851485153,0.2599999999999998,0.016933411527369168,7.722772277227734,35462123213.0
2025-07-11,5.34,5.17,5.36,5.17,434425559.0,2388574594.0,-2.6365348399246646,-0.13999999999999968,0.01225041028679142,3.5781544256120603,35462123213.0
2025-07-14,5.2,5.2,5.36,5.19,457936720.0,2490419307.0,0.5802707930367523,0.03000000000000025,0.012913403894331002,3.2882011605415844,35462123213.0
2025-07-15,5.2,5.17,5.24,5.14,237976459.0,1274214501.0,-0.576923076923086,-0.03000000000000025,0.006710722242168529,1.9230769230769333,35462123213.0
2025-07-16,5.16,5.17,5.19,5.09,226776669.0,1203005164.0,0.0,0.0,0.006394898230934642,1.9342359767891786,35462123213.0
2025-07-17,5.17,5.24,5.26,5.16,254551362.0,1373923921.0,1.3539651837524147,0.07000000000000028,0.007178119608661346,1.9342359767891615,35462123213.0
2025-07-18,5.23,5.27,5.35,5.23,295444584.0,1616192075.0,0.5725190839694472,0.02999999999999936,0.008331271712791678,2.2900763358778478,35462123213.0
2025-07-21,5.27,5.22,5.33,5.15,289156328.0,1567447126.0,-0.9487666034155517,-0.04999999999999982,0.00815394854569787,3.41555977229601,35462123213.0
2025-07-22,5.23,5.09,5.24,5.06,346549063.0,1831906856.0,-2.490421455938696,-0.1299999999999999,0.009772372086084207,3.4482758620689773,35462123213.0
2025-07-23,5.09,5.07,5.12,5.05,267852469.0,1404383844.0,-0.39292730844793233,-0.019999999999999574,0.00755319887055743,1.3752455795677856,35462123213.0
2025-07-24,5.09,4.94,5.09,4.91,388463174.0,1989599436.0,-2.564102564102566,-0.1299999999999999,0.010954312342403513,3.5502958579881603,35462123213.0
2025-07-25,4.93,4.89,4.95,4.87,342969639.0,1736763241.0,-1.0121457489878694,-0.05000000000000071,0.009671435546596696,1.6194331983805683,35462123213.0
2025-07-28,4.89,4.88,4.93,4.86,275468334.0,1393281324.0,-0.2044989775051076,-0.009999999999999787,0.007767959418149462,1.431492842535775,35462123213.0
2025-07-29,4.89,4.78,4.94,4.77,385986864.0,1924517349.0,-2.049180327868849,-0.09999999999999964,0.010884482626198245,3.4836065573770663,35462123213.0
2025-07-30,4.8,4.78,4.84,4.76,310191079.0,1535575400.0,0.0,0.0,0.008747109617122066,1.673640167364018,35462123213.0
2025-07-31,4.78,4.74,4.78,4.68,273003368.0,1330862373.0,-0.8368200836820106,-0.040000000000000036,0.007698449592547807,2.092050209205032,35462123213.0
2025-08-01,4.74,4.75,4.76,4.67,247547079.0,1206745156.0,0.21097046413500742,0.009999999999999787,0.00698060512375785,1.898734177215187,35462123213.0
2025-08-04,4.73,4.78,4.83,4.71,312651474.0,1542128525.0,0.6315789473684275,0.03000000000000025,0.008816490544632297,2.5263157894736867,35462123213.0
2025-08-05,4.78,4.89,4.9,4.77,387189479.0,1933559280.0,2.3012552301255207,0.10999999999999943,0.010918395288245484,2.7196652719665435,35462123213.0
2025-08-06,4.88,4.82,4.9,4.81,263822600.0,1317944227.0,-1.4314928425357754,-0.0699999999999994,0.007439560186945764,1.8404907975460276,35462123213.0
2025-08-07,4.81,4.81,4.83,4.78,155077265.0,770334497.0,-0.20746887966806016,-0.010000000000000675,0.004373039484086799,1.0373443983402453,35462123213.0
2025-08-08,4.82,4.81,4.87,4.8,202608762.0,1011976838.0,0.0,0.0,0.00571338497650152,1.4553014553014614,35462123213.0
2025-08-11,4.8,4.74,4.82,4.74,224350219.0,1102581725.0,-1.4553014553014387,-0.0699999999999994,0.006326474521913449,1.6632016632016646,35462123213.0
2025-08-12,4.74,4.78,4.82,4.73,201099594.0,994348605.0,0.8438818565400741,0.040000000000000036,0.005670827795394925,1.898734177215187,35462123213.0
2025-08-13,4.8,4.71,4.81,4.7,243651951.0,1192770762.0,-1.4644351464435212,-0.07000000000000028,0.006870766015236224,2.301255230125511,35462123213.0
2025-08-14,4.72,4.68,4.77,4.68,176765941.0,860324384.0,-0.6369426751592355,-0.03000000000000025,0.004984640652740151,1.9108280254777041,35462123213.0
2025-08-15,4.68,4.55,4.69,4.53,440254789.0,2079870594.0,-2.777777777777779,-0.1299999999999999,0.01241478933327398,3.4188034188034218,35462123213.0
2025-08-18,4.57,4.56,4.59,4.53,235122789.0,1107442921.0,0.219780219780219,0.009999999999999787,0.0066302513131477345,1.3186813186813102,35462123213.0
2025-08-19,4.56,4.54,4.59,4.53,184857949.0,870433949.0,-0.43859649122806044,-0.019999999999999574,0.005212828004958069,1.3157894736842022,35462123213.0
2025-08-20,4.54,4.56,4.6,4.52,185821242.0,875180711.0,0.4405286343612147,0.019999999999999574,0.0052399920017163586,1.7621145374449354,35462123213.0
2025-08-21,4.56,4.61,4.63,4.54,228063472.0,1082587014.0,1.0964912280701844,0.05000000000000071,0.006431184918910738,1.9736842105263128,35462123213.0
2025-08-22,4.61,4.58,4.62,4.52,262985333.0,1236085355.0,-0.6507592190889477,-0.03000000000000025,0.007415950010110863,2.169197396963135,35462123213.0
2025-08-25,4.57,4.63,4.66,4.55,278099586.0,1323665621.0,1.091703056768556,0.04999999999999982,0.007842158359487397,2.401746724890837,35462123213.0
2025-08-26,4.63,4.58,4.63,4.56,236596579.0,1118564582.0,-1.0799136069114423,-0.04999999999999982,0.0066718108664533225,1.5118790496760321,35462123213.0
2025-08-27,4.57,4.47,4.57,4.47,379080151.0,1765137982.0,-2.401746724890841,-0.11000000000000032,0.010689719527595393,2.1834061135371297,35462123213.0
2025-08-28,4.47,4.54,4.57,4.45,319503497.0,1491241049.0,1.5659955257270708,0.07000000000000028,0.00900971143439245,2.684563758389264,35462123213.0
2025-08-29,4.53,4.46,4.6,4.45,477717743.0,2224072789.0,-1.7621145374449365,-0.08000000000000007,0.013471210963050127,3.3039647577092395,35462123213.0
2025-09-01,4.48,4.37,4.52,4.36,515050137.0,2350017836.0,-2.0179372197309364,-0.08999999999999986,0.014523950918178206,3.587443946188324,35462123213.0
2025-09-02,4.38,4.42,4.43,4.36,326016745.0,1478988124.0,1.1441647597253857,0.04999999999999982,0.009193379173655515,1.6018306636155468,35462123213.0
2025-09-03,4.42,4.37,4.44,4.34,217347928.0,982760702.0,-1.1312217194570096,-0.04999999999999982,0.006129016209619473,2.262443438914039,35462123213.0
2025-09-04,4.37,4.34,4.37,4.29,266634468.0,1192374258.0,-0.6864988558352492,-0.03000000000000025,0.00751885233713967,1.8306636155606424,35462123213.0
2025-09-05,4.34,4.33,4.36,4.27,233739857.0,1042005667.0,-0.23041474654377225,-0.009999999999999787,0.006591253873775772,2.0737327188940267,35462123213.0
2025-09-08,4.32,4.27,4.37,4.25,353652032.0,1568300898.0,-1.3856812933025542,-0.0600000000000005,0.009972669427485247,2.7713625866050835,35462123213.0
2025-09-09,4.28,4.29,4.3,4.25,189102951.0,835565654.0,0.4683840749414525,0.020000000000000462,0.005332533245800609,1.170960187353626,35462123213.0
2025-09-10,4.3,4.29,4.32,4.27,292818568.0,1297579509.0,0.0,0.0,0.008257220421947441,1.165501165501182,35462123213.0
2025-09-11,4.29,4.32,4.33,4.24,265255712.0,1174747465.0,0.6993006993007089,0.03000000000000025,0.0074799726572141725,2.0979020979020944,35462123213.0
2025-09-12,4.32,4.24,4.35,4.23,458020466.0,2023580782.0,-1.851851851851849,-0.08000000000000007,0.012915765456257144,2.7777777777777595,35462123213.0
2025-09-15,4.25,4.19,4.27,4.16,563272583.0,2449864175.0,-1.1792452830188593,-0.04999999999999982,0.015883780551343606,2.594339622641496,35462123213.0
2025-09-16,4.22,4.13,4.28,4.1,987805250.0,4115485527.0,-1.4319809069212486,-0.0600000000000005,0.02785522017581514,4.295942720763738,35462123213.0
2025-09-17,4.13,4.09,4.14,4.08,412626029.0,1697920758.0,-0.9685230024213065,-0.040000000000000036,0.01163568313497755,1.4527845036319518,35462123213.0
2025-09-18,4.11,4.03,4.11,4.01,505778734.0,2052839091.0,-1.4669926650366705,-0.05999999999999961,0.014262505687042095,2.4449877750611377,35462123213.0
2025-09-19,4.03,4.05,4.11,4.02,611994649.0,2479801171.0,0.4962779156327368,0.019999999999999574,0.017257699019432936,2.233250620347413,35462123213.0
2025-09-22,4.05,4.04,4.06,4.02,234090036.0,945563952.0,-0.24691358024691024,-0.009999999999999787,0.006601128606822541,0.9876543209876552,35462123213.0
2025-09-23,4.04,4.09,4.12,4.01,490478609.0,2000393915.0,1.2376237623762387,0.04999999999999982,0.013831055914333867,2.7227722772277305,35462123213.0
2025-09-24,4.08,4.08,4.13,4.06,323678289.0,1324004952.0,-0.24449877750610804,-0.009999999999999787,0.009127436816342214,1.711491442542794,35462123213.0
2025-09-25,4.08,4.06,4.08,4.01,262098091.0,1060477741.0,-0.4901960784313819,-0.020000000000000462,0.007390930583195253,1.715686274509811,35462123213.0
2025-09-26,4.05,4.05,4.07,4.01,199470274.0,806769358.0,-0.24630541871920597,-0.009999999999999787,0.005624882435885185,1.4778325123152833,35462123213.0
2025-09-29,4.05,4.01,4.08,3.99,527354679.0,2121867354.0,-0.987654320987652,-0.040000000000000036,0.014870927942822045,2.2222222222222188,35462123213.0
2025-09-30,4.01,3.98,4.02,3.96,484729770.0,1925831870.0,-0.7481296758104716,-0.029999999999999805,0.013668943821793043,1.496259351620938,35462123213.0
2025-10-09,3.98,3.95,3.99,3.94,450932029.0,1785969822.0,-0.7537688442211032,-0.029999999999999805,0.01271587790419423,1.2562814070351824,35462123213.0
2025-10-10,3.95,3.95,4.04,3.94,881389106.0,3500089854.0,0.0,0.0,0.024854380565597186,2.531645569620255,35462123213.0
2025-10-13,3.93,3.96,3.97,3.87,510466502.0,2003680611.0,0.25316455696202667,0.009999999999999787,0.014394696531110944,2.531645569620255,35462123213.0
2025-10-14,3.94,4.02,4.04,3.93,605887376.0,2426478458.0,1.5151515151515138,0.05999999999999961,0.017085479410265225,2.7777777777777746,35462123213.0
2025-10-15,4.02,4.03,4.05,3.99,396400400.0,1592314635.0,0.24875621890549926,0.010000000000000675,0.011178134981344947,1.4925373134328264,35462123213.0
2025-10-16,4.02,4.06,4.07,4.0,520669101.0,2101623637.0,0.7444168734491052,0.02999999999999936,0.01468240065245526,1.7369727047146473,35462123213.0
2025-10-17,4.06,4.01,4.08,4.0,464067279.0,1876242901.0,-1.231527093596052,-0.04999999999999982,0.013086280147768432,1.9704433497536966,35462123213.0
2025-10-20,4.01,4.06,4.06,3.97,406930204.0,1636516250.0,1.2468827930174564,0.04999999999999982,0.011475065989585873,2.244389027431407,35462123213.0
2025-10-21,4.04,4.02,4.07,4.01,548845099.0,2214774504.0,-0.9852216748768461,-0.040000000000000036,0.01547693847047488,1.4778325123152833,35462123213.0
2025-10-22,4.02,4.05,4.07,4.01,618126917.0,2496771189.0,0.7462686567164312,0.03000000000000025,0.017430623465134257,1.4925373134328483,35462123213.0
2025-10-23,4.05,4.16,4.17,4.04,910259191.0,3741812901.0,2.716049382716057,0.11000000000000032,0.02566849101314694,3.209876543209874,35462123213.0
2025-10-24,4.15,4.12,4.22,4.11,714507851.0,2968122935.0,-0.9615384615384581,-0.040000000000000036,0.02014847917335276,2.6442307692307554,35462123213.0
2025-10-27,4.11,4.09,4.13,4.06,541975888.0,2218625248.0,-0.728155339805836,-0.03000000000000025,0.01528323289456391,1.699029126213599,35462123213.0
2025-10-28,4.09,4.03,4.11,4.01,591988455.0,2391873241.0,-1.4669926650366705,-0.05999999999999961,0.01669354233090544,2.4449877750611377,35462123213.0
2025-10-29,4.02,3.97,4.03,3.96,520625421.0,2073356761.0,-1.488833746898266,-0.06000000000000005,0.014681168915716383,1.7369727047146473,35462123213.0
2025-10-30,3.97,3.95,3.99,3.95,431604468.0,1714054480.0,-0.5037783375314908,-0.020000000000000018,0.012170858056287471,1.0075566750629732,35462123213.0
2025-10-31,3.95,3.91,3.95,3.9,467807084.0,1833505830.0,-1.0126582278481067,-0.040000000000000036,0.013191739287299848,1.2658227848101333,35462123213.0
2025-11-03,3.91,3.97,3.98,3.9,429264482.0,1694065090.0,1.534526854219953,0.06000000000000005,0.012104872554349387,2.0460358056266004,35462123213.0
2025-11-04,3.97,4.05,4.06,3.96,599789905.0,2416668686.0,2.015113350125941,0.07999999999999963,0.016913536208687133,2.5188916876574217,35462123213.0
2025-11-05,4.06,4.03,4.07,4.02,328871729.0,1329680868.0,-0.49382716049382047,-0.019999999999999574,0.00927388715629524,1.2345679012345856,35462123213.0
2025-11-06,4.02,4.03,4.04,4.0,252598641.0,1016861672.0,0.0,0.0,0.007123054631635826,0.9925558312655095,35462123213.0
2025-11-07,4.03,4.03,4.06,4.01,247473228.0,997110986.0,0.0,0.0,0.006978522591937732,1.2406947890818814,35462123213.0
2025-11-10,4.02,4.04,4.05,4.01,319370063.0,1288754662.0,0.2481389578163684,0.009999999999999787,0.009005948715527633,0.9925558312655095,35462123213.0
2025-11-11,4.04,4.04,4.07,4.03,282727444.0,1144201628.0,0.0,0.0,0.007972659795405465,0.990099009900991,35462123213.0
2025-11-12,4.04,4.05,4.09,4.04,434255953.0,1766606273.0,0.24752475247524774,0.009999999999999787,0.012245627550039273,1.2376237623762332,35462123213.0
2025-11-13,4.06,4.04,4.07,4.01,381245626.0,1538264713.0,-0.24691358024691024,-0.009999999999999787,0.010750783976190118,1.4814814814814938,35462123213.0
2025-11-14,4.04,4.06,4.09,4.04,407069285.0,1657607132.0,0.4950495049504955,0.019999999999999574,0.011478987948774966,1.2376237623762332,35462123213.0
2025-11-17,4.06,4.1,4.12,4.02,522149155.0,2130063058.0,0.9852216748768461,0.040000000000000036,0.014724136844930543,2.4630541871921316,35462123213.0
2025-11-18,4.1,4.06,4.11,4.05,320148085.0,1304808312.0,-0.9756097560975618,-0.040000000000000036,0.00902788823661403,1.4634146341463536,35462123213.0
2025-11-19,4.05,4.09,4.11,4.05,313065317.0,1279655086.0,0.7389162561576512,0.03000000000000025,0.008828160545255618,1.4778325123152833,35462123213.0
2025-11-20,4.08,4.2,4.26,4.08,859043281.0,3597044512.0,2.689486552567244,0.11000000000000032,0.02422424838581252,4.400977995110018,35462123213.0
2025-11-21,4.19,4.11,4.24,4.11,559153254.0,2324312299.0,-2.1428571428571352,-0.08999999999999986,0.01576761917614174,3.0952380952380927,35462123213.0
2025-11-24,4.12,4.06,4.13,4.05,450933420.0,1841582095.0,-1.2165450121654708,-0.05000000000000071,0.012715917129143951,1.9464720194647216,35462123213.0
2025-11-25,4.06,4.13,4.14,4.05,411367082.0,1687297612.0,1.7241379310344973,0.07000000000000028,0.011600181961163499,2.216748768472903,35462123213.0
2025-11-26,4.13,4.1,4.16,4.08,326420993.0,1340568901.0,-0.7263922518159882,-0.03000000000000025,0.00920477860390316,1.9370460048426168,35462123213.0
2025-11-27,4.1,4.13,4.15,4.08,313263183.0,1289277857.0,0.7317073170731714,0.03000000000000025,0.008833740188606682,1.7073170731707388,35462123213.0
2025-11-28,4.13,4.09,4.13,4.08,324626010.0,1328354243.0,-0.9685230024213065,-0.040000000000000036,0.009154161696697164,1.2106537530266301,35462123213.0
2025-12-01,4.1,4.15,4.17,4.08,502292129.0,2075574612.0,1.4669926650366927,0.0600000000000005,0.014164186559925594,2.200488997555009,35462123213.0
2025-12-02,4.14,4.12,4.16,4.09,334821047.0,1379252007.0,-0.7228915662650715,-0.03000000000000025,0.009441652576438472,1.6867469879518138,35462123213.0
2025-12-03,4.11,4.06,4.14,4.06,384233694.0,1570832358.0,-1.456310679611661,-0.0600000000000005,0.010835044808009252,1.9417475728155356,35462123213.0
2025-12-04,4.06,4.03,4.07,4.02,336245441.0,1356346031.0,-0.7389162561576179,-0.02999999999999936,0.009481819206942927,1.2315270935960767,35462123213.0
2025-12-05,4.03,4.01,4.04,3.98,355183189.0,1420864213.0,-0.49627791563277013,-0.020000000000000462,0.010015846678627352,1.4888337468982642,35462123213.0
2025-12-08,4.0,4.0,4.03,3.99,318196658.0,1274835149.0,-0.24937655860348684,-0.009999999999999787,0.008972859749225416,0.9975062344139661,35462123213.0
2025-12-09,4.0,3.97,4.01,3.96,292993819.0,1166605721.0,-0.7499999999999951,-0.029999999999999805,0.008262162342625664,1.2499999999999956,35462123213.0
2025-12-10,3.97,3.93,3.98,3.9,450789783.0,1771462063.0,-1.0075566750629705,-0.040000000000000036,0.01271186669484995,2.0151133501259464,35462123213.0
2025-12-11,3.93,3.91,3.95,3.91,281236457.0,1105047667.0,-0.5089058524173073,-0.020000000000000018,0.007930615302157148,1.0178117048346065,35462123213.0
2025-12-12,3.91,3.9,3.93,3.89,311900828.0,1220498236.0,-0.2557544757033292,-0.010000000000000231,0.008795323002139387,1.0230179028133002,35462123213.0
2025-12-15,3.9,3.91,3.93,3.9,272600999.0,1067064234.0,0.2564102564102555,0.010000000000000231,0.007687103148411251,0.7692307692307756,35462123213.0
2025-12-16,3.91,3.89,3.92,3.87,337252417.0,1311868369.0,-0.5115089514066473,-0.020000000000000018,0.009510215025037395,1.2787723785166194,35462123213.0
2025-12-17,3.88,3.91,3.92,3.87,236187658.0,919598474.0,0.5141388174807249,0.020000000000000018,0.006660279661805934,1.2853470437017949,35462123213.0
2025-12-18,3.9,3.93,3.94,3.89,280196144.0,1098601754.0,0.5115089514066584,0.020000000000000018,0.00790127941062715,1.2787723785166194,35462123213.0
2025-12-19,3.92,3.91,3.93,3.9,289362950.0,1132254227.0,-0.5089058524173073,-0.020000000000000018,0.00815977510037873,0.7633587786259605,35462123213.0
2025-12-22,3.9,3.88,3.91,3.87,356791757.0,1386479385.0,-0.7672634271099765,-0.03000000000000025,0.010061206850389722,1.0230179028133002,35462123213.0
2025-12-23,3.89,3.83,3.89,3.82,440663652.0,1697976212.0,-1.2886597938144284,-0.04999999999999982,0.012426318902373501,1.8041237113402135,35462123213.0
2025-12-24,3.83,3.82,3.83,3.78,289777532.0,1103592845.0,-0.26109660574412663,-0.010000000000000231,0.008171465940137812,1.3054830287206336,35462123213.0
2025-12-25,3.82,3.86,3.87,3.81,226741657.0,873488417.0,1.0471204188481575,0.040000000000000036,0.006393910924004662,1.5706806282722525,35462123213.0
2025-12-26,3.86,3.86,3.88,3.85,146563099.0,566065976.0,0.0,0.0,0.004132947655719375,0.7772020725388551,35462123213.0
2025-12-29,3.86,3.86,3.88,3.84,246165306.0,949424203.0,0.0,0.0,0.006941640367144139,1.0362694300518145,35462123213.0
2025-12-30,3.86,3.83,3.87,3.82,223200053.0,855606102.0,-0.7772020725388518,-0.029999999999999805,0.0062940408745232,1.2953367875647739,35462123213.0
2025-12-31,3.83,3.83,3.85,3.81,232459873.0,890101516.0,0.0,0.0,0.006555159475470519,1.044386422976502,35462123213.0
2026-01-05,3.83,3.85,3.86,3.82,221269562.0,850244880.0,0.5221932114882533,0.020000000000000018,0.006239602763516572,1.044386422976502,35462123213.0
2026-01-06,3.85,3.87,3.88,3.84,314677021.0,1214673730.0,0.5194805194805197,0.020000000000000018,0.00887360914939924,1.0389610389610398,35462123213.0
2026-01-07,3.86,3.85,3.88,3.84,241096798.0,928924269.0,-0.5167958656330796,-0.020000000000000018,0.006798712997297825,1.0335917312661507,35462123213.0
2026-01-08,3.84,3.83,3.85,3.81,242427888.0,927268771.0,-0.5194805194805197,-0.020000000000000018,0.006836248538867204,1.0389610389610398,35462123213.0
2026-01-09,3.82,3.82,3.83,3.81,210137144.0,803001626.0,-0.26109660574412663,-0.010000000000000231,0.005925678582126357,0.522193211488251,35462123213.0
2026-01-12,3.82,3.84,3.85,3.81,296852454.0,1135829809.0,0.5235602094240788,0.020000000000000018,0.008370972381348485,1.0471204188481684,35462123213.0
2026-01-13,3.84,3.87,3.89,3.83,388861720.0,1504071979.0,0.78125,0.03000000000000025,0.010965550981376316,1.5625000000000013,35462123213.0
2026-01-14,3.86,3.81,3.87,3.81,427554304.0,1640135530.0,-1.5503875968992276,-0.06000000000000005,0.012056647071917668,1.5503875968992262,35462123213.0
2026-01-15,3.81,3.79,3.83,3.78,293927761.0,1117440910.0,-0.5249343832021025,-0.020000000000000018,0.008288498667565666,1.3123359580052563,35462123213.0
2026-01-16,3.8,3.76,3.81,3.75,340709228.0,1284590206.0,-0.7915567282322011,-0.03000000000000025,0.009607693988133796,1.5831134564643814,35462123213.0
2026-01-19,3.75,3.75,3.76,3.74,191564098.0,718209135.0,-0.26595744680850686,-0.009999999999999787,0.005401935379034915,0.5319148936170099,35462123213.0
2026-01-20,3.75,3.8,3.8,3.74,307329741.0,1159652185.0,1.3333333333333197,0.04999999999999982,0.008666422457393541,1.5999999999999897,35462123213.0
2026-01-21,3.79,3.76,3.81,3.76,276701975.0,1044805625.0,-1.0526315789473717,-0.040000000000000036,0.007802746985509437,1.3157894736842175,35462123213.0
2026-01-22,3.76,3.77,3.8,3.76,234587159.0,886870170.0,0.26595744680850686,0.010000000000000231,0.006615147028590862,1.0638297872340436,35462123213.0
2026-01-23,3.78,3.76,3.79,3.75,244765920.0,922204141.0,-0.2652519893899252,-0.010000000000000231,0.006902178939761612,1.0610079575596827,35462123213.0
2026-01-26,3.76,3.76,3.79,3.75,324312881.0,1221058806.0,0.0,0.0,0.00914533174034855,1.0638297872340436,35462123213.0
2026-01-27,3.76,3.74,3.77,3.73,285133861.0,1070279282.0,-0.5319148936170137,-0.019999999999999574,0.008040518591833025,1.0638297872340436,35462123213.0
2026-01-28,3.73,3.73,3.77,3.73,368385933.0,1379580924.0,-0.2673796791443861,-0.010000000000000231,0.010388152192335569,1.0695187165775408,35462123213.0
2026-01-29,3.74,3.81,3.81,3.7,570445100.0,2145550973.0,2.144772117962468,0.08000000000000007,0.01608603908383245,2.949061662198388,35462123213.0
2026-01-30,3.8,3.75,3.82,3.75,345647879.0,1308649708.0,-1.5748031496062964,-0.06000000000000005,0.009746959507300158,1.8372703412073448,35462123213.0
2026-02-02,3.75,3.75,3.81,3.75,361765160.0,1368095091.0,0.0,0.0,0.010201452344719763,1.6000000000000014,35462123213.0
2026-02-03,3.76,3.73,3.77,3.72,280925392.0,1048317549.0,-0.5333333333333301,-0.020000000000000018,0.007921843548753338,1.3333333333333286,35462123213.0
2026-02-04,3.73,3.79,3.8,3.73,371454407.0,1401073801.0,1.608579088471851,0.06000000000000005,0.010474680401082955,1.8766756032171539,35462123213.0
2026-02-05,3.79,3.84,3.86,3.79,502433849.0,1923400263.0,1.319261213720302,0.04999999999999982,0.01416818293654266,1.8469656992084391,35462123213.0
2026-02-06,3.84,3.88,3.89,3.81,484244279.0,1869581886.0,1.041666666666674,0.040000000000000036,0.01365525341196947,2.0833333333333353,35462123213.0
2026-02-09,3.87,3.93,3.94,3.86,402783228.0,1576946734.0,1.2886597938144506,0.050000000000000266,0.011358124993834108,2.061855670103095,35462123213.0
2026-02-10,3.93,3.97,3.98,3.92,391742355.0,1550937241.0,1.0178117048346147,0.040000000000000036,0.011046782299160018,1.5267175572519098,35462123213.0
2026-02-11,3.97,4.0,4.02,3.95,342484705.0,1365763350.0,0.7556675062972307,0.029999999999999805,0.009657760843672472,1.7632241813601863,35462123213.0
2026-02-12,4.0,3.94,4.01,3.92,350204672.0,1383557735.0,-1.5000000000000013,-0.06000000000000005,0.009875456974093956,2.2499999999999964,35462123213.0
2026-02-13,3.93,3.93,3.97,3.92,226611377.0,893357529.0,-0.25380710659898,-0.009999999999999787,0.006390237145104919,1.2690355329949305,35462123213.0
2026-02-24,3.95,3.9,3.95,3.89,229877433.0,899003945.0,-0.7633587786259555,-0.03000000000000025,0.006482336988658638,1.5267175572519098,35462123213.0
2026-02-25,3.9,3.89,3.94,3.88,279289988.0,1091765947.0,-0.2564102564102555,-0.009999999999999787,0.00787572662591211,1.5384615384615399,35462123213.0
2026-02-26,3.9,3.88,3.93,3.86,245538502.0,955478069.0,-0.25706940874036244,-0.010000000000000231,0.006923965057737672,1.7994858611825266,35462123213.0
2026-02-27,3.88,3.88,3.91,3.88,195452234.0,760640942.0,0.0,0.0,0.005511577319441198,0.7731958762886663,35462123213.0
2026-03-02,3.87,3.95,3.96,3.85,409141315.0,1603318330.0,1.804123711340222,0.07000000000000028,0.011537417332361351,2.8350515463917496,35462123213.0
2026-03-03,3.94,3.92,3.97,3.91,350578388.0,1380067811.0,-0.75949367088608,-0.03000000000000025,0.009885995429384838,1.5189873417721533,35462123213.0
2026-03-04,3.91,3.84,3.92,3.81,390409868.0,1501200949.0,-2.0408163265306145,-0.08000000000000007,0.011009207363446313,2.806122448979589,35462123213.0
2026-03-05,3.84,3.88,3.89,3.83,232534131.0,898957947.0,1.041666666666674,0.040000000000000036,0.006557253484324811,1.5625000000000013,35462123213.0
2026-03-06,3.87,3.88,3.88,3.84,223049551.0,860633342.0,0.0,0.0,0.006289796853399704,1.0309278350515474,35462123213.0
2026-03-09,3.86,3.88,3.9,3.84,313339907.0,1215623964.0,0.0,0.0,0.008835903736444446,1.546391752577321,35462123213.0
2026-03-10,3.88,3.94,3.95,3.87,347527135.0,1363452279.0,1.546391752577314,0.06000000000000005,0.00979995283735861,2.061855670103095,35462123213.0
2026-03-11,3.93,3.97,3.98,3.91,284964579.0,1127076055.0,0.761421319796951,0.03000000000000025,0.008035744991589655,1.7766497461928894,35462123213.0
2026-03-12,3.97,3.99,4.01,3.96,341529079.0,1362434338.0,0.5037783375314797,0.020000000000000018,0.009630813049422812,1.2594458438287108,35462123213.0
2026-03-13,3.99,3.96,4.02,3.95,339090133.0,1350436516.0,-0.7518796992481258,-0.03000000000000025,0.009562036964433465,1.7543859649122653,35462123213.0
2026-03-16,3.96,3.93,3.97,3.91,241961018.0,951834389.0,-0.7575757575757569,-0.029999999999999805,0.00682308322450642,1.5151515151515165,35462123213.0
2026-03-17,3.93,3.92,3.96,3.92,225563899.0,888805665.0,-0.2544529262086592,-0.010000000000000231,0.006360699207015075,1.0178117048346065,35462123213.0
2026-03-18,3.92,3.91,3.92,3.88,282698099.0,1101887548.0,-0.25510204081632404,-0.009999999999999787,0.007971832292781787,1.020408163265307,35462123213.0
2026-03-19,3.9,3.86,3.92,3.86,203002828.0,788626873.0,-1.278772378516635,-0.050000000000000266,0.005724497283501106,1.5345268542199502,35462123213.0
2026-03-20,3.86,3.83,3.89,3.83,201834050.0,778946621.0,-0.7772020725388518,-0.029999999999999805,0.0056915387944399785,1.5544041450777215,35462123213.0
2026-03-23,3.81,3.72,3.82,3.71,356050382.0,1336837744.0,-2.8720626631853707,-0.10999999999999988,0.01004030074176371,2.872062663185375,35462123213.0
2026-03-24,3.74,3.81,3.81,3.74,270288102.0,1021681371.0,2.4193548387096753,0.08999999999999986,0.007621881531924618,1.8817204301075225,35462123213.0
2026-03-25,3.81,3.88,3.88,3.78,229783547.0,882047827.0,1.8372703412073532,0.06999999999999984,0.006479689487846684,2.624671916010501,35462123213.0
2026-03-26,3.87,3.84,3.89,3.83,158081162.0,609744598.0,-1.0309278350515427,-0.040000000000000036,0.004457746679478269,1.546391752577321,35462123213.0
2026-03-27,3.83,3.83,3.86,3.82,153241258.0,588113365.0,-0.26041666666666297,-0.009999999999999787,0.004321265736954621,1.0416666666666676,35462123213.0
2026-03-30,3.81,3.85,3.86,3.8,158911481.0,609571824.0,0.5221932114882533,0.020000000000000018,0.004481160928958278,1.5665796344647531,35462123213.0
2026-03-31,3.84,3.79,3.87,3.79,295933760.0,1131742211.0,-1.558441558441559,-0.06000000000000005,0.008345066036303042,2.0779220779220795,35462123213.0
2026-04-01,3.81,3.78,3.82,3.76,269083583.0,1018300027.0,-0.26385224274406704,-0.010000000000000231,0.007587915178788762,1.5831134564643814,35462123213.0
2026-04-02,3.78,3.76,3.78,3.74,196618704.0,739283633.0,-0.5291005291005346,-0.020000000000000018,0.0055444707249768365,1.0582010582010475,35462123213.0
2026-04-03,3.76,3.73,3.76,3.72,194566533.0,726716642.0,-0.7978723404255317,-0.029999999999999805,0.005486601347340483,1.0638297872340319,35462123213.0
2026-04-07,3.73,3.69,3.73,3.68,260703145.0,965166091.0,-1.072386058981234,-0.040000000000000036,0.007351594359821898,1.3404825737265367,35462123213.0
2026-04-08,3.71,3.75,3.75,3.7,200909889.0,748571692.0,1.6260162601626105,0.06000000000000005,0.005665478284908467,1.3550135501354965,35462123213.0
2026-04-09,3.74,3.7,3.74,3.7,136805881.0,508038914.0,-1.3333333333333308,-0.04999999999999982,0.0038578028782509156,1.0666666666666678,35462123213.0
2026-04-10,3.71,3.72,3.73,3.7,124958801.0,464290366.0,0.540540540540535,0.020000000000000018,0.0035237258708241013,0.8108108108108055,35462123213.0
2026-04-13,3.7,3.7,3.71,3.69,97812006.0,361968308.0,-0.5376344086021501,-0.020000000000000018,0.0027582106523205375,0.5376344086021511,35462123213.0
2026-04-14,3.7,3.72,3.73,3.7,129684636.0,481560223.0,0.540540540540535,0.020000000000000018,0.0036569901700769887,0.8108108108108055,35462123213.0
2026-04-15,3.73,3.73,3.74,3.72,150492360.0,561281745.0,0.26881720430107503,0.009999999999999787,0.004243749284161058,0.5376344086021511,35462123213.0
2026-04-16,3.73,3.72,3.74,3.71,132206889.0,491770602.0,-0.2680965147452974,-0.009999999999999787,0.0037281154375870674,0.8042895442359316,35462123213.0
2026-04-17,3.71,3.71,3.72,3.7,138984967.0,515648544.0,-0.26881720430108613,-0.010000000000000231,0.003919251144811593,0.5376344086021511,35462123213.0
2026-04-20,3.71,3.71,3.72,3.7,125456018.0,465899705.0,0.0,0.0,0.003537746943307932,0.539083557951483,35462123213.0
2026-04-21,3.71,3.74,3.75,3.71,184562489.0,689568946.0,0.8086253369272267,0.03000000000000025,0.005204496298527934,1.078167115902966,35462123213.0
2026-04-22,3.73,3.74,3.77,3.72,254974245.0,953958265.0,0.0,0.0,0.007190044529159197,1.3368983957219203,35462123213.0
2026-04-23,3.74,3.74,3.75,3.73,141333934.0,528536834.0,0.0,0.0,0.003985489902877237,0.5347593582887704,35462123213.0
2026-04-24,3.73,3.75,3.75,3.72,170512867.0,637650189.0,0.2673796791443861,0.009999999999999787,0.004808309586423522,0.8021390374331497,35462123213.0
2026-04-27,3.74,3.74,3.77,3.74,149583396.0,561508889.0,-0.2666666666666595,-0.009999999999999787,0.004218117316369948,0.7999999999999948,35462123213.0
2026-04-28,3.74,3.73,3.75,3.72,111342227.0,414985007.0,-0.2673796791443861,-0.010000000000000231,0.0031397507230808796,0.8021390374331497,35462123213.0
2026-04-29,3.72,3.74,3.74,3.72,139617581.0,520871871.0,0.2680965147453085,0.010000000000000231,0.003937090290995826,0.5361930294906171,35462123213.0
2026-04-30,3.72,3.7,3.73,3.7,206632270.0,766285150.0,-1.0695187165775444,-0.040000000000000036,0.005826844285630676,0.8021390374331497,35462123213.0
2026-05-06,3.7,3.69,3.71,3.68,190192846.0,702454235.0,-0.2702702702702786,-0.010000000000000231,0.005363267305164557,0.8108108108108055,35462123213.0
2026-05-07,3.69,3.69,3.7,3.69,123025375.0,454408252.0,0.0,0.0,0.0034692049954555553,0.2710027100271065,35462123213.0
2026-05-08,3.69,3.69,3.71,3.69,117537892.0,434321925.0,0.0,0.0,0.0033144629071987426,0.542005420054201,35462123213.0
2026-05-11,3.69,3.69,3.7,3.68,176100135.0,649153382.0,0.0,0.0,0.004965865521990058,0.542005420054201,35462123213.0
2026-05-12,3.69,3.68,3.7,3.68,117535310.0,433091889.0,-0.27100271002709064,-0.009999999999999787,0.0033143900971195355,0.542005420054201,35462123213.0
2026-05-13,3.68,3.65,3.69,3.65,170687654.0,625557054.0,-0.815217391304357,-0.03000000000000025,0.004813238422718804,1.0869565217391313,35462123213.0
2026-05-14,3.65,3.64,3.66,3.63,224035735.0,816692468.0,-0.2739726027397249,-0.009999999999999787,0.006317606355782756,0.8219178082191849,35462123213.0
2026-05-15,3.64,3.61,3.65,3.61,184342297.0,668416148.0,-0.8241758241758323,-0.03000000000000025,0.005198287082044266,1.0989010989010999,35462123213.0
2026-05-18,3.61,3.57,3.61,3.54,243343654.0,868093571.0,-1.1080332409972304,-0.040000000000000036,0.006862072316944436,1.939058171745148,35462123213.0
2026-05-19,3.56,3.58,3.58,3.55,152245801.0,542981818.0,0.2801120448179262,0.010000000000000231,0.004293194744306468,0.8403361344537886,35462123213.0
2026-05-20,3.58,3.56,3.58,3.55,122472736.0,436853549.0,-0.5586592178770999,-0.020000000000000018,0.0034536210723869723,0.8379888268156493,35462123213.0
2026-05-21,3.56,3.53,3.58,3.52,162529342.0,577936649.0,-0.8426966292134908,-0.03000000000000025,0.00458318135729726,1.6853932584269677,35462123213.0
2026-05-22,3.53,3.52,3.54,3.5,147799295.0,520010232.0,-0.28328611898016387,-0.009999999999999787,0.004167807271782827,1.133144475920681,35462123213.0
2026-05-25,3.52,3.52,3.55,3.51,120460848.0,425123810.0,0.0,0.0,0.003396887639142838,1.1363636363636374,35462123213.0
2026-05-26,3.51,3.52,3.54,3.51,119861429.0,421956266.0,0.0,0.0,0.0033799845621217683,0.8522727272727343,35462123213.0
2026-05-27,3.52,3.49,3.55,3.49,215493666.0,758341329.0,-0.8522727272727182,-0.029999999999999805,0.006076727687895533,1.7045454545454433,35462123213.0
2026-05-28,3.49,3.48,3.51,3.47,132132974.0,460928711.0,-0.2865329512894088,-0.010000000000000231,0.0037260311010244756,1.1461318051575813,35462123213.0
2026-05-29,3.48,3.55,3.55,3.46,262175637.0,920738767.0,2.011494252873569,0.06999999999999984,0.007393117310694174,2.5862068965517198,35462123213.0
2026-06-01,3.54,3.59,3.59,3.53,218597798.0,776661150.0,1.1267605633802802,0.040000000000000036,0.0061642614201922515,1.690140845070424,35462123213.0
2026-06-02,3.58,3.59,3.64,3.57,202676045.0,730732215.0,0.0,0.0,0.0057152822966251874,1.9498607242339914,35462123213.0
2026-06-03,3.59,3.54,3.6,3.53,259355514.0,921115281.0,-1.392757660167121,-0.04999999999999982,0.007313592376920153,1.9498607242339914,35462123213.0
2026-06-04,3.53,3.5,3.55,3.48,192730356.0,676441182.0,-1.1299435028248594,-0.040000000000000036,0.005434822806361106,1.9774011299434981,35462123213.0
2026-06-05,3.5,3.57,3.59,3.5,231081986.0,822020504.0,2.0000000000000018,0.06999999999999984,0.006516304300563934,2.571428571428567,35462123213.0
2026-06-08,3.56,3.55,3.59,3.53,223160872.0,794473590.0,-0.5602240896358524,-0.020000000000000018,0.006292936005540465,1.6806722689075646,35462123213.0
2026-06-09,3.54,3.54,3.59,3.53,229025012.0,813799222.0,-0.28169014084505895,-0.009999999999999787,0.006458299482644685,1.690140845070424,35462123213.0
2026-06-10,3.55,3.6,3.6,3.53,242527977.0,867665141.0,1.6949152542372836,0.06000000000000005,0.006839070958703682,1.977401129943511,35462123213.0
2026-06-11,3.59,3.57,3.6,3.56,204035855.0,729807145.0,-0.8333333333333415,-0.03000000000000025,0.005753627716380018,1.111111111111112,35462123213.0
2026-06-12,3.56,3.63,3.63,3.55,253345549.0,912227152.0,1.680672268907557,0.06000000000000005,0.007144116765888582,2.2408963585434196,35462123213.0
2026-06-15,3.63,3.63,3.65,3.59,299900442.0,1084757141.0,0.0,0.0,0.00845692290330941,1.6528925619834725,35462123213.0
2026-06-16,3.62,3.59,3.64,3.58,187445731.0,676265785.0,-1.1019283746556474,-0.040000000000000036,0.005285801131368372,1.6528925619834725,35462123213.0
2026-06-17,3.6,3.56,3.61,3.54,211850879.0,754494202.0,-0.835654596100277,-0.029999999999999805,0.005974004368760919,1.9498607242339787,35462123213.0
2026-06-18,3.55,3.48,3.56,3.47,301141869.0,1054238116.0,-2.2471910112359605,-0.08000000000000007,0.008491930028871055,2.5280898876404456,35462123213.0
2026-06-22,3.48,3.49,3.51,3.43,293315359.0,1017847887.0,0.287356321839094,0.010000000000000231,0.008271229481614175,2.298850574712633,35462123213.0
2026-06-23,3.49,3.49,3.55,3.48,324033941.0,1136495954.0,0.0,0.0,0.009137465883069656,2.005730659025783,35462123213.0
