date,open,close,high,low,volume,amount,pct_chg,change,turnover,amplitude,outstanding_share
2023-06-26,12.28,12.03,12.45,11.99,6862099.0,87105814.0,,,0.013368593415156829,,513300000.0
2023-06-27,12.03,12.51,12.63,12.03,8560244.0,110604466.0,3.990024937655856,0.4800000000000004,0.016676882914474965,4.987531172069837,513300000.0
2023-06-28,12.47,12.34,12.54,12.2,5453650.0,69829645.0,-1.3589128697042319,-0.16999999999999993,0.010624683421001363,2.717825739408472,513300000.0
2023-06-29,12.38,12.26,12.43,12.21,3874500.0,49503707.0,-0.648298217179899,-0.08000000000000007,0.007548217416715371,1.7828200972447232,513300000.0
2023-06-30,12.27,12.3,12.43,12.12,3982000.0,51027249.0,0.32626427406199365,0.040000000000000924,0.007757646600428599,2.5285481239804284,513300000.0
2023-07-03,12.28,12.88,13.03,12.22,14130543.0,187233864.0,4.7154471544715415,0.5800000000000001,0.027528819403857395,6.585365853658526,513300000.0
2023-07-04,12.88,12.91,13.02,12.71,6250985.0,83807186.0,0.23291925465838137,0.02999999999999936,0.012178034287940776,2.406832298136636,513300000.0
2023-07-05,12.88,12.85,12.99,12.83,4101192.0,55038754.0,-0.4647560030983766,-0.0600000000000005,0.007989853886616015,1.2393493415956633,513300000.0
2023-07-06,12.85,12.71,13.06,12.69,3947201.0,52576113.0,-1.0894941634241206,-0.1399999999999988,0.0076898519384375605,2.8793774319066228,513300000.0
2023-07-07,12.75,12.83,12.95,12.65,3890483.0,51915674.0,0.944138473642786,0.11999999999999922,0.0075793551529320085,2.360346184106994,513300000.0
2023-07-10,12.9,12.98,13.0,12.78,4742451.0,63839989.0,1.1691348402182333,0.15000000000000036,0.009239140853302163,1.7147310989867548,513300000.0
2023-07-11,13.0,12.83,13.0,12.74,4406140.0,58811208.0,-1.1556240369799742,-0.15000000000000036,0.008583947009546074,2.0030816640986115,513300000.0
2023-07-12,12.84,12.85,12.93,12.8,4050401.0,54240372.0,0.1558846453624252,0.019999999999999574,0.00789090395480226,1.013250194855799,513300000.0
2023-07-13,12.93,12.82,12.94,12.61,5621300.0,74565438.0,-0.23346303501945442,-0.02999999999999936,0.010951295538671342,2.5680933852140084,513300000.0
2023-07-14,13.07,12.86,13.07,12.71,8081623.0,108084239.0,0.31201248049921304,0.03999999999999915,0.015744443795051626,2.808112324492975,513300000.0
2023-07-17,12.85,12.95,13.15,12.75,10013750.0,135311928.0,0.6998444790046632,0.08999999999999986,0.019508571985193842,3.110419906687406,513300000.0
2023-07-18,12.96,13.0,13.12,12.9,5811500.0,78777182.0,0.38610038610038533,0.05000000000000071,0.01132183908045977,1.6988416988416903,513300000.0
2023-07-19,12.87,12.82,13.02,12.71,5407300.0,72160549.0,-1.3846153846153841,-0.17999999999999972,0.010534385349698033,2.384615384615375,513300000.0
2023-07-20,12.96,12.82,12.99,12.8,6121120.0,82245925.0,0.0,0.0,0.01192503409312293,1.4820592823712908,513300000.0
2023-07-21,12.81,12.77,12.93,12.64,5726300.0,76057222.0,-0.3900156006240274,-0.05000000000000071,0.011155854276251705,2.262090483619338,513300000.0
2023-07-24,12.73,12.8,12.92,12.67,3357825.0,44768406.0,0.2349256068911565,0.030000000000001137,0.006541642314436003,1.957713390759593,513300000.0
2023-07-25,12.93,12.97,13.0,12.86,5689664.0,76487173.0,1.3281249999999911,0.16999999999999993,0.011084480810442237,1.0937500000000044,513300000.0
2023-07-26,12.96,12.93,13.11,12.83,4785400.0,64441855.0,-0.30840400925212785,-0.040000000000000924,0.009322813169686344,2.1588280647648372,513300000.0
2023-07-27,12.89,12.95,13.1,12.83,4828200.0,65128117.0,0.15467904098993568,0.019999999999999574,0.009406195207481005,2.088167053364266,513300000.0
2023-07-28,12.88,13.02,13.09,12.78,6291496.0,84810427.0,0.540540540540535,0.07000000000000028,0.012256956945256185,2.393822393822398,513300000.0
2023-07-31,13.12,13.26,13.29,12.99,12284331.0,168492818.0,1.8433179723502224,0.2400000000000002,0.02393206896551724,2.30414746543778,513300000.0
2023-08-01,13.24,12.98,13.32,12.93,9996518.0,136204294.0,-2.111613876319751,-0.27999999999999936,0.019475000974089225,2.94117647058824,513300000.0
2023-08-02,12.95,12.79,12.98,12.78,7364600.0,98443881.0,-1.4637904468413065,-0.19000000000000128,0.014347555036041302,1.5408320493066336,513300000.0
2023-08-03,12.79,12.77,12.87,12.7,4715868.0,62637779.0,-0.15637216575449253,-0.019999999999999574,0.009187352425482175,1.3291634089132132,513300000.0
2023-08-04,12.8,12.83,13.03,12.72,6089015.0,81298198.0,0.469851213782313,0.0600000000000005,0.011862487823884669,2.4275646045418853,513300000.0
2023-08-07,12.95,12.82,12.95,12.73,3964135.0,52852034.0,-0.0779423226812126,-0.009999999999999787,0.007722842392363141,1.714731098986741,513300000.0
2023-08-08,12.78,12.9,12.95,12.77,4902931.0,65709517.0,0.6240249609984483,0.08000000000000007,0.009551784531463083,1.4040561622464875,513300000.0
2023-08-09,12.85,12.53,12.85,12.52,7367399.0,96849550.0,-2.8682170542635776,-0.370000000000001,0.014353007987531658,2.558139534883721,513300000.0
2023-08-10,12.52,12.71,12.75,12.52,4491740.0,59146381.0,1.4365522745411141,0.1800000000000015,0.008750711085135398,1.835594573024744,513300000.0
2023-08-11,12.71,12.65,13.1,12.64,7498400.0,100279111.0,-0.4720692368214041,-0.0600000000000005,0.014608221313072278,3.619197482297396,513300000.0
2023-08-14,12.52,12.89,12.95,12.47,7380719.0,98539608.0,1.897233201581039,0.2400000000000002,0.014378957724527566,3.7944664031620445,513300000.0
2023-08-15,12.91,12.7,12.92,12.63,5515649.0,73284466.0,-1.4740108611326685,-0.19000000000000128,0.010745468536917982,2.249806051202476,513300000.0
2023-08-16,12.64,12.46,12.69,12.45,5040122.0,65663320.0,-1.8897637795275424,-0.23999999999999844,0.009819057081628677,1.8897637795275608,513300000.0
2023-08-17,12.42,12.56,12.58,12.23,4137600.0,53595892.0,0.8025682182985605,0.09999999999999964,0.008060783167738166,2.8089887640449405,513300000.0
2023-08-18,12.56,12.36,12.61,12.35,3405500.0,44206127.0,-1.5923566878981,-0.20000000000000107,0.0066345217221897524,2.070063694267514,513300000.0
2023-08-21,12.41,12.25,12.56,12.15,5143474.0,65919400.0,-0.8899676375404453,-0.10999999999999943,0.010020405221118255,3.317152103559872,513300000.0
2023-08-22,12.29,12.25,12.34,11.99,5854400.0,73941103.0,0.0,0.0,0.011405415936099747,2.857142857142854,513300000.0
2023-08-23,12.19,12.06,12.23,12.06,3337613.0,42163796.0,-1.5510204081632617,-0.1899999999999995,0.006502265731541009,1.3877551020408159,513300000.0
2023-08-24,12.06,12.28,12.37,12.01,5294813.0,67263403.0,1.8242122719734466,0.21999999999999886,0.010315240600038963,2.985074626865667,513300000.0
2023-08-25,12.24,12.0,12.27,11.96,5723500.0,71968933.0,-2.280130293159599,-0.27999999999999936,0.011150399376582895,2.5244299674266997,513300000.0
2023-08-28,12.54,12.21,12.66,12.21,11644600.0,150921432.0,1.750000000000007,0.21000000000000085,0.022685758815507502,3.7499999999999942,513300000.0
2023-08-29,12.17,12.32,12.38,12.16,8593255.0,109768101.0,0.9009009009008917,0.10999999999999943,0.01674119423339178,1.801801801801807,513300000.0
2023-08-30,12.28,12.12,12.35,12.08,6830405.0,86601899.0,-1.6233766233766267,-0.20000000000000107,0.013306847847262809,2.191558441558438,513300000.0
2023-08-31,12.13,11.79,12.16,11.79,8438526.0,104142156.0,-2.722772277227725,-0.33000000000000007,0.016439754529514905,3.0528052805280614,513300000.0
2023-09-01,11.82,12.1,12.16,11.81,8549145.0,106975850.0,2.62934690415606,0.3100000000000005,0.016655260081823494,2.9686174724342633,513300000.0
2023-09-04,12.11,12.36,12.37,12.11,6793684.0,86913217.0,2.148760330578514,0.2599999999999998,0.013235308786284823,2.1487603305785106,513300000.0
2023-09-05,12.33,12.37,12.47,12.29,6347785.0,81773436.0,0.08090614886731018,0.009999999999999787,0.012366617962205338,1.4563106796116627,513300000.0
2023-09-06,12.35,12.31,12.43,12.24,4574493.0,58616304.0,-0.48504446240904553,-0.05999999999999872,0.008911928696668615,1.535974130962001,513300000.0
2023-09-07,12.33,12.31,12.48,12.25,5800742.0,74652374.0,0.0,0.0,0.011300880576660823,1.8683996750609295,513300000.0
2023-09-08,12.31,12.34,12.34,12.11,4238591.0,53966836.0,0.2437043054427157,0.02999999999999936,0.008257531657899863,1.8683996750609295,513300000.0
2023-09-11,12.33,12.5,12.53,12.3,7667000.0,99320539.0,1.296596434359798,0.16000000000000014,0.014936684200272745,1.8638573743922096,513300000.0
2023-09-12,12.5,12.48,12.51,12.43,4282700.0,55618748.0,-0.15999999999999348,-0.019999999999999574,0.008343463861289695,0.6400000000000006,513300000.0
2023-09-13,12.52,12.39,12.54,12.28,4481708.0,57849759.0,-0.7211538461538436,-0.08999999999999986,0.008731166958893435,2.0833333333333313,513300000.0
2023-09-14,12.41,12.21,12.42,12.13,5257200.0,66920772.0,-1.4527845036319542,-0.17999999999999972,0.010241963763880771,2.340597255851486,513300000.0
2023-09-15,12.23,12.36,12.47,12.2,6890029.0,88515318.0,1.228501228501222,0.14999999999999858,0.013423006039353204,2.2113022113022223,513300000.0
2023-09-18,12.37,12.64,12.66,12.32,11286929.0,147072393.0,2.265372168284796,0.28000000000000114,0.021988951879992207,2.750809061488672,513300000.0
2023-09-19,12.57,12.38,12.61,12.32,8870188.0,114683220.0,-2.0569620253164556,-0.2599999999999998,0.017280709136956944,2.2943037974683476,513300000.0
2023-09-20,12.31,11.87,12.36,11.85,11844559.0,147372549.0,-4.119547657512124,-0.5100000000000016,0.023075314630820184,4.119547657512114,513300000.0
2023-09-21,11.85,11.62,11.87,11.53,8163875.0,98678289.0,-2.1061499578770015,-0.25,0.015904685369179817,2.86436394271272,513300000.0
2023-09-22,11.58,11.73,11.73,11.49,6199864.0,75134619.0,0.9466437177280573,0.11000000000000121,0.012078441457237483,2.065404475043031,513300000.0
2023-09-25,11.73,11.61,11.74,11.56,5240911.0,63222397.0,-1.0230179028133057,-0.120000000000001,0.010210229885057471,1.5345268542199464,513300000.0
2023-09-26,11.63,11.65,11.72,11.55,5971349.0,72277246.0,0.3445305770887197,0.040000000000000924,0.011633253458016754,1.464254952627045,513300000.0
2023-09-27,11.8,11.75,11.9,11.67,7276149.0,88961641.0,0.8583690987124415,0.09999999999999964,0.014175236703682058,1.9742489270386303,513300000.0
2023-09-28,11.74,11.92,11.93,11.68,9587612.0,117763972.0,1.4468085106382977,0.16999999999999993,0.018678379115526982,2.127659574468085,513300000.0
2023-10-09,11.69,11.32,11.72,11.27,11791508.0,139538126.0,-5.033557046979864,-0.5999999999999996,0.022971961815702317,3.7751677852349084,513300000.0
2023-10-10,11.33,11.18,11.42,11.14,5836209.0,68307385.0,-1.2367491166077826,-0.14000000000000057,0.011369976621858562,2.473498233215542,513300000.0
2023-10-11,11.18,11.11,11.21,11.05,4981279.0,57617973.0,-0.6261180679785316,-0.07000000000000028,0.009704420416910189,1.4311270125223625,513300000.0
2023-10-12,11.14,11.19,11.23,11.07,4081052.0,47365982.0,0.7200720072007227,0.08000000000000007,0.007950617572569648,1.4401440144014415,513300000.0
2023-10-13,11.15,10.94,11.15,10.91,5064570.0,57883305.0,-2.2341376228775744,-0.25,0.009866686148451199,2.144772117962469,513300000.0
2023-10-16,10.92,10.76,10.94,10.69,5033500.0,56547719.0,-1.645338208409508,-0.17999999999999972,0.009806156243911943,2.2851919561243146,513300000.0
2023-10-17,10.81,10.79,10.86,10.73,2849800.0,31997987.0,0.27881040892192566,0.02999999999999936,0.005551918955776349,1.2081784386617007,513300000.0
2023-10-18,10.75,10.57,10.77,10.54,4059143.0,44837973.0,-2.0389249304911816,-0.21999999999999886,0.007907934930839664,2.1316033364226175,513300000.0
2023-10-19,10.54,10.55,10.68,10.48,3452693.0,38047792.0,-0.18921475875117721,-0.019999999999999574,0.006726462107929087,1.892147587511819,513300000.0
2023-10-20,10.62,10.55,10.65,10.53,2487350.0,27393587.0,0.0,0.0,0.00484580167543347,1.1374407582938482,513300000.0
2023-10-23,10.52,10.31,10.57,10.26,3369260.0,36413577.0,-2.274881516587679,-0.2400000000000002,0.006563919735047731,2.9383886255924216,513300000.0
2023-10-24,10.31,10.49,10.52,10.31,3777900.0,41110794.0,1.745877788554795,0.17999999999999972,0.007360023378141438,2.036857419980592,513300000.0
2023-10-25,10.55,10.89,11.02,10.47,7104063.0,80007364.0,3.813155386081979,0.40000000000000036,0.013839982466393922,5.243088655862716,513300000.0
2023-10-26,10.78,10.95,10.96,10.75,3280032.0,37046810.0,0.550964187327807,0.05999999999999872,0.0063900876680303914,1.9283746556473906,513300000.0
2023-10-27,10.89,11.11,11.13,10.89,4653369.0,53499100.0,1.461187214611881,0.16000000000000014,0.009065593220338983,2.1917808219178103,513300000.0
2023-10-30,11.05,11.07,11.2,10.98,5280616.0,60931331.0,-0.36003600360035026,-0.03999999999999915,0.010287582310539646,1.9801980198019702,513300000.0
2023-10-31,11.13,10.98,11.14,10.87,4215605.0,48124342.0,-0.8130081300812941,-0.08999999999999986,0.008212750827975842,2.439024390243915,513300000.0
2023-11-01,10.95,10.93,11.03,10.88,3649490.0,41542620.0,-0.45537340619308253,-0.05000000000000071,0.007109857782972921,1.3661202185792218,513300000.0
2023-11-02,10.93,10.84,10.97,10.78,3179900.0,35922527.0,-0.8234217749313766,-0.08999999999999986,0.006195012663159945,1.7383348581884839,513300000.0
2023-11-03,10.84,10.85,10.91,10.79,2703125.0,30555867.0,0.09225092250921829,0.009999999999999787,0.005266169881161114,1.1070110701107103,513300000.0
2023-11-06,10.9,10.93,10.95,10.83,4404643.0,49916898.0,0.7373271889400845,0.08000000000000007,0.008581030586401714,1.1059907834101312,513300000.0
2023-11-07,10.9,10.83,10.92,10.69,3817303.0,42835288.0,-0.9149130832570851,-0.09999999999999964,0.0074367874537307616,2.1043000914913126,513300000.0
2023-11-08,10.79,10.8,10.91,10.75,2610100.0,29381824.0,-0.27700831024930483,-0.02999999999999936,0.005084940580557179,1.4773776546629747,513300000.0
2023-11-09,10.77,10.73,10.83,10.7,2794100.0,31256759.0,-0.6481481481481532,-0.07000000000000028,0.0054434054159361,1.2037037037037108,513300000.0
2023-11-10,10.7,10.66,10.73,10.6,2501588.0,27709043.0,-0.6523765144454852,-0.07000000000000028,0.004873539840249367,1.2115563839701844,513300000.0
2023-11-13,10.65,10.72,10.73,10.63,3019899.0,33562805.0,0.5628517823639712,0.0600000000000005,0.005883302162478083,0.9380863039399591,513300000.0
2023-11-14,10.7,10.74,10.77,10.69,2049300.0,22885302.0,0.1865671641791078,0.019999999999999574,0.003992402104032729,0.7462686567164185,513300000.0
2023-11-15,10.8,10.8,10.88,10.78,3471700.0,39112847.0,0.5586592178770999,0.0600000000000005,0.006763491135788038,0.9310986964618382,513300000.0
2023-11-16,10.81,10.84,10.9,10.77,3564800.0,40254190.0,0.37037037037035425,0.03999999999999915,0.006944866549775959,1.2037037037037108,513300000.0
2023-11-17,10.8,10.85,10.88,10.76,2539300.0,28603584.0,0.09225092250921829,0.009999999999999787,0.0049470095460744205,1.1070110701107103,513300000.0
2023-11-20,10.84,10.98,10.99,10.82,3696631.0,42036776.0,1.1981566820276512,0.13000000000000078,0.00720169686343269,1.5668202764976953,513300000.0
2023-11-21,10.98,11.01,11.08,10.97,3577830.0,41071043.0,0.2732240437158362,0.02999999999999936,0.006970251315020456,1.0018214936247671,513300000.0
2023-11-22,11.05,11.01,11.13,10.98,4062792.0,46737336.0,0.0,0.0,0.007915043834015196,1.362397820163491,513300000.0
2023-11-23,10.96,11.05,11.08,10.87,3029992.0,34662199.0,0.36330608537693543,0.040000000000000924,0.005902965127605689,1.9073569482288906,513300000.0
2023-11-24,11.05,11.05,11.14,11.01,2762800.0,31851635.0,0.0,0.0,0.00538242743035262,1.176470588235301,513300000.0
2023-11-27,11.14,11.18,11.19,10.95,5205008.0,60049154.0,1.17647058823529,0.129999999999999,0.01014028443405416,2.1719457013574677,513300000.0
2023-11-28,11.09,11.14,11.16,11.02,2719794.0,31414343.0,-0.3577817531305816,-0.03999999999999915,0.00529864406779661,1.2522361359570713,513300000.0
2023-11-29,11.09,10.98,11.14,10.95,3535650.0,40614919.0,-1.4362657091561926,-0.16000000000000014,0.006888077147866744,1.7055655296229915,513300000.0
2023-11-30,10.93,11.08,11.2,10.9,4442351.0,51168406.0,0.9107468123861429,0.09999999999999964,0.008654492499512955,2.73224043715846,513300000.0
2023-12-01,11.1,11.05,11.21,11.0,4144552.0,47804679.0,-0.27075812274367506,-0.02999999999999936,0.008074326904344438,1.895306859205784,513300000.0
2023-12-04,11.05,11.05,11.13,11.01,3464800.0,39861636.0,0.0,0.0,0.0067500487044613285,1.085972850678742,513300000.0
2023-12-05,11.05,10.83,11.07,10.82,4561650.0,51958323.0,-1.990950226244348,-0.22000000000000064,0.008886908240794857,2.262443438914027,513300000.0
2023-12-06,10.81,10.8,10.91,10.71,5876003.0,65894948.0,-0.27700831024930483,-0.02999999999999936,0.011447502435223066,1.84672206832871,513300000.0
2023-12-07,10.76,10.71,10.87,10.67,4885800.0,54588720.0,-0.8333333333333304,-0.08999999999999986,0.009518410286382232,1.8518518518518452,513300000.0
2023-12-08,10.69,10.62,10.74,10.53,5518309.0,61016687.0,-0.8403361344538007,-0.09000000000000163,0.010750650691603351,1.960784313725498,513300000.0
2023-12-11,10.53,10.65,10.67,10.44,4200423.0,46104957.0,0.28248587570622874,0.030000000000001137,0.008183173582700175,2.1657250470809837,513300000.0
2023-12-12,10.65,10.81,10.84,10.62,3922002.0,43899996.0,1.5023474178403662,0.16000000000000014,0.007640759789596727,2.0657276995305223,513300000.0
2023-12-13,10.79,10.72,10.89,10.71,3270459.0,36757477.0,-0.8325624421831601,-0.08999999999999986,0.006371437755698422,1.6651248843663247,513300000.0
2023-12-14,10.71,10.79,10.91,10.71,3410450.0,38423379.0,0.6529850746268551,0.06999999999999851,0.0066441652055328265,1.865671641791038,513300000.0
2023-12-15,10.8,10.8,10.94,10.76,4154600.0,46881974.0,0.0926784059314345,0.010000000000001563,0.008093902201441652,1.6682113067655209,513300000.0
2023-12-18,10.84,10.53,10.84,10.51,4236650.0,46831194.0,-2.5000000000000133,-0.27000000000000135,0.008253750243522307,3.0555555555555562,513300000.0
2023-12-19,10.49,10.67,10.79,10.49,5040870.0,56045628.0,1.3295346628680038,0.14000000000000057,0.00982051431911163,2.849002849002839,513300000.0
2023-12-20,10.65,10.38,10.68,10.37,5274873.0,57511898.0,-2.7179006560449803,-0.28999999999999915,0.010276393921683226,2.905342080599817,513300000.0
2023-12-21,10.33,10.48,10.49,10.3,3951023.0,42756271.0,0.963391136801528,0.09999999999999964,0.007697297876485486,1.8304431599229238,513300000.0
2023-12-22,10.43,10.28,10.5,10.22,4700400.0,50624987.0,-1.9083969465648942,-0.20000000000000107,0.009157218001168907,2.6717557251908333,513300000.0
2023-12-25,10.26,10.16,10.31,10.11,3067575.0,32461953.0,-1.1673151750972721,-0.11999999999999922,0.005976183518410286,1.9455252918288042,513300000.0
2023-12-26,10.15,9.99,10.24,9.98,3937400.0,41130595.0,-1.67322834645669,-0.16999999999999993,0.007670757841418274,2.559055118110234,513300000.0
2023-12-27,9.98,10.07,10.08,9.97,2767770.0,28878641.0,0.800800800800805,0.08000000000000007,0.005392109877264757,1.1011011011010954,513300000.0
2023-12-28,10.02,10.42,10.45,10.0,4565268.0,48763157.0,3.47567030784508,0.34999999999999964,0.00889395675043834,4.468718967229387,513300000.0
2023-12-29,10.39,10.46,10.49,10.38,2957600.0,32098448.0,0.38387715930903177,0.040000000000000924,0.005761932593025521,1.0556621880998027,513300000.0
2024-01-02,10.47,10.65,10.74,10.47,6806475.0,75206367.0,1.8164435946462776,0.1899999999999995,0.013260227936879018,2.5812619502868026,513300000.0
2024-01-03,10.6,10.93,10.97,10.54,8808811.0,99247840.0,2.6291079812206464,0.27999999999999936,0.017161135788038184,4.037558685446023,513300000.0
2024-01-04,10.93,11.06,11.09,10.84,7642052.0,87321697.0,1.1893870082342328,0.13000000000000078,0.014888081044223652,2.2872827081427265,513300000.0
2024-01-05,11.07,10.89,11.25,10.83,8066700.0,92711540.0,-1.5370705244122984,-0.16999999999999993,0.015715371127995325,3.797468354430379,513300000.0
2024-01-08,10.85,10.8,10.98,10.79,5549850.0,62777860.0,-0.8264462809917328,-0.08999999999999986,0.01081209818819404,1.74471992653812,513300000.0
2024-01-09,10.98,11.33,11.43,10.85,17271969.0,202278438.0,4.907407407407405,0.5299999999999994,0.03364887784921099,5.37037037037037,513300000.0
2024-01-10,11.3,11.27,11.37,11.1,12393491.0,145117662.0,-0.5295675198587868,-0.0600000000000005,0.02414473212546269,2.383053839364515,513300000.0
2024-01-11,11.32,11.29,11.51,11.23,7972652.0,93997013.0,0.17746228926351915,0.019999999999999574,0.01553214884083382,2.4844720496894355,513300000.0
2024-01-12,11.17,11.2,11.29,11.15,4248251.0,49596721.0,-0.7971656333038091,-0.08999999999999986,0.008276351061757257,1.2400354295836917,513300000.0
2024-01-15,11.16,11.67,11.83,11.15,17222933.0,208048911.0,4.196428571428568,0.47000000000000064,0.03355334697058251,6.071428571428569,513300000.0
2024-01-16,11.63,11.98,12.09,11.52,21917986.0,271917880.0,2.65638389031706,0.3100000000000005,0.042700148061562436,4.884318766066841,513300000.0
2024-01-17,11.85,11.56,11.95,11.54,13132172.0,159933460.0,-3.5058430717863076,-0.41999999999999993,0.02558381453341126,3.4223706176961612,513300000.0
2024-01-18,11.47,11.39,11.51,11.05,11678636.0,136948110.0,-1.4705882352941124,-0.16999999999999993,0.022752067017338787,3.979238754325251,513300000.0
2024-01-19,11.24,11.7,11.9,11.17,14204862.0,171853893.0,2.7216856892010366,0.3099999999999987,0.027673606078316773,6.40913081650571,513300000.0
2024-01-22,11.63,10.89,11.71,10.7,16344302.0,189592599.0,-6.923076923076909,-0.8099999999999987,0.03184161698811611,8.632478632478646,513300000.0
2024-01-23,10.8,11.16,11.31,10.57,10096639.0,114750222.0,2.4793388429751984,0.2699999999999996,0.019670054548996688,6.79522497704316,513300000.0
2024-01-24,11.23,11.22,11.3,10.78,7243800.0,83484897.0,0.5376344086021501,0.0600000000000005,0.014112215078901227,4.659498207885317,513300000.0
2024-01-25,11.15,11.47,11.48,11.07,7875975.0,92795994.0,2.2281639928698693,0.25,0.015343804792518994,3.6541889483065964,513300000.0
2024-01-26,11.44,11.46,11.59,11.32,7210400.0,86277535.0,-0.08718395815169311,-0.009999999999999787,0.01404714591856614,2.3539668700958987,513300000.0
2024-01-29,11.48,11.27,11.57,11.18,8105288.0,95801581.0,-1.6579406631762716,-0.19000000000000128,0.015790547438145335,3.4031413612565493,513300000.0
2024-01-30,11.2,11.05,11.48,10.99,9899704.0,115789492.0,-1.9520851818988327,-0.21999999999999886,0.01928639002532632,4.347826086956523,513300000.0
2024-01-31,10.88,10.48,10.89,10.44,10818639.0,119946226.0,-5.158371040723986,-0.5700000000000003,0.021076639392168323,4.072398190045258,513300000.0
2024-02-01,10.45,10.29,10.54,10.16,6835428.0,73514271.0,-1.8129770992366567,-0.19000000000000128,0.013316633547632963,3.6259541984732726,513300000.0
2024-02-02,10.2,10.27,10.62,10.0,8746808.0,94348326.0,-0.19436345966957758,-0.019999999999999574,0.017040342879407755,6.0252672497570385,513300000.0
2024-02-05,10.18,9.49,10.2,9.39,12780050.0,128581503.0,-7.594936708860756,-0.7799999999999994,0.024897818040132476,7.887049659201546,513300000.0
2024-02-06,9.32,9.79,10.11,8.92,12245881.0,120920380.0,3.1612223393045147,0.29999999999999893,0.023857161503993765,12.5395152792413,513300000.0
2024-02-07,9.79,9.79,9.9,9.53,10352921.0,104858951.0,0.0,0.0,0.02016933761932593,3.7793667007150256,513300000.0
2024-02-08,9.84,10.33,10.42,9.78,12666795.0,132896018.0,5.515832482124616,0.5400000000000009,0.024677177089421392,6.537282941777329,513300000.0
2024-02-19,10.51,10.48,10.66,10.33,13923660.0,152278282.0,1.4520813165537216,0.15000000000000036,0.027125774400935127,3.1945788964182,513300000.0
2024-02-20,10.4,10.53,10.62,10.24,8214596.0,89042663.0,0.4770992366412097,0.049999999999998934,0.01600349892850185,3.6259541984732726,513300000.0
2024-02-21,10.44,10.62,10.73,10.41,8972793.0,99303937.0,0.8547008547008517,0.08999999999999986,0.017480601987142023,3.0389363722697085,513300000.0
2024-02-22,10.58,10.78,10.93,10.58,7056200.0,79023616.0,1.5065913370998052,0.16000000000000014,0.01374673680109098,3.295668549905835,513300000.0
2024-02-23,10.77,10.74,10.77,10.58,5194325.0,57775998.0,-0.37105751391465214,-0.03999999999999915,0.010119472043639197,1.762523191094615,513300000.0
2024-02-26,10.74,10.6,10.78,10.56,7239500.0,80186805.0,-1.3035381750465591,-0.14000000000000057,0.014103837911552699,2.0484171322160045,513300000.0
2024-02-27,10.62,10.7,10.7,10.49,5170789.0,57187737.0,0.943396226415083,0.09999999999999964,0.010073619715565946,1.9811320754716895,513300000.0
2024-02-28,10.65,10.43,10.82,10.39,9090100.0,100816569.0,-2.5233644859813054,-0.2699999999999996,0.017709136956945256,4.018691588785044,513300000.0
2024-02-29,10.39,10.56,10.58,10.3,5828801.0,63541441.0,1.2464046021092967,0.13000000000000078,0.011355544515877655,2.6845637583892556,513300000.0
2024-03-01,10.55,10.62,10.62,10.39,7494578.0,81851804.0,0.5681818181818121,0.05999999999999872,0.014600775375024352,2.17803030303029,513300000.0
2024-03-04,10.65,10.49,10.65,10.42,6188304.0,67510636.0,-1.2241054613935876,-0.129999999999999,0.012055920514319111,2.1657250470809837,513300000.0
2024-03-05,10.47,10.49,10.64,10.38,5952400.0,65133478.0,0.0,0.0,0.011596337424508085,2.4785510009532867,513300000.0
2024-03-06,10.41,10.5,10.55,10.4,4237101.0,46185015.0,0.09532888465204614,0.009999999999999787,0.008254628872004675,1.429933269780747,513300000.0
2024-03-07,10.53,10.8,10.81,10.51,11568950.0,128602593.0,2.857142857142869,0.3000000000000007,0.02253837911552698,2.857142857142864,513300000.0
2024-03-08,10.73,10.64,10.73,10.52,8474500.0,93506541.0,-1.4814814814814836,-0.16000000000000014,0.01650983830118839,1.9444444444444522,513300000.0
2024-03-11,10.65,10.88,10.9,10.65,9287048.0,104396971.0,2.2556390977443552,0.2400000000000002,0.018092826806935514,2.3496240601503757,513300000.0
2024-03-12,10.86,11.21,11.27,10.83,11469210.0,132101572.0,3.0330882352941124,0.33000000000000007,0.02234406779661017,4.044117647058819,513300000.0
2024-03-13,11.16,11.23,11.42,11.07,8888550.0,104063423.0,0.1784121320249632,0.019999999999999574,0.017316481589713616,3.1222123104371065,513300000.0
2024-03-14,11.15,11.34,11.55,11.15,8137510.0,96280894.0,0.9795191451469121,0.10999999999999943,0.015853321644262616,3.5618878005342864,513300000.0
2024-03-15,11.3,11.43,11.45,11.24,6343600.0,74956992.0,0.7936507936507908,0.08999999999999986,0.01235846483537892,1.8518518518518439,513300000.0
2024-03-18,11.43,11.5,11.52,11.37,6093878.0,72550613.0,0.6124234470691103,0.07000000000000028,0.011871961815702319,1.3123359580052525,513300000.0
2024-03-19,11.53,11.41,11.57,11.38,5188802.0,62009359.0,-0.7826086956521761,-0.08999999999999986,0.01010871225404247,1.652173913043474,513300000.0
2024-03-20,11.4,11.46,11.56,11.4,4569529.0,54581718.0,0.4382120946538226,0.05000000000000071,0.008902257938827197,1.402278702892201,513300000.0
2024-03-21,11.46,11.64,11.72,11.44,7942595.0,95756071.0,1.5706806282722585,0.17999999999999972,0.015473592441067602,2.4432809773124005,513300000.0
2024-03-22,11.63,11.54,11.68,11.4,6526062.0,78286999.0,-0.85910652920963,-0.10000000000000142,0.012713933372296902,2.4054982817869357,513300000.0
2024-03-25,11.45,11.34,11.62,11.27,6210609.0,73899252.0,-1.7331022530329254,-0.1999999999999993,0.01209937463471654,3.032928942807623,513300000.0
2024-03-26,11.34,11.36,11.39,11.19,4059600.0,47734816.0,0.17636684303350414,0.019999999999999574,0.007908825248392752,1.7636684303351062,513300000.0
2024-03-27,11.36,11.2,11.45,11.18,4319547.0,50858476.0,-1.4084507042253502,-0.16000000000000014,0.008415248392752777,2.376760563380278,513300000.0
2024-03-28,11.1,11.52,11.63,11.09,7249417.0,86274356.0,2.857142857142869,0.3200000000000003,0.01412315799727255,4.82142857142858,513300000.0
2024-03-29,11.5,11.74,11.8,11.46,6960119.0,84167412.0,1.909722222222232,0.22000000000000064,0.01355955386713423,2.951388888888888,513300000.0
2024-04-01,11.74,11.92,11.93,11.63,10346477.0,126962542.0,1.5332197614991383,0.17999999999999972,0.020156783557373856,2.555366269165238,513300000.0
2024-04-02,11.92,11.87,12.08,11.75,10882575.0,135025360.0,-0.4194630872483285,-0.05000000000000071,0.021201198129748685,2.7684563758389267,513300000.0
2024-04-03,11.87,11.99,12.04,11.77,11940540.0,148302617.0,1.0109519797809607,0.120000000000001,0.02326230274693162,2.2746419545071577,513300000.0
2024-04-08,12.11,11.81,12.23,11.8,13210969.0,164696103.0,-1.5012510425354453,-0.17999999999999972,0.02573732515098383,3.586321934945786,513300000.0
2024-04-09,11.72,12.42,12.74,11.72,28138793.0,359845640.0,5.165114309906849,0.6099999999999994,0.05481939022014416,8.636748518204907,513300000.0
2024-04-10,12.24,12.32,12.62,12.15,19665661.0,252266666.0,-0.805152979066015,-0.09999999999999964,0.03831221702707968,3.784219001610297,513300000.0
2024-04-11,12.14,12.82,12.92,12.01,21911070.0,283726312.0,4.05844155844155,0.5,0.04268667445938048,7.386363636363637,513300000.0
2024-04-12,12.55,13.18,13.66,12.45,35661880.0,477074123.0,2.808112324492984,0.35999999999999943,0.06947570621468926,9.438377535101411,513300000.0
2024-04-15,13.07,12.87,13.38,12.43,34810451.0,461848017.0,-2.35204855842186,-0.3100000000000005,0.06781697058250535,7.207890743550843,513300000.0
2024-04-16,12.51,12.06,12.68,11.92,24160614.0,306462957.0,-6.293706293706281,-0.8099999999999987,0.04706918760958504,5.9052059052059045,513300000.0
2024-04-17,12.06,12.36,12.47,12.06,19032444.0,243971106.0,2.487562189054726,0.29999999999999893,0.037078597311513736,3.3996683250414605,513300000.0
2024-04-18,12.32,12.6,12.72,12.17,19201641.0,250404458.0,1.9417475728155331,0.2400000000000002,0.037408223261250734,4.449838187702271,513300000.0
2024-04-19,12.37,12.38,12.61,12.16,15725342.0,202511519.0,-1.7460317460317398,-0.21999999999999886,0.03063577245275667,3.571428571428566,513300000.0
2024-04-22,12.36,12.87,12.9,11.88,27132344.0,353897965.0,3.957996768982208,0.48999999999999844,0.052858647964153516,8.239095315024228,513300000.0
2024-04-23,12.72,12.5,12.95,12.46,18305495.0,241010774.0,-2.8749028749028738,-0.3699999999999992,0.03566237093317748,3.8073038073037955,513300000.0
2024-04-24,12.41,12.47,12.65,12.37,12778849.0,165622320.0,-0.23999999999999577,-0.02999999999999936,0.024895478277810246,2.240000000000009,513300000.0
2024-04-25,12.4,12.19,12.49,12.13,13172000.0,168047270.0,-2.245388933440262,-0.28000000000000114,0.02566140658484317,2.8869286287088967,513300000.0
2024-04-26,12.2,12.24,12.33,12.14,11692558.0,148831968.0,0.41017227235440323,0.05000000000000071,0.02277918955776349,1.5586546349466737,513300000.0
2024-04-29,12.23,12.33,12.38,12.03,11895561.0,151636118.0,0.7352941176470562,0.08999999999999986,0.023174675628287553,2.859477124183018,513300000.0
2024-04-30,12.01,11.68,12.01,11.34,17958597.0,216848290.0,-5.271695052716952,-0.6500000000000004,0.03498655172413793,5.433901054339009,513300000.0
2024-05-06,11.63,11.49,11.63,11.45,11283650.0,135009301.0,-1.6267123287671215,-0.1899999999999995,0.02198256380284434,1.5410958904109717,513300000.0
2024-05-07,11.44,11.48,11.58,11.36,9544123.0,113955956.0,-0.08703220191470518,-0.009999999999999787,0.018593654782778104,1.9147084421235911,513300000.0
2024-05-08,11.48,11.31,11.48,11.26,7725759.0,91059121.0,-1.4808362369338024,-0.16999999999999993,0.015051157218001168,1.9163763066202144,513300000.0
2024-05-09,11.3,11.38,11.43,11.27,5246002.0,62104808.0,0.6189213085764811,0.07000000000000028,0.01022014806156244,1.4146772767462434,513300000.0
2024-05-10,11.37,11.51,11.65,11.36,11076224.0,132946657.0,1.1423550087873435,0.129999999999999,0.021578460939022014,2.548330404217934,513300000.0
2024-05-13,11.52,11.52,11.62,11.26,8871500.0,105491786.0,0.08688097306690512,0.009999999999999787,0.017283265147087473,3.127715030408336,513300000.0
2024-05-14,11.53,11.4,11.57,11.38,5937989.0,70815247.0,-1.041666666666663,-0.11999999999999922,0.011568262224819794,1.6493055555555514,513300000.0
2024-05-15,11.4,11.32,11.48,11.28,5250938.0,62048831.0,-0.7017543859649145,-0.08000000000000007,0.01022976427040717,1.75438596491229,513300000.0
2024-05-16,11.31,11.52,11.62,11.31,8873431.0,106202573.0,1.7667844522968101,0.1999999999999993,0.017287027079680498,2.738515901060059,513300000.0
2024-05-17,11.54,11.51,11.57,11.39,4928328.0,58711596.0,-0.08680555555555802,-0.009999999999999787,0.009601262419637638,1.5624999999999976,513300000.0
2024-05-20,11.87,11.91,12.01,11.71,21703328.0,268429571.0,3.4752389226759384,0.40000000000000036,0.04228195597116696,2.6064291920069413,513300000.0
2024-05-21,11.8,12.13,12.35,11.68,19765266.0,248536174.0,1.8471872376154552,0.22000000000000064,0.03850626534190532,5.625524769101594,513300000.0
2024-05-22,12.09,11.92,12.09,11.83,10321662.0,128156592.0,-1.7312448474855802,-0.21000000000000085,0.02010843950905903,2.143446001648803,513300000.0
2024-05-23,11.93,11.54,11.93,11.53,8680589.0,105244469.0,-3.187919463087252,-0.3800000000000008,0.016911336450418857,3.35570469798658,513300000.0
2024-05-24,11.53,11.48,11.67,11.47,4204084.0,50531081.0,-0.5199306759098632,-0.05999999999999872,0.008190305864017144,1.733102253032923,513300000.0
2024-05-27,11.46,11.83,11.85,11.36,8232700.0,99617432.0,3.0487804878048808,0.34999999999999964,0.01603876875121761,4.268292682926831,513300000.0
2024-05-28,11.71,11.77,11.97,11.7,6021650.0,74097537.0,-0.5071851225697421,-0.0600000000000005,0.011731248782388466,2.2823330515638323,513300000.0
2024-05-29,11.73,11.92,12.04,11.72,8568323.0,106174182.0,1.274426508071369,0.15000000000000036,0.016692622248197935,2.718776550552239,513300000.0
2024-05-30,11.86,11.75,11.89,11.71,4074600.0,50001152.0,-1.4261744966442946,-0.16999999999999993,0.007938047925189947,1.5100671140939574,513300000.0
2024-05-31,11.78,11.68,11.8,11.61,4077330.0,49533453.0,-0.5957446808510625,-0.07000000000000028,0.007943366452367037,1.6170212765957555,513300000.0
2024-06-03,11.68,11.6,11.68,11.42,5020900.0,60261993.0,-0.6849315068493178,-0.08000000000000007,0.009781609195402299,2.226027397260272,513300000.0
2024-06-04,11.6,11.64,11.68,11.44,4382249.0,52880908.0,0.34482758620690834,0.040000000000000924,0.008537403078121956,2.0689655172413812,513300000.0
2024-06-05,11.63,11.44,11.69,11.43,3730815.0,44921047.0,-1.718213058419249,-0.20000000000000107,0.007268293395675044,2.233676975945015,513300000.0
2024-06-06,11.44,11.15,11.51,11.12,7515457.0,87791455.0,-2.534965034965031,-0.28999999999999915,0.014641451392947594,3.4090909090909145,513300000.0
2024-06-07,11.23,11.3,11.36,11.16,4041233.0,47382171.0,1.3452914798206317,0.15000000000000036,0.007873043054743815,1.793721973094164,513300000.0
2024-06-11,11.31,11.12,11.33,11.05,4508950.0,52254341.0,-1.592920353982319,-0.1800000000000015,0.008784239236314046,2.4778761061946843,513300000.0
2024-06-12,11.1,11.41,11.54,11.08,5569673.0,65780091.0,2.6079136690647653,0.2900000000000009,0.010850716929670759,4.136690647482006,513300000.0
2024-06-13,11.44,11.34,11.47,11.29,2496200.0,29587008.0,-0.613496932515345,-0.07000000000000028,0.004863043054743815,1.5775635407537378,513300000.0
2024-06-14,11.34,11.52,11.58,11.31,5657900.0,67818424.0,1.5873015873015817,0.17999999999999972,0.011022598870056497,2.3809523809523774,513300000.0
2024-06-17,11.51,11.54,11.58,11.45,2919000.0,34994722.0,0.17361111111111605,0.019999999999999574,0.005686732904734074,1.128472222222229,513300000.0
2024-06-18,11.51,11.45,11.58,11.41,3786201.0,45208524.0,-0.7798960138648114,-0.08999999999999986,0.007376195207481005,1.4731369150779892,513300000.0
2024-06-19,11.47,11.39,11.48,11.32,2698794.0,31935147.0,-0.524017467248894,-0.05999999999999872,0.0052577323202805375,1.3973799126637567,513300000.0
2024-06-20,11.34,11.14,11.37,11.1,2926561.0,34184700.0,-2.194907813871816,-0.25,0.005701463082018313,2.370500438981559,513300000.0
2024-06-21,11.07,11.09,11.21,11.06,2306436.0,26686823.0,-0.4488330341113178,-0.05000000000000071,0.004493348918760958,1.3464991023339348,513300000.0
2024-06-24,10.95,10.54,10.96,10.54,5080449.0,56487005.0,-4.9594229035166855,-0.5500000000000007,0.009897621274108708,3.78719567177639,513300000.0
2024-06-25,10.54,10.82,10.87,10.54,3872034.0,43243548.0,2.6565464895635715,0.28000000000000114,0.007543413208649912,3.130929791271348,513300000.0
2024-06-26,10.75,10.77,10.84,10.59,5028700.0,56007546.0,-0.46210720887246426,-0.05000000000000071,0.00979680498733684,2.310536044362292,513300000.0
2024-06-27,10.77,10.72,10.86,10.7,2774600.0,30565697.0,-0.46425255338903293,-0.049999999999998934,0.0054054159360997465,1.4856081708449411,513300000.0
2024-06-28,10.72,10.99,11.14,10.68,4975973.0,55890499.0,2.518656716417911,0.2699999999999996,0.009694083382037795,4.291044776119411,513300000.0
2024-07-01,10.99,11.12,11.17,10.96,3437500.0,38940040.0,1.182893539581431,0.129999999999999,0.006696863432690435,1.9108280254776986,513300000.0
2024-07-02,11.12,11.0,11.18,10.98,3299937.0,37278788.0,-1.0791366906474753,-0.11999999999999922,0.006428866160140269,1.7985611510791304,513300000.0
2024-07-03,11.0,11.08,11.17,11.0,3171802.0,35957834.0,0.727272727272732,0.08000000000000007,0.0061792363140463664,1.5454545454545447,513300000.0
2024-07-04,11.15,10.8,11.16,10.79,3563257.0,39800630.0,-2.5270758122743597,-0.27999999999999936,0.006941860510422755,3.3393501805054244,513300000.0
2024-07-05,10.77,10.92,10.95,10.7,2136000.0,23681223.0,1.1111111111111072,0.11999999999999922,0.0041613091759205145,2.314814814814815,513300000.0
2024-07-08,10.95,10.72,11.01,10.68,2902200.0,32061134.0,-1.831501831501825,-0.1999999999999993,0.005654003506721216,3.021978021978023,513300000.0
2024-07-09,10.67,10.78,10.81,10.51,3833700.0,41784116.0,0.5597014925373012,0.05999999999999872,0.007468731735827002,2.7985074626865734,513300000.0
2024-07-10,10.76,10.64,10.77,10.61,2228400.0,24303006.0,-1.298701298701288,-0.1399999999999988,0.004341320864991233,1.4842300556586285,513300000.0
2024-07-11,10.79,10.96,11.05,10.73,4775756.0,53156672.0,3.007518796992481,0.3200000000000003,0.0093040249366842,3.0075187969924837,513300000.0
2024-07-12,11.02,10.9,11.07,10.82,3736700.0,41756204.0,-0.5474452554744547,-0.0600000000000005,0.00727975842587181,2.281021897810219,513300000.0
2024-07-15,10.87,10.73,10.87,10.66,4538602.0,49797967.0,-1.559633027522933,-0.16999999999999993,0.00884200662380674,1.9266055045871473,513300000.0
2024-07-16,10.74,10.73,10.78,10.66,1850100.0,20220908.0,0.0,0.0,0.003604324956165985,1.118359739049387,513300000.0
2024-07-17,10.76,10.7,10.81,10.68,2349653.0,25784298.0,-0.2795899347623587,-0.030000000000001137,0.004577543346970582,1.2115563839701844,513300000.0
2024-07-18,10.65,10.95,11.24,10.51,7421541.0,81877652.0,2.336448598130847,0.25,0.014458486265341906,6.822429906542061,513300000.0
2024-07-19,10.88,10.85,10.89,10.7,4757741.0,52454960.0,-0.91324200913242,-0.09999999999999964,0.00926892850185077,1.73515981735161,513300000.0
2024-07-22,10.86,10.77,10.89,10.7,3280700.0,36048026.0,-0.7373271889400956,-0.08000000000000007,0.0063913890512370935,1.7511520737327306,513300000.0
2024-07-23,10.77,10.67,10.82,10.62,2849989.0,31174544.0,-0.9285051067780881,-0.09999999999999964,0.005552287161503994,1.8570102135561846,513300000.0
2024-07-24,10.67,10.5,10.7,10.5,3001484.0,32444188.0,-1.5932521087160256,-0.16999999999999993,0.005847426456263394,1.8744142455482595,513300000.0
2024-07-25,10.48,10.49,10.58,10.41,1880200.0,20156285.0,-0.09523809523809268,-0.009999999999999787,0.003662965127605689,1.6190476190476182,513300000.0
2024-07-26,10.5,10.62,10.64,10.5,1919200.0,20736627.0,1.2392755004766443,0.129999999999999,0.0037389440872783947,1.3346043851286995,513300000.0
2024-07-29,10.63,10.61,10.66,10.57,1331700.0,14413041.0,-0.09416195856873921,-0.009999999999999787,0.0025943892460549385,0.8474576271186428,513300000.0
2024-07-30,10.62,10.66,10.67,10.59,2199600.0,23906873.0,0.47125353440151674,0.05000000000000071,0.004285213325540619,0.7540056550424135,513300000.0
2024-07-31,10.68,10.99,11.02,10.68,7409236.0,82623124.0,3.0956848030018858,0.33000000000000007,0.01443451392947594,3.189493433395871,513300000.0
2024-08-01,11.01,10.89,11.01,10.84,3497900.0,38924769.0,-0.9099181073703333,-0.09999999999999964,0.006814533411260471,1.5468607825295715,513300000.0
2024-08-02,10.85,10.88,10.95,10.79,2708652.0,30156063.0,-0.09182736455463081,-0.009999999999999787,0.005276937463471654,1.4692378328741977,513300000.0
2024-08-05,10.95,10.83,11.07,10.77,5992566.0,66947272.0,-0.4595588235294157,-0.05000000000000071,0.01167458796025716,2.757352941176477,513300000.0
2024-08-06,10.85,11.05,11.05,10.84,6438916.0,72123617.0,2.031394275161591,0.22000000000000064,0.012544157412819014,1.9390581717451603,513300000.0
2024-08-07,11.04,10.9,11.04,10.87,3189500.0,35562163.0,-1.3574660633484226,-0.15000000000000036,0.00621371517631015,1.5384615384615377,513300000.0
2024-08-08,10.9,11.03,11.11,10.85,5057312.0,56892029.0,1.1926605504587018,0.129999999999999,0.009852546269238262,2.3853211009174293,513300000.0
2024-08-09,10.99,10.91,11.09,10.91,2901700.0,32562367.0,-1.0879419764279197,-0.11999999999999922,0.0056530294174946425,1.6319129646418833,513300000.0
2024-08-12,10.91,10.8,10.94,10.77,3693600.0,40837781.0,-1.0082493125572856,-0.10999999999999943,0.007195791934541204,1.558203483043079,513300000.0
2024-08-13,10.85,10.82,10.85,10.66,3391300.0,37162271.0,0.18518518518517713,0.019999999999999574,0.006606857588155075,1.7592592592592544,513300000.0
2024-08-14,10.82,10.71,10.84,10.7,1380000.0,15136844.0,-1.0166358595193992,-0.10999999999999943,0.0026884862653419055,1.2939001848428888,513300000.0
2024-08-15,10.67,10.89,10.93,10.64,3595800.0,39667896.0,1.680672268907557,0.17999999999999972,0.007005260081823495,2.7077497665732877,513300000.0
2024-08-16,10.87,10.83,10.94,10.8,1667400.0,18459575.0,-0.5509641873278293,-0.0600000000000005,0.0032483927527761545,1.2855831037649108,513300000.0
2024-08-19,10.85,10.83,10.93,10.8,2125800.0,23563386.0,0.0,0.0,0.004141437755698422,1.2003693444136565,513300000.0
2024-08-20,10.83,10.71,10.83,10.69,1907051.0,20899638.0,-1.1080332409972193,-0.11999999999999922,0.0037152756672511203,1.2927054478301068,513300000.0
2024-08-21,10.67,10.69,10.81,10.67,1544600.0,16945425.0,-0.18674136321196189,-0.02000000000000135,0.0030091564387297876,1.3071895424836655,513300000.0
2024-08-22,10.67,10.45,10.75,10.43,3792800.0,40834648.0,-2.2450888681010306,-0.2400000000000002,0.007389051237093318,2.9934518241347083,513300000.0
2024-08-23,10.47,10.43,10.48,10.28,2662400.0,28171739.0,-0.191387559808609,-0.019999999999999574,0.005186830313656731,1.9138755980861348,513300000.0
2024-08-26,10.41,10.53,10.54,10.35,1607650.0,17180855.0,0.9587727708533,0.09999999999999964,0.0031319890902006624,1.82166826462128,513300000.0
2024-08-27,10.5,10.41,10.51,10.39,1655150.0,17665908.0,-1.1396011396011319,-0.11999999999999922,0.003224527566725112,1.1396011396011323,513300000.0
2024-08-28,10.4,10.38,10.49,10.38,1777600.0,18936369.0,-0.2881844380403398,-0.02999999999999936,0.0034630820183128774,1.056676272814596,513300000.0
2024-08-29,10.28,10.32,10.38,10.08,3889700.0,40687511.0,-0.5780346820809301,-0.0600000000000005,0.007577829729203195,2.8901734104046306,513300000.0
2024-08-30,10.29,10.44,10.66,10.28,4125124.0,44095543.0,1.1627906976744207,0.11999999999999922,0.00803647769335671,3.6821705426356663,513300000.0
2024-09-02,10.53,10.43,10.65,10.42,3744100.0,40329871.0,-0.09578544061302763,-0.009999999999999787,0.007294174946425092,2.203065134099621,513300000.0
2024-09-03,10.38,10.5,10.55,10.34,2097200.0,22433409.0,0.6711409395973256,0.07000000000000028,0.004085719851938437,2.0134228187919545,513300000.0
2024-09-04,10.38,10.47,10.6,10.38,2759550.0,29598894.0,-0.28571428571427804,-0.02999999999999936,0.005376095850379895,2.0952380952380842,513300000.0
2024-09-05,10.47,10.67,10.67,10.46,3546500.0,38411656.0,1.9102196752626588,0.1999999999999993,0.006909214884083382,2.005730659025779,513300000.0
2024-09-06,10.64,10.71,10.83,10.64,3414300.0,37437771.0,0.37488284910967007,0.040000000000000924,0.00665166569257744,1.7806935332708482,513300000.0
2024-09-09,10.7,10.73,10.83,10.62,3398199.0,37208784.0,0.18674136321195078,0.019999999999999574,0.0066202980713033314,1.960784313725498,513300000.0
2024-09-10,10.73,10.53,10.76,10.32,4494702.0,48153527.0,-1.8639328984156656,-0.20000000000000107,0.008756481589713618,4.100652376514441,513300000.0
2024-09-11,10.49,10.28,10.49,10.24,3310900.0,34925434.0,-2.3741690408357052,-0.25,0.006450224040522112,2.3741690408357075,513300000.0
2024-09-12,10.28,10.21,10.35,10.17,2400800.0,25105377.0,-0.6809338521400643,-0.06999999999999851,0.004677186830313657,1.7509727626459117,513300000.0
2024-09-13,10.22,10.12,10.26,10.11,2317800.0,24005606.0,-0.8814887365328317,-0.09000000000000163,0.004515488018702513,1.469147894221355,513300000.0
2024-09-18,10.12,10.1,10.15,9.93,2727800.0,27870311.0,-0.19762845849802257,-0.019999999999999574,0.005314241184492499,2.1739130434782674,513300000.0
2024-09-19,10.11,10.26,10.3,10.1,3682250.0,38421910.0,1.5841584158415856,0.16000000000000014,0.007173680109097994,1.980198019801991,513300000.0
2024-09-20,10.26,10.2,10.26,10.15,1749550.0,18209406.0,-0.5847953216374324,-0.0600000000000005,0.0034084356127021234,1.0721247563352772,513300000.0
2024-09-23,10.24,10.18,10.24,10.15,1766000.0,18391679.0,-0.19607843137254832,-0.019999999999999574,0.00344048314825638,0.8823529411764692,513300000.0
2024-09-24,10.2,10.52,10.53,10.2,4619450.0,48906971.0,3.3398821218074692,0.33999999999999986,0.008999512955386714,3.241650294695482,513300000.0
2024-09-25,10.57,10.7,10.83,10.53,7314300.0,80138460.0,1.7110266159695797,0.17999999999999972,0.014249561659848042,2.8517110266159764,513300000.0
2024-09-26,10.71,11.09,11.09,10.65,8612663.0,95949792.0,3.6448598130841114,0.39000000000000057,0.016779004480810444,4.112149532710276,513300000.0
2024-09-27,11.14,11.4,11.4,10.98,9630415.0,109697479.0,2.7953110910730494,0.3100000000000005,0.018761766997857005,3.787195671776374,513300000.0
2024-09-30,11.95,12.45,12.46,11.54,29589714.0,363118591.0,9.210526315789469,1.049999999999999,0.05764604324956166,8.070175438596507,513300000.0
2024-10-08,13.69,12.13,13.69,11.78,34230463.0,437208098.0,-2.570281124497975,-0.3199999999999985,0.06668705045782193,15.341365461847392,513300000.0
2024-10-09,11.86,11.07,11.86,11.06,15754538.0,182227773.0,-8.738664468260515,-1.0600000000000005,0.030692651470874733,6.595218466611698,513300000.0
2024-10-10,11.12,11.23,11.37,10.96,9226720.0,105320770.0,1.445347786811202,0.16000000000000014,0.017975297097214106,3.703703703703689,513300000.0
2024-10-11,11.22,10.96,11.22,10.88,7440024.0,83623873.0,-2.4042742653606397,-0.2699999999999996,0.014494494447691408,3.0276046304541393,513300000.0
2024-10-14,10.92,11.01,11.07,10.78,6062850.0,67656142.0,0.45620437956204185,0.049999999999998934,0.011811513734658094,2.6459854014598623,513300000.0
2024-10-15,11.02,10.91,11.04,10.87,4473802.0,50069955.0,-0.9082652134423275,-0.09999999999999964,0.00871576466004286,1.5440508628519523,513300000.0
2024-10-16,10.8,10.91,11.02,10.78,4560628.0,50768439.0,0.0,0.0,0.008884917202415741,2.1998166819431733,513300000.0
2024-10-17,10.96,10.9,11.1,10.87,4075150.0,45676511.0,-0.09165902841429263,-0.009999999999999787,0.007939119423339178,2.1081576535288766,513300000.0
2024-10-18,10.9,11.2,11.31,10.88,9824843.0,111676350.0,2.752293577981635,0.29999999999999893,0.019140547438145333,3.944954128440364,513300000.0
2024-10-21,11.2,11.65,11.78,11.16,17811728.0,210401055.0,4.017857142857162,0.45000000000000107,0.034700424702902785,5.535714285714279,513300000.0
2024-10-22,11.63,11.43,11.65,11.31,8733535.0,101791560.0,-1.8884120171673846,-0.22000000000000064,0.017014484706799143,2.918454935622316,513300000.0
2024-10-23,11.44,11.34,11.47,11.27,6015300.0,69773959.0,-0.7874015748031482,-0.08999999999999986,0.011718877849210987,1.7497812773403418,513300000.0
2024-10-24,11.3,11.21,11.37,11.18,4872400.0,55932487.0,-1.146384479717799,-0.129999999999999,0.009492304695110072,1.675485008818338,513300000.0
2024-10-25,11.21,11.3,11.31,11.2,4475571.0,51430655.0,0.802854594112401,0.08999999999999986,0.008719210987726475,0.981266726137388,513300000.0
2024-10-28,11.23,11.35,11.41,11.21,7779726.0,89648377.0,0.4424778761061843,0.049999999999998934,0.015156294564582116,1.7699115044247724,513300000.0
2024-10-29,11.33,11.14,11.44,11.09,10983200.0,126449951.0,-1.8502202643171706,-0.20999999999999908,0.021397233586596533,3.0837004405286312,513300000.0
2024-10-30,11.08,11.1,11.2,11.02,5743351.0,65035828.0,-0.35906642728905647,-0.040000000000000924,0.011189072667056302,1.6157989228007157,513300000.0
2024-10-31,11.09,11.09,11.13,10.92,6963553.0,78432317.0,-0.09009009009008917,-0.009999999999999787,0.013566243911942335,1.8918918918918997,513300000.0
2024-11-01,11.04,11.03,11.19,10.92,7072956.0,79849073.0,-0.5410279531109174,-0.0600000000000005,0.0137793804792519,2.4346257889990945,513300000.0
2024-11-04,11.05,11.26,11.28,11.02,7898162.0,89764141.0,2.0852221214868516,0.23000000000000043,0.015387029027858951,2.357207615593833,513300000.0
2024-11-05,11.26,11.35,11.36,11.17,8702650.0,100264740.0,0.799289520426294,0.08999999999999986,0.01695431521527372,1.6873889875666033,513300000.0
2024-11-06,11.35,11.53,11.67,11.22,13944741.0,162740777.0,1.585903083700435,0.17999999999999972,0.027166843950905902,3.9647577092510953,513300000.0
2024-11-07,11.47,11.9,11.9,11.37,17122149.0,205497570.0,3.2090199479618553,0.370000000000001,0.03335700175336061,4.596704249783184,513300000.0
2024-11-08,12.06,11.89,12.08,11.6,15957364.0,192508982.0,-0.08403361344537785,-0.009999999999999787,0.031087792713812585,4.033613445378155,513300000.0
2024-11-11,11.88,11.79,11.88,11.63,8228810.0,98659551.0,-0.8410428931875602,-0.10000000000000142,0.016031190337034873,2.1026072329688814,513300000.0
2024-11-12,11.81,11.81,11.95,11.67,8548018.0,103196689.0,0.16963528413911355,0.02000000000000135,0.016653064484706798,2.374893977947408,513300000.0
2024-11-13,11.95,11.64,12.02,11.52,9942912.0,118441523.0,-1.4394580863674844,-0.16999999999999993,0.019370566919929867,4.233700254022015,513300000.0
2024-11-14,11.6,11.57,11.79,11.53,6924973.0,82231979.0,-0.6013745704467333,-0.07000000000000028,0.013491083187219949,2.233676975945015,513300000.0
2024-11-15,11.52,11.43,11.63,11.41,5293310.0,62439785.0,-1.2100259291270565,-0.14000000000000057,0.010312312487823884,1.9014693171996597,513300000.0
2024-11-18,11.42,11.25,11.53,11.2,7052182.0,81864528.0,-1.5748031496062964,-0.17999999999999972,0.013738909020066237,2.8871391076115493,513300000.0
2024-11-19,11.28,11.34,11.34,11.15,4628147.0,53256963.0,0.8000000000000007,0.08999999999999986,0.009016456263393726,1.6888888888888847,513300000.0
2024-11-20,11.33,11.35,11.39,11.28,5563588.0,64370816.0,0.08818342151675207,0.009999999999999787,0.010838862263783363,0.9700176366843141,513300000.0
2024-11-21,11.34,11.33,11.36,11.26,4131624.0,47718446.0,-0.17621145374449032,-0.019999999999999574,0.008049140853302163,0.8810572687224639,513300000.0
2024-11-22,11.33,11.03,11.33,11.01,6779700.0,77360286.0,-2.647837599293912,-0.3000000000000007,0.013208065458796025,2.8243601059135064,513300000.0
2024-11-25,11.03,11.14,11.27,10.97,7449386.0,84832960.0,0.9972801450589319,0.11000000000000121,0.014512733294369765,2.7198549410698,513300000.0
2024-11-26,11.11,11.22,11.3,11.02,5597535.0,64125942.0,0.7181328545780907,0.08000000000000007,0.01090499707773232,2.5134649910233495,513300000.0
2024-11-27,11.18,11.24,11.25,11.02,6089400.0,69266085.0,0.17825311942958333,0.019999999999999574,0.01186323787258913,2.0499108734402887,513300000.0
2024-11-28,11.25,11.24,11.36,11.2,5480406.0,63138890.0,0.0,0.0,0.010676808883693746,1.4234875444839872,513300000.0
2024-11-29,11.21,11.31,11.39,11.2,6604816.0,76289883.0,0.6227758007117501,0.07000000000000028,0.012867360218195987,1.6903914590747444,513300000.0
2024-12-02,11.31,11.44,11.45,11.26,10087381.0,117096495.0,1.1494252873563093,0.129999999999999,0.01965201831287746,1.679929266136158,513300000.0
2024-12-03,11.39,11.34,11.45,11.29,6304850.0,73201241.0,-0.8741258741258751,-0.09999999999999964,0.0122829729203195,1.3986013986014,513300000.0
2024-12-04,11.27,11.19,11.43,11.15,6258963.0,72153895.0,-1.3227513227513255,-0.15000000000000036,0.012193576855639977,2.46913580246913,513300000.0
2024-12-05,11.16,11.33,11.34,11.15,5238700.0,60251065.0,1.251117068811447,0.14000000000000057,0.010205922462497566,1.6979445933869481,513300000.0
2024-12-06,11.29,11.56,11.63,11.26,12542207.0,146799072.0,2.03000882612534,0.23000000000000043,0.0244344574323008,3.265666372462498,513300000.0
2024-12-09,11.56,11.5,11.62,11.43,5369395.0,63193847.0,-0.5190311418685201,-0.0600000000000005,0.010460539645431522,1.6435986159169507,513300000.0
2024-12-10,11.74,11.64,11.9,11.57,15794622.0,189620015.0,1.2173913043478368,0.14000000000000057,0.03077074225599065,2.869565217391305,513300000.0
2024-12-11,11.62,11.78,11.83,11.56,9548807.0,114153582.0,1.2027491408934665,0.1399999999999988,0.01860278005065264,2.3195876288659756,513300000.0
2024-12-12,11.76,12.12,12.24,11.7,21123873.0,258627499.0,2.8862478777589073,0.33999999999999986,0.041153074225599065,4.584040747028871,513300000.0
2024-12-13,12.08,12.22,12.49,12.03,21989784.0,274896967.0,0.8250825082508406,0.10000000000000142,0.04284002337814144,3.7953795379538025,513300000.0
2024-12-16,12.3,12.07,12.41,11.95,14220495.0,176669385.0,-1.227495908346976,-0.15000000000000036,0.02770406195207481,3.764320785597388,513300000.0
2024-12-17,11.93,11.67,12.08,11.63,10943619.0,131167768.0,-3.3140016570008313,-0.40000000000000036,0.021320122735242548,3.728251864125926,513300000.0
2024-12-18,11.69,11.56,11.74,11.5,6754050.0,80131334.0,-0.9425878320479808,-0.10999999999999943,0.013158094681472823,2.0565552699228813,513300000.0
2024-12-19,11.47,11.43,11.5,11.21,7771100.0,90328875.0,-1.1245674740484546,-0.13000000000000078,0.015139489577245275,2.5086505190311343,513300000.0
2024-12-20,11.44,11.32,11.52,11.28,6863998.0,79831574.0,-0.962379702537175,-0.10999999999999943,0.013372293006039353,2.099737532808401,513300000.0
2024-12-23,11.32,11.11,11.36,11.09,8844754.0,101152173.0,-1.8551236749116629,-0.21000000000000085,0.01723115916617962,2.385159010600703,513300000.0
2024-12-24,11.13,11.27,11.29,11.12,6092245.0,69700302.0,1.4401440144014455,0.16000000000000014,0.01186878044028833,1.5301530153015295,513300000.0
2024-12-25,11.26,11.29,11.36,11.12,5555540.0,63786111.0,0.17746228926351915,0.019999999999999574,0.010823183323592441,2.12954747116238,513300000.0
2024-12-26,11.29,11.42,11.46,11.26,5531770.0,64305461.0,1.1514614703277415,0.13000000000000078,0.010776875121761153,1.7714791851195844,513300000.0
2024-12-27,11.42,11.47,11.53,11.34,5056875.0,59258706.0,0.4378283712784592,0.05000000000000071,0.009851694915254238,1.6637478108581392,513300000.0
2024-12-30,11.44,11.24,11.46,11.19,6429593.0,73999914.0,-2.005231037489108,-0.23000000000000043,0.012525994545100332,2.353966870095914,513300000.0
2024-12-31,11.25,11.07,11.38,11.07,8022200.0,91561246.0,-1.5124555160142328,-0.16999999999999993,0.015628677186830312,2.7580071174377268,513300000.0
2025-01-02,11.04,10.99,11.26,10.96,11652126.0,132247918.0,-0.722673893405601,-0.08000000000000007,0.02270042080654588,2.710027100270993,513300000.0
2025-01-03,11.06,10.72,11.09,10.68,9420097.0,103876366.0,-2.456778889899902,-0.2699999999999996,0.01835203000194818,3.7306642402183816,513300000.0
2025-01-06,10.7,10.62,10.76,10.53,4824551.0,52374135.0,-0.932835820895539,-0.10000000000000142,0.009399086304305474,2.1455223880597054,513300000.0
2025-01-07,10.62,10.71,10.72,10.59,4053399.0,44072285.0,0.847457627118664,0.09000000000000163,0.007896744593804792,1.2241054613936044,513300000.0
2025-01-08,10.68,10.65,10.69,10.47,4624912.0,50038048.0,-0.5602240896358635,-0.0600000000000005,0.0090101539060978,2.054154995331455,513300000.0
2025-01-09,10.58,10.58,10.67,10.56,3472905.0,37627839.0,-0.6572769953051671,-0.07000000000000028,0.006765838690824079,1.0328638497652527,513300000.0
2025-01-10,10.6,10.37,10.61,10.37,4348830.0,46442515.0,-1.9848771266540721,-0.21000000000000085,0.008472296902396259,2.268431001890361,513300000.0
2025-01-13,10.36,10.45,10.52,10.28,3558392.0,37838594.0,0.7714561234329897,0.08000000000000007,0.006932382622248198,2.3143683702989417,513300000.0
2025-01-14,10.6,10.8,10.85,10.51,8664567.0,94401369.0,3.349282296650724,0.3500000000000014,0.01688012273524255,3.2535885167464107,513300000.0
2025-01-15,10.78,10.88,11.02,10.77,7628984.0,84933145.0,0.7407407407407307,0.08000000000000007,0.014862622248197935,2.314814814814815,513300000.0
2025-01-16,10.88,10.78,10.99,10.71,7800929.0,86403981.0,-0.9191176470588314,-0.10000000000000142,0.015197601792324177,2.5735294117647,513300000.0
2025-01-17,10.75,10.87,10.9,10.65,4152467.0,45987862.0,0.8348794063079756,0.08999999999999986,0.00808974673680109,2.319109461966605,513300000.0
2025-01-20,10.9,10.84,11.09,10.82,5315205.0,59378472.0,-0.2759889604415755,-0.02999999999999936,0.010354967855055523,2.4839006439742373,513300000.0
2025-01-21,10.85,10.79,10.91,10.73,3556442.0,39193019.0,-0.46125461254613587,-0.05000000000000071,0.006928583674264563,1.660516605166049,513300000.0
2025-01-22,10.74,10.64,10.78,10.63,3529393.0,38471274.0,-1.3901760889712511,-0.14999999999999858,0.006875887395285408,1.3901760889712567,513300000.0
2025-01-23,10.75,10.68,10.8,10.66,3746711.0,41046454.0,0.3759398496240518,0.03999999999999915,0.007299261640366258,1.3157894736842157,513300000.0
2025-01-24,10.65,10.79,10.8,10.64,3766436.0,41276202.0,1.0299625468164653,0.10999999999999943,0.007337689460354568,1.4981273408239715,513300000.0
2025-01-27,10.83,10.85,10.99,10.82,5004284.0,55779404.0,0.5560704355885182,0.0600000000000005,0.00974923826222482,1.5755329008341052,513300000.0
2025-02-05,10.87,10.87,10.95,10.75,4234248.0,46760544.0,0.18433179723502668,0.019999999999999574,0.008249070718877849,1.8433179723502238,513300000.0
2025-02-06,10.86,10.92,10.96,10.8,5244445.0,58318500.0,0.4599816007359703,0.05000000000000071,0.01021711474771089,1.471941122355107,513300000.0
2025-02-07,10.89,10.93,11.0,10.84,6571209.0,73230076.0,0.09157509157509125,0.009999999999999787,0.012801887784921098,1.4652014652014667,513300000.0
2025-02-10,10.92,11.13,11.13,10.9,8022891.0,90466924.0,1.8298261665141924,0.20000000000000107,0.015630023378141438,2.1043000914913126,513300000.0
2025-02-11,11.16,11.54,11.59,11.05,16394713.0,190339745.0,3.6837376460017834,0.40999999999999837,0.03193982661211767,4.8517520215633345,513300000.0
2025-02-12,11.33,11.27,11.42,11.2,12367305.0,142648083.0,-2.3396880415944454,-0.2699999999999996,0.024093717124488604,1.9064124783362275,513300000.0
2025-02-13,11.24,11.19,11.29,11.16,5375148.0,61645534.0,-0.7098491570541321,-0.08000000000000007,0.010471747516072473,1.153504880212946,513300000.0
2025-02-14,11.18,11.2,11.22,11.14,3903847.0,44584574.0,0.08936550491509543,0.009999999999999787,0.007605390609779856,0.7149240393208228,513300000.0
2025-02-17,11.22,11.12,11.27,11.09,4744129.0,54050479.0,-0.7142857142857117,-0.08000000000000007,0.009242409896746542,1.6071428571428545,513300000.0
2025-02-18,11.15,10.97,11.15,10.96,4377196.0,49315449.0,-1.3489208633093441,-0.14999999999999858,0.008527558932398208,1.7086330935251755,513300000.0
2025-02-19,10.99,10.93,11.04,10.86,7519843.0,83869400.0,-0.3646308113035679,-0.040000000000000924,0.014649996103643094,1.6408386508659956,513300000.0
2025-02-20,10.92,11.1,11.11,10.87,5792766.0,65319850.0,1.5553522415370447,0.16999999999999993,0.011285341905318528,2.1957913998170193,513300000.0
2025-02-21,11.07,11.19,11.24,11.01,5695047.0,64685635.0,0.8108108108108025,0.08999999999999986,0.011094967855055524,2.0720720720720758,513300000.0
2025-02-24,11.23,11.25,11.36,11.14,5802595.0,66722853.0,0.536193029490617,0.0600000000000005,0.011304490551334503,1.966041108132251,513300000.0
2025-02-25,11.19,11.13,11.32,11.11,5204046.0,59664567.0,-1.0666666666666602,-0.11999999999999922,0.010138410286382233,1.866666666666674,513300000.0
2025-02-26,11.13,11.19,11.28,11.13,3325246.0,37993553.0,0.5390835579514697,0.05999999999999872,0.006478172608610949,1.3477088948786933,513300000.0
2025-02-27,11.18,11.24,11.28,11.12,6459075.0,73945154.0,0.44682752457552155,0.05000000000000071,0.01258343074225599,1.4298480786416456,513300000.0
2025-02-28,11.17,11.19,11.31,11.16,6528799.0,75011911.0,-0.4448398576512469,-0.05000000000000071,0.012719265536723165,1.3345195729537398,513300000.0
2025-03-03,11.14,11.19,11.36,11.12,7295789.0,83681541.0,0.0,0.0,0.014213498928501852,2.144772117962469,513300000.0
2025-03-04,11.15,11.37,11.43,11.12,8628532.0,99667438.0,1.608579088471851,0.17999999999999972,0.016809920124683422,2.7703306523681905,513300000.0
2025-03-05,11.34,11.33,11.36,11.22,4527688.0,52152085.0,-0.3518029903254116,-0.03999999999999915,0.008820744204169102,1.2313104661389516,513300000.0
2025-03-06,11.32,11.35,11.37,11.26,5683813.0,65668206.0,0.1765225066195919,0.019999999999999574,0.011073082018312877,0.970873786407762,513300000.0
2025-03-07,11.34,11.38,11.45,11.28,6618749.0,76890868.0,0.2643171806167466,0.030000000000001137,0.012894504188583674,1.4977973568281933,513300000.0
2025-03-10,11.36,11.52,11.56,11.28,8190936.0,95653607.0,1.2302284710017375,0.1399999999999988,0.01595740502630041,2.4604569420035247,513300000.0
2025-03-11,11.45,11.7,11.7,11.39,10232017.0,121181649.0,1.5625,0.17999999999999972,0.019933795051626728,2.690972222222211,513300000.0
2025-03-12,11.7,11.57,11.76,11.53,11215802.0,132992295.0,-1.1111111111111072,-0.129999999999999,0.02185038379115527,1.9658119658119695,513300000.0
2025-03-13,11.49,11.59,11.61,11.47,5952830.0,70111771.0,0.17286084701815252,0.019999999999999574,0.011597175141242939,1.2100259291270423,513300000.0
2025-03-14,11.6,11.68,11.71,11.59,9944511.0,118338604.0,0.7765314926660993,0.08999999999999986,0.019373682057276447,1.0353753235547971,513300000.0
2025-03-17,11.75,11.75,11.82,11.66,9016425.0,108145144.0,0.5993150684931559,0.07000000000000028,0.017565604909409702,1.3698630136986314,513300000.0
2025-03-18,11.71,11.74,11.8,11.66,6035681.0,72263759.0,-0.08510638297871687,-0.009999999999999787,0.011758583674264562,1.1914893617021325,513300000.0
2025-03-19,11.71,11.7,11.84,11.66,7274870.0,87294529.0,-0.34071550255537764,-0.040000000000000924,0.014172744983440483,1.5332197614991459,513300000.0
2025-03-20,11.69,11.7,11.93,11.62,10556672.0,126900652.0,0.0,0.0,0.020566280927332942,2.649572649572654,513300000.0
2025-03-21,11.63,11.66,11.75,11.57,6607844.0,78629072.0,-0.34188034188032956,-0.03999999999999915,0.012873259302552113,1.538461538461536,513300000.0
2025-03-24,11.71,12.07,12.19,11.7,25871726.0,317733992.0,3.516295025728988,0.41000000000000014,0.050402739138905125,4.2024013722126945,513300000.0
2025-03-25,11.95,11.96,12.07,11.75,15447685.0,187514082.0,-0.9113504556752194,-0.10999999999999943,0.03009484706799143,2.651201325600665,513300000.0
2025-03-26,11.88,12.0,12.07,11.8,10886801.0,132910797.0,0.33444816053511683,0.03999999999999915,0.021209431131891682,2.2575250836120366,513300000.0
2025-03-27,11.95,11.86,12.14,11.84,10489998.0,127907463.0,-1.1666666666666714,-0.14000000000000057,0.020436388077147868,2.500000000000006,513300000.0
2025-03-28,11.84,11.69,11.91,11.68,7813955.0,93923724.0,-1.433389544688024,-0.16999999999999993,0.01522297876485486,1.9392917369308638,513300000.0
2025-03-31,11.66,11.57,11.83,11.43,9585698.0,113690755.0,-1.026518391787845,-0.11999999999999922,0.01867465030196766,3.42172797262618,513300000.0
2025-04-01,11.58,11.82,11.86,11.52,8449983.0,101483771.0,2.160760587726873,0.25,0.0164620748100526,2.9386343993085555,513300000.0
2025-04-02,11.8,11.89,11.94,11.71,6329290.0,76650382.0,0.5922165820642977,0.07000000000000028,0.012330586401714397,1.9458544839255385,513300000.0
2025-04-03,11.82,11.97,12.19,11.78,13154189.0,161143866.0,0.6728343145500526,0.08000000000000007,0.025626707578414183,3.448275862068967,513300000.0
2025-04-07,11.52,11.04,11.7,10.78,18126361.0,208831144.0,-7.769423558897259,-0.9300000000000015,0.03531338593415157,7.685881370091896,513300000.0
2025-04-08,11.03,11.41,11.51,11.02,12397145.0,143899035.0,3.351449275362328,0.370000000000001,0.02415185076953049,4.438405797101452,513300000.0
2025-04-09,11.26,11.97,12.02,10.85,18293483.0,215885645.0,4.907975460122693,0.5600000000000005,0.03563896941359829,10.254163014899211,513300000.0
2025-04-10,11.85,12.09,12.22,11.82,27047028.0,333313357.0,1.0025062656641603,0.11999999999999922,0.05269243717124489,3.3416875522138705,513300000.0
2025-04-11,11.95,11.95,12.21,11.86,16360144.0,200503082.0,-1.1579818031430933,-0.14000000000000057,0.03187248003117085,2.8949545078577454,513300000.0
2025-04-14,11.93,12.06,12.18,11.93,13217593.0,162787738.0,0.9205020920502127,0.11000000000000121,0.02575022988505747,2.0920502092050213,513300000.0
2025-04-15,12.01,11.94,12.1,11.86,9001745.0,109751295.0,-0.9950248756218971,-0.120000000000001,0.017537005649717514,1.9900497512437827,513300000.0
2025-04-16,11.87,12.38,12.5,11.86,28775121.0,360247524.0,3.685092127303191,0.4400000000000013,0.05605907071887785,5.360134003350089,513300000.0
2025-04-17,12.29,12.24,12.5,12.14,21893723.0,274943778.0,-1.1308562197092087,-0.14000000000000057,0.04265287940775375,2.9079159935379595,513300000.0
2025-04-18,12.2,11.79,12.26,11.66,18730391.0,227129606.0,-3.6764705882353033,-0.45000000000000107,0.03649014416520553,4.901960784313722,513300000.0
2025-04-21,11.65,11.77,11.82,11.58,11690901.0,139619935.0,-0.16963528413910245,-0.019999999999999574,0.022775961426066627,2.035623409669213,513300000.0
2025-04-22,11.73,11.75,11.8,11.55,12809481.0,152773544.0,-0.1699235344095107,-0.019999999999999574,0.024955154880187024,2.1240441801189465,513300000.0
2025-04-23,11.74,11.64,11.92,11.6,11578643.0,138627557.0,-0.9361702127659521,-0.10999999999999943,0.02255726280927333,2.7234042553191515,513300000.0
2025-04-24,11.59,11.53,11.7,11.46,9016263.0,106405386.0,-0.9450171821305919,-0.11000000000000121,0.01756528930450029,2.0618556701030792,513300000.0
2025-04-25,11.56,11.76,11.81,11.53,13119775.0,156924736.0,1.994796183868175,0.23000000000000043,0.025559662965127607,2.4284475281873474,513300000.0
2025-04-28,11.77,11.4,11.83,11.34,13472676.0,157505121.0,-3.0612244897959107,-0.35999999999999943,0.02624717708942139,4.166666666666669,513300000.0
2025-04-29,11.41,11.36,11.47,11.28,6316619.0,73356135.0,-0.35087719298246833,-0.040000000000000924,0.01230590103253458,1.6666666666666778,513300000.0
2025-04-30,11.46,11.59,11.67,11.38,14944310.0,176335935.0,2.0246478873239493,0.23000000000000043,0.029114182739138905,2.5528169014084434,513300000.0
2025-05-06,11.49,11.43,11.5,11.14,16825906.0,193822298.0,-1.380500431406384,-0.16000000000000014,0.032779867523865185,3.106125970664361,513300000.0
2025-05-07,11.41,11.33,11.54,11.25,11926272.0,138444586.0,-0.8748906386701671,-0.09999999999999964,0.023234506136762128,2.5371828521434745,513300000.0
2025-05-08,11.33,11.32,11.35,11.23,8423548.0,97193128.0,-0.08826125330979595,-0.009999999999999787,0.016410574712643677,1.0591350397175572,513300000.0
2025-05-09,11.31,11.23,11.32,11.18,6614873.0,75953710.0,-0.7950530035335635,-0.08999999999999986,0.012886953048899278,1.2367491166077789,513300000.0
2025-05-12,11.24,11.27,11.27,11.16,6855399.0,78515831.0,0.3561887800534125,0.03999999999999915,0.013355540619520748,0.9795191451469228,513300000.0
2025-05-13,11.3,11.26,11.33,11.23,9961328.0,114684876.0,-0.08873114463175957,-0.009999999999999787,0.019406444574323008,0.8873114463176544,513300000.0
2025-05-14,11.28,11.22,11.28,11.14,7351897.0,84075075.0,-0.3552397868561208,-0.03999999999999915,0.014322807325150984,1.243339253996437,513300000.0
2025-05-15,11.2,11.18,11.25,11.15,5293795.0,60542355.0,-0.35650623885918886,-0.040000000000000924,0.01031325735437366,0.8912655971479468,513300000.0
2025-05-16,11.17,11.2,11.24,11.15,4717484.0,53934621.0,0.17889087656528524,0.019999999999999574,0.009190500681862458,0.805008944543827,513300000.0
2025-05-19,11.21,11.31,11.33,11.18,7990175.0,92046251.0,0.9821428571428648,0.11000000000000121,0.015566286771868302,1.3392857142857175,513300000.0
2025-05-20,11.35,11.32,11.44,11.3,8425586.0,97721024.0,0.08841732979663064,0.009999999999999787,0.01641454510033119,1.2378426171529513,513300000.0
2025-05-21,11.28,11.28,11.29,11.23,4479574.0,51506605.0,-0.35335689045937757,-0.040000000000000924,0.008727009546074421,0.5300353356890346,513300000.0
2025-05-22,11.28,11.13,11.29,11.11,6340099.0,72356396.0,-1.3297872340425454,-0.14999999999999858,0.012351644262614455,1.5957446808510614,513300000.0
2025-05-23,11.12,11.07,11.17,11.06,4738100.0,53793046.0,-0.5390835579514919,-0.0600000000000005,0.009230664328852523,0.9883198562443793,513300000.0
2025-05-26,11.07,11.11,11.11,11.03,2891508.0,32678312.0,0.3613369467027949,0.03999999999999915,0.0056331735827001754,0.7226738934056014,513300000.0
2025-05-27,11.07,11.16,11.16,11.07,3384469.0,38491813.0,0.4500450045004545,0.05000000000000071,0.006593549581141633,0.810081008100809,513300000.0
2025-05-28,11.15,11.19,11.2,11.12,3526097.0,40213037.0,0.26881720430107503,0.02999999999999936,0.006869466199103838,0.7168458781362014,513300000.0
2025-05-29,11.18,11.34,11.35,11.13,8343027.0,95932539.0,1.3404825737265424,0.15000000000000036,0.016253705435417886,1.966041108132251,513300000.0
2025-05-30,11.32,11.21,11.36,11.19,5428788.0,62431169.0,-1.146384479717799,-0.129999999999999,0.01057624780829924,1.4991181657848318,513300000.0
2025-06-03,11.15,11.25,11.27,11.13,4181611.0,47857422.0,0.3568242640499486,0.03999999999999915,0.008146524449639586,1.248884924174833,513300000.0
2025-06-04,11.22,11.55,11.6,11.21,19663625.0,230407597.0,2.666666666666684,0.3000000000000007,0.03830825053574907,3.466666666666656,513300000.0
2025-06-05,11.51,11.51,11.6,11.43,8634940.0,101521494.0,-0.34632034632035014,-0.040000000000000924,0.016822404052211182,1.471861471861471,513300000.0
2025-06-06,11.48,11.53,11.56,11.37,7792301.0,91219602.0,0.17376194613378804,0.019999999999999574,0.01518079290863043,1.6507384882710796,513300000.0
2025-06-09,11.53,11.5,11.55,11.46,4859850.0,56993985.0,-0.2601908065914982,-0.02999999999999936,0.009467855055523085,0.7805724197745001,513300000.0
2025-06-10,11.53,11.46,11.53,11.33,6401200.0,74785132.0,-0.3478260869565153,-0.03999999999999915,0.012470679914280148,1.7391304347826024,513300000.0
2025-06-11,11.5,11.48,11.53,11.46,4168450.0,48915893.0,0.17452006980802626,0.019999999999999574,0.00812088447301773,0.6108202443280847,513300000.0
2025-06-12,11.49,11.4,11.5,11.39,4502695.0,52537923.0,-0.6968641114982632,-0.08000000000000007,0.008772053380089616,0.9581881533100997,513300000.0
2025-06-13,11.41,11.25,11.47,11.18,7591698.0,87467479.0,-1.3157894736842146,-0.15000000000000036,0.014789982466393922,2.543859649122815,513300000.0
2025-06-16,11.19,11.24,11.35,11.14,5528778.0,63358432.0,-0.0888888888888828,-0.009999999999999787,0.01077104617182934,1.8666666666666585,513300000.0
2025-06-17,11.21,11.23,11.33,11.21,4687139.0,53902541.0,-0.0889679715302516,-0.009999999999999787,0.009131383206701734,1.0676156583629823,513300000.0
2025-06-18,11.22,11.24,11.26,11.19,2798000.0,32084587.0,0.08904719501334757,0.009999999999999787,0.005451003311903371,0.623330365093502,513300000.0
2025-06-19,11.22,11.13,11.31,11.1,5163139.0,59000471.0,-0.9786476868327343,-0.10999999999999943,0.010058716150399376,1.8683274021352387,513300000.0
2025-06-20,11.13,11.11,11.19,11.11,2667100.0,30321038.0,-0.17969451931717506,-0.02000000000000135,0.005195986752386518,0.7187780772686438,513300000.0
2025-06-23,11.07,11.1,11.13,11.04,4077272.0,46118354.0,-0.09000900090009312,-0.009999999999999787,0.007943253458016754,0.8100810081008248,513300000.0
2025-06-24,11.12,11.23,11.24,11.12,4693305.0,53631166.0,1.1711711711711814,0.13000000000000078,0.009143395675043834,1.0810810810810902,513300000.0
2025-06-25,11.32,11.29,11.33,11.21,4902147.0,55557693.0,0.5342831700801298,0.05999999999999872,0.009550257159555816,1.068566340160278,513300000.0
2025-06-26,11.29,11.96,12.43,11.26,43193657.0,520970254.0,5.934455270150596,0.6700000000000017,0.0841489518799922,10.363153232949513,513300000.0
2025-06-27,11.71,11.6,11.71,11.53,29394649.0,343539189.0,-3.0100334448160626,-0.3600000000000012,0.057266021819598674,1.505016722408039,513300000.0
2025-06-30,11.62,11.67,11.68,11.55,11372817.0,133025999.0,0.603448275862073,0.07000000000000028,0.022156277030976036,1.1206896551724053,513300000.0
2025-07-01,11.75,11.61,11.8,11.57,11933760.0,139906686.0,-0.5141388174807249,-0.0600000000000005,0.023249094097019286,1.9708654670094294,513300000.0
2025-07-02,11.61,11.55,11.67,11.54,8199211.0,95673858.0,-0.5167958656330685,-0.05999999999999872,0.015973526203000195,1.1197243755383357,513300000.0
2025-07-03,11.52,11.57,11.59,11.52,5794661.0,67378412.0,0.17316017316015841,0.019999999999999574,0.01128903370348724,0.6060606060606085,513300000.0
2025-07-04,11.55,11.53,11.58,11.51,5584137.0,64833288.0,-0.34572169403630504,-0.040000000000000924,0.010878895382817066,0.6050129645635288,513300000.0
2025-07-07,11.53,11.57,11.62,11.52,5417388.0,63091113.0,0.3469210754553309,0.040000000000000924,0.010554038573933373,0.8673026886383318,513300000.0
2025-07-08,11.53,11.58,11.6,11.52,5703913.0,66349122.0,0.08643042350906516,0.009999999999999787,0.011112240405221118,0.6914433880726022,513300000.0
2025-07-09,11.58,11.6,11.67,11.55,8266421.0,96425293.0,0.17271157167528806,0.019999999999999574,0.016104463276836158,1.0362694300518067,513300000.0
2025-07-10,11.58,11.62,11.62,11.54,6340044.0,73935424.0,0.17241379310344307,0.019999999999999574,0.012351537112799533,0.6896551724137937,513300000.0
2025-07-11,11.62,11.66,11.67,11.59,7619005.0,89195430.0,0.3442340791738552,0.040000000000000924,0.014843181375413989,0.688468158347677,513300000.0
2025-07-14,11.66,11.6,11.7,11.59,6385552.0,74729181.0,-0.5145797598627877,-0.0600000000000005,0.012440194817845314,0.9433962264150895,513300000.0
2025-07-15,11.6,11.48,11.6,11.43,7709451.0,89127065.0,-1.0344827586206806,-0.11999999999999922,0.015019386323787258,1.4655172413793098,513300000.0
2025-07-16,11.46,11.55,11.58,11.45,4422064.0,51324997.0,0.6097560975609762,0.07000000000000028,0.008614969803233976,1.132404181184676,513300000.0
2025-07-17,11.54,11.56,11.61,11.5,4668784.0,54268982.0,0.08658008658009031,0.009999999999999787,0.009095624391194233,0.9523809523809474,513300000.0
2025-07-18,11.56,11.6,11.62,11.54,5038116.0,58742867.0,0.34602076124565784,0.03999999999999915,0.009815149035651666,0.6920415224913501,513300000.0
2025-07-21,11.62,11.65,11.65,11.58,7136824.0,83446969.0,0.4310344827586299,0.05000000000000071,0.013903806740697447,0.6034482758620715,513300000.0
2025-07-22,11.66,11.66,11.67,11.58,8168219.0,95519026.0,0.08583690987125081,0.009999999999999787,0.015913148256380284,0.7725321888412005,513300000.0
2025-07-23,11.66,11.62,11.7,11.6,8158385.0,95618177.0,-0.34305317324185847,-0.040000000000000924,0.015893989869472044,0.8576329331046282,513300000.0
2025-07-24,11.59,11.76,11.76,11.58,11787062.0,138840537.0,1.2048192771084487,0.14000000000000057,0.02296330021429963,1.5490533562822695,513300000.0
2025-07-25,11.75,11.7,11.82,11.69,8341025.0,98421607.0,-0.5102040816326592,-0.0600000000000005,0.016249805182154686,1.105442176870755,513300000.0
2025-07-28,11.73,11.72,11.86,11.7,7490021.0,88589328.0,0.17094017094019254,0.02000000000000135,0.014591897525813365,1.3675213675213687,513300000.0
2025-07-29,11.7,11.68,11.78,11.62,6871675.0,80624611.0,-0.34129692832765013,-0.040000000000000924,0.013387249172024157,1.3651877133105812,513300000.0
2025-07-30,11.67,11.77,11.82,11.63,11784805.0,139308005.0,0.7705479452054798,0.08999999999999986,0.022958903175530877,1.626712328767119,513300000.0
2025-07-31,11.77,11.53,11.77,11.52,10452805.0,121902615.0,-2.039082412914195,-0.2400000000000002,0.020363929475939995,2.1240441801189465,513300000.0
2025-08-01,11.53,11.51,11.57,11.46,6029839.0,69833976.0,-0.17346053772766545,-0.019999999999999574,0.011747202415741282,0.9540329575021634,513300000.0
2025-08-04,11.48,11.55,11.55,11.47,4898098.0,56756485.0,0.3475238922675983,0.040000000000000924,0.009542368984999026,0.6950477845351875,513300000.0
2025-08-05,11.54,11.59,11.6,11.54,4207099.0,48980038.0,0.34632034632033903,0.03999999999999915,0.00819617962205338,0.5194805194805238,513300000.0
2025-08-06,11.58,11.56,11.59,11.54,4230635.0,49194581.0,-0.2588438308886887,-0.02999999999999936,0.008242031950126632,0.43140638481450144,513300000.0
2025-08-07,11.56,11.64,11.85,11.55,11092239.0,130164733.0,0.6920415224913601,0.08000000000000007,0.021609661016949153,2.5951557093425515,513300000.0
2025-08-08,11.64,11.71,11.72,11.56,12070129.0,141859883.0,0.6013745704467333,0.07000000000000028,0.023514765244496395,1.3745704467353963,513300000.0
2025-08-11,11.72,11.69,11.72,11.62,7204147.0,84540740.0,-0.1707941929974477,-0.02000000000000135,0.014034963958698616,0.8539709649872026,513300000.0
2025-08-12,11.68,11.68,11.72,11.66,6507236.0,76499825.0,-0.08554319931565191,-0.009999999999999787,0.01267725696473797,0.5132591958939307,513300000.0
2025-08-13,11.78,11.68,11.78,11.65,7563903.0,88995445.0,0.0,0.0,0.01473583284628872,1.1130136986301284,513300000.0
2025-08-14,11.67,11.71,11.83,11.63,12959883.0,152976128.0,0.25684931506850806,0.030000000000001137,0.025248164815897135,1.7123287671232816,513300000.0
2025-08-15,11.68,11.82,11.83,11.63,12538231.0,148302436.0,0.9393680614859123,0.10999999999999943,0.02442671147477109,1.7079419299743746,513300000.0
2025-08-18,11.82,12.24,12.51,11.77,35799102.0,437697926.0,3.5532994923857864,0.41999999999999993,0.06974303915838691,6.260575296108292,513300000.0
2025-08-19,12.05,11.94,12.1,11.9,22957385.0,276349162.0,-2.450980392156865,-0.3000000000000007,0.04472508279758426,1.6339869281045694,513300000.0
2025-08-20,11.91,12.05,12.1,11.86,14140595.0,170576041.0,0.9212730318258089,0.11000000000000121,0.02754840249366842,2.010050251256283,513300000.0
2025-08-21,12.03,12.04,12.18,11.97,14148250.0,171644805.0,-0.08298755186723072,-0.010000000000001563,0.027563315799727255,1.7427385892116103,513300000.0
2025-08-22,12.04,12.02,12.06,11.93,11173500.0,134652422.0,-0.16611295681062677,-0.019999999999999574,0.021767971946230275,1.0797342192691095,513300000.0
2025-08-25,12.03,12.11,12.12,11.94,13629410.0,165033367.0,0.7487520798668879,0.08999999999999986,0.026552522891096823,1.4975041597337746,513300000.0
2025-08-26,12.08,12.15,12.21,12.04,12128293.0,147969368.0,0.3303055326176807,0.040000000000000924,0.0236280790960452,1.4037985136251172,513300000.0
2025-08-27,12.01,11.84,12.07,11.84,17680355.0,212607121.0,-2.551440329218113,-0.3100000000000005,0.034444486654977596,1.8930041152263408,513300000.0
2025-08-28,11.84,11.91,11.98,11.7,10785861.0,128734402.0,0.5912162162162282,0.07000000000000028,0.021012781998831092,2.3648648648648742,513300000.0
2025-08-29,11.89,12.15,12.19,11.84,18471035.0,224272258.0,2.015113350125941,0.2400000000000002,0.03598487239431132,2.9387069689336665,513300000.0
2025-09-01,12.17,12.23,12.34,12.08,17888187.0,220074114.0,0.6584362139917754,0.08000000000000007,0.0348493804792519,2.1399176954732493,513300000.0
2025-09-02,12.2,12.21,12.25,12.1,14518390.0,177860900.0,-0.16353229762877675,-0.019999999999999574,0.02828441457237483,1.2264922322158656,513300000.0
2025-09-03,12.22,12.13,12.27,12.03,12567298.0,153647072.0,-0.6552006552006606,-0.08000000000000007,0.024483339177868692,1.9656019656019672,513300000.0
2025-09-04,12.13,12.33,12.41,12.03,25667471.0,316919565.0,1.6488046166529102,0.1999999999999993,0.05000481394895773,3.1327287716405667,513300000.0
2025-09-05,12.28,12.36,12.36,12.01,20151436.0,247277471.0,0.24330900243307862,0.02999999999999936,0.03925859341515683,2.838605028386047,513300000.0
2025-09-08,12.38,12.33,12.6,12.26,19573896.0,244364654.0,-0.24271844660194164,-0.02999999999999936,0.03813344243132671,2.750809061488672,513300000.0
2025-09-09,12.33,12.25,12.37,12.16,11227637.0,138209166.0,-0.6488240064882356,-0.08000000000000007,0.021873440483148255,1.7031630170316225,513300000.0
2025-09-10,12.24,12.29,12.35,12.23,11161470.0,137988217.0,0.3265306122449019,0.03999999999999915,0.021744535359438925,0.9795918367346876,513300000.0
2025-09-11,12.27,12.19,12.27,12.03,14383368.0,175182543.0,-0.8136696501220508,-0.09999999999999964,0.02802136762127411,1.952807160292923,513300000.0
2025-09-12,12.17,12.1,12.24,12.09,12225165.0,149496575.0,-0.7383100902379036,-0.08999999999999986,0.023816803039158386,1.2305168170631695,513300000.0
2025-09-15,12.13,12.21,12.25,12.05,11702497.0,143056759.0,0.909090909090926,0.11000000000000121,0.022798552503409314,1.6528925619834651,513300000.0
2025-09-16,12.28,12.48,12.69,12.26,25469533.0,318912804.0,2.211302211302213,0.2699999999999996,0.04961919540229885,3.521703521703519,513300000.0
2025-09-17,12.59,12.28,12.65,12.18,19678799.0,243956864.0,-1.602564102564108,-0.20000000000000107,0.038337812195597114,3.766025641025646,513300000.0
2025-09-18,12.3,12.55,12.79,12.24,33120296.0,415278198.0,2.198697068403921,0.27000000000000135,0.06452424702902786,4.47882736156351,513300000.0
2025-09-19,12.49,13.02,13.22,12.29,46444015.0,596550828.0,3.745019920318726,0.46999999999999886,0.09048122930060394,7.410358565737063,513300000.0
2025-09-22,12.92,12.45,12.92,12.43,29203285.0,370195676.0,-4.377880184331795,-0.5700000000000003,0.056893210598090785,3.7634408602150553,513300000.0
2025-09-23,12.34,11.83,12.41,11.73,24277253.0,291144032.0,-4.97991967871485,-0.6199999999999992,0.04729642119618157,5.461847389558231,513300000.0
2025-09-24,11.74,11.9,11.92,11.65,11889910.0,141140826.0,0.591715976331364,0.07000000000000028,0.02316366647184882,2.282333051563817,513300000.0
2025-09-25,11.83,11.82,11.87,11.67,12726872.0,150605580.0,-0.6722689075630228,-0.08000000000000007,0.024794217806351063,1.680672268907557,513300000.0
2025-09-26,11.73,11.71,11.8,11.69,7305902.0,86263689.0,-0.9306260575296044,-0.10999999999999943,0.01423320085719852,0.930626057529621,513300000.0
2025-09-29,11.71,11.8,11.83,11.59,8938643.0,105479737.0,0.7685738684884758,0.08999999999999986,0.017414071692967076,2.049530315969259,513300000.0
2025-09-30,11.82,11.69,11.84,11.68,8994215.0,106030472.0,-0.9322033898305215,-0.11000000000000121,0.017522335865965324,1.3559322033898318,513300000.0
2025-10-09,11.68,11.36,11.68,11.29,13862452.0,158504136.0,-2.8229255774165907,-0.33000000000000007,0.027006530294174946,3.336184773310527,513300000.0
2025-10-10,11.33,11.37,11.39,11.31,7059569.0,80753898.0,0.08802816901407606,0.009999999999999787,0.01375330021429963,0.7042253521126767,513300000.0
2025-10-13,11.17,11.23,11.25,11.1,6885389.0,77543265.0,-1.2313104661389462,-0.1399999999999988,0.013413966491330606,1.3192612137203197,513300000.0
2025-10-14,11.23,11.24,11.32,11.21,5630667.0,63823224.0,0.08904719501334757,0.009999999999999787,0.010969544126241964,0.9795191451469228,513300000.0
2025-10-15,11.24,11.3,11.31,11.22,4140097.0,46955398.0,0.5338078291815096,0.0600000000000005,0.008065647769335672,0.8007117437722406,513300000.0
2025-10-16,11.3,11.25,11.33,11.22,4488043.0,50878960.0,-0.4424778761062065,-0.05000000000000071,0.008743508669394117,0.9734513274336233,513300000.0
2025-10-17,11.26,11.15,11.29,11.14,5334666.0,60174546.0,-0.8888888888888835,-0.09999999999999964,0.010392881355932203,1.3333333333333208,513300000.0
2025-10-20,11.2,11.22,11.27,11.17,4000295.0,45143173.0,0.627802690582957,0.07000000000000028,0.007793288525228911,0.896860986547082,513300000.0
2025-10-21,11.22,11.27,11.29,11.2,4066670.0,46047422.0,0.4456327985739694,0.049999999999998934,0.007922598870056497,0.8021390374331537,513300000.0
2025-10-22,11.27,11.26,11.3,11.24,3486151.0,39542080.0,-0.08873114463175957,-0.009999999999999787,0.006791644262614456,0.5323868677905989,513300000.0
2025-10-23,11.26,11.31,11.32,11.23,4510533.0,51159599.0,0.4440497335701732,0.05000000000000071,0.008787323202805376,0.7992895204262865,513300000.0
2025-10-24,11.31,11.28,11.34,11.25,4234714.0,48064884.0,-0.2652519893899252,-0.030000000000001137,0.008249978570037016,0.79575596816976,513300000.0
2025-10-27,11.3,11.28,11.31,11.24,4099798.0,46513185.0,0.0,0.0,0.007987138125852328,0.6205673758865273,513300000.0
2025-10-28,11.27,11.24,11.31,11.23,3928169.0,44542275.0,-0.35460992907800915,-0.03999999999999915,0.007652774206117281,0.7092198581560291,513300000.0
2025-10-29,11.21,11.24,11.24,11.17,4354816.0,49071758.0,0.0,0.0,0.008483958698616793,0.6227758007117463,513300000.0
2025-10-30,11.24,11.18,11.25,11.17,4414847.0,49756186.0,-0.5338078291814985,-0.0600000000000005,0.008600909799337619,0.7117437722419936,513300000.0
2025-10-31,11.17,11.24,11.25,11.17,3881881.0,43804353.0,0.5366726296959001,0.0600000000000005,0.007562596921878044,0.7155635062611813,513300000.0
2025-11-03,11.24,11.27,11.28,11.21,3613728.0,40896019.0,0.2669039145907437,0.02999999999999936,0.007040187025131502,0.6227758007117304,513300000.0
2025-11-04,11.28,11.29,11.35,11.23,4992038.0,56688523.0,0.17746228926351915,0.019999999999999574,0.00972538086888759,1.0647737355811822,513300000.0
2025-11-05,11.3,11.35,11.39,11.25,7656217.0,87365340.0,0.5314437555358875,0.0600000000000005,0.014915676992012468,1.2400354295837075,513300000.0
2025-11-06,11.34,11.32,11.34,11.27,4738435.0,53876961.0,-0.2643171806167355,-0.02999999999999936,0.009231316968634327,0.6167400881057294,513300000.0
2025-11-07,11.3,11.34,11.4,11.29,4060098.0,46391282.0,0.17667844522968323,0.019999999999999574,0.00790979544126242,0.9717314487632616,513300000.0
2025-11-10,11.32,11.52,11.52,11.31,8691936.0,100161139.0,1.5873015873015817,0.17999999999999972,0.01693344243132671,1.8518518518518439,513300000.0
2025-11-11,11.5,11.5,11.52,11.44,4636804.0,53543972.0,-0.17361111111110494,-0.019999999999999574,0.009033321644262614,0.6944444444444451,513300000.0
2025-11-12,11.53,11.48,11.59,11.43,5730697.0,66266186.0,-0.17391304347825765,-0.019999999999999574,0.011164420416910188,1.3913043478260883,513300000.0
2025-11-13,11.48,11.57,11.57,11.43,5423827.0,62775955.0,0.7839721254355281,0.08999999999999986,0.010566582894993182,1.219512195121956,513300000.0
2025-11-14,11.56,11.5,11.64,11.5,5523897.0,64307624.0,-0.6050129645635338,-0.07000000000000028,0.010761537112799532,1.2100259291270576,513300000.0
2025-11-17,11.56,11.52,11.58,11.46,4561198.0,52795423.0,0.17391304347824654,0.019999999999999574,0.008886027664134035,1.0434782608695583,513300000.0
2025-11-18,11.49,11.4,11.5,11.36,4252695.0,48808014.0,-1.041666666666663,-0.11999999999999922,0.00828500876680304,1.2152777777777828,513300000.0
2025-11-19,11.38,11.41,11.47,11.33,3884425.0,44528031.0,0.0877192982456032,0.009999999999999787,0.007567553087862848,1.2280701754386014,513300000.0
2025-11-20,11.42,11.29,11.42,11.28,3822797.0,43559825.0,-1.0517090271691565,-0.120000000000001,0.0074474907461523476,1.2269938650306798,513300000.0
2025-11-21,11.23,11.04,11.29,11.02,6739728.0,75355650.0,-2.214348981399472,-0.25,0.013130192869666862,2.3914968999114223,513300000.0
2025-11-24,11.09,11.18,11.21,11.06,4157900.0,46615028.0,1.26811594202898,0.14000000000000057,0.008100331190337035,1.3586956521739162,513300000.0
2025-11-25,11.2,11.2,11.26,11.17,3227691.0,36437709.0,0.17889087656528524,0.019999999999999574,0.00628811805961426,0.805008944543827,513300000.0
2025-11-26,11.18,11.12,11.26,11.1,2887606.0,32485226.0,-0.7142857142857117,-0.08000000000000007,0.005625571790375998,1.42857142857143,513300000.0
2025-11-27,11.15,11.13,11.21,11.09,2859699.0,32060451.0,0.08992805755396738,0.010000000000001563,0.005571203974284044,1.079136690647491,513300000.0
2025-11-28,11.14,11.14,11.15,11.06,2374146.0,26536848.0,0.08984725965857088,0.009999999999999787,0.004625260081823495,0.8086253369272224,513300000.0
2025-12-01,11.34,11.36,11.47,11.29,10139982.0,115976606.0,1.9748653500897495,0.21999999999999886,0.01975449444769141,1.6157989228007315,513300000.0
2025-12-02,11.33,11.34,11.45,11.24,7188776.0,81977413.0,-0.17605633802816323,-0.019999999999999574,0.014005018507695305,1.8485915492957665,513300000.0
2025-12-03,11.35,11.43,11.43,11.29,5784898.0,66189278.0,0.7936507936507908,0.08999999999999986,0.011270013637249172,1.234567901234573,513300000.0
2025-12-04,11.38,11.22,11.43,11.2,5441998.0,61633225.0,-1.8372703412073421,-0.20999999999999908,0.010601983245665303,2.012248468941386,513300000.0
2025-12-05,11.23,11.22,11.23,11.16,3459399.0,38979160.0,0.0,0.0,0.006739526592635886,0.6238859180035676,513300000.0
2025-12-08,11.21,11.25,11.25,11.17,3513098.0,39647687.0,0.2673796791443861,0.02999999999999936,0.006844141827391389,0.7130124777183606,513300000.0
2025-12-09,11.24,11.15,11.24,11.15,3296021.0,37068835.0,-0.8888888888888835,-0.09999999999999964,0.006421237093317748,0.7999999999999988,513300000.0
2025-12-10,11.14,11.17,11.19,11.13,2301151.0,25829637.0,0.17937219730941312,0.019999999999999574,0.00448305279563608,0.5381165919282396,513300000.0
2025-12-11,11.18,11.08,11.18,11.07,3426199.0,38299970.0,-0.8057296329453845,-0.08999999999999986,0.006674847067991428,0.9847806624888042,513300000.0
2025-12-12,11.08,11.12,11.12,11.05,2752718.0,30689241.0,0.3610108303248927,0.03999999999999915,0.005362785895187999,0.6317689530685786,513300000.0
2025-12-15,11.1,11.15,11.18,11.07,3059697.0,34324954.0,0.26978417266187993,0.030000000000001137,0.005960835768556399,0.98920863309352,513300000.0
2025-12-16,11.17,11.18,11.25,11.14,4561798.0,51315035.0,0.2690582959641308,0.02999999999999936,0.008887196571205923,0.9865470852017886,513300000.0
2025-12-17,11.19,11.32,11.35,11.16,8046850.0,91391629.0,1.2522361359570633,0.14000000000000057,0.01567669978570037,1.6994633273702997,513300000.0
2025-12-18,11.26,11.35,11.41,11.24,6710028.0,76616141.0,0.26501766784452485,0.02999999999999936,0.013072331969608416,1.5017667844522962,513300000.0
2025-12-19,11.35,11.51,11.56,11.3,10126231.0,116772379.0,1.4096916299559448,0.16000000000000014,0.019727705045782192,2.2907488986784124,513300000.0
2025-12-22,11.54,11.51,11.55,11.41,7687579.0,88763573.0,0.0,0.0,0.014976775764660043,1.2163336229365818,513300000.0
2025-12-23,11.48,11.3,11.49,11.28,7418495.0,84666996.0,-1.824500434404852,-0.20999999999999908,0.014452552113773621,1.824500434404873,513300000.0
2025-12-24,11.31,11.35,11.36,11.24,4772801.0,54225019.0,0.4424778761061843,0.049999999999998934,0.009298268069355154,1.0619469026548602,513300000.0
2025-12-25,11.3,11.3,11.37,11.27,4755546.0,54151939.0,-0.4405286343612258,-0.049999999999998934,0.009264652250146114,0.8810572687224639,513300000.0
2025-12-26,11.32,11.31,11.34,11.26,3913266.0,44524926.0,0.08849557522123686,0.009999999999999787,0.007623740502630041,0.707964601769912,513300000.0
2025-12-29,11.31,11.26,11.33,11.24,3494897.0,39640907.0,-0.4420866489832087,-0.05000000000000071,0.006808683031365673,0.79575596816976,513300000.0
2025-12-30,11.24,11.19,11.25,11.18,3741581.0,42217035.0,-0.6216696269982225,-0.07000000000000028,0.007289267484901617,0.6216696269982263,513300000.0
2025-12-31,11.21,11.25,11.29,11.19,3730360.0,42232873.0,0.536193029490617,0.0600000000000005,0.007267406974478862,0.8936550491510246,513300000.0
2026-01-05,11.25,11.35,11.36,11.24,6535100.0,74439119.0,0.8888888888888946,0.09999999999999964,0.012731541009156438,1.0666666666666598,513300000.0
2026-01-06,11.35,11.39,11.39,11.31,6009027.0,68661230.0,0.35242290748900285,0.040000000000000924,0.011706656925774401,0.7048458149779742,513300000.0
2026-01-07,11.4,11.4,11.47,11.35,6091003.0,69994552.0,0.08779631255486642,0.009999999999999787,0.011866360802649523,1.053555750658481,513300000.0
2026-01-08,11.36,11.36,11.38,11.3,4366249.0,49841546.0,-0.35087719298246833,-0.040000000000000924,0.008506232222871614,0.7017543859649129,513300000.0
2026-01-09,11.38,11.37,11.41,11.32,4550699.0,52002726.0,0.08802816901407606,0.009999999999999787,0.008865573738554452,0.7922535211267593,513300000.0
2026-01-12,11.38,11.42,11.42,11.37,6003585.0,68848059.0,0.4397537379067895,0.05000000000000071,0.01169605493863238,0.4397537379067785,513300000.0
2026-01-13,11.42,11.39,11.51,11.37,7486985.0,86180116.0,-0.26269702276706663,-0.02999999999999936,0.014585982856029613,1.2259194395796897,513300000.0
2026-01-14,11.38,11.52,11.52,11.37,9964030.0,114936178.0,1.14135206321333,0.129999999999999,0.01941170855250341,1.3169446883230935,513300000.0
2026-01-15,11.56,11.78,11.83,11.45,20377491.0,238856415.0,2.256944444444442,0.2599999999999998,0.039698988895382814,3.2986111111111183,513300000.0
2026-01-16,11.65,11.63,11.73,11.56,9480834.0,110838472.0,-1.273344651952446,-0.14999999999999858,0.018470356516656926,1.4431239388794561,513300000.0
2026-01-19,11.59,11.86,11.91,11.58,14476005.0,171975769.0,1.9776440240756532,0.22999999999999865,0.028201841028638222,2.8374892519346524,513300000.0
2026-01-20,11.85,12.03,12.11,11.73,15254800.0,183075737.0,1.4333895446880351,0.16999999999999993,0.0297190726670563,3.2040472175379344,513300000.0
2026-01-21,11.96,11.94,11.99,11.83,7634064.0,90871289.0,-0.7481296758104716,-0.08999999999999986,0.014872518994739918,1.3300083125519546,513300000.0
2026-01-22,11.9,11.93,12.08,11.86,7757998.0,92706986.0,-0.08375209380234727,-0.009999999999999787,0.015113964543152152,1.8425460636515967,513300000.0
2026-01-23,11.95,11.89,11.96,11.81,7257299.0,86265945.0,-0.3352891869237151,-0.03999999999999915,0.014138513539840249,1.2573344509639595,513300000.0
2026-01-26,11.89,11.87,11.99,11.7,9672231.0,114565096.0,-0.1682085786375187,-0.02000000000000135,0.01884323202805377,2.43902439024391,513300000.0
2026-01-27,11.87,11.75,12.11,11.68,11587598.0,137224831.0,-1.0109519797809496,-0.11999999999999922,0.022574708747321256,3.622577927548439,513300000.0
2026-01-28,11.73,11.89,11.98,11.68,8361599.0,99162112.0,1.191489361702125,0.14000000000000057,0.016289887005649716,2.553191489361708,513300000.0
2026-01-29,11.82,12.26,12.38,11.82,20677225.0,252002787.0,3.111858704793935,0.3699999999999992,0.04028292421585817,4.709840201850298,513300000.0
2026-01-30,12.22,12.75,13.4,12.22,39697298.0,504719954.0,3.9967373572593834,0.4900000000000002,0.07733742061172803,9.62479608482871,513300000.0
2026-02-02,12.71,13.17,13.5,12.5,37247014.0,489894338.0,3.294117647058825,0.41999999999999993,0.07256383011883888,7.8431372549019605,513300000.0
2026-02-03,13.04,13.26,13.38,12.97,19201015.0,252876217.0,0.6833712984054552,0.08999999999999986,0.037407003701539064,3.1131359149582396,513300000.0
2026-02-04,13.2,13.55,13.74,13.14,21720109.0,293692071.0,2.1870286576169073,0.2900000000000009,0.04231464835378921,4.5248868778280515,513300000.0
2026-02-05,13.48,14.39,14.76,13.42,38734721.0,555691527.0,6.199261992619931,0.8399999999999999,0.07546214884083383,9.889298892988927,513300000.0
2026-02-06,14.19,13.67,14.19,13.42,32644012.0,446329016.0,-5.0034746351633075,-0.7200000000000006,0.06359636080264952,5.3509381514940895,513300000.0
2026-02-09,13.69,13.47,13.73,13.34,18511547.0,249525383.0,-1.4630577907827291,-0.1999999999999993,0.036063796999805185,2.852962692026339,513300000.0
2026-02-10,13.5,13.36,13.55,13.0,15944390.0,210936063.0,-0.8166295471418006,-0.11000000000000121,0.031062517046561464,4.083147735708988,513300000.0
2026-02-11,13.25,13.24,13.42,12.89,13886600.0,183448462.0,-0.8982035928143617,-0.11999999999999922,0.027053574907461523,3.967065868263468,513300000.0
2026-02-12,13.15,12.94,13.23,12.86,11724226.0,152026578.0,-2.265861027190341,-0.3000000000000007,0.022840884473017728,2.7945619335347507,513300000.0
2026-02-13,13.05,12.98,13.16,12.93,8589497.0,111933946.0,0.30911901081918103,0.040000000000000924,0.016733872978764854,1.777434312210204,513300000.0
2026-02-24,12.97,12.5,12.99,12.47,14139847.0,178312359.0,-3.6979969183358996,-0.4800000000000004,0.027546945256185465,4.006163328197223,513300000.0
2026-02-25,12.55,12.5,12.69,12.41,10572903.0,132284761.0,0.0,0.0,0.02059790181180596,2.239999999999995,513300000.0
2026-02-26,12.52,12.37,12.56,12.3,11314594.0,140476517.0,-1.0400000000000076,-0.13000000000000078,0.0220428482368985,2.0799999999999983,513300000.0
2026-02-27,12.48,12.61,12.62,12.43,8398589.0,105347932.0,1.9401778496362265,0.2400000000000002,0.0163619501266316,1.535974130962001,513300000.0
2026-03-02,12.49,12.3,12.69,12.25,9378101.0,116381050.0,-2.4583663758921404,-0.3099999999999987,0.018270214299629845,3.4892942109436915,513300000.0
2026-03-03,12.44,12.44,12.55,12.29,12476738.0,154991025.0,1.1382113821138073,0.1399999999999988,0.024306912137151762,2.113821138211395,513300000.0
2026-03-04,12.31,12.48,12.68,12.25,10523099.0,131347238.0,0.3215434083601254,0.040000000000000924,0.020500874732125463,3.4565916398713807,513300000.0
2026-03-05,12.68,12.44,12.77,12.42,12306317.0,155296239.0,-0.3205128205128305,-0.040000000000000924,0.023974901616988117,2.8044871794871766,513300000.0
2026-03-06,12.42,12.63,12.67,12.42,7070402.0,89021981.0,1.5273311897106234,0.19000000000000128,0.013774404831482564,2.009646302250804,513300000.0
2026-03-09,12.45,12.43,12.6,12.26,9229550.0,114471447.0,-1.5835312747426888,-0.20000000000000107,0.017980810442236508,2.6920031670625484,513300000.0
2026-03-10,12.51,12.79,12.88,12.46,11974249.0,152408928.0,2.8962188254223697,0.35999999999999943,0.02332797389440873,3.3789219629927594,513300000.0
2026-03-11,12.86,12.72,12.86,12.6,8555314.0,108475307.0,-0.5473025801407183,-0.06999999999999851,0.016667278394700953,2.0328381548084424,513300000.0
2026-03-12,12.69,13.0,13.06,12.67,14019050.0,180922457.0,2.2012578616352085,0.27999999999999936,0.02731161114358075,3.066037735849061,513300000.0
2026-03-13,13.06,13.46,13.55,12.99,21537821.0,288104029.0,3.5384615384615348,0.46000000000000085,0.041959518799922074,4.307692307692312,513300000.0
2026-03-16,13.55,13.82,14.35,13.41,32750077.0,454746655.0,2.6745913818722045,0.35999999999999943,0.06380299435028249,6.983655274888554,513300000.0
2026-03-17,13.57,13.8,14.02,13.57,16234699.0,224302199.0,-0.14471780028942893,-0.019999999999999574,0.031628090785115914,3.256150506512296,513300000.0
2026-03-18,13.68,13.68,13.89,13.45,14005050.0,190926287.0,-0.8695652173913104,-0.120000000000001,0.027284336645236704,3.188405797101458,513300000.0
2026-03-19,13.61,13.58,13.7,13.46,9037501.0,122437646.0,-0.7309941520467822,-0.09999999999999964,0.017606664718488214,1.754385964912269,513300000.0
2026-03-20,13.61,13.61,13.87,13.48,12020831.0,164384183.0,0.22091310751104487,0.02999999999999936,0.02341872394311319,2.8718703976435846,513300000.0
2026-03-23,13.5,12.44,13.56,12.38,18880442.0,241634803.0,-8.596620132255694,-1.17,0.03678247029027859,8.670095518001467,513300000.0
2026-03-24,12.8,13.05,13.06,12.58,12276700.0,157711235.0,4.9035369774919735,0.6100000000000012,0.02391720241574128,3.858520900321547,513300000.0
2026-03-25,13.07,13.45,13.57,13.0,11364304.0,151523104.0,3.0651340996168397,0.3999999999999986,0.022139692187804403,4.367816091954025,513300000.0
2026-03-26,13.46,13.28,13.64,13.22,11033174.0,147686028.0,-1.263940520446094,-0.16999999999999993,0.021494591856614065,3.12267657992565,513300000.0
2026-03-27,13.11,13.34,13.39,13.05,7660299.0,101732841.0,0.45180722891566827,0.0600000000000005,0.014923629456458212,2.560240963855421,513300000.0
2026-03-30,13.11,13.23,13.42,13.11,6971348.0,92633716.0,-0.8245877061469176,-0.10999999999999943,0.01358142996298461,2.3238380809595243,513300000.0
2026-03-31,13.2,13.0,13.48,12.82,9800836.0,128032254.0,-1.7384731670445963,-0.23000000000000043,0.01909377751802065,4.988662131519275,513300000.0
2026-04-01,13.13,13.48,13.56,12.97,12903324.0,172038233.0,3.692307692307706,0.4800000000000004,0.025137977790765636,4.538461538461537,513300000.0
2026-04-02,13.48,13.18,13.48,13.03,11537787.0,152093956.0,-2.2255192878338326,-0.3000000000000007,0.022477668030391584,3.3382789317507497,513300000.0
2026-04-03,13.2,12.78,13.24,12.7,7869319.0,101165662.0,-3.0349013657056223,-0.40000000000000036,0.015330837716734854,4.097116843702587,513300000.0
2026-04-07,12.76,12.77,13.02,12.5,8619201.0,109541542.0,-0.07824726134585402,-0.009999999999999787,0.016791741671537113,4.068857589984347,513300000.0
2026-04-08,12.86,13.16,13.3,12.86,10321357.0,135589921.0,3.0540328895849678,0.39000000000000057,0.02010784531463082,3.4455755677368938,513300000.0
2026-04-09,13.05,12.56,13.06,12.46,16560862.0,208629834.0,-4.5592705167173175,-0.5999999999999996,0.032263514513929475,4.559270516717322,513300000.0
2026-04-10,12.53,12.29,12.61,12.26,18882351.0,234065328.0,-2.1496815286624282,-0.27000000000000135,0.03678618936294564,2.786624203821653,513300000.0
2026-04-13,12.2,12.16,12.23,12.07,9602351.0,116461007.0,-1.0577705451586539,-0.129999999999999,0.018707093317747905,1.3018714401952818,513300000.0
2026-04-14,12.17,11.95,12.23,11.86,16066985.0,192019174.0,-1.726973684210531,-0.21000000000000085,0.031301353984024935,3.0427631578947447,513300000.0
2026-04-15,11.98,12.36,12.39,11.96,20936212.0,256206330.0,3.4309623430962333,0.41000000000000014,0.040787477108903174,3.598326359832634,513300000.0
2026-04-16,12.27,12.62,12.66,12.19,20641448.0,257153980.0,2.1035598705501535,0.2599999999999998,0.040213224235339955,3.8025889967637596,513300000.0
2026-04-17,12.61,12.26,12.63,12.19,14164801.0,173862223.0,-2.852614896988903,-0.35999999999999943,0.02759556010130528,3.4865293185420074,513300000.0
2026-04-20,12.21,12.27,12.33,12.07,9841677.0,120263536.0,0.08156606851550396,0.009999999999999787,0.0191733430742256,2.1207177814029348,513300000.0
2026-04-21,12.24,12.18,12.38,12.11,8486397.0,103431353.0,-0.7334963325183352,-0.08999999999999986,0.01653301578024547,2.2004889975550235,513300000.0
2026-04-22,12.15,12.16,12.28,12.06,8951072.0,108660738.0,-0.16420361247947435,-0.019999999999999574,0.01743828560296123,1.806239737274211,513300000.0
2026-04-23,12.16,12.17,12.27,12.09,8628800.0,104992889.0,0.0822368421052655,0.009999999999999787,0.016810442236508863,1.4802631578947345,513300000.0
2026-04-24,12.17,12.05,12.17,11.9,7106951.0,85401419.0,-0.9860312243220926,-0.11999999999999922,0.013845608805766609,2.2185702547247295,513300000.0
2026-04-27,12.07,12.0,12.08,11.81,7922350.0,94320383.0,-0.4149377593361092,-0.05000000000000071,0.015434151568283655,2.240663900414934,513300000.0
2026-04-28,11.92,11.66,11.92,11.57,11133899.0,130340890.0,-2.833333333333332,-0.33999999999999986,0.021690822131307227,2.9166666666666634,513300000.0
2026-04-29,11.66,11.91,11.94,11.62,10304799.0,121917329.0,2.1440823327615766,0.25,0.020075587375803623,2.7444253859348224,513300000.0
2026-04-30,11.9,11.89,12.05,11.66,10514399.0,124311891.0,-0.16792611251049694,-0.019999999999999574,0.02048392557958309,3.2745591939546648,513300000.0
2026-05-06,11.82,11.48,11.82,11.37,16965749.0,194726055.0,-3.4482758620689613,-0.41000000000000014,0.03305230664328852,3.784693019343995,513300000.0
2026-05-07,11.45,11.41,11.57,11.39,8482841.0,96938578.0,-0.6097560975609762,-0.07000000000000028,0.01652608805766608,1.5679442508710777,513300000.0
2026-05-08,11.41,11.47,11.57,11.34,7363960.0,84425466.0,0.5258545135845782,0.0600000000000005,0.014346308201831288,2.015775635407541,513300000.0
2026-05-11,11.48,11.4,11.5,11.37,9129349.0,104096173.0,-0.6102877070619073,-0.07000000000000028,0.017785601013052797,1.1333914559721079,513300000.0
2026-05-12,11.43,11.35,11.43,11.29,7559440.0,85740705.0,-0.43859649122807154,-0.05000000000000071,0.014727138125852328,1.2280701754386014,513300000.0
2026-05-13,11.36,11.35,11.39,11.3,4484266.0,50895906.0,0.0,0.0,0.008736150399376584,0.7929515418502191,513300000.0
2026-05-14,11.35,11.33,11.43,11.22,7521001.0,85149838.0,-0.17621145374449032,-0.019999999999999574,0.014652252094291838,1.8502202643171726,513300000.0
2026-05-15,11.32,11.36,11.42,11.25,6396053.0,72439121.0,0.26478375992937675,0.02999999999999936,0.012460652639781805,1.5004413062665483,513300000.0
2026-05-18,11.34,11.1,11.35,11.09,7840701.0,87452470.0,-2.2887323943661997,-0.2599999999999998,0.015275084745762712,2.2887323943661957,513300000.0
2026-05-19,11.14,11.26,11.3,11.1,5924602.0,66514646.0,1.441441441441449,0.16000000000000014,0.011542181959867524,1.8018018018018116,513300000.0
2026-05-20,11.2,11.18,11.25,11.13,3405200.0,38035109.0,-0.7104795737122527,-0.08000000000000007,0.006633937268653809,1.0657193605683768,513300000.0
2026-05-21,11.24,11.12,11.4,11.11,10143273.0,114390127.0,-0.536672629695889,-0.0600000000000005,0.019760905902980713,2.5939177101967883,513300000.0
2026-05-22,11.17,10.99,11.19,10.98,6779400.0,74781860.0,-1.1690647482014316,-0.129999999999999,0.013207481005260082,1.8884892086330853,513300000.0
2026-05-25,10.97,10.9,11.12,10.81,8196450.0,89791505.0,-0.8189262966333044,-0.08999999999999986,0.015968147282291057,2.820746132848032,513300000.0
2026-05-26,10.9,11.04,11.05,10.82,5638399.0,61808336.0,1.284403669724754,0.1399999999999988,0.010984607442041692,2.11009174311927,513300000.0
2026-05-27,11.04,10.92,11.15,10.86,4832600.0,52954638.0,-1.0869565217391242,-0.11999999999999922,0.00941476719267485,2.626811594202907,513300000.0
2026-05-28,10.87,10.87,10.93,10.74,4097511.0,44459658.0,-0.45787545787546735,-0.05000000000000071,0.007982682641729983,1.7399267399267355,513300000.0
2026-05-29,10.88,11.03,11.18,10.82,8839600.0,97755845.0,1.4719411223551138,0.16000000000000014,0.017221118254432104,3.311867525298983,513300000.0
2026-06-01,11.03,11.2,11.22,10.93,8945521.0,99388604.0,1.5412511332728807,0.16999999999999993,0.017427471264367816,2.6291931097008248,513300000.0
2026-06-02,11.16,11.16,11.22,11.1,4973301.0,55413397.0,-0.35714285714284477,-0.03999999999999915,0.009688877849210988,1.0714285714285805,513300000.0
2026-06-03,11.15,11.02,11.16,10.91,6265064.0,68921921.0,-1.2544802867383575,-0.14000000000000057,0.012205462692382622,2.240143369175627,513300000.0
2026-06-04,11.01,10.79,11.04,10.7,7306201.0,79110823.0,-2.0871143375680634,-0.23000000000000043,0.01423378336255601,3.085299455535389,513300000.0
2026-06-05,10.78,10.88,10.99,10.78,4469500.0,48663213.0,0.8341056533827773,0.09000000000000163,0.008707383596337425,1.9462465245597855,513300000.0
2026-06-08,10.75,10.69,10.92,10.62,5050099.0,54237065.0,-1.7463235294117752,-0.19000000000000128,0.009838494058055718,2.757352941176477,513300000.0
2026-06-09,10.73,10.71,10.81,10.62,3411696.0,36572092.0,0.187090739008422,0.02000000000000135,0.006646592635885447,1.7773620205799934,513300000.0
2026-06-10,10.71,11.24,11.24,10.67,15966426.0,176993208.0,4.948646125116718,0.5299999999999994,0.031105447106955,5.322128851540618,513300000.0
2026-06-11,11.15,10.76,11.16,10.71,12224261.0,132883070.0,-4.270462633451966,-0.4800000000000004,0.023815041885836743,4.003558718861203,513300000.0
2026-06-12,10.83,11.1,11.15,10.72,9854280.0,108287105.0,3.1598513011152463,0.33999999999999986,0.019197895967270603,3.9962825278810383,513300000.0
2026-06-15,11.0,11.18,11.22,10.99,6679095.0,74265404.0,0.7207207207207134,0.08000000000000007,0.01301206896551724,2.0720720720720758,513300000.0
2026-06-16,11.17,11.05,11.27,10.96,6972250.0,77350304.0,-1.1627906976744096,-0.129999999999999,0.013583187219949347,2.7728085867620638,513300000.0
2026-06-17,10.98,10.94,11.05,10.78,6662013.0,72460548.0,-0.9954751131221795,-0.11000000000000121,0.012978790181180595,2.4434389140271615,513300000.0
2026-06-18,10.86,10.95,11.0,10.76,5665551.0,61776795.0,0.0914076782449813,0.009999999999999787,0.011037504383401519,2.193784277879344,513300000.0
2026-06-22,10.91,10.97,10.99,10.6,7972501.0,85827233.0,0.18264840182649067,0.02000000000000135,0.015531854665887395,3.5616438356164437,513300000.0
2026-06-23,10.91,11.11,11.16,10.88,7456836.0,82603035.0,1.2762078395624377,0.1399999999999988,0.014527247223845704,2.55241567912488,513300000.0
