date,open,close,high,low,volume,amount,pct_chg,change,turnover,amplitude,outstanding_share
2023-06-26,12.43,12.14,12.54,12.11,12852769.0,160926017.0,,,0.017756367429266135,,723840000.0
2023-06-27,12.19,12.66,12.67,12.15,16643435.0,212506672.0,4.283360790774293,0.5199999999999996,0.022993251270999115,4.283360790774296,723840000.0
2023-06-28,12.59,12.46,12.62,12.3,10046955.0,127562164.0,-1.579778830963663,-0.1999999999999993,0.013880077088859416,2.527646129541852,723840000.0
2023-06-29,12.47,12.13,12.49,12.1,16177071.0,201565066.0,-2.6484751203852297,-0.33000000000000007,0.02234895971485411,3.1300160513643704,723840000.0
2023-06-30,12.16,12.26,12.36,12.08,9779947.0,122182611.0,1.0717230008243872,0.129999999999999,0.013511199988947833,2.3083264633140916,723840000.0
2023-07-03,12.25,12.96,13.09,12.25,31579869.0,411885488.0,5.709624796084833,0.7000000000000011,0.043628245192307694,6.851549755301793,723840000.0
2023-07-04,12.92,12.98,13.07,12.85,13330173.0,176167948.0,0.15432098765431057,0.019999999999999574,0.01841591097480106,1.6975308641975357,723840000.0
2023-07-05,12.96,12.78,13.01,12.74,10423254.0,136477259.0,-1.5408320493066285,-0.20000000000000107,0.01439994197612732,2.080123266563941,723840000.0
2023-07-06,12.73,12.58,12.89,12.52,13783558.0,177926116.0,-1.5649452269170472,-0.1999999999999993,0.019042271772767464,2.8951486697965647,723840000.0
2023-07-07,12.56,12.63,12.69,12.49,6876226.0,88515899.0,0.3974562798092274,0.05000000000000071,0.009499649093722369,1.5898251192368782,723840000.0
2023-07-10,12.71,12.9,12.96,12.68,12542195.0,164467798.0,2.13776722090262,0.2699999999999996,0.01732730299513705,2.2169437846397555,723840000.0
2023-07-11,12.84,12.88,12.91,12.72,8099633.0,106057362.0,-0.15503875968991832,-0.019999999999999574,0.011189811284261716,1.4728682170542597,723840000.0
2023-07-12,12.88,12.74,12.91,12.72,9863420.0,128807919.0,-1.0869565217391353,-0.14000000000000057,0.01362651967285588,1.4751552795031015,723840000.0
2023-07-13,12.77,12.73,12.81,12.54,12227840.0,157854176.0,-0.07849293563578774,-0.009999999999999787,0.016893015030946066,2.1193092621664156,723840000.0
2023-07-14,12.7,12.53,12.72,12.5,10811828.0,138785184.0,-1.5710919088766762,-0.20000000000000107,0.014936765030946065,1.7282010997643413,723840000.0
2023-07-17,12.46,12.59,12.65,12.36,11553777.0,147638671.0,0.47885075818037137,0.0600000000000005,0.01596178299071618,2.314445331205115,723840000.0
2023-07-18,12.54,12.54,12.67,12.46,10487779.0,134506347.0,-0.3971405877680745,-0.05000000000000071,0.01448908460433245,1.6679904686258862,723840000.0
2023-07-19,12.5,12.52,12.64,12.41,8848178.0,113059658.0,-0.15948963317383713,-0.019999999999999574,0.012223941755083996,1.834130781499206,723840000.0
2023-07-20,12.53,12.47,12.66,12.45,11911667.0,152562071.0,-0.39936102236420856,-0.049999999999998934,0.016456215461980547,1.6773162939297193,723840000.0
2023-07-21,12.49,12.53,12.65,12.35,11233567.0,143464400.0,0.4811547714514752,0.05999999999999872,0.015519406222369584,2.405773857257423,723840000.0
2023-07-24,12.55,12.47,12.64,12.42,9995351.0,127665359.0,-0.47885075818036027,-0.05999999999999872,0.013808785090627763,1.755786113328018,723840000.0
2023-07-25,12.57,12.84,12.84,12.57,22341065.0,290934732.0,2.967121090617475,0.3699999999999992,0.030864645501768345,2.1651964715316727,723840000.0
2023-07-26,12.85,12.78,12.91,12.7,12478621.0,162807129.0,-0.4672897196261738,-0.0600000000000005,0.017239474193191866,1.6355140186915955,723840000.0
2023-07-27,12.78,12.91,13.04,12.73,19888693.0,262509829.0,1.0172143974960912,0.13000000000000078,0.02747664262820513,2.42566510172143,723840000.0
2023-07-28,12.87,13.1,13.15,12.84,20904050.0,277840225.0,1.4717273431448463,0.1899999999999995,0.02887937942086649,2.4012393493415995,723840000.0
2023-07-31,13.33,13.35,13.38,13.08,28383406.0,383999235.0,1.9083969465648831,0.25,0.03921226514146773,2.290076335877868,723840000.0
2023-08-01,13.3,13.19,13.38,13.14,16043254.0,216819169.0,-1.1985018726591745,-0.16000000000000014,0.022164088748894785,1.7977528089887655,723840000.0
2023-08-02,13.11,13.01,13.19,12.99,10406978.0,138864490.0,-1.3646702047005244,-0.17999999999999972,0.014377456343943412,1.5163002274450288,723840000.0
2023-08-03,12.96,13.09,13.11,12.95,8077757.0,107559556.0,0.6149116064565696,0.08000000000000007,0.0111595891357206,1.2298232129131448,723840000.0
2023-08-04,13.11,12.98,13.22,12.95,13833832.0,184361390.0,-0.8403361344537785,-0.10999999999999943,0.01911172634836428,2.0626432391138376,723840000.0
2023-08-07,12.96,13.02,13.02,12.86,8129880.0,107516394.0,0.30816640986131016,0.03999999999999915,0.011231598143236075,1.2326656394453015,723840000.0
2023-08-08,13.01,13.11,13.17,12.93,11900486.0,158566009.0,0.691244239631339,0.08999999999999986,0.01644076867816092,1.8433179723502322,723840000.0
2023-08-09,13.08,12.92,13.08,12.91,9373196.0,123929161.0,-1.449275362318836,-0.1899999999999995,0.012949265030946065,1.29672006102212,723840000.0
2023-08-10,12.9,13.22,13.29,12.89,18663117.0,250557915.0,2.3219814241486114,0.3000000000000007,0.025783483919098144,3.0959752321981315,723840000.0
2023-08-11,13.25,13.12,13.54,13.12,27614009.0,374438112.0,-0.7564296520423675,-0.10000000000000142,0.03814932719938108,3.1770045385779113,723840000.0
2023-08-14,13.01,13.4,13.43,12.94,29453744.0,399954350.0,2.1341463414634276,0.28000000000000114,0.04069095932802829,3.7347560975609775,723840000.0
2023-08-15,13.34,12.99,13.34,12.84,22710515.0,303228766.0,-3.0597014925373145,-0.41000000000000014,0.031375048353227235,3.731343283582089,723840000.0
2023-08-16,13.04,12.78,13.08,12.75,14158398.0,185761767.0,-1.616628175519641,-0.21000000000000085,0.01956012102122016,2.5404157043879914,723840000.0
2023-08-17,12.75,12.86,12.89,12.48,12437723.0,161655099.0,0.6259780907668322,0.08000000000000007,0.017182972756410255,3.2081377151799697,723840000.0
2023-08-18,12.79,12.42,12.83,12.42,16588576.0,213581214.0,-3.4214618973561373,-0.4399999999999995,0.022917462422634836,3.188180404354589,723840000.0
2023-08-21,12.43,12.17,12.49,12.14,16734818.0,209607730.0,-2.012882447665054,-0.25,0.023119498784261717,2.8180354267310763,723840000.0
2023-08-22,12.2,12.03,12.25,11.74,20657787.0,251260181.0,-1.1503697617091246,-0.14000000000000057,0.028539161969496022,4.190632703368938,723840000.0
2023-08-23,12.0,11.83,12.02,11.83,8920286.0,108430707.0,-1.6625103906899308,-0.1999999999999993,0.012323560455349249,1.5793848711554408,723840000.0
2023-08-24,11.83,11.87,11.95,11.78,10510816.0,127410484.0,0.33812341504648735,0.03999999999999915,0.014520910698496906,1.4370245139475903,723840000.0
2023-08-25,11.8,11.75,11.97,11.65,12948203.0,156092590.0,-1.0109519797809496,-0.11999999999999922,0.017888211483200706,2.6958719460825638,723840000.0
2023-08-28,12.23,11.93,12.35,11.86,19229798.0,237445865.0,1.5319148936170146,0.17999999999999972,0.026566365495137047,4.170212765957448,723840000.0
2023-08-29,11.93,12.19,12.22,11.91,12760750.0,157855396.0,2.1793797150041927,0.2599999999999998,0.017629241268788683,2.5984911986588473,723840000.0
2023-08-30,12.15,12.2,12.26,12.1,10128805.0,125749211.0,0.08203445447088065,0.009999999999999787,0.013993154564544651,1.3125512715340455,723840000.0
2023-08-31,12.17,12.14,12.27,12.11,12030831.0,149504097.0,-0.4918032786885185,-0.05999999999999872,0.01662084300397878,1.3114754098360668,723840000.0
2023-09-01,12.16,12.39,12.43,12.16,14059481.0,176612866.0,2.0593080724876422,0.25,0.01942346513041556,2.224052718286652,723840000.0
2023-09-04,12.54,12.59,12.62,12.38,15633455.0,200053789.0,1.6142050040355072,0.1999999999999993,0.02159794291556145,1.9370460048426024,723840000.0
2023-09-05,12.56,12.52,12.67,12.5,11305448.0,145020707.0,-0.5559968228753043,-0.07000000000000028,0.015618711317418214,1.350277998411437,723840000.0
2023-09-06,12.48,12.42,12.53,12.32,11986553.0,151703948.0,-0.7987220447284282,-0.09999999999999964,0.016559672026967287,1.677316293929705,723840000.0
2023-09-07,12.42,12.3,12.5,12.27,12901348.0,162950047.0,-0.9661835748792202,-0.11999999999999922,0.01782348032714412,1.8518518518518552,723840000.0
2023-09-08,12.25,12.37,12.4,12.12,9173102.0,114825629.0,0.5691056910569037,0.06999999999999851,0.012672831012378425,2.2764227642276516,723840000.0
2023-09-11,12.39,12.52,12.54,12.31,11754142.0,149166899.0,1.2126111560226471,0.15000000000000036,0.016238591401414676,1.8593371059013635,723840000.0
2023-09-12,12.47,12.38,12.53,12.37,7887398.0,100153293.0,-1.118210862619795,-0.1399999999999988,0.010896604221927498,1.2779552715654963,723840000.0
2023-09-13,12.34,12.26,12.42,12.17,8396264.0,105351367.0,-0.9693053311793265,-0.120000000000001,0.01159961317418214,2.0193861066235863,723840000.0
2023-09-14,12.34,12.14,12.37,12.07,8608214.0,106889297.0,-0.9787928221859588,-0.11999999999999922,0.011892426503094607,2.446982055464918,723840000.0
2023-09-15,12.23,12.28,12.36,12.17,12324068.0,154358277.0,1.153212520593061,0.1399999999999988,0.017025956012378426,1.5650741350906054,723840000.0
2023-09-18,12.29,12.59,12.62,12.28,22681968.0,289345788.0,2.5244299674267223,0.3100000000000005,0.031335610079575596,2.76872964169381,723840000.0
2023-09-19,12.56,12.41,12.57,12.36,12747643.0,161798766.0,-1.429706115965046,-0.17999999999999972,0.017611133675950488,1.6679904686259004,723840000.0
2023-09-20,12.36,12.02,12.38,11.98,18548472.0,228555684.0,-3.1426269137792118,-0.39000000000000057,0.02562509946949602,3.2232070910556034,723840000.0
2023-09-21,11.95,11.78,12.01,11.77,11631896.0,140877178.0,-1.9966722129783676,-0.2400000000000002,0.016069706012378428,1.9966722129783712,723840000.0
2023-09-22,11.81,11.93,11.93,11.71,12486379.0,150591716.0,1.2733446519524572,0.15000000000000036,0.017250192031388153,1.8675721561969345,723840000.0
2023-09-25,11.87,11.78,11.89,11.75,11114768.0,133738183.0,-1.257334450963954,-0.15000000000000036,0.01535528293545535,1.173512154233031,723840000.0
2023-09-26,11.76,11.79,11.85,11.75,7370904.0,88711874.0,0.0848896434634927,0.009999999999999787,0.010183057029177718,0.8488964346349717,723840000.0
2023-09-27,11.76,11.81,11.86,11.72,9000127.0,108195433.0,0.16963528413911355,0.02000000000000135,0.012433862455791336,1.1874469889736963,723840000.0
2023-09-28,11.82,11.87,11.9,11.78,11245131.0,135870386.0,0.508044030482635,0.05999999999999872,0.015535382128647215,1.016088060965292,723840000.0
2023-10-09,11.74,10.97,11.76,10.88,27425186.0,312621646.0,-7.582139848357194,-0.8999999999999986,0.0378884643015031,7.413647851727036,723840000.0
2023-10-10,10.99,10.82,11.05,10.78,14701681.0,163274067.0,-1.3673655423883324,-0.15000000000000036,0.020310677774093722,2.4612579762990094,723840000.0
2023-10-11,10.82,10.83,10.85,10.71,10971401.0,120691957.0,0.09242144177448175,0.009999999999999787,0.01515721844606543,1.2939001848428724,723840000.0
2023-10-12,10.86,10.83,10.87,10.8,8045304.0,88868783.0,0.0,0.0,0.011114754641909814,0.646352723915037,723840000.0
2023-10-13,10.79,10.62,10.79,10.52,14154060.0,153434952.0,-1.939058171745156,-0.21000000000000085,0.01955412798408488,2.4930747922437635,723840000.0
2023-10-16,10.62,10.55,10.64,10.5,7302704.0,78816900.0,-0.6591337099811523,-0.06999999999999851,0.010088837312113174,1.3182674199623405,723840000.0
2023-10-17,10.55,10.5,10.62,10.43,8907823.0,95495648.0,-0.4739336492891044,-0.05000000000000071,0.012306342561892131,1.8009478672985733,723840000.0
2023-10-18,10.48,10.26,10.48,10.24,11586497.0,122082415.0,-2.285714285714291,-0.2400000000000002,0.016006986350574712,2.285714285714288,723840000.0
2023-10-19,10.22,10.24,10.38,10.22,8564398.0,89904217.0,-0.19493177387913674,-0.019999999999999574,0.011831893788682582,1.5594541910331399,723840000.0
2023-10-20,10.22,10.17,10.31,10.14,7985396.0,83205099.0,-0.68359375,-0.07000000000000028,0.011031990495137046,1.6601562499999993,723840000.0
2023-10-23,10.13,9.96,10.16,9.91,10255463.0,104797291.0,-2.0648967551622377,-0.20999999999999908,0.014168135223253758,2.4582104228121926,723840000.0
2023-10-24,9.99,10.05,10.09,9.98,11114642.0,113810497.0,0.9036144578313143,0.08999999999999986,0.015355108863837312,1.1044176706827251,723840000.0
2023-10-25,10.13,10.18,10.32,10.12,10534396.0,109867154.0,1.2935323383084452,0.129999999999999,0.014553486958443855,1.9900497512437916,723840000.0
2023-10-26,10.1,10.2,10.2,10.04,7896512.0,81396723.0,0.19646365422396617,0.019999999999999574,0.01090919540229885,1.5717092337917498,723840000.0
2023-10-27,10.17,10.46,10.46,10.11,14091911.0,148802542.0,2.5490196078431504,0.26000000000000156,0.019468267849248454,3.431372549019622,723840000.0
2023-10-30,10.4,10.55,10.6,10.36,11942612.0,127955016.0,0.8604206500955947,0.08999999999999986,0.016498966622458002,2.294455066921608,723840000.0
2023-10-31,10.44,10.45,10.58,10.33,12799900.0,135923249.0,-0.9478672985782088,-0.10000000000000142,0.01768332780725022,2.3696682464454977,723840000.0
2023-11-01,10.42,10.36,10.48,10.31,9538895.0,100886081.0,-0.8612440191387516,-0.08999999999999986,0.013178181642351901,1.6267942583732053,723840000.0
2023-11-02,10.34,10.25,10.4,10.24,8709663.0,91594334.0,-1.061776061776054,-0.10999999999999943,0.012032580404509283,1.5444015444015458,723840000.0
2023-11-03,10.29,10.35,10.38,10.21,10229724.0,107742378.0,0.9756097560975618,0.09999999999999964,0.01413257625994695,1.6585365853658531,723840000.0
2023-11-06,10.42,10.49,10.52,10.3,13388282.0,142485050.0,1.352657004830915,0.14000000000000057,0.018496189765694077,2.1256038647342885,723840000.0
2023-11-07,10.48,10.42,10.48,10.27,14434281.0,152522782.0,-0.6673021925643452,-0.07000000000000028,0.019941259118037135,2.001906577693049,723840000.0
2023-11-08,10.34,10.39,10.48,10.33,10965270.0,116392287.0,-0.2879078694817627,-0.02999999999999936,0.015148748342175066,1.4395393474088325,723840000.0
2023-11-09,10.38,10.3,10.42,10.29,8496881.0,89599149.0,-0.8662175168431152,-0.08999999999999986,0.01173861765030946,1.2512030798845117,723840000.0
2023-11-10,10.3,10.25,10.3,10.16,8015680.0,83579034.0,-0.4854368932038944,-0.05000000000000071,0.011073828470380194,1.3592233009708792,723840000.0
2023-11-13,10.25,10.37,10.41,10.25,9597600.0,101440094.0,1.1707317073170742,0.11999999999999922,0.013259283819628646,1.560975609756099,723840000.0
2023-11-14,10.34,10.44,10.47,10.34,9059923.0,96183992.0,0.6750241080038633,0.07000000000000028,0.01251647187223696,1.2536162005785996,723840000.0
2023-11-15,10.49,10.47,10.54,10.41,10910801.0,116504924.0,0.287356321839094,0.030000000000001137,0.015073498286914235,1.2452107279693392,723840000.0
2023-11-16,10.47,10.6,10.74,10.41,25267877.0,272895486.0,1.241642788920716,0.129999999999999,0.034908097093280285,3.151862464183382,723840000.0
2023-11-17,10.53,10.51,10.58,10.46,11395127.0,122112857.0,-0.8490566037735792,-0.08999999999999986,0.015742604719274977,1.1320754716981059,723840000.0
2023-11-20,10.52,10.66,10.7,10.51,11635593.0,126009881.0,1.4272121788772685,0.15000000000000036,0.01607481349469496,1.8078020932445242,723840000.0
2023-11-21,10.69,10.62,10.76,10.6,11448459.0,124913378.0,-0.37523452157599557,-0.040000000000000924,0.015816283985411142,1.5009380863039414,723840000.0
2023-11-22,10.58,10.57,10.72,10.57,9672365.0,105104384.0,-0.47080979284368496,-0.049999999999998934,0.013362573220601238,1.4124293785310769,723840000.0
2023-11-23,10.55,10.59,10.61,10.46,8594720.0,92387567.0,0.18921475875117721,0.019999999999999574,0.011873784261715295,1.419110690633856,723840000.0
2023-11-24,10.57,10.63,10.71,10.56,10372903.0,112579913.0,0.37771482530690736,0.040000000000000924,0.014330381023430592,1.416430594900853,723840000.0
2023-11-27,10.89,10.69,10.96,10.54,20175405.0,220279506.0,0.5644402634054524,0.05999999999999872,0.02787274121352785,3.95108184383821,723840000.0
2023-11-28,10.59,10.66,10.7,10.5,9411086.0,101943803.0,-0.2806361085126219,-0.02999999999999936,0.013001610853227232,1.8709073900841842,723840000.0
2023-11-29,10.63,10.48,10.66,10.48,9128209.0,98365474.0,-1.6885553470919246,-0.17999999999999972,0.012610810400088417,1.6885553470919297,723840000.0
2023-11-30,10.48,10.66,10.76,10.44,14491140.0,157206761.0,1.717557251908386,0.17999999999999972,0.02001981100795756,3.0534351145038197,723840000.0
2023-12-01,10.63,10.69,10.78,10.59,11235867.0,122617966.0,0.2814258911819856,0.02999999999999936,0.01552258372015915,1.7823639774859241,723840000.0
2023-12-04,10.73,10.64,10.74,10.6,9332834.0,101611267.0,-0.4677268475210328,-0.049999999999998934,0.012893504089301504,1.309635173058939,723840000.0
2023-12-05,10.63,10.48,10.66,10.48,10220712.0,110492991.0,-1.5037593984962405,-0.16000000000000014,0.01412012599469496,1.6917293233082678,723840000.0
2023-12-06,10.46,10.53,10.57,10.34,8567194.0,91557830.0,0.4770992366412097,0.049999999999998934,0.011835756520778073,2.1946564885496223,723840000.0
2023-12-07,10.52,10.56,10.58,10.45,6913300.0,74280408.0,0.2849002849002913,0.030000000000001137,0.00955086759504863,1.2345679012345754,723840000.0
2023-12-08,10.6,10.61,10.66,10.47,11534500.0,124471032.0,0.47348484848483974,0.049999999999998934,0.015935151414677277,1.7992424242424194,723840000.0
2023-12-11,10.49,10.59,10.62,10.34,12416900.0,132383352.0,-0.18850141376060003,-0.019999999999999574,0.017154205349248452,2.639019792648439,723840000.0
2023-12-12,10.56,10.7,10.74,10.53,14442375.0,157398692.0,1.0387157695939564,0.10999999999999943,0.019952441147214853,1.9830028328611977,723840000.0
2023-12-13,10.71,10.51,10.72,10.49,12209200.0,132263721.0,-1.7757009345794383,-0.1899999999999995,0.016867263483642793,2.1495327102803783,723840000.0
2023-12-14,10.53,10.58,10.75,10.53,12422577.0,134738659.0,0.6660323501427312,0.07000000000000028,0.01716204824270557,2.0932445290199873,723840000.0
2023-12-15,10.64,10.66,10.73,10.53,15087750.0,163980786.0,0.7561436672967936,0.08000000000000007,0.020844040119363395,1.890359168241976,723840000.0
2023-12-18,10.6,10.27,10.65,10.24,17690371.0,187334752.0,-3.658536585365857,-0.39000000000000057,0.02443961510831123,3.8461538461538476,723840000.0
2023-12-19,10.28,10.41,10.52,10.24,12806526.0,136126691.0,1.363193768257065,0.14000000000000057,0.017692481763925728,2.7263875365141126,723840000.0
2023-12-20,10.43,10.16,10.44,10.15,10935000.0,114240867.0,-2.40153698366955,-0.25,0.015106929708222812,2.785782901056668,723840000.0
2023-12-21,10.11,10.29,10.32,10.11,8280300.0,86420614.0,1.2795275590551158,0.129999999999999,0.01143940649867374,2.066929133858276,723840000.0
2023-12-22,10.27,10.19,10.31,10.12,8434200.0,87725700.0,-0.9718172983479101,-0.09999999999999964,0.011652022546419099,1.846452866861043,723840000.0
2023-12-25,10.15,10.11,10.18,10.05,5050729.0,52129107.0,-0.7850834151128527,-0.08000000000000007,0.006977687057913351,1.2757605495583808,723840000.0
2023-12-26,10.09,9.99,10.12,9.99,5334921.0,54675012.0,-1.1869436201780381,-0.11999999999999922,0.007370304210875331,1.285855588526202,723840000.0
2023-12-27,10.04,10.13,10.15,9.94,7319231.0,75007707.0,1.4014014014014142,0.14000000000000057,0.010111669706012379,2.1021021021021107,723840000.0
2023-12-28,10.1,10.32,10.36,10.06,10280986.0,107717936.0,1.875616979269501,0.1899999999999995,0.014203395778072503,2.961500493583405,723840000.0
2023-12-29,10.29,10.41,10.42,10.27,7773973.0,82288057.0,0.8720930232558155,0.08999999999999986,0.010739905227674625,1.4534883720930267,723840000.0
2024-01-02,10.39,10.49,10.63,10.37,10276122.0,110148999.0,0.7684918347742542,0.08000000000000007,0.014196676061007957,2.4975984630163457,723840000.0
2024-01-03,10.47,10.64,10.7,10.45,14058506.0,151883336.0,1.4299332697807365,0.15000000000000036,0.01942211814765694,2.3832221163012393,723840000.0
2024-01-04,10.62,10.67,10.82,10.55,15484472.0,168594584.0,0.28195488721804995,0.02999999999999936,0.021392119805481873,2.5375939849624016,723840000.0
2024-01-05,10.62,10.45,10.81,10.4,18111713.0,195752237.0,-2.0618556701030966,-0.22000000000000064,0.025021707835985854,3.842549203373947,723840000.0
2024-01-08,10.48,10.4,10.65,10.4,12624648.0,135473816.0,-0.4784688995215225,-0.049999999999998934,0.017441213527851458,2.3923444976076556,723840000.0
2024-01-09,10.4,10.76,10.91,10.39,26259546.0,287056932.0,3.4615384615384492,0.35999999999999943,0.036278108421750666,4.999999999999996,723840000.0
2024-01-10,10.68,10.57,10.71,10.48,16131137.0,174365808.0,-1.7657992565055736,-0.1899999999999995,0.022285500939434127,2.1375464684014913,723840000.0
2024-01-11,10.54,10.56,10.68,10.44,14367807.0,154589321.0,-0.09460737937558861,-0.009999999999999787,0.019849423905835543,2.270577105014193,723840000.0
2024-01-12,10.48,10.46,10.56,10.39,10646189.0,113704084.0,-0.9469696969696906,-0.09999999999999964,0.014707931310786914,1.6098484848484842,723840000.0
2024-01-15,10.39,10.79,10.86,10.34,28797807.0,315214010.0,3.1548757170172026,0.3299999999999983,0.03978476873342175,4.971319311663476,723840000.0
2024-01-16,10.78,10.81,10.95,10.68,27699648.0,306026710.0,0.1853568118628468,0.02000000000000135,0.03826763925729443,2.5023169601482818,723840000.0
2024-01-17,10.77,10.43,10.82,10.4,18790286.0,202626352.0,-3.51526364477337,-0.3800000000000008,0.025959170534924844,3.8852913968547633,723840000.0
2024-01-18,10.29,10.27,10.33,9.96,19617114.0,202368328.0,-1.5340364333652934,-0.16000000000000014,0.027101450596816977,3.547459252157231,723840000.0
2024-01-19,10.23,10.58,10.78,10.13,24290028.0,260208184.0,3.018500486854925,0.3100000000000005,0.033557178381962864,6.32911392405062,723840000.0
2024-01-22,10.48,9.96,10.49,9.86,21927917.0,227576968.0,-5.860113421550084,-0.6199999999999992,0.030293872955349247,5.9546313799622,723840000.0
2024-01-23,9.97,9.97,10.03,9.64,16185036.0,162247533.0,0.10040160642570406,0.009999999999999787,0.02235996352785146,3.915662650602397,723840000.0
2024-01-24,9.98,10.16,10.19,9.79,15706599.0,159959240.0,1.9057171514543558,0.1899999999999995,0.021698992871352785,4.0120361083249785,723840000.0
2024-01-25,10.15,11.18,11.18,10.08,58864983.0,652631790.0,10.039370078740163,1.0199999999999996,0.08132319711538462,10.826771653543304,723840000.0
2024-01-26,11.28,11.08,11.41,11.06,61671851.0,706804478.0,-0.8944543828264706,-0.09999999999999964,0.08520094357869143,3.130590339892662,723840000.0
2024-01-29,11.02,11.01,11.39,11.0,41180157.0,470128848.0,-0.6317689530685899,-0.07000000000000028,0.0568912425397878,3.5198555956678748,723840000.0
2024-01-30,10.9,10.86,11.16,10.81,29296579.0,328038308.0,-1.3623978201634857,-0.15000000000000036,0.04047383261494253,3.178928247048135,723840000.0
2024-01-31,10.73,10.09,10.96,10.04,44663500.0,477889141.0,-7.090239410681399,-0.7699999999999996,0.061703553271441204,8.471454880294676,723840000.0
2024-02-01,9.8,9.88,9.99,9.31,34639757.0,341886267.0,-2.0812685827551913,-0.20999999999999908,0.047855544042882406,6.739345887016846,723840000.0
2024-02-02,9.75,9.83,10.17,9.41,28814405.0,287873821.0,-0.5060728744939347,-0.05000000000000071,0.0398076992152962,7.69230769230769,723840000.0
2024-02-05,9.71,9.06,9.71,8.99,29045829.0,274133006.0,-7.833163784333664,-0.7699999999999996,0.04012741627984085,7.324516785350974,723840000.0
2024-02-06,8.95,9.49,9.66,8.7,26427878.0,247616716.0,4.746136865342154,0.4299999999999997,0.03651066257736516,10.596026490066233,723840000.0
2024-02-07,9.49,9.8,9.9,9.43,23688958.0,235233589.0,3.2665964172813533,0.3100000000000005,0.032726787687886824,4.952581664910439,723840000.0
2024-02-08,9.82,10.15,10.2,9.82,22493189.0,230984324.0,3.5714285714285587,0.34999999999999964,0.031074807968611846,3.877551020408153,723840000.0
2024-02-19,10.32,10.07,10.44,9.98,24730995.0,256340667.0,-0.7881773399014746,-0.08000000000000007,0.03416638345490716,4.5320197044334884,723840000.0
2024-02-20,9.99,9.91,10.04,9.8,19110638.0,192578507.0,-1.5888778550148919,-0.16000000000000014,0.026401743479221928,2.383316782522328,723840000.0
2024-02-21,9.8,9.97,10.2,9.78,26353787.0,270049413.0,0.6054490413723634,0.0600000000000005,0.036408304321396995,4.238143289606457,723840000.0
2024-02-22,9.91,10.04,10.15,9.91,19753799.0,202041351.0,0.7021063189568633,0.06999999999999851,0.027290283764367818,2.407221664994987,723840000.0
2024-02-23,10.01,10.06,10.06,9.91,17852221.0,182317536.0,0.19920318725101804,0.02000000000000135,0.024663214246242262,1.494023904382474,723840000.0
2024-02-26,10.04,10.07,10.2,9.95,16978698.0,174332350.0,0.09940357852882276,0.009999999999999787,0.023456424071618038,2.485089463220676,723840000.0
2024-02-27,10.12,10.28,10.3,10.09,22956934.0,239097712.0,2.0854021847070303,0.20999999999999908,0.03171548132183908,2.085402184707059,723840000.0
2024-02-28,10.22,9.97,10.54,9.92,32234792.0,338094535.0,-3.0155642023346196,-0.3099999999999987,0.04453303492484527,6.0311284046692535,723840000.0
2024-02-29,9.95,10.19,10.21,9.92,20000353.0,205536104.0,2.206619859578729,0.21999999999999886,0.027630903238284703,2.9087261785356158,723840000.0
2024-03-01,10.17,10.13,10.25,10.05,16458292.0,170019539.0,-0.5888125613346284,-0.05999999999999872,0.022737472369584438,1.9627085377821325,723840000.0
2024-03-04,10.1,10.01,10.17,9.96,14483306.0,148152741.0,-1.184600197433372,-0.120000000000001,0.02000898817418214,2.0730503455083813,723840000.0
2024-03-05,9.98,10.05,10.16,9.95,15769094.0,161678830.0,0.3996003996004083,0.040000000000000924,0.021785331012378426,2.0979020979021064,723840000.0
2024-03-06,10.03,10.05,10.09,9.95,12410317.0,126792384.0,0.0,0.0,0.017145110797966403,1.3930348258706524,723840000.0
2024-03-07,10.05,10.27,10.31,10.03,27076659.0,280923351.0,2.189054726368145,0.21999999999999886,0.03740696700928382,2.786069651741305,723840000.0
2024-03-08,10.17,10.21,10.22,10.05,19530480.0,201845736.0,-0.5842259006815897,-0.05999999999999872,0.026981763925729443,1.6553067185978572,723840000.0
2024-03-11,10.18,10.29,10.29,10.12,16160667.0,168605161.0,0.7835455435847072,0.0799999999999983,0.02232629724801061,1.6650342801175309,723840000.0
2024-03-12,10.3,10.53,10.58,10.26,25908789.0,275583212.0,2.3323615160349975,0.2400000000000002,0.03579353033819629,3.1098153547133167,723840000.0
2024-03-13,10.47,10.51,10.6,10.39,18210930.0,195261847.0,-0.18993352326684976,-0.019999999999999574,0.025158778183023874,1.9943019943019855,723840000.0
2024-03-14,10.47,10.58,10.75,10.47,23225933.0,251933788.0,0.6660323501427312,0.07000000000000028,0.0320871090296198,2.6641294005708787,723840000.0
2024-03-15,10.51,10.71,10.83,10.5,17639513.0,191950016.0,1.2287334593572785,0.13000000000000078,0.024369353724580017,3.1190926275992443,723840000.0
2024-03-18,10.67,10.74,10.76,10.61,16914807.0,184283816.0,0.2801120448179262,0.02999999999999936,0.023368157327586205,1.400560224089639,723840000.0
2024-03-19,10.72,10.56,10.74,10.55,15090807.0,163902539.0,-1.6759776536312776,-0.17999999999999972,0.020848263428381964,1.7690875232774628,723840000.0
2024-03-20,10.56,10.68,10.7,10.55,11706674.0,127336658.0,1.1363636363636243,0.11999999999999922,0.01617301337312113,1.4204545454545319,723840000.0
2024-03-21,10.68,10.8,10.91,10.68,18956280.0,208814100.0,1.1235955056179803,0.120000000000001,0.02618849469496021,2.153558052434461,723840000.0
2024-03-22,10.78,10.6,10.86,10.55,15323608.0,166815011.0,-1.85185185185186,-0.20000000000000107,0.02116988284703802,2.8703703703703582,723840000.0
2024-03-25,10.55,10.38,10.58,10.35,14268450.0,152539918.0,-2.075471698113196,-0.21999999999999886,0.019712160145888596,2.169811320754721,723840000.0
2024-03-26,10.37,10.41,10.43,10.19,12183326.0,128294071.0,0.28901734104045396,0.02999999999999936,0.016831518015030945,2.3121387283237014,723840000.0
2024-03-27,10.39,10.19,10.48,10.18,12191817.0,128610475.0,-2.11335254562921,-0.22000000000000064,0.01684324850795756,2.8818443804034652,723840000.0
2024-03-28,10.19,10.35,10.41,10.17,11397800.0,120207001.0,1.5701668302257055,0.16000000000000014,0.015746297524314765,2.3552502453385693,723840000.0
2024-03-29,10.34,10.53,10.56,10.31,13930251.0,148380546.0,1.7391304347825987,0.17999999999999972,0.019244931200265252,2.4154589371980677,723840000.0
2024-04-01,10.55,10.71,10.73,10.53,16295727.0,176961003.0,1.7094017094017255,0.1800000000000015,0.02251288544429708,1.8993352326685764,723840000.0
2024-04-02,10.72,10.72,10.77,10.61,17107038.0,186602750.0,0.09337068160597539,0.009999999999999787,0.02363372844827586,1.493930905695613,723840000.0
2024-04-03,10.66,10.65,10.68,10.53,13996373.0,151434144.0,-0.6529850746268662,-0.07000000000000028,0.019336280117152962,1.3992537313432867,723840000.0
2024-04-08,10.73,10.54,10.77,10.52,18999312.0,206909055.0,-1.0328638497652642,-0.11000000000000121,0.02624794429708223,2.3474178403755865,723840000.0
2024-04-09,10.48,10.98,11.08,10.47,35712975.0,396273496.0,4.174573055028485,0.4400000000000013,0.04933821700928382,5.78747628083491,723840000.0
2024-04-10,10.86,11.0,11.21,10.83,33491956.0,376382647.0,0.18214936247722413,0.019999999999999574,0.04626983311229001,3.460837887067402,723840000.0
2024-04-11,10.92,11.32,11.36,10.84,36282393.0,412463053.0,2.9090909090909056,0.3200000000000003,0.050124879807692306,4.727272727272724,723840000.0
2024-04-12,11.18,11.23,11.56,11.08,38322523.0,440971129.0,-0.7950530035335635,-0.08999999999999986,0.05294336179266136,4.240282685512371,723840000.0
2024-04-15,11.14,11.11,11.52,10.67,47861306.0,540974820.0,-1.068566340160293,-0.120000000000001,0.06612138870468612,7.569011576135348,723840000.0
2024-04-16,10.97,11.1,11.42,10.48,65093232.0,729370896.0,-0.09000900090009312,-0.009999999999999787,0.0899276525198939,8.460846084608457,723840000.0
2024-04-17,10.95,11.82,11.92,10.87,82701684.0,971733736.0,6.486486486486487,0.7200000000000006,0.11425409482758621,9.459459459459465,723840000.0
2024-04-18,11.66,11.54,11.9,11.41,77051291.0,921972754.0,-2.368866328257202,-0.28000000000000114,0.10644795949381079,4.145516074450086,723840000.0
2024-04-19,11.35,11.65,11.81,11.25,43003311.0,506469344.0,0.9532062391681251,0.11000000000000121,0.05940996767241379,4.852686308492206,723840000.0
2024-04-22,11.56,11.9,12.05,11.45,48229635.0,577480332.0,2.145922746781115,0.25,0.06663024287135279,5.15021459227469,723840000.0
2024-04-23,11.76,11.13,11.78,11.12,43470328.0,508947723.0,-6.470588235294117,-0.7699999999999996,0.06005516136162688,5.546218487394959,723840000.0
2024-04-24,11.11,11.25,11.33,11.04,24114192.0,275618298.0,1.0781671159029615,0.11999999999999922,0.03331425729442971,2.60557053009884,723840000.0
2024-04-25,11.17,11.19,11.39,11.09,21408738.0,245595861.0,-0.5333333333333412,-0.0600000000000005,0.029576616379310344,2.666666666666673,723840000.0
2024-04-26,11.13,11.23,11.3,11.12,25459354.0,291223462.0,0.3574620196604261,0.040000000000000924,0.03517262654730327,1.6085790884718634,723840000.0
2024-04-29,11.2,11.35,11.38,10.98,29420589.0,337503265.0,1.0685663401602818,0.11999999999999922,0.0406451550066313,3.5618878005342864,723840000.0
2024-04-30,10.88,10.65,10.93,10.52,45721139.0,497800712.0,-6.167400881057262,-0.6999999999999993,0.06316470352564102,3.612334801762116,723840000.0
2024-05-06,10.68,10.59,10.75,10.52,25696515.0,277851770.0,-0.5633802816901401,-0.0600000000000005,0.03550026939655172,2.1596244131455435,723840000.0
2024-05-07,10.55,10.49,10.64,10.42,23409720.0,251403219.0,-0.9442870632672351,-0.09999999999999964,0.032341014588859414,2.077431539187919,723840000.0
2024-05-08,10.46,10.24,10.48,10.19,25851419.0,271471603.0,-2.3832221163012424,-0.25,0.035714272491158265,2.7645376549094465,723840000.0
2024-05-09,10.24,10.33,10.34,10.21,12723102.0,133886461.0,0.87890625,0.08999999999999986,0.01757722977453581,1.2695312499999902,723840000.0
2024-05-10,10.35,10.36,10.45,10.24,20489526.0,216646463.0,0.2904162633107443,0.02999999999999936,0.028306705901856764,2.032913843175209,723840000.0
2024-05-13,10.29,10.1,10.29,10.06,20195558.0,209216820.0,-2.5096525096525046,-0.2599999999999998,0.027900583001768346,2.2200772200772074,723840000.0
2024-05-14,10.1,10.13,10.18,10.07,11257477.0,116212846.0,0.2970297029702973,0.030000000000001137,0.015552438384173297,1.0891089108910834,723840000.0
2024-05-15,10.12,10.13,10.18,10.03,9603323.0,99200327.0,0.0,0.0,0.013267190263041555,1.480750246791711,723840000.0
2024-05-16,10.18,10.26,10.37,10.16,15088284.0,156748842.0,1.2833168805528095,0.129999999999999,0.020844777851458884,2.0730503455083813,723840000.0
2024-05-17,10.29,10.37,10.37,10.22,12580150.0,131228185.0,1.0721247563352687,0.10999999999999943,0.017379738616268788,1.4619883040935535,723840000.0
2024-05-20,10.65,10.5,10.73,10.47,33848600.0,362935753.0,1.2536162005786,0.13000000000000078,0.0467625442086649,2.5072324011571823,723840000.0
2024-05-21,10.4,10.5,10.65,10.36,19117286.0,203304833.0,0.0,0.0,0.026410927829354554,2.7619047619047707,723840000.0
2024-05-22,10.47,10.53,10.56,10.4,13084740.0,138983331.0,0.28571428571428914,0.02999999999999936,0.01807684018567639,1.5238095238095253,723840000.0
2024-05-23,10.47,10.2,10.51,10.2,17316114.0,180625149.0,-3.1339031339031376,-0.33000000000000007,0.023922571286472148,2.943969610636282,723840000.0
2024-05-24,10.17,10.15,10.27,10.14,7946100.0,81903671.0,-0.4901960784313597,-0.049999999999998934,0.01097770225464191,1.274509803921559,723840000.0
2024-05-27,10.2,10.24,10.25,10.09,7996586.0,82349249.0,0.8866995073891548,0.08999999999999986,0.011047449712643678,1.5763546798029568,723840000.0
2024-05-28,10.23,10.21,10.33,10.18,7775469.0,80473165.0,-0.2929687499999889,-0.02999999999999936,0.01074197198275862,1.4648437500000036,723840000.0
2024-05-29,10.18,10.26,10.32,10.18,7860902.0,81632652.0,0.48971596474043366,0.049999999999998934,0.010859999447391688,1.3712047012732669,723840000.0
2024-05-30,10.2,10.2,10.25,10.15,7346000.0,75810471.0,-0.5847953216374324,-0.0600000000000005,0.010148651635720601,0.974658869395708,723840000.0
2024-05-31,10.21,10.24,10.25,10.2,5892000.0,60984623.0,0.39215686274509665,0.040000000000000924,0.008139920424403183,0.4901960784313796,723840000.0
2024-06-03,10.24,10.0,10.24,9.91,13276968.0,135110037.0,-2.34375,-0.2400000000000002,0.018342407161803714,3.222656250000001,723840000.0
2024-06-04,9.96,10.12,10.12,9.89,9074569.0,92126237.0,1.200000000000001,0.11999999999999922,0.012536705625552608,2.2999999999999865,723840000.0
2024-06-05,10.1,9.98,10.12,9.97,7682749.0,78052653.0,-1.383399209486158,-0.1399999999999988,0.010613877376215738,1.482213438735164,723840000.0
2024-06-06,10.02,9.87,10.09,9.85,12408116.0,124453628.0,-1.102204408817642,-0.11000000000000121,0.017142070070733866,2.404809619238479,723840000.0
2024-06-07,9.92,9.98,10.0,9.85,8261100.0,83133731.0,1.1144883485309176,0.11000000000000121,0.011412881299734747,1.5197568389057787,723840000.0
2024-06-11,9.97,9.92,9.97,9.83,6866444.0,68683166.0,-0.6012024048096198,-0.0600000000000005,0.009486135057471264,1.4028056112224505,723840000.0
2024-06-12,9.92,9.94,9.98,9.89,5433266.0,54665861.0,0.20161290322580072,0.019999999999999574,0.007506169871794872,0.9072580645161276,723840000.0
2024-06-13,9.94,9.93,10.0,9.91,5006172.0,50380512.0,-0.1006036217303774,-0.009999999999999787,0.0069161306366047745,0.9054325955734392,723840000.0
2024-06-14,9.94,9.97,10.01,9.89,10202895.0,102997101.0,0.40281973816718164,0.040000000000000924,0.014095511438992042,1.2084592145015027,723840000.0
2024-06-17,9.95,9.99,10.02,9.9,5659900.0,57126641.0,0.20060180541623396,0.019999999999999574,0.007819269451812555,1.2036108324974846,723840000.0
2024-06-18,9.99,10.06,10.08,9.98,6300175.0,64015582.0,0.700700700700696,0.07000000000000028,0.008703822667992927,1.0010010010009973,723840000.0
2024-06-19,10.06,9.95,10.07,9.94,6000700.0,60600328.0,-1.0934393638171058,-0.11000000000000121,0.008290091732979664,1.292246520874759,723840000.0
2024-06-20,9.93,9.73,9.95,9.61,13795152.0,136029354.0,-2.2110552763819014,-0.21999999999999886,0.019058289124668434,3.417085427135677,723840000.0
2024-06-21,9.71,9.72,9.78,9.67,4766752.0,46941936.0,-0.10277492291880241,-0.009999999999999787,0.0065853669319186564,1.13052415210688,723840000.0
2024-06-24,9.68,9.39,9.68,9.36,13098600.0,125410092.0,-3.3950617283950657,-0.33000000000000007,0.018095988063660477,3.29218106995885,723840000.0
2024-06-25,9.4,9.46,9.53,9.37,9477347.0,90542462.0,0.7454739084132189,0.07000000000000028,0.013093151801503094,1.7039403620873286,723840000.0
2024-06-26,9.4,9.56,9.58,9.33,7464100.0,71399855.0,1.0570824524312794,0.09999999999999964,0.010311809239610963,2.642706131078224,723840000.0
2024-06-27,9.53,9.51,9.58,9.48,5742909.0,55385652.0,-0.5230125523012608,-0.05000000000000071,0.007933948110079575,1.0460251046025069,723840000.0
2024-06-28,9.49,9.54,9.61,9.48,7627904.0,73898145.0,0.3154574132492094,0.02999999999999936,0.010538107869142352,1.3669821240799054,723840000.0
2024-07-01,9.54,9.69,9.72,9.53,7036900.0,68708984.0,1.572327044025168,0.15000000000000036,0.00972162356321839,1.9916142557652128,723840000.0
2024-07-02,9.67,9.68,9.76,9.64,5514400.0,54177577.0,-0.10319917440659854,-0.009999999999999787,0.007618258178603006,1.2383900928792488,723840000.0
2024-07-03,9.68,9.75,9.84,9.64,8945021.0,88484012.0,0.723140495867769,0.07000000000000028,0.012357732371794872,2.0661157024793315,723840000.0
2024-07-04,9.71,9.48,9.72,9.48,8420200.0,81619251.0,-2.7692307692307683,-0.2699999999999996,0.011632681255526084,2.4615384615384635,723840000.0
2024-07-05,9.48,9.6,9.63,9.4,6418576.0,62046926.0,1.2658227848101111,0.11999999999999922,0.00886739610963749,2.426160337552747,723840000.0
2024-07-08,9.62,9.43,9.7,9.42,6608200.0,63768173.0,-1.7708333333333326,-0.16999999999999993,0.00912936560565871,2.9166666666666603,723840000.0
2024-07-09,9.45,9.54,9.57,9.29,7154067.0,68410085.0,1.166489925768821,0.10999999999999943,0.009883492208222811,2.9692470837751976,723840000.0
2024-07-10,9.5,9.48,9.57,9.45,4217930.0,40578661.0,-0.6289308176100517,-0.05999999999999872,0.005827157935455349,1.2578616352201362,723840000.0
2024-07-11,9.61,9.81,9.95,9.55,13130890.0,129409567.0,3.4810126582278444,0.33000000000000007,0.018140597369584437,4.219409282700407,723840000.0
2024-07-12,9.85,9.79,9.98,9.72,11965700.0,119228211.0,-0.20387359836901986,-0.02000000000000135,0.01653086317418214,2.650356778797143,723840000.0
2024-07-15,9.72,9.72,9.8,9.64,7142400.0,70157228.0,-0.7150153217568844,-0.06999999999999851,0.00986737400530504,1.6343207354443323,723840000.0
2024-07-16,9.71,9.66,9.74,9.56,5317867.0,51913636.0,-0.6172839506172867,-0.0600000000000005,0.007346743755526083,1.851851851851849,723840000.0
2024-07-17,9.65,9.73,9.76,9.59,6780202.0,66577473.0,0.7246376811594235,0.07000000000000028,0.009366989942528735,1.7598343685300202,723840000.0
2024-07-18,9.68,9.89,10.03,9.54,14618134.0,144511446.0,1.6443987667009274,0.16000000000000014,0.0201952558576481,5.035971223021585,723840000.0
2024-07-19,9.84,9.82,9.85,9.71,7456502.0,73832130.0,-0.7077856420626971,-0.07000000000000028,0.010301312444739169,1.415571284125367,723840000.0
2024-07-22,9.78,9.78,9.84,9.71,6097300.0,60251101.0,-0.40733197556008793,-0.040000000000000924,0.008423546640141468,1.3238289205702545,723840000.0
2024-07-23,9.74,9.62,9.8,9.6,5484400.0,53926505.0,-1.6359918200409052,-0.16000000000000014,0.007576812555260831,2.0449897750511354,723840000.0
2024-07-24,9.58,9.46,9.65,9.45,6093935.0,58686992.0,-1.663201663201641,-0.15999999999999837,0.008418897822723254,2.07900207900209,723840000.0
2024-07-25,9.45,9.48,9.57,9.4,4620000.0,44402461.0,0.21141649048626032,0.019999999999999574,0.00638262599469496,1.7970401691331916,723840000.0
2024-07-26,9.48,9.57,9.61,9.48,3455495.0,33428570.0,0.9493670886076,0.08999999999999986,0.004773838141025641,1.3713080168776266,723840000.0
2024-07-29,9.6,9.54,9.61,9.48,3668500.0,35420047.0,-0.31347962382446415,-0.030000000000001137,0.005068108974358975,1.358411703239279,723840000.0
2024-07-30,9.53,9.6,9.61,9.5,4146390.0,40181030.0,0.6289308176100628,0.0600000000000005,0.0057283239389920425,1.1530398322851094,723840000.0
2024-07-31,9.58,9.86,9.87,9.58,12591136.0,125041433.0,2.708333333333335,0.2599999999999998,0.01739491600353669,3.0208333333333246,723840000.0
2024-08-01,9.86,9.81,9.86,9.77,7676300.0,76259700.0,-0.5070993914807143,-0.049999999999998934,0.01060496794871795,0.912778904665313,723840000.0
2024-08-02,9.76,9.77,9.88,9.74,6908100.0,68680843.0,-0.4077471967380286,-0.040000000000000924,0.009543683687002652,1.4271151885830842,723840000.0
2024-08-05,9.87,9.76,9.99,9.74,15487446.0,154817368.0,-0.10235414534288667,-0.009999999999999787,0.02139622844827586,2.5588536335721597,723840000.0
2024-08-06,9.77,9.93,9.93,9.77,11654844.0,116435851.0,1.741803278688514,0.16999999999999993,0.016101409151193635,1.6393442622950833,723840000.0
2024-08-07,9.88,9.84,10.03,9.8,12214363.0,122381505.0,-0.9063444108761365,-0.08999999999999986,0.016874396275419982,2.316213494461215,723840000.0
2024-08-08,9.8,9.86,9.94,9.78,7990102.0,79816522.0,0.20325203252031798,0.019999999999999574,0.011038491931918656,1.6260162601626031,723840000.0
2024-08-09,9.87,9.72,9.91,9.72,7240000.0,71942819.0,-1.4198782961460377,-0.1399999999999988,0.010002210433244917,1.92697768762677,723840000.0
2024-08-12,9.7,9.48,9.7,9.43,13408067.0,129011985.0,-2.4691358024691357,-0.2400000000000002,0.018523523154288242,2.7777777777777732,723840000.0
2024-08-13,9.47,9.5,9.5,9.4,5754000.0,54999832.0,0.21097046413500742,0.019999999999999574,0.007949270557029178,1.0548523206751017,723840000.0
2024-08-14,9.49,9.43,9.53,9.42,4757200.0,45517855.0,-0.736842105263158,-0.07000000000000028,0.0065721706454465074,1.1578947368420993,723840000.0
2024-08-15,9.42,9.48,9.53,9.37,7087000.0,67855080.0,0.5302226935312904,0.05000000000000071,0.009790837754199823,1.6967126193001076,723840000.0
2024-08-16,9.48,9.4,9.48,9.4,5260300.0,50127478.0,-0.8438818565400852,-0.08000000000000007,0.007267213748894784,0.8438818565400852,723840000.0
2024-08-19,9.42,9.32,9.46,9.32,6387300.0,60644147.0,-0.8510638297872353,-0.08000000000000007,0.008824187665782494,1.4893617021276655,723840000.0
2024-08-20,9.32,9.18,9.34,9.13,7699200.0,71646121.0,-1.5021459227467893,-0.14000000000000057,0.01063660477453581,2.2532188841201615,723840000.0
2024-08-21,9.17,9.2,9.29,9.15,3884440.0,36287760.0,0.2178649237472685,0.019999999999999574,0.00536643457117595,1.5250544662309236,723840000.0
2024-08-22,9.2,9.01,9.25,8.96,8414028.0,77123705.0,-2.0652173913043415,-0.1899999999999995,0.01162415450928382,3.152173913043469,723840000.0
2024-08-23,8.99,9.08,9.11,8.94,5377191.0,49072057.0,0.7769145394006749,0.07000000000000028,0.007428701094164456,1.8867924528301878,723840000.0
2024-08-26,9.07,9.1,9.18,9.02,4063595.0,37461514.0,0.22026431718060735,0.019999999999999574,0.00561394092617153,1.7621145374449354,723840000.0
2024-08-27,9.09,9.03,9.11,9.0,3426700.0,31372070.0,-0.7692307692307776,-0.07000000000000028,0.004734057250221043,1.2087912087912025,723840000.0
2024-08-28,9.03,9.05,9.12,9.01,3733098.0,34255924.0,0.22148394241419123,0.02000000000000135,0.005157352453580902,1.2181616832779563,723840000.0
2024-08-29,9.05,9.07,9.11,8.94,5136300.0,47103635.0,0.22099447513812542,0.019999999999999574,0.007095905172413793,1.8784530386740321,723840000.0
2024-08-30,9.06,9.23,9.32,9.05,9222200.0,86059564.0,1.764057331863289,0.16000000000000014,0.01274066091954023,2.9768467475192897,723840000.0
2024-09-02,9.21,9.15,9.32,9.14,8419018.0,78842082.0,-0.8667388949079147,-0.08000000000000007,0.011631048297966401,1.950162513542792,723840000.0
2024-09-03,9.19,9.17,9.24,9.1,6167460.0,57197978.0,0.21857923497268228,0.019999999999999574,0.008520474137931035,1.5300546448087493,723840000.0
2024-09-04,9.13,9.19,9.25,9.11,4541200.0,42231343.0,0.21810250817884125,0.019999999999999574,0.006273762157382847,1.5267175572519145,723840000.0
2024-09-05,9.16,9.26,9.28,9.16,4097600.0,38289082.0,0.7616974972796564,0.07000000000000028,0.005660919540229885,1.3057671381936804,723840000.0
2024-09-06,9.25,9.15,9.29,9.15,4381600.0,40851034.0,-1.1879049676025821,-0.10999999999999943,0.006053271441202475,1.511879049676013,723840000.0
2024-09-09,9.14,9.15,9.26,9.09,5084895.0,47221782.0,0.0,0.0,0.007024888096816976,1.8579234972677587,723840000.0
2024-09-10,9.16,8.98,9.19,8.87,9177750.0,83392614.0,-1.857923497267755,-0.16999999999999993,0.012679252320954907,3.4972677595628445,723840000.0
2024-09-11,8.99,8.94,8.99,8.89,4271200.0,38637741.0,-0.44543429844099425,-0.040000000000000924,0.005900751547303271,1.1135857461024459,723840000.0
2024-09-12,8.92,8.93,9.02,8.91,3394400.0,30793460.0,-0.11185682326622093,-0.009999999999999787,0.004689434129089302,1.2304250559284053,723840000.0
2024-09-13,8.96,8.84,8.96,8.83,4626260.0,41541748.0,-1.007838745800671,-0.08999999999999986,0.006391274314765694,1.4557670772676459,723840000.0
2024-09-18,8.85,8.75,8.87,8.65,6456360.0,56984210.0,-1.0180995475113086,-0.08999999999999986,0.00891959549071618,2.488687782805417,723840000.0
2024-09-19,8.77,8.97,9.0,8.77,7745634.0,69915466.0,2.5142857142857133,0.22000000000000064,0.010700754310344828,2.6285714285714334,723840000.0
2024-09-20,8.94,8.96,8.98,8.9,4584600.0,41479328.0,-0.11148272017836858,-0.009999999999999787,0.006333720159151193,0.8918617614269795,723840000.0
2024-09-23,8.97,8.99,9.01,8.91,3767800.0,34250721.0,0.33482142857141906,0.02999999999999936,0.005205293987621574,1.1160714285714244,723840000.0
2024-09-24,9.04,9.21,9.21,9.0,12087601.0,111813714.0,2.4471635150166815,0.22000000000000064,0.016699271938549955,2.3359288097886637,723840000.0
2024-09-25,9.27,9.28,9.45,9.25,17200851.0,162898058.0,0.7600434310531812,0.06999999999999851,0.023763333057029178,2.1715526601520008,723840000.0
2024-09-26,9.25,9.67,9.68,9.23,20357035.0,195463862.0,4.2025862068965525,0.39000000000000057,0.02812366683244916,4.849137931034475,723840000.0
2024-09-27,9.78,10.02,10.03,9.76,27419076.0,274366100.0,3.619441571871773,0.34999999999999964,0.03788002320954907,2.792140641158217,723840000.0
2024-09-30,10.35,10.96,10.96,10.19,64786952.0,695054022.0,9.381237524950103,0.9400000000000013,0.08950452033598585,7.684630738522968,723840000.0
2024-10-08,11.87,10.81,11.95,10.48,87381891.0,985238500.0,-1.3686131386861367,-0.15000000000000036,0.12071989804376658,13.412408759124075,723840000.0
2024-10-09,10.57,9.91,10.6,9.88,43979588.0,452974239.0,-8.325624421831645,-0.9000000000000004,0.06075871463306808,6.660499537465299,723840000.0
2024-10-10,9.93,10.06,10.3,9.81,29290565.0,297980719.0,1.5136226034308864,0.15000000000000036,0.040465524148983203,4.94450050454087,723840000.0
2024-10-11,9.91,9.76,10.02,9.69,20928102.0,208636549.0,-2.982107355864816,-0.3000000000000007,0.02891260775862069,3.2803180914512926,723840000.0
2024-10-14,9.74,9.82,9.83,9.61,18430953.0,181501628.0,0.6147540983606703,0.0600000000000005,0.025462744529177718,2.2540983606557443,723840000.0
2024-10-15,9.76,9.63,9.79,9.63,15501000.0,152242146.0,-1.9348268839103788,-0.1899999999999995,0.02141495358090186,1.629327902240309,723840000.0
2024-10-16,9.54,9.65,9.72,9.5,11536417.0,112444751.0,0.20768431983384517,0.019999999999999574,0.015937799790008842,2.2845275181723848,723840000.0
2024-10-17,9.69,9.59,9.75,9.58,11788990.0,115377956.0,-0.6217616580310947,-0.0600000000000005,0.016286734637488948,1.761658031088082,723840000.0
2024-10-18,9.57,9.79,9.91,9.55,22493641.0,222094703.0,2.085505735140769,0.1999999999999993,0.031075432416003537,3.753910323253383,723840000.0
2024-10-21,9.78,10.17,10.39,9.76,40168290.0,410879521.0,3.8815117466802995,0.3800000000000008,0.05549332725464191,6.435137895812061,723840000.0
2024-10-22,10.13,10.04,10.17,9.95,21805911.0,221648528.0,-1.2782694198623434,-0.13000000000000078,0.030125319131299736,2.163225172074736,723840000.0
2024-10-23,10.06,10.08,10.18,9.99,18390578.0,187515370.0,0.3984063745019917,0.040000000000000924,0.025406965627763043,1.8924302788844574,723840000.0
2024-10-24,10.07,10.03,10.14,9.96,11078810.0,112318220.0,-0.49603174603175537,-0.05000000000000071,0.015305606211317418,1.785714285714283,723840000.0
2024-10-25,10.01,10.08,10.14,9.99,14803148.0,150638842.0,0.49850448654038537,0.05000000000000071,0.020450856542882406,1.4955134596211401,723840000.0
2024-10-28,10.08,10.25,10.27,10.04,18375968.0,188955731.0,1.6865079365079305,0.16999999999999993,0.025386781609195403,2.281746031746036,723840000.0
2024-10-29,10.28,10.07,10.33,10.04,18309100.0,188400743.0,-1.7560975609756113,-0.17999999999999972,0.02529440207780725,2.829268292682936,723840000.0
2024-10-30,10.04,10.11,10.18,10.0,13846595.0,141332520.0,0.3972194637537063,0.03999999999999915,0.019129358698054818,1.7874875868917548,723840000.0
2024-10-31,10.04,10.02,10.07,9.89,21704798.0,218908165.0,-0.8902077151335286,-0.08999999999999986,0.02998562942086649,1.7804154302670596,723840000.0
2024-11-01,9.97,9.95,10.1,9.82,21497503.0,216993680.0,-0.698602794411185,-0.07000000000000028,0.029699247071175952,2.7944111776447045,723840000.0
2024-11-04,10.0,10.06,10.1,9.92,15230901.0,154077194.0,1.1055276381909618,0.11000000000000121,0.021041806200265252,1.8090452261306504,723840000.0
2024-11-05,10.03,10.2,10.22,9.97,27805306.0,285280406.0,1.391650099403563,0.1399999999999988,0.03841360797966401,2.485089463220676,723840000.0
2024-11-06,10.16,10.24,10.28,10.09,27552202.0,284151996.0,0.39215686274509665,0.040000000000000924,0.03806393954465075,1.8627450980392108,723840000.0
2024-11-07,10.2,10.54,10.59,10.13,37441969.0,395998454.0,2.9296875,0.29999999999999893,0.05172685814544651,4.492187499999991,723840000.0
2024-11-08,10.59,10.49,10.75,10.37,33432636.0,354493611.0,-0.4743833017077703,-0.049999999999998934,0.04618788129973475,3.6053130929791353,723840000.0
2024-11-11,10.38,10.46,10.47,10.29,21107720.0,221713552.0,-0.2859866539561384,-0.02999999999999936,0.029160753757736517,1.7159199237369065,723840000.0
2024-11-12,10.46,10.5,10.6,10.38,28206909.0,300092229.0,0.3824091778202643,0.03999999999999915,0.03896843086870026,2.103250478011461,723840000.0
2024-11-13,10.67,10.39,10.77,10.27,35231481.0,371338713.0,-1.0476190476190417,-0.10999999999999943,0.048673023043766576,4.761904761904762,723840000.0
2024-11-14,10.34,10.21,10.42,10.18,20241848.0,211171345.0,-1.7324350336862304,-0.17999999999999972,0.027964533598585323,2.3099133782483174,723840000.0
2024-11-15,10.18,10.12,10.3,10.11,14897291.0,154086344.0,-0.8814887365328317,-0.09000000000000163,0.020580917053492485,1.8609206660137243,723840000.0
2024-11-18,10.14,10.06,10.3,10.03,19886304.0,204215921.0,-0.5928853754940566,-0.05999999999999872,0.027473342175066313,2.6679841897233336,723840000.0
2024-11-19,10.07,10.17,10.17,9.98,16114674.0,164309121.0,1.0934393638170947,0.10999999999999943,0.02226275696286472,1.8886679920477087,723840000.0
2024-11-20,10.14,10.21,10.24,10.11,14974908.0,154075209.0,0.3933136676499638,0.040000000000000924,0.02068814655172414,1.2782694198623479,723840000.0
2024-11-21,10.17,10.21,10.24,10.12,11190140.0,115250355.0,0.0,0.0,0.01545941091954023,1.175318315377091,723840000.0
2024-11-22,10.17,9.88,10.23,9.88,16370389.0,166779718.0,-3.2321253672869754,-0.33000000000000007,0.022616032548629532,3.42801175318315,723840000.0
2024-11-25,9.92,10.05,10.17,9.92,20119490.0,205026694.0,1.7206477732793601,0.16999999999999993,0.027795493479221927,2.5303643724696356,723840000.0
2024-11-26,10.02,10.07,10.18,9.96,15619350.0,159412407.0,0.19900497512437276,0.019999999999999574,0.021578456564986737,2.1890547263681475,723840000.0
2024-11-27,10.03,10.15,10.15,9.86,15167580.0,153371389.0,0.794438927507457,0.08000000000000007,0.020954326923076923,2.8798411122145073,723840000.0
2024-11-28,10.13,10.23,10.31,10.08,21075912.0,218451051.0,0.7881773399014858,0.08000000000000007,0.029116810344827587,2.2660098522167527,723840000.0
2024-11-29,10.18,10.33,10.37,10.17,21310937.0,222593233.0,0.9775171065493637,0.09999999999999964,0.029441502265694076,1.9550342130987224,723840000.0
2024-12-02,10.36,10.45,10.52,10.36,23477200.0,248378409.0,1.1616650532429773,0.11999999999999922,0.03243423961096375,1.5488867376573103,723840000.0
2024-12-03,10.45,10.36,10.48,10.32,17653615.0,185594195.0,-0.8612440191387516,-0.08999999999999986,0.024388835930592396,1.5311004784689008,723840000.0
2024-12-04,10.32,10.23,10.46,10.2,16728561.0,174607852.0,-1.2548262548262468,-0.129999999999999,0.023110854608753315,2.5096525096525246,723840000.0
2024-12-05,10.2,10.34,10.34,10.2,11810408.0,122919973.0,1.0752688172043001,0.10999999999999943,0.016316324049513706,1.368523949169116,723840000.0
2024-12-06,10.33,10.42,10.49,10.28,17695550.0,186403515.0,0.7736943907156624,0.08000000000000007,0.024446770004420866,2.030947775628635,723840000.0
2024-12-09,10.4,10.35,10.49,10.31,13417472.0,141130681.0,-0.6717850287907945,-0.07000000000000028,0.01853651635720601,1.7274472168905923,723840000.0
2024-12-10,10.61,10.42,10.67,10.38,30067523.0,321191326.0,0.6763285024154575,0.07000000000000028,0.04153890776967285,2.80193236714975,723840000.0
2024-12-11,10.42,10.66,10.68,10.39,30194861.0,323766914.0,2.303262955854124,0.2400000000000002,0.04171482786251105,2.783109404990395,723840000.0
2024-12-12,10.68,11.06,11.06,10.61,49994025.0,552184989.0,3.7523452157598447,0.40000000000000036,0.06906778431697613,4.221388367729841,723840000.0
2024-12-13,11.02,11.01,11.3,10.92,54466708.0,609793907.0,-0.452079566003627,-0.05000000000000071,0.07524688881520777,3.4358047016274935,723840000.0
2024-12-16,11.09,11.01,11.26,10.87,43482969.0,486737330.0,0.0,0.0,0.060072625165782496,3.5422343324250734,723840000.0
2024-12-17,11.01,10.62,11.01,10.6,30773064.0,333410083.0,-3.542234332425076,-0.39000000000000057,0.04251362732095491,3.723887375113535,723840000.0
2024-12-18,10.66,10.61,10.82,10.55,21987104.0,238075313.0,-0.09416195856873921,-0.009999999999999787,0.030375641025641026,2.542372881355928,723840000.0
2024-12-19,10.47,10.52,10.57,10.38,19097830.0,202674068.0,-0.8482563619227168,-0.08999999999999986,0.026384048961096376,1.790763430725726,723840000.0
2024-12-20,10.5,10.4,10.57,10.38,17966100.0,190562284.0,-1.1406844106463754,-0.11999999999999922,0.024820540450928383,1.8060836501901094,723840000.0
2024-12-23,10.37,10.19,10.41,10.17,20071932.0,208763418.0,-2.019230769230773,-0.21000000000000085,0.027729791114058357,2.3076923076923097,723840000.0
2024-12-24,10.19,10.29,10.29,10.15,14107521.0,145886904.0,0.981354268891077,0.09999999999999964,0.019489833388594165,1.3738959764474856,723840000.0
2024-12-25,10.28,10.25,10.28,10.1,12976723.0,133715540.0,-0.38872691933915515,-0.03999999999999915,0.017927612455791334,1.7492711370262364,723840000.0
2024-12-26,10.22,10.3,10.35,10.22,11794016.0,122859454.0,0.4878048780487809,0.05000000000000071,0.01629367816091954,1.2682926829268197,723840000.0
2024-12-27,10.3,10.42,10.49,10.25,16374008.0,172770745.0,1.1650485436893065,0.11999999999999922,0.022621032272325377,2.3300970873786424,723840000.0
2024-12-30,10.37,10.22,10.42,10.16,16081051.0,166737793.0,-1.9193857965451033,-0.1999999999999993,0.02221630608974359,2.4952015355086354,723840000.0
2024-12-31,10.19,10.02,10.29,10.01,13717300.0,140743918.0,-1.9569471624266255,-0.20000000000000107,0.018950734969053935,2.739726027397254,723840000.0
2025-01-02,10.02,9.96,10.25,9.87,18791696.0,191432694.0,-0.5988023952095634,-0.05999999999999872,0.025961118479221928,3.7924151696606865,723840000.0
2025-01-03,9.97,9.66,10.0,9.63,20597950.0,203858929.0,-3.0120481927710885,-0.3000000000000007,0.028456495910698498,3.714859437750996,723840000.0
2025-01-06,9.66,9.53,9.69,9.47,15259120.0,147634241.0,-1.345755693581785,-0.13000000000000078,0.02108079133510168,2.277432712215309,723840000.0
2025-01-07,9.53,9.57,9.61,9.45,11624241.0,112147043.0,0.41972717733473885,0.040000000000000924,0.016059130470822282,1.6789087093389312,723840000.0
2025-01-08,9.53,9.47,9.54,9.33,12683256.0,121145468.0,-1.0449320794148398,-0.09999999999999964,0.017522181697612733,2.19435736677115,723840000.0
2025-01-09,9.42,9.42,9.49,9.38,8693166.0,83005256.0,-0.5279831045406636,-0.05000000000000071,0.012009789456233422,1.1615628299894343,723840000.0
2025-01-10,9.42,9.23,9.43,9.23,9484479.0,89406333.0,-2.016985138004246,-0.1899999999999995,0.013103004807692307,2.123142250530778,723840000.0
2025-01-13,9.14,9.31,9.32,9.13,7783801.0,72831377.0,0.8667388949079147,0.08000000000000007,0.010753482813881521,2.0585048754062782,723840000.0
2025-01-14,9.43,9.61,9.61,9.41,15302637.0,147176045.0,3.2223415682062218,0.29999999999999893,0.02114091097480106,2.148227712137479,723840000.0
2025-01-15,9.59,9.58,9.73,9.55,14177042.0,138240512.0,-0.3121748178980144,-0.02999999999999936,0.019585878094606542,1.8730489073881345,723840000.0
2025-01-16,9.58,9.71,9.81,9.58,14186483.0,139441801.0,1.3569937369519947,0.13000000000000078,0.019598921032272325,2.400835073068898,723840000.0
2025-01-17,9.68,9.73,9.83,9.61,9617350.0,94945391.0,0.2059732234809486,0.019999999999999574,0.01328656885499558,2.265705458290429,723840000.0
2025-01-20,9.8,10.16,10.71,9.8,44769546.0,468134212.0,4.419321685508737,0.4299999999999997,0.06185005802387268,9.352517985611513,723840000.0
2025-01-21,10.06,10.02,10.43,9.98,24463670.0,250308037.0,-1.3779527559055205,-0.14000000000000057,0.03379706841290893,4.4291338582677096,723840000.0
2025-01-22,10.0,9.87,10.09,9.83,13272238.0,133512178.0,-1.4970059880239583,-0.15000000000000036,0.01833587256852343,2.594810379241515,723840000.0
2025-01-23,9.98,9.92,10.07,9.91,11693700.0,118095309.0,0.5065856129685908,0.05000000000000071,0.01615508952254642,1.621073961499495,723840000.0
2025-01-24,9.92,9.94,9.97,9.86,12205382.0,122376135.0,0.20161290322580072,0.019999999999999574,0.016861988837312113,1.1088709677419477,723840000.0
2025-01-27,9.95,9.93,10.05,9.92,11336200.0,114595503.0,-0.1006036217303774,-0.009999999999999787,0.0156611958443855,1.3078470824949777,723840000.0
2025-02-05,9.99,9.79,9.99,9.76,11542642.0,115031881.0,-1.4098690835851024,-0.14000000000000057,0.015946399756852345,2.316213494461233,723840000.0
2025-02-06,9.78,9.86,9.88,9.72,10697182.0,106204272.0,0.7150153217569066,0.07000000000000028,0.014778379199823166,1.6343207354443323,723840000.0
2025-02-07,9.86,9.9,9.97,9.81,14510757.0,145354500.0,0.40567951318459805,0.040000000000000924,0.02004691230106101,1.622718052738338,723840000.0
2025-02-10,9.9,10.0,10.01,9.9,14345855.0,144724179.0,1.0101010101010166,0.09999999999999964,0.019819096761715296,1.1111111111111052,723840000.0
2025-02-11,10.03,9.94,10.05,9.91,10191257.0,102643861.0,-0.6000000000000005,-0.0600000000000005,0.014079433300176835,1.4000000000000057,723840000.0
2025-02-12,9.94,9.97,10.01,9.91,8723497.0,87882223.0,0.3018108651911655,0.030000000000001137,0.012051692362953139,1.0060362173038195,723840000.0
2025-02-13,9.97,9.99,10.03,9.92,11872415.0,119976536.0,0.20060180541623396,0.019999999999999574,0.016401988008399645,1.1033099297893625,723840000.0
2025-02-14,9.95,9.92,9.99,9.9,9824451.0,98794215.0,-0.7007007007007071,-0.07000000000000028,0.013572683189655172,0.9009009009008995,723840000.0
2025-02-17,9.92,9.88,9.97,9.86,11483900.0,115050490.0,-0.40322580645160144,-0.03999999999999915,0.01586524646330681,1.1088709677419477,723840000.0
2025-02-18,9.86,9.64,9.87,9.6,16013362.0,157911794.0,-2.429149797570851,-0.2400000000000002,0.02212279232979664,2.732793522267202,723840000.0
2025-02-19,9.67,9.65,9.68,9.6,10204643.0,99665973.0,0.10373443983402453,0.009999999999999787,0.014097926337312112,0.8298755186721999,723840000.0
2025-02-20,9.66,9.72,9.74,9.6,9412770.0,92350022.0,0.7253886010362809,0.07000000000000028,0.013003937334217506,1.4507772020725447,723840000.0
2025-02-21,9.71,9.83,9.86,9.67,14589506.0,144153730.0,1.1316872427983515,0.10999999999999943,0.02015570568081344,1.9547325102880608,723840000.0
2025-02-24,9.83,10.04,10.2,9.79,20198205.0,204376187.0,2.1363173957273496,0.20999999999999908,0.027904239887267906,4.170905391658191,723840000.0
2025-02-25,9.98,9.91,10.02,9.88,10293202.0,103655051.0,-1.2948207171314619,-0.129999999999999,0.014220272435897435,1.3944223107569602,723840000.0
2025-02-26,9.91,9.92,9.98,9.88,12519102.0,125604124.0,0.10090817356205317,0.009999999999999787,0.017295399535809018,1.0090817356205817,723840000.0
2025-02-27,9.92,9.97,10.02,9.88,13914894.0,140143995.0,0.504032258064524,0.05000000000000071,0.019223715185676393,1.411290322580633,723840000.0
2025-02-28,9.93,10.08,10.37,9.91,30738152.0,314914525.0,1.1033099297893534,0.10999999999999943,0.04246539566755084,4.613841524573711,723840000.0
2025-03-03,10.0,9.97,10.22,9.96,21240701.0,216810397.0,-1.0912698412698374,-0.10999999999999943,0.029344469772325375,2.5793650793650773,723840000.0
2025-03-04,9.9,10.03,10.05,9.9,10410941.0,105342457.0,0.6018054162487241,0.05999999999999872,0.014382931310786913,1.504513540621869,723840000.0
2025-03-05,10.04,10.01,10.06,9.91,9977972.0,100671953.0,-0.1994017946161497,-0.019999999999999574,0.013784775641025641,1.4955134596211401,723840000.0
2025-03-06,10.03,10.09,10.09,9.98,15102278.0,153494093.0,0.7992007992007943,0.08000000000000007,0.020864110853227234,1.0989010989010932,723840000.0
2025-03-07,10.07,10.07,10.18,10.01,16449971.0,167921192.0,-0.1982160555004886,-0.019999999999999574,0.022725976735190098,1.6848364717542115,723840000.0
2025-03-10,10.03,10.08,10.11,10.01,11001701.0,112004718.0,0.09930486593843213,0.009999999999999787,0.015199078525641025,0.9930486593843062,723840000.0
2025-03-11,10.01,10.21,10.22,10.0,19414171.0,198806198.0,1.2896825396825573,0.13000000000000078,0.026821080625552607,2.182539682539689,723840000.0
2025-03-12,10.19,10.18,10.33,10.17,17572900.0,181970448.0,-0.2938295788442846,-0.030000000000001137,0.024277326480990274,1.5670910871694428,723840000.0
2025-03-13,10.16,10.28,10.3,10.16,15002837.0,155066147.0,0.9823182711198308,0.09999999999999964,0.020726731045534925,1.3752455795677856,723840000.0
2025-03-14,10.3,10.51,10.56,10.26,28614647.0,301840677.0,2.237354085603127,0.23000000000000043,0.03953172938770999,2.9182879377431976,723840000.0
2025-03-17,10.58,10.49,10.66,10.47,24959450.0,266826588.0,-0.19029495718363432,-0.019999999999999574,0.03448199878426172,1.8078020932445242,723840000.0
2025-03-18,10.49,10.45,10.53,10.38,17449206.0,184482480.0,-0.38131553860820677,-0.040000000000000924,0.024106440649867375,1.4299332697807299,723840000.0
2025-03-19,10.44,10.46,10.49,10.36,13885646.0,146513858.0,0.0956937799043267,0.010000000000001563,0.01918330846595933,1.2440191387559885,723840000.0
2025-03-20,10.45,10.49,10.61,10.43,20589263.0,219426634.0,0.2868068833651982,0.02999999999999936,0.02844449463969938,1.7208413001912017,723840000.0
2025-03-21,10.45,10.53,10.57,10.37,17738142.0,188079221.0,0.38131553860818457,0.03999999999999915,0.02450561173740053,1.9065776930410017,723840000.0
2025-03-24,10.59,10.77,11.04,10.57,51588089.0,565264859.0,2.279202279202286,0.2400000000000002,0.07127001685455349,4.46343779677112,723840000.0
2025-03-25,10.67,11.02,11.13,10.67,48802790.0,543155957.0,2.32126276694522,0.25,0.06742206841290893,4.2711234911792095,723840000.0
2025-03-26,10.91,10.97,11.1,10.81,28626482.0,317676774.0,-0.45372050816695486,-0.049999999999998934,0.03954807968611848,2.6315789473684132,723840000.0
2025-03-27,10.97,10.69,11.12,10.68,30517432.0,334518506.0,-2.5524156791248975,-0.28000000000000114,0.04216046640141468,4.010938924339102,723840000.0
2025-03-28,10.67,10.48,10.77,10.47,23060100.0,247052695.0,-1.9644527595883865,-0.20999999999999908,0.03185800729442971,2.8063610851262766,723840000.0
2025-03-31,10.47,10.31,10.6,10.26,21757478.0,228942053.0,-1.6221374045801484,-0.16999999999999993,0.03005840793545535,3.244274809160304,723840000.0
2025-04-01,10.3,10.29,10.47,10.28,21255327.0,222752241.0,-0.19398642095054264,-0.02000000000000135,0.029364675895225463,1.84287099903008,723840000.0
2025-04-02,10.3,10.33,10.4,10.24,14206800.0,148556060.0,0.38872691933917736,0.040000000000000924,0.019626989389920423,1.5549076773566584,723840000.0
2025-04-03,10.25,10.22,10.51,10.2,25266563.0,264335773.0,-1.0648596321393922,-0.10999999999999943,0.0349062817749779,3.0009680542110404,723840000.0
2025-04-07,9.77,9.2,9.93,9.2,44567226.0,427461723.0,-9.98043052837575,-1.0200000000000014,0.06157054874005305,7.142857142857147,723840000.0
2025-04-08,9.29,9.54,9.56,9.24,37997744.0,362768277.0,3.6956521739130332,0.33999999999999986,0.052494672855879755,3.478260869565221,723840000.0
2025-04-09,9.45,10.1,10.16,9.18,41599023.0,409046364.0,5.8700209643606005,0.5600000000000005,0.057469914622015915,10.272536687631034,723840000.0
2025-04-10,9.96,10.22,10.32,9.94,37575015.0,387811903.0,1.1881188118811892,0.120000000000001,0.05191066395888594,3.7623762376237706,723840000.0
2025-04-11,10.18,10.1,10.3,10.05,24647246.0,253147634.0,-1.1741682974559797,-0.120000000000001,0.03405068247126437,2.446183953033268,723840000.0
2025-04-14,10.12,10.3,10.44,10.1,27111000.0,282391017.0,1.980198019801982,0.20000000000000107,0.03745440981432361,3.3663366336633653,723840000.0
2025-04-15,10.23,10.2,10.32,10.09,18573897.0,191402416.0,-0.9708737864077777,-0.10000000000000142,0.025660224635278516,2.233009708737868,723840000.0
2025-04-16,10.16,10.27,10.31,10.11,21678676.0,224123700.0,0.6862745098039191,0.07000000000000028,0.02994954133510168,1.960784313725501,723840000.0
2025-04-17,10.21,10.36,10.46,10.14,29639533.0,310220464.0,0.8763388510223846,0.08999999999999986,0.040947630691865605,3.115871470301853,723840000.0
2025-04-18,10.31,10.1,10.34,10.03,22484259.0,231031747.0,-2.5096525096525046,-0.2599999999999998,0.03106247098806366,2.992277992277997,723840000.0
2025-04-21,10.06,10.07,10.14,10.0,16200900.0,165108846.0,-0.2970297029702862,-0.02999999999999936,0.0223818799734748,1.3861386138613918,723840000.0
2025-04-22,10.04,10.07,10.13,9.94,19801102.0,200830264.0,0.0,0.0,0.02735563384173298,1.8867924528302014,723840000.0
2025-04-23,10.08,9.97,10.13,9.95,16219892.0,164393815.0,-0.9930486593843102,-0.09999999999999964,0.022408117816091953,1.7874875868917723,723840000.0
2025-04-24,9.98,9.89,10.04,9.87,12240900.0,123047819.0,-0.8024072216649913,-0.08000000000000007,0.016911057692307694,1.7051153460381134,723840000.0
2025-04-25,9.91,10.01,10.06,9.86,14752729.0,149240516.0,1.213346814964611,0.11999999999999922,0.02038120164677277,2.0222446916076953,723840000.0
2025-04-28,10.11,9.75,10.14,9.75,25897231.0,258432368.0,-2.5974025974025983,-0.2599999999999998,0.03577756272104332,3.8961038961039014,723840000.0
2025-04-29,9.69,9.71,9.79,9.63,13860960.0,136438026.0,-0.41025641025640436,-0.03999999999999915,0.01914920424403183,1.6410256410256243,723840000.0
2025-04-30,9.6,9.59,9.62,9.53,20352802.0,197337339.0,-1.2358393408856916,-0.120000000000001,0.02811781885499558,0.9268795056642621,723840000.0
2025-05-06,9.61,9.63,9.65,9.53,18864513.0,183268744.0,0.4171011470281538,0.040000000000000924,0.026061716677718835,1.2513034410844734,723840000.0
2025-05-07,9.69,9.68,9.76,9.63,15881621.0,155667432.0,0.5192107995846129,0.049999999999998934,0.02194078940097259,1.349948078920031,723840000.0
2025-05-08,9.66,9.66,9.7,9.61,13319645.0,130310645.0,-0.20661157024792765,-0.019999999999999574,0.018401366324049515,0.9297520661157012,723840000.0
2025-05-09,9.66,9.64,9.67,9.61,9612301.0,93796900.0,-0.20703933747411307,-0.019999999999999574,0.013279593556587092,0.6211180124223654,723840000.0
2025-05-12,9.66,9.71,9.72,9.61,17376590.0,170177898.0,0.7261410788381717,0.07000000000000028,0.024006120137046862,1.1410788381742862,723840000.0
2025-05-13,9.75,9.7,9.77,9.67,11970017.0,117683544.0,-0.1029866117404854,-0.010000000000001563,0.016536827199381078,1.0298661174047337,723840000.0
2025-05-14,9.69,9.7,9.72,9.62,11984358.0,117271610.0,0.0,0.0,0.016556639588859418,1.0309278350515612,723840000.0
2025-05-15,9.68,9.62,9.72,9.61,9522400.0,93183363.0,-0.8247422680412342,-0.08000000000000007,0.013155393457117595,1.1340206185567134,723840000.0
2025-05-16,9.61,9.61,9.65,9.57,7418902.0,72179904.0,-0.10395010395010118,-0.009999999999999787,0.010249367263483643,0.8316008316008323,723840000.0
2025-05-19,9.59,9.6,9.64,9.58,11683000.0,113645310.0,-0.10405827263266776,-0.009999999999999787,0.016140307250221045,0.624349635796051,723840000.0
2025-05-20,9.61,9.66,9.69,9.6,11226481.0,109620219.0,0.6250000000000089,0.0600000000000005,0.015509616766136162,0.9374999999999986,723840000.0
2025-05-21,9.64,9.64,9.67,9.62,7306733.0,71329330.0,-0.20703933747411307,-0.019999999999999574,0.010094403459328029,0.5175983436853075,723840000.0
2025-05-22,9.66,9.55,9.67,9.54,10427134.0,100473831.0,-0.9336099585062207,-0.08999999999999986,0.014405302276746242,1.3485477178423317,723840000.0
2025-05-23,9.55,9.48,9.59,9.47,7953955.0,76219915.0,-0.7329842931937169,-0.07000000000000028,0.01098855410035367,1.2565445026177928,723840000.0
2025-05-26,9.48,9.51,9.53,9.45,5757500.0,54978822.0,0.31645569620253333,0.02999999999999936,0.007954105879752432,0.8438818565400852,723840000.0
2025-05-27,9.51,9.55,9.56,9.5,5970200.0,57210570.0,0.4206098843323014,0.040000000000000924,0.008247955349248453,0.630914826498428,723840000.0
2025-05-28,9.56,9.54,9.59,9.52,5483455.0,52622321.0,-0.10471204188483574,-0.010000000000001563,0.007575507018125553,0.7329842931937203,723840000.0
2025-05-29,9.52,9.57,9.6,9.49,8903613.0,85597887.0,0.3144654088050425,0.030000000000001137,0.012300526359416445,1.1530398322851094,723840000.0
2025-05-30,9.56,9.57,9.6,9.53,6957400.0,66939921.0,0.0,0.0,0.009611792661361626,0.7314524555903896,723840000.0
2025-06-03,9.55,9.75,9.76,9.53,17309407.0,168416606.0,1.880877742946696,0.17999999999999972,0.023913305426613615,2.4033437826541317,723840000.0
2025-06-04,9.74,9.78,9.81,9.7,11651340.0,114403520.0,0.3076923076922977,0.02999999999999936,0.016096568302387267,1.1282051282051406,723840000.0
2025-06-05,9.8,9.74,9.87,9.71,10969603.0,107735553.0,-0.4089979550102152,-0.03999999999999915,0.015154734471706455,1.6359918200408834,723840000.0
2025-06-06,9.76,9.76,9.77,9.7,8030727.0,78613519.0,0.2053388090349051,0.019999999999999574,0.011094616213527852,0.7186858316221795,723840000.0
2025-06-09,9.77,9.83,9.83,9.74,10531883.0,103630589.0,0.7172131147541005,0.07000000000000028,0.014550015196728558,0.9221311475409822,723840000.0
2025-06-10,9.81,9.81,9.89,9.69,14470273.0,142419215.0,-0.20345879959308144,-0.019999999999999574,0.019990982813881522,2.034587995930835,723840000.0
2025-06-11,9.79,9.81,9.85,9.79,9982150.0,98580412.0,0.0,0.0,0.013790547634836428,0.6116207951070387,723840000.0
2025-06-12,9.82,9.79,9.84,9.74,8243687.0,81066293.0,-0.20387359836901986,-0.02000000000000135,0.01138882487842617,1.0193679918450524,723840000.0
2025-06-13,9.79,9.63,9.79,9.62,12267481.0,119368741.0,-1.6343207354443168,-0.15999999999999837,0.016947779896109638,1.7364657814096012,723840000.0
2025-06-16,9.6,9.64,9.65,9.59,6667899.0,64503502.0,0.10384215991692258,0.009999999999999787,0.00921184101458886,0.6230529595015627,723840000.0
2025-06-17,9.64,9.71,9.75,9.63,8067262.0,78681467.0,0.7261410788381717,0.07000000000000028,0.01114509007515473,1.2448132780082906,723840000.0
2025-06-18,9.69,9.64,9.73,9.62,5928900.0,57547496.0,-0.7209062821833201,-0.07000000000000028,0.008190898541114058,1.1328527291452235,723840000.0
2025-06-19,9.62,9.51,9.68,9.5,9990367.0,96104807.0,-1.34854771784233,-0.13000000000000078,0.01380189959106985,1.867219917012445,723840000.0
2025-06-20,9.54,9.5,9.57,9.48,5232300.0,50144604.0,-0.1051524710830698,-0.009999999999999787,0.007228531167108753,0.9463722397476325,723840000.0
2025-06-23,9.46,9.51,9.54,9.46,8147220.0,77824034.0,0.10526315789474161,0.009999999999999787,0.011255553713527851,0.8421052631578768,723840000.0
2025-06-24,9.53,9.64,9.65,9.53,8303525.0,80239030.0,1.3669821240799296,0.13000000000000078,0.011471492318744473,1.261829652996856,723840000.0
2025-06-25,9.67,9.73,9.75,9.62,10913131.0,106250419.0,0.9336099585062207,0.08999999999999986,0.015076717230327144,1.3485477178423317,723840000.0
2025-06-26,9.72,9.8,9.94,9.7,25171200.0,248643681.0,0.7194244604316502,0.07000000000000028,0.03477453580901857,2.4665981500513894,723840000.0
2025-06-27,9.72,9.77,9.8,9.66,14201900.0,139183077.0,-0.3061224489796066,-0.030000000000001137,0.01962021993810787,1.4285714285714342,723840000.0
2025-06-30,9.75,9.8,9.81,9.72,10484000.0,103017465.0,0.3070624360286711,0.030000000000001137,0.014483863837312113,0.921187308085976,723840000.0
2025-07-01,9.8,9.79,9.82,9.73,9132400.0,89677091.0,-0.10204081632654294,-0.010000000000001563,0.01261660035366932,0.9183673469387741,723840000.0
2025-07-02,9.78,9.78,9.82,9.74,11212515.0,110190436.0,-0.10214504596527396,-0.009999999999999787,0.015490322446949601,0.8171603677221662,723840000.0
2025-07-03,9.77,9.77,9.81,9.76,9838200.0,96679824.0,-0.10224948875255935,-0.009999999999999787,0.01359167771883289,0.5112474437627885,723840000.0
2025-07-04,9.78,9.76,9.78,9.71,9124600.0,89470840.0,-0.10235414534288667,-0.009999999999999787,0.012605824491600354,0.7164790174001895,723840000.0
2025-07-07,9.73,9.76,9.8,9.73,7464635.0,73306284.0,0.0,0.0,0.010312548353227232,0.7172131147541013,723840000.0
2025-07-08,9.75,9.78,9.8,9.72,10601663.0,104031734.0,0.2049180327868827,0.019999999999999574,0.014646417716622458,0.8196721311475417,723840000.0
2025-07-09,9.78,9.8,9.83,9.76,11400889.0,112203298.0,0.2044989775051187,0.02000000000000135,0.015750565041998232,0.7157464212678966,723840000.0
2025-07-10,9.79,9.85,9.88,9.77,13326295.0,131726674.0,0.5102040816326481,0.049999999999998934,0.018410553437223694,1.122448979591849,723840000.0
2025-07-11,9.85,9.85,9.88,9.8,13585798.0,134386951.0,0.0,0.0,0.018769062223695846,0.812182741116752,723840000.0
2025-07-14,9.86,9.83,9.88,9.81,9495357.0,93868056.0,-0.20304568527917954,-0.019999999999999574,0.013118032990716181,0.7106598984771603,723840000.0
2025-07-15,9.82,9.7,9.82,9.66,17133074.0,167529690.0,-1.322482197355046,-0.13000000000000078,0.02366969772325376,1.6276703967446606,723840000.0
2025-07-16,9.71,9.72,9.75,9.66,8668058.0,84628834.0,0.20618556701033075,0.02000000000000135,0.011975102232537577,0.9278350515463903,723840000.0
2025-07-17,9.71,9.76,9.77,9.7,9151002.0,89571082.0,0.411522633744843,0.03999999999999915,0.012642299403183024,0.7201646090535008,723840000.0
2025-07-18,9.76,9.81,9.81,9.76,10421117.0,102501100.0,0.5122950819672178,0.05000000000000071,0.01439698966622458,0.5122950819672204,723840000.0
2025-07-21,9.81,9.86,9.87,9.79,16924055.0,167462224.0,0.5096839959225274,0.049999999999998934,0.02338093363174182,0.8154943934760456,723840000.0
2025-07-22,9.86,9.9,9.9,9.81,13836600.0,137149768.0,0.40567951318459805,0.040000000000000924,0.019115550397877983,0.912778904665313,723840000.0
2025-07-23,9.9,9.87,10.0,9.86,19224200.0,191658171.0,-0.3030303030303161,-0.030000000000001137,0.0265586317418214,1.4141414141414197,723840000.0
2025-07-24,9.87,10.05,10.05,9.87,23708049.0,238336460.0,1.823708206686936,0.1800000000000015,0.032753162301061005,1.8237082066869452,723840000.0
2025-07-25,10.1,10.0,10.14,9.98,15825200.0,159537553.0,-0.4975124378109541,-0.05000000000000071,0.02186284261715296,1.592039800995026,723840000.0
2025-07-28,10.0,9.95,10.08,9.93,13966685.0,140208898.0,-0.5000000000000115,-0.05000000000000071,0.019295265528293547,1.5000000000000036,723840000.0
2025-07-29,9.94,9.93,10.0,9.82,13236390.0,131511532.0,-0.20100502512562235,-0.019999999999999574,0.018286347811671086,1.8090452261306504,723840000.0
2025-07-30,9.91,9.98,10.05,9.89,17414960.0,174776874.0,0.503524672708977,0.05000000000000071,0.024059129089301502,1.6112789526686822,723840000.0
2025-07-31,9.99,9.81,10.01,9.8,15809699.0,157097678.0,-1.7034068136272507,-0.16999999999999993,0.02184142766357206,2.104208416833658,723840000.0
2025-08-01,9.81,9.78,9.86,9.72,17062000.0,167648755.0,-0.3058103975535298,-0.030000000000001137,0.023571507515473034,1.4271151885830662,723840000.0
2025-08-04,9.75,9.78,9.78,9.72,10245117.0,100373114.0,0.0,0.0,0.01415384200928382,0.6134969325153244,723840000.0
2025-08-05,9.78,9.82,9.83,9.75,10924105.0,107560732.0,0.4089979550102374,0.040000000000000924,0.015091878039345712,0.8179959100204507,723840000.0
2025-08-06,9.81,9.8,9.83,9.75,11908191.0,117122724.0,-0.20366598778003286,-0.019999999999999574,0.01645141329575597,0.8146639511201635,723840000.0
2025-08-07,9.8,9.8,9.81,9.76,11160103.0,109784645.0,0.0,0.0,0.015417914179929266,0.5102040816326603,723840000.0
2025-08-08,9.79,9.82,9.87,9.77,13358613.0,131990396.0,0.20408163265306367,0.019999999999999574,0.018455201425729442,1.0204081632653024,723840000.0
2025-08-11,9.83,9.84,9.86,9.8,12097842.0,119521247.0,0.20366598778003286,0.019999999999999574,0.016713420092838195,0.6109979633401091,723840000.0
2025-08-12,9.83,9.85,9.88,9.82,9621120.0,95224020.0,0.10162601626015899,0.009999999999999787,0.013291777188328913,0.6097560975609807,723840000.0
2025-08-13,9.95,9.89,9.99,9.85,17083450.0,169969053.0,0.4060913705583813,0.040000000000000924,0.023601141136162688,1.4213197969543205,723840000.0
2025-08-14,9.87,9.8,9.95,9.8,15709300.0,155905231.0,-0.9100101112234582,-0.08999999999999986,0.02170272435897436,1.516683518705749,723840000.0
2025-08-15,9.77,9.87,9.87,9.77,12547891.0,123944156.0,0.7142857142856895,0.06999999999999851,0.017335172137488947,1.0204081632653024,723840000.0
2025-08-18,9.88,9.93,9.97,9.88,18669821.0,186494362.0,0.6079027355623046,0.0600000000000005,0.02579274563439434,0.9118541033434636,723840000.0
2025-08-19,9.94,9.94,9.98,9.89,14117083.0,140928054.0,0.10070493454179541,0.009999999999999787,0.019503043490274093,0.9063444108761315,723840000.0
2025-08-20,9.93,10.04,10.05,9.89,19722603.0,197903032.0,1.0060362173038184,0.09999999999999964,0.027247185842175066,1.6096579476861181,723840000.0
2025-08-21,10.03,10.03,10.09,9.98,18971638.0,191267520.0,-0.09960159362549792,-0.009999999999999787,0.02620971209106985,1.0956175298804727,723840000.0
2025-08-22,10.01,10.06,10.06,9.97,16395565.0,165130511.0,0.29910269192423566,0.030000000000001137,0.022650813715738283,0.8973080757726806,723840000.0
2025-08-25,10.06,10.12,10.13,10.04,21467500.0,217685287.0,0.5964214711729587,0.05999999999999872,0.029657797303271442,0.8946322067594596,723840000.0
2025-08-26,10.09,10.12,10.17,10.07,16577582.0,168662482.0,0.0,0.0,0.022902273983200706,0.9881422924901151,723840000.0
2025-08-27,10.12,9.93,10.13,9.92,24061300.0,242515065.0,-1.8774703557312256,-0.1899999999999995,0.033241185897435896,2.0750988142292575,723840000.0
2025-08-28,9.93,9.98,10.07,9.83,21730488.0,217595967.0,0.503524672708977,0.05000000000000071,0.03002112068965517,2.4169184290030232,723840000.0
2025-08-29,10.0,10.14,10.15,9.99,26014764.0,263893369.0,1.603206412825653,0.16000000000000014,0.03593993700265252,1.6032064128256525,723840000.0
2025-09-01,10.17,10.23,10.28,10.1,28919145.0,297063480.0,0.8875739644970349,0.08999999999999986,0.039952399701591514,1.7751479289940801,723840000.0
2025-09-02,10.22,10.17,10.22,10.1,20997493.0,214195292.0,-0.5865102639296182,-0.0600000000000005,0.02900847286693192,1.1730205278592472,723840000.0
2025-09-03,10.19,10.06,10.21,9.95,23872667.0,241779917.0,-1.0816125860373615,-0.10999999999999943,0.03298058548850575,2.5565388397246958,723840000.0
2025-09-04,10.06,10.21,10.27,10.01,34407710.0,351949836.0,1.491053677932408,0.15000000000000036,0.047534966290893016,2.5844930417495005,723840000.0
2025-09-05,10.25,10.36,10.36,10.04,39090434.0,400701496.0,1.4691478942213454,0.14999999999999858,0.05400424679487179,3.1341821743388856,723840000.0
2025-09-08,10.32,10.3,10.46,10.26,32826524.0,340919103.0,-0.5791505791505669,-0.05999999999999872,0.04535052497789567,1.9305019305019409,723840000.0
2025-09-09,10.27,10.3,10.35,10.21,21564226.0,222634170.0,0.0,0.0,0.02979142628205128,1.359223300970862,723840000.0
2025-09-10,10.3,10.39,10.42,10.27,24875612.0,259121110.0,0.8737864077669855,0.08999999999999986,0.03436617484526967,1.4563106796116538,723840000.0
2025-09-11,10.35,10.33,10.36,10.18,23683192.0,243860404.0,-0.5774783445620879,-0.0600000000000005,0.03271882183908046,1.732435033686234,723840000.0
2025-09-12,10.29,10.26,10.37,10.25,21248800.0,220028596.0,-0.6776379477250738,-0.07000000000000028,0.029355658709106985,1.161665053242974,723840000.0
2025-09-15,10.27,10.26,10.3,10.17,15523130.0,159454432.0,0.0,0.0,0.0214455266357206,1.2670565302144325,723840000.0
2025-09-16,10.3,10.36,10.45,10.24,26665881.0,276885226.0,0.974658869395717,0.09999999999999964,0.03683946866710875,2.0467836257309853,723840000.0
2025-09-17,10.45,10.27,10.49,10.24,23912484.0,247639564.0,-0.8687258687258725,-0.08999999999999986,0.03303559350132626,2.413127413127413,723840000.0
2025-09-18,10.27,10.33,10.41,10.24,36137626.0,374509066.0,0.584225900681612,0.0600000000000005,0.04992488118921309,1.6553067185978572,723840000.0
2025-09-19,10.29,10.65,10.67,10.12,62172210.0,651562220.0,3.0977734753146136,0.3200000000000003,0.085892199933687,5.324298160697006,723840000.0
2025-09-22,10.58,10.29,10.58,10.24,37237949.0,388416492.0,-3.3802816901408517,-0.3600000000000012,0.05144500027630416,3.1924882629107967,723840000.0
2025-09-23,10.26,10.0,10.29,9.88,32030551.0,322297271.0,-2.818270165208936,-0.28999999999999915,0.04425087173961097,3.984450923226418,723840000.0
2025-09-24,9.96,10.03,10.04,9.85,17931218.0,179479011.0,0.29999999999998916,0.02999999999999936,0.024772350243147657,1.899999999999995,723840000.0
2025-09-25,9.99,9.96,10.04,9.9,17432170.0,174473105.0,-0.6979062811565129,-0.06999999999999851,0.024082905061892132,1.3958125623130488,723840000.0
2025-09-26,9.93,9.9,9.97,9.89,10102931.0,100802969.0,-0.6024096385542244,-0.0600000000000005,0.013957409095932802,0.8032128514056232,723840000.0
2025-09-29,9.9,9.89,9.92,9.78,14778741.0,146416126.0,-0.10101010101010166,-0.009999999999999787,0.02041713776525199,1.4141414141414197,723840000.0
2025-09-30,9.89,9.81,9.92,9.81,13776473.0,136399515.0,-0.8088978766430777,-0.08000000000000007,0.019032483698054818,1.1122345803842206,723840000.0
2025-10-09,9.82,9.69,9.82,9.62,21156200.0,205871351.0,-1.2232415902140747,-0.120000000000001,0.029227729885057473,2.038735983690123,723840000.0
2025-10-10,9.68,9.71,9.75,9.67,13351554.0,130431117.0,0.20639834881321928,0.02000000000000135,0.01844544927055703,0.8255933952528388,723840000.0
2025-10-13,9.55,9.61,9.63,9.48,14164407.0,136197744.0,-1.029866117404754,-0.10000000000000142,0.019568422579575598,1.5447991761071096,723840000.0
2025-10-14,9.61,9.64,9.69,9.61,11598893.0,112577091.0,0.3121748178980255,0.030000000000001137,0.0160241116821397,0.8324661810613951,723840000.0
2025-10-15,9.66,9.71,9.72,9.63,8683195.0,84558657.0,0.7261410788381717,0.07000000000000028,0.01199601431255526,0.9336099585062225,723840000.0
2025-10-16,9.71,9.66,9.74,9.63,8767362.0,85217773.0,-0.5149330587023715,-0.05000000000000071,0.012112292771883288,1.132852729145205,723840000.0
2025-10-17,9.65,9.53,9.69,9.52,10442980.0,100727630.0,-1.345755693581785,-0.13000000000000078,0.01442719385499558,1.7598343685300202,723840000.0
2025-10-20,9.58,9.64,9.66,9.57,9092983.0,87934247.0,1.1542497376705319,0.11000000000000121,0.012562144949160036,0.9443861490031464,723840000.0
2025-10-21,9.66,9.66,9.69,9.62,8983395.0,87309240.0,0.20746887966804906,0.019999999999999574,0.012410746850132626,0.7261410788381771,723840000.0
2025-10-22,9.66,9.68,9.7,9.64,7345027.0,71430798.0,0.20703933747412417,0.019999999999999574,0.010147307416003537,0.621118012422347,723840000.0
2025-10-23,9.67,9.71,9.72,9.63,7963987.0,77484067.0,0.30991735537191367,0.030000000000001137,0.011002413516799293,0.9297520661157012,723840000.0
2025-10-24,9.71,9.66,9.72,9.65,9403836.0,91399527.0,-0.5149330587023715,-0.05000000000000071,0.012991594827586207,0.7209062821833191,723840000.0
2025-10-27,9.68,9.66,9.69,9.64,9102176.0,88408364.0,0.0,0.0,0.012574845269672856,0.5175983436852892,723840000.0
2025-10-28,9.65,9.64,9.69,9.63,7626336.0,74011855.0,-0.20703933747411307,-0.019999999999999574,0.010535941644562334,0.621118012422347,723840000.0
2025-10-29,9.64,9.63,9.64,9.58,9197324.0,88794815.0,-0.10373443983402453,-0.009999999999999787,0.012706294208664898,0.6224066390041545,723840000.0
2025-10-30,9.63,9.61,9.66,9.58,9257386.0,89486870.0,-0.20768431983386737,-0.02000000000000135,0.01278927110963749,0.8307372793354109,723840000.0
2025-10-31,9.56,9.65,9.65,9.56,10454907.0,101044475.0,0.41623309053071544,0.040000000000000924,0.01444367125331565,0.9365244536940672,723840000.0
2025-11-03,9.65,9.68,9.69,9.62,9356508.0,90833486.0,0.31088082901553626,0.02999999999999936,0.012926210212201592,0.7253886010362723,723840000.0
2025-11-04,9.67,9.7,9.74,9.65,12292087.0,119786320.0,0.20661157024792765,0.019999999999999574,0.01698177359637489,0.9297520661157012,723840000.0
2025-11-05,9.68,9.75,9.78,9.65,15984703.0,156438938.0,0.5154639175257714,0.05000000000000071,0.02208319932581786,1.3402061855670002,723840000.0
2025-11-06,9.75,9.72,9.75,9.68,10173320.0,99300323.0,-0.3076923076922977,-0.02999999999999936,0.014054652961980548,0.717948717948721,723840000.0
2025-11-07,9.72,9.73,9.78,9.71,10058107.0,98468102.0,0.10288065843622185,0.009999999999999787,0.01389548380857648,0.7201646090534826,723840000.0
2025-11-10,9.75,9.88,9.9,9.71,18689187.0,184764609.0,1.541623843782114,0.15000000000000036,0.025819500165782494,1.9527235354573433,723840000.0
2025-11-11,9.86,9.87,9.88,9.82,11972081.0,118553697.0,-0.10121457489880026,-0.010000000000001563,0.01653967865826702,0.6072874493927175,723840000.0
2025-11-12,9.87,9.84,9.94,9.81,12731857.0,126244425.0,-0.3039513677811523,-0.02999999999999936,0.017589324988947833,1.3171225937183284,723840000.0
2025-11-13,9.83,9.92,9.97,9.79,15679840.0,155462760.0,0.8130081300812941,0.08000000000000007,0.021662024756852343,1.829268292682942,723840000.0
2025-11-14,9.88,9.84,9.99,9.83,12821100.0,127558720.0,-0.8064516129032251,-0.08000000000000007,0.017712616047745357,1.6129032258064528,723840000.0
2025-11-17,9.83,9.81,9.84,9.73,12009759.0,118149793.0,-0.304878048780477,-0.02999999999999936,0.016591731598143235,1.1178861788617829,723840000.0
2025-11-18,9.79,9.7,9.81,9.68,11046060.0,107967060.0,-1.121304791029576,-0.11000000000000121,0.015260361405835544,1.325178389398581,723840000.0
2025-11-19,9.74,9.71,9.75,9.64,9873611.0,96171856.0,0.10309278350517648,0.010000000000001563,0.013640598751105217,1.1340206185566952,723840000.0
2025-11-20,9.73,9.63,9.75,9.62,11032563.0,107254249.0,-0.8238928939237944,-0.08000000000000007,0.015241715019893898,1.3388259526261665,723840000.0
2025-11-21,9.56,9.43,9.64,9.41,17927063.0,171562904.0,-2.0768431983385405,-0.20000000000000107,0.024766610024314767,2.3883696780893087,723840000.0
2025-11-24,9.47,9.55,9.59,9.44,10827037.0,103587357.0,1.2725344644750836,0.120000000000001,0.01495777658045977,1.5906680805938531,723840000.0
2025-11-25,9.56,9.62,9.63,9.52,11552100.0,111075752.0,0.7329842931937058,0.06999999999999851,0.015959466180371352,1.1518324607329968,723840000.0
2025-11-26,9.6,9.54,9.63,9.51,8738144.0,84062983.0,-0.8316008316008316,-0.08000000000000007,0.012071927497789566,1.247401247401258,723840000.0
2025-11-27,9.54,9.51,9.59,9.49,7614569.0,73009258.0,-0.3144654088050203,-0.02999999999999936,0.010519685289566755,1.0482180293501013,723840000.0
2025-11-28,9.51,9.52,9.53,9.46,7263772.0,69302739.0,0.1051524710830698,0.009999999999999787,0.010035051945181256,0.7360672975814775,723840000.0
2025-12-01,9.53,9.58,9.62,9.53,10089264.0,97143738.0,0.6302521008403339,0.0600000000000005,0.013938527851458885,0.9453781512605027,723840000.0
2025-12-02,9.58,9.59,9.62,9.51,8459451.0,81355097.0,0.10438413361169019,0.009999999999999787,0.011686907327586206,1.1482254697285954,723840000.0
2025-12-03,9.58,9.55,9.61,9.53,9276131.0,89213108.0,-0.4171011470281427,-0.03999999999999915,0.012815167716622458,0.8342022940563094,723840000.0
2025-12-04,9.56,9.48,9.56,9.43,9480700.0,90267679.0,-0.7329842931937169,-0.07000000000000028,0.013097784040671972,1.361256544502626,723840000.0
2025-12-05,9.47,9.51,9.52,9.43,6414900.0,61121993.0,0.31645569620253333,0.02999999999999936,0.008862317639257294,0.9493670886075934,723840000.0
2025-12-08,9.52,9.52,9.56,9.49,8236968.0,78840005.0,0.1051524710830698,0.009999999999999787,0.011379542440318302,0.7360672975814961,723840000.0
2025-12-09,9.53,9.48,9.53,9.46,7555745.0,72044237.0,-0.42016806722687816,-0.03999999999999915,0.010438418711317418,0.7352941176470432,723840000.0
2025-12-10,9.52,9.51,9.53,9.45,7574851.0,72274324.0,0.31645569620253333,0.02999999999999936,0.010464814047303272,0.8438818565400852,723840000.0
2025-12-11,9.5,9.41,9.5,9.36,11906057.0,112754135.0,-1.051524710830698,-0.09999999999999964,0.016448465130415563,1.4721345951629923,723840000.0
2025-12-12,9.41,9.38,9.44,9.35,13807483.0,130081941.0,-0.31880977683315104,-0.02999999999999936,0.019075324657382847,0.9564293304994672,723840000.0
2025-12-15,9.37,9.32,9.38,9.29,8893216.0,83419268.0,-0.6396588486140775,-0.0600000000000005,0.012286162687886825,0.9594882729211262,723840000.0
2025-12-16,9.31,9.31,9.38,9.28,8712939.0,81687677.0,-0.10729613733905241,-0.009999999999999787,0.01203710626657825,1.0729613733905732,723840000.0
2025-12-17,9.34,9.45,9.47,9.32,14009901.0,132588675.0,1.5037593984962294,0.1399999999999988,0.01935496933023873,1.6111707841031184,723840000.0
2025-12-18,9.42,9.51,9.55,9.38,13112507.0,125056201.0,0.6349206349206327,0.0600000000000005,0.018115200873121132,1.7989417989417982,723840000.0
2025-12-19,9.58,9.99,10.1,9.5,57361894.0,567084124.0,5.047318611987395,0.4800000000000004,0.0792466484305924,6.309148264984224,723840000.0
2025-12-22,10.14,10.17,10.37,10.14,70302518.0,722572563.0,1.8018018018018056,0.17999999999999972,0.09712438936781609,2.3023023023022886,723840000.0
2025-12-23,10.12,10.22,10.55,10.04,51835876.0,532280329.0,0.4916420845624492,0.05000000000000071,0.07161233974358974,5.014749262536888,723840000.0
2025-12-24,10.22,10.15,10.25,10.04,30531139.0,311542113.0,-0.6849315068493178,-0.07000000000000028,0.04217940290671972,2.0547945205479534,723840000.0
2025-12-25,10.13,10.07,10.19,9.95,29540431.0,298600396.0,-0.7881773399014746,-0.08000000000000007,0.040810719219717066,2.3645320197044355,723840000.0
2025-12-26,10.03,9.99,10.1,9.9,28888757.0,290154444.0,-0.7944389275074459,-0.08000000000000007,0.03991041804818744,1.9860973187686124,723840000.0
2025-12-29,10.0,9.9,10.07,9.89,25887743.0,259036875.0,-0.9009009009009028,-0.08999999999999986,0.035764454851900974,1.801801801801799,723840000.0
2025-12-30,9.84,9.96,10.01,9.7,31572290.0,312621719.0,0.60606060606061,0.0600000000000005,0.04361777464633068,3.1313131313131364,723840000.0
2025-12-31,9.94,9.83,9.98,9.79,24957425.0,247341827.0,-1.3052208835341417,-0.13000000000000078,0.034479201204686116,1.907630522088366,723840000.0
2026-01-05,9.83,9.74,9.84,9.67,29154838.0,285003051.0,-0.915564598168872,-0.08999999999999986,0.04027801447833775,1.7293997965411996,723840000.0
2026-01-06,9.74,9.79,9.8,9.71,21196761.0,207935770.0,0.5133470225872516,0.049999999999998934,0.02928376574933687,0.9240246406570828,723840000.0
2026-01-07,9.8,9.92,9.99,9.77,33263562.0,330568930.0,1.3278855975485282,0.13000000000000078,0.04595430205570292,2.247191011235962,723840000.0
2026-01-08,9.75,9.82,9.86,9.75,20863510.0,205524115.0,-1.0080645161290258,-0.09999999999999964,0.02882337256852343,1.1088709677419297,723840000.0
2026-01-09,9.82,9.93,9.96,9.78,34726245.0,343910566.0,1.1201629327902252,0.10999999999999943,0.047975029011936336,1.832993890020382,723840000.0
2026-01-12,9.93,10.08,10.11,9.89,35356876.0,355290363.0,1.5105740181268867,0.15000000000000036,0.04884625884173298,2.215508559919425,723840000.0
2026-01-13,10.08,9.94,10.08,9.92,24357396.0,244570525.0,-1.388888888888895,-0.14000000000000057,0.03365024867374005,1.5873015873015885,723840000.0
2026-01-14,9.94,10.02,10.08,9.86,32389980.0,325163531.0,0.8048289738430636,0.08000000000000007,0.04474743037135279,2.213279678068417,723840000.0
2026-01-15,10.35,10.27,10.54,10.19,63947972.0,664408225.0,2.4950099800399306,0.25,0.08834545203359859,3.4930139720558846,723840000.0
2026-01-16,10.1,9.92,10.23,9.91,44309379.0,447048505.0,-3.40798442064264,-0.34999999999999964,0.06121432775198939,3.115871470301853,723840000.0
2026-01-19,9.89,10.16,10.17,9.89,28145570.0,284946183.0,2.4193548387096753,0.2400000000000002,0.03888368976569408,2.822580645161284,723840000.0
2026-01-20,10.12,10.17,10.19,10.04,19465919.0,197943570.0,0.09842519685039353,0.009999999999999787,0.026892571562776305,1.4763779527559089,723840000.0
2026-01-21,10.1,10.06,10.14,10.0,14782300.0,149476823.0,-1.0816125860373615,-0.10999999999999943,0.02042205459770115,1.3765978367748335,723840000.0
2026-01-22,10.05,10.08,10.14,10.02,13595371.0,137662111.0,0.1988071570576455,0.019999999999999574,0.018782287522104334,1.1928429423459344,723840000.0
2026-01-23,10.1,10.07,10.11,10.05,15229686.0,154160346.0,-0.09920634920634885,-0.009999999999999787,0.021040127652519895,0.5952380952380826,723840000.0
2026-01-26,10.04,9.94,10.07,9.89,20727832.0,207326725.0,-1.2909632571996066,-0.13000000000000078,0.02863593059239611,1.7874875868917548,723840000.0
2026-01-27,9.83,9.65,9.86,9.61,25689651.0,250478903.0,-2.917505030181078,-0.28999999999999915,0.03549078663793104,2.5150905432595576,723840000.0
2026-01-28,9.67,9.67,9.71,9.64,14550352.0,141443528.0,0.2072538860103501,0.019999999999999574,0.02010161361626879,0.7253886010362723,723840000.0
2026-01-29,9.67,9.79,9.8,9.57,20503467.0,200403669.0,1.2409513960703222,0.11999999999999922,0.02832596568302387,2.3784901758014523,723840000.0
2026-01-30,9.81,9.83,9.98,9.81,24127743.0,239905296.0,0.40858018386109585,0.040000000000000924,0.03333297828249337,1.7364657814096012,723840000.0
2026-02-02,9.8,9.9,10.11,9.75,30835460.0,310014955.0,0.7121057985757906,0.07000000000000028,0.04259982869142352,3.662258392675478,723840000.0
2026-02-03,9.91,9.95,10.07,9.85,16374038.0,163505995.0,0.5050505050504972,0.049999999999998934,0.022621073717948716,2.2222222222222285,723840000.0
2026-02-04,9.92,10.0,10.04,9.88,15504361.0,155660949.0,0.5025125628140836,0.05000000000000071,0.02141959687223696,1.608040201005009,723840000.0
2026-02-05,10.0,10.12,10.17,9.96,20610914.0,209124689.0,1.200000000000001,0.11999999999999922,0.02847440594606543,2.0999999999999908,723840000.0
2026-02-06,10.1,10.0,10.12,9.96,15604200.0,157182752.0,-1.1857707509881354,-0.11999999999999922,0.02155752652519894,1.5810276679841737,723840000.0
2026-02-09,10.07,10.05,10.07,9.97,13245815.0,133426922.0,0.5000000000000115,0.05000000000000071,0.01829936864500442,0.9999999999999963,723840000.0
2026-02-10,10.02,10.15,10.17,9.9,25383684.0,256418232.0,0.995024875621886,0.09999999999999964,0.03506808687002653,2.6865671641791,723840000.0
2026-02-11,10.13,10.0,10.13,9.95,17724378.0,178268940.0,-1.4778325123152691,-0.15000000000000036,0.02448659648541114,1.7733990147783398,723840000.0
2026-02-12,9.98,9.82,10.0,9.8,21232300.0,210379862.0,-1.8000000000000016,-0.17999999999999972,0.02933286361626879,1.9999999999999927,723840000.0
2026-02-13,9.83,9.9,10.04,9.79,21341456.0,212476964.0,0.8146639511201537,0.08000000000000007,0.02948366489832007,2.545824847250509,723840000.0
2026-02-24,9.93,9.76,9.95,9.68,20780486.0,203363443.0,-1.4141414141414232,-0.14000000000000057,0.02870867318744474,2.727272727272723,723840000.0
2026-02-25,9.76,9.77,9.84,9.74,14728595.0,145003910.0,0.10245901639343025,0.009999999999999787,0.020347860024314764,1.0245901639344226,723840000.0
2026-02-26,9.75,9.7,9.8,9.69,12766576.0,124748696.0,-0.7164790174002067,-0.07000000000000028,0.017637290008841733,1.1258955987717627,723840000.0
2026-02-27,9.7,9.76,9.79,9.7,10231297.0,100227567.0,0.6185567010309256,0.0600000000000005,0.014134749392130858,0.9278350515463903,723840000.0
2026-03-02,9.63,9.56,9.68,9.48,23358659.0,224531295.0,-2.049180327868849,-0.1999999999999993,0.032270472756410255,2.049180327868845,723840000.0
2026-03-03,9.53,9.43,9.62,9.37,17847225.0,170598149.0,-1.3598326359832713,-0.13000000000000078,0.024656312168435012,2.615062761506276,723840000.0
2026-03-04,9.39,9.32,9.47,9.24,18753735.0,176103766.0,-1.166489925768821,-0.10999999999999943,0.025908674568965517,2.439024390243907,723840000.0
2026-03-05,9.4,9.35,9.42,9.31,10146600.0,95653987.0,0.32188841201716833,0.02999999999999936,0.01401773872679045,1.1802575107296076,723840000.0
2026-03-06,9.33,9.45,9.47,9.3,8168935.0,77320777.0,1.0695187165775444,0.09999999999999964,0.011285553437223695,1.8181818181818175,723840000.0
2026-03-09,9.37,9.42,9.43,9.34,11072500.0,104351658.0,-0.31746031746030523,-0.02999999999999936,0.015296888815207781,0.9523809523809509,723840000.0
2026-03-10,9.47,9.49,9.5,9.45,9250670.0,88161883.0,0.7430997876857859,0.07000000000000028,0.012779992816091955,0.5307855626327039,723840000.0
2026-03-11,9.48,9.45,9.49,9.41,7350400.0,69734883.0,-0.42149631190727677,-0.040000000000000924,0.01015473032714412,0.8429926238145424,723840000.0
2026-03-12,9.45,9.48,9.49,9.43,10065862.0,95697239.0,0.31746031746033854,0.030000000000001137,0.013906197502210433,0.6349206349206402,723840000.0
2026-03-13,9.47,9.41,9.53,9.39,11949636.0,113772969.0,-0.7383966244725815,-0.07000000000000028,0.016508670424403182,1.4767932489451348,723840000.0
2026-03-16,9.37,9.48,9.49,9.37,8237216.0,78197041.0,0.7438894792773709,0.07000000000000028,0.011379885057471265,1.2752391073326355,723840000.0
2026-03-17,9.48,9.43,9.55,9.42,8927061.0,85193693.0,-0.527426160337563,-0.05000000000000071,0.01233292025862069,1.3713080168776455,723840000.0
2026-03-18,9.45,9.4,9.45,9.32,10000700.0,94155434.0,-0.31813361611876534,-0.02999999999999936,0.013816174845269672,1.3785790031813256,723840000.0
2026-03-19,9.34,9.28,9.37,9.25,10203350.0,95363607.0,-1.276595744680864,-0.120000000000001,0.014096140030946065,1.2765957446808427,723840000.0
2026-03-20,9.29,9.23,9.31,9.23,9279992.0,86359968.0,-0.5387931034482651,-0.049999999999998934,0.012820501768346596,0.8620689655172422,723840000.0
2026-03-23,9.13,8.88,9.14,8.84,16007972.0,144512345.0,-3.7919826652220934,-0.34999999999999964,0.02211534593280283,3.2502708559046662,723840000.0
2026-03-24,8.99,9.07,9.07,8.89,7541854.0,68025342.0,2.1396396396396344,0.1899999999999995,0.010419228006189213,2.0270270270270236,723840000.0
2026-03-25,9.06,9.2,9.21,9.03,9024158.0,82908212.0,1.4332965821389099,0.129999999999999,0.012467061781609196,1.9845644983462127,723840000.0
2026-03-26,9.17,9.11,9.22,9.06,6832695.0,62741415.0,-0.9782608695652173,-0.08999999999999986,0.009439510112732096,1.7391304347826104,723840000.0
2026-03-27,8.98,9.15,9.16,8.98,6043348.0,55284472.0,0.4390779363337094,0.040000000000000924,0.0083490108311229,1.9758507135016437,723840000.0
2026-03-30,9.02,9.15,9.16,9.01,5129794.0,46934788.0,0.0,0.0,0.007086916998231653,1.6393442622950858,723840000.0
2026-03-31,9.14,9.14,9.23,9.12,5652252.0,52099171.0,-0.10928961748634114,-0.009999999999999787,0.007808703580901857,1.2021857923497399,723840000.0
2026-04-01,9.21,9.25,9.26,9.14,8352272.0,77351784.0,1.2035010940919078,0.10999999999999943,0.011538837312113174,1.3129102844638865,723840000.0
2026-04-02,9.24,9.15,9.24,9.1,6192804.0,57012600.0,-1.0810810810810811,-0.09999999999999964,0.008555487400530503,1.5135135135135198,723840000.0
2026-04-03,9.16,9.03,9.17,8.98,6474501.0,58792120.0,-1.3114754098360715,-0.120000000000001,0.008944657659151194,2.0765027322404315,723840000.0
2026-04-07,9.03,9.08,9.09,9.0,4740851.0,43069390.0,0.5537098560354448,0.05000000000000071,0.0065495841622458,0.9966777408637859,723840000.0
2026-04-08,9.19,9.29,9.29,9.18,12461048.0,115691431.0,2.312775330396466,0.20999999999999908,0.0172151967285588,1.211453744493386,723840000.0
2026-04-09,9.23,9.16,9.23,9.15,6603201.0,60877797.0,-1.399354144241105,-0.129999999999999,0.009122459383289124,0.8611410118406897,723840000.0
2026-04-10,9.2,9.23,9.29,9.18,6751187.0,62676069.0,0.7641921397379958,0.07000000000000028,0.009326905117152963,1.2008733624454087,723840000.0
2026-04-13,9.19,9.21,9.23,9.14,4481461.0,41325453.0,-0.21668472372696757,-0.019999999999999574,0.0061912314876215735,0.975081256771396,723840000.0
2026-04-14,9.22,9.23,9.25,9.14,5445800.0,50252323.0,0.21715526601520097,0.019999999999999574,0.007523485853227233,1.1943539630835986,723840000.0
2026-04-15,9.24,9.26,9.31,9.2,9480856.0,88173313.0,0.3250270855904569,0.02999999999999936,0.013097999557913352,1.1917659804983878,723840000.0
2026-04-16,9.23,9.33,9.35,9.22,11103590.0,103842427.0,0.7559395248380119,0.07000000000000028,0.015339840296198054,1.4038876889848706,723840000.0
2026-04-17,9.29,9.26,9.3,9.21,7954293.0,73919046.0,-0.7502679528403,-0.07000000000000028,0.010989021054376658,0.9646302250803843,723840000.0
2026-04-20,9.25,9.28,9.29,9.22,6750917.0,62856071.0,0.21598272138227959,0.019999999999999574,0.009326532106542882,0.7559395248379969,723840000.0
2026-04-21,9.27,9.21,9.32,9.16,7792152.0,72158091.0,-0.754310344827569,-0.06999999999999851,0.010765019893899204,1.7241379310344844,723840000.0
2026-04-22,9.16,9.14,9.19,9.12,7118011.0,65339082.0,-0.7600434310532034,-0.07000000000000028,0.00983368009504863,0.760043431053206,723840000.0
2026-04-23,9.15,9.1,9.17,9.06,7336210.0,67053203.0,-0.4376367614879806,-0.040000000000000924,0.010135126547303272,1.2035010940918973,723840000.0
2026-04-24,9.06,9.08,9.1,8.99,5816774.0,52807287.0,-0.219780219780219,-0.019999999999999574,0.0080359941423519,1.2087912087912025,723840000.0
2026-04-27,9.02,9.11,9.12,9.0,6239062.0,56734708.0,0.330396475770911,0.02999999999999936,0.008619393788682582,1.3215859030836918,723840000.0
2026-04-28,9.09,8.99,9.09,8.93,9404048.0,85053961.0,-1.3172338090010838,-0.11999999999999922,0.012991887709991158,1.7563117453347987,723840000.0
2026-04-29,8.98,9.07,9.09,8.97,7202031.0,65521452.0,0.8898776418242438,0.08000000000000007,0.009949755470822282,1.334816462736365,723840000.0
2026-04-30,8.97,8.97,9.03,8.95,9795547.0,88318812.0,-1.1025358324145529,-0.09999999999999964,0.013532751713085765,0.8820286659316435,723840000.0
2026-05-06,8.97,8.92,8.99,8.88,9521724.0,85337907.0,-0.5574136008918651,-0.05000000000000071,0.013154459549071618,1.2263099219620894,723840000.0
2026-05-07,8.94,8.89,8.97,8.87,7857749.0,70194512.0,-0.33632286995515237,-0.02999999999999936,0.010855643512378426,1.1210762331838724,723840000.0
2026-05-08,8.89,8.9,8.91,8.86,7007003.0,62573847.0,0.11248593925758943,0.009999999999999787,0.009680320236516358,0.5624296962879719,723840000.0
2026-05-11,8.88,8.86,8.9,8.83,9199810.0,81784833.0,-0.44943820224719877,-0.040000000000000924,0.012709728669319187,0.7865168539325874,723840000.0
2026-05-12,8.86,8.77,8.87,8.76,10234302.0,90379685.0,-1.0158013544018019,-0.08999999999999986,0.014138900862068966,1.241534988713312,723840000.0
2026-05-13,8.76,8.77,8.77,8.71,5531349.0,48534879.0,0.0,0.0,0.007641673574270557,0.6841505131128702,723840000.0
2026-05-14,8.76,8.67,8.77,8.66,6359100.0,55507867.0,-1.1402508551881407,-0.09999999999999964,0.008785228779840849,1.2542759407069493,723840000.0
2026-05-15,8.65,8.49,8.66,8.46,12267073.0,105143407.0,-2.076124567474047,-0.17999999999999972,0.016947216235632185,2.3068050749711566,723840000.0
2026-05-18,8.49,8.35,8.49,8.32,7459226.0,62784491.0,-1.6489988221437102,-0.14000000000000057,0.010305075707338638,2.0023557126030616,723840000.0
2026-05-19,8.35,8.39,8.41,8.33,5014506.0,42179784.0,0.47904191616767733,0.040000000000000924,0.006927644230769231,0.9580838323353302,723840000.0
2026-05-20,8.37,8.24,8.39,8.22,6321920.0,52517473.0,-1.7878426698450522,-0.15000000000000036,0.008733863837312113,2.02622169249106,723840000.0
2026-05-21,8.24,8.18,8.33,8.14,7454726.0,61702038.0,-0.728155339805836,-0.0600000000000005,0.010298858863837312,2.3058252427184405,723840000.0
2026-05-22,8.17,8.01,8.19,7.99,10712814.0,86716238.0,-2.0782396088019572,-0.16999999999999993,0.014799975132625995,2.444987775061116,723840000.0
2026-05-25,8.01,7.88,8.02,7.87,11929515.0,95030580.0,-1.6229712858926382,-0.1299999999999999,0.016480872844827587,1.872659176029956,723840000.0
2026-05-26,7.88,7.81,7.95,7.77,11471912.0,90453006.0,-0.8883248730964466,-0.07000000000000028,0.015848684792219275,2.2842639593908705,723840000.0
2026-05-27,7.82,7.71,7.85,7.61,11944770.0,92361408.0,-1.2804097311139517,-0.09999999999999964,0.01650194794429708,3.0729833546734873,723840000.0
2026-05-28,7.67,7.65,7.72,7.6,7544872.0,58115311.0,-0.7782101167315147,-0.05999999999999961,0.010423397435897435,1.5564202334630364,723840000.0
2026-05-29,7.64,7.78,7.89,7.63,12736289.0,99684476.0,1.6993464052287521,0.1299999999999999,0.01759544788903625,3.398692810457513,723840000.0
2026-06-01,7.79,7.93,7.94,7.68,8622575.0,68028848.0,1.9280205655527016,0.14999999999999947,0.011912266522988506,3.3419023136246873,723840000.0
2026-06-02,7.89,7.86,7.91,7.83,5874965.0,46441039.0,-0.8827238335434973,-0.0699999999999994,0.008116386217948718,1.008827238335436,723840000.0
2026-06-03,7.89,7.77,7.89,7.71,6492793.0,50634718.0,-1.1450381679389388,-0.09000000000000075,0.008969928437223695,2.290076335877859,723840000.0
2026-06-04,7.76,7.5,7.81,7.46,9653499.0,73555563.0,-3.474903474903468,-0.2699999999999996,0.013336509449602123,4.5045045045045,723840000.0
2026-06-05,7.52,7.61,7.67,7.52,6911762.0,52790706.0,1.4666666666666606,0.11000000000000032,0.009548742816091953,2.000000000000005,723840000.0
2026-06-08,7.47,7.51,7.61,7.39,7670628.0,57716428.0,-1.3140604467805628,-0.10000000000000053,0.010597131962864721,2.8909329829172226,723840000.0
2026-06-09,7.48,7.38,7.52,7.35,9033116.0,67329058.0,-1.7310252996005304,-0.1299999999999999,0.012479437444739169,2.263648468708388,723840000.0
2026-06-10,7.37,7.46,7.55,7.35,9332464.0,69297452.0,1.084010840108407,0.08000000000000007,0.012892992926613616,2.7100271002710055,723840000.0
2026-06-11,7.42,7.27,7.43,7.2,10477815.0,76258691.0,-2.5469168900804307,-0.1900000000000004,0.014475319131299735,3.083109919571039,723840000.0
2026-06-12,7.3,7.4,7.42,7.25,12073550.0,88505946.0,1.7881705639614998,0.13000000000000078,0.01667986019009726,2.3383768913342493,723840000.0
2026-06-15,7.4,7.45,7.54,7.38,9446699.0,70331209.0,0.6756756756756799,0.04999999999999982,0.013050810952696728,2.162162162162164,723840000.0
2026-06-16,7.45,7.36,7.46,7.31,6987914.0,51317783.0,-1.2080536912751683,-0.08999999999999986,0.009653948386383731,2.013422818791951,723840000.0
2026-06-17,7.35,7.16,7.35,7.09,12651566.0,90534569.0,-2.717391304347827,-0.20000000000000018,0.017478401304155615,3.5326086956521707,723840000.0
2026-06-18,7.14,7.07,7.14,7.02,8247478.0,58395429.0,-1.2569832402234637,-0.08999999999999986,0.011394062223695845,1.6759776536312863,723840000.0
2026-06-22,7.03,7.05,7.05,6.8,11258065.0,77857391.0,-0.28288543140029265,-0.020000000000000462,0.015553250718390805,3.536067892503536,723840000.0
2026-06-23,7.0,7.09,7.18,6.99,9364437.0,66498727.0,0.5673758865248235,0.040000000000000036,0.012937164290450928,2.695035460992901,723840000.0
