date,open,close,high,low,volume,amount,pct_chg,change,turnover,amplitude,outstanding_share
2023-06-26,21.86,21.38,22.29,21.23,6995386.0,152456542.0,,,0.035330232323232326,,198000000.0
2023-06-27,21.52,22.23,22.41,21.33,6760909.0,150039835.0,3.975678203928923,0.8500000000000014,0.03414600505050505,5.0514499532273245,198000000.0
2023-06-28,22.23,21.69,22.26,20.82,6275515.0,135618477.0,-2.429149797570851,-0.5399999999999991,0.0316945202020202,6.477732793522273,198000000.0
2023-06-29,21.59,22.11,22.4,21.56,5524905.0,122371806.0,1.9363762102351245,0.41999999999999815,0.027903560606060605,3.8727524204702624,198000000.0
2023-06-30,21.63,22.31,22.38,21.27,6807713.0,150448263.0,0.9045680687471691,0.1999999999999993,0.034382388888888886,5.0203527815468085,198000000.0
2023-07-03,22.13,21.79,22.23,21.53,4715528.0,103561931.0,-2.3307933662034985,-0.5199999999999996,0.02381579797979798,3.1376064545047035,198000000.0
2023-07-04,21.82,21.64,21.96,21.52,3643098.0,79375717.0,-0.6883891693437283,-0.14999999999999858,0.01839948484848485,2.0192748967416305,198000000.0
2023-07-05,21.51,21.18,21.68,21.15,3523949.0,75867073.0,-2.1256931608133134,-0.46000000000000085,0.01779772222222222,2.449168207024035,198000000.0
2023-07-06,21.27,21.53,21.99,20.91,4850546.0,105237007.0,1.6525023607176559,0.3500000000000014,0.02449770707070707,5.099150141643052,198000000.0
2023-07-07,21.5,21.11,21.62,20.97,3743371.0,79838208.0,-1.9507663725034874,-0.4200000000000017,0.01890591414141414,3.019043195541115,198000000.0
2023-07-10,21.17,21.03,21.34,20.83,2812147.0,59418262.0,-0.3789673140691563,-0.0799999999999983,0.014202762626262626,2.4159166271909123,198000000.0
2023-07-11,21.06,21.43,21.48,20.89,3008017.0,64604158.0,1.902044698050398,0.3999999999999986,0.015192005050505051,2.8055159296243453,198000000.0
2023-07-12,21.45,20.39,21.51,20.32,4600261.0,96459761.0,-4.853009799346708,-1.0399999999999991,0.023233641414141415,5.552963135790953,198000000.0
2023-07-13,20.45,20.59,20.72,20.26,3532136.0,73042127.0,0.9808729769494873,0.1999999999999993,0.017839070707070706,2.2560078469838025,198000000.0
2023-07-14,20.63,21.06,21.26,20.6,3647322.0,77355683.0,2.2826614861583217,0.46999999999999886,0.01842081818181818,3.20543953375425,198000000.0
2023-07-17,21.02,20.9,21.12,20.74,2170800.0,45706457.0,-0.7597340930674323,-0.16000000000000014,0.010963636363636363,1.80436847103515,198000000.0
2023-07-18,20.85,20.63,20.97,20.55,2203918.0,45952905.0,-1.291866028708133,-0.2699999999999996,0.01113089898989899,2.009569377990422,198000000.0
2023-07-19,20.67,20.41,20.72,20.36,2060920.0,42530092.0,-1.0664081434803574,-0.21999999999999886,0.01040868686868687,1.7450315075133276,198000000.0
2023-07-20,20.45,19.97,20.55,19.94,2606113.0,52801700.0,-2.155805977462033,-0.4400000000000013,0.013162186868686868,2.9887310142087182,198000000.0
2023-07-21,19.96,19.96,20.13,19.78,1860326.0,37387150.0,-0.05007511266899023,-0.00999999999999801,0.009395585858585858,1.752628943415112,198000000.0
2023-07-24,19.99,20.09,20.32,19.94,2037200.0,41301471.0,0.6513026052104243,0.129999999999999,0.010288888888888889,1.903807615230456,198000000.0
2023-07-25,20.19,20.3,20.35,20.08,1999840.0,40810563.0,1.0452961672474004,0.21000000000000085,0.01010020202020202,1.34395221503237,198000000.0
2023-07-26,20.31,19.99,20.35,19.91,1766900.0,35607266.0,-1.5270935960591259,-0.3100000000000023,0.008923737373737374,2.1674876847290703,198000000.0
2023-07-27,19.96,19.68,20.04,19.66,1801600.0,35989989.0,-1.5507753876938368,-0.3099999999999987,0.009098989898989898,1.900950475237614,198000000.0
2023-07-28,19.81,19.96,19.96,19.63,1806290.0,36023406.0,1.4227642276422925,0.28000000000000114,0.009122676767676767,1.6768292682926924,198000000.0
2023-07-31,19.99,20.06,20.11,19.9,1795613.0,36232370.0,0.5010020040079999,0.09999999999999787,0.009068752525252525,1.052104208416838,198000000.0
2023-08-01,19.96,20.01,20.05,19.72,2062143.0,41318858.0,-0.24925224327017048,-0.04999999999999716,0.010414863636363637,1.6450648055832597,198000000.0
2023-08-02,20.04,20.17,20.24,19.98,2077221.0,42125111.0,0.7996001999000413,0.16000000000000014,0.010491015151515152,1.2993503248375713,198000000.0
2023-08-03,20.15,20.1,20.21,19.82,2221400.0,44690267.0,-0.3470500743678717,-0.07000000000000028,0.011219191919191919,1.9335647000495813,198000000.0
2023-08-04,20.02,20.3,20.38,20.02,2885778.0,58861340.0,0.995024875621886,0.1999999999999993,0.014574636363636364,1.7910447761194,198000000.0
2023-08-07,20.3,20.32,20.81,20.24,3785668.0,78289754.0,0.09852216748769127,0.019999999999999574,0.019119535353535354,2.807881773399016,198000000.0
2023-08-08,20.32,19.95,20.5,19.94,2285012.0,46409127.0,-1.8208661417322913,-0.370000000000001,0.011540464646464646,2.7559055118110174,198000000.0
2023-08-09,19.66,19.3,19.89,19.3,3250298.0,63955636.0,-3.2581453634085156,-0.6499999999999986,0.016415646464646466,2.9573934837092724,198000000.0
2023-08-10,19.32,19.46,19.53,19.23,1564400.0,30537403.0,0.8290155440414448,0.16000000000000014,0.007901010101010101,1.5544041450777237,198000000.0
2023-08-11,19.56,19.02,19.56,19.02,1519100.0,29411179.0,-2.2610483042137752,-0.4400000000000013,0.007672222222222223,2.7749229188078064,198000000.0
2023-08-14,18.87,19.2,19.21,18.64,1507091.0,28827696.0,0.9463722397476282,0.17999999999999972,0.007611570707070707,2.9968454258675092,198000000.0
2023-08-15,19.15,18.97,19.41,18.92,1302800.0,25096100.0,-1.1979166666666652,-0.23000000000000043,0.00657979797979798,2.5520833333333255,198000000.0
2023-08-16,18.99,18.63,19.03,18.59,1679684.0,31759356.0,-1.7923036373220902,-0.33999999999999986,0.008483252525252526,2.319451765946238,198000000.0
2023-08-17,18.57,18.98,18.98,18.42,1770919.0,33544960.0,1.8786902844873943,0.3500000000000014,0.008944035353535353,3.005904455179811,198000000.0
2023-08-18,18.96,18.69,19.14,18.69,1617723.0,30772298.0,-1.5279241306638491,-0.28999999999999915,0.008170318181818181,2.3709167544783947,198000000.0
2023-08-21,18.77,18.73,19.04,18.7,1152320.0,21908967.0,0.21401819154627244,0.03999999999999915,0.0058197979797979795,1.8191546281433915,198000000.0
2023-08-22,18.89,19.12,19.18,18.7,2705219.0,51734052.0,2.082221035771492,0.39000000000000057,0.013662722222222222,2.5627335824879895,198000000.0
2023-08-23,19.21,18.81,19.21,18.74,1201703.0,22834285.0,-1.6213389121339072,-0.3100000000000023,0.0060692070707070705,2.4581589958159125,198000000.0
2023-08-24,18.75,18.56,18.97,18.48,1669796.0,31449802.0,-1.329080276448702,-0.25,0.008433313131313132,2.604997341839439,198000000.0
2023-08-25,18.49,18.08,18.52,17.98,1985769.0,36459539.0,-2.5862068965517238,-0.4800000000000004,0.010029136363636363,2.9094827586206855,198000000.0
2023-08-28,19.11,18.2,19.16,18.1,2036101.0,38180555.0,0.6637168141592875,0.120000000000001,0.010283338383838384,5.862831858407072,198000000.0
2023-08-29,18.29,18.9,18.97,18.2,2604488.0,49151538.0,3.8461538461538325,0.6999999999999993,0.013153979797979798,4.230769230769229,198000000.0
2023-08-30,18.92,19.33,19.38,18.92,2813800.0,54492528.0,2.2751322751322745,0.4299999999999997,0.014211111111111112,2.4338624338624197,198000000.0
2023-08-31,19.25,19.16,19.45,19.05,2215200.0,42894144.0,-0.8794619762027889,-0.16999999999999815,0.011187878787878788,2.0693222969477425,198000000.0
2023-09-01,19.16,18.8,19.21,18.73,1798300.0,34214586.0,-1.8789144050104345,-0.35999999999999943,0.009082323232323232,2.5052192066805867,198000000.0
2023-09-04,18.93,19.23,19.23,18.81,2041532.0,39117761.0,2.287234042553199,0.4299999999999997,0.010310767676767677,2.2340425531914985,198000000.0
2023-09-05,19.24,19.18,19.39,19.12,2444013.0,47374124.0,-0.26001040041602197,-0.05000000000000071,0.0123435,1.4040561622464875,198000000.0
2023-09-06,19.12,19.52,19.6,18.88,3077508.0,59987221.0,1.7726798748696648,0.33999999999999986,0.015542969696969697,3.7539103232534017,198000000.0
2023-09-07,19.46,19.04,19.47,18.97,1918778.0,37090471.0,-2.4590163934426257,-0.4800000000000004,0.00969079797979798,2.5614754098360657,198000000.0
2023-09-08,18.97,19.39,19.54,18.78,2956100.0,57242357.0,1.8382352941176627,0.3500000000000014,0.01492979797979798,3.991596638655452,198000000.0
2023-09-11,19.44,19.61,19.69,19.32,3086900.0,60686767.0,1.1346054667354277,0.21999999999999886,0.01559040404040404,1.9082001031459566,198000000.0
2023-09-12,19.56,19.71,19.77,19.44,2987401.0,59082452.0,0.5099439061703182,0.10000000000000142,0.015087883838383838,1.6828148903620517,198000000.0
2023-09-13,19.65,19.11,19.65,18.94,3261923.0,62964093.0,-3.0441400304414112,-0.6000000000000014,0.016474358585858585,3.602232369355643,198000000.0
2023-09-14,19.21,19.32,19.61,19.13,3701413.0,72222775.0,1.098901098901095,0.21000000000000085,0.01869400505050505,2.511773940345371,198000000.0
2023-09-15,19.23,18.72,19.23,18.67,3793300.0,72143651.0,-3.105590062111807,-0.6000000000000014,0.019158080808080808,2.8985507246376745,198000000.0
2023-09-18,18.58,18.87,18.98,18.48,2221775.0,42156546.0,0.8012820512820706,0.15000000000000213,0.011221085858585859,2.670940170940171,198000000.0
2023-09-19,18.84,18.39,18.84,18.23,2413460.0,44715222.0,-2.5437201907790197,-0.4800000000000004,0.012189191919191919,3.2326444091149944,198000000.0
2023-09-20,18.34,18.34,18.73,18.27,2016845.0,37643191.0,-0.2718868950516651,-0.05000000000000071,0.010186085858585858,2.5013594344752628,198000000.0
2023-09-21,18.33,18.43,18.72,18.26,2160200.0,40279389.0,0.4907306434023928,0.08999999999999986,0.01091010101010101,2.508178844056692,198000000.0
2023-09-22,18.55,19.29,19.31,18.37,3801700.0,72672502.0,4.66630493760174,0.8599999999999994,0.01920050505050505,5.100379815518165,198000000.0
2023-09-25,19.26,18.98,19.41,18.92,2201300.0,42256567.0,-1.6070502851218138,-0.3099999999999987,0.011117676767676768,2.5401762571280373,198000000.0
2023-09-26,18.98,18.84,19.07,18.72,1913800.0,36307529.0,-0.737618545837726,-0.14000000000000057,0.009665656565656565,1.844046364594317,198000000.0
2023-09-27,18.77,18.68,18.87,18.55,2122038.0,39917731.0,-0.849256900212314,-0.16000000000000014,0.010717363636363636,1.6985138004246298,198000000.0
2023-09-28,18.69,19.4,19.4,18.68,4316837.0,83458641.0,3.8543897216273937,0.7199999999999989,0.02180220707070707,3.8543897216274026,198000000.0
2023-10-09,19.51,19.47,19.61,19.27,2511800.0,49172979.0,0.36082474226803996,0.07000000000000028,0.012685858585858585,1.7525773195876282,198000000.0
2023-10-10,19.62,19.61,19.72,19.53,2192800.0,43320361.0,0.7190549563431015,0.14000000000000057,0.011074747474747475,0.9758602978941846,198000000.0
2023-10-11,19.73,19.87,20.01,19.35,3175500.0,63293047.0,1.3258541560428494,0.26000000000000156,0.01603787878787879,3.365629780724121,198000000.0
2023-10-12,19.84,19.88,20.05,19.68,2641248.0,52817911.0,0.05032712632107028,0.00999999999999801,0.013339636363636364,1.8621036738802264,198000000.0
2023-10-13,19.77,20.07,20.27,19.62,3696500.0,74635683.0,0.9557344064386353,0.19000000000000128,0.01866919191919192,3.2696177062374177,198000000.0
2023-10-16,20.05,19.8,20.05,19.69,2332900.0,46580338.0,-1.3452914798206206,-0.2699999999999996,0.011782323232323233,1.7937219730941676,198000000.0
2023-10-17,19.77,19.76,20.03,19.42,2154800.0,42685840.0,-0.20202020202019222,-0.03999999999999915,0.010882828282828282,3.0808080808080778,198000000.0
2023-10-18,19.79,19.34,19.79,19.22,2028615.0,39617133.0,-2.1255060728745057,-0.4200000000000017,0.010245530303030303,2.884615384615386,198000000.0
2023-10-19,19.35,19.48,20.06,19.35,3368700.0,66799711.0,0.7238883143743546,0.14000000000000057,0.017013636363636363,3.6711478800413513,198000000.0
2023-10-20,19.28,18.7,19.43,18.67,3451661.0,65905809.0,-4.004106776180705,-0.7800000000000011,0.017432631313131313,3.901437371663234,198000000.0
2023-10-23,18.73,18.0,18.85,17.92,2449929.0,45180172.0,-3.743315508021383,-0.6999999999999993,0.012373378787878787,4.97326203208556,198000000.0
2023-10-24,18.1,18.15,18.37,17.67,2298400.0,41772595.0,0.8333333333333304,0.14999999999999858,0.011608080808080809,3.888888888888885,198000000.0
2023-10-25,18.28,19.0,19.38,18.19,3915335.0,74830456.0,4.683195592286515,0.8500000000000014,0.01977441919191919,6.55647382920109,198000000.0
2023-10-26,18.78,19.43,19.56,18.69,3078035.0,59776510.0,2.2631578947368336,0.4299999999999997,0.015545631313131313,4.57894736842104,198000000.0
2023-10-27,19.36,19.07,19.46,18.79,3124201.0,59957212.0,-1.8528049408131686,-0.35999999999999943,0.01577879292929293,3.4482758620689746,198000000.0
2023-10-30,18.97,19.12,19.17,18.5,3427868.0,65051555.0,0.2621919244887305,0.05000000000000071,0.017312464646464645,3.5133717881489344,198000000.0
2023-10-31,19.12,18.86,19.21,18.77,2307269.0,44060723.0,-1.3598326359832713,-0.26000000000000156,0.011652873737373738,2.3012552301255296,198000000.0
2023-11-01,18.96,19.01,19.31,18.83,2012857.0,38692471.0,0.7953340402969467,0.15000000000000213,0.010165944444444444,2.545068928950162,198000000.0
2023-11-02,19.05,18.89,19.15,18.87,1717100.0,32858715.0,-0.6312467122567167,-0.120000000000001,0.008672222222222222,1.4729089952656367,198000000.0
2023-11-03,18.95,19.49,19.81,18.89,4210701.0,82631934.0,3.1762837480148187,0.5999999999999979,0.021266166666666666,4.870301746956052,198000000.0
2023-11-06,19.49,20.11,20.15,19.39,4404818.0,88280834.0,3.1811185223191485,0.620000000000001,0.022246555555555554,3.8994356080040946,198000000.0
2023-11-07,20.11,20.41,20.45,20.02,3684514.0,75267692.0,1.4917951268025975,0.3000000000000007,0.018608656565656564,2.1382396817503717,198000000.0
2023-11-08,20.39,20.31,20.51,20.12,2948980.0,60346288.0,-0.48995590396865296,-0.10000000000000142,0.014893838383838384,1.9108280254777097,198000000.0
2023-11-09,20.29,20.19,20.48,20.09,2015305.0,41051026.0,-0.5908419497784201,-0.11999999999999744,0.010178308080808081,1.9202363367799142,198000000.0
2023-11-10,20.11,20.25,20.43,19.93,2056192.0,41834266.0,0.2971768202080227,0.05999999999999872,0.010384808080808081,2.4764735017335315,198000000.0
2023-11-13,20.24,20.86,21.01,20.17,5167249.0,107986640.0,3.0123456790123404,0.6099999999999994,0.02609721717171717,4.148148148148147,198000000.0
2023-11-14,21.24,21.08,21.47,20.81,5482835.0,116726791.0,1.0546500479386323,0.21999999999999886,0.02769108585858586,3.1639501438159163,198000000.0
2023-11-15,21.18,21.47,21.97,20.81,6475256.0,139517286.0,1.8500948766603464,0.39000000000000057,0.03270331313131313,5.502846299810248,198000000.0
2023-11-16,21.34,21.43,21.84,21.22,4568801.0,99267240.0,-0.18630647414997759,-0.03999999999999915,0.023074752525252526,2.887750349324644,198000000.0
2023-11-17,21.35,21.6,21.7,21.11,2926814.0,63113519.0,0.793280447970135,0.1700000000000017,0.01478188888888889,2.7531497900139987,198000000.0
2023-11-20,21.61,21.52,21.67,21.44,2394689.0,51929961.0,-0.37037037037037646,-0.08000000000000185,0.012094388888888889,1.0648148148148167,198000000.0
2023-11-21,21.63,21.29,21.71,21.13,3097230.0,66571845.0,-1.0687732342007483,-0.23000000000000043,0.015642575757575758,2.6951672862453617,198000000.0
2023-11-22,21.23,21.03,21.43,21.03,2080001.0,44392717.0,-1.2212306247064264,-0.259999999999998,0.010505055555555556,1.8788163457022011,198000000.0
2023-11-23,21.03,21.13,21.22,20.73,1922801.0,40761687.0,0.4755111745125884,0.09999999999999787,0.009711116161616162,2.3300047551117373,198000000.0
2023-11-24,21.18,20.69,21.2,20.55,2162610.0,45163511.0,-2.0823473734027376,-0.4399999999999977,0.010922272727272727,3.0761949834358666,198000000.0
2023-11-27,20.68,20.71,20.89,20.54,2278530.0,47470159.0,0.09666505558241223,0.019999999999999574,0.011507727272727272,1.6916384726921287,198000000.0
2023-11-28,20.85,20.81,20.98,20.55,2279001.0,47680051.0,0.4828585224529114,0.09999999999999787,0.011510106060606061,2.0762916465475603,198000000.0
2023-11-29,20.76,20.77,20.91,20.61,1682501.0,35189104.0,-0.1922152811148492,-0.03999999999999915,0.008497479797979797,1.4416146083613683,198000000.0
2023-11-30,20.74,20.7,21.06,20.55,1602300.0,33395727.0,-0.3370245546461259,-0.07000000000000028,0.008092424242424243,2.4554646124217525,198000000.0
2023-12-01,20.7,21.11,21.25,20.37,3137196.0,66271333.0,1.9806763285024065,0.41000000000000014,0.015844424242424243,4.251207729468595,198000000.0
2023-12-04,21.3,21.21,21.59,21.18,3335924.0,71994716.0,0.4737091425864648,0.10000000000000142,0.01684810101010101,1.9422074846044537,198000000.0
2023-12-05,21.25,20.47,21.25,20.45,2686883.0,56028768.0,-3.4889203206034947,-0.740000000000002,0.013570116161616162,3.771805752003775,198000000.0
2023-12-06,21.07,20.55,21.09,20.36,2930168.0,60834629.0,0.39081582804103565,0.08000000000000185,0.014798828282828283,3.5661944308744524,198000000.0
2023-12-07,20.74,20.71,20.97,20.57,2260514.0,47237653.0,0.778588807785896,0.16000000000000014,0.011416737373737374,1.9464720194647134,198000000.0
2023-12-08,20.67,20.67,21.13,20.59,2516034.0,52720448.0,-0.19314340898116678,-0.03999999999999915,0.012707242424242425,2.607436021245771,198000000.0
2023-12-11,20.63,20.6,20.68,20.2,2704063.0,55633504.0,-0.33865505563619447,-0.07000000000000028,0.013656883838383838,2.322206095791003,198000000.0
2023-12-12,20.62,20.8,20.87,20.44,2302550.0,48074670.0,0.9708737864077666,0.1999999999999993,0.011629040404040404,2.0873786407766977,198000000.0
2023-12-13,20.75,20.64,20.93,20.64,1939300.0,40602535.0,-0.7692307692307665,-0.16000000000000014,0.009794444444444444,1.3942307692307652,198000000.0
2023-12-14,20.69,21.11,21.11,20.62,3406472.0,71705518.0,2.2771317829457294,0.46999999999999886,0.01720440404040404,2.37403100775193,198000000.0
2023-12-15,20.97,20.82,21.33,20.38,5110997.0,107156001.0,-1.3737565135007013,-0.28999999999999915,0.025813116161616162,4.50023685457129,198000000.0
2023-12-18,20.97,21.01,21.65,20.79,8750688.0,186713005.0,0.9125840537944407,0.19000000000000128,0.04419539393939394,4.13064361191162,198000000.0
2023-12-19,20.73,20.64,20.91,20.36,4580600.0,95101434.0,-1.7610661589719245,-0.370000000000001,0.023134343434343434,2.617801047120422,198000000.0
2023-12-20,20.55,19.83,20.64,19.77,4922698.0,99917473.0,-3.9244186046511698,-0.8100000000000023,0.024862111111111113,4.215116279069772,198000000.0
2023-12-21,19.87,19.65,19.94,18.96,4419124.0,86494150.0,-0.9077155824508298,-0.17999999999999972,0.02231880808080808,4.942007060010088,198000000.0
2023-12-22,19.64,18.99,19.7,18.95,2885100.0,55921347.0,-3.358778625954195,-0.6600000000000001,0.014571212121212122,3.816793893129771,198000000.0
2023-12-25,18.88,18.82,19.08,18.6,2312035.0,43830379.0,-0.895208004212733,-0.16999999999999815,0.011676944444444445,2.5276461295418478,198000000.0
2023-12-26,18.73,18.32,18.83,18.22,2754648.0,51098482.0,-2.6567481402762994,-0.5,0.013912363636363636,3.241232731137085,198000000.0
2023-12-27,18.25,18.69,18.69,18.25,1452140.0,27042818.0,2.019650655021832,0.370000000000001,0.0073340404040404044,2.401746724890837,198000000.0
2023-12-28,18.67,19.04,19.17,18.5,2192895.0,41807533.0,1.872659176029945,0.34999999999999787,0.011075227272727273,3.584804708400223,198000000.0
2023-12-29,19.13,19.23,19.35,18.99,1697563.0,32875614.0,0.997899159663862,0.19000000000000128,0.008573550505050506,1.8907563025210243,198000000.0
2024-01-02,19.23,19.18,19.41,19.09,1646925.0,31952047.0,-0.26001040041602197,-0.05000000000000071,0.00831780303030303,1.664066562662508,198000000.0
2024-01-03,19.06,18.96,19.18,18.77,1753899.0,33458048.0,-1.147028154327423,-0.21999999999999886,0.008858075757575757,2.1376433785192916,198000000.0
2024-01-04,18.92,18.95,19.15,18.84,1490400.0,28508331.0,-0.05274261603376296,-0.010000000000001563,0.007527272727272727,1.6350210970464067,198000000.0
2024-01-05,18.88,18.35,19.07,18.27,2112601.0,39620550.0,-3.166226912928749,-0.5999999999999979,0.01066970202020202,4.221635883905018,198000000.0
2024-01-08,18.35,17.94,18.4,17.94,1213416.0,22150541.0,-2.2343324250681196,-0.41000000000000014,0.006128363636363637,2.5068119891008025,198000000.0
2024-01-09,17.94,18.06,18.24,17.83,1596541.0,28948666.0,0.6688963210702115,0.11999999999999744,0.008063338383838384,2.2853957636566338,198000000.0
2024-01-10,17.87,17.51,17.97,17.48,1611900.0,28607583.0,-3.0454042081948907,-0.5499999999999972,0.008140909090909091,2.713178294573635,198000000.0
2024-01-11,17.49,17.97,17.97,17.49,1445647.0,25890786.0,2.627070245573937,0.4599999999999973,0.007301247474747475,2.741290691033697,198000000.0
2024-01-12,17.87,17.58,18.03,17.52,1365400.0,24407221.0,-2.170283806343909,-0.39000000000000057,0.006895959595959596,2.838063439065117,198000000.0
2024-01-15,17.72,17.47,17.72,17.29,1219600.0,21425284.0,-0.6257110352673512,-0.10999999999999943,0.0061595959595959595,2.4459613196814547,198000000.0
2024-01-16,17.45,17.33,17.5,17.01,1746109.0,30266561.0,-0.801373783629078,-0.14000000000000057,0.008818732323232324,2.8048082427017658,198000000.0
2024-01-17,17.33,16.87,17.36,16.83,1334871.0,22997064.0,-2.6543566070397984,-0.4599999999999973,0.006741772727272727,3.0582804385458813,198000000.0
2024-01-18,16.76,16.71,16.85,16.16,2395754.0,39731398.0,-0.9484291641967957,-0.16000000000000014,0.012099767676767677,4.090100770598704,198000000.0
2024-01-19,16.73,16.5,16.81,16.44,1593400.0,26669609.0,-1.2567324955116699,-0.21000000000000085,0.008047474747474748,2.21424296828245,198000000.0
2024-01-22,16.51,15.31,16.51,15.05,3131858.0,49734028.0,-7.212121212121215,-1.1899999999999995,0.015817464646464646,8.848484848484855,198000000.0
2024-01-23,15.31,15.39,15.5,14.97,2487417.0,38351209.0,0.5225342913128594,0.08000000000000007,0.01256271212121212,3.4617896799477426,198000000.0
2024-01-24,15.63,15.67,15.73,15.0,2423303.0,37583723.0,1.8193632228719947,0.27999999999999936,0.01223890404040404,4.7433398310591315,198000000.0
2024-01-25,15.79,17.24,17.24,15.66,2780600.0,47125095.0,10.019144862795137,1.5699999999999985,0.014043434343434344,10.082961072112305,198000000.0
2024-01-26,18.33,17.67,18.79,17.59,10545502.0,192635306.0,2.4941995359629043,0.43000000000000327,0.05326011111111111,6.960556844547561,198000000.0
2024-01-29,17.39,17.19,18.06,17.18,6207759.0,109424876.0,-2.716468590831922,-0.4800000000000004,0.03135231818181818,4.980192416525178,198000000.0
2024-01-30,16.87,17.78,18.91,16.78,11815436.0,217616745.0,3.432228039557872,0.5899999999999999,0.059673919191919195,12.390924956369975,198000000.0
2024-01-31,17.38,17.23,18.66,16.98,10847788.0,193880360.0,-3.093363329583809,-0.5500000000000007,0.05478680808080808,9.448818897637794,198000000.0
2024-02-01,16.36,16.66,17.19,16.01,7802246.0,131081325.0,-3.3081834010446953,-0.5700000000000003,0.03940528282828283,6.848520023215321,198000000.0
2024-02-02,16.53,15.6,16.77,15.08,6724362.0,107718346.0,-6.362545018007204,-1.0600000000000005,0.033961424242424244,10.144057623049218,198000000.0
2024-02-05,15.69,17.16,17.16,15.69,15118454.0,253653835.0,10.000000000000009,1.5600000000000005,0.07635582828282829,9.423076923076927,198000000.0
2024-02-06,15.69,18.88,18.88,15.69,16261996.0,283842342.0,10.023310023310007,1.7199999999999989,0.08213129292929293,18.589743589743588,198000000.0
2024-02-07,20.76,20.76,20.76,20.09,16341499.0,341252575.0,9.957627118644075,1.8800000000000026,0.08253282323232324,3.548728813559331,198000000.0
2024-02-08,19.15,19.74,22.13,18.73,24335920.0,493334236.0,-4.913294797687873,-1.0200000000000031,0.12290868686868688,16.377649325626194,198000000.0
2024-02-19,19.58,21.72,21.72,19.53,26495426.0,558990127.0,10.030395136778125,1.9800000000000004,0.13381528282828284,11.094224924012147,198000000.0
2024-02-20,21.54,21.0,21.65,20.66,21468485.0,456267963.0,-3.3149171270718147,-0.7199999999999989,0.10842669191919192,4.55801104972375,198000000.0
2024-02-21,20.27,20.78,21.15,19.96,17844086.0,369450918.0,-1.0476190476190417,-0.21999999999999886,0.09012164646464646,5.666666666666656,198000000.0
2024-02-22,21.36,21.88,22.86,20.63,24689077.0,547472826.0,5.2935514918190485,1.0999999999999979,0.12469230808080808,10.731472569778635,198000000.0
2024-02-23,21.65,21.5,21.74,20.91,17771082.0,382451950.0,-1.7367458866544783,-0.379999999999999,0.0897529393939394,3.7934186471663542,198000000.0
2024-02-26,20.93,21.7,21.96,20.85,13703425.0,294472105.0,0.9302325581395321,0.1999999999999993,0.06920921717171717,5.162790697674416,198000000.0
2024-02-27,21.55,22.28,22.33,21.06,15251274.0,334404907.0,2.6728110599078425,0.5800000000000018,0.07702663636363637,5.8525345622119795,198000000.0
2024-02-28,22.37,20.06,22.41,20.06,17726664.0,380325486.0,-9.964093357271109,-2.2200000000000024,0.08952860606060606,10.547576301615806,198000000.0
2024-02-29,19.53,20.73,20.84,19.46,11963070.0,245646609.0,3.3399800598205465,0.6700000000000017,0.060419545454545455,6.879361914257223,198000000.0
2024-03-01,21.06,21.42,21.72,20.9,12078915.0,259387276.0,3.328509406657032,0.6900000000000013,0.06100462121212121,3.955619874577908,198000000.0
2024-03-04,21.11,21.13,21.62,20.77,8587533.0,182727600.0,-1.3538748832866654,-0.2900000000000027,0.043371378787878785,3.968253968253974,198000000.0
2024-03-05,20.8,20.51,21.1,20.43,7524772.0,157432760.0,-2.934216753431129,-0.6199999999999974,0.03800389898989899,3.17084713677237,198000000.0
2024-03-06,20.43,21.25,21.39,20.35,10160388.0,215724909.0,3.607996099463673,0.7399999999999984,0.05131509090909091,5.0706972208678645,198000000.0
2024-03-07,21.08,20.73,21.48,20.53,7637088.0,161611781.0,-2.4470588235294133,-0.5199999999999996,0.03857115151515152,4.470588235294114,198000000.0
2024-03-08,20.95,21.67,22.21,20.95,12791932.0,277051927.0,4.534491075735647,0.9400000000000013,0.06460571717171718,6.078147612156302,198000000.0
2024-03-11,21.45,21.76,21.76,21.15,8133777.0,175460137.0,0.4153207198892561,0.08999999999999986,0.04107968181818182,2.8149515459160264,198000000.0
2024-03-12,21.65,21.71,22.25,21.23,10206339.0,222365638.0,-0.22977941176470784,-0.05000000000000071,0.051547166666666665,4.687499999999998,198000000.0
2024-03-13,21.78,22.92,23.51,21.53,20969831.0,478362674.0,5.573468447719954,1.2100000000000009,0.10590823737373738,9.120221096269002,198000000.0
2024-03-14,22.72,23.97,24.18,22.46,19218278.0,450081832.0,4.581151832460728,1.0499999999999972,0.09706201010101011,7.504363001745196,198000000.0
2024-03-15,23.43,23.41,23.63,22.91,11253254.0,263617254.0,-2.336253650396325,-0.5599999999999987,0.05683461616161616,3.003754693366704,198000000.0
2024-03-18,23.15,23.44,24.02,23.15,10518618.0,249232147.0,0.128150363092705,0.030000000000001137,0.053124333333333336,3.7163605296881714,198000000.0
2024-03-19,23.21,22.69,23.24,22.62,8920656.0,205540232.0,-3.1996587030716728,-0.75,0.04505381818181818,2.645051194539238,198000000.0
2024-03-20,22.59,22.58,22.85,22.29,6191951.0,140278045.0,-0.4847950639048193,-0.11000000000000298,0.0312724797979798,2.4680475980608296,198000000.0
2024-03-21,22.58,22.35,22.81,22.3,5487537.0,124711505.0,-1.0186005314437363,-0.22999999999999687,0.027714833333333334,2.2586359610274496,198000000.0
2024-03-22,22.05,21.93,22.51,21.93,6118558.0,136774755.0,-1.8791946308724938,-0.4200000000000017,0.030901808080808082,2.5950782997762945,198000000.0
2024-03-25,21.84,20.82,22.17,20.82,6640202.0,144106381.0,-5.061559507523938,-1.1099999999999994,0.03353637373737374,6.155950752393988,198000000.0
2024-03-26,21.0,20.7,21.34,20.49,6069734.0,127708235.0,-0.5763688760807018,-0.120000000000001,0.030655222222222223,4.082612872238239,198000000.0
2024-03-27,20.71,19.99,20.83,19.99,5255255.0,107201789.0,-3.4299516908212646,-0.7100000000000009,0.02654169191919192,4.057971014492753,198000000.0
2024-03-28,20.06,20.87,20.99,20.0,6488683.0,134845560.0,4.402201100550296,0.8800000000000026,0.032771126262626266,4.952476238119052,198000000.0
2024-03-29,20.7,21.22,21.28,20.28,6283496.0,132121653.0,1.677048394825098,0.34999999999999787,0.03173482828282828,4.79156684235745,198000000.0
2024-04-01,21.17,21.21,21.4,21.03,4783380.0,101916715.0,-0.04712535344013613,-0.00999999999999801,0.02415848484848485,1.7436380772855677,198000000.0
2024-04-02,21.05,20.98,21.18,20.67,3586834.0,75715252.0,-1.0843941537010848,-0.23000000000000043,0.018115323232323233,2.4045261669023947,198000000.0
2024-04-03,20.98,20.55,20.98,20.35,3262241.0,67559938.0,-2.0495710200190698,-0.4299999999999997,0.016475964646464645,3.0028598665395565,198000000.0
2024-04-08,20.41,20.18,20.55,20.06,3001355.0,61278366.0,-1.8004866180048706,-0.370000000000001,0.015158358585858586,2.3844282238442918,198000000.0
2024-04-09,20.1,20.11,20.5,19.77,3633948.0,73067576.0,-0.3468780971258689,-0.07000000000000028,0.01835327272727273,3.617443012884046,198000000.0
2024-04-10,20.05,19.27,20.23,19.15,4261907.0,83477449.0,-4.177026355047242,-0.8399999999999999,0.021524782828282827,5.370462456489318,198000000.0
2024-04-11,18.96,19.13,19.56,18.96,2686420.0,52365556.0,-0.7265179034769087,-0.14000000000000057,0.013567777777777778,3.113648157758162,198000000.0
2024-04-12,19.13,19.33,19.73,19.13,3166653.0,62021617.0,1.0454783063251316,0.1999999999999993,0.01599319696969697,3.1364349189754384,198000000.0
2024-04-15,19.37,18.59,19.53,18.26,4636001.0,87467906.0,-3.8282462493533287,-0.7399999999999984,0.023414146464646464,6.570098292809104,198000000.0
2024-04-16,18.55,17.46,18.56,17.44,5126783.0,92017551.0,-6.078536847767612,-1.129999999999999,0.025892843434343435,6.024744486282934,198000000.0
2024-04-17,17.57,18.53,18.57,17.57,4630692.0,85184456.0,6.128293241695304,1.0700000000000003,0.023387333333333333,5.72737686139748,198000000.0
2024-04-18,18.49,18.56,18.85,18.2,3118853.0,58270416.0,0.16189962223420729,0.029999999999997584,0.015751782828282827,3.5078251484079983,198000000.0
2024-04-19,18.36,18.32,18.52,18.02,2701910.0,49761695.0,-1.2931034482758563,-0.23999999999999844,0.013646010101010101,2.6939655172413794,198000000.0
2024-04-22,18.26,18.3,18.63,17.77,2617004.0,48294989.0,-0.10917030567685337,-0.019999999999999574,0.013217191919191918,4.694323144104801,198000000.0
2024-04-23,18.37,18.51,18.78,18.17,2645420.0,49285450.0,1.1475409836065653,0.21000000000000085,0.01336070707070707,3.33333333333333,198000000.0
2024-04-24,18.87,19.01,19.16,18.63,4638136.0,88324476.0,2.701242571582929,0.5,0.023424929292929293,2.8633171258779098,198000000.0
2024-04-25,19.0,18.65,19.0,18.58,3042201.0,57405588.0,-1.893740136770139,-0.360000000000003,0.015364651515151515,2.2093634928984835,198000000.0
2024-04-26,18.53,19.19,19.3,18.51,4175580.0,79943676.0,2.895442359249345,0.5400000000000027,0.02108878787878788,4.235924932975867,198000000.0
2024-04-29,19.18,19.6,19.61,19.17,3585200.0,70390265.0,2.1365294424179337,0.41000000000000014,0.018107070707070707,2.2928608650338598,198000000.0
2024-04-30,19.16,18.3,19.28,18.17,6513952.0,121804396.0,-6.632653061224492,-1.3000000000000007,0.032898747474747476,5.663265306122446,198000000.0
2024-05-06,18.44,18.4,18.63,18.27,3537800.0,65628108.0,0.5464480874316724,0.09999999999999787,0.01786767676767677,1.967213114754095,198000000.0
2024-05-07,18.41,18.56,18.67,18.21,3368600.0,62714573.0,0.8695652173912993,0.16000000000000014,0.017013131313131313,2.500000000000005,198000000.0
2024-05-08,18.44,17.95,18.47,17.92,2936505.0,53694271.0,-3.286637931034475,-0.6099999999999994,0.014830833333333333,2.963362068965502,198000000.0
2024-05-09,18.02,18.32,18.39,17.93,2456424.0,45129946.0,2.0612813370473493,0.370000000000001,0.012406181818181818,2.5626740947075257,198000000.0
2024-05-10,18.32,18.02,18.32,17.94,2313500.0,42050994.0,-1.637554585152845,-0.3000000000000007,0.011684343434343434,2.0742358078602563,198000000.0
2024-05-13,17.97,17.55,18.02,17.5,2768624.0,49247074.0,-2.6082130965593753,-0.46999999999999886,0.013982949494949494,2.885682574916757,198000000.0
2024-05-14,17.78,17.9,18.25,17.52,3169000.0,56805971.0,1.9943019943019724,0.34999999999999787,0.016005050505050505,4.159544159544161,198000000.0
2024-05-15,17.93,17.82,18.12,17.71,1753800.0,31700413.0,-0.4469273743016644,-0.0799999999999983,0.008857575757575757,2.2905027932960906,198000000.0
2024-05-16,18.08,18.32,18.48,17.92,4436900.0,81717609.0,2.805836139169471,0.5,0.022408585858585857,3.142536475869802,198000000.0
2024-05-17,18.15,18.47,18.47,18.12,2524867.0,46696293.0,0.8187772925764225,0.14999999999999858,0.012751853535353535,1.9104803493449667,198000000.0
2024-05-20,18.37,18.37,18.51,18.27,2344600.0,43377126.0,-0.5414185165132479,-0.09999999999999787,0.01184141414141414,1.2994044396318463,198000000.0
2024-05-21,18.41,18.03,18.53,17.97,2288800.0,41927926.0,-1.8508437670114342,-0.33999999999999986,0.011559595959595959,3.0484485574306057,198000000.0
2024-05-22,17.97,17.99,18.16,17.81,2455200.0,44380730.0,-0.22185246810871861,-0.0400000000000027,0.0124,1.9412090959512,198000000.0
2024-05-23,17.88,17.47,17.97,17.38,2745190.0,48674671.0,-2.8904947192884944,-0.5199999999999996,0.01386459595959596,3.279599777654252,198000000.0
2024-05-24,17.47,17.25,17.77,17.22,2308848.0,40529234.0,-1.2593016599885432,-0.21999999999999886,0.011660848484848486,3.1482541499713834,198000000.0
2024-05-27,17.34,17.46,17.48,16.77,2617109.0,44946236.0,1.2173913043478368,0.21000000000000085,0.013217722222222223,4.115942028985512,198000000.0
2024-05-28,17.48,17.38,17.62,17.21,1578500.0,27658762.0,-0.45819014891180787,-0.08000000000000185,0.007972222222222223,2.3482245131729673,198000000.0
2024-05-29,17.28,17.38,17.54,17.28,1551305.0,27199764.0,0.0,0.0,0.007834873737373738,1.49597238204832,198000000.0
2024-05-30,17.23,17.97,18.07,17.06,4439300.0,79402567.0,3.3947065592635273,0.5899999999999999,0.02242070707070707,5.811277330264682,198000000.0
2024-05-31,17.7,17.98,18.19,17.69,3421969.0,61897904.0,0.05564830272677401,0.010000000000001563,0.017282671717171717,2.782415136338342,198000000.0
2024-06-03,17.96,17.67,18.08,17.52,2443019.0,43776704.0,-1.724137931034475,-0.3099999999999987,0.012338479797979798,3.1145717463848652,198000000.0
2024-06-04,17.6,17.32,17.8,17.1,2095400.0,36472383.0,-1.9807583474816148,-0.3500000000000014,0.010582828282828282,3.96151669496321,198000000.0
2024-06-05,17.18,17.08,17.5,17.08,1945293.0,33936309.0,-1.3856812933025542,-0.240000000000002,0.009824712121212121,2.4249422632794557,198000000.0
2024-06-06,16.99,16.32,17.14,16.18,3676500.0,61178400.0,-4.449648711943787,-0.759999999999998,0.018568181818181817,5.620608899297429,198000000.0
2024-06-07,16.35,16.46,16.73,16.24,1952911.0,32425871.0,0.8578431372548989,0.14000000000000057,0.009863186868686868,3.0024509803921693,198000000.0
2024-06-11,16.46,16.69,16.7,16.16,1474611.0,24514808.0,1.39732685297691,0.23000000000000043,0.007447530303030303,3.280680437424053,198000000.0
2024-06-12,16.54,16.76,16.94,16.54,1278910.0,21632544.0,0.41941282204913666,0.07000000000000028,0.006459141414141414,2.3966446974236195,198000000.0
2024-06-13,16.76,16.67,16.86,16.66,1289550.0,21747565.0,-0.5369928400954627,-0.08999999999999986,0.006512878787878788,1.1933174224343632,198000000.0
2024-06-14,16.88,18.34,18.34,16.56,5662411.0,100128937.0,10.017996400719852,1.6699999999999982,0.028598035353535355,10.677864427114583,198000000.0
2024-06-17,20.18,20.18,20.18,20.18,3916413.0,79581512.0,10.03271537622683,1.8399999999999999,0.019779863636363637,0.0,198000000.0
2024-06-18,21.79,22.19,22.19,21.35,20487507.0,452927774.0,9.960356788899905,2.0100000000000016,0.10347225757575758,4.162537165510406,198000000.0
2024-06-19,24.41,24.42,24.42,23.34,30417051.0,744980225.0,10.049571879224883,2.2300000000000004,0.1536214696969697,4.8670572329878405,198000000.0
2024-06-20,22.46,21.97,23.69,21.97,39280309.0,880236224.0,-10.032760032760047,-2.450000000000003,0.198385398989899,7.043407043407053,198000000.0
2024-06-21,19.78,19.78,20.44,19.78,28793031.0,576424215.0,-9.96813837050522,-2.1899999999999977,0.1454193484848485,3.004096495220756,198000000.0
2024-06-24,18.87,18.49,19.13,18.25,22608022.0,426976380.0,-6.521739130434801,-1.2900000000000027,0.1141819292929293,4.448938321536901,198000000.0
2024-06-25,19.04,18.69,19.24,18.42,21110490.0,401724879.0,1.08166576527855,0.20000000000000284,0.10661863636363636,4.434829637641951,198000000.0
2024-06-26,18.27,18.69,18.73,17.65,15753358.0,288345846.0,0.0,0.0,0.07956241414141414,5.778491171749608,198000000.0
2024-06-27,18.48,17.88,18.64,17.8,14185567.0,260750328.0,-4.333868378812211,-0.8100000000000023,0.07164427777777778,4.4943820224719095,198000000.0
2024-06-28,17.96,17.78,18.3,17.68,13935304.0,253364927.0,-0.5592841163310824,-0.09999999999999787,0.07038032323232324,3.467561521252802,198000000.0
2024-07-01,17.85,17.94,18.01,17.34,11737321.0,208609426.0,0.8998875140607376,0.16000000000000014,0.05927939898989899,3.768278965129368,198000000.0
2024-07-02,17.85,17.41,17.87,17.37,9561593.0,169398700.0,-2.9542920847268728,-0.5300000000000011,0.048290873737373737,2.7870680044593086,198000000.0
2024-07-03,17.48,17.02,17.48,17.01,7587677.0,131222143.0,-2.2400919012062093,-0.39000000000000057,0.03832160101010101,2.699597932222854,198000000.0
2024-07-04,17.34,16.75,17.44,16.69,9331264.0,160150626.0,-1.5863689776733247,-0.2699999999999996,0.04712759595959596,4.406580493537016,198000000.0
2024-07-05,16.74,16.68,16.82,16.35,7045266.0,117470108.0,-0.4179104477611939,-0.07000000000000028,0.03558215151515152,2.805970149253725,198000000.0
2024-07-08,16.46,16.01,16.58,15.93,6909930.0,112853298.0,-4.016786570743392,-0.6699999999999982,0.03489863636363636,3.896882494004788,198000000.0
2024-07-09,16.0,16.74,16.8,15.94,9232851.0,152487016.0,4.559650218613354,0.7299999999999969,0.046630560606060606,5.371642723297946,198000000.0
2024-07-10,16.34,16.39,16.71,16.2,6634612.0,110023655.0,-2.0908004778972367,-0.34999999999999787,0.033508141414141414,3.046594982078863,198000000.0
2024-07-11,16.73,16.63,16.81,16.48,6554730.0,109975076.0,1.4643075045759568,0.23999999999999844,0.03310469696969697,2.013422818791936,198000000.0
2024-07-12,16.57,16.78,16.88,16.4,6976472.0,117417965.0,0.9019843656043358,0.15000000000000213,0.03523470707070707,2.886349969933857,198000000.0
2024-07-15,16.9,16.5,17.13,16.43,7138500.0,120605360.0,-1.6686531585220599,-0.28000000000000114,0.0360530303030303,4.171632896305121,198000000.0
2024-07-16,16.64,16.54,16.68,16.24,4848063.0,80280954.0,0.24242424242424399,0.03999999999999915,0.024485166666666665,2.6666666666666745,198000000.0
2024-07-17,16.46,16.04,16.48,16.04,5537163.0,90358903.0,-3.022974607013307,-0.5,0.027965469696969697,2.6602176541717126,198000000.0
2024-07-18,16.01,15.76,16.01,15.46,6262883.0,99019559.0,-1.74563591022443,-0.27999999999999936,0.03163072222222222,3.4289276807980094,198000000.0
2024-07-19,15.66,16.0,16.07,15.65,4112508.0,66008653.0,1.522842639593902,0.2400000000000002,0.020770242424242424,2.6649746192893398,198000000.0
2024-07-22,15.9,16.18,16.2,15.9,3623300.0,58766144.0,1.1249999999999982,0.17999999999999972,0.01829949494949495,1.8749999999999933,198000000.0
2024-07-23,16.13,15.92,16.32,15.91,4004108.0,65106438.0,-1.606922126081578,-0.2599999999999998,0.020222767676767676,2.533992583436342,198000000.0
2024-07-24,15.82,15.73,16.07,15.69,3538939.0,56605400.0,-1.193467336683418,-0.1899999999999995,0.01787342929292929,2.386934673366839,198000000.0
2024-07-25,15.63,15.74,15.91,15.4,3583911.0,56535776.0,0.06357279084552303,0.009999999999999787,0.018100560606060606,3.2422123331214228,198000000.0
2024-07-26,15.62,16.07,16.13,15.6,3575611.0,57493944.0,2.0965692503176703,0.33000000000000007,0.018058641414141412,3.36721728081321,198000000.0
2024-07-29,16.13,16.15,16.32,15.96,3849798.0,62690191.0,0.49782202862476144,0.0799999999999983,0.01944342424242424,2.2401991288114464,198000000.0
2024-07-30,16.14,16.47,16.71,16.04,6590200.0,109422671.0,1.981424148606803,0.3200000000000003,0.03328383838383838,4.148606811145522,198000000.0
2024-07-31,16.37,16.77,16.83,16.33,7764599.0,130138462.0,1.821493624772308,0.3000000000000007,0.039215146464646466,3.035822707953856,198000000.0
2024-08-01,16.77,17.03,17.25,16.73,7717801.0,132446873.0,1.5503875968992276,0.26000000000000156,0.03897879292929293,3.100775193798447,198000000.0
2024-08-02,16.88,16.53,17.13,16.41,6363201.0,107274477.0,-2.9359953024075125,-0.5,0.03213737878787879,4.227833235466816,198000000.0
2024-08-05,16.32,15.78,16.61,15.76,6113401.0,99173834.0,-4.537205081669704,-0.7500000000000018,0.030875762626262626,5.142165759225648,198000000.0
2024-08-06,15.99,16.12,16.13,15.52,3802700.0,61128824.0,2.1546261089987473,0.34000000000000163,0.019205555555555556,3.865652724968311,198000000.0
2024-08-07,16.45,17.73,17.73,16.44,8845882.0,156987100.0,9.987593052109167,1.6099999999999994,0.04467617171717172,8.002481389578158,198000000.0
2024-08-08,19.5,18.2,19.51,17.82,32281079.0,619628423.0,2.6508742244782724,0.46999999999999886,0.16303575252525251,9.53186689227299,198000000.0
2024-08-09,18.2,17.33,20.02,17.3,30706040.0,574317702.0,-4.780219780219785,-0.870000000000001,0.1550810101010101,14.94505494505494,198000000.0
2024-08-12,16.81,16.41,17.73,16.25,19726845.0,330956943.0,-5.308713214079619,-0.9199999999999982,0.0996305303030303,8.540103866128105,198000000.0
2024-08-13,16.28,16.3,16.57,15.99,10492101.0,170919988.0,-0.6703229737964667,-0.10999999999999943,0.05299040909090909,3.5344302254722737,198000000.0
2024-08-14,16.3,16.07,16.43,16.06,9735400.0,158549450.0,-1.411042944785279,-0.23000000000000043,0.04916868686868687,2.2699386503067545,198000000.0
2024-08-15,16.02,16.33,16.46,15.8,10386455.0,169633326.0,1.6179215930304691,0.259999999999998,0.05245684343434343,4.107031736154325,198000000.0
2024-08-16,16.38,16.05,16.62,16.03,6315800.0,103021979.0,-1.7146356399264984,-0.2799999999999976,0.0318979797979798,3.6129822412737287,198000000.0
2024-08-19,15.99,16.02,16.21,15.86,5160400.0,82960762.0,-0.18691588785046953,-0.030000000000001137,0.026062626262626263,2.180685358255461,198000000.0
2024-08-20,16.01,15.56,16.03,15.53,5930500.0,93208668.0,-2.871410736579272,-0.4599999999999991,0.029952020202020202,3.1210986267166154,198000000.0
2024-08-21,15.47,15.62,15.66,15.4,3083370.0,48170487.0,0.385604113110527,0.05999999999999872,0.015572575757575757,1.6709511568123379,198000000.0
2024-08-22,15.57,15.33,15.75,15.28,3996501.0,62024702.0,-1.8565941101152283,-0.28999999999999915,0.020184348484848486,3.008962868117802,198000000.0
2024-08-23,15.27,15.28,15.51,15.13,3095500.0,47475320.0,-0.3261578604044413,-0.05000000000000071,0.015633838383838385,2.4787997390737053,198000000.0
2024-08-26,15.27,15.43,15.47,15.09,3577768.0,54961178.0,0.981675392670156,0.15000000000000036,0.018069535353535355,2.486910994764403,198000000.0
2024-08-27,15.3,15.08,15.44,15.04,3476200.0,52746656.0,-2.268308489954629,-0.34999999999999964,0.017556565656565656,2.5923525599481554,198000000.0
2024-08-28,15.09,15.05,15.2,14.77,3043263.0,45831195.0,-0.19893899204244114,-0.02999999999999936,0.015370015151515152,2.8514588859416428,198000000.0
2024-08-29,15.01,15.22,15.31,14.75,2862100.0,43485498.0,1.1295681063122842,0.16999999999999993,0.014455050505050505,3.720930232558143,198000000.0
2024-08-30,15.22,15.46,15.69,15.2,5404067.0,84080809.0,1.5768725361366531,0.2400000000000002,0.027293267676767676,3.219448094612353,198000000.0
2024-09-02,15.43,15.08,15.55,15.04,4071870.0,62248844.0,-2.457956015523932,-0.3800000000000008,0.020565,3.298835705045288,198000000.0
2024-09-03,15.11,15.29,15.32,15.05,2830609.0,43065114.0,1.3925729442970658,0.20999999999999908,0.01429600505050505,1.7904509283819598,198000000.0
2024-09-04,15.19,15.3,15.42,15.12,2675500.0,40983958.0,0.06540222367561466,0.010000000000001563,0.013512626262626263,1.9620667102681537,198000000.0
2024-09-05,15.3,15.42,15.54,15.27,3156000.0,48744917.0,0.7843137254901933,0.11999999999999922,0.01593939393939394,1.7647058823529385,198000000.0
2024-09-06,15.42,14.94,15.53,14.87,4057799.0,61528655.0,-3.11284046692607,-0.4800000000000004,0.020493934343434342,4.280155642023347,198000000.0
2024-09-09,14.79,14.76,14.97,14.62,2938499.0,43550724.0,-1.2048192771084265,-0.17999999999999972,0.01484090404040404,2.342704149933075,198000000.0
2024-09-10,14.87,15.15,15.23,14.58,4415400.0,65965199.0,2.6422764227642226,0.39000000000000057,0.0223,4.403794037940382,198000000.0
2024-09-11,15.04,14.86,15.1,14.8,2951900.0,44155604.0,-1.9141914191419196,-0.2900000000000009,0.014908585858585859,1.9801980198019733,198000000.0
2024-09-12,14.89,14.87,15.13,14.85,2658700.0,39888231.0,0.06729475100941684,0.009999999999999787,0.013427777777777778,1.884253028263803,198000000.0
2024-09-13,14.94,14.77,15.05,14.73,2812300.0,41903669.0,-0.672494956287828,-0.09999999999999964,0.014203535353535354,2.1519838601210513,198000000.0
2024-09-18,14.73,14.7,14.88,14.42,2933700.0,42911800.0,-0.4739336492891044,-0.07000000000000028,0.014816666666666667,3.114421123899803,198000000.0
2024-09-19,14.95,15.49,15.49,14.87,8628166.0,131524538.0,5.374149659863958,0.7900000000000009,0.04357659595959596,4.217687074829938,198000000.0
2024-09-20,15.96,16.19,16.69,15.78,17884812.0,290938095.0,4.5190445448676675,0.7000000000000011,0.09032733333333333,5.8747579083279655,198000000.0
2024-09-23,16.14,16.02,16.34,15.91,11321714.0,182582669.0,-1.0500308832612881,-0.1700000000000017,0.05718037373737374,2.6559604694255694,198000000.0
2024-09-24,16.05,16.12,16.2,15.6,10768311.0,172236957.0,0.6242197253433224,0.10000000000000142,0.05438540909090909,3.745318352059923,198000000.0
2024-09-25,16.28,16.15,16.54,16.05,10656156.0,174112486.0,0.18610421836227076,0.029999999999997584,0.0538189696969697,3.0397022332506105,198000000.0
2024-09-26,15.99,16.48,16.5,15.96,7877282.0,128682932.0,2.0433436532507843,0.33000000000000185,0.03978425252525253,3.343653250773989,198000000.0
2024-09-27,16.71,17.19,17.24,16.61,8023634.0,136058815.0,4.308252427184467,0.7100000000000009,0.04052340404040404,3.8228155339805765,198000000.0
2024-09-30,17.93,18.65,18.69,17.26,16092394.0,291945214.0,8.493310063990677,1.4599999999999973,0.08127471717171718,8.318789994182662,198000000.0
2024-10-08,20.47,19.82,20.5,18.36,18507813.0,362499465.0,6.273458445040214,1.1700000000000017,0.09347380303030303,11.4745308310992,198000000.0
2024-10-09,19.26,17.83,19.26,17.83,11951512.0,220983040.0,-10.040363269424834,-1.990000000000002,0.060361171717171716,7.214934409687201,198000000.0
2024-10-10,17.91,18.37,18.9,17.78,10068673.0,185496051.0,3.0286034772854853,0.5400000000000027,0.050851883838383835,6.281547952888376,198000000.0
2024-10-11,18.15,17.36,18.31,17.12,6727397.0,118848030.0,-5.498094719651614,-1.0100000000000016,0.03397675252525253,6.477953184539999,198000000.0
2024-10-14,17.36,17.94,17.99,17.31,5643309.0,100043620.0,3.3410138248848087,0.5800000000000018,0.028501560606060607,3.917050691244238,198000000.0
2024-10-15,17.87,17.54,18.19,17.51,4638555.0,82926094.0,-2.2296544035674604,-0.40000000000000213,0.023427045454545454,3.7904124860646577,198000000.0
2024-10-16,17.46,17.51,17.7,17.24,3600100.0,63069971.0,-0.17103762827820335,-0.029999999999997584,0.018182323232323234,2.6225769669327303,198000000.0
2024-10-17,17.57,17.52,17.95,17.49,4916855.0,87477568.0,0.057110222729850335,0.00999999999999801,0.02483260101010101,2.6270702455739623,198000000.0
2024-10-18,17.59,18.04,18.34,17.44,6643600.0,119270206.0,2.9680365296803624,0.5199999999999996,0.033553535353535356,5.136986301369855,198000000.0
2024-10-21,18.18,18.4,18.73,18.15,8409600.0,155363649.0,1.9955654101995624,0.35999999999999943,0.04247272727272727,3.215077605321518,198000000.0
2024-10-22,18.45,18.36,18.55,18.09,5938681.0,108856657.0,-0.21739130434782483,-0.03999999999999915,0.029993338383838383,2.500000000000005,198000000.0
2024-10-23,18.4,18.61,18.98,18.22,7466407.0,139834974.0,1.3616557734204893,0.25,0.037709126262626264,4.139433551198265,198000000.0
2024-10-24,18.45,18.62,18.96,18.34,6105400.0,114070860.0,0.053734551316497736,0.010000000000001563,0.030835353535353535,3.331542181622789,198000000.0
2024-10-25,18.63,19.02,19.32,18.63,8484909.0,161491512.0,2.1482277121374738,0.3999999999999986,0.042853075757575756,3.705692803437171,198000000.0
2024-10-28,19.02,19.59,19.66,18.86,9627666.0,186757517.0,2.9968454258675115,0.5700000000000003,0.048624575757575755,4.206098843322822,198000000.0
2024-10-29,19.74,19.23,20.25,19.21,10876094.0,213016372.0,-1.8376722817764146,-0.35999999999999943,0.054929767676767674,5.308831036242976,198000000.0
2024-10-30,19.01,19.26,19.43,18.89,6933800.0,133149233.0,0.15600624024960652,0.030000000000001137,0.03501919191919192,2.808112324492975,198000000.0
2024-10-31,19.32,19.37,19.51,19.14,6640300.0,128639195.0,0.5711318795430964,0.10999999999999943,0.033536868686868684,1.921079958463141,198000000.0
2024-11-01,19.32,18.14,19.32,18.08,8688400.0,161136472.0,-6.350025813113058,-1.2300000000000004,0.04388080808080808,6.401652039235942,198000000.0
2024-11-04,18.14,18.61,18.76,18.14,4012301.0,74462049.0,2.5909592061742037,0.46999999999999886,0.020264146464646464,3.417861080485121,198000000.0
2024-11-05,18.61,19.01,19.11,18.48,5833073.0,110075994.0,2.149382052659865,0.40000000000000213,0.029459964646464647,3.385276732939275,198000000.0
2024-11-06,19.14,18.94,19.23,18.78,5714212.0,108833386.0,-0.36822724881641067,-0.07000000000000028,0.028859656565656564,2.367175170962647,198000000.0
2024-11-07,18.91,19.19,19.21,18.77,5825039.0,111372955.0,1.3199577613516311,0.25,0.029419388888888887,2.323125659978887,198000000.0
2024-11-08,19.35,21.1,21.1,19.35,15437144.0,315105618.0,9.953100573215213,1.9100000000000001,0.07796537373737374,9.119332985930171,198000000.0
2024-11-11,22.27,23.22,23.22,21.73,26679822.0,605096563.0,10.047393364928903,2.1199999999999974,0.13474657575757576,7.061611374407575,198000000.0
2024-11-12,22.99,22.21,23.7,21.73,28893170.0,653368804.0,-4.3496985357450395,-1.009999999999998,0.145925101010101,8.484065460809642,198000000.0
2024-11-13,22.01,24.44,24.44,21.99,34887148.0,824873485.0,10.040522287258003,2.2300000000000004,0.17619771717171717,11.031067086897806,198000000.0
2024-11-14,23.48,23.57,26.22,23.3,32562465.0,797383992.0,-3.559738134206225,-0.870000000000001,0.16445689393939394,11.947626841243855,198000000.0
2024-11-15,23.33,25.92,25.92,22.28,28514182.0,686822638.0,9.97030123037761,2.3500000000000014,0.1440110202020202,15.443360203648709,198000000.0
2024-11-18,27.09,28.52,28.52,26.24,54980977.0,1541482026.0,10.030864197530853,2.599999999999998,0.27768170202020204,8.796296296296301,198000000.0
2024-11-19,26.76,25.66,27.2,25.66,27686830.0,718853881.0,-10.028050490883588,-2.8599999999999994,0.13983247474747476,5.399719495091161,198000000.0
2024-11-20,25.18,28.23,28.23,24.75,25728563.0,703866220.0,10.01558846453625,2.5700000000000003,0.12994223737373736,13.561964146531569,198000000.0
2024-11-21,29.13,29.23,31.05,28.8,51439504.0,1554017521.0,3.542330853701725,1.0,0.2597954747474748,7.970244420828905,198000000.0
2024-11-22,28.44,28.61,30.83,26.31,44000386.0,1234078706.0,-2.1211084502223754,-0.620000000000001,0.2222241717171717,15.463564830653437,198000000.0
2024-11-25,27.14,26.02,27.44,25.74,26405210.0,696752336.0,-9.052778748689272,-2.59,0.13335964646464646,5.941978329255515,198000000.0
2024-11-26,25.24,25.79,27.28,24.94,23332327.0,619191337.0,-0.8839354342813244,-0.23000000000000043,0.11784003535353535,8.993082244427363,198000000.0
2024-11-27,24.43,28.38,28.38,24.4,32804851.0,887457496.0,10.042652190771605,2.59,0.16568106565656565,15.432338115548664,198000000.0
2024-11-28,27.44,28.43,29.86,27.44,27313131.0,782637622.0,0.17618040873854657,0.05000000000000071,0.13794510606060606,8.52713178294573,198000000.0
2024-11-29,28.05,29.62,31.04,27.44,26757272.0,779031524.0,4.185719310587421,1.1900000000000013,0.13513773737373738,12.662680267323243,198000000.0
2024-12-02,29.04,28.56,30.13,27.84,23725501.0,681760427.0,-3.5786630654962903,-1.0600000000000023,0.11982576262626263,7.7312626603646155,198000000.0
2024-12-03,28.14,28.36,29.13,27.63,15871250.0,450542972.0,-0.7002801120448154,-0.1999999999999993,0.08015782828282829,5.2521008403361344,198000000.0
2024-12-04,27.74,28.07,29.03,27.62,13449378.0,379622210.0,-1.0225669957686812,-0.28999999999999915,0.06792615151515151,4.971791255289141,198000000.0
2024-12-05,27.53,28.41,29.38,27.52,12841393.0,365647304.0,1.211257570359825,0.33999999999999986,0.0648555202020202,6.626291414321337,198000000.0
2024-12-06,28.46,28.06,28.94,27.42,11715510.0,328687291.0,-1.2319605772615372,-0.3500000000000014,0.05916924242424242,5.350228792678633,198000000.0
2024-12-09,27.94,27.63,28.82,27.41,9861000.0,277234883.0,-1.5324305060584464,-0.4299999999999997,0.0498030303030303,5.0249465431218825,198000000.0
2024-12-10,28.19,29.73,30.31,27.44,20238186.0,586025074.0,7.600434310532034,2.1000000000000014,0.10221306060606061,10.387260224393765,198000000.0
2024-12-11,28.95,29.64,30.08,28.61,11146769.0,328205586.0,-0.3027245206861706,-0.08999999999999986,0.05629681313131313,4.944500504540864,198000000.0
2024-12-12,29.38,30.04,30.42,28.39,14343994.0,423904819.0,1.3495276653171295,0.3999999999999986,0.07244441414141414,6.848852901484484,198000000.0
2024-12-13,29.45,29.23,30.12,28.78,10008700.0,294151786.0,-2.69640479360852,-0.8099999999999987,0.0505489898989899,4.4607190412782955,198000000.0
2024-12-16,29.29,27.02,29.29,26.7,12098850.0,331779990.0,-7.560725282244274,-2.210000000000001,0.057188930817821726,8.860759493670885,211559297.0
2024-12-17,26.93,25.19,27.14,25.12,12709507.0,331064697.0,-6.772760917838627,-1.8299999999999983,0.06007538869823338,7.4759437453737965,211559297.0
2024-12-18,25.54,25.3,26.28,25.02,10767313.0,275878174.0,0.4366812227074135,0.10999999999999943,0.050895012191310124,5.001984914648676,211559297.0
2024-12-19,24.79,24.87,25.3,24.59,11290052.0,281561658.0,-1.6996047430830052,-0.4299999999999997,0.053365898639755834,2.80632411067194,211559297.0
2024-12-20,24.64,25.34,25.44,24.31,8348262.0,209486044.0,1.8898271009248013,0.46999999999999886,0.039460624602094416,4.543626859670296,211559297.0
2024-12-23,25.02,23.45,25.38,23.4,12973561.0,314446114.0,-7.458563535911599,-1.8900000000000006,0.061323521036279485,7.81373322809787,211559297.0
2024-12-24,23.6,24.08,24.14,23.25,11923296.0,285154436.0,2.686567164179099,0.629999999999999,0.056359120913509184,3.7953091684434996,211559297.0
2024-12-25,24.09,24.51,24.84,23.27,9958547.0,240526560.0,1.7857142857143016,0.43000000000000327,0.047072131271073375,6.5199335548172765,211559297.0
2024-12-26,24.15,24.74,25.01,24.12,8239007.0,204003550.0,0.9383924928600518,0.22999999999999687,0.038944197285737815,3.6311709506323973,211559297.0
2024-12-27,24.54,24.09,24.73,24.02,7614000.0,185673210.0,-2.6273241713823725,-0.6499999999999986,0.03598990972256823,2.8698464025869073,211559297.0
2024-12-30,23.93,23.86,24.45,23.53,4325001.0,103918159.0,-0.9547530095475265,-0.23000000000000043,0.0204434456974018,3.819012038190113,211559297.0
2024-12-31,23.95,23.07,24.15,23.02,5754487.0,134902764.0,-3.310980720871748,-0.7899999999999991,0.02720035035850965,4.735959765297565,211559297.0
2025-01-02,23.03,22.21,23.2,21.93,5809902.0,131407331.0,-3.7277850021673165,-0.8599999999999994,0.02746228637732711,5.504984828781966,211559297.0
2025-01-03,22.09,20.98,22.45,20.94,5667125.0,122602829.0,-5.538045925258894,-1.2300000000000004,0.026787407031325122,6.798739306618631,211559297.0
2025-01-06,21.0,20.91,21.29,20.54,4442480.0,93258352.0,-0.3336510962821726,-0.07000000000000028,0.020998746275849082,3.5748331744518587,211559297.0
2025-01-07,20.92,21.35,21.36,20.81,3563900.0,75442665.0,2.1042563366810096,0.4400000000000013,0.01684586804048607,2.630320420851271,211559297.0
2025-01-08,21.3,21.11,21.41,20.49,4377300.0,92273287.0,-1.1241217798594993,-0.240000000000002,0.020690652985106108,4.309133489461367,211559297.0
2025-01-09,20.81,21.24,21.49,20.81,3719000.0,79507576.0,0.6158218853623776,0.129999999999999,0.017578995831130977,3.2212221695878713,211559297.0
2025-01-10,21.13,20.57,21.45,20.5,3578609.0,75393060.0,-3.1544256120527248,-0.6699999999999982,0.016915394647014734,4.472693032015062,211559297.0
2025-01-13,20.27,21.34,21.43,19.88,6348401.0,133439866.0,3.743315508021383,0.7699999999999996,0.030007667306627513,7.535245503159945,211559297.0
2025-01-14,21.28,22.45,22.45,21.22,8195251.0,180257701.0,5.201499531396436,1.1099999999999994,0.038737371111608486,5.7638238050609205,211559297.0
2025-01-15,22.43,22.06,22.43,21.95,5044944.0,111996231.0,-1.7371937639198198,-0.39000000000000057,0.02384647742519205,2.1380846325167058,211559297.0
2025-01-16,22.05,22.0,22.42,21.7,4443400.0,98059561.0,-0.27198549410697437,-0.05999999999999872,0.021003094938437047,3.2638259292837826,211559297.0
2025-01-17,21.95,22.29,22.6,21.75,5187400.0,115594399.0,1.3181818181818183,0.28999999999999915,0.02451983946609541,3.86363636363637,211559297.0
2025-01-20,22.52,22.25,22.63,22.08,2940897.0,65712651.0,-0.1794526693584486,-0.03999999999999915,0.01390105299886679,2.467474203678783,211559297.0
2025-01-21,22.27,22.02,22.49,21.89,3872000.0,85596009.0,-1.0337078651685427,-0.23000000000000043,0.01830219732673814,2.6966292134831362,211559297.0
2025-01-22,21.95,21.87,22.13,21.75,2608500.0,57305172.0,-0.6811989100817373,-0.14999999999999858,0.012329876479028005,1.7257039055404135,211559297.0
2025-01-23,22.17,21.83,22.91,21.83,5163400.0,115530493.0,-0.18289894833105613,-0.0400000000000027,0.02440639609423546,4.938271604938279,211559297.0
2025-01-24,21.9,24.02,24.02,21.9,11785000.0,273150003.0,10.032065964269353,2.1900000000000013,0.05570542239039488,9.711406321575819,211559297.0
2025-01-27,23.75,22.88,24.0,22.64,11992700.0,279334543.0,-4.746044962531226,-1.1400000000000006,0.0566871802376995,5.6619483763530365,211559297.0
2025-02-05,23.11,22.91,23.11,22.25,8051000.0,183627950.0,0.1311188811188968,0.030000000000001137,0.03805552445185144,3.7587412587412565,211559297.0
2025-02-06,22.8,23.37,23.4,22.45,8218100.0,190495987.0,2.0078568310781364,0.46000000000000085,0.03884537392842632,4.146660846791791,211559297.0
2025-02-07,23.37,23.61,23.94,23.24,10029989.0,237523451.0,1.0269576379974277,0.23999999999999844,0.04740982382825747,2.995293110825857,211559297.0
2025-02-10,23.66,24.08,24.12,23.66,7832600.0,187677204.0,1.9906819144430266,0.46999999999999886,0.037023189767925915,1.9483269800931846,211559297.0
2025-02-11,23.99,24.17,24.72,23.75,8462350.0,205070923.0,0.3737541528239241,0.09000000000000341,0.039999896577459323,4.0282392026578036,211559297.0
2025-02-12,23.95,24.35,24.54,23.95,6434848.0,156866062.0,0.7447248655357841,0.17999999999999972,0.03041628560525988,2.4410426148117494,211559297.0
2025-02-13,24.36,23.87,24.57,23.71,7469789.0,179883512.0,-1.9712525667351155,-0.4800000000000004,0.03530825213509761,3.5318275154004084,211559297.0
2025-02-14,23.94,24.05,24.5,23.73,6465547.0,155787422.0,0.7540846250523758,0.17999999999999972,0.030561393858290237,3.2258064516129012,211559297.0
2025-02-17,24.04,23.8,24.3,23.62,7546000.0,181062644.0,-1.039501039501034,-0.25,0.035668486835631716,2.8274428274428263,211559297.0
2025-02-18,23.85,22.91,23.94,22.7,6159780.0,144236982.0,-3.7394957983193255,-0.8900000000000006,0.029116092213144384,5.2100840336134535,211559297.0
2025-02-19,22.9,24.0,24.4,22.81,7221080.0,171907631.0,4.757747708424276,1.0899999999999999,0.03413265265293446,6.940200785683107,211559297.0
2025-02-20,23.95,24.35,24.71,23.85,7867181.0,191749618.0,1.4583333333333393,0.3500000000000014,0.03718664748635462,3.583333333333331,211559297.0
2025-02-21,24.3,25.15,25.29,24.15,10114241.0,250805295.0,3.2854209445585036,0.7999999999999972,0.04780806678517182,4.681724845995896,211559297.0
2025-02-24,25.16,25.17,25.75,24.33,9436810.0,236856972.0,0.07952286282306709,0.020000000000003126,0.04460598108340282,5.646123260437383,211559297.0
2025-02-25,24.77,24.69,25.13,24.39,7501600.0,185854241.0,-1.9070321811680557,-0.4800000000000004,0.03545861659769081,2.940007945967415,211559297.0
2025-02-26,24.74,24.47,24.82,24.18,5728189.0,139990917.0,-0.8910490076954325,-0.22000000000000242,0.027076044783794113,2.5921425678412335,211559297.0
2025-02-27,24.44,23.99,24.59,23.42,6570101.0,157395426.0,-1.96158561503883,-0.4800000000000004,0.031055600454183773,4.781364936657124,211559297.0
2025-02-28,23.93,22.57,23.93,22.51,6338700.0,147071225.0,-5.9191329720716945,-1.4199999999999982,0.02996181255036029,5.919132972071689,211559297.0
2025-03-03,22.85,22.59,22.94,22.34,4294500.0,97376081.0,0.08861320336730483,0.019999999999999574,0.02029927335218929,2.658396101019058,211559297.0
2025-03-04,22.37,23.03,23.45,22.29,4198100.0,96663686.0,1.9477644975653075,0.4400000000000013,0.019843609141885172,5.135015493581231,211559297.0
2025-03-05,23.04,24.81,25.25,23.04,14313608.0,349760580.0,7.729049066435079,1.7799999999999976,0.06765766479172976,9.596178897090754,211559297.0
2025-03-06,24.35,24.67,25.24,24.35,11312756.0,280861961.0,-0.5642885933091368,-0.13999999999999702,0.05347321606953534,3.5872632003224387,211559297.0
2025-03-07,24.49,24.23,24.99,24.05,7308600.0,180012401.0,-1.783542764491286,-0.4400000000000013,0.0345463428156504,3.8102959059586445,211559297.0
2025-03-10,24.35,26.65,26.65,24.35,23660500.0,622706222.0,9.98761865456046,2.419999999999998,0.11183862082884498,9.49236483697894,211559297.0
2025-03-11,25.84,25.93,26.24,25.45,19775762.0,510291165.0,-2.7016885553470926,-0.7199999999999989,0.09347621343249217,2.9643527204502784,211559297.0
2025-03-12,26.14,25.86,26.43,25.4,18529800.0,482244527.0,-0.2699575780948704,-0.07000000000000028,0.08758679132876869,3.9722329348245324,211559297.0
2025-03-13,25.93,25.14,26.28,24.94,10993400.0,280323935.0,-2.78422273781902,-0.7199999999999989,0.05196368184188096,5.181747873163186,211559297.0
2025-03-14,25.14,25.57,25.57,24.69,10798489.0,273401029.0,1.7104216388226012,0.4299999999999997,0.0510423751313562,3.5003977724741406,211559297.0
2025-03-17,25.58,25.34,25.88,25.3,9342100.0,238816012.0,-0.899491591709034,-0.23000000000000043,0.044158305177200506,2.268283144309731,211559297.0
2025-03-18,25.45,25.55,25.84,25.33,8277300.0,212183001.0,0.8287292817679592,0.21000000000000085,0.03912520091234752,2.012628255722184,211559297.0
2025-03-19,25.5,25.03,25.5,24.8,7236824.0,181572545.0,-2.0352250489236723,-0.5199999999999996,0.034207071504874585,2.7397260273972575,211559297.0
2025-03-20,25.04,25.11,25.4,24.77,5657783.0,142412729.0,0.31961646024769585,0.0799999999999983,0.026743249198828638,2.5169796244506553,211559297.0
2025-03-21,25.14,25.59,26.12,25.02,14031612.0,360168537.0,1.9115890083632125,0.4800000000000004,0.06632472407960403,4.380724810832343,211559297.0
2025-03-24,25.94,26.54,27.4,25.19,24045144.0,635041162.0,3.712387651426341,0.9499999999999993,0.1136567588424157,8.636186010160209,211559297.0
2025-03-25,26.24,27.38,29.13,25.92,24942134.0,676812036.0,3.1650339110776082,0.8399999999999999,0.11789665759760962,12.094951017332319,211559297.0
2025-03-26,26.72,26.44,27.22,25.97,15284175.0,407018870.0,-3.4331628926223434,-0.9399999999999977,0.07224534783739615,4.565376186997809,211559297.0
2025-03-27,26.22,25.23,26.42,25.14,11202900.0,287109288.0,-4.576399394856279,-1.2100000000000009,0.05295394794207508,4.841149773071109,211559297.0
2025-03-28,24.89,24.01,25.21,23.97,9633683.0,236189975.0,-4.835513277843829,-1.2199999999999989,0.04553656178957713,4.914783987316694,211559297.0
2025-03-31,23.75,24.46,24.48,23.69,5935104.0,143971314.0,1.8742190753852528,0.4499999999999993,0.02805409208747749,3.2902957101207795,211559297.0
2025-04-01,24.33,25.24,25.84,24.15,8682904.0,218244130.0,3.1888798037612354,0.7799999999999976,0.04104241280400927,6.909239574816032,211559297.0
2025-04-02,25.1,25.12,25.49,24.85,5063700.0,127638324.0,-0.47543581616480424,-0.11999999999999744,0.023935133420300597,2.5356576862123497,211559297.0
2025-04-03,24.58,24.19,25.35,23.83,7622200.0,186656618.0,-3.702229299363058,-0.9299999999999997,0.03602866954128705,6.050955414012751,211559297.0
2025-04-07,21.77,21.77,22.77,21.77,4075300.0,89404330.0,-10.004133939644488,-2.4200000000000017,0.019263157222535108,4.13393964448119,211559297.0
2025-04-08,20.55,20.38,21.75,19.84,8086182.0,167137618.0,-6.384933394579695,-1.3900000000000006,0.038221822981383796,8.773541570969225,211559297.0
2025-04-09,20.25,21.42,21.81,18.8,7843702.0,160351958.0,5.103042198233565,1.0400000000000027,0.03707566678102547,14.76938174681059,211559297.0
2025-04-10,21.75,21.65,22.2,21.65,6223402.0,136858683.0,1.073762838468717,0.22999999999999687,0.029416821138330784,2.5676937441643353,211559297.0
2025-04-11,21.17,22.27,23.05,21.17,6698900.0,148727934.0,2.863741339491921,0.620000000000001,0.03166440848969166,8.683602771362581,211559297.0
2025-04-14,22.56,22.71,22.92,22.42,5263800.0,119427853.0,1.9757521329142325,0.4400000000000013,0.024880967533182908,2.2451728783116303,211559297.0
2025-04-15,22.73,22.97,23.73,22.68,7875316.0,183036836.0,1.1448701012769513,0.259999999999998,0.03722510006260798,4.623513870541615,211559297.0
2025-04-16,22.65,22.46,23.0,21.95,4967400.0,111804248.0,-2.2202873313016847,-0.509999999999998,0.02347994189071256,4.571179799738792,211559297.0
2025-04-17,22.2,22.37,22.75,22.2,2780300.0,62709574.0,-0.40071237756010847,-0.08999999999999986,0.013141941949258794,2.448797862867323,211559297.0
2025-04-18,22.37,22.64,22.91,22.2,4077901.0,92302433.0,1.20697362539115,0.2699999999999996,0.01927545164796043,3.1738936075100614,211559297.0
2025-04-21,22.63,22.73,22.87,22.55,4071700.0,92563283.0,0.3975265017667873,0.08999999999999986,0.019246140716756115,1.413427561837457,211559297.0
2025-04-22,22.58,22.54,22.7,22.35,2935100.0,66252871.0,-0.8358996920369566,-0.19000000000000128,0.013873651697755453,1.53981522217333,211559297.0
2025-04-23,22.55,22.65,22.83,22.47,3291250.0,74680224.0,0.4880212954747165,0.10999999999999943,0.01555710406808546,1.597160603371781,211559297.0
2025-04-24,22.65,22.19,22.67,21.87,3456100.0,76938760.0,-2.030905077262679,-0.4599999999999973,0.01633631822854847,3.5320088300220784,211559297.0
2025-04-25,22.2,22.45,22.72,22.05,3978600.0,89527176.0,1.1716989634970698,0.259999999999998,0.01880607497008274,3.019378098242443,211559297.0
2025-04-28,22.39,21.73,22.41,21.73,3108701.0,68389330.0,-3.207126948775052,-0.7199999999999989,0.014694230147682898,3.0289532293986623,211559297.0
2025-04-29,21.73,21.59,22.03,21.47,3011615.0,65524796.0,-0.644270593649332,-0.14000000000000057,0.014235323347666447,2.5770823745973415,211559297.0
2025-04-30,21.53,22.09,22.32,21.36,4244600.0,93203887.0,2.315886984715143,0.5,0.020063405674863817,4.4465030106530845,211559297.0
2025-05-06,22.25,22.76,22.78,22.15,5762701.0,130412382.0,3.0330466274332446,0.6700000000000017,0.02723917635252872,2.8519692168402107,211559297.0
2025-05-07,22.83,22.93,23.15,22.58,4503600.0,103049840.0,0.746924428822493,0.16999999999999815,0.02128764872951908,2.5043936731107217,211559297.0
2025-05-08,22.8,23.22,23.32,22.74,3833301.0,88945985.0,1.2647187091146872,0.28999999999999915,0.018119274616421134,2.529437418229402,211559297.0
2025-05-09,23.8,24.36,24.62,23.41,14794564.0,355956886.0,4.909560723514206,1.1400000000000006,0.06993105105657446,5.211024978466843,211559297.0
2025-05-12,24.06,25.43,26.79,23.77,24080314.0,615266999.0,4.392446633825942,1.0700000000000003,0.11382300065026213,12.397372742200327,211559297.0
2025-05-13,25.14,24.18,25.29,24.11,15788811.0,389942279.0,-4.915454187966972,-1.25,0.07463066489580933,4.640188753440817,211559297.0
2025-05-14,24.17,23.88,24.55,23.81,7640210.0,184112439.0,-1.2406947890818865,-0.3000000000000007,0.036113799338253615,3.060380479735327,211559297.0
2025-05-15,23.9,23.19,24.03,23.15,5570800.0,130631983.0,-2.8894472361808976,-0.6899999999999977,0.026332097331558064,3.6850921273031934,211559297.0
2025-05-16,23.2,24.47,24.69,23.2,11352500.0,273344081.0,5.519620526088831,1.2799999999999976,0.05366107829333541,6.425183268650289,211559297.0
2025-05-19,24.37,24.25,24.65,24.06,6511301.0,158632548.0,-0.8990600735594545,-0.21999999999999886,0.030777664193126903,2.4111156518185526,211559297.0
2025-05-20,24.28,24.38,24.55,23.95,4514470.0,109638521.0,0.5360824742268067,0.129999999999999,0.021339029123357316,2.474226804123717,211559297.0
2025-05-21,24.23,24.14,25.0,24.08,4474000.0,109629008.0,-0.9844134536505234,-0.23999999999999844,0.02114773523755848,3.773584905660385,211559297.0
2025-05-22,23.95,23.67,24.45,23.63,4084700.0,98191203.0,-1.9469759734879855,-0.46999999999999886,0.01930758920984692,3.3968516984258503,211559297.0
2025-05-23,23.64,23.2,23.76,23.14,3382500.0,79406472.0,-1.985635825940013,-0.4700000000000024,0.0159884252215113,2.619349387410228,211559297.0
2025-05-26,23.08,23.43,23.66,23.06,2449600.0,57452456.0,0.991379310344831,0.23000000000000043,0.011578786821171938,2.5862068965517304,211559297.0
2025-05-27,23.43,23.15,23.43,22.86,3046900.0,70453958.0,-1.1950490823730342,-0.28000000000000114,0.014402108738336373,2.4327784891165183,211559297.0
2025-05-28,23.23,23.18,23.67,23.1,2426100.0,56763771.0,0.12958963282938551,0.030000000000001137,0.011467706852892407,2.4622030237581005,211559297.0
2025-05-29,23.2,23.75,23.92,23.03,3636002.0,86199102.0,2.4590163934426146,0.5700000000000003,0.017186680290396314,3.8395168248490106,211559297.0
2025-05-30,23.75,23.31,23.76,23.21,2898328.0,67866052.0,-1.8526315789473724,-0.4400000000000013,0.01369983754483737,2.3157894736842133,211559297.0
2025-06-03,23.52,23.41,24.14,23.34,3896400.0,92398527.0,0.4290004290004257,0.10000000000000142,0.018417531421462418,3.432003432003435,211559297.0
2025-06-04,23.39,23.65,24.28,23.35,4454660.0,106290334.0,1.0252029047415512,0.23999999999999844,0.021056318787068005,3.9726612558735575,211559297.0
2025-06-05,23.6,24.64,24.88,23.6,12065900.0,295593037.0,4.1860465116279055,0.990000000000002,0.057033182521872346,5.412262156448193,211559297.0
2025-06-06,24.65,25.31,25.49,24.43,13501815.0,338213090.0,2.7191558441558294,0.6699999999999982,0.06382047582621718,4.301948051948046,211559297.0
2025-06-09,25.31,25.0,25.45,24.65,7812183.0,195605923.0,-1.2248123271434208,-0.3099999999999987,0.036926682546123225,3.1608060055314136,211559297.0
2025-06-10,26.26,26.19,27.51,25.54,32561504.0,872806906.0,4.760000000000009,1.1900000000000013,0.1539119502746315,7.88000000000001,211559297.0
2025-06-11,25.54,25.47,26.12,25.09,22158602.0,567228780.0,-2.749140893470803,-0.7200000000000024,0.10473943860760702,3.9327987781596065,211559297.0
2025-06-12,25.47,25.22,25.69,24.98,11041198.0,279612120.0,-0.9815469179426772,-0.25,0.05218961377055436,2.7875932469572082,211559297.0
2025-06-13,24.99,24.68,25.31,24.59,7309551.0,182200109.0,-2.1411578112608964,-0.5399999999999991,0.03455083800926036,2.854877081681201,211559297.0
2025-06-16,24.83,24.94,25.37,24.68,6192252.0,155423090.0,1.0534846029173428,0.26000000000000156,0.02926958109527089,2.795786061588336,211559297.0
2025-06-17,25.03,24.92,25.64,24.46,9253300.0,231206151.0,-0.0801924619085792,-0.019999999999999574,0.043738564701318705,4.731355252606254,211559297.0
2025-06-18,24.87,25.13,25.17,24.4,7232500.0,179536511.0,0.8426966292134797,0.2099999999999973,0.03418663279071116,3.0898876404494504,211559297.0
2025-06-19,24.77,24.5,25.34,24.45,6159900.0,152345069.0,-2.506963788300831,-0.629999999999999,0.029116659430003685,3.5415837644249923,211559297.0
2025-06-20,24.44,24.34,24.64,24.08,4062900.0,99087612.0,-0.6530612244897926,-0.16000000000000014,0.0192045448137408,2.285714285714295,211559297.0
2025-06-23,24.13,24.57,24.61,23.96,3394550.0,82937857.0,0.9449465899753484,0.23000000000000043,0.016045383247799316,2.6705012325390247,211559297.0
2025-06-24,24.57,25.23,25.28,24.57,6766352.0,170002452.0,2.6862026862026767,0.6600000000000001,0.03198324108630404,2.8897028897028934,211559297.0
2025-06-25,25.19,25.34,25.42,24.96,5845303.0,147850673.0,0.4359889021006813,0.10999999999999943,0.027629620077627693,1.8232263178755486,211559297.0
2025-06-26,25.2,25.66,25.85,25.14,10628416.0,272161979.0,1.2628255722178405,0.3200000000000003,0.05023847285709217,2.8018942383583303,211559297.0
2025-06-27,25.9,25.56,25.92,25.47,7404600.0,190540045.0,-0.3897116134060852,-0.10000000000000142,0.03500011630309019,1.7537022603273686,211559297.0
2025-06-30,25.62,25.75,25.85,25.44,5954100.0,153386310.0,0.7433489827856077,0.19000000000000128,0.028143882516304636,1.6040688575899849,211559297.0
2025-07-01,25.55,25.76,25.94,25.49,4852100.0,124862127.0,0.03883495145631244,0.010000000000001563,0.022934941025068732,1.7475728155339918,211559297.0
2025-07-02,25.6,25.09,25.77,24.94,5319001.0,134623068.0,-2.6009316770186364,-0.6700000000000017,0.025141892015267946,3.2220496894409867,211559297.0
2025-07-03,25.04,25.55,26.44,25.04,11256700.0,292082832.0,1.8333997608608987,0.46000000000000085,0.05320825016732779,5.57991231566362,211559297.0
2025-07-04,25.42,24.99,25.54,24.97,6502700.0,164185984.0,-2.1917808219178214,-0.5600000000000023,0.030737008924736596,2.2309197651663415,211559297.0
2025-07-07,24.93,24.92,25.01,24.6,3181130.0,79154411.0,-0.2801120448179151,-0.06999999999999673,0.015036588063534735,1.6406562625050025,211559297.0
2025-07-08,24.92,25.34,25.5,24.8,3986301.0,100695841.0,1.6853932584269593,0.41999999999999815,0.018842476112028297,2.8089887640449405,211559297.0
2025-07-09,25.32,25.3,25.69,25.17,5104998.0,129561605.0,-0.15785319652722452,-0.03999999999999915,0.024130341102428603,2.0520915548539844,211559297.0
2025-07-10,25.34,24.94,25.35,24.76,3930000.0,98321274.0,-1.4229249011857736,-0.35999999999999943,0.018576352142066346,2.3320158102766793,211559297.0
2025-07-11,24.93,24.84,25.19,24.69,3534000.0,88128424.0,-0.4009623095429071,-0.10000000000000142,0.016704536506377217,2.0048115477145148,211559297.0
2025-07-14,24.71,24.74,24.94,24.56,3531711.0,87347338.0,-0.40257648953301306,-0.10000000000000142,0.016693716844786075,1.5297906602254532,211559297.0
2025-07-15,24.05,23.49,24.1,23.37,8685699.0,206143798.0,-5.052546483427644,-1.25,0.04105562423002379,2.9506871463217483,211559297.0
2025-07-16,23.4,23.66,23.94,23.37,3887004.0,92372275.0,0.7237122179651001,0.1700000000000017,0.01837311834137925,2.426564495530014,211559297.0
2025-07-17,23.67,24.58,24.77,23.55,7132105.0,174219579.0,3.888419273034649,0.9199999999999982,0.033712084985799515,5.156382079458998,211559297.0
2025-07-18,24.55,24.28,24.79,24.14,3734800.0,90887792.0,-1.2205044751830596,-0.29999999999999716,0.01765367938427211,2.6444263628966582,211559297.0
2025-07-21,24.28,24.13,24.32,24.0,2812500.0,67902112.0,-0.6177924217462993,-0.15000000000000213,0.013294145139837555,1.3179571663920933,211559297.0
2025-07-22,24.13,23.95,24.28,23.89,3807400.0,91540718.0,-0.7459593866556147,-0.17999999999999972,0.01799684558414845,1.616245337753836,211559297.0
2025-07-23,23.9,24.13,24.53,23.72,5438500.0,131346690.0,0.7515657620041694,0.17999999999999972,0.025706740744180105,3.382045929018799,211559297.0
2025-07-24,24.06,24.2,24.48,24.0,3980855.0,96348551.0,0.2900953170327458,0.07000000000000028,0.01881673392023041,1.9892250310816428,211559297.0
2025-07-25,24.19,24.14,24.32,24.01,3077200.0,74255333.0,-0.24793388429751317,-0.05999999999999872,0.014545330995309556,1.280991735537185,211559297.0
2025-07-28,24.1,24.26,24.33,23.95,4109901.0,99225391.0,0.4971002485501197,0.120000000000001,0.019426709477107024,1.5741507870753895,211559297.0
2025-07-29,24.26,24.82,24.87,24.13,7367654.0,180444315.0,2.308326463314092,0.5599999999999987,0.03482547968572613,3.0502885408079226,211559297.0
2025-07-30,24.8,25.26,25.38,24.62,10277993.0,257043117.0,1.7727639000805873,0.4400000000000013,0.048582090911372236,3.0620467365028126,211559297.0
2025-07-31,25.28,25.78,27.7,25.16,23532095.0,626338750.0,2.058590657165471,0.5199999999999996,0.11123167515535845,10.05542359461599,211559297.0
2025-08-01,25.9,25.98,26.73,25.69,12435281.0,324557224.0,0.7757951900698279,0.1999999999999993,0.05877917527774731,4.034134988363069,211559297.0
2025-08-04,25.7,26.06,26.33,25.59,9090203.0,235865918.0,0.3079291762894565,0.0799999999999983,0.04296763663380863,2.848344880677438,211559297.0
2025-08-05,26.49,27.13,27.26,26.45,16904169.0,454551347.0,4.105909439754418,1.0700000000000003,0.07990274707709961,3.108211818879518,211559297.0
2025-08-06,26.8,26.64,27.08,26.62,9999524.0,267712609.0,-1.806118687799474,-0.48999999999999844,0.04726582164810275,1.695539992628077,211559297.0
2025-08-07,26.6,26.83,27.12,26.32,9437304.0,251642827.0,0.7132132132132041,0.18999999999999773,0.044608316126140274,3.003003003003006,211559297.0
2025-08-08,26.6,28.55,29.28,26.5,21560828.0,607018332.0,6.410734252702199,1.7200000000000024,0.10191387618384835,10.361535594483792,211559297.0
2025-08-11,28.0,28.02,28.7,27.66,14355400.0,401931553.0,-1.8563922942206657,-0.5300000000000011,0.06785520751659521,3.6427320490367747,211559297.0
2025-08-12,27.75,27.2,28.13,27.1,9220200.0,253260493.0,-2.9264810849393252,-0.8200000000000003,0.043582107384295195,3.675945753033539,211559297.0
2025-08-13,27.55,27.45,28.08,27.23,9749716.0,269093349.0,0.9191176470588314,0.25,0.046085027404869854,3.1249999999999925,211559297.0
2025-08-14,27.27,25.98,27.34,25.97,13158900.0,348339939.0,-5.355191256830594,-1.4699999999999989,0.06219958274866077,4.990892531876142,211559297.0
2025-08-15,26.2,26.85,27.2,26.09,9654468.0,257208858.0,3.34872979214782,0.870000000000001,0.04563480847641501,4.272517321016164,211559297.0
2025-08-18,26.79,26.89,27.15,26.68,8061268.0,217014497.0,0.14897579143389184,0.03999999999999915,0.03810405930777885,1.7504655493482266,211559297.0
2025-08-19,26.93,27.06,27.69,26.64,10211000.0,277053143.0,0.6322052807735234,0.16999999999999815,0.04826542791924668,3.904797322424696,211559297.0
2025-08-20,26.95,27.29,27.32,26.69,7186800.0,194612263.0,0.8499630450850004,0.23000000000000043,0.03397061770346117,2.3281596452328124,211559297.0
2025-08-21,27.26,26.81,27.49,26.56,6801803.0,183080807.0,-1.7588860388420668,-0.4800000000000004,0.03215081112696267,3.407841700256503,211559297.0
2025-08-22,26.63,26.96,27.09,26.6,5222401.0,140447553.0,0.5594927265945682,0.15000000000000213,0.02468528244353166,1.8276762402088715,211559297.0
2025-08-25,27.5,29.66,29.66,27.5,23311447.0,670255855.0,10.014836795252213,2.6999999999999993,0.11018871460893538,8.011869436201781,211559297.0
2025-08-26,31.6,30.91,32.63,30.69,39025979.0,1229845328.0,4.2144302090357355,1.25,0.18446827699564533,6.54079568442347,211559297.0
2025-08-27,30.88,29.35,31.19,29.31,26441954.0,798492738.0,-5.046910384988667,-1.5599999999999987,0.12498601751356736,6.082174053704311,211559297.0
2025-08-28,30.2,31.0,31.4,29.75,31789426.0,969197139.0,5.621805792163537,1.6499999999999986,0.15026248645551132,5.6218057921635385,211559297.0
2025-08-29,30.74,32.42,32.68,30.15,38517066.0,1210322677.0,4.580645161290331,1.4200000000000017,0.1820627433830053,8.161290322580648,211559297.0
2025-09-01,31.51,30.55,31.68,30.15,23592610.0,720398180.0,-5.76804441702653,-1.870000000000001,0.11151771789069614,4.719309068476252,211559297.0
2025-09-02,30.42,28.77,30.42,28.33,15945520.0,465335019.0,-5.826513911620301,-1.7800000000000011,0.07537139811917601,6.84124386252047,211559297.0
2025-09-03,28.5,27.83,29.18,27.61,9968518.0,282420907.0,-3.267292318387216,-0.9400000000000013,0.04711926226527403,5.45707334028502,211559297.0
2025-09-04,28.29,26.42,28.41,26.07,11866500.0,322517095.0,-5.066475026949324,-1.4099999999999966,0.05609065717400261,8.408192597915919,211559297.0
2025-09-05,26.89,27.41,27.49,26.58,9081000.0,246440605.0,3.7471612414837097,0.9899999999999984,0.0429241358275075,3.4443603330809993,211559297.0
2025-09-08,27.29,28.14,28.39,26.78,14682859.0,404738551.0,2.6632615833637407,0.7300000000000004,0.06940304306267382,5.873768697555635,211559297.0
2025-09-09,27.81,27.09,27.9,27.05,7390980.0,202585732.0,-3.731343283582089,-1.0500000000000007,0.034935737189559675,3.020611229566446,211559297.0
2025-09-10,27.06,27.26,27.85,27.06,7361955.0,202389240.0,0.6275378368401752,0.1700000000000017,0.03479854161171655,2.9162052417866473,211559297.0
2025-09-11,27.08,28.12,28.31,27.08,9626472.0,268504792.0,3.1548055759354376,0.8599999999999994,0.04550247678314038,4.51210564930301,211559297.0
2025-09-12,27.86,28.4,28.53,27.8,8938278.0,252229029.0,0.9957325746799306,0.2799999999999976,0.04224951645589936,2.596017069701282,211559297.0
2025-09-15,28.34,27.88,28.35,27.85,5049065.0,141177831.0,-1.8309859154929553,-0.5199999999999996,0.023865956597501833,1.7605633802816902,211559297.0
2025-09-16,27.81,28.45,28.6,27.41,8058693.0,226191032.0,2.044476327116218,0.5700000000000003,0.03809188777933971,4.268292682926834,211559297.0
2025-09-17,28.33,28.82,29.26,27.9,8978840.0,257501325.0,1.300527240773297,0.370000000000001,0.042441245207956994,4.780316344463983,211559297.0
2025-09-18,28.5,29.03,29.29,27.98,11978165.0,345405336.0,0.7286606523247752,0.21000000000000085,0.05661847609561682,4.5454545454545405,211559297.0
2025-09-19,28.89,30.28,31.52,28.7,27181485.0,826856917.0,4.305890458146755,1.25,0.12848163794002398,9.714088873579056,211559297.0
2025-09-22,30.9,29.37,30.9,29.0,16509148.0,487047624.0,-3.00528401585205,-0.9100000000000001,0.07803555898562095,6.274768824306467,211559297.0
2025-09-23,29.28,28.9,29.78,27.8,14125135.0,405759860.0,-1.6002723867892477,-0.4700000000000024,0.06676678926570644,6.7415730337078665,211559297.0
2025-09-24,28.6,28.91,29.11,28.27,7762198.0,222705808.0,0.034602076124579106,0.010000000000001563,0.036690413090189083,2.9065743944636675,211559297.0
2025-09-25,28.81,28.58,29.38,28.44,7677028.0,220999995.0,-1.141473538567972,-0.33000000000000185,0.036287830924301094,3.2514700795572384,211559297.0
2025-09-26,28.33,27.57,28.6,27.56,5908178.0,165351444.0,-3.5339398180545767,-1.009999999999998,0.02792681807786495,3.6389083275017593,211559297.0
2025-09-29,27.08,27.73,27.85,27.08,5088800.0,139503389.0,0.5803409503083001,0.16000000000000014,0.02405377628003746,2.792890823358735,211559297.0
2025-09-30,27.73,27.52,28.28,27.42,4904250.0,136349073.0,-0.7573025604038941,-0.21000000000000085,0.023181444018506074,3.1013342949873763,211559297.0
2025-10-09,27.8,27.53,28.5,27.46,7318296.0,204019366.0,0.036337209302339524,0.010000000000001563,0.034592173937881825,3.7790697674418574,211559297.0
2025-10-10,27.45,26.57,27.5,26.51,6599718.0,176634290.0,-3.487104976389399,-0.9600000000000009,0.03119559430186611,3.596077006901556,211559297.0
2025-10-13,25.38,26.4,26.57,25.36,4050549.0,105280845.0,-0.6398193451260914,-0.1700000000000017,0.019146164018497377,4.554008280015058,211559297.0
2025-10-14,26.5,25.72,27.02,25.59,5273341.0,138434912.0,-2.5757575757575757,-0.6799999999999997,0.024926066000304396,5.416666666666666,211559297.0
2025-10-15,25.81,26.23,26.25,25.5,3859062.0,100436779.0,1.982892690513216,0.5100000000000016,0.018241041895691305,2.91601866251944,211559297.0
2025-10-16,26.01,25.92,26.27,25.85,2712722.0,70511321.0,-1.1818528402592454,-0.3099999999999987,0.012822513774944148,1.6012199771254219,211559297.0
2025-10-17,25.96,25.66,26.9,25.66,5224546.0,136760567.0,-1.0030864197530964,-0.26000000000000156,0.024695421444891643,4.783950617283944,211559297.0
2025-10-20,26.18,26.69,27.58,25.9,7553258.0,202594219.0,4.014029618082615,1.0300000000000011,0.035702794002005024,6.547155105222134,211559297.0
2025-10-21,26.52,27.27,27.5,26.52,6878000.0,186225292.0,2.1730985387785617,0.5799999999999983,0.03251097965219652,3.671787186212066,211559297.0
2025-10-22,26.89,26.79,27.1,26.69,3865600.0,103897334.0,-1.7601760176017667,-0.4800000000000004,0.01827194576090882,1.503483681701504,211559297.0
2025-10-23,26.76,26.54,26.8,26.03,3103100.0,81636037.0,-0.9331840238895106,-0.25,0.014667755300775083,2.8742067935796927,211559297.0
2025-10-24,27.27,27.03,27.78,26.75,8948210.0,245165022.0,1.8462697814619622,0.490000000000002,0.042296463104620735,3.880934438583275,211559297.0
2025-10-27,27.22,27.2,27.5,26.97,5916722.0,160962625.0,0.6289308176100628,0.16999999999999815,0.027967203918247092,1.9607843137254943,211559297.0
2025-10-28,27.01,26.98,27.4,26.89,4885099.0,132555984.0,-0.8088235294117618,-0.21999999999999886,0.023090920934568996,1.8749999999999927,211559297.0
2025-10-29,26.98,27.3,27.67,26.89,4916200.0,134468463.0,1.1860637509266025,0.3200000000000003,0.023237929364078005,2.891030392883622,211559297.0
2025-10-30,27.31,27.36,27.75,27.12,5059400.0,139117289.0,0.219780219780219,0.05999999999999872,0.023914808149509022,2.307692307692304,211559297.0
2025-10-31,26.88,26.5,26.93,26.37,4604331.0,122762897.0,-3.14327485380117,-0.8599999999999994,0.021763784741636764,2.0467836257309897,211559297.0
2025-11-03,26.46,26.52,26.59,25.97,4683000.0,123011286.0,0.07547169811321641,0.019999999999999574,0.022135637934172187,2.339622641509438,211559297.0
2025-11-04,26.26,25.73,26.49,25.47,5136100.0,133013414.0,-2.978883861236803,-0.7899999999999991,0.024277354258744773,3.8461538461538445,211559297.0
2025-11-05,25.48,25.55,25.98,25.4,3393318.0,87323254.0,-0.6995724834823136,-0.17999999999999972,0.016039559821377173,2.254178002331915,211559297.0
2025-11-06,25.51,25.68,25.75,25.35,3058078.0,78181516.0,0.5088062622309097,0.129999999999999,0.014454944988780144,1.565557729941286,211559297.0
2025-11-07,25.5,26.1,26.23,25.36,4855500.0,125691010.0,1.6355140186915973,0.4200000000000017,0.022951012169415558,3.3878504672897236,211559297.0
2025-11-10,26.2,25.91,26.56,25.68,4399900.0,114587109.0,-0.7279693486590078,-0.19000000000000128,0.020797478826940892,3.3716475095785405,211559297.0
2025-11-11,26.11,25.5,26.11,25.41,3840815.0,98576942.0,-1.582400617522195,-0.41000000000000014,0.01815479184542762,2.7016595908915453,211559297.0
2025-11-12,25.51,25.18,25.57,24.72,3995911.0,100155967.0,-1.254901960784316,-0.3200000000000003,0.018887900728843884,3.333333333333339,211559297.0
2025-11-13,25.12,25.41,25.45,24.9,5545609.0,140174909.0,0.9134233518665713,0.23000000000000043,0.026213024332369567,2.1842732327243874,211559297.0
2025-11-14,25.16,24.9,25.31,24.88,2576508.0,64689332.0,-2.007083825265654,-0.5100000000000016,0.012178656464338695,1.6922471467926001,211559297.0
2025-11-17,24.91,24.61,25.0,24.49,3141780.0,77452782.0,-1.1646586345381515,-0.28999999999999915,0.01485058820175603,2.0481927710843437,211559297.0
2025-11-18,24.53,24.45,24.55,24.26,2495701.0,60902893.0,-0.6501422186103167,-0.16000000000000014,0.011796697358093414,1.1783827712312034,211559297.0
2025-11-19,24.55,23.99,24.55,23.97,2956108.0,71451149.0,-1.8813905930470387,-0.46000000000000085,0.013972952462590192,2.3721881390593125,211559297.0
2025-11-20,24.33,24.19,24.37,23.9,2493900.0,60179686.0,0.8336807002917945,0.20000000000000284,0.011788184378396757,1.9591496456857125,211559297.0
2025-11-21,23.9,23.14,24.0,23.01,4265978.0,99561935.0,-4.340636626705252,-1.0500000000000007,0.020164455358348068,4.092600248036372,211559297.0
2025-11-24,23.4,24.22,24.48,23.28,4554396.0,109021365.0,4.667242869490051,1.0799999999999983,0.02152775162606066,5.185825410544508,211559297.0
2025-11-25,24.2,25.57,26.2,24.2,10901631.0,278517092.0,5.573905862923212,1.3500000000000014,0.05152990747553864,8.257638315441785,211559297.0
2025-11-26,26.08,25.68,26.35,25.57,9454900.0,245018336.0,0.430191630817367,0.10999999999999943,0.04469148902494226,3.050449745795859,211559297.0
2025-11-27,25.17,25.54,25.75,25.05,7092381.0,179938431.0,-0.5451713395638658,-0.14000000000000057,0.033524317298142654,2.725856697819312,211559297.0
2025-11-28,25.49,25.83,25.89,25.36,4910419.0,125639879.0,1.13547376664056,0.28999999999999915,0.02321060369188124,2.0751761942051727,211559297.0
2025-12-01,25.56,26.2,26.6,25.56,6962579.0,182544214.0,1.432442895857533,0.370000000000001,0.03291076827505245,4.0263259775455005,211559297.0
2025-12-02,26.17,27.29,28.82,26.08,19773465.0,544066284.0,4.160305343511439,1.0899999999999999,0.09346535595644374,10.458015267175579,211559297.0
2025-12-03,27.58,26.95,27.63,26.21,14454991.0,386558336.0,-1.2458776108464686,-0.33999999999999986,0.06832595496854955,5.203371198241107,211559297.0
2025-12-04,26.7,27.91,28.13,26.68,17079875.0,471617060.0,3.5621521335807094,0.9600000000000009,0.08073327545610061,5.380333951762521,211559297.0
2025-12-05,29.21,28.81,29.8,27.44,22700933.0,648554714.0,3.2246506628448524,0.8999999999999986,0.10730293266194772,8.455750627015405,211559297.0
2025-12-08,28.8,28.4,29.49,28.32,20784717.0,598735930.0,-1.423116973273164,-0.41000000000000014,0.09824534915144854,4.061089899340501,211559297.0
2025-12-09,28.0,27.88,28.53,27.61,12371509.0,346892998.0,-1.8309859154929553,-0.5199999999999996,0.058477737331486784,3.2394366197183158,211559297.0
2025-12-10,27.74,29.0,29.6,27.26,17399281.0,495863119.0,4.017216642754673,1.120000000000001,0.08224304602411305,8.393113342898134,211559297.0
2025-12-11,29.6,28.62,29.6,28.41,13592083.0,391077379.0,-1.3103448275862073,-0.379999999999999,0.06424715525501108,4.103448275862073,211559297.0
2025-12-12,28.32,29.17,29.98,28.2,17620143.0,512326834.0,1.9217330538085386,0.5500000000000007,0.08328701810726853,6.21942697414396,211559297.0
2025-12-15,28.77,29.45,29.86,28.1,18318761.0,535109349.0,0.9598902982516311,0.2799999999999976,0.08658925067235405,6.0335961604388,211559297.0
2025-12-16,29.01,28.14,29.1,27.78,10541538.0,297714079.0,-4.4482173174872575,-1.3099999999999987,0.04982781730457348,4.482173174872667,211559297.0
2025-12-17,28.0,29.64,30.95,27.75,21541142.0,633151480.0,5.330490405117261,1.5,0.10182082425808023,11.371712864250174,211559297.0
2025-12-18,29.0,29.93,31.09,28.86,27905840.0,844982108.0,0.9784075573549211,0.28999999999999915,0.1319055243410078,7.523616734143052,211559297.0
2025-12-19,29.68,29.69,31.0,29.4,21710460.0,652036570.0,-0.8018710324089517,-0.23999999999999844,0.10262115779293783,5.345806882726366,211559297.0
2025-12-22,29.92,30.61,32.19,29.27,33977104.0,1052651155.0,3.098686426406183,0.9199999999999982,0.16060321849150405,9.834961266419663,211559297.0
2025-12-23,30.23,28.89,30.54,28.7,21311888.0,626503739.0,-5.619078732440375,-1.7199999999999989,0.10073718480923105,6.011107481215289,211559297.0
2025-12-24,28.7,29.75,30.15,28.46,17156357.0,507626425.0,2.9768085842852177,0.8599999999999994,0.0810947911213753,5.849775008653505,211559297.0
2025-12-25,30.5,32.73,32.73,30.0,25301227.0,817115098.0,10.016806722689076,2.979999999999997,0.11959402096141396,9.176470588235283,211559297.0
2025-12-26,34.0,36.0,36.0,32.15,47979393.0,1675607249.0,9.990834097158574,3.270000000000003,0.22678933840473103,11.762908646501685,211559297.0
2025-12-29,35.64,33.5,35.65,32.9,36323592.0,1238541843.0,-6.944444444444442,-2.5,0.1716946147727084,7.638888888888889,211559297.0
2025-12-30,33.17,31.51,33.49,31.34,26085026.0,841603056.0,-5.940298507462682,-1.9899999999999984,0.12329888768726623,6.417910447761201,211559297.0
2025-12-31,31.9,34.66,34.66,31.9,34946943.0,1192025286.0,9.996826404316073,3.149999999999995,0.16518746042155735,8.759124087591234,211559297.0
2026-01-05,36.0,35.9,36.99,33.85,47819382.0,1685945871.0,3.5776110790536775,1.240000000000002,0.2260329972641193,9.059434506635894,211559297.0
2026-01-06,34.65,34.79,35.3,33.01,33262538.0,1139216778.0,-3.091922005571024,-1.1099999999999994,0.1572256028058176,6.378830083565458,211559297.0
2026-01-07,34.5,35.31,36.24,33.1,30739555.0,1072447197.0,1.494682379994261,0.5200000000000031,0.1452999486947624,9.025582063811441,211559297.0
2026-01-08,34.41,37.08,38.19,33.68,39794266.0,1436794506.0,5.012744265080693,1.769999999999996,0.18809982148881882,12.772585669781925,211559297.0
2026-01-09,37.1,39.97,40.79,36.5,40545971.0,1569333186.0,7.793959007551243,2.8900000000000006,0.19165298606565137,11.569579288025889,211559297.0
2026-01-12,41.68,41.98,43.88,39.6,34307952.0,1437178666.0,5.028771578683999,2.009999999999998,0.16216707318705073,10.708031023267454,211559297.0
2026-01-13,40.77,37.78,40.98,37.78,26453029.0,1014919989.0,-10.004764173415904,-4.199999999999996,0.12503836690287357,7.622677465459733,211559297.0
2026-01-14,38.0,39.35,41.47,36.78,35300401.0,1379410276.0,4.15563790365272,1.5700000000000003,0.16685818822701043,12.413975648491258,211559297.0
2026-01-15,37.16,35.42,37.32,35.42,16320440.0,584770993.0,-9.98729351969504,-3.9299999999999997,0.07714357265991482,4.828462515883096,211559297.0
2026-01-16,35.05,35.65,36.88,34.55,20725755.0,741030893.0,0.6493506493506329,0.22999999999999687,0.09796664714763162,6.578204404291375,211559297.0
2026-01-19,35.26,36.46,37.43,35.26,16209169.0,593541708.0,2.272089761570828,0.8100000000000023,0.07661761610032199,6.086956521739135,211559297.0
2026-01-20,36.35,33.25,36.66,32.84,22640066.0,767656599.0,-8.80416895227647,-3.210000000000001,0.10701522609048943,10.477235326385061,211559297.0
2026-01-21,33.06,32.67,33.38,32.38,13734451.0,451233138.0,-1.7443609022556372,-0.5799999999999983,0.06492010133688429,3.007518796992481,211559297.0
2026-01-22,32.71,32.54,33.25,32.28,16329661.0,533964935.0,-0.3979185797367668,-0.13000000000000256,0.07718715854874485,2.9690847872666017,211559297.0
2026-01-23,32.8,34.35,34.43,32.72,23874140.0,808978220.0,5.562384757221883,1.8100000000000023,0.11284845591068493,5.255070682237249,211559297.0
2026-01-26,34.25,32.03,34.25,31.68,18167200.0,591436433.0,-6.754002911208157,-2.3200000000000003,0.08587285105225133,7.481804949053858,211559297.0
2026-01-27,31.56,32.06,32.3,30.94,10423964.0,329788076.0,0.09366219169528733,0.030000000000001137,0.04927206767944592,4.246019356852938,211559297.0
2026-01-28,33.5,33.64,35.27,33.32,30947629.0,1060291597.0,4.928259513412336,1.5799999999999983,0.14628347436794517,6.082345601996265,211559297.0
2026-01-29,32.88,32.66,33.8,32.18,20617470.0,678969622.0,-2.9131985731272403,-0.980000000000004,0.09745480483422102,4.815695600475617,211559297.0
2026-01-30,32.23,35.93,35.93,31.87,23692828.0,816095598.0,10.012247397428053,3.270000000000003,0.11199142905074032,12.431108389467235,211559297.0
2026-02-02,37.8,37.2,38.88,36.2,42614869.0,1596825661.0,3.5346507097133495,1.2700000000000031,0.20143226794708058,7.458947954355691,211559297.0
2026-02-03,37.19,37.58,38.9,36.57,30825330.0,1156280785.0,1.0215053763440674,0.37999999999999545,0.14570539057898269,6.263440860215049,211559297.0
2026-02-04,36.88,37.11,38.21,36.37,23355417.0,865776416.0,-1.2506652474720603,-0.46999999999999886,0.11039655231979713,4.896221394358711,211559297.0
2026-02-05,36.0,36.36,37.1,35.88,14802794.0,538646002.0,-2.02101859337106,-0.75,0.0699699526795081,3.287523578550253,211559297.0
2026-02-06,36.12,40.0,40.0,36.06,32082959.0,1256954686.0,10.011001100110018,3.6400000000000006,0.15164996034185158,10.83608360836083,211559297.0
2026-02-09,40.16,40.56,41.24,39.31,36969569.0,1492646328.0,1.4000000000000012,0.5600000000000023,0.1747480234820406,4.824999999999999,211559297.0
2026-02-10,40.29,43.76,44.49,40.08,36895844.0,1560145242.0,7.8895463510848085,3.1999999999999957,0.1743995396241083,10.872781065088766,211559297.0
2026-02-11,42.5,41.67,45.08,41.6,32837240.0,1413509716.0,-4.776051188299812,-2.0899999999999963,0.15521530117393045,7.952468007312607,211559297.0
2026-02-12,42.88,42.76,44.48,40.23,28696841.0,1216303402.0,2.6157907367410527,1.0899999999999963,0.1356444335320324,10.199184065274777,211559297.0
2026-02-13,41.66,39.65,42.9,39.58,22135248.0,896161585.0,-7.273152478952294,-3.1099999999999994,0.10462904875317297,7.764265668849394,211559297.0
2026-02-24,41.32,43.62,43.62,41.26,15389934.0,655692671.0,10.012610340479199,3.969999999999999,0.07274525023591849,5.952080706179066,211559297.0
2026-02-25,44.1,42.89,45.57,42.68,27937494.0,1227156187.0,-1.6735442457588179,-0.7299999999999969,0.13205514669487675,6.625401192113712,211559297.0
2026-02-26,43.9,43.51,45.99,43.26,26224226.0,1166844786.0,1.4455584052226467,0.6199999999999974,0.12395685924405393,6.365120074609474,211559297.0
2026-02-27,41.14,44.58,45.33,41.14,25201267.0,1094822637.0,2.459204780510227,1.0700000000000003,0.11912152931761727,9.629970121811073,211559297.0
2026-03-02,44.38,47.02,47.5,44.1,30634566.0,1411452988.0,5.4733064154329325,2.440000000000005,0.1448036859377539,7.626738447734407,211559297.0
2026-03-03,46.62,43.58,47.41,43.5,21343717.0,962460191.0,-7.316035729476833,-3.440000000000005,0.10088763435435315,8.315610378562306,211559297.0
2026-03-04,42.7,42.86,44.45,42.46,13685733.0,594012572.0,-1.6521340064249657,-0.7199999999999989,0.06468982074562292,4.566314823313451,211559297.0
2026-03-05,44.0,43.82,46.82,43.31,17583002.0,789719751.0,2.2398506766215576,0.9600000000000009,0.0831114597625081,8.189454036397569,211559297.0
2026-03-06,43.95,40.74,43.95,40.48,20251026.0,838893122.0,-7.028753993610215,-3.0799999999999983,0.09572269471097741,7.918758557736207,211559297.0
2026-03-09,39.01,39.78,39.87,37.75,15612840.0,603389629.0,-2.356406480117823,-0.9600000000000009,0.07379888391291071,5.203730976926846,211559297.0
2026-03-10,40.25,43.76,43.76,40.16,20390867.0,853815179.0,10.005027652086461,3.979999999999997,0.0963836961511552,9.049773755656112,211559297.0
2026-03-11,45.1,44.86,48.1,44.68,29645672.0,1368335333.0,2.5137111517367527,1.1000000000000014,0.14012937469725095,7.8153564899451595,211559297.0
2026-03-12,44.5,43.95,46.88,43.37,20555277.0,924929090.0,-2.0285332144449275,-0.9099999999999966,0.09716083051646744,7.82434239857335,211559297.0
2026-03-13,43.5,42.13,44.38,42.03,14202102.0,609794609.0,-4.141069397042097,-1.8200000000000003,0.06713059743245413,5.346985210466442,211559297.0
2026-03-16,41.97,40.98,42.69,40.5,11158763.0,459435097.0,-2.7296463327795006,-1.1500000000000057,0.05274532085441747,5.198196059814853,211559297.0
2026-03-17,41.06,37.94,41.3,37.78,14871794.0,579432626.0,-7.41825280624695,-3.039999999999999,0.07029610237360545,8.589555880917512,211559297.0
2026-03-18,38.47,39.19,39.3,38.01,10383535.0,403206083.0,3.294675803900904,1.25,0.04908096759274068,3.400105429625723,211559297.0
2026-03-19,38.33,37.8,38.75,37.61,8026229.0,305693630.0,-3.5468231691758167,-1.3900000000000006,0.037938436711670485,2.908905332993112,211559297.0
2026-03-20,39.0,36.9,39.95,36.8,16063144.0,620774719.0,-2.3809523809523725,-0.8999999999999986,0.07592738408466161,8.33333333333335,211559297.0
2026-03-23,35.88,34.88,37.16,34.4,11478744.0,411105638.0,-5.474254742547413,-2.019999999999996,0.05425780933654738,7.479674796747962,211559297.0
2026-03-24,35.8,36.35,36.64,34.51,13716600.0,489265060.0,4.214449541284404,1.4699999999999989,0.06483572310225628,6.106651376146796,211559297.0
2026-03-25,37.5,39.99,39.99,37.41,21888813.0,850329757.0,10.013755158184324,3.6400000000000006,0.10346419803049355,7.097661623108681,211559297.0
2026-03-26,40.32,39.8,40.67,39.2,16112307.0,642652649.0,-0.47511877969493854,-0.19000000000000483,0.07615976810510956,3.6759189797449334,211559297.0
2026-03-27,38.62,39.3,39.9,37.77,12037588.0,467499160.0,-1.2562814070351758,-0.5,0.05689935715753489,5.351758793969838,211559297.0
2026-03-30,38.68,43.23,43.23,38.59,19192100.0,797509602.0,10.000000000000009,3.9299999999999997,0.09071735571138714,11.80661577608141,211559297.0
2026-03-31,42.9,43.13,44.4,42.5,23288818.0,1014129135.0,-0.23132084200785386,-0.09999999999999432,0.11008175168969293,4.39509599814943,211559297.0
2026-04-01,44.48,42.56,44.6,42.1,16355863.0,701403363.0,-1.3215859030836996,-0.5700000000000003,0.07731101034997294,5.796429399489914,211559297.0
2026-04-02,42.17,42.87,44.75,42.11,21957707.0,958402678.0,0.7283834586466087,0.30999999999999517,0.10378984668303184,6.203007518796993,211559297.0
2026-04-03,43.73,43.3,44.85,42.87,23095967.0,1013020635.0,1.0030324236062427,0.4299999999999997,0.1091701822019195,4.618614415675307,211559297.0
2026-04-07,43.33,43.46,44.6,42.97,15210350.0,663976061.0,0.3695150115473611,0.1600000000000037,0.0718963912987478,3.764434180138574,211559297.0
2026-04-08,44.5,44.93,45.08,43.8,23254352.0,1031964066.0,3.3824206166589876,1.4699999999999989,0.10991883755408773,2.945236999539809,211559297.0
2026-04-09,44.3,49.42,49.42,44.3,24037887.0,1141503376.0,9.993322946806149,4.490000000000002,0.11362245640284956,11.395504117516147,211559297.0
2026-04-10,53.28,54.36,54.36,52.52,25849154.0,1398440492.0,9.995953055443142,4.939999999999998,0.12218396622862668,3.7231889923107975,211559297.0
2026-04-13,55.0,55.0,57.08,53.21,44764221.0,2453578456.0,1.1773362766740236,0.6400000000000006,0.2115918403718273,7.11920529801324,211559297.0
2026-04-14,54.38,52.25,54.58,51.5,31897673.0,1673282086.0,-5.000000000000004,-2.75,0.15077414915024984,5.599999999999997,211559297.0
2026-04-15,51.51,49.66,52.11,49.32,26679251.0,1348310168.0,-4.956937799043071,-2.5900000000000034,0.1261076746724111,5.339712918660285,211559297.0
2026-04-16,48.98,51.07,51.89,48.4,28126149.0,1412520449.0,2.8393072895690707,1.4100000000000037,0.13294688249980335,7.0277889649617435,211559297.0
2026-04-17,51.3,50.64,51.39,49.7,21615911.0,1091665781.0,-0.8419815938907393,-0.4299999999999997,0.10217424290268841,3.3091834736635946,211559297.0
2026-04-20,51.15,53.13,53.99,50.4,32734375.0,1716937869.0,4.917061611374418,2.490000000000002,0.15472907815533155,7.089257503949453,211559297.0
2026-04-21,51.31,51.95,52.48,49.87,21402775.0,1096910743.0,-2.220967438358745,-1.1799999999999997,0.10116679013165751,4.912478825522302,211559297.0
2026-04-22,51.94,54.2,55.27,51.94,26175387.0,1411032046.0,4.331087584215587,2.25,0.12372600670912609,6.410009624639086,211559297.0
2026-04-23,53.98,51.81,54.97,51.3,20124486.0,1061776373.0,-4.40959409594096,-2.3900000000000006,0.09512456453284585,6.771217712177124,211559297.0
2026-04-24,51.3,50.4,51.78,49.13,12860012.0,647224488.0,-2.7214823393167387,-1.4100000000000037,0.06078679680997427,5.114842694460526,211559297.0
2026-04-27,50.55,52.17,53.46,50.55,14454178.0,754590248.0,3.5119047619047716,1.7700000000000031,0.0683221120743278,5.773809523809531,211559297.0
2026-04-28,52.16,52.53,54.0,50.57,16381792.0,861940937.0,0.6900517538815487,0.35999999999999943,0.07743357173284614,6.574659766149127,211559297.0
2026-04-29,51.55,51.74,53.9,51.55,12896220.0,673690576.0,-1.5039025318865362,-0.7899999999999991,0.06095794504365365,4.473634113839713,211559297.0
2026-04-30,50.0,48.66,50.56,47.0,22872782.0,1109594560.0,-5.952841128720532,-3.0800000000000054,0.1081152297457294,6.880556629300353,211559297.0
2026-05-06,49.2,48.99,50.66,48.96,15293974.0,760324528.0,0.678175092478428,0.3300000000000054,0.07229166582076514,3.49362926428277,211559297.0
2026-05-07,51.0,52.23,52.86,49.3,21009956.0,1075440615.0,6.613594611145124,3.239999999999995,0.09931001046954699,7.2667891406409515,211559297.0
2026-05-08,50.75,57.45,57.45,50.11,23122215.0,1249902796.0,9.994256174612314,5.220000000000006,0.10929425143627698,14.053226115259438,211559297.0
2026-05-11,60.11,57.97,60.11,56.3,27378712.0,1588243825.0,0.9051348999129516,0.519999999999996,0.12941389193593322,6.631853785900788,211559297.0
2026-05-12,58.54,59.2,61.68,57.98,29783321.0,1788527342.0,2.1217871312747993,1.230000000000004,0.1407800149761322,6.38261169570468,211559297.0
2026-05-13,57.21,59.8,61.5,57.2,17588265.0,1059015124.0,1.0135135135135087,0.5999999999999943,0.08313633694859555,7.263513513513509,211559297.0
2026-05-14,59.8,59.0,61.25,58.5,16479602.0,985586389.0,-1.3377926421404673,-0.7999999999999972,0.07789590074124703,4.59866220735786,211559297.0
2026-05-15,58.51,55.09,61.38,54.0,21445070.0,1224893844.0,-6.627118644067787,-3.9099999999999966,0.10136671044052487,12.508474576271192,211559297.0
2026-05-18,55.01,55.32,57.32,54.7,13772031.0,769149751.0,0.4174986385913959,0.22999999999999687,0.06509773474998833,4.755854056997635,211559297.0
2026-05-19,54.5,55.0,55.24,52.5,12523547.0,674635556.0,-0.5784526391901634,-0.3200000000000003,0.059196391638605225,4.953000723065803,211559297.0
2026-05-20,55.0,55.43,56.8,53.86,12557796.0,697325636.0,0.7818181818181724,0.4299999999999997,0.05935828005705653,5.345454545454541,211559297.0
2026-05-21,55.45,51.02,55.55,50.95,14591590.0,774933841.0,-7.955980515966077,-4.409999999999997,0.06897163209991192,8.298755186721982,211559297.0
2026-05-22,51.6,52.31,52.79,50.82,9420364.0,490900139.0,2.528420227361816,1.2899999999999991,0.044528244012835796,3.8612308898471164,211559297.0
2026-05-25,53.0,52.17,53.3,50.8,9073560.0,468786621.0,-0.267635251385967,-0.14000000000000057,0.04288896838223091,4.779200917606576,211559297.0
2026-05-26,51.82,49.78,51.89,48.56,11205760.0,555975650.0,-4.581176921602459,-2.3900000000000006,0.052967466610555056,6.382978723404252,211559297.0
2026-05-27,49.61,49.04,50.4,48.62,7928315.0,393562499.0,-1.4865407794294905,-0.740000000000002,0.03747561611532487,3.5757332261952617,211559297.0
2026-05-28,48.33,49.46,49.5,47.14,9639272.0,467686581.0,0.8564437194127361,0.4200000000000017,0.04556297991479902,4.812398042414355,211559297.0
2026-05-29,49.01,49.25,51.1,47.26,14549107.0,717319744.0,-0.4245855236554852,-0.21000000000000085,0.06877082315129833,7.763849575414483,211559297.0
2026-06-01,50.13,47.03,50.72,46.8,11975466.0,585144544.0,-4.5076142131979635,-2.219999999999999,0.05660571844308974,7.959390862944166,211559297.0
2026-06-02,47.97,51.73,51.73,47.08,15379093.0,763729899.0,9.993621092919414,4.699999999999996,0.07269400691948792,9.887305974909628,211559297.0
2026-06-03,52.8,53.65,56.0,52.55,23821673.0,1287113262.0,3.7115793543398556,1.9200000000000017,0.11260045451937761,6.669244152329408,211559297.0
2026-06-04,53.07,54.24,54.7,52.52,17030570.0,919695828.0,1.0997204100652525,0.5900000000000034,0.08050022022903583,4.063373718546131,211559297.0
2026-06-05,53.99,55.99,57.22,53.45,21462856.0,1199271258.0,3.2264011799409964,1.75,0.1014507814326874,6.950589970501467,211559297.0
2026-06-08,51.99,53.5,56.67,50.39,16542563.0,886160364.0,-4.447222718342569,-2.490000000000002,0.07819350524690012,11.216288622968388,211559297.0
2026-06-09,54.95,58.85,58.85,54.08,24716718.0,1430798288.0,10.000000000000009,5.350000000000001,0.1168311596346437,8.915887850467294,211559297.0
2026-06-10,58.0,57.64,60.15,56.0,23728943.0,1380269905.0,-2.0560747663551426,-1.2100000000000009,0.11216213769135373,7.0518266779948995,211559297.0
2026-06-11,57.0,57.01,58.88,55.61,17494115.0,996841375.0,-1.0929909784871628,-0.6300000000000026,0.0826913080544033,5.673143650242892,211559297.0
2026-06-12,57.71,57.47,62.5,56.97,29581587.0,1761904577.0,0.8068759866689978,0.46000000000000085,0.1398264572603491,9.70005262234696,211559297.0
2026-06-15,57.47,59.77,60.24,55.54,22379676.0,1302175986.0,4.0020880459370245,2.3000000000000043,0.1057844127738806,8.178179919958243,211559297.0
2026-06-16,58.8,63.7,64.77,58.54,25266580.0,1578852073.0,6.575204952317226,3.9299999999999997,0.11943025127371264,10.423289275556295,211559297.0
2026-06-17,62.0,60.53,64.6,59.89,22514800.0,1384804570.0,-4.97645211930926,-3.1700000000000017,0.10642311786468074,7.394034536891669,211559297.0
2026-06-18,59.6,64.78,65.65,58.54,24154130.0,1520145094.0,7.021311746241543,4.25,0.11417191464764605,11.746241533124081,211559297.0
2026-06-22,66.5,71.26,71.26,64.98,21822528.0,1492929090.0,10.00308737264588,6.480000000000004,0.10315088161783786,9.694350108058044,211559297.0
2026-06-23,72.6,73.0,76.55,70.18,27101014.0,1990159533.0,2.4417625596407477,1.7399999999999949,0.12810126704098473,8.939096267190555,211559297.0
