date,open,close,high,low,volume,amount,pct_chg,change,turnover,amplitude,outstanding_share
2023-06-26,2.71,2.67,2.72,2.65,48741764.0,130599788.0,,,0.0034681234424433463,,14054218314.0
2023-06-27,2.67,2.77,2.78,2.66,63873561.0,174531404.0,3.7453183520599342,0.10000000000000009,0.004544796414352896,4.494382022471897,14054218314.0
2023-06-28,2.76,2.76,2.77,2.74,32896510.0,90642931.0,-0.3610108303249149,-0.010000000000000231,0.0023406858542413846,1.0830324909747222,14054218314.0
2023-06-29,2.76,2.74,2.76,2.72,28176144.0,77117298.0,-0.7246376811594013,-0.019999999999999574,0.0020048175836241675,1.449275362318826,14054218314.0
2023-06-30,2.73,2.75,2.78,2.72,33963634.0,93678779.0,0.36496350364962904,0.009999999999999787,0.002416614943725998,2.1897810218977956,14054218314.0
2023-07-03,2.76,2.78,2.79,2.75,33947705.0,94220410.0,1.0909090909090757,0.029999999999999805,0.0024154815473574408,1.4545454545454557,14054218314.0
2023-07-04,2.77,2.78,2.81,2.75,39929449.0,110727677.0,0.0,0.0,0.002841100665145111,2.158273381294966,14054218314.0
2023-07-05,2.77,2.78,2.81,2.76,33812377.0,94122646.0,0.0,0.0,0.0024058525522061987,1.7985611510791464,14054218314.0
2023-07-06,2.77,2.79,2.81,2.76,34241991.0,95356080.0,0.3597122302158251,0.010000000000000231,0.00243642088339343,1.7985611510791464,14054218314.0
2023-07-07,2.79,2.79,2.83,2.78,30691033.0,86040500.0,0.0,0.0,0.0021837595171997127,1.7921146953405114,14054218314.0
2023-07-10,2.79,2.79,2.8,2.77,23715776.0,66107453.0,0.0,0.0,0.0016874489544805003,1.0752688172042941,14054218314.0
2023-07-11,2.81,2.79,2.85,2.79,27396543.0,77044991.0,0.0,0.0,0.0019493466223382304,2.1505376344086042,14054218314.0
2023-07-12,2.79,2.76,2.81,2.75,34548254.0,95717424.0,-1.0752688172043112,-0.03000000000000025,0.0024582124190845266,2.1505376344086042,14054218314.0
2023-07-13,2.76,2.79,2.8,2.76,23233609.0,64608583.0,1.0869565217391353,0.03000000000000025,0.0016531413189203145,1.449275362318842,14054218314.0
2023-07-14,2.79,2.78,2.8,2.77,24382213.0,67847150.0,-0.35842293906810374,-0.010000000000000231,0.00173486795602939,1.0752688172042941,14054218314.0
2023-07-17,2.78,2.77,2.79,2.75,25106173.0,69541257.0,-0.3597122302158251,-0.009999999999999787,0.0017863798924334824,1.4388489208633108,14054218314.0
2023-07-18,2.76,2.78,2.8,2.76,27237305.0,75736803.0,0.3610108303248927,0.009999999999999787,0.0019380163586094127,1.4440433212996402,14054218314.0
2023-07-19,2.78,2.82,2.83,2.77,50696596.0,142534643.0,1.4388489208633004,0.040000000000000036,0.003607215632156431,2.158273381294966,14054218314.0
2023-07-20,2.83,2.84,2.86,2.82,46424582.0,131964128.0,0.7092198581560183,0.020000000000000018,0.0033032489579128362,1.4184397163120581,14054218314.0
2023-07-21,2.83,2.89,2.9,2.82,71446288.0,205429049.0,1.760563380281699,0.050000000000000266,0.005083618768667435,2.8169014084507067,14054218314.0
2023-07-24,2.93,2.9,2.94,2.85,68888217.0,199218049.0,0.34602076124565784,0.009999999999999787,0.0049016043056181605,3.1141868512110675,14054218314.0
2023-07-25,2.92,3.06,3.08,2.92,155790450.0,471040677.0,5.517241379310356,0.16000000000000014,0.011084960153551234,5.51724137931035,14054218314.0
2023-07-26,3.07,3.15,3.18,3.05,196788989.0,616012816.0,2.941176470588225,0.08999999999999986,0.014002129795007538,4.248366013071907,14054218314.0
2023-07-27,3.1,3.15,3.22,3.06,167870640.0,528597175.0,0.0,0.0,0.011944502088229053,5.079365079365084,14054218314.0
2023-07-28,3.15,3.22,3.24,3.14,134455586.0,429256351.0,2.2222222222222365,0.07000000000000028,0.009566920265217676,3.174603174603177,14054218314.0
2023-07-31,3.25,3.24,3.3,3.22,125395055.0,408758936.0,0.6211180124223503,0.020000000000000018,0.008922236171263163,2.4844720496894293,14054218314.0
2023-08-01,3.23,3.23,3.29,3.19,105077396.0,340535835.0,-0.30864197530865445,-0.010000000000000231,0.007476573485081555,3.0864197530864224,14054218314.0
2023-08-02,3.23,3.27,3.37,3.22,148871209.0,490828869.0,1.238390092879249,0.040000000000000036,0.010592635298094318,4.643962848297211,14054218314.0
2023-08-03,3.27,3.31,3.32,3.21,111819235.0,366109927.0,1.2232415902140747,0.040000000000000036,0.007956275653453608,3.363914373088681,14054218314.0
2023-08-04,3.37,3.29,3.39,3.28,100253458.0,332683918.0,-0.6042296072507614,-0.020000000000000018,0.007133335754442728,3.3232628398791637,14054218314.0
2023-08-07,3.27,3.2,3.27,3.18,92473434.0,297073526.0,-2.7355623100303927,-0.08999999999999986,0.0065797635936737445,2.7355623100303905,14054218314.0
2023-08-08,3.21,3.16,3.24,3.15,62293909.0,198372835.0,-1.2499999999999956,-0.040000000000000036,0.004432399412633743,2.8125000000000093,14054218314.0
2023-08-09,3.16,3.14,3.2,3.13,55268110.0,174497455.0,-0.6329113924050667,-0.020000000000000018,0.00393249263425381,2.2151898734177307,14054218314.0
2023-08-10,3.15,3.15,3.18,3.13,41583048.0,130977161.0,0.31847133757960666,0.009999999999999787,0.002958759218830219,1.5923566878980975,14054218314.0
2023-08-11,3.17,3.1,3.21,3.09,83612707.0,261836655.0,-1.5873015873015817,-0.04999999999999982,0.005949296156635752,3.8095238095238133,14054218314.0
2023-08-14,3.05,3.06,3.08,3.0,59772663.0,181997738.0,-1.2903225806451646,-0.040000000000000036,0.004253005159344787,2.5806451612903247,14054218314.0
2023-08-15,3.07,3.05,3.08,3.02,46417901.0,141683943.0,-0.326797385620925,-0.010000000000000231,0.003302773584622716,1.960784313725492,14054218314.0
2023-08-16,3.04,3.08,3.14,3.02,62390004.0,192070436.0,0.9836065573770592,0.03000000000000025,0.004439236861565662,3.9344262295082006,14054218314.0
2023-08-17,3.07,3.07,3.11,3.03,57212442.0,175236945.0,-0.32467532467532756,-0.010000000000000231,0.004070837717314258,2.5974025974025996,14054218314.0
2023-08-18,3.05,3.01,3.1,3.01,53776100.0,164055517.0,-1.9543973941368087,-0.06000000000000005,0.0038263316250346955,2.931596091205222,14054218314.0
2023-08-21,3.01,2.94,3.03,2.94,59220360.0,176756365.0,-2.3255813953488302,-0.06999999999999984,0.004213707135957046,2.9900332225913577,14054218314.0
2023-08-22,2.95,2.95,2.96,2.9,58129936.0,170332754.0,0.3401360544217802,0.010000000000000231,0.004136120181233723,2.040816326530614,14054218314.0
2023-08-23,2.94,2.89,2.95,2.89,42092175.0,122913695.0,-2.033898305084747,-0.06000000000000005,0.002994985139662318,2.0338983050847474,14054218314.0
2023-08-24,2.91,2.84,2.91,2.83,49306023.0,141192081.0,-1.730103806228378,-0.050000000000000266,0.00350827217127289,2.7681660899654004,14054218314.0
2023-08-25,2.84,2.86,2.91,2.82,56892752.0,162756170.0,0.7042253521126751,0.020000000000000018,0.004048090810096975,3.169014084507053,14054218314.0
2023-08-28,3.06,3.02,3.12,2.99,136738238.0,417767469.0,5.594405594405605,0.16000000000000014,0.009729337836156229,4.545454545454542,14054218314.0
2023-08-29,3.03,3.06,3.07,2.97,111650954.0,338101333.0,1.324503311258285,0.040000000000000036,0.007944301953014333,3.311258278145684,14054218314.0
2023-08-30,3.06,3.07,3.11,3.03,88318889.0,271010931.0,0.32679738562091387,0.009999999999999787,0.006284155192894779,2.6143790849673225,14054218314.0
2023-08-31,3.06,2.93,3.07,2.91,82151741.0,243789310.0,-4.56026058631921,-0.13999999999999968,0.0058453440215999195,5.211726384364812,14054218314.0
2023-09-01,2.96,2.92,2.98,2.9,60389273.0,177310079.0,-0.34129692832765013,-0.010000000000000231,0.00429687881963835,2.7303754266211624,14054218314.0
2023-09-04,2.93,2.93,2.98,2.91,86214537.0,253670971.0,0.34246575342467,0.010000000000000231,0.006134424204448145,2.3972602739725972,14054218314.0
2023-09-05,2.93,2.85,2.93,2.84,71447576.0,204407866.0,-2.7303754266211677,-0.08000000000000007,0.005083710413750159,3.0716723549488156,14054218314.0
2023-09-06,2.84,2.88,2.9,2.82,73003679.0,208640083.0,1.0526315789473717,0.029999999999999805,0.005194431833129983,2.8070175438596516,14054218314.0
2023-09-07,2.87,2.82,2.9,2.82,67876507.0,194092006.0,-2.083333333333337,-0.06000000000000005,0.004829618089281091,2.7777777777777803,14054218314.0
2023-09-08,2.81,2.8,2.82,2.77,43666577.0,121961263.0,-0.7092198581560294,-0.020000000000000018,0.003107008588055152,1.7730496453900648,14054218314.0
2023-09-11,2.8,2.81,2.83,2.77,51303920.0,143587140.0,0.3571428571428559,0.010000000000000231,0.0036504285655570043,2.142857142857145,14054218314.0
2023-09-12,2.8,2.8,2.82,2.79,44945752.0,125969559.0,-0.3558718861210064,-0.010000000000000231,0.0031980257454253176,1.0676156583629823,14054218314.0
2023-09-13,2.8,2.82,2.84,2.79,54532141.0,153261023.0,0.7142857142857117,0.020000000000000018,0.0038801262212981445,1.7857142857142794,14054218314.0
2023-09-14,2.81,2.79,2.82,2.77,39425000.0,110024896.0,-1.0638297872340385,-0.029999999999999805,0.0028052075981150155,1.7730496453900648,14054218314.0
2023-09-15,2.8,2.81,2.82,2.79,52067177.0,146066232.0,0.7168458781362075,0.020000000000000018,0.003704736601973351,1.0752688172042941,14054218314.0
2023-09-18,2.8,2.78,2.81,2.75,52677163.0,146190877.0,-1.067615658362997,-0.03000000000000025,0.0037481389446986217,2.1352313167259807,14054218314.0
2023-09-19,2.77,2.78,2.8,2.76,40258742.0,112016258.0,0.0,0.0,0.0028645308547609913,1.4388489208633108,14054218314.0
2023-09-20,2.78,2.78,2.8,2.76,42566174.0,118505570.0,0.0,0.0,0.003028711597399767,1.4388489208633108,14054218314.0
2023-09-21,2.78,2.78,2.81,2.77,43369485.0,121041006.0,0.0,0.0,0.0030858695966603723,1.4388489208633108,14054218314.0
2023-09-22,2.78,2.81,2.81,2.76,39937999.0,111350166.0,1.0791366906474975,0.03000000000000025,0.002841709023419401,1.7985611510791464,14054218314.0
2023-09-25,2.81,2.74,2.81,2.73,56819172.0,157076636.0,-2.491103202846967,-0.06999999999999984,0.004042855371287354,2.8469750889679744,14054218314.0
2023-09-26,2.73,2.73,2.75,2.72,27114885.0,74193231.0,-0.36496350364964014,-0.010000000000000231,0.0019293058065698125,1.0948905109488978,14054218314.0
2023-09-27,2.73,2.74,2.76,2.73,24975599.0,68540608.0,0.366300366300365,0.010000000000000231,0.0017770891587133488,1.0989010989010917,14054218314.0
2023-09-28,2.75,2.74,2.77,2.74,28865749.0,79394694.0,0.0,0.0,0.0020538850582138466,1.0948905109488978,14054218314.0
2023-10-09,2.73,2.65,2.74,2.65,55027081.0,147085628.0,-3.284671532846728,-0.0900000000000003,0.0039153426943130095,3.2846715328467257,14054218314.0
2023-10-10,2.66,2.64,2.68,2.63,40330380.0,107007278.0,-0.37735849056602655,-0.009999999999999787,0.0028696281144163817,1.8867924528301987,14054218314.0
2023-10-11,2.64,2.62,2.65,2.61,35434448.0,93143325.0,-0.7575757575757569,-0.020000000000000018,0.0025212677936489896,1.5151515151515165,14054218314.0
2023-10-12,2.62,2.64,2.65,2.62,28283692.0,74528807.0,0.7633587786259444,0.020000000000000018,0.002012469948031576,1.1450381679389239,14054218314.0
2023-10-13,2.63,2.6,2.64,2.6,32628799.0,85330727.0,-1.5151515151515138,-0.040000000000000036,0.002321637409566712,1.5151515151515165,14054218314.0
2023-10-16,2.6,2.56,2.62,2.55,40540146.0,104509798.0,-1.538461538461544,-0.040000000000000036,0.002884553597663717,2.692307692307703,14054218314.0
2023-10-17,2.57,2.55,2.57,2.52,43245607.0,110124065.0,-0.3906250000000111,-0.010000000000000231,0.0030770553035255775,1.9531249999999931,14054218314.0
2023-10-18,2.54,2.49,2.55,2.49,40119848.0,100831444.0,-2.3529411764705688,-0.05999999999999961,0.0028546481279599113,2.3529411764705728,14054218314.0
2023-10-19,2.49,2.49,2.53,2.47,42976180.0,107673776.0,0.0,0.0,0.00305788476027796,2.4096385542168517,14054218314.0
2023-10-20,2.49,2.5,2.56,2.47,51338870.0,129259946.0,0.40160642570279403,0.009999999999999787,0.0036529153634150668,3.6144578313252955,14054218314.0
2023-10-23,2.5,2.46,2.5,2.44,41872590.0,103266093.0,-1.6000000000000014,-0.040000000000000036,0.0029793610049652455,2.400000000000002,14054218314.0
2023-10-24,2.47,2.52,2.53,2.45,47848263.0,119500827.0,2.4390243902439046,0.06000000000000005,0.0034045481528016627,3.2520325203251885,14054218314.0
2023-10-25,2.54,2.55,2.57,2.53,45156823.0,115031325.0,1.1904761904761862,0.029999999999999805,0.0032130440833566237,1.5873015873015885,14054218314.0
2023-10-26,2.54,2.54,2.55,2.5,37485248.0,94617727.0,-0.39215686274508554,-0.009999999999999787,0.002667188395861146,1.9607843137254832,14054218314.0
2023-10-27,2.53,2.56,2.59,2.51,44597864.0,113884130.0,0.7874015748031482,0.020000000000000018,0.0031732724655041244,3.1496062992126013,14054218314.0
2023-10-30,2.55,2.56,2.57,2.53,32077023.0,81940193.0,0.0,0.0,0.002282376883817631,1.5625000000000013,14054218314.0
2023-10-31,2.55,2.55,2.57,2.51,46432162.0,117934838.0,-0.3906250000000111,-0.010000000000000231,0.003303788297763026,2.343750000000002,14054218314.0
2023-11-01,2.55,2.52,2.56,2.51,38254169.0,96938090.0,-1.17647058823529,-0.029999999999999805,0.0027218994429518296,1.960784313725501,14054218314.0
2023-11-02,2.53,2.51,2.55,2.51,38446372.0,97274275.0,-0.3968253968254065,-0.010000000000000231,0.0027355752658048543,1.5873015873015885,14054218314.0
2023-11-03,2.52,2.51,2.53,2.5,31260680.0,78674729.0,0.0,0.0,0.0022242916184715814,1.1952191235059684,14054218314.0
2023-11-06,2.52,2.58,2.58,2.51,62718225.0,160123444.0,2.788844621513964,0.07000000000000028,0.004462590775149958,2.7888446215139555,14054218314.0
2023-11-07,2.57,2.58,2.64,2.56,69352525.0,179495679.0,0.0,0.0,0.004934641219491732,3.1007751937984525,14054218314.0
2023-11-08,2.58,2.59,2.62,2.57,41923783.0,108725717.0,0.3875968992248069,0.009999999999999787,0.00298300354123843,1.9379844961240413,14054218314.0
2023-11-09,2.6,2.57,2.63,2.57,42477051.0,110429588.0,-0.7722007722007707,-0.020000000000000018,0.0030223702272852,2.316602316602319,14054218314.0
2023-11-10,2.57,2.55,2.58,2.53,34273200.0,87256586.0,-0.7782101167315147,-0.020000000000000018,0.00243864149782411,1.9455252918288042,14054218314.0
2023-11-13,2.55,2.56,2.57,2.54,26430640.0,67492457.0,0.39215686274509665,0.010000000000000231,0.0018806197121380506,1.1764705882352864,14054218314.0
2023-11-14,2.56,2.59,2.59,2.55,32482088.0,83799970.0,1.171875,0.029999999999999805,0.0023111984796509973,1.5625000000000013,14054218314.0
2023-11-15,2.61,2.58,2.62,2.57,37353244.0,96998959.0,-0.3861003861003742,-0.009999999999999787,0.0026577959133302245,1.9305019305019409,14054218314.0
2023-11-16,2.58,2.55,2.59,2.55,26931681.0,68984262.0,-1.1627906976744318,-0.03000000000000025,0.0019162702896946048,1.5503875968992262,14054218314.0
2023-11-17,2.54,2.54,2.57,2.52,36217227.0,91797759.0,-0.39215686274508554,-0.009999999999999787,0.0025769648792151245,1.9607843137254832,14054218314.0
2023-11-20,2.55,2.54,2.56,2.52,28273754.0,71917570.0,0.0,0.0,0.0020117628293731087,1.5748031496063006,14054218314.0
2023-11-21,2.54,2.58,2.62,2.54,65783364.0,170494005.0,1.5748031496062964,0.040000000000000036,0.004680684654974401,3.1496062992126013,14054218314.0
2023-11-22,2.57,2.58,2.64,2.56,74079772.0,192481710.0,0.0,0.0,0.005270999094001977,3.1007751937984525,14054218314.0
2023-11-23,2.57,2.63,2.64,2.55,71275462.0,185770401.0,1.9379844961240345,0.04999999999999982,0.005071463983806165,3.4883720930232673,14054218314.0
2023-11-24,2.63,2.62,2.65,2.61,55849456.0,146831704.0,-0.3802281368821214,-0.009999999999999787,0.003973857154642746,1.5209125475285186,14054218314.0
2023-11-27,2.61,2.55,2.61,2.54,60990655.0,156179685.0,-2.6717557251908497,-0.07000000000000028,0.004339668961826545,2.6717557251908333,14054218314.0
2023-11-28,2.55,2.53,2.55,2.52,36988748.0,93779734.0,-0.7843137254901933,-0.020000000000000018,0.002631860924143604,1.1764705882352864,14054218314.0
2023-11-29,2.53,2.46,2.54,2.45,61357628.0,152435799.0,-2.766798418972327,-0.06999999999999984,0.004365780197030174,3.5573122529644214,14054218314.0
2023-11-30,2.47,2.47,2.49,2.45,38863184.0,95995830.0,0.40650406504065817,0.010000000000000231,0.002765232696099985,1.6260162601626031,14054218314.0
2023-12-01,2.46,2.47,2.49,2.45,46729968.0,115269513.0,0.0,0.0,0.0033249780924101847,1.6194331983805683,14054218314.0
2023-12-04,2.47,2.41,2.48,2.4,63443915.0,153792857.0,-2.429149797570851,-0.06000000000000005,0.004514225806269199,3.2388663967611366,14054218314.0
2023-12-05,2.4,2.36,2.41,2.35,46706516.0,111319153.0,-2.0746887966805128,-0.050000000000000266,0.0033233094119132665,2.4896265560165993,14054218314.0
2023-12-06,2.35,2.37,2.39,2.34,43546384.0,103257880.0,0.4237288135593209,0.010000000000000231,0.003098456493778925,2.1186440677966214,14054218314.0
2023-12-07,2.37,2.4,2.41,2.35,40714572.0,97131917.0,1.2658227848101111,0.029999999999999805,0.0028969645333773203,2.531645569620255,14054218314.0
2023-12-08,2.39,2.38,2.41,2.37,42937586.0,102508536.0,-0.8333333333333304,-0.020000000000000018,0.0030551386808349247,1.6666666666666683,14054218314.0
2023-12-11,2.37,2.37,2.37,2.32,44177266.0,103418593.0,-0.42016806722687816,-0.009999999999999787,0.0031433456498959574,2.100840336134465,14054218314.0
2023-12-12,2.37,2.42,2.42,2.36,46868371.0,112218544.0,2.1097046413502074,0.04999999999999982,0.0033348258830811273,2.531645569620255,14054218314.0
2023-12-13,2.41,2.37,2.41,2.37,33692611.0,80579156.0,-2.066115702479332,-0.04999999999999982,0.0023973308402671792,1.6528925619834725,14054218314.0
2023-12-14,2.38,2.37,2.4,2.37,27132246.0,64756307.0,0.0,0.0,0.0019305410940551866,1.2658227848101182,14054218314.0
2023-12-15,2.39,2.4,2.43,2.38,42973532.0,103344647.0,1.2658227848101111,0.029999999999999805,0.003057696347095466,2.109704641350222,14054218314.0
2023-12-18,2.38,2.34,2.41,2.33,47365213.0,112048982.0,-2.500000000000002,-0.06000000000000005,0.003370177689129641,3.3333333333333366,14054218314.0
2023-12-19,2.33,2.3,2.34,2.28,43591552.0,100608409.0,-1.7094017094017144,-0.040000000000000036,0.0031016703331395255,2.5641025641025665,14054218314.0
2023-12-20,2.3,2.27,2.31,2.26,36258910.0,82808805.0,-1.304347826086949,-0.029999999999999805,0.0025799307503200637,2.1739130434782727,14054218314.0
2023-12-21,2.26,2.29,2.3,2.25,39566466.0,90343613.0,0.8810572687224738,0.020000000000000018,0.0028152733304694843,2.2026431718061596,14054218314.0
2023-12-22,2.29,2.29,2.31,2.27,34817699.0,79615336.0,0.0,0.0,0.0024773842430864065,1.746724890829696,14054218314.0
2023-12-25,2.28,2.25,2.29,2.23,39453796.0,88865560.0,-1.7467248908296984,-0.040000000000000036,0.0028072565203216184,2.6200873362445436,14054218314.0
2023-12-26,2.24,2.2,2.25,2.19,43203764.0,95803119.0,-2.2222222222222143,-0.04999999999999982,0.0030740780479383122,2.6666666666666687,14054218314.0
2023-12-27,2.2,2.23,2.24,2.19,38587468.0,85405122.0,1.3636363636363447,0.029999999999999805,0.0027456146715439445,2.2727272727272845,14054218314.0
2023-12-28,2.23,2.31,2.32,2.21,56361225.0,128286161.0,3.587443946188351,0.08000000000000007,0.00401027106173925,4.932735426008963,14054218314.0
2023-12-29,2.31,2.3,2.33,2.29,32359583.0,74553954.0,-0.43290043290044045,-0.010000000000000231,0.002302481879605161,1.731601731601733,14054218314.0
2024-01-02,2.3,2.27,2.3,2.26,36133360.0,82179642.0,-1.304347826086949,-0.029999999999999805,0.002570997489344963,1.7391304347826104,14054218314.0
2024-01-03,2.27,2.29,2.31,2.26,34598508.0,79229647.0,0.8810572687224738,0.020000000000000018,0.0024617881426770615,2.202643171806179,14054218314.0
2024-01-04,2.28,2.27,2.3,2.25,31275234.0,71076063.0,-0.8733624454148492,-0.020000000000000018,0.0022253271794451506,2.18340611353711,14054218314.0
2024-01-05,2.26,2.27,2.32,2.26,37603956.0,86128399.0,0.0,0.0,0.0026756348279107856,2.643171806167403,14054218314.0
2024-01-08,2.27,2.22,2.29,2.22,35014196.0,78766453.0,-2.2026431718061623,-0.04999999999999982,0.0024913655969838523,3.0837004405286272,14054218314.0
2024-01-09,2.22,2.24,2.25,2.2,32322609.0,71967310.0,0.9009009009008917,0.020000000000000018,0.002299851068045676,2.2522522522522443,14054218314.0
2024-01-10,2.23,2.23,2.25,2.2,25705207.0,57265189.0,-0.44642857142858094,-0.010000000000000231,0.0018290029673435455,2.2321428571428488,14054218314.0
2024-01-11,2.22,2.26,2.27,2.22,27740861.0,62266935.0,1.3452914798206095,0.029999999999999805,0.001973845885997527,2.242152466367705,14054218314.0
2024-01-12,2.25,2.26,2.29,2.24,35198330.0,79880257.0,0.0,0.0,0.002504467286162579,2.212389380530966,14054218314.0
2024-01-15,2.25,2.28,2.29,2.22,33020204.0,74543796.0,0.8849557522123908,0.020000000000000018,0.002349487055221505,3.097345132743356,14054218314.0
2024-01-16,2.27,2.28,2.29,2.24,38550024.0,87450011.0,0.0,0.0,0.002742950418067627,2.192982456140343,14054218314.0
2024-01-17,2.28,2.22,2.28,2.21,34119441.0,76478106.0,-2.631578947368407,-0.05999999999999961,0.0024277010814619396,3.0701754385964843,14054218314.0
2024-01-18,2.21,2.19,2.22,2.12,67991290.0,147638899.0,-1.3513513513513598,-0.03000000000000025,0.004837785245748674,4.504504504504508,14054218314.0
2024-01-19,2.18,2.21,2.23,2.17,47163797.0,104172840.0,0.9132420091324311,0.020000000000000018,0.0033558463335536886,2.739726027397263,14054218314.0
2024-01-22,2.2,2.1,2.21,2.08,56744987.0,122201013.0,-4.977375565610853,-0.10999999999999988,0.0040375768849039385,5.882352941176466,14054218314.0
2024-01-23,2.09,2.11,2.13,2.05,52756610.0,110156940.0,0.4761904761904745,0.009999999999999787,0.00375379183824453,3.809523809523813,14054218314.0
2024-01-24,2.1,2.22,2.23,2.1,77667150.0,168567847.0,5.213270142180115,0.11000000000000032,0.005526251852985126,6.1611374407582895,14054218314.0
2024-01-25,2.23,2.35,2.36,2.23,87149673.0,200490011.0,5.8558558558558405,0.1299999999999999,0.00620096194985007,5.855855855855851,14054218314.0
2024-01-26,2.35,2.39,2.41,2.34,83504931.0,199268936.0,1.7021276595744705,0.040000000000000036,0.00594162756934103,2.978723404255331,14054218314.0
2024-01-29,2.41,2.34,2.43,2.34,68529105.0,162856232.0,-2.092050209205032,-0.050000000000000266,0.004876052404261806,3.7656903765690504,14054218314.0
2024-01-30,2.33,2.27,2.36,2.26,54518682.0,126017211.0,-2.991452991452981,-0.06999999999999984,0.0038791685728754932,4.273504273504278,14054218314.0
2024-01-31,2.18,2.11,2.21,2.1,114037435.0,245436144.0,-7.048458149779746,-0.16000000000000014,0.008114107270299232,4.845814977973563,14054218314.0
2024-02-01,2.09,2.09,2.16,2.08,86558229.0,183138782.0,-0.9478672985781977,-0.020000000000000018,0.006158878926320341,3.7914691943128,14054218314.0
2024-02-02,2.1,2.04,2.18,1.99,102864532.0,214958351.0,-2.392344497607646,-0.04999999999999982,0.0073191215407215,9.090909090909099,14054218314.0
2024-02-05,2.05,1.92,2.07,1.9,100030889.0,195980510.0,-5.882352941176472,-0.1200000000000001,0.007117499299150278,8.33333333333333,14054218314.0
2024-02-06,1.92,1.99,2.04,1.84,100539091.0,194619521.0,3.645833333333326,0.07000000000000006,0.00715365940344393,10.416666666666664,14054218314.0
2024-02-07,1.99,1.98,2.03,1.94,108252435.0,215361953.0,-0.5025125628140725,-0.010000000000000009,0.007702487081203597,4.5226130653266265,14054218314.0
2024-02-08,1.98,2.07,2.09,1.97,112958927.0,229920554.0,4.545454545454541,0.08999999999999986,0.00803736817489713,6.060606060606054,14054218314.0
2024-02-19,2.09,2.08,2.1,2.03,105025531.0,216525406.0,0.48309178743961567,0.010000000000000231,0.0074728831339826015,3.381642512077309,14054218314.0
2024-02-20,2.07,2.1,2.11,2.05,55471642.0,115258126.0,0.9615384615384581,0.020000000000000018,0.0039469745496085226,2.8846153846153872,14054218314.0
2024-02-21,2.08,2.16,2.22,2.07,88905511.0,191505918.0,2.857142857142869,0.06000000000000005,0.006325895116588411,7.142857142857159,14054218314.0
2024-02-22,2.15,2.16,2.17,2.12,53241979.0,114305307.0,0.0,0.0,0.0037883273057572626,2.3148148148148064,14054218314.0
2024-02-23,2.16,2.19,2.19,2.15,54399782.0,118043329.0,1.388888888888884,0.029999999999999805,0.003870708479447063,1.8518518518518534,14054218314.0
2024-02-26,2.18,2.17,2.22,2.15,51762993.0,112857578.0,-0.91324200913242,-0.020000000000000018,0.003683092993399476,3.1963470319634832,14054218314.0
2024-02-27,2.16,2.22,2.23,2.15,55162512.0,121378870.0,2.3041474654378113,0.050000000000000266,0.003924979018224748,3.6866359447004644,14054218314.0
2024-02-28,2.21,2.16,2.26,2.16,79489932.0,176320921.0,-2.7027027027027084,-0.06000000000000005,0.005655948287128621,4.504504504504489,14054218314.0
2024-02-29,2.14,2.2,2.2,2.14,59434669.0,129742638.0,1.85185185185186,0.040000000000000036,0.004228955867349422,2.77777777777778,14054218314.0
2024-03-01,2.2,2.19,2.21,2.17,50272242.0,110280303.0,-0.454545454545463,-0.010000000000000231,0.0035770215658256638,1.8181818181818195,14054218314.0
2024-03-04,2.18,2.13,2.18,2.11,57896511.0,123646371.0,-2.73972602739726,-0.06000000000000005,0.004119511288815461,3.1963470319634832,14054218314.0
2024-03-05,2.13,2.1,2.14,2.08,54287171.0,114372787.0,-1.4084507042253391,-0.029999999999999805,0.003862695867327054,2.8169014084507067,14054218314.0
2024-03-06,2.1,2.1,2.13,2.07,43513537.0,91372925.0,0.0,0.0,0.003096119330710434,2.8571428571428594,14054218314.0
2024-03-07,2.09,2.08,2.13,2.08,55888001.0,117399099.0,-0.952380952380949,-0.020000000000000018,0.003976599747588068,2.3809523809523725,14054218314.0
2024-03-08,2.08,2.06,2.09,2.04,50331173.0,103912774.0,-0.9615384615384581,-0.020000000000000018,0.0035812146841253346,2.4038461538461453,14054218314.0
2024-03-11,2.06,2.12,2.13,2.06,68222797.0,142650065.0,2.9126213592232997,0.06000000000000005,0.004854257666685054,3.3980582524271767,14054218314.0
2024-03-12,2.12,2.2,2.22,2.1,97008374.0,210061158.0,3.7735849056603765,0.08000000000000007,0.006902438245417453,5.660377358490571,14054218314.0
2024-03-13,2.19,2.13,2.2,2.12,68570700.0,147120442.0,-3.1818181818181968,-0.07000000000000028,0.004879012013901465,3.636363636363639,14054218314.0
2024-03-14,2.14,2.14,2.17,2.12,59142449.0,126909083.0,0.46948356807512415,0.010000000000000231,0.0042081635334414655,2.3474178403755785,14054218314.0
2024-03-15,2.13,2.15,2.16,2.11,57618549.0,123037876.0,0.4672897196261516,0.009999999999999787,0.0040997334545887715,2.3364485981308536,14054218314.0
2024-03-18,2.15,2.13,2.16,2.1,74424266.0,157726096.0,-0.9302325581395321,-0.020000000000000018,0.005295510880591833,2.7906976744186074,14054218314.0
2024-03-19,2.12,2.1,2.13,2.09,55538603.0,117165025.0,-1.4084507042253391,-0.029999999999999805,0.003951739026614924,1.8779342723004713,14054218314.0
2024-03-20,2.09,2.09,2.11,2.08,45748286.0,95689633.0,-0.4761904761904856,-0.010000000000000231,0.003255128458793628,1.428571428571419,14054218314.0
2024-03-21,2.09,2.09,2.12,2.08,52562569.0,110320114.0,0.0,0.0,0.003739985236150787,1.913875598086126,14054218314.0
2024-03-22,2.08,2.04,2.09,2.01,67922987.0,138745496.0,-2.392344497607646,-0.04999999999999982,0.004832925281396764,3.827751196172252,14054218314.0
2024-03-25,2.04,2.01,2.07,2.0,76354719.0,154831288.0,-1.4705882352941346,-0.03000000000000025,0.005432868430963524,3.4313725490195996,14054218314.0
2024-03-26,2.0,2.02,2.04,1.98,78127535.0,156688532.0,0.4975124378109541,0.010000000000000231,0.005559009633582671,2.985074626865675,14054218314.0
2024-03-27,2.02,1.94,2.02,1.94,78903412.0,155598337.0,-3.960396039603964,-0.08000000000000007,0.005614215621042472,3.960396039603964,14054218314.0
2024-03-28,1.93,1.94,1.97,1.92,65047641.0,126532208.0,0.0,0.0,0.004628335745660312,2.5773195876288684,14054218314.0
2024-03-29,1.93,1.92,1.94,1.9,53711678.0,102724020.0,-1.0309278350515427,-0.020000000000000018,0.0038217478055322033,2.061855670103095,14054218314.0
2024-04-01,1.92,1.94,1.95,1.91,54685054.0,105742187.0,1.041666666666674,0.020000000000000018,0.0038910064422100167,2.0833333333333353,14054218314.0
2024-04-02,1.94,1.93,1.95,1.91,65779062.0,126882804.0,-0.5154639175257714,-0.010000000000000009,0.0046803785547058635,2.061855670103095,14054218314.0
2024-04-03,1.92,1.91,1.94,1.9,50245083.0,96299519.0,-1.0362694300518172,-0.020000000000000018,0.0035750891211038575,2.072538860103629,14054218314.0
2024-04-08,1.9,1.86,1.91,1.86,62731508.0,118579508.0,-2.617801047120405,-0.04999999999999982,0.004463535900642051,2.61780104712041,14054218314.0
2024-04-09,1.86,1.89,1.89,1.85,44752583.0,83990299.0,1.6129032258064502,0.029999999999999805,0.0031842811887602502,2.150537634408592,14054218314.0
2024-04-10,1.89,1.85,1.89,1.83,58197314.0,107875025.0,-2.116402116402105,-0.039999999999999813,0.004140914329047187,3.174603174603166,14054218314.0
2024-04-11,1.83,1.83,1.86,1.81,62600087.0,114779611.0,-1.0810810810810811,-0.020000000000000018,0.004454184900318605,2.702702702702705,14054218314.0
2024-04-12,1.82,1.77,1.84,1.75,76673447.0,137032047.0,-3.2786885245901676,-0.06000000000000005,0.0054555468889808225,4.91803278688525,14054218314.0
2024-04-15,1.75,1.73,1.79,1.7,76978487.0,133738252.0,-2.259887005649719,-0.040000000000000036,0.005477251404535141,5.084745762711869,14054218314.0
2024-04-16,1.72,1.65,1.72,1.65,79872281.0,134312409.0,-4.624277456647407,-0.08000000000000007,0.005683153571083769,4.046242774566478,14054218314.0
2024-04-17,1.66,1.73,1.75,1.65,86542009.0,148606088.0,4.8484848484848575,0.08000000000000007,0.006157724824424554,6.060606060606066,14054218314.0
2024-04-18,1.73,1.73,1.76,1.71,56694963.0,98533844.0,0.0,0.0,0.004034017526504747,2.890173410404627,14054218314.0
2024-04-19,1.73,1.73,1.76,1.71,39400806.0,68274195.0,0.0,0.0,0.0028034861220813108,2.890173410404627,14054218314.0
2024-04-22,1.73,1.71,1.76,1.71,44536382.0,76911340.0,-1.1560693641618491,-0.020000000000000018,0.0031688978358643703,2.890173410404627,14054218314.0
2024-04-23,1.71,1.7,1.73,1.68,34827320.0,59441414.0,-0.5847953216374324,-0.010000000000000009,0.0024780688062392654,2.9239766081871372,14054218314.0
2024-04-24,1.7,1.69,1.7,1.67,43569952.0,73391812.0,-0.588235294117645,-0.010000000000000009,0.0031001334280255297,1.764705882352943,14054218314.0
2024-04-25,1.68,1.69,1.71,1.66,38264390.0,64686503.0,0.0,0.0,0.0027226266979134103,2.9585798816568074,14054218314.0
2024-04-26,1.69,1.76,1.76,1.67,70363405.0,121479950.0,4.142011834319526,0.07000000000000006,0.005006568378826736,5.3254437869822535,14054218314.0
2024-04-29,1.75,1.92,1.93,1.74,163892358.0,306171084.0,9.090909090909083,0.15999999999999992,0.011661435331251394,10.795454545454543,14054218314.0
2024-04-30,1.89,1.84,1.89,1.82,128268083.0,236877733.0,-4.1666666666666625,-0.07999999999999985,0.00912666077431192,3.645833333333325,14054218314.0
2024-05-06,1.88,1.84,1.9,1.83,89606117.0,166958938.0,0.0,0.0,0.0063757453454910094,3.8043478260869477,14054218314.0
2024-05-07,1.82,1.86,1.88,1.8,102237280.0,188182232.0,1.0869565217391353,0.020000000000000018,0.007274490670047236,4.3478260869565135,14054218314.0
2024-05-08,1.85,1.8,1.86,1.79,55105697.0,100181494.0,-3.2258064516129115,-0.06000000000000005,0.003920936459703837,3.7634408602150566,14054218314.0
2024-05-09,1.8,1.84,1.87,1.8,61838604.0,113397375.0,2.2222222222222143,0.040000000000000036,0.004400003089350046,3.8888888888888924,14054218314.0
2024-05-10,1.84,1.89,1.91,1.82,108277966.0,202264215.0,2.717391304347827,0.04999999999999982,0.007704303688817737,4.891304347826079,14054218314.0
2024-05-13,1.87,1.86,1.88,1.83,69919687.0,129872267.0,-1.5873015873015817,-0.029999999999999805,0.004974996505522477,2.6455026455026363,14054218314.0
2024-05-14,1.84,1.88,1.89,1.84,75111158.0,140723035.0,1.0752688172043001,0.019999999999999796,0.005344385317053073,2.688172043010743,14054218314.0
2024-05-15,1.88,1.89,1.93,1.86,88849788.0,168627932.0,0.5319148936170137,0.010000000000000009,0.006321930257159374,3.7234042553191404,14054218314.0
2024-05-16,1.89,1.97,2.0,1.88,166513232.0,327223109.0,4.232804232804233,0.08000000000000007,0.011847918417072627,6.349206349206356,14054218314.0
2024-05-17,1.99,2.17,2.17,1.98,305606671.0,630645811.0,10.152284263959398,0.19999999999999996,0.02174483590421904,9.644670050761418,14054218314.0
2024-05-20,2.21,2.1,2.21,2.1,302744685.0,650280431.0,-3.2258064516129004,-0.06999999999999984,0.0215411969727568,5.069124423963128,14054218314.0
2024-05-21,2.09,2.09,2.15,2.07,148191258.0,312962467.0,-0.4761904761904856,-0.010000000000000231,0.010544254734706977,3.809523809523813,14054218314.0
2024-05-22,2.08,2.23,2.3,2.08,362670239.0,804644957.0,6.698564593301448,0.14000000000000012,0.025805080787647143,10.526315789473673,14054218314.0
2024-05-23,2.16,2.11,2.17,2.08,241423541.0,513666830.0,-5.381165919282516,-0.1200000000000001,0.01717801272230899,4.035874439461877,14054218314.0
2024-05-24,2.09,2.02,2.09,2.01,126867074.0,259216363.0,-4.265402843601884,-0.08999999999999986,0.009026974760568672,3.7914691943128,14054218314.0
2024-05-27,2.02,1.99,2.03,1.94,101132477.0,199492528.0,-1.4851485148514865,-0.030000000000000027,0.007195880606127889,4.455445544554449,14054218314.0
2024-05-28,2.04,1.94,2.06,1.94,114171935.0,227836354.0,-2.5125628140703515,-0.050000000000000044,0.008123677350754437,6.03015075376885,14054218314.0
2024-05-29,1.94,1.95,2.0,1.93,73478725.0,144243765.0,0.5154639175257714,0.010000000000000009,0.005228232788073652,3.6082474226804155,14054218314.0
2024-05-30,1.94,1.89,1.95,1.88,91661087.0,174494074.0,-3.076923076923077,-0.06000000000000005,0.006521962655773784,3.589743589743593,14054218314.0
2024-05-31,1.89,1.88,1.91,1.87,111869541.0,210999964.0,-0.5291005291005346,-0.010000000000000009,0.007959855077002897,2.1164021164021065,14054218314.0
2024-06-03,1.87,1.79,1.88,1.76,134402062.0,241863964.0,-4.7872340425531785,-0.08999999999999986,0.009563111871267606,6.382978723404249,14054218314.0
2024-06-04,1.78,1.82,1.84,1.76,91070790.0,164139852.0,1.6759776536312776,0.030000000000000027,0.00647996124475173,4.469273743016763,14054218314.0
2024-06-05,1.81,1.76,1.82,1.75,72887171.0,129377253.0,-3.296703296703296,-0.06000000000000005,0.0051861419377123245,3.8461538461538494,14054218314.0
2024-06-06,1.76,1.72,1.78,1.7,71287843.0,123039799.0,-2.2727272727272707,-0.040000000000000036,0.005072344929279145,4.545454545454549,14054218314.0
2024-06-07,1.72,1.75,1.77,1.72,75144734.0,131067851.0,1.744186046511631,0.030000000000000027,0.005346774350669162,2.9069767441860495,14054218314.0
2024-06-11,1.74,1.72,1.75,1.7,63748476.0,109552228.0,-1.7142857142857126,-0.030000000000000027,0.004535896239529555,2.85714285714286,14054218314.0
2024-06-12,1.71,1.7,1.73,1.68,76802509.0,130609169.0,-1.1627906976744207,-0.020000000000000018,0.005464730039342976,2.9069767441860495,14054218314.0
2024-06-13,1.7,1.63,1.72,1.62,140257940.0,232039556.0,-4.117647058823537,-0.07000000000000006,0.009979775243727583,5.882352941176463,14054218314.0
2024-06-14,1.63,1.61,1.66,1.58,236627591.0,382591508.0,-1.2269938650306678,-0.019999999999999796,0.01683676642224102,4.907975460122691,14054218314.0
2024-06-17,1.59,1.56,1.59,1.54,148574066.0,231763172.0,-3.105590062111807,-0.050000000000000044,0.010571492677895797,3.105590062111804,14054218314.0
2024-06-18,1.55,1.54,1.58,1.54,91499835.0,141799813.0,-1.2820512820512886,-0.020000000000000018,0.00651048908987369,2.5641025641025665,14054218314.0
2024-06-19,1.54,1.51,1.55,1.51,72142316.0,110064515.0,-1.9480519480519543,-0.030000000000000027,0.005133143259069485,2.5974025974025996,14054218314.0
2024-06-20,1.5,1.46,1.51,1.45,127747277.0,187667575.0,-3.311258278145701,-0.050000000000000044,0.009089603857423044,3.973509933774838,14054218314.0
2024-06-21,1.45,1.44,1.48,1.44,71192188.0,103469739.0,-1.3698630136986356,-0.020000000000000018,0.005065538787673624,2.739726027397263,14054218314.0
2024-06-24,1.42,1.35,1.42,1.34,140358083.0,192438914.0,-6.249999999999989,-0.08999999999999986,0.009986900720062345,5.555555555555546,14054218314.0
2024-06-25,1.34,1.39,1.42,1.33,153151723.0,210427035.0,2.962962962962945,0.039999999999999813,0.010897206772961476,6.666666666666655,14054218314.0
2024-06-26,1.38,1.4,1.4,1.35,89060446.0,122397411.0,0.7194244604316502,0.010000000000000009,0.006336919208895676,3.597122302158261,14054218314.0
2024-06-27,1.4,1.37,1.42,1.36,63372567.0,87935299.0,-2.142857142857124,-0.029999999999999805,0.0045091491809880245,4.285714285714274,14054218314.0
2024-06-28,1.36,1.35,1.39,1.34,81028762.0,110718324.0,-1.4598540145985384,-0.020000000000000018,0.005765440680488351,3.649635036496337,14054218314.0
2024-07-01,1.35,1.42,1.42,1.34,98245163.0,137167644.0,5.185185185185182,0.06999999999999984,0.00699043951111346,5.925925925925914,14054218314.0
2024-07-02,1.42,1.43,1.47,1.4,114022133.0,164259139.0,0.7042253521126751,0.010000000000000009,0.008113018486870788,4.929577464788737,14054218314.0
2024-07-03,1.43,1.47,1.49,1.42,94774149.0,138908042.0,2.7972027972027913,0.040000000000000036,0.006743466401513877,4.895104895104899,14054218314.0
2024-07-04,1.46,1.4,1.47,1.39,85782384.0,122158806.0,-4.761904761904767,-0.07000000000000006,0.0061036752157570045,5.442176870748304,14054218314.0
2024-07-05,1.4,1.4,1.42,1.38,56892369.0,79666598.0,0.0,0.0,0.004048063558492407,2.85714285714286,14054218314.0
2024-07-08,1.39,1.35,1.4,1.34,75820193.0,102892723.0,-3.5714285714285587,-0.04999999999999982,0.005394835294715203,4.285714285714274,14054218314.0
2024-07-09,1.34,1.35,1.37,1.31,67541840.0,90570107.0,0.0,0.0,0.00480580552336509,4.444444444444448,14054218314.0
2024-07-10,1.35,1.37,1.41,1.33,83394586.0,114849308.0,1.4814814814814836,0.020000000000000018,0.005933776189951961,5.925925925925914,14054218314.0
2024-07-11,1.39,1.43,1.44,1.39,83987600.0,119029381.0,4.379562043795615,0.05999999999999983,0.005975970923714513,3.6496350364963535,14054218314.0
2024-07-12,1.42,1.46,1.51,1.42,99701178.0,146737305.0,2.0979020979021046,0.030000000000000027,0.007094039367574321,6.2937062937062995,14054218314.0
2024-07-15,1.44,1.41,1.45,1.4,59161829.0,84195247.0,-3.424657534246578,-0.050000000000000044,0.00420954247886319,3.424657534246579,14054218314.0
2024-07-16,1.41,1.42,1.45,1.4,52943915.0,75325243.0,0.7092198581560183,0.010000000000000009,0.003767119153632353,3.5460992907801447,14054218314.0
2024-07-17,1.41,1.44,1.46,1.41,65210522.0,94036352.0,1.4084507042253502,0.020000000000000018,0.004639925219821087,3.521126760563384,14054218314.0
2024-07-18,1.43,1.43,1.43,1.41,40942882.0,58118913.0,-0.694444444444442,-0.010000000000000009,0.002913209478126227,1.3888888888888902,14054218314.0
2024-07-19,1.42,1.39,1.43,1.37,79076349.0,110000277.0,-2.7972027972028024,-0.040000000000000036,0.00562652060991743,4.195804195804184,14054218314.0
2024-07-22,1.39,1.4,1.42,1.38,52844035.0,74049470.0,0.7194244604316502,0.010000000000000009,0.0037600123905404135,2.8776978417266217,14054218314.0
2024-07-23,1.4,1.38,1.43,1.38,51615405.0,72457816.0,-1.4285714285714346,-0.020000000000000018,0.0036725916622900126,3.5714285714285747,14054218314.0
2024-07-24,1.37,1.33,1.38,1.33,61701978.0,83538439.0,-3.6231884057970842,-0.04999999999999982,0.004390281737585936,3.623188405797089,14054218314.0
2024-07-25,1.33,1.35,1.36,1.32,43062226.0,58055444.0,1.5037593984962516,0.020000000000000018,0.003064007192566797,3.0075187969924837,14054218314.0
2024-07-26,1.35,1.36,1.39,1.35,40805620.0,55790346.0,0.7407407407407307,0.010000000000000009,0.0029034428730448708,2.962962962962949,14054218314.0
2024-07-29,1.36,1.35,1.37,1.34,38868912.0,52609141.0,-0.7352941176470562,-0.010000000000000009,0.0027656402605672516,2.2058823529411784,14054218314.0
2024-07-30,1.35,1.38,1.39,1.35,59083669.0,81073912.0,2.2222222222222143,0.029999999999999805,0.0042039811592469905,2.962962962962949,14054218314.0
2024-07-31,1.39,1.44,1.45,1.38,72311435.0,102774614.0,4.347826086956519,0.06000000000000005,0.005145176585734941,5.072463768115947,14054218314.0
2024-08-01,1.45,1.42,1.46,1.41,51566063.0,73662071.0,-1.388888888888895,-0.020000000000000018,0.003669080830246736,3.472222222222225,14054218314.0
2024-08-02,1.42,1.41,1.44,1.41,40724540.0,57989786.0,-0.7042253521126751,-0.010000000000000009,0.0028976737866262237,2.1126760563380302,14054218314.0
2024-08-05,1.41,1.4,1.44,1.4,55212277.0,78524915.0,-0.7092198581560294,-0.010000000000000009,0.0039285199479931745,2.8368794326241162,14054218314.0
2024-08-06,1.42,1.44,1.44,1.41,62577939.0,89174333.0,2.857142857142869,0.040000000000000036,0.0044526090033526425,2.142857142857145,14054218314.0
2024-08-07,1.43,1.42,1.43,1.4,48419961.0,68729172.0,-1.388888888888895,-0.020000000000000018,0.0034452261889063467,2.0833333333333353,14054218314.0
2024-08-08,1.43,1.46,1.49,1.42,92888489.0,134834675.0,2.8169014084507005,0.040000000000000036,0.006609296008122334,4.929577464788737,14054218314.0
2024-08-09,1.45,1.49,1.53,1.45,124881130.0,187194045.0,2.0547945205479534,0.030000000000000027,0.008885668858267318,5.479452054794526,14054218314.0
2024-08-12,1.48,1.42,1.48,1.41,66362394.0,95496742.0,-4.697986577181212,-0.07000000000000006,0.004721884384981669,4.697986577181212,14054218314.0
2024-08-13,1.42,1.42,1.43,1.4,45471089.0,64254880.0,0.0,0.0,0.003235405056623059,2.1126760563380302,14054218314.0
2024-08-14,1.42,1.4,1.43,1.4,31451788.0,44395717.0,-1.4084507042253502,-0.020000000000000018,0.0022378895287736883,2.1126760563380302,14054218314.0
2024-08-15,1.39,1.43,1.44,1.39,60000863.0,85025754.0,2.1428571428571352,0.030000000000000027,0.004269242277262095,3.5714285714285747,14054218314.0
2024-08-16,1.42,1.42,1.44,1.41,41827088.0,59442985.0,-0.6993006993006978,-0.010000000000000009,0.00297612340049779,2.0979020979020997,14054218314.0
2024-08-19,1.42,1.4,1.42,1.39,38207919.0,53676285.0,-1.4084507042253502,-0.020000000000000018,0.0027186086160295004,2.1126760563380302,14054218314.0
2024-08-20,1.4,1.37,1.41,1.36,42164936.0,58247546.0,-2.142857142857124,-0.029999999999999805,0.0030001623041530333,3.5714285714285587,14054218314.0
2024-08-21,1.36,1.36,1.38,1.35,34490239.0,46944503.0,-0.7299270072992692,-0.010000000000000009,0.002454084476946172,2.1897810218977956,14054218314.0
2024-08-22,1.37,1.35,1.39,1.34,41261850.0,56239772.0,-0.7352941176470562,-0.010000000000000009,0.0029359050128670143,3.676470588235281,14054218314.0
2024-08-23,1.34,1.34,1.35,1.33,29772295.0,39913411.0,-0.7407407407407418,-0.010000000000000009,0.002118388538930163,1.4814814814814827,14054218314.0
2024-08-26,1.34,1.37,1.38,1.34,36946594.0,50441212.0,2.238805970149249,0.030000000000000027,0.0026288615399688176,2.9850746268656576,14054218314.0
2024-08-27,1.36,1.34,1.37,1.33,46937889.0,63075161.0,-2.1897810218978075,-0.030000000000000027,0.0033397722983456992,2.9197080291970825,14054218314.0
2024-08-28,1.33,1.34,1.34,1.31,56017422.0,74370643.0,0.0,0.0,0.003985808441882441,2.2388059701492558,14054218314.0
2024-08-29,1.33,1.35,1.35,1.32,39908857.0,53431706.0,0.746268656716409,0.010000000000000009,0.0028396354822697685,2.2388059701492558,14054218314.0
2024-08-30,1.34,1.41,1.45,1.34,132148570.0,185139363.0,4.444444444444429,0.05999999999999983,0.009402769122232948,8.14814814814814,14054218314.0
2024-09-02,1.4,1.37,1.41,1.36,80564963.0,111657331.0,-2.8368794326240954,-0.039999999999999813,0.005732439983499178,3.5460992907801296,14054218314.0
2024-09-03,1.37,1.39,1.41,1.36,62337290.0,86501391.0,1.4598540145985162,0.019999999999999796,0.0044354861015573665,3.649635036496337,14054218314.0
2024-09-04,1.38,1.37,1.42,1.37,60619995.0,84611991.0,-1.4388489208632893,-0.019999999999999796,0.004313295385458319,3.597122302158261,14054218314.0
2024-09-05,1.39,1.4,1.42,1.38,52690939.0,73746679.0,2.1897810218977964,0.029999999999999805,0.003749119148626881,2.9197080291970825,14054218314.0
2024-09-06,1.4,1.38,1.41,1.36,40129214.0,55464917.0,-1.4285714285714346,-0.020000000000000018,0.0028553145470940635,3.5714285714285587,14054218314.0
2024-09-09,1.37,1.37,1.38,1.35,37199460.0,50777399.0,-0.7246376811594013,-0.009999999999999787,0.002646853718142691,2.173913043478247,14054218314.0
2024-09-10,1.37,1.35,1.37,1.33,60288014.0,81162743.0,-1.4598540145985384,-0.020000000000000018,0.004289673936539363,2.9197080291970825,14054218314.0
2024-09-11,1.34,1.35,1.36,1.33,40059170.0,54047603.0,0.0,0.0,0.002850330705343845,2.222222222222224,14054218314.0
2024-09-12,1.35,1.36,1.38,1.35,40658042.0,55457485.0,0.7407407407407307,0.010000000000000009,0.0028929422534655527,2.2222222222222077,14054218314.0
2024-09-13,1.36,1.36,1.38,1.35,40442816.0,55185539.0,0.0,0.0,0.002877628274758846,2.205882352941162,14054218314.0
2024-09-18,1.36,1.39,1.4,1.34,62705979.0,85915472.0,2.2058823529411686,0.029999999999999805,0.00446171943533394,4.41176470588234,14054218314.0
2024-09-19,1.4,1.43,1.45,1.39,106269653.0,151508936.0,2.877697841726623,0.040000000000000036,0.007561406164734208,4.316546762589932,14054218314.0
2024-09-20,1.42,1.47,1.47,1.41,108580910.0,157194723.0,2.7972027972027913,0.040000000000000036,0.007725859067653587,4.195804195804199,14054218314.0
2024-09-23,1.45,1.46,1.48,1.44,71565521.0,104521665.0,-0.6802721088435382,-0.010000000000000009,0.0050921025560497065,2.721088435374152,14054218314.0
2024-09-24,1.49,1.5,1.51,1.46,104999567.0,156110456.0,2.7397260273972712,0.040000000000000036,0.0074710357171131675,3.424657534246579,14054218314.0
2024-09-25,1.52,1.56,1.65,1.52,258393991.0,415314923.0,4.0000000000000036,0.06000000000000005,0.01838551139785575,8.66666666666666,14054218314.0
2024-09-26,1.55,1.72,1.72,1.53,285993487.0,471707473.0,10.256410256410241,0.15999999999999992,0.020349298737953273,12.179487179487175,14054218314.0
2024-09-27,1.89,1.89,1.89,1.89,88974986.0,168162724.0,9.883720930232553,0.16999999999999993,0.006330838472273358,0.0,14054218314.0
2024-09-30,2.08,2.08,2.08,2.08,24968538.0,51934559.0,10.052910052910068,0.19000000000000017,0.0017765867472777043,0.0,14054218314.0
2024-10-08,2.29,2.29,2.29,2.08,602198660.0,1337729515.0,10.096153846153854,0.20999999999999996,0.04284825000904707,10.096153846153843,14054218314.0
2024-10-09,2.13,2.06,2.15,2.06,327622156.0,682386597.0,-10.043668122270743,-0.22999999999999998,0.02331130402845968,3.9301310043668063,14054218314.0
2024-10-10,1.97,1.94,2.03,1.86,264305115.0,514026063.0,-5.82524271844661,-0.1200000000000001,0.018806105689756828,8.252427184466004,14054218314.0
2024-10-11,1.9,1.9,1.97,1.88,161636042.0,310576357.0,-2.0618556701030966,-0.040000000000000036,0.011500891646103684,4.639175257731963,14054218314.0
2024-10-14,2.04,1.99,2.06,1.92,198656040.0,394373669.0,4.736842105263173,0.09000000000000008,0.014134976101951564,7.368421052631585,14054218314.0
2024-10-15,1.96,1.93,2.02,1.92,169130805.0,331806566.0,-3.015075376884424,-0.06000000000000005,0.012034166626792873,5.0251256281407075,14054218314.0
2024-10-16,1.94,2.12,2.12,1.94,398495553.0,828696683.0,9.844559585492242,0.19000000000000017,0.028354159875476088,9.32642487046633,14054218314.0
2024-10-17,2.13,1.93,2.13,1.92,367496455.0,737884977.0,-8.9622641509434,-0.19000000000000017,0.026148480604853083,9.905660377358489,14054218314.0
2024-10-18,1.94,1.95,1.99,1.86,210138278.0,403059779.0,1.0362694300518172,0.020000000000000018,0.01495197194928105,6.735751295336782,14054218314.0
2024-10-21,1.94,1.93,1.96,1.9,150240720.0,288946473.0,-1.025641025641022,-0.020000000000000018,0.010690080134185683,3.0769230769230798,14054218314.0
2024-10-22,1.91,1.93,1.96,1.91,111458969.0,214968851.0,0.0,0.0,0.007930641641518478,2.5906735751295358,14054218314.0
2024-10-23,1.92,1.93,1.97,1.91,127146466.0,246189033.0,0.0,0.0,0.00904685434360615,3.108808290155443,14054218314.0
2024-10-24,1.9,1.92,1.94,1.89,98166865.0,188079117.0,-0.5181347150259086,-0.010000000000000009,0.006984868372381254,2.5906735751295358,14054218314.0
2024-10-25,1.92,1.93,1.96,1.91,139228230.0,269790898.0,0.5208333333333259,0.010000000000000009,0.00990650827312885,2.604166666666669,14054218314.0
2024-10-28,1.93,2.01,2.01,1.92,194706609.0,384955909.0,4.145077720207246,0.07999999999999985,0.013853962180596308,4.663212435233153,14054218314.0
2024-10-29,2.01,1.92,2.03,1.92,167004093.0,327814374.0,-4.477611940298498,-0.08999999999999986,0.011882844656941196,5.472636815920392,14054218314.0
2024-10-30,1.93,1.96,2.06,1.92,221268738.0,439599843.0,2.083333333333326,0.040000000000000036,0.015743937731462793,7.291666666666674,14054218314.0
2024-10-31,1.97,2.09,2.16,1.95,313648099.0,651850422.0,6.632653061224492,0.1299999999999999,0.022317007747600013,10.714285714285724,14054218314.0
2024-11-01,2.1,2.11,2.24,2.09,308404883.0,661423989.0,0.9569377990430672,0.020000000000000018,0.02194393712333221,7.177033492822985,14054218314.0
2024-11-04,2.13,2.12,2.15,2.04,163990957.0,340981710.0,0.4739336492891155,0.010000000000000231,0.011668450947331712,5.213270142180089,14054218314.0
2024-11-05,2.11,2.33,2.33,2.1,304684517.0,695153873.0,9.905660377358494,0.20999999999999996,0.021679221867251835,10.849056603773583,14054218314.0
2024-11-06,2.33,2.48,2.56,2.28,550118356.0,1344745428.0,6.4377682403433445,0.1499999999999999,0.039142579381451895,12.017167381974259,14054218314.0
2024-11-07,2.43,2.73,2.73,2.38,404825462.0,1053736692.0,10.080645161290324,0.25,0.028804551982569978,14.112903225806456,14054218314.0
2024-11-08,2.9,2.61,2.9,2.57,548355009.0,1493515130.0,-4.395604395604402,-0.1200000000000001,0.039017111926727396,12.087912087912091,14054218314.0
2024-11-11,2.53,2.48,2.61,2.42,343966124.0,853755631.0,-4.980842911877392,-0.1299999999999999,0.024474226621153367,7.279693486590038,14054218314.0
2024-11-12,2.47,2.46,2.53,2.43,237981561.0,588706337.0,-0.8064516129032251,-0.020000000000000018,0.01693310546933347,4.032258064516115,14054218314.0
2024-11-13,2.44,2.41,2.48,2.36,198628887.0,478928943.0,-2.0325203252032464,-0.04999999999999982,0.014133044084147846,4.878048780487809,14054218314.0
2024-11-14,2.48,2.31,2.5,2.3,207317880.0,497444941.0,-4.149377593361003,-0.10000000000000009,0.014751292129387368,8.298755186721998,14054218314.0
2024-11-15,2.25,2.25,2.33,2.24,168613771.0,384319036.0,-2.5974025974025983,-0.06000000000000005,0.011997378099074831,3.89610389610389,14054218314.0
2024-11-18,2.3,2.45,2.48,2.3,399979297.0,981203316.0,8.888888888888902,0.20000000000000018,0.02845973273387704,8.000000000000007,14054218314.0
2024-11-19,2.37,2.36,2.38,2.22,335076234.0,772703671.0,-3.673469387755113,-0.0900000000000003,0.023841684148752436,6.530612244897946,14054218314.0
2024-11-20,2.31,2.36,2.38,2.3,173677476.0,406881841.0,0.0,0.0,0.012357675974550113,3.3898305084745797,14054218314.0
2024-11-21,2.34,2.33,2.36,2.3,120481088.0,279727403.0,-1.2711864406779627,-0.029999999999999805,0.0085725926058786,2.5423728813559343,14054218314.0
2024-11-22,2.32,2.24,2.37,2.24,170581296.0,394868638.0,-3.862660944205998,-0.08999999999999986,0.012137373434001432,5.579399141630897,14054218314.0
2024-11-25,2.25,2.2,2.28,2.16,145523629.0,321747435.0,-1.7857142857142905,-0.040000000000000036,0.010354444889691073,5.357142857142842,14054218314.0
2024-11-26,2.19,2.2,2.23,2.18,82970775.0,182392087.0,0.0,0.0,0.005903620759708088,2.2727272727272645,14054218314.0
2024-11-27,2.19,2.25,2.26,2.12,116155231.0,255126538.0,2.2727272727272707,0.04999999999999982,0.008264794839873298,6.363636363636349,14054218314.0
2024-11-28,2.25,2.29,2.33,2.24,127488290.0,290786505.0,1.7777777777777892,0.040000000000000036,0.009071176151647192,3.999999999999994,14054218314.0
2024-11-29,2.27,2.32,2.35,2.24,137501861.0,316232042.0,1.3100436681222627,0.029999999999999805,0.009783671914575897,4.803493449781654,14054218314.0
2024-12-02,2.34,2.47,2.51,2.32,241496408.0,592855345.0,6.465517241379337,0.15000000000000036,0.017183197429019244,8.189655172413792,14054218314.0
2024-12-03,2.47,2.5,2.53,2.43,151754904.0,375015017.0,1.2145748987854255,0.029999999999999805,0.010797818890349137,4.048582995951403,14054218314.0
2024-12-04,2.49,2.41,2.51,2.39,121807346.0,297952458.0,-3.599999999999992,-0.08999999999999986,0.008666959860632203,4.7999999999999865,14054218314.0
2024-12-05,2.39,2.43,2.44,2.38,95530589.0,230392617.0,0.8298755186721962,0.020000000000000018,0.006797289387830125,2.4896265560165993,14054218314.0
2024-12-06,2.44,2.52,2.55,2.42,174007223.0,436447504.0,3.703703703703698,0.08999999999999986,0.012381138467634594,5.349794238683122,14054218314.0
2024-12-09,2.52,2.45,2.55,2.42,140518292.0,346851649.0,-2.777777777777768,-0.06999999999999984,0.009998300073368278,5.158730158730155,14054218314.0
2024-12-10,2.68,2.47,2.68,2.46,238680884.0,612482186.0,0.8163265306122547,0.020000000000000018,0.016982864408918417,8.979591836734702,14054218314.0
2024-12-11,2.46,2.59,2.69,2.44,308758720.0,800754923.0,4.85829959514168,0.11999999999999966,0.02196911369253688,10.121457489878543,14054218314.0
2024-12-12,2.58,2.62,2.67,2.53,253993157.0,663620684.0,1.1583011583011782,0.03000000000000025,0.018072378792279516,5.405405405405411,14054218314.0
2024-12-13,2.57,2.47,2.58,2.43,340404730.0,845605892.0,-5.725190839694649,-0.1499999999999999,0.024220822702099944,5.725190839694653,14054218314.0
2024-12-16,2.48,2.42,2.5,2.4,162249997.0,397141744.0,-2.0242914979757165,-0.050000000000000266,0.011544576395143651,4.048582995951421,14054218314.0
2024-12-17,2.43,2.35,2.44,2.33,152023710.0,358648549.0,-2.8925619834710647,-0.06999999999999984,0.010816945247574728,4.5454545454545405,14054218314.0
2024-12-18,2.36,2.34,2.39,2.33,99284730.0,233641067.0,-0.42553191489362874,-0.010000000000000231,0.007064407836976482,2.5531914893617045,14054218314.0
2024-12-19,2.3,2.32,2.33,2.28,94231499.0,217515016.0,-0.8547008547008517,-0.020000000000000018,0.006704855218175459,2.1367521367521483,14054218314.0
2024-12-20,2.32,2.29,2.33,2.28,104913169.0,241158386.0,-1.2931034482758563,-0.029999999999999805,0.007464888238963213,2.155172413793115,14054218314.0
2024-12-23,2.29,2.21,2.29,2.2,105107117.0,234695426.0,-3.493449781659397,-0.08000000000000007,0.007478688223826605,3.9301310043668063,14054218314.0
2024-12-24,2.2,2.25,2.26,2.19,90089813.0,201800501.0,1.8099547511312153,0.040000000000000036,0.006410161774010422,3.1674208144796308,14054218314.0
2024-12-25,2.26,2.22,2.27,2.18,78352188.0,173167983.0,-1.3333333333333197,-0.029999999999999805,0.005574994371757416,3.999999999999994,14054218314.0
2024-12-26,2.23,2.22,2.24,2.2,59550848.0,132234523.0,0.0,0.0,0.004237222353425297,1.8018018018018032,14054218314.0
2024-12-27,2.22,2.24,2.27,2.21,82226225.0,185148072.0,0.9009009009008917,0.020000000000000018,0.005850643782734682,2.702702702702705,14054218314.0
2024-12-30,2.23,2.19,2.24,2.16,88113019.0,192285053.0,-2.2321428571428714,-0.050000000000000266,0.006269506921792079,3.571428571428574,14054218314.0
2024-12-31,2.19,2.1,2.21,2.1,81727644.0,175257850.0,-4.109589041095885,-0.08999999999999986,0.005815168241593888,5.022831050228305,14054218314.0
2025-01-02,2.12,2.08,2.18,2.06,111586564.0,236891535.0,-0.952380952380949,-0.020000000000000018,0.007939720410408305,5.714285714285719,14054218314.0
2025-01-03,2.08,2.01,2.1,2.0,94745040.0,193464890.0,-3.3653846153846256,-0.07000000000000028,0.006741395208413724,4.807692307692312,14054218314.0
2025-01-06,2.01,1.98,2.01,1.95,96162936.0,190113810.0,-1.492537313432829,-0.029999999999999805,0.006842282783113454,2.9850746268656634,14054218314.0
2025-01-07,1.99,2.01,2.01,1.95,73409408.0,145792433.0,1.5151515151515138,0.029999999999999805,0.005223300674565001,3.030303030303022,14054218314.0
2025-01-08,2.0,1.98,2.02,1.92,90973568.0,178743644.0,-1.492537313432829,-0.029999999999999805,0.006473043606372429,4.975124378109458,14054218314.0
2025-01-09,1.97,1.97,1.99,1.95,61183620.0,120730491.0,-0.5050505050505083,-0.010000000000000009,0.004353399003276647,2.020202020202022,14054218314.0
2025-01-10,1.98,1.89,2.0,1.89,91444726.0,176784121.0,-4.060913705583758,-0.08000000000000007,0.006506567918395579,5.58375634517767,14054218314.0
2025-01-13,1.87,1.91,1.92,1.85,78811287.0,148979018.0,1.0582010582010692,0.020000000000000018,0.005607660649578266,3.7037037037036953,14054218314.0
2025-01-14,1.9,1.97,1.98,1.9,80374308.0,156367384.0,3.141361256544495,0.06000000000000005,0.005718874305512656,4.188481675392674,14054218314.0
2025-01-15,1.97,1.96,1.99,1.93,63648166.0,124474093.0,-0.5076142131979711,-0.010000000000000009,0.0045287588806413644,3.04568527918782,14054218314.0
2025-01-16,1.97,1.98,2.05,1.96,86033269.0,172003444.0,1.0204081632652962,0.020000000000000018,0.006121526439809081,4.59183673469387,14054218314.0
2025-01-17,1.96,1.97,2.01,1.93,79287682.0,156459507.0,-0.5050505050505083,-0.010000000000000009,0.005641557589938545,4.040404040404033,14054218314.0
2025-01-20,1.99,1.99,2.02,1.94,75304172.0,149591514.0,1.0152284263959421,0.020000000000000018,0.005358118845000887,4.0609137055837605,14054218314.0
2025-01-21,1.99,2.0,2.07,1.98,139900056.0,282887069.0,0.5025125628140614,0.010000000000000009,0.009954310718273079,4.5226130653266265,14054218314.0
2025-01-22,1.99,1.94,1.99,1.92,84996686.0,165317956.0,-3.0000000000000027,-0.06000000000000005,0.006047770434541437,3.500000000000003,14054218314.0
2025-01-23,1.95,1.96,2.02,1.95,97027831.0,192847050.0,1.0309278350515427,0.020000000000000018,0.006903822669621296,3.6082474226804155,14054218314.0
2025-01-24,1.95,1.93,1.97,1.93,82887167.0,160970125.0,-1.5306122448979553,-0.030000000000000027,0.0058976717984686915,2.040816326530614,14054218314.0
2025-01-27,1.86,1.84,1.9,1.82,123834850.0,228974985.0,-4.663212435233155,-0.08999999999999986,0.008811222882217709,4.145077720207246,14054218314.0
2025-02-05,1.84,1.82,1.85,1.81,67300340.0,122887100.0,-1.0869565217391353,-0.020000000000000018,0.004788622070354442,2.1739130434782625,14054218314.0
2025-02-06,1.83,1.86,1.87,1.79,83335921.0,152677799.0,2.19780219780219,0.040000000000000036,0.005929601998354158,4.3956043956043995,14054218314.0
2025-02-07,1.85,1.9,1.94,1.84,103074651.0,196199584.0,2.1505376344086002,0.039999999999999813,0.007334072140982966,5.376344086021498,14054218314.0
2025-02-10,1.9,1.96,1.97,1.9,115292089.0,223417310.0,3.157894736842115,0.06000000000000005,0.008203379684599938,3.6842105263157925,14054218314.0
2025-02-11,1.97,1.91,1.98,1.89,75036027.0,143823178.0,-2.5510204081632626,-0.050000000000000044,0.005339039519917906,4.5918367346938815,14054218314.0
2025-02-12,1.91,1.98,1.98,1.88,99743806.0,192301394.0,3.664921465968596,0.07000000000000006,0.007097072478277997,5.235602094240843,14054218314.0
2025-02-13,1.97,2.01,2.05,1.95,176996151.0,355684236.0,1.5151515151515138,0.029999999999999805,0.01259380970506817,5.050505050505043,14054218314.0
2025-02-14,2.01,1.96,2.02,1.95,92368086.0,182231762.0,-2.487562189054715,-0.04999999999999982,0.0065722677658983175,3.4825870646766206,14054218314.0
2025-02-17,1.97,2.0,2.02,1.95,97875360.0,194629324.0,2.0408163265306145,0.040000000000000036,0.006964126912878692,3.5714285714285747,14054218314.0
2025-02-18,1.99,1.91,2.0,1.91,98537697.0,191662922.0,-4.5000000000000036,-0.09000000000000008,0.007011254187067981,4.5000000000000036,14054218314.0
2025-02-19,1.91,1.92,1.93,1.89,66070868.0,126362413.0,0.5235602094240788,0.010000000000000009,0.0047011414312658015,2.094240837696337,14054218314.0
2025-02-20,1.91,1.91,1.93,1.89,63259384.0,120729334.0,-0.520833333333337,-0.010000000000000009,0.004501095869343701,2.0833333333333353,14054218314.0
2025-02-21,1.91,1.91,1.94,1.88,74929891.0,142953163.0,0.0,0.0,0.005331487623567024,3.141361256544505,14054218314.0
2025-02-24,1.9,1.91,1.97,1.89,96003616.0,185141817.0,0.0,0.0,0.006830946684837445,4.188481675392674,14054218314.0
2025-02-25,1.9,1.89,1.93,1.88,85825670.0,163271336.0,-1.0471204188481686,-0.020000000000000018,0.006106755145144247,2.6178010471204214,14054218314.0
2025-02-26,1.9,1.94,1.94,1.9,94180941.0,181774098.0,2.645502645502651,0.050000000000000044,0.006701257864066505,2.1164021164021185,14054218314.0
2025-02-27,1.94,1.94,1.98,1.92,76060920.0,147764636.0,0.0,0.0,0.005411963746445614,3.092783505154642,14054218314.0
2025-02-28,1.93,1.89,1.95,1.88,124445623.0,238849731.0,-2.577319587628868,-0.050000000000000044,0.008854681222365421,3.6082474226804155,14054218314.0
2025-03-03,1.89,1.9,1.96,1.89,113653802.0,218558198.0,0.5291005291005346,0.010000000000000009,0.008086810625873419,3.703703703703707,14054218314.0
2025-03-04,1.89,1.89,1.9,1.86,81902104.0,153912554.0,-0.5263157894736858,-0.010000000000000009,0.005827581596509986,2.105263157894727,14054218314.0
2025-03-05,1.89,1.86,1.89,1.83,84007436.0,155644029.0,-1.5873015873015817,-0.029999999999999805,0.0059773823149108654,3.174603174603166,14054218314.0
2025-03-06,1.88,1.92,1.92,1.87,111337337.0,211102049.0,3.2258064516129004,0.05999999999999983,0.007921987158054332,2.688172043010743,14054218314.0
2025-03-07,1.91,1.86,1.91,1.86,75560232.0,141805147.0,-3.124999999999989,-0.05999999999999983,0.005376338285903191,2.604166666666657,14054218314.0
2025-03-10,1.87,1.85,1.89,1.84,64104545.0,119268131.0,-0.5376344086021501,-0.010000000000000009,0.0045612316222626735,2.688172043010743,14054218314.0
2025-03-11,1.84,1.85,1.85,1.82,51226289.0,94171073.0,0.0,0.0,0.0036449048858854948,1.621621621621623,14054218314.0
2025-03-12,1.84,1.84,1.86,1.83,52422295.0,96718392.0,-0.5405405405405461,-0.010000000000000009,0.0037300043181896455,1.621621621621623,14054218314.0
2025-03-13,1.84,1.81,1.85,1.8,67510328.0,122830531.0,-1.6304347826086918,-0.030000000000000027,0.004803563349571005,2.7173913043478284,14054218314.0
2025-03-14,1.81,1.87,1.87,1.8,93179867.0,171812459.0,3.314917127071837,0.06000000000000005,0.00663002843119205,3.8674033149171305,14054218314.0
2025-03-17,1.87,1.9,1.92,1.87,102010796.0,193865750.0,1.6042780748662944,0.029999999999999805,0.0072583756507028745,2.6737967914438405,14054218314.0
2025-03-18,1.9,1.88,1.91,1.87,56364436.0,106088851.0,-1.0526315789473717,-0.020000000000000018,0.004010499534068929,2.105263157894727,14054218314.0
2025-03-19,1.88,1.87,1.89,1.86,55078705.0,103068214.0,-0.5319148936170137,-0.009999999999999787,0.00391901589753546,1.5957446808510536,14054218314.0
2025-03-20,1.86,1.86,1.88,1.85,48250292.0,90069048.0,-0.5347593582887722,-0.010000000000000009,0.003433153728082895,1.6042780748662995,14054218314.0
2025-03-21,1.86,1.83,1.87,1.83,65281980.0,120594251.0,-1.6129032258064502,-0.030000000000000027,0.004645009671933861,2.1505376344086042,14054218314.0
2025-03-24,1.83,1.81,1.84,1.78,74371498.0,134239226.0,-1.0928961748633892,-0.020000000000000018,0.005291756278320753,3.2786885245901667,14054218314.0
2025-03-25,1.81,1.82,1.83,1.79,51938191.0,94239238.0,0.5524861878453136,0.010000000000000009,0.003695558859240302,2.2099447513812174,14054218314.0
2025-03-26,1.82,1.86,1.88,1.81,94476602.0,175546462.0,2.19780219780219,0.040000000000000036,0.006722295035497482,3.8461538461538374,14054218314.0
2025-03-27,1.86,1.87,1.88,1.83,70048152.0,129890435.0,0.5376344086021501,0.010000000000000009,0.0049841371775349525,2.688172043010743,14054218314.0
2025-03-28,1.87,1.85,1.9,1.84,63562058.0,118481102.0,-1.0695187165775444,-0.020000000000000018,0.0045226320368656255,3.208556149732611,14054218314.0
2025-03-31,1.84,1.8,1.85,1.79,59946661.0,108827982.0,-2.7027027027027084,-0.050000000000000044,0.004265385641568169,3.243243243243246,14054218314.0
2025-04-01,1.81,1.82,1.84,1.8,48211170.0,87786957.0,1.1111111111111072,0.020000000000000018,0.0034303700798481848,2.222222222222224,14054218314.0
2025-04-02,1.82,1.8,1.83,1.8,26786848.0,48472275.0,-1.098901098901095,-0.020000000000000018,0.0019059649851401904,1.6483516483516498,14054218314.0
2025-04-03,1.79,1.82,1.84,1.78,53993372.0,98240328.0,1.1111111111111072,0.020000000000000018,0.0038417911828091443,3.333333333333336,14054218314.0
2025-04-07,1.74,1.64,1.76,1.64,92451272.0,155098925.0,-9.8901098901099,-0.18000000000000016,0.006578186700565579,6.593406593406599,14054218314.0
2025-04-08,1.64,1.67,1.69,1.63,82160725.0,136726648.0,1.8292682926829285,0.030000000000000027,0.0058459832602825185,3.658536585365857,14054218314.0
2025-04-09,1.65,1.77,1.83,1.59,129745780.0,221497177.0,5.988023952095811,0.10000000000000009,0.009231803370433968,14.37125748502994,14054218314.0
2025-04-10,1.77,1.83,1.84,1.75,101645665.0,183696175.0,3.3898305084745894,0.06000000000000005,0.0072323954793520225,5.084745762711869,14054218314.0
2025-04-11,1.81,1.8,1.82,1.78,69034514.0,124133937.0,-1.6393442622950838,-0.030000000000000027,0.004912013778185857,2.1857923497267775,14054218314.0
2025-04-14,1.81,1.8,1.82,1.79,48048756.0,86590567.0,0.0,0.0,0.003418813834145198,1.666666666666668,14054218314.0
2025-04-15,1.8,1.78,1.8,1.77,36928605.0,65944509.0,-1.1111111111111072,-0.020000000000000018,0.0026275815683903143,1.666666666666668,14054218314.0
2025-04-16,1.78,1.79,1.81,1.77,44315006.0,79221438.0,0.561797752808979,0.010000000000000009,0.0031531462661182623,2.247191011235957,14054218314.0
2025-04-17,1.78,1.82,1.86,1.77,91082962.0,166807689.0,1.6759776536312776,0.030000000000000027,0.006480827319244672,5.027932960893859,14054218314.0
2025-04-18,1.81,1.86,1.86,1.8,81040560.0,148289300.0,2.19780219780219,0.040000000000000036,0.005766280143753856,3.2967032967032996,14054218314.0
2025-04-21,1.84,1.84,1.86,1.82,51249599.0,94371510.0,-1.0752688172043001,-0.020000000000000018,0.0036465634626543487,2.1505376344086042,14054218314.0
2025-04-22,1.83,1.84,1.86,1.82,73303018.0,134830822.0,0.0,0.0,0.005215730705348427,2.1739130434782625,14054218314.0
2025-04-23,1.84,1.81,1.86,1.8,68028763.0,124286756.0,-1.6304347826086918,-0.030000000000000027,0.004840451562662413,3.260869565217394,14054218314.0
2025-04-24,1.81,1.81,1.84,1.79,59424168.0,107565736.0,0.0,0.0,0.004228208689543771,2.7624309392265216,14054218314.0
2025-04-25,1.81,1.83,1.89,1.8,122606738.0,227060808.0,1.104972375690605,0.020000000000000018,0.00872383901122884,4.972375690607727,14054218314.0
2025-04-28,1.82,1.72,1.82,1.72,111292759.0,194588215.0,-6.0109289617486406,-0.1100000000000001,0.007918815298972308,5.464480874316944,14054218314.0
2025-04-29,1.71,1.73,1.74,1.71,43937569.0,75548248.0,0.5813953488372103,0.010000000000000009,0.00312629048577052,1.7441860465116297,14054218314.0
2025-04-30,1.73,1.73,1.77,1.72,62901196.0,109897120.0,0.0,0.0,0.004475609713372779,2.890173410404627,14054218314.0
2025-05-06,1.73,1.76,1.77,1.73,47368114.0,83143351.0,1.7341040462427681,0.030000000000000027,0.0033703841040248123,2.3121387283237014,14054218314.0
2025-05-07,1.8,1.78,1.87,1.77,88894785.0,160827500.0,1.1363636363636465,0.020000000000000018,0.006325131929354488,5.681818181818187,14054218314.0
2025-05-08,1.78,1.75,1.81,1.74,133992772.0,236615646.0,-1.6853932584269704,-0.030000000000000027,0.009533989653947823,3.9325842696629247,14054218314.0
2025-05-09,1.75,1.71,1.75,1.71,71926915.0,123922678.0,-2.285714285714291,-0.040000000000000036,0.005117816828585234,2.285714285714288,14054218314.0
2025-05-12,1.72,1.73,1.73,1.71,53879507.0,92714711.0,1.1695906432748648,0.020000000000000018,0.003833689344808907,1.1695906432748548,14054218314.0
2025-05-13,1.74,1.72,1.75,1.72,51972862.0,90051345.0,-0.5780346820809301,-0.010000000000000009,0.0036980258054073087,1.7341040462427761,14054218314.0
2025-05-14,1.72,1.75,1.76,1.71,78112272.0,135239865.0,1.744186046511631,0.030000000000000027,0.005557923625121795,2.9069767441860495,14054218314.0
2025-05-15,1.74,1.72,1.76,1.71,64847709.0,112102590.0,-1.7142857142857126,-0.030000000000000027,0.004614109981157932,2.85714285714286,14054218314.0
2025-05-16,1.72,1.71,1.73,1.7,52958490.0,90502895.0,-0.5813953488372103,-0.010000000000000009,0.003768156208819228,1.7441860465116297,14054218314.0
2025-05-19,1.71,1.75,1.76,1.7,100736330.0,175033225.0,2.3391812865497075,0.040000000000000036,0.007167693552878163,3.5087719298245648,14054218314.0
2025-05-20,1.75,1.73,1.75,1.72,53337882.0,92386557.0,-1.1428571428571455,-0.020000000000000018,0.0037951510933103894,1.7142857142857157,14054218314.0
2025-05-21,1.73,1.73,1.74,1.72,38957252.0,67364008.0,0.0,0.0,0.002771925917871436,1.1560693641618507,14054218314.0
2025-05-22,1.73,1.71,1.73,1.7,55544363.0,95164258.0,-1.1560693641618491,-0.020000000000000018,0.003952148867978656,1.7341040462427761,14054218314.0
2025-05-23,1.71,1.67,1.71,1.66,81865967.0,138274716.0,-2.3391812865497075,-0.040000000000000036,0.0058250103400236675,2.9239766081871372,14054218314.0
2025-05-26,1.66,1.66,1.69,1.66,37631112.0,62768216.0,-0.5988023952095856,-0.010000000000000009,0.002677567059173548,1.7964071856287442,14054218314.0
2025-05-27,1.67,1.68,1.68,1.66,36502735.0,60993339.0,1.2048192771084265,0.020000000000000018,0.0025972796340895093,1.204819277108435,14054218314.0
2025-05-28,1.67,1.66,1.69,1.66,26353861.0,43993106.0,-1.1904761904761862,-0.020000000000000018,0.0018751566548349265,1.7857142857142874,14054218314.0
2025-05-29,1.66,1.69,1.7,1.66,53582951.0,90282896.0,1.8072289156626509,0.030000000000000027,0.003812588491429919,2.40963855421687,14054218314.0
2025-05-30,1.69,1.67,1.69,1.67,39026283.0,65533054.0,-1.183431952662728,-0.020000000000000018,0.002776837681617929,1.1834319526627228,14054218314.0
2025-06-03,1.67,1.68,1.71,1.66,74648976.0,125798438.0,0.5988023952095745,0.010000000000000009,0.005311499674488406,2.994011976047907,14054218314.0
2025-06-04,1.69,1.72,1.78,1.67,123448744.0,212536386.0,2.3809523809523725,0.040000000000000036,0.008783750276386948,6.547619047619054,14054218314.0
2025-06-05,1.74,1.71,1.77,1.69,101158109.0,174794822.0,-0.5813953488372103,-0.010000000000000009,0.0071977044001964975,4.651162790697678,14054218314.0
2025-06-06,1.72,1.71,1.73,1.7,47247513.0,80882318.0,0.0,0.0,0.0033618029793186545,1.7543859649122824,14054218314.0
2025-06-09,1.7,1.7,1.72,1.69,80785509.0,137411140.0,-0.5847953216374324,-0.010000000000000009,0.00574813249624322,1.7543859649122824,14054218314.0
2025-06-10,1.7,1.68,1.71,1.66,71028611.0,119762222.0,-1.17647058823529,-0.020000000000000018,0.005053899791014731,2.941176470588238,14054218314.0
2025-06-11,1.68,1.69,1.71,1.68,72254527.0,122379128.0,0.5952380952380931,0.010000000000000009,0.005141127409983679,1.7857142857142874,14054218314.0
2025-06-12,1.69,1.67,1.69,1.66,81440208.0,136083330.0,-1.183431952662728,-0.020000000000000018,0.005794716303707476,1.7751479289940846,14054218314.0
2025-06-13,1.67,1.63,1.67,1.62,107089292.0,175338496.0,-2.395209580838331,-0.040000000000000036,0.00761972595041617,2.9940119760478936,14054218314.0
2025-06-16,1.63,1.66,1.67,1.63,84049463.0,138588660.0,1.8404907975460238,0.030000000000000027,0.005980372662652805,2.4539877300613524,14054218314.0
2025-06-17,1.65,1.65,1.66,1.64,45354479.0,74822279.0,-0.6024096385542133,-0.010000000000000009,0.0032271079035979177,1.204819277108435,14054218314.0
2025-06-18,1.64,1.63,1.65,1.62,56294103.0,91843353.0,-1.2121212121212088,-0.020000000000000018,0.004005495129097508,1.8181818181818064,14054218314.0
2025-06-19,1.62,1.6,1.63,1.59,64418177.0,103486226.0,-1.8404907975460016,-0.029999999999999805,0.004583547484517893,2.453987730061338,14054218314.0
2025-06-20,1.59,1.59,1.61,1.59,31985003.0,51146635.0,-0.6249999999999978,-0.010000000000000009,0.002275829383419951,1.250000000000001,14054218314.0
2025-06-23,1.58,1.6,1.61,1.57,40029995.0,63816289.0,0.6289308176100628,0.010000000000000009,0.0028482548161447322,2.5157232704402537,14054218314.0
2025-06-24,1.6,1.61,1.63,1.59,101742507.0,163726844.0,0.6250000000000089,0.010000000000000009,0.007239286079585799,2.4999999999999885,14054218314.0
2025-06-25,1.6,1.63,1.64,1.6,82624811.0,133852741.0,1.2422360248447006,0.019999999999999796,0.005879004378186864,2.4844720496894293,14054218314.0
2025-06-26,1.63,1.62,1.65,1.62,85502770.0,139727533.0,-0.6134969325153228,-0.009999999999999787,0.0060837798367503,1.8404907975460003,14054218314.0
2025-06-27,1.62,1.63,1.66,1.62,95286598.0,156227126.0,0.6172839506172645,0.009999999999999787,0.006779928692660267,2.469135802469124,14054218314.0
2025-06-30,1.63,1.63,1.64,1.62,57147590.0,93138014.0,0.0,0.0,0.004066223302015515,1.2269938650306624,14054218314.0
2025-07-01,1.64,1.62,1.64,1.6,61815926.0,100060950.0,-0.6134969325153228,-0.009999999999999787,0.00439838948128638,2.453987730061338,14054218314.0
2025-07-02,1.62,1.64,1.65,1.61,152327394.0,248255987.0,1.2345679012345512,0.019999999999999796,0.010838553279641333,2.469135802469124,14054218314.0
2025-07-03,1.64,1.64,1.67,1.63,92951363.0,153618328.0,0.0,0.0,0.006613769682758323,2.4390243902439046,14054218314.0
2025-07-04,1.64,1.64,1.66,1.63,91466429.0,150515781.0,0.0,0.0,0.0065081121522700715,1.8292682926829285,14054218314.0
2025-07-07,1.64,1.67,1.69,1.63,115677880.0,193030308.0,1.8292682926829285,0.030000000000000027,0.008230829877231121,3.658536585365857,14054218314.0
2025-07-08,1.67,1.71,1.71,1.66,99644151.0,168149563.0,2.39520958083832,0.040000000000000036,0.007089981724614328,2.994011976047907,14054218314.0
2025-07-09,1.71,1.72,1.73,1.69,114366400.0,195810240.0,0.5847953216374213,0.010000000000000009,0.008137514121726343,2.3391812865497097,14054218314.0
2025-07-10,1.73,1.89,1.89,1.73,324388367.0,602621199.0,9.883720930232553,0.16999999999999993,0.023081210192733598,9.302325581395344,14054218314.0
2025-07-11,2.08,2.08,2.08,2.08,68360130.0,142189070.0,10.052910052910068,0.19000000000000017,0.0048640293236304425,0.0,14054218314.0
2025-07-14,2.29,2.29,2.29,2.22,746169424.0,1703792884.0,10.096153846153854,0.20999999999999996,0.05309220387281939,3.3653846153846074,14054218314.0
2025-07-15,2.15,2.28,2.4,2.06,878548739.0,1888517510.0,-0.4366812227074357,-0.010000000000000231,0.06251139119739164,14.847161572052395,14054218314.0
2025-07-16,2.16,2.05,2.18,2.05,464922016.0,974475530.0,-10.087719298245613,-0.22999999999999998,0.03308060296294612,5.701754385964927,14054218314.0
2025-07-17,1.98,1.99,2.05,1.96,366959289.0,731175789.0,-2.9268292682926744,-0.05999999999999983,0.026110259624646387,4.390243902439018,14054218314.0
2025-07-18,2.01,1.96,2.01,1.94,260524872.0,510324702.0,-1.5075376884422176,-0.030000000000000027,0.01853713000462503,3.517587939698484,14054218314.0
2025-07-21,1.95,1.96,1.99,1.94,184643548.0,362533244.0,0.0,0.0,0.013137945054978175,2.551020408163268,14054218314.0
2025-07-22,1.96,1.96,1.97,1.92,206623406.0,402280783.0,0.0,0.0,0.014701878210769908,2.551020408163268,14054218314.0
2025-07-23,1.96,1.95,2.01,1.94,225300526.0,444165143.0,-0.5102040816326481,-0.010000000000000009,0.01603081160163626,3.5714285714285636,14054218314.0
2025-07-24,1.94,1.99,2.0,1.93,215087902.0,425506795.0,2.051282051282044,0.040000000000000036,0.015304152617704953,3.589743589743593,14054218314.0
2025-07-25,1.98,1.96,1.99,1.95,166596287.0,326993752.0,-1.5075376884422176,-0.030000000000000027,0.011853828030694983,2.010050251256283,14054218314.0
2025-07-28,1.96,1.98,1.99,1.93,162879412.0,319478452.0,1.0204081632652962,0.020000000000000018,0.011589361169788358,3.061224489795921,14054218314.0
2025-07-29,1.97,2.03,2.03,1.94,212183183.0,420054576.0,2.525252525252508,0.04999999999999982,0.01509747310447251,4.545454545454539,14054218314.0
2025-07-30,2.02,2.02,2.18,2.01,354219252.0,738221382.0,-0.49261083743841194,-0.009999999999999787,0.025203767586785473,8.37438423645322,14054218314.0
2025-07-31,1.98,1.93,1.99,1.91,244326960.0,475236277.0,-4.455445544554459,-0.09000000000000008,0.017384599736622534,3.960396039603964,14054218314.0
2025-08-01,1.92,1.88,1.93,1.88,140510896.0,266540181.0,-2.590673575129532,-0.050000000000000044,0.009997773825672764,2.5906735751295358,14054218314.0
2025-08-04,1.86,1.88,1.89,1.86,99163673.0,185532397.0,0.0,0.0,0.007055794266495695,1.5957446808510536,14054218314.0
2025-08-05,1.88,1.9,1.91,1.87,102848849.0,195062921.0,1.0638297872340496,0.020000000000000018,0.007318005647994519,2.1276595744680753,14054218314.0
2025-08-06,1.89,1.88,1.9,1.86,106564040.0,200204953.0,-1.0526315789473717,-0.020000000000000018,0.007582352687224665,2.105263157894727,14054218314.0
2025-08-07,1.88,1.89,1.9,1.86,97243319.0,182878032.0,0.5319148936170137,0.010000000000000009,0.006919155290417812,2.1276595744680753,14054218314.0
2025-08-08,1.88,1.89,1.9,1.88,69425925.0,131357841.0,0.0,0.0,0.004939863850758737,1.0582010582010593,14054218314.0
2025-08-11,1.9,1.9,1.92,1.89,93141467.0,177060357.0,0.5291005291005346,0.010000000000000009,0.0066272961554338355,1.587301587301589,14054218314.0
2025-08-12,1.89,1.9,1.92,1.88,107273980.0,203482950.0,0.0,0.0,0.007632867058364951,2.105263157894739,14054218314.0
2025-08-13,1.89,1.89,1.92,1.88,115733658.0,219055493.0,-0.5263157894736858,-0.010000000000000009,0.008234798650075958,2.105263157894739,14054218314.0
2025-08-14,1.89,1.86,1.95,1.86,168441297.0,320193940.0,-1.5873015873015817,-0.029999999999999805,0.011985106054045604,4.761904761904755,14054218314.0
2025-08-15,1.86,1.9,1.91,1.85,143365973.0,271404014.0,2.1505376344086002,0.039999999999999813,0.010200921160957568,3.225806451612894,14054218314.0
2025-08-18,1.91,1.89,1.92,1.88,133418068.0,253610230.0,-0.5263157894736858,-0.010000000000000009,0.00949309773188144,2.105263157894739,14054218314.0
2025-08-19,1.9,1.91,1.93,1.89,144007730.0,275341546.0,1.0582010582010692,0.020000000000000018,0.010246584106107688,2.1164021164021185,14054218314.0
2025-08-20,1.9,1.92,1.92,1.88,122573193.0,232907195.0,0.5235602094240788,0.010000000000000009,0.008721452183356201,2.094240837696337,14054218314.0
2025-08-21,1.92,1.94,1.96,1.91,154021551.0,298540582.0,1.041666666666674,0.020000000000000018,0.010959097657290027,2.604166666666669,14054218314.0
2025-08-22,1.93,1.94,1.94,1.9,122717853.0,236160644.0,0.0,0.0,0.0087317451784391,2.061855670103095,14054218314.0
2025-08-25,1.94,2.03,2.13,1.94,530611267.0,1089929732.0,4.639175257731942,0.08999999999999986,0.037754591194263415,9.793814432989688,14054218314.0
2025-08-26,2.01,1.99,2.04,1.98,211853824.0,424443038.0,-1.970443349753681,-0.039999999999999813,0.015074038218757671,2.955665024630545,14054218314.0
2025-08-27,1.98,1.91,2.0,1.91,204529365.0,399497050.0,-4.02010050251257,-0.08000000000000007,0.014552880881056164,4.522613065326637,14054218314.0
2025-08-28,1.91,1.91,1.94,1.87,170449975.0,324376881.0,0.0,0.0,0.01212802954897944,3.6649214659685785,14054218314.0
2025-08-29,1.92,1.88,1.94,1.87,171253031.0,325021117.0,-1.5706806282722474,-0.030000000000000027,0.012185169404221338,3.6649214659685785,14054218314.0
2025-09-01,1.88,1.86,1.88,1.85,183777376.0,342804798.0,-1.0638297872340274,-0.019999999999999796,0.013076314306070768,1.5957446808510536,14054218314.0
2025-09-02,1.86,1.85,1.88,1.83,164620926.0,304811819.0,-0.5376344086021501,-0.010000000000000009,0.011713275140746472,2.688172043010743,14054218314.0
2025-09-03,1.85,1.82,1.86,1.8,131405005.0,239467280.0,-1.6216216216216273,-0.030000000000000027,0.00934986223097886,3.243243243243246,14054218314.0
2025-09-04,1.81,1.82,1.85,1.8,118147089.0,215165226.0,0.0,0.0,0.008406521541102625,2.7472527472527495,14054218314.0
2025-09-05,1.81,1.84,1.84,1.79,111348600.0,201806369.0,1.098901098901095,0.020000000000000018,0.00792278855445706,2.7472527472527495,14054218314.0
2025-09-08,1.84,1.84,1.88,1.83,200220546.0,369836011.0,0.0,0.0,0.014246295420112541,2.7173913043478164,14054218314.0
2025-09-09,1.84,1.86,1.88,1.82,181460957.0,337273384.0,1.0869565217391353,0.020000000000000018,0.012911494111290351,3.2608695652173822,14054218314.0
2025-09-10,1.85,1.86,1.88,1.84,127683886.0,236992156.0,0.0,0.0,0.00908509339667854,2.150537634408592,14054218314.0
2025-09-11,1.85,1.88,1.9,1.82,196408893.0,365837207.0,1.0752688172043001,0.019999999999999796,0.013975084818794142,4.301075268817196,14054218314.0
2025-09-12,1.87,1.96,1.99,1.87,337239886.0,654393548.0,4.255319148936176,0.08000000000000007,0.023995634510961105,6.382978723404249,14054218314.0
2025-09-15,1.94,2.0,2.03,1.92,270950124.0,535004924.0,2.0408163265306145,0.040000000000000036,0.019278918111731276,5.612244897959178,14054218314.0
2025-09-16,2.0,2.05,2.06,1.99,274381797.0,556757002.0,2.499999999999991,0.04999999999999982,0.019523091990585967,3.500000000000003,14054218314.0
2025-09-17,2.04,2.04,2.06,1.98,247129494.0,500486131.0,-0.4878048780487698,-0.009999999999999787,0.01758400847906453,3.9024390243902474,14054218314.0
2025-09-18,2.05,1.98,2.07,1.96,269463270.0,544071426.0,-2.941176470588236,-0.06000000000000005,0.019173123967455113,5.392156862745092,14054218314.0
2025-09-19,1.99,1.95,2.0,1.88,267136001.0,513895559.0,-1.5151515151515138,-0.030000000000000027,0.01900753176246697,6.060606060606066,14054218314.0
2025-09-22,1.93,1.93,1.94,1.88,151123937.0,289513410.0,-1.025641025641022,-0.020000000000000018,0.010752923686225869,3.0769230769230798,14054218314.0
2025-09-23,1.92,1.83,1.92,1.81,237308145.0,436696361.0,-5.181347150259064,-0.09999999999999987,0.016885189890896126,5.699481865284968,14054218314.0
2025-09-24,1.82,1.84,1.87,1.81,140062756.0,258147513.0,0.5464480874316946,0.010000000000000009,0.009965887313738223,3.2786885245901667,14054218314.0
2025-09-25,1.84,1.81,1.84,1.8,119850757.0,217758002.0,-1.6304347826086918,-0.030000000000000027,0.008527742655072577,2.1739130434782625,14054218314.0
2025-09-26,1.8,1.81,1.85,1.79,127740971.0,232004821.0,0.0,0.0,0.009089155166513376,3.314917127071826,14054218314.0
2025-09-29,1.8,1.83,1.85,1.77,128759476.0,232420788.0,1.104972375690605,0.020000000000000018,0.009161624867584222,4.419889502762435,14054218314.0
2025-09-30,1.83,1.84,1.86,1.81,121144407.0,222787489.0,0.5464480874316946,0.010000000000000009,0.008619789752328164,2.732240437158472,14054218314.0
2025-10-09,1.85,1.86,1.86,1.79,141807948.0,259051038.0,1.0869565217391353,0.020000000000000018,0.010090062985483804,3.8043478260869596,14054218314.0
2025-10-10,1.84,1.86,1.89,1.83,127663868.0,237855407.0,0.0,0.0,0.009083669055633542,3.225806451612894,14054218314.0
2025-10-13,1.82,1.84,1.84,1.8,110530995.0,200943967.0,-1.0752688172043001,-0.020000000000000018,0.007864613494006665,2.1505376344086042,14054218314.0
2025-10-14,1.84,1.82,1.88,1.81,184639596.0,340995340.0,-1.0869565217391353,-0.020000000000000018,0.013137663858264726,3.8043478260869477,14054218314.0
2025-10-15,1.82,1.82,1.85,1.8,100327930.0,182466219.0,0.0,0.0,0.007138634661741316,2.7472527472527495,14054218314.0
2025-10-16,1.82,1.79,1.82,1.78,121857377.0,219167445.0,-1.6483516483516536,-0.030000000000000027,0.008670519717102497,2.1978021978021998,14054218314.0
2025-10-17,1.79,1.76,1.81,1.75,114138263.0,203561498.0,-1.6759776536312887,-0.030000000000000027,0.008121281486448952,3.3519553072625725,14054218314.0
2025-10-20,1.76,1.76,1.79,1.75,87178242.0,154098803.0,0.0,0.0,0.006202994720322373,2.2727272727272747,14054218314.0
2025-10-21,1.76,1.81,1.82,1.75,164336577.0,295017444.0,2.840909090909083,0.050000000000000044,0.011693042852215936,3.9772727272727306,14054218314.0
2025-10-22,1.8,1.86,1.88,1.8,203866377.0,377823316.0,2.7624309392265234,0.050000000000000044,0.014505707286254412,4.419889502762422,14054218314.0
2025-10-23,1.86,1.83,1.87,1.79,154543443.0,281150195.0,-1.6129032258064502,-0.030000000000000027,0.01099623184635269,4.3010752688172085,14054218314.0
2025-10-24,1.82,1.79,1.85,1.78,136175049.0,245288668.0,-2.1857923497267784,-0.040000000000000036,0.00968926524105224,3.8251366120218613,14054218314.0
2025-10-27,1.79,1.78,1.8,1.77,78100346.0,139446625.0,-0.5586592178770999,-0.010000000000000009,0.005557075054270428,1.6759776536312863,14054218314.0
2025-10-28,1.78,1.78,1.79,1.77,70352900.0,125241361.0,0.0,0.0,0.005005820916409026,1.1235955056179785,14054218314.0
2025-10-29,1.78,1.8,1.8,1.76,92828208.0,165474024.0,1.1235955056179803,0.020000000000000018,0.006605006833253039,2.247191011235957,14054218314.0
2025-10-30,1.8,1.76,1.8,1.76,87600306.0,155502701.0,-2.2222222222222254,-0.040000000000000036,0.006233025846249851,2.222222222222224,14054218314.0
2025-10-31,1.75,1.77,1.78,1.75,71224810.0,125980518.0,0.5681818181818121,0.010000000000000009,0.005067859941313845,1.7045454545454561,14054218314.0
2025-11-03,1.77,1.78,1.79,1.76,68928330.0,122419409.0,0.5649717514124353,0.010000000000000009,0.0049044584664902765,1.6949152542372896,14054218314.0
2025-11-04,1.78,1.79,1.8,1.76,100127646.0,178240564.0,0.561797752808979,0.010000000000000009,0.0071243838513778196,2.247191011235957,14054218314.0
2025-11-05,1.77,1.8,1.81,1.77,106284696.0,190784960.0,0.5586592178770999,0.010000000000000009,0.007562476519531885,2.2346368715083815,14054218314.0
2025-11-06,1.8,1.78,1.81,1.78,69933205.0,124722813.0,-1.1111111111111072,-0.020000000000000018,0.004975958351972986,1.666666666666668,14054218314.0
2025-11-07,1.78,1.78,1.79,1.77,55453604.0,98681090.0,0.0,0.0,0.003945691091532307,1.1235955056179785,14054218314.0
2025-11-10,1.78,1.82,1.82,1.77,133249285.0,239970473.0,2.2471910112359605,0.040000000000000036,0.009481088312628868,2.8089887640449462,14054218314.0
2025-11-11,1.82,1.84,1.85,1.81,137311290.0,251693605.0,1.098901098901095,0.020000000000000018,0.009770112213442596,2.1978021978021998,14054218314.0
2025-11-12,1.84,1.82,1.85,1.81,87269720.0,159289965.0,-1.0869565217391353,-0.020000000000000018,0.006209503655786174,2.1739130434782625,14054218314.0
2025-11-13,1.81,1.85,1.86,1.79,142705626.0,262043901.0,1.6483516483516425,0.030000000000000027,0.010153935481267208,3.8461538461538494,14054218314.0
2025-11-14,1.85,1.89,1.92,1.84,184792406.0,350277950.0,2.1621621621621623,0.039999999999999813,0.0131485367504161,4.324324324324317,14054218314.0
2025-11-17,1.89,1.9,1.92,1.88,161393264.0,307104086.0,0.5291005291005346,0.010000000000000009,0.011483617259540458,2.1164021164021185,14054218314.0
2025-11-18,1.89,1.83,1.9,1.8,168507356.0,309303180.0,-3.6842105263157787,-0.06999999999999984,0.011989806351032892,5.263157894736835,14054218314.0
2025-11-19,1.82,1.79,1.84,1.78,108283946.0,194857121.0,-2.1857923497267784,-0.040000000000000036,0.007704729183844667,3.2786885245901667,14054218314.0
2025-11-20,1.8,1.81,1.85,1.77,152445755.0,275302225.0,1.1173184357541999,0.020000000000000018,0.010846975021594929,4.469273743016763,14054218314.0
2025-11-21,1.79,1.75,1.82,1.75,143866713.0,255786548.0,-3.314917127071826,-0.06000000000000005,0.010236550321456747,3.8674033149171305,14054218314.0
2025-11-24,1.76,1.76,1.78,1.75,81917742.0,144375401.0,0.5714285714285783,0.010000000000000009,0.005828694287351313,1.7142857142857157,14054218314.0
2025-11-25,1.77,1.76,1.78,1.75,93005102.0,164084295.0,0.0,0.0,0.006617593374606519,1.7045454545454561,14054218314.0
2025-11-26,1.76,1.74,1.78,1.73,102575560.0,180104354.0,-1.1363636363636354,-0.020000000000000018,0.007298560311804759,2.8409090909090935,14054218314.0
2025-11-27,1.73,1.71,1.74,1.67,109871834.0,187435865.0,-1.7241379310344862,-0.030000000000000027,0.007817712201791545,4.02298850574713,14054218314.0
2025-11-28,1.7,1.73,1.73,1.67,99299244.0,168283078.0,1.1695906432748648,0.020000000000000018,0.007065440551829469,3.5087719298245648,14054218314.0
2025-12-01,1.72,1.72,1.73,1.7,68114189.0,116614484.0,-0.5780346820809301,-0.010000000000000009,0.004846529880082237,1.7341040462427761,14054218314.0
2025-12-02,1.71,1.71,1.73,1.69,66512674.0,113824885.0,-0.5813953488372103,-0.010000000000000009,0.004732577260006266,2.325581395348839,14054218314.0
2025-12-03,1.72,1.7,1.72,1.69,65214559.0,111003167.0,-0.5847953216374324,-0.010000000000000009,0.0046402124645407725,1.7543859649122824,14054218314.0
2025-12-04,1.7,1.68,1.71,1.68,62531590.0,105603694.0,-1.17647058823529,-0.020000000000000018,0.004449311132281875,1.764705882352943,14054218314.0
2025-12-05,1.68,1.7,1.7,1.66,78163319.0,131191624.0,1.1904761904761862,0.020000000000000018,0.005561555773054857,2.380952380952383,14054218314.0
2025-12-08,1.7,1.7,1.72,1.69,61766440.0,105087441.0,0.0,0.0,0.004394868403209009,1.764705882352943,14054218314.0
2025-12-09,1.69,1.67,1.7,1.66,73299677.0,122503991.0,-1.764705882352946,-0.030000000000000027,0.005215492983126859,2.35294117647059,14054218314.0
2025-12-10,1.66,1.73,1.78,1.65,193586846.0,332556672.0,3.592814371257491,0.06000000000000005,0.01377428766757949,7.7844311377245585,14054218314.0
2025-12-11,1.71,1.66,1.72,1.66,115782860.0,194697044.0,-4.046242774566478,-0.07000000000000006,0.0082382995206972,3.4682080924855523,14054218314.0
2025-12-12,1.67,1.66,1.69,1.66,63397504.0,106158261.0,0.0,0.0,0.00451092352371153,1.8072289156626522,14054218314.0
2025-12-15,1.65,1.65,1.67,1.64,60312841.0,99842740.0,-0.6024096385542133,-0.010000000000000009,0.00429144045243127,1.8072289156626522,14054218314.0
2025-12-16,1.65,1.64,1.66,1.62,89239699.0,146343899.0,-0.60606060606061,-0.010000000000000009,0.006349673600210448,2.424242424242413,14054218314.0
2025-12-17,1.64,1.65,1.65,1.61,69918131.0,114012106.0,0.6097560975609762,0.010000000000000009,0.004974885791431858,2.4390243902438913,14054218314.0
2025-12-18,1.64,1.64,1.66,1.63,49245812.0,81031973.0,-0.60606060606061,-0.010000000000000009,0.0035039879771146124,1.81818181818182,14054218314.0
2025-12-19,1.64,1.66,1.68,1.63,88933258.0,147678953.0,1.2195121951219523,0.020000000000000018,0.006327869399282764,3.048780487804881,14054218314.0
2025-12-22,1.66,1.67,1.68,1.65,58368947.0,97373992.0,0.6024096385542244,0.010000000000000009,0.004153126534391189,1.8072289156626522,14054218314.0
2025-12-23,1.67,1.65,1.67,1.64,60026930.0,99178827.0,-1.19760479041916,-0.020000000000000018,0.0042710970228920266,1.7964071856287442,14054218314.0
2025-12-24,1.65,1.66,1.67,1.64,49360520.0,81709062.0,0.60606060606061,0.010000000000000009,0.0035121497971061046,1.81818181818182,14054218314.0
2025-12-25,1.66,1.67,1.68,1.65,52411085.0,87338392.0,0.6024096385542244,0.010000000000000009,0.0037292066928966876,1.8072289156626522,14054218314.0
2025-12-26,1.67,1.66,1.69,1.66,57433893.0,96101829.0,-0.5988023952095856,-0.010000000000000009,0.004086594623536457,1.7964071856287442,14054218314.0
2025-12-29,1.66,1.65,1.68,1.65,65431757.0,108721763.0,-0.6024096385542133,-0.010000000000000009,0.004655666756992145,1.8072289156626522,14054218314.0
2025-12-30,1.65,1.64,1.66,1.64,54958497.0,90573492.0,-0.60606060606061,-0.010000000000000009,0.0039104627359640145,1.2121212121212133,14054218314.0
2025-12-31,1.64,1.66,1.7,1.62,121185596.0,201184625.0,1.2195121951219523,0.020000000000000018,0.008622720473843921,4.878048780487796,14054218314.0
2026-01-05,1.66,1.68,1.69,1.66,90104389.0,150854017.0,1.2048192771084265,0.020000000000000018,0.006411198900350311,1.8072289156626522,14054218314.0
2026-01-06,1.67,1.7,1.71,1.67,99107976.0,168023480.0,1.1904761904761862,0.020000000000000018,0.007051831257045037,2.380952380952383,14054218314.0
2026-01-07,1.7,1.69,1.72,1.68,79328526.0,134729807.0,-0.588235294117645,-0.010000000000000009,0.005644463763664288,2.35294117647059,14054218314.0
2026-01-08,1.68,1.7,1.73,1.67,115493589.0,196334197.0,0.591715976331364,0.010000000000000009,0.008217717017029112,3.550295857988169,14054218314.0
2026-01-09,1.7,1.71,1.72,1.68,96234699.0,163636674.0,0.588235294117645,0.010000000000000009,0.006847388936895662,2.35294117647059,14054218314.0
2026-01-12,1.68,1.7,1.7,1.68,106627300.0,180035413.0,-0.5847953216374324,-0.010000000000000009,0.007586853826924265,1.1695906432748548,14054218314.0
2026-01-13,1.7,1.68,1.71,1.67,126605441.0,213871135.0,-1.17647058823529,-0.020000000000000018,0.009008358783916355,2.35294117647059,14054218314.0
2026-01-14,1.68,1.66,1.7,1.65,135906990.0,227711536.0,-1.1904761904761862,-0.020000000000000018,0.009670192035128507,2.976190476190479,14054218314.0
2026-01-15,1.65,1.65,1.67,1.63,131532256.0,217079958.0,-0.6024096385542133,-0.010000000000000009,0.009358916523231689,2.40963855421687,14054218314.0
2026-01-16,1.66,1.62,1.66,1.62,89070493.0,145611509.0,-1.8181818181818077,-0.029999999999999805,0.006337634083232728,2.424242424242413,14054218314.0
2026-01-19,1.61,1.63,1.64,1.6,63258482.0,102644585.0,0.6172839506172645,0.009999999999999787,0.0045010316893245896,2.469135802469124,14054218314.0
2026-01-20,1.62,1.65,1.66,1.62,118576223.0,195032516.0,1.2269938650306678,0.020000000000000018,0.008437055718842876,2.453987730061338,14054218314.0
2026-01-21,1.65,1.66,1.67,1.63,116359151.0,192410637.0,0.60606060606061,0.010000000000000009,0.008279304362597651,2.4242424242424265,14054218314.0
2026-01-22,1.66,1.67,1.68,1.64,103009323.0,171487394.0,0.6024096385542244,0.010000000000000009,0.007329423856849304,2.40963855421687,14054218314.0
2026-01-23,1.67,1.7,1.7,1.66,117620330.0,198106487.0,1.7964071856287456,0.030000000000000027,0.008369041050318212,2.3952095808383254,14054218314.0
2026-01-26,1.7,1.66,1.7,1.65,108664591.0,181213913.0,-2.352941176470591,-0.040000000000000036,0.007731813223063044,2.941176470588238,14054218314.0
2026-01-27,1.66,1.63,1.67,1.62,98003578.0,160325412.0,-1.8072289156626509,-0.030000000000000027,0.0069732500100965775,3.012048192771074,14054218314.0
2026-01-28,1.64,1.65,1.66,1.63,106823351.0,175937776.0,1.2269938650306678,0.020000000000000018,0.007600803446577228,1.840490797546014,14054218314.0
2026-01-29,1.65,1.72,1.74,1.64,262775154.0,446742856.0,4.2424242424242475,0.07000000000000006,0.018697244352483024,6.060606060606066,14054218314.0
2026-01-30,1.71,1.64,1.72,1.64,157180669.0,260940180.0,-4.651162790697683,-0.08000000000000007,0.011183878426267628,4.651162790697678,14054218314.0
2026-02-02,1.63,1.6,1.65,1.59,152448320.0,246760506.0,-2.4390243902438935,-0.039999999999999813,0.010847157529077216,3.6585365853658436,14054218314.0
2026-02-03,1.62,1.62,1.64,1.6,90617014.0,146867103.0,1.2499999999999956,0.020000000000000018,0.00644767371442726,2.4999999999999885,14054218314.0
2026-02-04,1.61,1.68,1.69,1.61,192546498.0,318737726.0,3.703703703703698,0.05999999999999983,0.013700263771212114,4.938271604938262,14054218314.0
2026-02-05,1.66,1.69,1.7,1.66,136833123.0,230147126.0,0.5952380952380931,0.010000000000000009,0.009736089189940556,2.380952380952383,14054218314.0
2026-02-06,1.68,1.66,1.69,1.65,98130855.0,163995055.0,-1.7751479289940808,-0.030000000000000027,0.006982306152327783,2.3668639053254457,14054218314.0
2026-02-09,1.68,1.71,1.74,1.67,160676098.0,274775920.0,3.0120481927710774,0.050000000000000044,0.011432588736717129,4.216867469879522,14054218314.0
2026-02-10,1.71,1.69,1.71,1.68,91784823.0,155313472.0,-1.1695906432748537,-0.020000000000000018,0.006530766845180515,1.7543859649122824,14054218314.0
2026-02-11,1.69,1.69,1.7,1.67,84853975.0,143132180.0,0.0,0.0,0.006037616116683869,1.7751479289940846,14054218314.0
2026-02-12,1.69,1.67,1.7,1.66,100039276.0,167715609.0,-1.183431952662728,-0.020000000000000018,0.007118096059483199,2.3668639053254457,14054218314.0
2026-02-13,1.66,1.64,1.68,1.63,89411466.0,147559660.0,-1.7964071856287456,-0.030000000000000027,0.006361895340058398,2.994011976047907,14054218314.0
2026-02-24,1.65,1.66,1.67,1.64,78868556.0,130629142.0,1.2195121951219523,0.020000000000000018,0.0056117355115677765,1.8292682926829285,14054218314.0
2026-02-25,1.66,1.72,1.75,1.65,220537919.0,378572562.0,3.6144578313253017,0.06000000000000005,0.015691937756531993,6.024096385542174,14054218314.0
2026-02-26,1.73,1.68,1.74,1.67,126985930.0,215207044.0,-2.3255813953488413,-0.040000000000000036,0.009035431723264464,4.069767441860469,14054218314.0
2026-02-27,1.68,1.7,1.7,1.66,87249882.0,147083125.0,1.1904761904761862,0.020000000000000018,0.006208092122283793,2.380952380952383,14054218314.0
2026-03-02,1.68,1.67,1.7,1.65,115464129.0,192972032.0,-1.764705882352946,-0.030000000000000027,0.008215620849220857,2.941176470588238,14054218314.0
2026-03-03,1.67,1.62,1.68,1.61,127017004.0,208429474.0,-2.9940119760478945,-0.04999999999999982,0.00903764273203818,4.191616766467057,14054218314.0
2026-03-04,1.61,1.61,1.63,1.59,93355359.0,150107177.0,-0.6172839506172867,-0.010000000000000009,0.0066425152160191495,2.469135802469124,14054218314.0
2026-03-05,1.62,1.62,1.63,1.61,68092702.0,110256195.0,0.6211180124223503,0.010000000000000009,0.004845001015258884,1.2422360248447077,14054218314.0
2026-03-06,1.62,1.64,1.65,1.61,78685958.0,128250035.0,1.2345679012345512,0.019999999999999796,0.005598743113419378,2.469135802469124,14054218314.0
2026-03-09,1.62,1.63,1.64,1.6,81084009.0,131206285.0,-0.6097560975609762,-0.010000000000000009,0.005769371671082468,2.4390243902438913,14054218314.0
2026-03-10,1.64,1.63,1.65,1.62,65067803.0,106300189.0,0.0,0.0,0.004629770332739404,1.8404907975460003,14054218314.0
2026-03-11,1.63,1.65,1.65,1.62,75206512.0,122896897.0,1.2269938650306678,0.020000000000000018,0.00535117004160122,1.8404907975460003,14054218314.0
2026-03-12,1.64,1.65,1.67,1.63,103643308.0,170979187.0,0.0,0.0,0.007374533800770444,2.4242424242424265,14054218314.0
2026-03-13,1.65,1.64,1.68,1.64,120827019.0,200514108.0,-0.60606060606061,-0.010000000000000009,0.008597206639350345,2.4242424242424265,14054218314.0
2026-03-16,1.65,1.65,1.67,1.63,97937324.0,161494373.0,0.6097560975609762,0.010000000000000009,0.006968535838271454,2.4390243902439046,14054218314.0
2026-03-17,1.65,1.66,1.7,1.64,135252455.0,226834203.0,0.60606060606061,0.010000000000000009,0.009623619896758636,3.63636363636364,14054218314.0
2026-03-18,1.66,1.63,1.67,1.62,124516218.0,203966067.0,-1.8072289156626509,-0.030000000000000027,0.008859704269426649,3.012048192771074,14054218314.0
2026-03-19,1.62,1.6,1.63,1.59,96283066.0,154697999.0,-1.8404907975460016,-0.029999999999999805,0.0068508303947497655,2.453987730061338,14054218314.0
2026-03-20,1.6,1.6,1.62,1.56,143514318.0,228596152.0,0.0,0.0,0.010211476354899036,3.7500000000000036,14054218314.0
2026-03-23,1.58,1.51,1.59,1.48,134802900.0,207525511.0,-5.625000000000002,-0.09000000000000008,0.009591632703308525,6.875000000000006,14054218314.0
2026-03-24,1.53,1.54,1.54,1.5,66091797.0,100527602.0,1.9867549668874274,0.030000000000000027,0.004702630592707043,2.6490066225165587,14054218314.0
2026-03-25,1.54,1.55,1.57,1.53,54317647.0,84279143.0,0.6493506493506551,0.010000000000000009,0.003864864326598079,2.5974025974025996,14054218314.0
2026-03-26,1.55,1.51,1.56,1.51,68487212.0,105020326.0,-2.580645161290329,-0.040000000000000036,0.004873071591023814,3.2258064516129057,14054218314.0
2026-03-27,1.5,1.52,1.53,1.5,53167356.0,80772472.0,0.6622516556291425,0.010000000000000009,0.00378301765435348,1.986754966887419,14054218314.0
2026-03-30,1.51,1.52,1.53,1.49,70782487.0,106999953.0,0.0,0.0,0.0050363873264648645,2.6315789473684235,14054218314.0
2026-03-31,1.53,1.52,1.56,1.51,69346996.0,106479542.0,0.0,0.0,0.004934247814474358,3.2894736842105288,14054218314.0
2026-04-01,1.54,1.52,1.54,1.51,56207587.0,85764545.0,0.0,0.0,0.003999339254891839,1.9736842105263175,14054218314.0
2026-04-02,1.52,1.5,1.53,1.48,69963472.0,104778089.0,-1.3157894736842146,-0.020000000000000018,0.004978111940263973,3.2894736842105288,14054218314.0
2026-04-03,1.5,1.47,1.5,1.46,56332428.0,83006570.0,-2.0000000000000018,-0.030000000000000027,0.004008222068379633,2.6666666666666687,14054218314.0
2026-04-07,1.46,1.46,1.47,1.44,56901560.0,82995450.0,-0.6802721088435382,-0.010000000000000009,0.004048717525849016,2.040816326530614,14054218314.0
2026-04-08,1.48,1.5,1.5,1.47,84002964.0,125099474.0,2.7397260273972712,0.040000000000000036,0.005977064118629857,2.054794520547947,14054218314.0
2026-04-09,1.49,1.46,1.49,1.45,75724627.0,111175011.0,-2.6666666666666727,-0.040000000000000036,0.005388035485727975,2.6666666666666687,14054218314.0
2026-04-10,1.46,1.48,1.49,1.46,71945385.0,106355851.0,1.3698630136986356,0.020000000000000018,0.00511913102476373,2.054794520547947,14054218314.0
2026-04-13,1.47,1.48,1.5,1.46,69045469.0,102406300.0,0.0,0.0,0.004912793259460107,2.7027027027027053,14054218314.0
2026-04-14,1.49,1.54,1.55,1.48,169785343.0,257022556.0,4.054054054054057,0.06000000000000005,0.012080738978621788,4.729729729729734,14054218314.0
2026-04-15,1.53,1.5,1.56,1.49,115270878.0,175191093.0,-2.5974025974025983,-0.040000000000000036,0.008201870458008598,4.545454545454549,14054218314.0
2026-04-16,1.5,1.49,1.51,1.47,93789655.0,139467579.0,-0.666666666666671,-0.010000000000000009,0.006673416685620442,2.6666666666666687,14054218314.0
2026-04-17,1.48,1.48,1.5,1.47,77263408.0,114594809.0,-0.6711409395973145,-0.010000000000000009,0.005497524392589993,2.0134228187919483,14054218314.0
2026-04-20,1.48,1.47,1.49,1.46,64652337.0,94974692.0,-0.6756756756756799,-0.010000000000000009,0.00460020867440184,2.027027027027029,14054218314.0
2026-04-21,1.46,1.46,1.48,1.45,64768336.0,94761453.0,-0.6802721088435382,-0.010000000000000009,0.004608462352935099,2.040816326530614,14054218314.0
2026-04-22,1.42,1.39,1.42,1.38,136379657.0,190820267.0,-4.794520547945213,-0.07000000000000006,0.009703823717050593,2.739726027397263,14054218314.0
2026-04-23,1.38,1.35,1.39,1.34,106907398.0,145085442.0,-2.877697841726601,-0.039999999999999813,0.007606783643990006,3.597122302158261,14054218314.0
2026-04-24,1.34,1.34,1.36,1.33,74725694.0,100301425.0,-0.7407407407407418,-0.010000000000000009,0.005316958391457644,2.222222222222224,14054218314.0
2026-04-27,1.34,1.32,1.34,1.27,168524713.0,218474537.0,-1.4925373134328401,-0.020000000000000018,0.011991041353906209,5.22388059701493,14054218314.0
2026-04-28,1.3,1.34,1.34,1.3,103532624.0,137302402.0,1.5151515151515138,0.020000000000000018,0.007366658300509448,3.030303030303033,14054218314.0
2026-04-29,1.42,1.47,1.47,1.42,117548271.0,171874155.0,9.701492537313428,0.1299999999999999,0.008363913835243701,3.7313432835820928,14054218314.0
2026-04-30,1.47,1.57,1.62,1.44,398549681.0,617310180.0,6.802721088435382,0.10000000000000009,0.02835801124584694,12.244897959183684,14054218314.0
2026-05-06,1.54,1.59,1.61,1.54,264355820.0,417591505.0,1.273885350318471,0.020000000000000018,0.01880971350335892,4.458598726114653,14054218314.0
2026-05-07,1.59,1.52,1.59,1.51,189574828.0,291382221.0,-4.402515723270439,-0.07000000000000006,0.013488820492503415,5.031446540880507,14054218314.0
2026-05-08,1.52,1.57,1.62,1.51,200176109.0,315029978.0,3.289473684210531,0.050000000000000044,0.014243133593605567,7.236842105263164,14054218314.0
2026-05-11,1.55,1.64,1.71,1.55,269469548.0,441997243.0,4.458598726114649,0.06999999999999984,0.019173570666080376,10.191082802547765,14054218314.0
2026-05-12,1.64,1.62,1.7,1.59,182240755.0,296459856.0,-1.2195121951219412,-0.019999999999999796,0.012966979089720151,6.707317073170725,14054218314.0
2026-05-13,1.61,1.6,1.63,1.57,155380294.0,247081066.0,-1.2345679012345734,-0.020000000000000018,0.01105577631772086,3.703703703703693,14054218314.0
2026-05-14,1.59,1.54,1.61,1.53,146298512.0,228687042.0,-3.749999999999998,-0.06000000000000005,0.010409580151054426,5.000000000000004,14054218314.0
2026-05-15,1.53,1.5,1.54,1.48,133352581.0,201016255.0,-2.5974025974025983,-0.040000000000000036,0.009488438134418466,3.8961038961038996,14054218314.0
2026-05-18,1.49,1.47,1.5,1.45,97527027.0,143259074.0,-2.0000000000000018,-0.030000000000000027,0.00693934196986603,3.333333333333336,14054218314.0
2026-05-19,1.46,1.5,1.5,1.46,93027543.0,137998420.0,2.0408163265306145,0.030000000000000027,0.00661919011940574,2.721088435374152,14054218314.0
2026-05-20,1.49,1.46,1.5,1.44,84693146.0,123397183.0,-2.6666666666666727,-0.040000000000000036,0.006026172648508923,4.0000000000000036,14054218314.0
2026-05-21,1.46,1.4,1.47,1.39,121307436.0,173623606.0,-4.109589041095896,-0.06000000000000005,0.00863138975713509,5.479452054794526,14054218314.0
2026-05-22,1.4,1.41,1.42,1.38,84037051.0,117542062.0,0.7142857142857117,0.010000000000000009,0.005979489511436374,2.85714285714286,14054218314.0
2026-05-25,1.4,1.45,1.45,1.39,103345883.0,146950957.0,2.8368794326241176,0.040000000000000036,0.007353371115421823,4.255319148936175,14054218314.0
2026-05-26,1.45,1.41,1.45,1.39,94782846.0,133902366.0,-2.758620689655178,-0.040000000000000036,0.0067440852192813035,4.1379310344827624,14054218314.0
2026-05-27,1.41,1.39,1.42,1.36,87778343.0,121882466.0,-1.4184397163120588,-0.020000000000000018,0.006245693715498947,4.255319148936159,14054218314.0
2026-05-28,1.39,1.4,1.42,1.37,92522719.0,129402530.0,0.7194244604316502,0.010000000000000009,0.006583270369995193,3.597122302158261,14054218314.0
2026-05-29,1.41,1.47,1.54,1.4,310405117.0,468126473.0,5.000000000000004,0.07000000000000006,0.022086259802211294,10.000000000000009,14054218314.0
2026-06-01,1.45,1.5,1.52,1.44,238467701.0,355307568.0,2.0408163265306145,0.030000000000000027,0.01696769579582041,5.442176870748304,14054218314.0
2026-06-02,1.5,1.48,1.54,1.46,144987632.0,215777380.0,-1.3333333333333308,-0.020000000000000018,0.010316307087358369,5.3333333333333375,14054218314.0
2026-06-03,1.46,1.42,1.47,1.4,162791808.0,231508476.0,-4.054054054054057,-0.06000000000000005,0.011583127881102872,4.729729729729734,14054218314.0
2026-06-04,1.41,1.4,1.48,1.39,176986650.0,253272147.0,-1.4084507042253502,-0.020000000000000018,0.012593133680277055,6.33802816901409,14054218314.0
2026-06-05,1.39,1.41,1.45,1.39,158023982.0,224719179.0,0.7142857142857117,0.010000000000000009,0.011243882688415736,4.28571428571429,14054218314.0
2026-06-08,1.38,1.39,1.43,1.36,148609986.0,207373757.0,-1.4184397163120588,-0.020000000000000018,0.01057404849417796,4.9645390070921875,14054218314.0
2026-06-09,1.38,1.38,1.39,1.33,139905080.0,190163192.0,-0.7194244604316502,-0.010000000000000009,0.009954668191018113,4.316546762589916,14054218314.0
2026-06-10,1.37,1.37,1.37,1.34,95863772.0,129909171.0,-0.7246376811594013,-0.009999999999999787,0.0068209963626725545,2.173913043478263,14054218314.0
2026-06-11,1.36,1.36,1.38,1.34,102851239.0,139986760.0,-0.7299270072992692,-0.010000000000000009,0.007318175703699262,2.9197080291970665,14054218314.0
2026-06-12,1.37,1.38,1.4,1.35,107745237.0,148326366.0,1.4705882352941124,0.019999999999999796,0.00766639841453654,3.676470588235281,14054218314.0
2026-06-15,1.39,1.37,1.41,1.36,100395771.0,138967016.0,-0.7246376811594013,-0.009999999999999787,0.00714346175340051,3.623188405797089,14054218314.0
2026-06-16,1.37,1.36,1.38,1.33,116539181.0,156753007.0,-0.7299270072992692,-0.010000000000000009,0.008292114039804718,3.649635036496337,14054218314.0
2026-06-17,1.35,1.33,1.36,1.3,126470121.0,167549173.0,-2.2058823529411797,-0.030000000000000027,0.008998730357989228,4.411764705882357,14054218314.0
2026-06-18,1.32,1.32,1.35,1.29,103267163.0,136149243.0,-0.7518796992481258,-0.010000000000000009,0.0073477699501174835,4.5112781954887256,14054218314.0
2026-06-22,1.32,1.33,1.33,1.28,112981736.0,147200427.0,0.7575757575757569,0.010000000000000009,0.0080389911040057,3.7878787878787907,14054218314.0
2026-06-23,1.32,1.33,1.36,1.32,113401542.0,152113818.0,0.0,0.0,0.008068861566426354,3.0075187969924837,14054218314.0
