date,open,close,high,low,volume,amount,pct_chg,change,turnover,amplitude,outstanding_share
2023-06-26,4.58,4.52,4.62,4.48,18794051.0,85343037.0,,,0.005238512015854641,,3587669732.0
2023-06-27,4.53,4.58,4.62,4.49,10549014.0,48104355.0,1.3274336283185972,0.0600000000000005,0.002940352593191262,2.8761061946902635,3587669732.0
2023-06-28,4.58,4.54,4.61,4.47,11722408.0,53006508.0,-0.8733624454148492,-0.040000000000000036,0.003267415586067664,3.0567685589519775,3587669732.0
2023-06-29,4.55,4.56,4.63,4.52,11875107.0,54299493.0,0.4405286343612147,0.019999999999999574,0.0033099777535486926,2.422907488986791,3587669732.0
2023-06-30,4.54,4.76,4.78,4.54,32220662.0,151639627.0,4.385964912280715,0.20000000000000018,0.008980944291669265,5.263157894736848,3587669732.0
2023-07-03,4.8,4.93,5.15,4.77,56986535.0,284073950.0,3.571428571428581,0.16999999999999993,0.015883996927507596,7.983193277310942,3587669732.0
2023-07-04,4.92,5.16,5.18,4.91,58763173.0,299050686.0,4.665314401622722,0.23000000000000043,0.016379203602791385,5.476673427991878,3587669732.0
2023-07-05,5.16,5.3,5.47,5.08,84627673.0,449845493.0,2.7131782945736482,0.13999999999999968,0.023588479241879113,7.558139534883715,3587669732.0
2023-07-06,5.28,5.83,5.83,5.28,90406239.0,516691551.0,10.000000000000009,0.5300000000000002,0.025199153142115367,10.377358490566033,3587669732.0
2023-07-07,5.9,5.72,5.91,5.54,171808185.0,985387790.0,-1.8867924528301994,-0.11000000000000032,0.04788851757104826,6.346483704974274,3587669732.0
2023-07-10,5.76,5.7,5.81,5.6,76709524.0,437275176.0,-0.34965034965034336,-0.019999999999999574,0.021381434114682882,3.6713286713286704,3587669732.0
2023-07-11,5.74,5.84,6.04,5.69,95444838.0,558629293.0,2.4561403508771784,0.13999999999999968,0.026603574222199337,6.140350877192976,3587669732.0
2023-07-12,5.88,6.01,6.18,5.84,92342617.0,556467206.0,2.910958904109595,0.16999999999999993,0.025738884540111286,5.821917808219176,3587669732.0
2023-07-13,6.02,6.06,6.18,5.9,70859874.0,430290728.0,0.8319467554076532,0.04999999999999982,0.01975094679645947,4.6589018302828515,3587669732.0
2023-07-14,6.5,6.67,6.67,6.39,121039493.0,796889063.0,10.066006600660081,0.6100000000000003,0.033737635301375614,4.620462046204625,3587669732.0
2023-07-17,6.86,6.88,6.99,6.61,151877487.0,1034122205.0,3.148425787106457,0.20999999999999996,0.04233318514392172,5.6971514242878545,3587669732.0
2023-07-18,6.66,6.74,6.83,6.46,136580711.0,908781368.0,-2.034883720930225,-0.13999999999999968,0.03806947718229935,5.377906976744188,3587669732.0
2023-07-19,6.58,6.56,6.63,6.43,80259507.0,523749422.0,-2.670623145400597,-0.1800000000000006,0.02237092959926892,2.9673590504451064,3587669732.0
2023-07-20,6.6,6.33,6.66,6.2,82177054.0,523118992.0,-3.5060975609756073,-0.22999999999999954,0.022905412186363425,7.012195121951219,3587669732.0
2023-07-21,6.27,6.44,6.55,6.25,84902525.0,542799221.0,1.7377567140600458,0.11000000000000032,0.02366508941520373,4.739336492890992,3587669732.0
2023-07-24,6.44,6.43,6.69,6.36,70303617.0,458782854.0,-0.15527950310559868,-0.010000000000000675,0.019595899916018244,5.124223602484473,3587669732.0
2023-07-25,6.49,6.38,6.58,6.3,55523589.0,354528635.0,-0.7776049766718529,-0.04999999999999982,0.015476226394185829,4.354587869362368,3587669732.0
2023-07-26,6.38,6.4,6.52,6.23,50231518.0,320262589.0,0.31347962382446415,0.020000000000000462,0.014001154440712047,4.5454545454545325,3587669732.0
2023-07-27,6.41,6.48,6.53,6.34,45264562.0,292719310.0,1.2499999999999956,0.08000000000000007,0.012616702590058811,2.968750000000006,3587669732.0
2023-07-28,6.45,6.41,6.54,6.4,41705000.0,269268042.0,-1.0802469135802517,-0.07000000000000028,0.011624537127265314,2.1604938271604888,3587669732.0
2023-07-31,6.39,6.35,6.47,6.32,42604764.0,271782199.0,-0.9360374414976724,-0.0600000000000005,0.011875330557879791,2.3400936037441413,3587669732.0
2023-08-01,6.39,6.44,6.47,6.31,37489975.0,240128605.0,1.4173228346456845,0.09000000000000075,0.010449672851882232,2.519685039370081,3587669732.0
2023-08-02,6.4,6.46,6.5,6.39,24196819.0,156123681.0,0.31055900621117516,0.019999999999999574,0.0067444388161423995,1.7080745341614956,3587669732.0
2023-08-03,6.4,6.49,6.51,6.36,26360479.0,169835640.0,0.4643962848297267,0.03000000000000025,0.007347521084474227,2.3219814241485985,3587669732.0
2023-08-04,6.5,6.52,6.62,6.43,33387902.0,217785320.0,0.46224961479197635,0.02999999999999936,0.009306291965004097,2.9275808936825944,3587669732.0
2023-08-07,6.57,6.5,6.64,6.45,24262728.0,158317588.0,-0.30674846625766694,-0.019999999999999574,0.006762809793663583,2.9141104294478453,3587669732.0
2023-08-08,6.45,6.39,6.54,6.34,30426070.0,195110314.0,-1.692307692307693,-0.11000000000000032,0.008480733253849019,3.0769230769230793,3587669732.0
2023-08-09,6.22,6.26,6.36,6.21,30861644.0,193065137.0,-2.0344287949921713,-0.1299999999999999,0.00860214186515873,2.3474178403755928,3587669732.0
2023-08-10,6.24,6.35,6.4,6.22,17576438.0,111321118.0,1.437699680511173,0.08999999999999986,0.004899123752453588,2.8753993610223736,3587669732.0
2023-08-11,6.35,6.06,6.36,6.06,26589360.0,163820712.0,-4.566929133858267,-0.29000000000000004,0.0074113176480091894,4.72440944881891,3587669732.0
2023-08-14,6.06,6.18,6.2,6.0,25509356.0,155295842.0,1.980198019801982,0.1200000000000001,0.007110285479310112,3.3003300330033034,3587669732.0
2023-08-15,6.12,6.13,6.25,6.05,16040700.0,98518232.0,-0.8090614886731351,-0.04999999999999982,0.0044710637261077745,3.23624595469256,3587669732.0
2023-08-16,6.13,6.04,6.15,6.0,15504864.0,94120183.0,-1.4681892332789492,-0.08999999999999986,0.0043217088411749045,2.4469820554649324,3587669732.0
2023-08-17,6.02,6.1,6.14,5.97,12437284.0,75403184.0,0.9933774834437026,0.05999999999999961,0.003466674730136503,2.8145695364238397,3587669732.0
2023-08-18,6.08,5.96,6.12,5.95,15373648.0,92247594.0,-2.2950819672131084,-0.13999999999999968,0.00428513468307177,2.7868852459016384,3587669732.0
2023-08-21,5.96,5.94,6.09,5.9,14459974.0,86869975.0,-0.3355704697986517,-0.019999999999999574,0.004030464083977728,3.18791946308724,3587669732.0
2023-08-22,5.96,6.01,6.06,5.89,12898693.0,76956991.0,1.1784511784511675,0.0699999999999994,0.0035952843944778135,2.8619528619528607,3587669732.0
2023-08-23,6.02,5.9,6.03,5.89,10897800.0,64756152.0,-1.8302828618968259,-0.10999999999999943,0.003037570572006041,2.3294509151414404,3587669732.0
2023-08-24,5.93,5.86,6.0,5.85,14412100.0,85404989.0,-0.6779661016949157,-0.040000000000000036,0.004017120046322034,2.542372881355938,3587669732.0
2023-08-25,5.88,5.77,5.91,5.71,14687953.0,85258797.0,-1.5358361774744145,-0.09000000000000075,0.0040940092308363015,3.4129692832764533,3587669732.0
2023-08-28,6.03,5.77,6.11,5.73,20060574.0,118142637.0,0.0,0.0,0.00559153308373704,6.585788561525129,3587669732.0
2023-08-29,5.78,5.95,5.98,5.76,24192400.0,142563886.0,3.11958405545929,0.1800000000000006,0.0067432070974140605,3.812824956672455,3587669732.0
2023-08-30,5.98,6.08,6.19,5.95,35314565.0,215524344.0,2.184873949579824,0.1299999999999999,0.009843315477178377,4.033613445378155,3587669732.0
2023-08-31,6.09,6.06,6.14,6.04,24723654.0,150292773.0,-0.328947368421062,-0.020000000000000462,0.006891284830228069,1.644736842105257,3587669732.0
2023-09-01,6.12,6.11,6.16,6.05,19439490.0,118877532.0,0.8250825082508406,0.05000000000000071,0.005418416814293317,1.8151815181518205,3587669732.0
2023-09-04,6.15,6.19,6.24,6.11,24024612.0,148052796.0,1.3093289689034338,0.08000000000000007,0.006696439135886436,2.1276595744680833,3587669732.0
2023-09-05,6.2,6.22,6.26,6.16,22142569.0,137701999.0,0.4846526655896577,0.02999999999999936,0.00617185266595214,1.6155088852988633,3587669732.0
2023-09-06,6.2,6.28,6.3,6.15,16090710.0,100526390.0,0.9646302250803984,0.0600000000000005,0.004485003136292034,2.411575562700956,3587669732.0
2023-09-07,6.26,6.11,6.26,6.09,17829890.0,109593997.0,-2.7070063694267454,-0.16999999999999993,0.004969769051194259,2.7070063694267503,3587669732.0
2023-09-08,6.14,6.13,6.18,6.11,10862101.0,66763018.0,0.3273322422258529,0.019999999999999574,0.0030276201020166815,1.1456628477904973,3587669732.0
2023-09-11,6.14,6.26,6.3,6.1,22177239.0,137962726.0,2.1207177814029254,0.1299999999999999,0.006181516320243047,3.2626427406199054,3587669732.0
2023-09-12,6.27,6.27,6.29,6.21,12442877.0,77727653.0,0.15974440894568342,0.009999999999999787,0.0034682336807695877,1.2779552715654963,3587669732.0
2023-09-13,6.26,6.13,6.27,6.08,17797942.0,109413917.0,-2.2328548644338087,-0.13999999999999968,0.004960864106651833,3.0303030303030223,3587669732.0
2023-09-14,6.11,6.11,6.17,6.05,15964973.0,97469876.0,-0.32626427406198255,-0.019999999999999574,0.004449956153321864,1.9575856443719433,3587669732.0
2023-09-15,6.11,6.12,6.2,6.06,25209084.0,154204623.0,0.16366612111291534,0.009999999999999787,0.0070265899269236305,2.291325695581024,3587669732.0
2023-09-18,6.07,5.91,6.08,5.89,26400246.0,157044813.0,-3.4313725490196068,-0.20999999999999996,0.007358605438099451,3.104575163398699,3587669732.0
2023-09-19,5.88,5.8,5.9,5.72,26594779.0,153971084.0,-1.861252115059231,-0.11000000000000032,0.0074128280991947225,3.0456852791878273,3587669732.0
2023-09-20,5.83,5.83,5.9,5.76,14865342.0,87112814.0,0.5172413793103514,0.03000000000000025,0.004143453302685444,2.413793103448286,3587669732.0
2023-09-21,5.84,5.83,5.92,5.81,19819450.0,116055242.0,0.0,0.0,0.005524323998728655,1.8867924528301943,3587669732.0
2023-09-22,5.84,5.84,5.9,5.76,22204495.0,129523999.0,0.17152658662091813,0.009999999999999787,0.00618911345209632,2.401372212692977,3587669732.0
2023-09-25,5.84,5.8,5.85,5.74,14182000.0,82098597.0,-0.6849315068493178,-0.040000000000000036,0.003952983707921753,1.8835616438356066,3587669732.0
2023-09-26,5.78,5.75,5.82,5.74,13555800.0,78204256.0,-0.8620689655172376,-0.04999999999999982,0.0037784414432270267,1.3793103448275874,3587669732.0
2023-09-27,5.73,5.76,5.82,5.72,13312300.0,76974565.0,0.17391304347824654,0.009999999999999787,0.0037105700899003487,1.7391304347826182,3587669732.0
2023-09-28,5.76,5.96,5.99,5.76,18229500.0,107614432.0,3.472222222222232,0.20000000000000018,0.005081153328413452,3.993055555555563,3587669732.0
2023-10-09,5.96,6.1,6.12,5.94,20055101.0,121451983.0,2.348993288590595,0.13999999999999968,0.005590007580998819,3.020134228187915,3587669732.0
2023-10-10,6.1,6.09,6.18,6.06,22690938.0,138577934.0,-0.16393442622950616,-0.009999999999999787,0.006324700904771019,1.9672131147541003,3587669732.0
2023-10-11,6.11,6.06,6.11,6.01,12514900.0,75911616.0,-0.49261083743842304,-0.03000000000000025,0.003488308828534053,1.6420361247947541,3587669732.0
2023-10-12,6.07,6.1,6.17,6.05,18910621.0,115475503.0,0.660066006600668,0.040000000000000036,0.005271003858389717,1.980198019801982,3587669732.0
2023-10-13,6.05,6.15,6.18,6.03,14454037.0,88732199.0,0.819672131147553,0.05000000000000071,0.004028809249379368,2.459016393442614,3587669732.0
2023-10-16,6.13,6.04,6.16,5.99,18007205.0,108708924.0,-1.788617886178867,-0.11000000000000032,0.005019192496841568,2.7642276422764214,3587669732.0
2023-10-17,6.06,6.02,6.1,5.99,13780927.0,83131771.0,-0.33112582781458233,-0.020000000000000462,0.003841191645117684,1.821192052980123,3587669732.0
2023-10-18,6.0,5.9,6.02,5.88,16907535.0,100098087.0,-1.9933554817275656,-0.11999999999999922,0.004712678775639318,2.325581395348832,3587669732.0
2023-10-19,5.88,5.84,5.98,5.8,12577000.0,74000715.0,-1.016949152542379,-0.0600000000000005,0.003505618114125785,3.0508474576271287,3587669732.0
2023-10-20,5.79,5.65,5.88,5.62,14895401.0,85246583.0,-3.253424657534243,-0.1899999999999995,0.00415183172161623,4.452054794520544,3587669732.0
2023-10-23,5.61,5.52,5.63,5.47,15429800.0,85588636.0,-2.300884955752225,-0.13000000000000078,0.004300786068008113,2.831858407079648,3587669732.0
2023-10-24,5.52,5.62,5.74,5.48,16485700.0,92291416.0,1.8115942028985588,0.10000000000000053,0.0045950996695589925,4.710144927536229,3587669732.0
2023-10-25,5.7,5.67,5.78,5.65,11036256.0,62881671.0,0.8896797153024938,0.04999999999999982,0.0030761627530992586,2.313167259786475,3587669732.0
2023-10-26,5.63,5.68,5.69,5.56,13609013.0,76495631.0,0.17636684303350414,0.009999999999999787,0.0037932736334716777,2.29276895943564,3587669732.0
2023-10-27,5.96,5.75,6.09,5.53,58229703.0,338644603.0,1.232394366197198,0.07000000000000028,0.016230508198852234,9.859154929577459,3587669732.0
2023-10-30,5.7,6.06,6.12,5.67,48065657.0,286891285.0,5.391304347826087,0.3099999999999996,0.013397458682241936,7.826086956521743,3587669732.0
2023-10-31,6.04,6.06,6.2,6.0,30034729.0,182647726.0,0.0,0.0,0.008371653815318361,3.3003300330033034,3587669732.0
2023-11-01,6.04,5.88,6.06,5.86,27885428.0,164972854.0,-2.970297029702962,-0.17999999999999972,0.007772573866339378,3.3003300330032888,3587669732.0
2023-11-02,5.91,5.81,5.95,5.8,19512338.0,114404477.0,-1.1904761904761973,-0.07000000000000028,0.005438721916334968,2.5510204081632715,3587669732.0
2023-11-03,5.83,5.94,5.96,5.8,18753547.0,110375997.0,2.23752151462997,0.13000000000000078,0.005227222236408466,2.753872633390708,3587669732.0
2023-11-06,5.98,6.24,6.29,5.97,37707459.0,232792969.0,5.050505050505039,0.2999999999999998,0.010510292701602557,5.387205387205392,3587669732.0
2023-11-07,6.18,6.31,6.34,6.16,22571584.0,141691547.0,1.1217948717948678,0.0699999999999994,0.006291433071075116,2.8846153846153797,3587669732.0
2023-11-08,6.3,6.1,6.35,6.06,23622396.0,145261166.0,-3.3280507131537185,-0.20999999999999996,0.0065843284818837946,4.595879556259906,3587669732.0
2023-11-09,6.08,5.96,6.14,5.93,20963402.0,125626485.0,-2.2950819672131084,-0.13999999999999968,0.005843180550600359,3.4426229508196715,3587669732.0
2023-11-10,5.95,5.97,6.03,5.9,19450672.0,116101288.0,0.1677852348993314,0.009999999999999787,0.005421533600629658,2.1812080536912735,3587669732.0
2023-11-13,6.0,5.98,6.02,5.9,17583381.0,104697032.0,0.16750418760469454,0.010000000000000675,0.004901058991903884,2.0100502512562683,3587669732.0
2023-11-14,5.97,6.11,6.16,5.94,19625184.0,119412137.0,2.1739130434782483,0.1299999999999999,0.005470175759199453,3.678929765886283,3587669732.0
2023-11-15,6.13,6.08,6.17,6.04,14828388.0,90296379.0,-0.49099836333879043,-0.03000000000000025,0.0041331530234623055,2.1276595744680833,3587669732.0
2023-11-16,6.06,6.04,6.13,6.01,13323240.0,80953883.0,-0.6578947368421018,-0.040000000000000036,0.0037136194229820483,1.9736842105263175,3587669732.0
2023-11-17,6.02,6.12,6.14,6.02,18423194.0,112440751.0,1.324503311258285,0.08000000000000007,0.0051351421329771385,1.986754966887419,3587669732.0
2023-11-20,6.15,6.27,6.31,6.11,30518922.0,190217890.0,2.450980392156854,0.14999999999999947,0.008506614119964374,3.2679738562091387,3587669732.0
2023-11-21,6.25,6.15,6.29,6.13,17978876.0,111594171.0,-1.9138755980861122,-0.11999999999999922,0.005011296285061726,2.5518341307815016,3587669732.0
2023-11-22,6.14,6.03,6.14,6.0,15362494.0,93094573.0,-1.9512195121951237,-0.1200000000000001,0.00428202570124423,2.276422764227637,3587669732.0
2023-11-23,6.0,6.08,6.09,5.94,13684901.0,82412918.0,0.8291873963515828,0.04999999999999982,0.003814426082183197,2.4875621890547173,3587669732.0
2023-11-24,6.05,5.97,6.07,5.96,12041111.0,72084806.0,-1.8092105263157965,-0.11000000000000032,0.0033562484563726836,1.8092105263157947,3587669732.0
2023-11-27,5.95,5.97,6.0,5.89,19177602.0,113796541.0,0.0,0.0,0.005345420128543761,1.8425460636515967,3587669732.0
2023-11-28,5.96,6.09,6.13,5.95,19020163.0,115230054.0,2.01005025125629,0.1200000000000001,0.005301536769215634,3.0150753768844174,3587669732.0
2023-11-29,6.09,6.25,6.39,6.07,39064700.0,244792260.0,2.6272577996715896,0.16000000000000014,0.010888599820536658,5.254515599343176,3587669732.0
2023-11-30,6.25,5.92,6.25,5.89,39133753.0,234331135.0,-5.279999999999996,-0.33000000000000007,0.010907847132903258,5.760000000000005,3587669732.0
2023-12-01,5.92,5.94,5.97,5.81,21145300.0,124544528.0,0.33783783783785104,0.020000000000000462,0.0058938814270989865,2.7027027027027053,3587669732.0
2023-12-04,5.97,5.87,5.97,5.79,19211750.0,112900503.0,-1.1784511784511786,-0.07000000000000028,0.005354938284492013,3.0303030303030254,3587669732.0
2023-12-05,5.84,5.74,5.84,5.72,17601500.0,101733762.0,-2.2146507666098825,-0.1299999999999999,0.004906109345295779,2.0442930153321996,3587669732.0
2023-12-06,5.72,5.81,5.88,5.67,16031221.0,92933400.0,1.21951219512193,0.0699999999999994,0.004468421621146035,3.658536585365853,3587669732.0
2023-12-07,5.81,5.84,5.92,5.78,15930400.0,93455579.0,0.5163511187607606,0.03000000000000025,0.004440319536079304,2.409638554216862,3587669732.0
2023-12-08,5.84,5.98,6.1,5.81,25136996.0,151080036.0,2.3972602739726234,0.14000000000000057,0.007006496661549447,4.965753424657534,3587669732.0
2023-12-11,6.0,6.14,6.16,5.88,27046200.0,163819527.0,2.6755852842809347,0.15999999999999925,0.007538653783753582,4.682274247491643,3587669732.0
2023-12-12,6.13,6.18,6.2,6.12,19157688.0,118077037.0,0.6514657980456029,0.040000000000000036,0.005339869450391205,1.3029315960912065,3587669732.0
2023-12-13,6.18,6.14,6.24,6.12,15805600.0,97637001.0,-0.6472491909385147,-0.040000000000000036,0.004405533725421524,1.9417475728155358,3587669732.0
2023-12-14,6.14,6.07,6.19,6.05,13470400.0,82457748.0,-1.140065146579794,-0.0699999999999994,0.0037546376913826806,2.2801302931596186,3587669732.0
2023-12-15,6.05,5.95,6.1,5.95,14451083.0,86551883.0,-1.976935749588138,-0.1200000000000001,0.004027985873700818,2.471169686985164,3587669732.0
2023-12-18,5.97,5.89,6.0,5.87,16521966.0,97772329.0,-1.0084033613445453,-0.0600000000000005,0.0046052081808515815,2.18487394957983,3587669732.0
2023-12-19,5.87,6.01,6.01,5.85,15613566.0,93035046.0,2.037351443123936,0.1200000000000001,0.0043520076167367795,2.716468590831921,3587669732.0
2023-12-20,6.01,5.91,6.05,5.88,13693600.0,81592832.0,-1.6638935108153063,-0.09999999999999964,0.0038168507758283253,2.828618968386022,3587669732.0
2023-12-21,5.9,5.89,5.91,5.77,14798200.0,86559748.0,-0.33840947546531774,-0.020000000000000462,0.004124738648044541,2.3688663282572007,3587669732.0
2023-12-22,5.91,5.92,5.95,5.86,17472950.0,103259089.0,0.5093378607809784,0.03000000000000025,0.004870278287923521,1.5280135823429517,3587669732.0
2023-12-25,5.89,6.01,6.04,5.89,20473080.0,122507091.0,1.520270270270263,0.08999999999999986,0.0057065118947242045,2.53378378378379,3587669732.0
2023-12-26,6.03,6.01,6.03,5.9,21891400.0,130765395.0,0.0,0.0,0.006101843713411243,2.1630615640598987,3587669732.0
2023-12-27,6.0,6.34,6.37,5.87,53540817.0,330369712.0,5.490848585690511,0.33000000000000007,0.014923563482570864,8.31946755407654,3587669732.0
2023-12-28,6.4,6.49,6.52,6.29,47232139.0,303160547.0,2.3659305993690927,0.15000000000000036,0.013165130161986716,3.627760252365923,3587669732.0
2023-12-29,6.48,6.75,6.86,6.46,59493050.0,399506107.0,4.006163328197232,0.2599999999999998,0.016582644012450586,6.163328197226508,3587669732.0
2024-01-02,6.75,6.71,6.79,6.61,41379521.0,276362038.0,-0.592592592592589,-0.040000000000000036,0.01153381556583035,2.6666666666666625,3587669732.0
2024-01-03,6.65,6.7,6.74,6.6,29666145.0,197478889.0,-0.14903129657227732,-0.009999999999999787,0.00826891749131606,2.086438152011931,3587669732.0
2024-01-04,6.7,6.72,6.8,6.6,34017375.0,226952600.0,0.29850746268655914,0.019999999999999574,0.009481746521031217,2.9850746268656745,3587669732.0
2024-01-05,6.72,6.64,6.77,6.62,26692700.0,177839591.0,-1.1904761904761862,-0.08000000000000007,0.007440121860135592,2.232142857142849,3587669732.0
2024-01-08,6.69,6.68,7.05,6.64,63412441.0,429634319.0,0.6024096385542244,0.040000000000000036,0.017675105496583653,6.174698795180725,3587669732.0
2024-01-09,6.68,6.66,6.85,6.62,36919752.0,247556914.0,-0.29940119760478723,-0.019999999999999574,0.01029073319394384,3.443113772455083,3587669732.0
2024-01-10,6.64,6.6,6.75,6.52,28840870.0,190979312.0,-0.9009009009009028,-0.0600000000000005,0.008038886562705488,3.4534534534534598,3587669732.0
2024-01-11,6.61,6.6,6.73,6.57,22488140.0,149619824.0,0.0,0.0,0.006268174519917041,2.4242424242424265,3587669732.0
2024-01-12,6.6,6.53,6.64,6.5,15385418.0,100999714.0,-1.0606060606060508,-0.0699999999999994,0.00428841536409294,2.1212121212121167,3587669732.0
2024-01-15,6.47,6.56,6.65,6.44,19972335.0,130981275.0,0.45941807044409533,0.02999999999999936,0.005566938010446721,3.2159264931087286,3587669732.0
2024-01-16,6.55,6.61,6.63,6.42,22673410.0,147686800.0,0.7621951219512368,0.05000000000000071,0.0063198152822613275,3.2012195121951215,3587669732.0
2024-01-17,6.55,6.45,6.67,6.41,17286210.0,112708448.0,-2.4205748865355536,-0.16000000000000014,0.004818227788867161,3.933434190620269,3587669732.0
2024-01-18,6.38,6.37,6.41,6.17,23237690.0,145759444.0,-1.2403100775193798,-0.08000000000000007,0.006477098433206616,3.720930232558143,3587669732.0
2024-01-19,6.37,6.34,6.43,6.29,15919877.0,101122135.0,-0.47095761381475976,-0.03000000000000025,0.004437386434432254,2.1978021978021927,3587669732.0
2024-01-22,6.3,6.01,6.35,5.99,25674069.0,158375345.0,-5.205047318611989,-0.33000000000000007,0.007156196338531866,5.678233438485796,3587669732.0
2024-01-23,6.01,6.05,6.11,5.88,24503500.0,147439212.0,0.6655574043261225,0.040000000000000036,0.006829920764847036,3.826955074875215,3587669732.0
2024-01-24,6.06,6.3,6.33,5.97,36011800.0,221095107.0,4.132231404958686,0.25,0.01003765750196986,5.950413223140502,3587669732.0
2024-01-25,6.3,6.65,6.66,6.22,26794042.0,173867010.0,5.555555555555558,0.35000000000000053,0.00746836916481252,6.9841269841269895,3587669732.0
2024-01-26,6.63,6.63,6.73,6.55,17924016.0,118912056.0,-0.300751879699257,-0.020000000000000462,0.004996005022460078,2.7067669172932423,3587669732.0
2024-01-29,6.66,6.66,6.81,6.56,27894501.0,186477466.0,0.4524886877828038,0.03000000000000025,0.007775102805923497,3.770739064856712,3587669732.0
2024-01-30,6.6,5.99,6.6,5.99,44141600.0,273780068.0,-10.06006006006006,-0.6699999999999999,0.012303696632463603,9.15915915915915,3587669732.0
2024-01-31,6.03,5.82,6.17,5.8,40525533.0,241481188.0,-2.8380634390651083,-0.16999999999999993,0.011295781392176374,6.1769616026711205,3587669732.0
2024-02-01,5.76,5.82,6.05,5.7,42106279.0,245722779.0,0.0,0.0,0.011736386608955564,6.013745704467348,3587669732.0
2024-02-02,5.82,5.59,5.92,5.38,35231062.0,200439063.0,-3.9518900343642693,-0.23000000000000043,0.009820040480805328,9.278350515463918,3587669732.0
2024-02-05,5.56,5.19,5.56,5.05,43417690.0,228126224.0,-7.155635062611799,-0.39999999999999947,0.012101919419376477,9.12343470483005,3587669732.0
2024-02-06,5.23,5.71,5.71,5.08,40654889.0,221901106.0,10.019267822736012,0.5199999999999996,0.011331837107909129,12.138728323699418,3587669732.0
2024-02-07,5.8,6.17,6.18,5.79,54619853.0,331902257.0,8.056042031523635,0.45999999999999996,0.015224325838251378,6.830122591943952,3587669732.0
2024-02-08,6.18,6.4,6.62,6.13,57427235.0,369335293.0,3.7277147487844386,0.23000000000000043,0.016006834321392882,7.9416531604538125,3587669732.0
2024-02-19,6.42,6.58,6.59,6.31,37022560.0,238895184.0,2.8124999999999956,0.17999999999999972,0.010319389120403016,4.3750000000000036,3587669732.0
2024-02-20,6.55,6.54,6.58,6.39,23559858.0,153123307.0,-0.6079027355623157,-0.040000000000000036,0.006566897111475812,2.8875379939209784,3587669732.0
2024-02-21,6.5,6.6,6.79,6.45,29680605.0,198595037.0,0.917431192660545,0.05999999999999961,0.008272947962647081,5.1987767584097835,3587669732.0
2024-02-22,6.65,6.68,6.74,6.43,22540688.0,149030914.0,1.21212121212122,0.08000000000000007,0.006282821353077658,4.696969696969705,3587669732.0
2024-02-23,6.69,6.6,6.71,6.51,27799942.0,182858159.0,-1.19760479041916,-0.08000000000000007,0.007748746143503713,2.994011976047907,3587669732.0
2024-02-26,6.56,6.7,6.76,6.54,25824900.0,172921512.0,1.5151515151515138,0.10000000000000053,0.007198237833782856,3.33333333333333,3587669732.0
2024-02-27,6.73,6.81,6.82,6.62,26473514.0,178692189.0,1.6417910447761086,0.10999999999999943,0.0073790276077731224,2.9850746268656745,3587669732.0
2024-02-28,6.8,6.55,7.01,6.52,31832202.0,215132408.0,-3.8179148311306865,-0.2599999999999998,0.00887266788134778,7.19530102790015,3587669732.0
2024-02-29,6.55,6.91,6.91,6.55,35210589.0,239392296.0,5.496183206106875,0.3600000000000003,0.0098143339912092,5.496183206106875,3587669732.0
2024-03-01,6.91,7.23,7.26,6.87,49583688.0,351322307.0,4.630969609261948,0.3200000000000003,0.01382058319296822,5.643994211287984,3587669732.0
2024-03-04,7.29,7.18,7.29,7.06,31081826.0,222308129.0,-0.6915629322268413,-0.05000000000000071,0.008663513735048563,3.181189488243436,3587669732.0
2024-03-05,7.16,7.23,7.29,7.1,34983745.0,252566187.0,0.6963788300835771,0.05000000000000071,0.009751105205689541,2.646239554317554,3587669732.0
2024-03-06,7.2,7.18,7.33,7.13,23913500.0,172817037.0,-0.6915629322268413,-0.05000000000000071,0.006665468615102724,2.7662517289073327,3587669732.0
2024-03-07,7.12,6.97,7.2,6.97,27548159.0,194911642.0,-2.924791086350975,-0.20999999999999996,0.007678566049234099,3.203342618384407,3587669732.0
2024-03-08,6.97,7.2,7.22,6.96,24902535.0,177518136.0,3.299856527977041,0.23000000000000043,0.0069411447709033436,3.7302725968436126,3587669732.0
2024-03-11,7.19,7.33,7.36,7.11,26477078.0,191801761.0,1.8055555555555491,0.1299999999999999,0.007380021010250561,3.4722222222222223,3587669732.0
2024-03-12,7.32,7.17,7.33,7.15,20504010.0,147841660.0,-2.182810368349253,-0.16000000000000014,0.005715133089625207,2.455661664392902,3587669732.0
2024-03-13,7.19,7.12,7.24,7.11,20211218.0,144705805.0,-0.6973500697350032,-0.04999999999999982,0.005633522456018536,1.8131101813110166,3587669732.0
2024-03-14,7.14,7.06,7.19,6.99,23497965.0,166214493.0,-0.8426966292134908,-0.0600000000000005,0.006549645523502719,2.8089887640449462,3587669732.0
2024-03-15,7.08,7.24,7.32,7.02,29573568.0,212131117.0,2.5495750708215414,0.1800000000000006,0.008243113276626433,4.24929178470256,3587669732.0
2024-03-18,7.17,7.35,7.58,7.16,30438044.0,223468627.0,1.5193370165745845,0.10999999999999943,0.008484070796291458,5.80110497237569,3587669732.0
2024-03-19,7.32,7.49,7.65,7.28,49762598.0,374462948.0,1.9047619047619202,0.14000000000000057,0.013870451216884754,5.034013605442179,3587669732.0
2024-03-20,7.45,7.42,7.55,7.3,24541311.0,182127398.0,-0.9345794392523366,-0.07000000000000028,0.006840459917785989,3.337783711615487,3587669732.0
2024-03-21,7.51,7.47,7.81,7.42,32815885.0,249353619.0,0.6738544474393482,0.04999999999999982,0.0091468522610375,5.25606469002695,3587669732.0
2024-03-22,7.47,7.27,7.48,7.21,28742801.0,210728256.0,-2.677376171352075,-0.20000000000000018,0.008011551549360955,3.614457831325307,3587669732.0
2024-03-25,7.22,7.11,7.31,7.07,19764300.0,142497334.0,-2.20082530949105,-0.15999999999999925,0.005508951903714419,3.3012379642365794,3587669732.0
2024-03-26,7.11,7.08,7.18,7.02,14134800.0,100112566.0,-0.42194092827004814,-0.03000000000000025,0.003939827535942207,2.2503516174402267,3587669732.0
2024-03-27,7.1,6.99,7.18,6.96,23910262.0,168513451.0,-1.2711864406779627,-0.08999999999999986,0.006664566079406331,3.107344632768358,3587669732.0
2024-03-28,6.96,7.21,7.38,6.95,22649200.0,163137019.0,3.147353361945626,0.21999999999999975,0.006313067169472666,6.151645207439194,3587669732.0
2024-03-29,7.2,7.35,7.36,7.12,17760523.0,129170948.0,1.9417475728155331,0.13999999999999968,0.0049504342168360995,3.328710124826632,3587669732.0
2024-04-01,7.64,8.09,8.09,7.62,22600400.0,180757316.0,10.068027210884356,0.7400000000000002,0.006299465025561612,6.394557823129249,3587669732.0
2024-04-02,8.64,8.46,8.8,8.28,155252444.0,1317625038.0,4.573547589616833,0.370000000000001,0.04327389520145496,6.427688504326346,3587669732.0
2024-04-03,8.6,8.78,8.98,8.15,155705324.0,1338381992.0,3.782505910165468,0.3199999999999985,0.04340012755666887,9.810874704491725,3587669732.0
2024-04-08,8.34,7.92,8.34,7.9,124532522.0,1006664955.0,-9.79498861047835,-0.8599999999999994,0.034711255857594644,5.011389521640086,3587669732.0
2024-04-09,7.86,7.81,8.1,7.47,92778942.0,714318450.0,-1.388888888888895,-0.11000000000000032,0.02586050247949635,7.954545454545453,3587669732.0
2024-04-10,7.69,7.56,7.8,7.45,51611948.0,390963901.0,-3.201024327784896,-0.25,0.014385925086596014,4.481434058898843,3587669732.0
2024-04-11,7.53,7.62,7.81,7.51,53029910.0,407973209.0,0.7936507936507908,0.0600000000000005,0.014781157119063377,3.968253968253966,3587669732.0
2024-04-12,7.75,7.83,7.99,7.67,58199580.0,455431113.0,2.7559055118110187,0.20999999999999996,0.016222111941044188,4.199475065616801,3587669732.0
2024-04-15,7.65,7.91,8.04,7.51,55661720.0,433406827.0,1.0217113665389466,0.08000000000000007,0.01551472798723046,6.7688378033205545,3587669732.0
2024-04-16,7.81,7.36,7.88,7.33,52048591.0,393306039.0,-6.953223767383054,-0.5499999999999998,0.014507631662902466,6.953223767383057,3587669732.0
2024-04-17,7.38,7.57,7.61,7.35,46884187.0,351527284.0,2.8532608695652106,0.20999999999999996,0.013068144646041236,3.5326086956521827,3587669732.0
2024-04-18,7.51,7.63,7.83,7.42,41595482.0,319187976.0,0.7926023778071389,0.05999999999999961,0.01159401090601837,5.416116248348747,3587669732.0
2024-04-19,7.55,7.34,7.64,7.25,39669357.0,293578121.0,-3.8007863695937116,-0.29000000000000004,0.01105713735190606,5.111402359108777,3587669732.0
2024-04-22,7.27,7.09,7.27,6.72,48970699.0,343312540.0,-3.4059945504087197,-0.25,0.013649723262765482,7.493188010899181,3587669732.0
2024-04-23,7.08,7.15,7.31,7.07,26627799.0,191003757.0,0.8462623413258097,0.0600000000000005,0.00742203184493126,3.3850493653032347,3587669732.0
2024-04-24,7.15,7.38,7.42,7.13,25256309.0,183956198.0,3.2167832167832033,0.22999999999999954,0.007039753067214605,4.055944055944057,3587669732.0
2024-04-25,7.39,7.48,7.61,7.29,27223500.0,203346569.0,1.3550135501354976,0.10000000000000053,0.007588073048414034,4.336043360433608,3587669732.0
2024-04-26,7.51,7.79,7.81,7.51,30139142.0,231918887.0,4.144385026737973,0.3099999999999996,0.008400757107371332,4.010695187165773,3587669732.0
2024-04-29,7.79,7.8,8.02,7.72,41045001.0,322040200.0,0.12836970474967568,0.009999999999999787,0.011440573984249898,3.8510911424903695,3587669732.0
2024-04-30,7.85,8.1,8.29,7.83,60332100.0,488902669.0,3.8461538461538547,0.2999999999999998,0.016816514480659003,5.897435897435885,3587669732.0
2024-05-06,8.18,8.18,8.33,7.99,46479621.0,380587875.0,0.9876543209876631,0.08000000000000007,0.012955378970764191,4.19753086419753,3587669732.0
2024-05-07,8.18,8.06,8.2,7.99,34487800.0,277940060.0,-1.4669926650366705,-0.11999999999999922,0.009612869237206587,2.5672371638141698,3587669732.0
2024-05-08,8.06,8.12,8.24,7.98,28061233.0,228564463.0,0.7444168734491052,0.05999999999999872,0.007821576425976326,3.2258064516129004,3587669732.0
2024-05-09,8.1,8.06,8.23,8.05,27065889.0,220381232.0,-0.7389162561576179,-0.05999999999999872,0.00754414174710327,2.216748768472903,3587669732.0
2024-05-10,8.08,8.09,8.14,7.96,18253400.0,146848792.0,0.3722084367245637,0.02999999999999936,0.005087815034140383,2.233250620347402,3587669732.0
2024-05-13,8.04,8.13,8.23,7.96,21312063.0,173395991.0,0.49443757725589066,0.040000000000000924,0.005940363687857988,3.3374536464771376,3587669732.0
2024-05-14,8.12,7.96,8.3,7.96,21879482.0,176690052.0,-2.091020910209107,-0.17000000000000082,0.006098521779986408,4.182041820418212,3587669732.0
2024-05-15,7.95,7.89,8.03,7.88,12571200.0,99991058.0,-0.8793969849246297,-0.07000000000000028,0.003504001465874061,1.884422110552757,3587669732.0
2024-05-16,7.95,7.9,8.14,7.89,18110500.0,145021149.0,0.12674271229404788,0.010000000000000675,0.005047984166007396,3.1685678073510886,3587669732.0
2024-05-17,8.0,8.17,8.29,7.92,37833383.0,307472501.0,3.417721518987338,0.2699999999999996,0.010545391807542222,4.683544303797458,3587669732.0
2024-05-20,8.61,7.84,8.61,7.75,115297949.0,941984861.0,-4.039167686658507,-0.33000000000000007,0.03213728063416959,10.526315789473676,3587669732.0
2024-05-21,7.65,7.77,7.92,7.52,56951815.0,442147030.0,-0.8928571428571508,-0.07000000000000028,0.01587431933659383,5.102040816326536,3587669732.0
2024-05-22,7.76,7.68,7.89,7.66,36336850.0,282086254.0,-1.158301158301156,-0.08999999999999986,0.010128259487180689,2.9601029601029545,3587669732.0
2024-05-23,7.61,7.38,7.65,7.36,44810582.0,333966378.0,-3.90625,-0.2999999999999998,0.012490163629141992,3.776041666666667,3587669732.0
2024-05-24,7.4,7.29,7.44,7.2,36911700.0,269395267.0,-1.2195121951219523,-0.08999999999999986,0.010288488840198515,3.2520325203252063,3587669732.0
2024-05-27,7.26,7.16,7.33,7.0,47246911.0,334366187.0,-1.7832647462277085,-0.1299999999999999,0.013169247597844382,4.526748971193417,3587669732.0
2024-05-28,7.17,7.08,7.22,7.03,32372165.0,230617660.0,-1.1173184357541888,-0.08000000000000007,0.009023173095131488,2.653631284916194,3587669732.0
2024-05-29,7.07,7.07,7.13,7.03,18685082.0,132189570.0,-0.14124293785310327,-0.009999999999999787,0.005208138818726695,1.4124293785310684,3587669732.0
2024-05-30,7.05,7.0,7.17,6.96,30817228.0,217506685.0,-0.990099009900991,-0.07000000000000028,0.008589761684340011,2.97029702970297,3587669732.0
2024-05-31,7.05,7.09,7.25,7.0,28835982.0,205744320.0,1.28571428571429,0.08999999999999986,0.008037524118454726,3.571428571428571,3587669732.0
2024-06-03,7.11,7.01,7.13,6.94,26292901.0,184308411.0,-1.128349788434413,-0.08000000000000007,0.007328684902481988,2.679830747531728,3587669732.0
2024-06-04,7.01,7.06,7.08,6.84,25700233.0,179134351.0,0.7132667617689048,0.04999999999999982,0.007163489094541883,3.4236804564907306,3587669732.0
2024-06-05,7.08,7.0,7.16,6.99,24278570.0,171998475.0,-0.8498583569405027,-0.05999999999999961,0.006767225473250446,2.407932011331444,3587669732.0
2024-06-06,7.08,6.96,7.14,6.94,26201780.0,184122764.0,-0.5714285714285672,-0.040000000000000036,0.007303286522250037,2.857142857142847,3587669732.0
2024-06-07,7.02,6.99,7.09,6.89,20780440.0,145067993.0,0.4310344827586299,0.03000000000000025,0.005792183102767276,2.8735632183908075,3587669732.0
2024-06-11,6.94,7.03,7.05,6.9,20214340.0,141129732.0,0.5722460658083017,0.040000000000000036,0.005634392658749894,2.145922746781108,3587669732.0
2024-06-12,7.08,6.94,7.12,6.9,23671132.0,165548444.0,-1.2802275960170695,-0.08999999999999986,0.006597912786917589,3.129445234708389,3587669732.0
2024-06-13,6.94,6.79,6.94,6.75,30978716.0,211170317.0,-2.1613832853025983,-0.15000000000000036,0.008634773631387316,2.7377521613832907,3587669732.0
2024-06-14,6.8,7.0,7.05,6.76,29459342.0,204483200.0,3.092783505154628,0.20999999999999996,0.00821127478297102,4.27098674521355,3587669732.0
2024-06-17,7.0,7.03,7.1,6.92,22941300.0,160749767.0,0.4285714285714226,0.03000000000000025,0.006394484920218961,2.571428571428567,3587669732.0
2024-06-18,7.03,7.16,7.18,7.01,25918614.0,184339477.0,1.849217638691325,0.1299999999999999,0.007224358967276311,2.4182076813655753,3587669732.0
2024-06-19,7.18,7.15,7.2,7.07,15276300.0,109142015.0,-0.13966480446927498,-0.009999999999999787,0.004258000635828873,1.815642458100557,3587669732.0
2024-06-20,7.14,6.93,7.15,6.92,14985800.0,105195968.0,-3.076923076923088,-0.22000000000000064,0.004177028857014088,3.216783216783223,3587669732.0
2024-06-21,6.99,6.94,7.0,6.83,14359081.0,99703494.0,0.14430014430015792,0.010000000000000675,0.004002341930174079,2.4531024531024523,3587669732.0
2024-06-24,6.97,6.74,6.97,6.71,28755169.0,195860313.0,-2.8818443804034644,-0.20000000000000018,0.008014998912391528,3.7463976945244926,3587669732.0
2024-06-25,6.76,6.62,6.85,6.56,17561450.0,117689915.0,-1.7804154302670683,-0.1200000000000001,0.004894946110385169,4.302670623145401,3587669732.0
2024-06-26,6.61,6.8,6.82,6.57,16427451.0,109798551.0,2.7190332326283873,0.17999999999999972,0.004578863782659914,3.7764350453172204,3587669732.0
2024-06-27,6.77,6.73,6.89,6.71,18627320.0,126730088.0,-1.0294117647058787,-0.0699999999999994,0.00519203867453427,2.6470588235294077,3587669732.0
2024-06-28,6.72,6.81,6.95,6.69,21510967.0,147384539.0,1.1887072808320909,0.07999999999999918,0.005995804688523653,3.8632986627043056,3587669732.0
2024-07-01,6.83,6.96,6.98,6.79,22428305.0,154598436.0,2.2026431718061623,0.15000000000000036,0.006251496563340854,2.790014684287818,3587669732.0
2024-07-02,6.96,6.76,6.98,6.7,22291400.0,152083118.0,-2.8735632183908066,-0.20000000000000018,0.006213336696288743,4.02298850574713,3587669732.0
2024-07-03,6.75,6.71,6.84,6.69,14173301.0,95608496.0,-0.7396449704141994,-0.04999999999999982,0.003950559014276624,2.218934911242596,3587669732.0
2024-07-04,6.72,6.6,6.76,6.57,14035611.0,93458348.0,-1.6393442622950838,-0.11000000000000032,0.003912180342245617,2.8315946348733156,3587669732.0
2024-07-05,6.6,6.62,6.64,6.5,13160900.0,86593879.0,0.3030303030303161,0.020000000000000462,0.003668369995881215,2.1212121212121167,3587669732.0
2024-07-08,6.56,6.46,6.64,6.42,20317928.0,131927214.0,-2.4169184290030232,-0.16000000000000014,0.00566326599652568,3.32326283987915,3587669732.0
2024-07-09,6.45,6.81,6.82,6.38,25660480.0,170240895.0,5.417956656346745,0.34999999999999964,0.00715240864317106,6.81114551083592,3587669732.0
2024-07-10,7.1,7.16,7.35,6.98,67589589.0,484853374.0,5.139500734214408,0.35000000000000053,0.01883941222268561,5.433186490455202,3587669732.0
2024-07-11,7.25,7.54,7.55,7.13,48532749.0,358516223.0,5.307262569832405,0.3799999999999999,0.01352765238313748,5.865921787709496,3587669732.0
2024-07-12,7.52,7.43,7.56,7.38,28007560.0,208453257.0,-1.458885941644572,-0.11000000000000032,0.007806616018801365,2.3872679045092804,3587669732.0
2024-07-15,7.45,7.35,7.46,7.25,28104325.0,205817869.0,-1.076716016150736,-0.08000000000000007,0.007833587565021718,2.8263795423956926,3587669732.0
2024-07-16,7.33,7.61,7.64,7.28,30847360.0,231866472.0,3.5374149659864074,0.2600000000000007,0.008598160450740175,4.897959183673462,3587669732.0
2024-07-17,7.58,7.24,7.58,7.24,23515300.0,173409101.0,-4.862023653088043,-0.3700000000000001,0.006554477350648172,4.467805519053875,3587669732.0
2024-07-18,7.2,7.14,7.21,6.94,26905956.0,190355571.0,-1.3812154696132617,-0.10000000000000053,0.007499563229026902,3.7292817679557952,3587669732.0
2024-07-19,7.1,7.09,7.21,7.07,18989440.0,135268274.0,-0.7002801120448154,-0.04999999999999982,0.0052929732719332705,1.9607843137254857,3587669732.0
2024-07-22,7.15,6.88,7.19,6.82,34419506.0,238314509.0,-2.961918194640334,-0.20999999999999996,0.009593833482774997,5.2186177715091695,3587669732.0
2024-07-23,6.85,6.51,6.88,6.49,36590270.0,242378838.0,-5.3779069767441845,-0.3700000000000001,0.010198895866482729,5.668604651162786,3587669732.0
2024-07-24,6.5,6.06,6.5,6.04,53535212.0,331848119.0,-6.912442396313367,-0.4500000000000002,0.014922001187148294,7.066052227342549,3587669732.0
2024-07-25,6.0,6.0,6.11,5.89,34717970.0,208768506.0,-0.9900990099009799,-0.05999999999999961,0.009677025086878873,3.630363036303641,3587669732.0
2024-07-26,6.01,6.11,6.17,5.97,24436275.0,149146676.0,1.8333333333333313,0.11000000000000032,0.006811182975412186,3.333333333333336,3587669732.0
2024-07-29,6.17,6.14,6.19,6.04,19656432.0,120604975.0,0.49099836333876823,0.02999999999999936,0.005478885591021844,2.45499181669395,3587669732.0
2024-07-30,6.17,6.1,6.17,6.05,15213900.0,92578614.0,-0.6514657980456029,-0.040000000000000036,0.004240607730499982,1.9543973941368098,3587669732.0
2024-07-31,6.11,6.51,6.54,6.07,33611669.0,214110441.0,6.721311475409841,0.41000000000000014,0.00936866309075297,7.704918032786881,3587669732.0
2024-08-01,6.54,6.45,6.63,6.38,22803573.0,147641342.0,-0.9216589861751112,-0.05999999999999961,0.006356095935087037,3.840245775729647,3587669732.0
2024-08-02,6.41,6.2,6.47,6.2,18843030.0,119111086.0,-3.875968992248058,-0.25,0.005252164052875534,4.1860465116279,3587669732.0
2024-08-05,6.13,5.99,6.22,5.99,24717170.0,150357406.0,-3.387096774193543,-0.20999999999999996,0.006889477528975624,3.709677419354831,3587669732.0
2024-08-06,6.04,6.09,6.13,6.0,15831680.0,95844945.0,1.6694490818029983,0.09999999999999964,0.004412803067905137,2.170283806343905,3587669732.0
2024-08-07,6.08,6.12,6.17,6.05,13853493.0,84656951.0,0.49261083743843415,0.03000000000000025,0.0038614181446064056,1.9704433497536964,3587669732.0
2024-08-08,6.07,6.14,6.21,6.01,12680600.0,77496028.0,0.32679738562091387,0.019999999999999574,0.0035344947966910573,3.2679738562091534,3587669732.0
2024-08-09,6.14,6.16,6.28,6.14,13717500.0,85011418.0,0.32573289902280145,0.020000000000000462,0.003823512481555256,2.2801302931596186,3587669732.0
2024-08-12,6.13,6.17,6.23,6.12,12572200.0,77673447.0,0.16233766233766378,0.009999999999999787,0.003504280198331255,1.785714285714291,3587669732.0
2024-08-13,6.14,6.26,6.26,6.12,11855600.0,73449176.0,1.4586709886547755,0.08999999999999986,0.003304540519506214,2.2690437601296543,3587669732.0
2024-08-14,6.23,6.29,6.37,6.23,15503600.0,97733000.0,0.4792332268370725,0.03000000000000025,0.004321356523349012,2.2364217252396115,3587669732.0
2024-08-15,6.29,6.48,6.63,6.26,29535117.0,191804032.0,3.0206677265500748,0.1900000000000004,0.008232395734914877,5.882352941176473,3587669732.0
2024-08-16,6.52,6.6,6.7,6.51,30989480.0,205126623.0,1.8518518518518379,0.11999999999999922,0.00863777390755655,2.9320987654321047,3587669732.0
2024-08-19,6.57,6.66,6.72,6.5,21346100.0,141952270.0,0.909090909090926,0.0600000000000005,0.005949850904503492,3.33333333333333,3587669732.0
2024-08-20,6.67,6.54,6.67,6.5,22433800.0,147314386.0,-1.8018018018018056,-0.1200000000000001,0.006253028198193133,2.5525525525525516,3587669732.0
2024-08-21,6.49,6.56,6.64,6.44,14841106.0,97411730.0,0.3058103975535076,0.019999999999999574,0.0041366979428528955,3.0581039755351576,3587669732.0
2024-08-22,6.52,6.48,6.57,6.42,13433500.0,87066893.0,-1.2195121951219412,-0.07999999999999918,0.003744352463712231,2.286585365853664,3587669732.0
2024-08-23,6.49,6.53,6.57,6.43,13634000.0,88621837.0,0.7716049382715973,0.04999999999999982,0.003800238321379578,2.1604938271605025,3587669732.0
2024-08-26,6.48,6.56,6.64,6.45,16895391.0,110757152.0,0.45941807044409533,0.02999999999999936,0.004709293848679157,2.9096477794793185,3587669732.0
2024-08-27,6.55,6.31,6.55,6.28,13904004.0,88636738.0,-3.8109756097560954,-0.25,0.003875497199751719,4.1158536585365795,3587669732.0
2024-08-28,6.26,6.26,6.36,6.21,11488799.0,71910521.0,-0.7923930269413626,-0.04999999999999982,0.0032023011754750896,2.3771790808240945,3587669732.0
2024-08-29,6.29,6.49,6.57,6.21,22897400.0,147106694.0,3.6741214057508076,0.23000000000000043,0.006382248565348155,5.750798722044734,3587669732.0
2024-08-30,6.41,6.56,6.72,6.41,30934992.0,204027977.0,1.0785824345146189,0.0699999999999994,0.008622586333428977,4.776579352850533,3587669732.0
2024-09-02,6.5,6.54,6.64,6.49,28573418.0,187953963.0,-0.304878048780477,-0.019999999999999574,0.007964339009564106,2.2865853658536506,3587669732.0
2024-09-03,6.56,6.69,6.72,6.5,25587953.0,170319067.0,2.2935779816513735,0.15000000000000036,0.007132193014248169,3.363914373088681,3587669732.0
2024-09-04,6.63,6.7,6.75,6.49,25508153.0,169672013.0,0.1494768310911887,0.009999999999999787,0.007109950164164108,3.8863976083706993,3587669732.0
2024-09-05,6.67,6.6,6.72,6.56,20952391.0,139023570.0,-1.4925373134328401,-0.10000000000000053,0.005840111427514198,2.3880597014925393,3587669732.0
2024-09-06,6.6,6.44,6.63,6.41,14938600.0,97090888.0,-2.4242424242424176,-0.15999999999999925,0.004163872685034543,3.33333333333333,3587669732.0
2024-09-09,6.42,6.28,6.46,6.24,16673940.0,105315733.0,-2.4844720496894457,-0.16000000000000014,0.004647568267301144,3.4161490683229774,3587669732.0
2024-09-10,6.25,6.29,6.35,6.07,19774794.0,122237880.0,0.15923566878981443,0.009999999999999787,0.005511876922120211,4.458598726114639,3587669732.0
2024-09-11,6.26,6.16,6.28,6.12,13584953.0,83989291.0,-2.0667726550079424,-0.1299999999999999,0.003786567330551596,2.5437201907790166,3587669732.0
2024-09-12,6.2,6.07,6.24,6.05,15134420.0,92451247.0,-1.461038961038963,-0.08999999999999986,0.004218454074802223,3.0844155844155905,3587669732.0
2024-09-13,6.07,6.03,6.18,6.02,13301367.0,81063762.0,-0.658978583196046,-0.040000000000000036,0.0037075227079458495,2.6359143327841865,3587669732.0
2024-09-18,6.04,6.0,6.07,5.85,13608941.0,81031215.0,-0.4975124378109541,-0.03000000000000025,0.0037932535647347597,3.6484245439469425,3587669732.0
2024-09-19,6.02,5.99,6.11,5.9,21474461.0,128867776.0,-0.1666666666666594,-0.009999999999999787,0.005985629281441338,3.4999999999999996,3587669732.0
2024-09-20,6.0,5.9,6.05,5.85,21602625.0,127818116.0,-1.5025041736226985,-0.08999999999999986,0.006021352748085118,3.3388981636060127,3587669732.0
2024-09-23,5.88,5.95,6.05,5.85,18393182.0,109717599.0,0.8474576271186418,0.04999999999999982,0.00512677681447184,3.3898305084745792,3587669732.0
2024-09-24,5.96,6.18,6.2,5.92,29164126.0,176861162.0,3.8655462184873812,0.22999999999999954,0.008128988501888111,4.70588235294118,3587669732.0
2024-09-25,6.23,6.25,6.47,6.23,29863891.0,189562768.0,1.1326860841424091,0.07000000000000028,0.008324035719796294,3.8834951456310574,3587669732.0
2024-09-26,6.29,6.58,6.58,6.22,39338554.0,253373648.0,5.279999999999996,0.33000000000000007,0.010964931818868996,5.760000000000005,3587669732.0
2024-09-27,6.66,6.8,6.83,6.59,28915700.0,194019536.0,3.3434650455927084,0.21999999999999975,0.008059744112477297,3.6474164133738634,3587669732.0
2024-09-30,7.03,7.48,7.48,7.01,54393959.0,397336100.0,10.000000000000009,0.6800000000000006,0.015161361848566054,6.911764705882363,3587669732.0
2024-10-08,8.22,8.02,8.23,7.51,69411791.0,552013455.0,7.21925133689838,0.5399999999999991,0.019347319063648973,9.62566844919787,3587669732.0
2024-10-09,7.92,7.5,7.92,7.32,63140743.0,481000023.0,-6.483790523690769,-0.5199999999999996,0.017599374445429024,7.481296758104734,3587669732.0
2024-10-10,7.55,7.32,7.65,7.13,41001879.0,303148529.0,-2.399999999999991,-0.17999999999999972,0.011428554483230787,6.93333333333334,3587669732.0
2024-10-11,7.25,6.98,7.32,6.9,29292003.0,207614128.0,-4.644808743169393,-0.33999999999999986,0.008164631972316675,5.737704918032786,3587669732.0
2024-10-14,6.99,7.14,7.18,6.78,36330610.0,253967416.0,2.2922636103151817,0.15999999999999925,0.0101265201966478,5.730659025787958,3587669732.0
2024-10-15,7.1,6.89,7.18,6.89,25234327.0,177536303.0,-3.5014005602240883,-0.25,0.007033625970340572,4.061624649859945,3587669732.0
2024-10-16,6.81,6.8,6.92,6.73,20834000.0,141865492.0,-1.3062409288824406,-0.08999999999999986,0.005807112013174573,2.757619738751807,3587669732.0
2024-10-17,6.81,6.76,6.94,6.76,19890953.0,136253914.0,-0.588235294117645,-0.040000000000000036,0.005544254205615379,2.6470588235294206,3587669732.0
2024-10-18,6.74,7.13,7.26,6.73,40305160.0,282631461.0,5.4733727810651,0.3700000000000001,0.011234356284387216,7.840236686390524,3587669732.0
2024-10-21,7.15,7.05,7.23,7.0,49809933.0,353363749.0,-1.1220196353436185,-0.08000000000000007,0.01388364501774602,3.2258064516129092,3587669732.0
2024-10-22,7.06,7.28,7.45,6.88,79516279.0,570075293.0,3.2624113475177463,0.23000000000000043,0.022163767832573726,8.085106382978728,3587669732.0
2024-10-23,7.29,7.34,7.47,7.06,67071804.0,488952234.0,0.8241758241758212,0.05999999999999961,0.018695088737337544,5.631868131868133,3587669732.0
2024-10-24,7.29,7.3,7.46,7.17,43427434.0,317321595.0,-0.544959128065392,-0.040000000000000036,0.012104635388439373,3.9509536784741153,3587669732.0
2024-10-25,7.33,7.48,7.57,7.25,56467646.0,420123245.0,2.465753424657535,0.1800000000000006,0.015739365721526788,4.383561643835621,3587669732.0
2024-10-28,7.45,7.42,7.49,7.3,44413326.0,328062663.0,-0.8021390374331583,-0.0600000000000005,0.012379435488127033,2.5401069518716626,3587669732.0
2024-10-29,7.49,7.2,7.49,7.19,65441263.0,476668906.0,-2.96495956873315,-0.21999999999999975,0.01824060403785239,4.043126684636116,3587669732.0
2024-10-30,7.18,7.52,7.91,7.15,113308419.0,854263118.0,4.444444444444429,0.3199999999999994,0.03158273404860891,10.555555555555554,3587669732.0
2024-10-31,7.55,7.63,7.79,7.28,115614213.0,873492636.0,1.46276595744681,0.11000000000000032,0.032225433676011515,6.781914893617019,3587669732.0
2024-11-01,7.63,7.24,7.86,7.22,88294563.0,658738180.0,-5.111402359108775,-0.3899999999999997,0.0246105605018383,8.387942332896468,3587669732.0
2024-11-04,7.2,7.28,7.4,7.17,59305600.0,431323647.0,0.5524861878453136,0.040000000000000036,0.016530395613349617,3.176795580110503,3587669732.0
2024-11-05,7.27,7.47,7.55,7.25,68349831.0,509348764.0,2.6098901098901006,0.1899999999999995,0.0190513163434075,4.120879120879118,3587669732.0
2024-11-06,7.46,7.42,7.59,7.31,71533736.0,532483583.0,-0.669344042838016,-0.04999999999999982,0.019938774007528963,3.7483266398929085,3587669732.0
2024-11-07,7.34,7.59,7.65,7.3,62617162.0,470002800.0,2.2911051212938016,0.16999999999999993,0.017453435426759065,4.716981132075479,3587669732.0
2024-11-08,7.64,7.61,7.82,7.5,66762647.0,511052332.0,0.26350461133071157,0.020000000000000462,0.018608916647068895,4.216073781291176,3587669732.0
2024-11-11,7.65,7.89,7.94,7.57,97969062.0,761795721.0,3.6793692509855314,0.27999999999999936,0.027307157380226772,4.862023653088043,3587669732.0
2024-11-12,8.02,7.99,8.24,7.79,127853117.0,1027671671.0,1.2674271229404344,0.10000000000000053,0.03563681346128992,5.703422053231941,3587669732.0
2024-11-13,7.89,7.97,8.04,7.6,93379982.0,727440409.0,-0.25031289111390187,-0.020000000000000462,0.02602803183556808,5.506883604505625,3587669732.0
2024-11-14,7.92,7.63,8.08,7.6,62663802.0,489972872.0,-4.2659974905897124,-0.33999999999999986,0.01746643550856258,6.0225846925972455,3587669732.0
2024-11-15,7.63,7.51,7.8,7.5,48512993.0,371354070.0,-1.572739187418093,-0.1200000000000001,0.013522145744713158,3.931847968545214,3587669732.0
2024-11-18,7.5,7.21,7.6,7.12,59076572.0,432352708.0,-3.9946737683089206,-0.2999999999999998,0.01646655807614345,6.391478029294269,3587669732.0
2024-11-19,7.23,7.41,7.44,7.16,39447353.0,287566033.0,2.77392510402219,0.20000000000000018,0.010995257631479217,3.883495145631071,3587669732.0
2024-11-20,7.39,7.42,7.46,7.33,35058000.0,259123710.0,0.13495276653170407,0.009999999999999787,0.009771802484298462,1.7543859649122793,3587669732.0
2024-11-21,7.38,7.28,7.4,7.2,36198685.0,264167651.0,-1.8867924528301883,-0.13999999999999968,0.010089748417232515,2.695417789757415,3587669732.0
2024-11-22,7.28,6.92,7.29,6.89,40282791.0,286158764.0,-4.94505494505495,-0.3600000000000003,0.01122812131805225,5.494505494505499,3587669732.0
2024-11-25,6.95,6.89,6.97,6.77,31855074.0,218336009.0,-0.43352601156069204,-0.03000000000000025,0.008879043050108715,2.890173410404627,3587669732.0
2024-11-26,6.89,6.83,6.96,6.79,25445401.0,174703222.0,-0.870827285921616,-0.05999999999999961,0.007092459145010286,2.467343976777938,3587669732.0
2024-11-27,6.82,6.93,6.95,6.65,31007478.0,210944509.0,1.4641288433382194,0.09999999999999964,0.008642790534321123,4.3923865300146385,3587669732.0
2024-11-28,6.9,6.95,7.15,6.85,55061299.0,383711744.0,0.28860028860029363,0.020000000000000462,0.015347371166549731,4.32900432900434,3587669732.0
2024-11-29,6.9,6.97,7.09,6.85,42326303.0,294840648.0,0.2877697841726645,0.019999999999999574,0.011797714439117162,3.453237410071945,3587669732.0
2024-12-02,6.95,7.14,7.15,6.95,38991057.0,276330557.0,2.4390243902439046,0.16999999999999993,0.010868073126191539,2.8694404591104763,3587669732.0
2024-12-03,7.13,7.14,7.2,7.06,29919300.0,213492257.0,0.0,0.0,0.008339480006516943,1.960784313725498,3587669732.0
2024-12-04,7.14,6.98,7.15,6.96,29002384.0,204317356.0,-2.2408963585434094,-0.15999999999999925,0.00808390575679668,2.6610644257703138,3587669732.0
2024-12-05,6.97,7.04,7.07,6.95,27817560.0,195424606.0,0.8595988538681931,0.05999999999999961,0.007753656851934553,1.7191977077363911,3587669732.0
2024-12-06,7.03,7.11,7.12,6.97,32856393.0,232374463.0,0.9943181818181879,0.07000000000000028,0.009158143155413504,2.1306818181818232,3587669732.0
2024-12-09,7.11,7.2,7.21,7.03,36838599.0,262360348.0,1.2658227848101333,0.08999999999999986,0.010268113218845196,2.531645569620249,3587669732.0
2024-12-10,7.36,7.36,7.65,7.27,77914927.0,581400891.0,2.2222222222222143,0.16000000000000014,0.0217174190547816,5.277777777777788,3587669732.0
2024-12-11,7.36,7.66,7.68,7.32,58397621.0,443688925.0,4.0760869565217295,0.2999999999999998,0.016277312395599295,4.891304347826079,3587669732.0
2024-12-12,7.69,7.88,7.9,7.53,69921037.0,541648680.0,2.872062663185382,0.21999999999999975,0.01948926245254506,4.83028720626632,3587669732.0
2024-12-13,7.84,8.11,8.34,7.72,124597979.0,1000790236.0,2.9187817258883086,0.22999999999999954,0.03472950084804517,7.868020304568529,3587669732.0
2024-12-16,8.07,8.17,8.41,7.86,91480322.0,745515125.0,0.7398273736128225,0.0600000000000005,0.025498534935935402,6.781750924784215,3587669732.0
2024-12-17,8.13,8.15,8.45,8.12,70777571.0,584522609.0,-0.244798041615657,-0.019999999999999574,0.01972800627903505,4.039167686658508,3587669732.0
2024-12-18,8.09,8.34,8.63,8.09,95683017.0,805637349.0,2.3312883435582687,0.1899999999999995,0.026669962440121285,6.625766871165656,3587669732.0
2024-12-19,8.21,8.32,8.4,8.21,59817810.0,497288974.0,-0.23980815347721673,-0.019999999999999574,0.01667316516524883,2.2781774580335674,3587669732.0
2024-12-20,8.27,8.59,8.63,8.27,69708360.0,594016768.0,3.245192307692313,0.2699999999999996,0.019429982469746466,4.326923076923092,3587669732.0
2024-12-23,8.63,8.3,8.73,8.27,57051765.0,480125209.0,-3.3760186263096514,-0.28999999999999915,0.015902178645690344,5.355064027939474,3587669732.0
2024-12-24,8.3,8.5,8.54,8.18,55851361.0,467658015.0,2.409638554216853,0.1999999999999993,0.015567587089145138,4.337349397590354,3587669732.0
2024-12-25,8.45,8.33,8.46,8.27,28008424.0,233578590.0,-2.0000000000000018,-0.16999999999999993,0.00780685684364438,2.235294117647074,3587669732.0
2024-12-26,8.33,8.33,8.55,8.29,40405500.0,339570803.0,0.0,0.0,0.011262324299142036,3.1212484993997784,3587669732.0
2024-12-27,8.26,8.38,8.54,8.22,37030756.0,310351284.0,0.6002400960384291,0.05000000000000071,0.010321673611622175,3.8415366146458405,3587669732.0
2024-12-30,8.4,8.55,8.68,8.28,51140302.0,436792487.0,2.028639618138417,0.16999999999999993,0.014254462038090412,4.773269689737474,3587669732.0
2024-12-31,8.53,8.22,8.65,8.2,42106428.0,352364937.0,-3.8596491228070184,-0.33000000000000007,0.011736428140091687,5.263157894736854,3587669732.0
2025-01-02,8.22,8.06,8.4,7.9,41792543.0,341910068.0,-1.9464720194647178,-0.16000000000000014,0.011648938202765427,6.08272506082725,3587669732.0
2025-01-03,8.09,7.85,8.21,7.8,41908428.0,334506153.0,-2.6054590570719682,-0.21000000000000085,0.011681239113567323,5.086848635235745,3587669732.0
2025-01-06,7.76,7.66,7.88,7.55,33532303.0,258016219.0,-2.420382165605084,-0.1899999999999995,0.009346541210555332,4.203821656050956,3587669732.0
2025-01-07,7.67,8.12,8.43,7.66,116116010.0,950964928.0,6.005221932114879,0.4599999999999991,0.032365300786833966,10.05221932114882,3587669732.0
2025-01-08,7.97,8.41,8.53,7.88,117041929.0,960412455.0,3.571428571428581,0.2900000000000009,0.032623384464866345,8.004926108374379,3587669732.0
2025-01-09,8.33,8.2,8.42,8.15,62661407.0,517260845.0,-2.497027348394776,-0.21000000000000085,0.017465767944327602,3.210463733650411,3587669732.0
2025-01-10,8.2,7.84,8.24,7.84,57657600.0,463307261.0,-4.390243902439018,-0.35999999999999943,0.01607104452389432,4.87804878048781,3587669732.0
2025-01-13,7.75,7.85,8.03,7.67,42370509.0,331948985.0,0.12755102040815647,0.009999999999999787,0.01181003608611987,4.59183673469387,3587669732.0
2025-01-14,7.85,8.27,8.33,7.76,55109181.0,448576561.0,5.350318471337578,0.41999999999999993,0.015360717434065082,7.26114649681529,3587669732.0
2025-01-15,8.23,8.25,8.34,8.09,37018600.0,304227277.0,-0.24183796856105388,-0.019999999999999574,0.010318285339872528,3.0229746070133015,3587669732.0
2025-01-16,8.3,8.24,8.35,8.05,42706900.0,350945168.0,-0.12121212121212199,-0.009999999999999787,0.011903799176127732,3.636363636363624,3587669732.0
2025-01-17,8.17,8.19,8.27,8.09,27799497.0,227321874.0,-0.6067961165048597,-0.05000000000000071,0.007748622107560262,2.1844660194174725,3587669732.0
2025-01-20,8.24,8.85,8.99,8.24,96094350.0,829149535.0,8.058608058608051,0.6600000000000001,0.026784614297936164,9.157509157509159,3587669732.0
2025-01-21,8.79,9.05,9.17,8.72,91978104.0,827426703.0,2.259887005649719,0.20000000000000107,0.02563728293594222,5.084745762711856,3587669732.0
2025-01-22,8.96,8.95,9.04,8.78,47058964.0,418671580.0,-1.1049723756906271,-0.10000000000000142,0.013116860668712189,2.872928176795577,3587669732.0
2025-01-23,9.01,8.82,9.1,8.75,44441271.0,396331731.0,-1.4525139664804398,-0.129999999999999,0.012387224666643312,3.9106145251396613,3587669732.0
2025-01-24,8.8,8.82,8.92,8.62,43549766.0,382973388.0,0.0,0.0,0.012138733287392798,3.401360544217695,3587669732.0
2025-01-27,8.7,8.48,8.79,8.4,45344353.0,388145624.0,-3.8548752834467126,-0.33999999999999986,0.012638942931550757,4.421768707482979,3587669732.0
2025-02-05,8.58,8.51,8.59,8.19,37709021.0,317836162.0,0.3537735849056478,0.02999999999999936,0.010510728081700694,4.7169811320754755,3587669732.0
2025-02-06,8.45,8.37,8.72,8.28,75157296.0,634316948.0,-1.6451233842538215,-0.14000000000000057,0.020948777790117945,5.1703877790834465,3587669732.0
2025-02-07,8.32,8.33,8.48,8.2,68347461.0,571073861.0,-0.4778972520907865,-0.03999999999999915,0.01905065574748395,3.3452807646356173,3587669732.0
2025-02-10,8.34,8.34,8.5,8.28,40549767.0,338908744.0,0.12004801920768582,0.009999999999999787,0.011302536194544008,2.641056422569035,3587669732.0
2025-02-11,8.33,8.24,8.38,8.2,35063227.0,290201912.0,-1.1990407673860837,-0.09999999999999964,0.009773259418852214,2.1582733812949817,3587669732.0
2025-02-12,8.24,8.39,8.39,8.13,43114061.0,356577448.0,1.8203883495145678,0.15000000000000036,0.012017288162131197,3.15533980582524,3587669732.0
2025-02-13,8.39,8.05,8.39,8.03,56573232.0,459832704.0,-4.052443384982118,-0.33999999999999986,0.01576879596675205,4.290822407628143,3587669732.0
2025-02-14,8.05,8.14,8.17,7.92,43230429.0,348607834.0,1.1180124223602483,0.08999999999999986,0.012049723700709919,3.105590062111801,3587669732.0
2025-02-17,8.1,8.09,8.21,8.02,39675952.0,321477305.0,-0.6142506142506221,-0.05000000000000071,0.011058975592461252,2.33415233415235,3587669732.0
2025-02-18,8.09,8.16,8.32,8.05,54859218.0,449546169.0,0.8652657601977864,0.07000000000000028,0.01529104463286756,3.3374536464771274,3587669732.0
2025-02-19,8.1,8.18,8.27,8.0,41902475.0,341768883.0,0.2450980392156854,0.019999999999999574,0.01167957981924965,3.308823529411759,3587669732.0
2025-02-20,8.18,8.04,8.19,7.95,51746744.0,415113334.0,-1.7114914425427896,-0.14000000000000057,0.014423497106895902,2.933985330073342,3587669732.0
2025-02-21,8.03,8.05,8.13,7.96,39147491.0,314525220.0,0.12437810945276073,0.010000000000001563,0.010911676359400185,2.114427860696528,3587669732.0
2025-02-24,8.05,7.81,8.05,7.75,64300859.0,505091665.0,-2.9813664596273437,-0.2400000000000011,0.01792273642873881,3.72670807453417,3587669732.0
2025-02-25,7.74,7.77,7.83,7.62,33094785.0,255836947.0,-0.5121638924455829,-0.040000000000000036,0.009224590743348837,2.688860435339308,3587669732.0
2025-02-26,7.77,7.81,7.82,7.72,31534510.0,245212460.0,0.5148005148005064,0.040000000000000036,0.008789691458700859,1.287001287001294,3587669732.0
2025-02-27,7.81,7.64,7.83,7.53,41822169.0,320832099.0,-2.17669654289373,-0.16999999999999993,0.01165719593054225,3.841229193341867,3587669732.0
2025-02-28,7.6,7.55,7.68,7.51,32849386.0,249056263.0,-1.1780104712041828,-0.08999999999999986,0.009156190077085947,2.2251308900523554,3587669732.0
2025-03-03,7.56,7.78,7.81,7.54,43199960.0,333039037.0,3.0463576158940464,0.23000000000000043,0.012041231001471682,3.5761589403973457,3587669732.0
2025-03-04,7.69,7.86,7.9,7.67,34763535.0,272401508.0,1.0282776349614497,0.08000000000000007,0.009689725531290905,2.9562982005141443,3587669732.0
2025-03-05,7.82,7.78,7.89,7.71,19372084.0,150435398.0,-1.0178117048346036,-0.08000000000000007,0.005399628574283715,2.290076335877859,3587669732.0
2025-03-06,7.8,7.83,7.91,7.79,35748389.0,280549752.0,0.6426735218509005,0.04999999999999982,0.009964236306687997,1.5424164524421609,3587669732.0
2025-03-07,7.82,7.79,7.89,7.72,32561872.0,254096496.0,-0.5108556832694733,-0.040000000000000036,0.009076050593388344,2.1711366538952737,3587669732.0
2025-03-10,7.78,7.75,7.84,7.66,22915761.0,177483385.0,-0.5134788189987138,-0.040000000000000036,0.00638736637199469,2.3106546854942196,3587669732.0
2025-03-11,7.65,7.82,7.82,7.62,21752267.0,168765333.0,0.903225806451613,0.07000000000000028,0.006063062830444505,2.580645161290325,3587669732.0
2025-03-12,7.86,7.83,7.9,7.82,21263844.0,167081325.0,0.12787723785165905,0.009999999999999787,0.0059269234875045625,1.0230179028133002,3587669732.0
2025-03-13,7.81,7.79,7.85,7.71,18055169.0,140005298.0,-0.5108556832694733,-0.040000000000000036,0.005032561620418409,1.7879948914431631,3587669732.0
2025-03-14,7.76,7.88,7.94,7.75,30849090.0,242799672.0,1.1553273427471034,0.08999999999999986,0.00859864265789112,2.4390243902439073,3587669732.0
2025-03-17,7.95,8.05,8.08,7.89,40656994.0,325178506.0,2.15736040609138,0.17000000000000082,0.011332423839731522,2.4111675126903607,3587669732.0
2025-03-18,8.06,8.45,8.5,8.06,84041697.0,702596865.0,4.968944099378869,0.3999999999999986,0.023425148711542547,5.465838509316764,3587669732.0
2025-03-19,8.43,8.32,8.44,8.23,35327498.0,292968559.0,-1.538461538461522,-0.129999999999999,0.009846920324047263,2.485207100591705,3587669732.0
2025-03-20,8.28,8.16,8.32,8.14,26632027.0,219010742.0,-1.9230769230769273,-0.16000000000000014,0.007423210325760275,2.1634615384615348,3587669732.0
2025-03-21,8.11,7.92,8.17,7.91,28933797.0,231794265.0,-2.941176470588236,-0.2400000000000002,0.008064788333755131,3.1862745098039187,3587669732.0
2025-03-24,7.92,8.0,8.13,7.89,31275505.0,250255300.0,1.0101010101010166,0.08000000000000007,0.008717498358625392,3.0303030303030445,3587669732.0
2025-03-25,7.98,7.83,8.01,7.73,26976946.0,211568510.0,-2.124999999999999,-0.16999999999999993,0.007519350446163086,3.499999999999992,3587669732.0
2025-03-26,7.85,7.86,7.9,7.81,16335558.0,128272036.0,0.3831417624521105,0.03000000000000025,0.004553250220971009,1.1494252873563313,3587669732.0
2025-03-27,7.84,7.83,7.89,7.7,15420513.0,120578555.0,-0.3816793893129833,-0.03000000000000025,0.004298197479678154,2.4173027989821816,3587669732.0
2025-03-28,7.82,7.72,7.84,7.7,14470153.0,112019256.0,-1.4048531289910682,-0.11000000000000032,0.004033301301659503,1.7879948914431631,3587669732.0
2025-03-31,7.67,7.64,7.72,7.54,16109252.0,122790956.0,-1.0362694300518172,-0.08000000000000007,0.00449017139351332,2.3316062176165766,3587669732.0
2025-04-01,7.65,7.56,7.83,7.54,24381236.0,187068937.0,-1.0471204188481686,-0.08000000000000007,0.006795841819700699,3.7958115183246077,3587669732.0
2025-04-02,7.56,7.6,7.75,7.51,19773200.0,150552892.0,0.5291005291005346,0.040000000000000036,0.005511432622583443,3.174603174603178,3587669732.0
2025-04-03,7.53,7.46,7.58,7.4,21639306.0,162145098.0,-1.8421052631578894,-0.13999999999999968,0.006031576933347442,2.368421052631575,3587669732.0
2025-04-07,7.0,6.71,7.0,6.71,14416500.0,98076151.0,-10.053619302949057,-0.75,0.004018346469133687,3.887399463806971,3587669732.0
2025-04-08,6.58,6.3,6.62,6.11,71215196.0,449209555.0,-6.110283159463492,-0.41000000000000014,0.019849986570614465,7.600596125186286,3587669732.0
2025-04-09,6.17,6.24,6.38,5.87,43693145.0,270055161.0,-0.952380952380949,-0.05999999999999961,0.012178697668372781,8.095238095238091,3587669732.0
2025-04-10,6.43,6.46,6.6,6.42,41205040.0,268547965.0,3.525641025641013,0.21999999999999975,0.011485182047966728,2.8846153846153797,3587669732.0
2025-04-11,6.44,6.53,6.59,6.37,23018600.0,150007077.0,1.0835913312693624,0.07000000000000028,0.006416030939160038,3.405572755417953,3587669732.0
2025-04-14,6.7,6.71,6.87,6.63,34220101.0,230461831.0,2.7565084226646164,0.17999999999999972,0.009538252837148277,3.6753445635528363,3587669732.0
2025-04-15,6.71,6.57,6.71,6.51,18498945.0,121781926.0,-2.0864381520119157,-0.13999999999999968,0.005156256395342023,2.9806259314456063,3587669732.0
2025-04-16,6.56,6.51,6.56,6.38,14973800.0,96864023.0,-0.9132420091324311,-0.0600000000000005,0.004173684067527763,2.739726027397256,3587669732.0
2025-04-17,6.45,6.46,6.52,6.43,15177670.0,98222498.0,-0.7680491551459223,-0.04999999999999982,0.0042305092535758525,1.3824884792626706,3587669732.0
2025-04-18,6.45,6.75,6.84,6.42,31951772.0,212343150.0,4.489164086687314,0.29000000000000004,0.008905995921254437,6.501547987616098,3587669732.0
2025-04-21,6.76,6.78,6.85,6.69,15338243.0,103975324.0,0.4444444444444473,0.03000000000000025,0.004275266160424825,2.370370370370359,3587669732.0
2025-04-22,6.82,6.67,6.82,6.67,15337022.0,103001640.0,-1.6224188790560534,-0.11000000000000032,0.004274925828094591,2.2123893805309787,3587669732.0
2025-04-23,6.71,6.69,6.78,6.64,17423051.0,116455660.0,0.2998500749625155,0.020000000000000462,0.004856369817042011,2.0989505247376394,3587669732.0
2025-04-24,6.69,6.55,6.7,6.53,18895858.0,124472645.0,-2.092675635276542,-0.14000000000000057,0.005266888931124166,2.541106128550074,3587669732.0
2025-04-25,6.55,6.65,6.67,6.54,13940881.0,92272701.0,1.526717557251911,0.10000000000000053,0.003885776016575653,1.9847328244274793,3587669732.0
2025-04-28,6.65,6.51,6.65,6.49,14130549.0,92606648.0,-2.1052631578947434,-0.14000000000000057,0.0039386426442666765,2.406015037593987,3587669732.0
2025-04-29,6.55,6.64,6.74,6.53,20306049.0,135286851.0,1.9969278033794113,0.1299999999999999,0.005659954933666675,3.2258064516129026,3587669732.0
2025-04-30,6.63,6.7,6.73,6.61,14010459.0,93770984.0,0.9036144578313365,0.0600000000000005,0.0039051696634822795,1.8072289156626522,3587669732.0
2025-05-06,6.75,6.88,6.93,6.73,24968849.0,170246228.0,2.686567164179099,0.17999999999999972,0.00695962863506969,2.9850746268656607,3587669732.0
2025-05-07,6.9,6.83,6.96,6.78,19653367.0,134553214.0,-0.7267441860465129,-0.04999999999999982,0.005478031276040545,2.6162790697674376,3587669732.0
2025-05-08,6.82,6.87,6.88,6.79,16665191.0,114089438.0,0.5856515373352966,0.040000000000000036,0.004645129637033156,1.3177159590043903,3587669732.0
2025-05-09,6.87,6.64,6.87,6.63,29497749.0,197341750.0,-3.3478893740902516,-0.23000000000000043,0.008221980060454461,3.493449781659392,3587669732.0
2025-05-12,6.75,6.88,6.9,6.68,35965200.0,244517860.0,3.6144578313253017,0.2400000000000002,0.010024668569464632,3.313253012048203,3587669732.0
2025-05-13,6.95,6.79,6.98,6.77,23216499.0,158651634.0,-1.3081395348837233,-0.08999999999999986,0.006471191813706223,3.0523255813953614,3587669732.0
2025-05-14,6.79,6.77,6.82,6.69,21784100.0,146915817.0,-0.2945508100147376,-0.020000000000000462,0.006071935720754354,1.9145802650957273,3587669732.0
2025-05-15,6.76,6.61,6.76,6.6,21174888.0,140786296.0,-2.3633677991137247,-0.15999999999999925,0.005902128563042436,2.3633677991137394,3587669732.0
2025-05-16,6.61,6.63,6.68,6.59,11330900.0,75159558.0,0.302571860816947,0.019999999999999574,0.003158289599216654,1.3615733736762459,3587669732.0
2025-05-19,6.63,6.67,6.68,6.57,12749550.0,84555657.0,0.6033182503770718,0.040000000000000036,0.0035537133996145663,1.6591251885369447,3587669732.0
2025-05-20,6.66,6.67,6.69,6.62,12616600.0,84006146.0,0.0,0.0,0.0035166559194306575,1.0494752623688197,3587669732.0
2025-05-21,6.66,6.59,6.68,6.57,14965200.0,98760330.0,-1.199400299850073,-0.08000000000000007,0.004171286968395897,1.6491754122938445,3587669732.0
2025-05-22,6.57,6.49,6.63,6.48,16873100.0,110240835.0,-1.5174506828528056,-0.09999999999999964,0.004703080623475851,2.276176024279203,3587669732.0
2025-05-23,6.48,6.35,6.53,6.35,18627600.0,119716476.0,-2.157164869029282,-0.14000000000000057,0.005192116719622285,2.773497688751935,3587669732.0
2025-05-26,6.35,6.37,6.4,6.33,13686400.0,87136154.0,0.31496062992126816,0.020000000000000462,0.0038148439021365305,1.102362204724414,3587669732.0
2025-05-27,6.37,6.35,6.38,6.28,15358122.0,97120215.0,-0.31397174254317317,-0.020000000000000462,0.00428080708294138,1.5698587127158499,3587669732.0
2025-05-28,6.35,6.15,6.36,6.15,26477086.0,163764110.0,-3.149606299212593,-0.1999999999999993,0.0073800232401102185,3.3070866141732282,3587669732.0
2025-05-29,6.17,6.25,6.26,6.16,26416851.0,164542617.0,1.6260162601625883,0.09999999999999964,0.0073632337905511535,1.6260162601625958,3587669732.0
2025-05-30,6.21,6.14,6.22,6.11,26262448.0,161311348.0,-1.760000000000006,-0.11000000000000032,0.0073201966629630666,1.7599999999999907,3587669732.0
2025-06-03,6.13,6.17,6.22,6.1,26114434.0,161356126.0,0.48859934853420217,0.03000000000000025,0.007278940357043991,1.9543973941368098,3587669732.0
2025-06-04,6.17,6.31,6.38,6.17,26494500.0,166920532.0,2.269043760129663,0.13999999999999968,0.00738487708711979,3.403565640194489,3587669732.0
2025-06-05,6.32,6.39,6.41,6.25,20986132.0,133041274.0,1.267828843106189,0.08000000000000007,0.0058495161393523724,2.535657686212364,3587669732.0
2025-06-06,6.4,6.31,6.41,6.3,15124469.0,95735367.0,-1.2519561815336422,-0.08000000000000007,0.004215680408120689,1.7214397496087688,3587669732.0
2025-06-09,6.32,6.33,6.35,6.24,16556700.0,104695017.0,0.31695721077655836,0.020000000000000462,0.004614889674019749,1.7432646592709895,3587669732.0
2025-06-10,6.35,6.31,6.35,6.24,22696600.0,142964306.0,-0.3159557661927437,-0.020000000000000462,0.00632627908794365,1.7377567140600225,3587669732.0
2025-06-11,6.32,6.31,6.4,6.31,19331500.0,122818141.0,0.0,0.0,0.005388316496240965,1.4263074484944651,3587669732.0
2025-06-12,6.29,6.31,6.34,6.27,13123600.0,82772413.0,0.0,0.0,0.0036579732752278884,1.1093502377179125,3587669732.0
2025-06-13,6.29,6.27,6.31,6.22,18245396.0,114283620.0,-0.6339144215530945,-0.040000000000000036,0.005085584059553005,1.4263074484944511,3587669732.0
2025-06-16,6.25,6.3,6.31,6.23,10663340.0,66980542.0,0.4784688995215447,0.03000000000000025,0.0029722189600923945,1.2759170653907366,3587669732.0
2025-06-17,6.32,6.38,6.42,6.28,23248000.0,147731578.0,1.2698412698412653,0.08000000000000007,0.006479972164840283,2.222222222222217,3587669732.0
2025-06-18,6.46,6.34,6.49,6.29,33273099.0,212367184.0,-0.6269592476489061,-0.040000000000000036,0.009274292642720882,3.134796238244517,3587669732.0
2025-06-19,6.35,6.32,6.43,6.27,24927944.0,158131343.0,-0.3154574132492094,-0.019999999999999574,0.006948227083908179,2.5236593059936934,3587669732.0
2025-06-20,6.32,6.26,6.38,6.24,18810985.0,118415778.0,-0.9493670886076,-0.0600000000000005,0.00524323207128476,2.2151898734177164,3587669732.0
2025-06-23,6.22,6.27,6.31,6.22,16124943.0,101007590.0,0.15974440894568342,0.009999999999999787,0.004494544984499148,1.43769968051118,3587669732.0
2025-06-24,6.29,6.39,6.4,6.27,30362214.0,192941518.0,1.9138755980861344,0.1200000000000001,0.008462934514062456,2.0733652312599804,3587669732.0
2025-06-25,6.48,6.42,6.49,6.33,33840110.0,216336573.0,0.46948356807512415,0.03000000000000025,0.009432337012006768,2.503912363067295,3587669732.0
2025-06-26,6.41,6.41,6.48,6.38,34291600.0,220856292.0,-0.15576323987538387,-0.009999999999999787,0.009558181929105174,1.5576323987539025,3587669732.0
2025-06-27,6.42,6.44,6.48,6.37,23743800.0,152852707.0,0.46801872074884177,0.03000000000000025,0.006618167717116944,1.7160686427457148,3587669732.0
2025-06-30,6.44,6.46,6.47,6.42,22065087.0,142238546.0,0.31055900621117516,0.019999999999999574,0.006150255917703854,0.7763975155279476,3587669732.0
2025-07-01,6.45,6.44,6.46,6.38,21244588.0,136516100.0,-0.3095975232198067,-0.019999999999999574,0.00592155621530884,1.2383900928792582,3587669732.0
2025-07-02,6.43,6.39,6.44,6.36,21586327.0,137772689.0,-0.7763975155279601,-0.05000000000000071,0.006016809966497775,1.2422360248447215,3587669732.0
2025-07-03,6.39,6.48,6.49,6.36,31580073.0,203448295.0,1.4084507042253724,0.09000000000000075,0.008802391345647979,2.0344287949921736,3587669732.0
2025-07-04,6.45,6.38,6.46,6.37,26614372.0,170507428.0,-1.5432098765432167,-0.10000000000000053,0.00741828930422852,1.3888888888888866,3587669732.0
2025-07-07,6.37,6.34,6.4,6.31,17933902.0,113694325.0,-0.6269592476489061,-0.040000000000000036,0.004998760571531895,1.4106583072100431,3587669732.0
2025-07-08,6.33,6.47,6.48,6.33,33605068.0,216528753.0,2.0504731861198833,0.1299999999999999,0.009366823177803034,2.365930599369091,3587669732.0
2025-07-09,6.47,6.41,6.47,6.39,19771585.0,127165287.0,-0.9273570324574876,-0.05999999999999961,0.005510982469665075,1.2364760432766626,3587669732.0
2025-07-10,6.41,6.46,6.47,6.39,19989837.0,128709787.0,0.7800312012480548,0.04999999999999982,0.005571816385912526,1.248049921996881,3587669732.0
2025-07-11,6.45,6.51,6.53,6.39,31215701.0,202208606.0,0.7739938080495223,0.04999999999999982,0.008700829042755378,2.1671826625387083,3587669732.0
2025-07-14,6.4,6.26,6.42,6.23,78979898.0,499876691.0,-3.840245775729645,-0.25,0.022014261038451687,2.918586789554524,3587669732.0
2025-07-15,6.25,6.1,6.26,6.05,64261460.0,393874360.0,-2.5559105431309903,-0.16000000000000014,0.01791175464865783,3.3546325878594248,3587669732.0
2025-07-16,6.09,6.11,6.14,6.05,24406624.0,148893281.0,0.16393442622952836,0.010000000000000675,0.0068029182793239345,1.4754098360655716,3587669732.0
2025-07-17,6.11,6.21,6.22,6.09,33450297.0,206550676.0,1.6366612111292866,0.09999999999999964,0.0093236834766707,2.1276595744680833,3587669732.0
2025-07-18,6.22,6.11,6.23,6.08,46663602.0,285647493.0,-1.6103059581320411,-0.09999999999999964,0.013006660446971154,2.4154589371980735,3587669732.0
2025-07-21,6.12,6.24,6.24,6.1,45183090.0,279508002.0,2.127659574468077,0.1299999999999999,0.012593993699306322,2.291325695581024,3587669732.0
2025-07-22,6.24,6.26,6.26,6.16,37264098.0,231578035.0,0.3205128205128194,0.019999999999999574,0.010386713600648679,1.6025641025640969,3587669732.0
2025-07-23,6.27,6.24,6.32,6.22,37530957.0,235386921.0,-0.31948881789136685,-0.019999999999999574,0.010461095865442945,1.5974440894568775,3587669732.0
2025-07-24,6.28,6.33,6.33,6.26,37228458.0,234246426.0,1.4423076923076872,0.08999999999999986,0.010376779575874294,1.1217948717948762,3587669732.0
2025-07-25,6.34,6.41,6.49,6.31,56413738.0,361583871.0,1.2638230647709303,0.08000000000000007,0.01572433981222439,2.8436018957346065,3587669732.0
2025-07-28,6.45,6.35,6.45,6.34,30656700.0,195497341.0,-0.9360374414976724,-0.0600000000000005,0.008545017320451613,1.7160686427457148,3587669732.0
2025-07-29,6.35,6.33,6.37,6.26,25872100.0,162979205.0,-0.31496062992125706,-0.019999999999999574,0.007211394005762401,1.7322834645669343,3587669732.0
2025-07-30,6.34,6.28,6.35,6.23,26654700.0,167676779.0,-0.7898894154818259,-0.04999999999999982,0.007429530026762229,1.8957345971563857,3587669732.0
2025-07-31,6.26,6.15,6.3,6.12,34370300.0,212978160.0,-2.07006369426751,-0.1299999999999999,0.009580118173486321,2.866242038216556,3587669732.0
2025-08-01,6.15,6.17,6.26,6.13,21152660.0,130670392.0,0.3252032520325132,0.019999999999999574,0.005895932897983933,2.1138211382113803,3587669732.0
2025-08-04,6.14,6.17,6.18,6.11,18829855.0,115632149.0,0.0,0.0,0.005248491752752006,1.13452188006482,3587669732.0
2025-08-05,6.18,6.23,6.25,6.18,22792323.0,141759802.0,0.9724473257698651,0.0600000000000005,0.006352960194943608,1.1345218800648345,3587669732.0
2025-08-06,6.22,6.22,6.23,6.16,22269837.0,137967146.0,-0.16051364365972098,-0.010000000000000675,0.006207326388314274,1.123595505617982,3587669732.0
2025-08-07,6.21,6.21,6.25,6.18,18111467.0,112410752.0,-0.1607717041800627,-0.009999999999999787,0.005048253700293503,1.1254019292604547,3587669732.0
2025-08-08,6.19,6.17,6.2,6.15,19729500.0,121811802.0,-0.6441223832528209,-0.040000000000000036,0.005499252014204077,0.8051529790660197,3587669732.0
2025-08-11,6.17,6.25,6.26,6.17,27584693.0,171768668.0,1.296596434359798,0.08000000000000007,0.0076887492608252155,1.458670988654779,3587669732.0
2025-08-12,6.26,6.22,6.27,6.19,20387300.0,126740754.0,-0.48000000000000265,-0.03000000000000025,0.005682602224546125,1.279999999999987,3587669732.0
2025-08-13,6.22,6.24,6.24,6.19,25062777.0,155784992.0,0.3215434083601254,0.020000000000000462,0.006985809417308984,0.8038585209003187,3587669732.0
2025-08-14,6.25,6.15,6.25,6.13,33229900.0,205413771.0,-1.4423076923076872,-0.08999999999999986,0.00926225167930257,1.9230769230769247,3587669732.0
2025-08-15,6.13,6.21,6.23,6.12,24964451.0,154660900.0,0.9756097560975618,0.05999999999999961,0.006958402769722952,1.7886178861788666,3587669732.0
2025-08-18,6.24,6.34,6.37,6.21,56473514.0,356169744.0,2.093397745571668,0.1299999999999999,0.0157410013235856,2.5764895330112747,3587669732.0
2025-08-19,6.37,6.37,6.48,6.32,39403580.0,251900613.0,0.4731861198738141,0.03000000000000025,0.010983056675630477,2.5236593059936934,3587669732.0
2025-08-20,6.36,6.52,6.53,6.31,54629001.0,352817918.0,2.3547880690737655,0.14999999999999947,0.015226875682769788,3.4536891679748924,3587669732.0
2025-08-21,6.52,6.52,6.57,6.46,41749500.0,272091050.0,0.0,0.0,0.011636940721610436,1.687116564417183,3587669732.0
2025-08-22,6.51,6.68,6.7,6.47,57455005.0,379529488.0,2.4539877300613577,0.16000000000000014,0.016014574721729152,3.527607361963197,3587669732.0
2025-08-25,6.73,6.6,6.76,6.53,60944931.0,403710372.0,-1.19760479041916,-0.08000000000000007,0.016987330371133504,3.443113772455083,3587669732.0
2025-08-26,6.6,6.65,6.71,6.55,47424695.0,315088628.0,0.7575757575757791,0.05000000000000071,0.013218801769014117,2.4242424242424265,3587669732.0
2025-08-27,6.64,6.46,6.7,6.45,56396202.0,371571023.0,-2.857142857142858,-0.1900000000000004,0.015719451959855038,3.7593984962406015,3587669732.0
2025-08-28,6.43,6.52,6.52,6.3,54302966.0,349127335.0,0.9287925696594312,0.05999999999999961,0.015135999146088623,3.405572755417953,3587669732.0
2025-08-29,6.52,6.45,6.53,6.41,33848884.0,218586904.0,-1.0736196319018343,-0.0699999999999994,0.009434782610586185,1.840490797546014,3587669732.0
2025-09-01,6.44,6.39,6.48,6.35,33052331.0,211199796.0,-0.9302325581395432,-0.0600000000000005,0.009212757435611132,2.0155038759690043,3587669732.0
2025-09-02,6.39,6.21,6.4,6.18,44922309.0,280735342.0,-2.8169014084507005,-0.17999999999999972,0.012521305570386878,3.4428794992175376,3587669732.0
2025-09-03,6.22,6.15,6.26,6.12,38882906.0,240526069.0,-0.9661835748792202,-0.05999999999999961,0.010837927932213578,2.254428341384858,3587669732.0
2025-09-04,6.16,6.13,6.24,6.06,42747580.0,262873599.0,-0.3252032520325243,-0.020000000000000462,0.011915138012486374,2.9268292682926926,3587669732.0
2025-09-05,6.13,6.2,6.21,6.09,34440522.0,212103345.0,1.1419249592169667,0.07000000000000028,0.009599691324095381,1.9575856443719433,3587669732.0
2025-09-08,6.21,6.23,6.23,6.15,33219800.0,205759331.0,0.4838709677419395,0.03000000000000025,0.009259436481484912,1.2903225806451624,3587669732.0
2025-09-09,6.21,6.14,6.21,6.12,25113391.0,154733492.0,-1.4446227929374111,-0.09000000000000075,0.006999917181897389,1.4446227929373974,3587669732.0
2025-09-10,6.15,6.14,6.17,6.11,17582480.0,107889717.0,0.0,0.0,0.004900807853959953,0.9771986970683976,3587669732.0
2025-09-11,6.12,6.2,6.2,6.08,37562045.0,230721811.0,0.9771986970684043,0.0600000000000005,0.010469761100072184,1.9543973941368098,3587669732.0
2025-09-12,6.19,6.17,6.22,6.15,29104680.0,179899625.0,-0.4838709677419395,-0.03000000000000025,0.008112418972237771,1.1290322580645062,3587669732.0
2025-09-15,6.19,6.14,6.19,6.13,20349656.0,125146179.0,-0.4862236628849326,-0.03000000000000025,0.005672109619927523,0.9724473257698621,3587669732.0
2025-09-16,6.15,6.19,6.2,6.12,24820662.0,153065521.0,0.8143322475570258,0.05000000000000071,0.00691832410843552,1.3029315960912065,3587669732.0
2025-09-17,6.17,6.23,6.24,6.15,28908784.0,179733710.0,0.646203554119551,0.040000000000000036,0.008057816398803345,1.4539579967689797,3587669732.0
2025-09-18,6.22,6.22,6.35,6.18,48346000.0,302186954.0,-0.16051364365972098,-0.010000000000000675,0.013475599375489004,2.728731942215087,3587669732.0
2025-09-19,6.21,6.21,6.25,6.16,24526400.0,152311222.0,-0.1607717041800627,-0.009999999999999787,0.006836303738116773,1.4469453376205765,3587669732.0
2025-09-22,6.23,6.13,6.23,6.11,24556700.0,151039203.0,-1.2882447665056418,-0.08000000000000007,0.006844749331569744,1.9323671497584558,3587669732.0
2025-09-23,6.11,6.03,6.14,5.91,37754313.0,226658712.0,-1.631321370309946,-0.09999999999999964,0.010523352432151913,3.75203915171288,3587669732.0
2025-09-24,6.01,6.13,6.13,5.99,27633704.0,168394298.0,1.6583747927031434,0.09999999999999964,0.007702410217284739,2.321724709784406,3587669732.0
2025-09-25,6.11,6.05,6.13,6.03,21168066.0,128495002.0,-1.3050570962479635,-0.08000000000000007,0.00590022705021946,1.6313213703099454,3587669732.0
2025-09-26,6.03,5.96,6.04,5.96,19807261.0,118744881.0,-1.4876033057851235,-0.08999999999999986,0.00552092652880792,1.322314049586778,3587669732.0
2025-09-29,5.96,5.93,5.97,5.84,22177126.0,130989988.0,-0.5033557046979942,-0.03000000000000025,0.006181484823475384,2.1812080536912735,3587669732.0
2025-09-30,5.93,5.89,5.95,5.89,16957258.0,100209905.0,-0.6745362563237767,-0.040000000000000036,0.004726538189608363,1.0118043844856746,3587669732.0
2025-10-09,5.9,6.0,6.08,5.89,29870704.0,179241573.0,1.8675721561969505,0.11000000000000032,0.008325934724027156,3.22580645161291,3587669732.0
2025-10-10,5.98,5.98,6.0,5.94,18175166.0,108441977.0,-0.33333333333332993,-0.019999999999999574,0.005066008679084287,0.9999999999999934,3587669732.0
2025-10-13,5.83,5.92,5.94,5.8,23840145.0,139800174.0,-1.0033444816053616,-0.0600000000000005,0.006645022195705276,2.3411371237458285,3587669732.0
2025-10-14,5.95,5.91,5.97,5.9,24819560.0,147374429.0,-0.16891891891891442,-0.009999999999999787,0.006918016945267692,1.1824324324324222,3587669732.0
2025-10-15,5.89,5.91,5.93,5.87,16030390.0,94590900.0,0.0,0.0,0.004468189994474106,1.0152284263959324,3587669732.0
2025-10-16,5.89,5.84,5.9,5.83,18238275.0,106893204.0,-1.1844331641285955,-0.07000000000000028,0.005083599205725328,1.1844331641286003,3587669732.0
2025-10-17,5.83,5.77,5.87,5.76,18049074.0,104876842.0,-1.1986301369863117,-0.07000000000000028,0.005030862746091813,1.883561643835622,3587669732.0
2025-10-20,5.8,5.8,5.82,5.78,12329713.0,71494235.0,0.5199306759098743,0.03000000000000025,0.003436691200983714,0.6932409012131723,3587669732.0
2025-10-21,5.81,5.87,5.88,5.78,16746185.0,97980911.0,1.206896551724146,0.07000000000000028,0.004667705293671107,1.7241379310344769,3587669732.0
2025-10-22,5.86,5.86,5.89,5.84,13646705.0,79991952.0,-0.17035775127768327,-0.009999999999999787,0.0038037796172482245,0.8517887563884127,3587669732.0
2025-10-23,5.85,5.88,5.88,5.81,15016927.0,87675040.0,0.3412969283276279,0.019999999999999574,0.004185704962209158,1.1945392491467623,3587669732.0
2025-10-24,5.87,5.88,5.9,5.86,13053600.0,76801048.0,0.0,0.0,0.0036384620032243256,0.680272108843538,3587669732.0
2025-10-27,5.9,5.89,5.91,5.87,15238736.0,89746842.0,0.1700680272108901,0.009999999999999787,0.004247530329806846,0.680272108843538,3587669732.0
2025-10-28,5.88,5.86,5.89,5.85,10960300.0,64327838.0,-0.5093378607809784,-0.02999999999999936,0.0030549913505806504,0.6791171477079803,3587669732.0
2025-10-29,5.86,5.88,5.88,5.82,11674002.0,68324569.0,0.3412969283276279,0.019999999999999574,0.0032539232627447436,1.0238907849829284,3587669732.0
2025-10-30,5.85,5.86,5.92,5.85,17318728.0,101958655.0,-0.340136054421758,-0.019999999999999574,0.004827291610910187,1.1904761904761954,3587669732.0
2025-10-31,5.84,5.86,5.87,5.82,16994100.0,99374923.0,0.0,0.0,0.004736807250796295,0.8532423208191096,3587669732.0
2025-11-03,5.85,5.91,5.91,5.82,19273131.0,112903565.0,0.8532423208191142,0.04999999999999982,0.005372047161447023,1.5358361774744003,3587669732.0
2025-11-04,5.9,5.83,5.9,5.82,16018186.0,93758550.0,-1.3536379018612488,-0.08000000000000007,0.0044647883435665146,1.3536379018612532,3587669732.0
2025-11-05,5.82,5.88,5.89,5.81,17418840.0,102168547.0,0.8576329331046351,0.04999999999999982,0.004855196074664768,1.3722126929674112,3587669732.0
2025-11-06,5.87,5.89,5.9,5.85,13772280.0,80975325.0,0.1700680272108901,0.009999999999999787,0.0038387814455603294,0.8503401360544338,3587669732.0
2025-11-07,5.89,5.95,6.03,5.86,35107823.0,209394715.0,1.018675721561979,0.0600000000000005,0.009785689771513227,2.8862478777589122,3587669732.0
2025-11-10,5.95,6.01,6.03,5.94,23422631.0,140542093.0,1.0084033613445342,0.05999999999999961,0.006528647492572485,1.5126050420168042,3587669732.0
2025-11-11,6.03,5.99,6.05,5.97,18919950.0,113476070.0,-0.33277870216305017,-0.019999999999999574,0.005273604153482877,1.3311148086522475,3587669732.0
2025-11-12,6.0,5.96,6.01,5.92,19069182.0,113683847.0,-0.5008347245409106,-0.03000000000000025,0.005315199955534815,1.502504173622702,3587669732.0
2025-11-13,5.96,5.98,5.99,5.93,17481078.0,104245513.0,0.3355704697986628,0.020000000000000462,0.004872543825335592,1.0067114093959817,3587669732.0
2025-11-14,5.96,5.98,6.05,5.94,26342974.0,157885325.0,0.0,0.0,0.0073426418728110504,1.8394648829431341,3587669732.0
2025-11-17,5.97,5.92,5.97,5.9,19719300.0,116936772.0,-1.0033444816053616,-0.0600000000000005,0.0054964089431407005,1.1705685618728996,3587669732.0
2025-11-18,5.92,5.83,5.93,5.81,24004225.0,140476700.0,-1.520270270270263,-0.08999999999999986,0.006690756617281627,2.027027027027029,3587669732.0
2025-11-19,5.83,5.8,5.85,5.77,16096826.0,93351632.0,-0.5145797598627877,-0.03000000000000025,0.00448670786400023,1.3722126929674112,3587669732.0
2025-11-20,5.81,5.81,5.84,5.79,11756139.0,68323198.0,0.17241379310344307,0.009999999999999787,0.0032768175105812665,0.8620689655172384,3587669732.0
2025-11-21,5.78,5.59,5.78,5.59,26986316.0,152866120.0,-3.7865748709122182,-0.21999999999999975,0.007521962169286992,3.27022375215147,3587669732.0
2025-11-24,5.61,5.5,5.61,5.43,27983528.0,153599380.0,-1.610017889087656,-0.08999999999999986,0.007799917520390085,3.220035778175324,3587669732.0
2025-11-25,5.51,5.52,5.55,5.5,14124043.0,78084815.0,0.363636363636366,0.019999999999999574,0.003936829210900174,0.909090909090906,3587669732.0
2025-11-26,5.52,5.55,5.61,5.5,14507125.0,80649157.0,0.5434782608695787,0.03000000000000025,0.00404360659806687,1.992753623188412,3587669732.0
2025-11-27,5.56,5.53,5.57,5.52,10046375.0,55765035.0,-0.3603603603603567,-0.019999999999999574,0.002800250789639853,0.9009009009009137,3587669732.0
2025-11-28,5.54,5.57,5.57,5.51,8655659.0,48034952.0,0.723327305605781,0.040000000000000036,0.002412613101701191,1.084990958408689,3587669732.0
2025-12-01,5.58,5.66,5.66,5.55,14377542.0,80822616.0,1.6157989228007263,0.08999999999999986,0.004007487610066332,1.9748653500897724,3587669732.0
2025-12-02,5.66,5.78,5.89,5.66,36541693.0,211995177.0,2.1201413427561766,0.1200000000000001,0.010185355879909628,4.063604240282677,3587669732.0
2025-12-03,5.76,6.36,6.36,5.75,176169716.0,1093491251.0,10.034602076124566,0.5800000000000001,0.04910421782380497,10.553633217993085,3587669732.0
2025-12-04,6.34,6.32,6.41,6.19,133711183.0,842083033.0,-0.6289308176100628,-0.040000000000000036,0.037269646591873075,3.4591194968553416,3587669732.0
2025-12-05,6.24,6.63,6.72,6.23,162352847.0,1054242961.0,4.905063291139244,0.3099999999999996,0.04525300797671083,7.753164556962014,3587669732.0
2025-12-08,6.6,6.39,6.62,6.33,123470825.0,792691844.0,-3.6199095022624417,-0.2400000000000002,0.03441532644398941,4.374057315233786,3587669732.0
2025-12-09,6.35,6.32,6.43,6.26,65846129.0,415946448.0,-1.0954616588419341,-0.0699999999999994,0.018353453332866594,2.6604068857589978,3587669732.0
2025-12-10,6.28,6.35,6.44,6.26,50524817.0,319796265.0,0.4746835443037778,0.02999999999999936,0.014082906391674517,2.848101265822794,3587669732.0
2025-12-11,6.32,6.35,6.5,6.15,103637254.0,656876397.0,0.0,0.0,0.02888706646423272,5.511811023622042,3587669732.0
2025-12-12,6.37,6.4,6.45,6.26,59292454.0,378397618.0,0.7874015748031704,0.05000000000000071,0.016526731396467348,2.9921259842519747,3587669732.0
2025-12-15,6.36,6.45,6.73,6.35,78707711.0,514644663.0,0.78125,0.04999999999999982,0.02193839368712549,5.937500000000012,3587669732.0
2025-12-16,6.41,6.5,6.54,6.36,55362106.0,356610819.0,0.7751937984496138,0.04999999999999982,0.01543121584080081,2.7906976744186003,3587669732.0
2025-12-17,6.47,6.55,6.64,6.33,64128131.0,415775386.0,0.7692307692307665,0.04999999999999982,0.017874591528872646,4.769230769230763,3587669732.0
2025-12-18,6.48,6.33,6.5,6.25,62396064.0,395868651.0,-3.358778625954195,-0.21999999999999975,0.01739180823793844,3.816793893129771,3587669732.0
2025-12-19,6.32,6.35,6.38,6.29,33629888.0,213048730.0,0.3159557661927215,0.019999999999999574,0.009373741317390582,1.4218009478672962,3587669732.0
2025-12-22,6.34,6.29,6.35,6.17,52924607.0,330685607.0,-0.9448818897637712,-0.05999999999999961,0.014751805755123503,2.8346456692913344,3587669732.0
2025-12-23,6.26,6.2,6.42,6.18,39078846.0,244889924.0,-1.4308426073131986,-0.08999999999999986,0.010892542769876121,3.8155802861685246,3587669732.0
2025-12-24,6.23,6.34,6.41,6.22,59656988.0,376639920.0,2.2580645161290214,0.13999999999999968,0.016628338854018015,3.0645161290322642,3587669732.0
2025-12-25,6.3,6.27,6.34,6.23,35548991.0,223101079.0,-1.104100946372244,-0.07000000000000028,0.009908657612188478,1.7350157728706534,3587669732.0
2025-12-26,6.27,6.37,6.4,6.24,47156861.0,297821167.0,1.594896331738438,0.10000000000000053,0.013144147740074085,2.5518341307815016,3587669732.0
2025-12-29,6.35,6.48,6.68,6.32,91539321.0,591100843.0,1.7268445839874413,0.11000000000000032,0.025514979872177376,5.651491365777071,3587669732.0
2025-12-30,6.38,6.42,6.54,6.3,57926722.0,372609455.0,-0.92592592592593,-0.0600000000000005,0.016146057560239215,3.703703703703707,3587669732.0
2025-12-31,6.43,6.49,6.61,6.33,63354944.0,410497819.0,1.0903426791277315,0.07000000000000028,0.017659079216492384,4.3613707165109075,3587669732.0
2026-01-05,6.49,6.41,6.52,6.37,48811298.0,313117317.0,-1.2326656394452962,-0.08000000000000007,0.01360529303035634,2.31124807395993,3587669732.0
2026-01-06,6.4,7.05,7.05,6.4,110645561.0,768297408.0,9.98439937597504,0.6399999999999997,0.030840509095110876,10.14040561622464,3587669732.0
2026-01-07,7.04,6.96,7.14,6.85,152297279.0,1060545969.0,-1.276595744680853,-0.08999999999999986,0.04245019479959199,4.113475177304965,3587669732.0
2026-01-08,6.95,6.87,6.96,6.81,72260077.0,495625513.0,-1.2931034482758563,-0.08999999999999986,0.020141228819219526,2.1551724137931085,3587669732.0
2026-01-09,6.82,6.87,7.08,6.81,79010498.0,547621066.0,0.0,0.0,0.022022790251641815,3.9301310043668187,3587669732.0
2026-01-12,6.87,6.92,7.03,6.86,71071936.0,491832958.0,0.727802037845704,0.04999999999999982,0.019810055358796888,2.4745269286753993,3587669732.0
2026-01-13,6.92,6.76,6.93,6.73,58653894.0,400736672.0,-2.3121387283236983,-0.16000000000000014,0.016348743998601707,2.890173410404614,3587669732.0
2026-01-14,6.84,6.82,7.08,6.75,84718470.0,587005481.0,0.887573964497057,0.0600000000000005,0.023613787312794933,4.881656804733729,3587669732.0
2026-01-15,6.72,6.81,6.89,6.72,46623120.0,317075601.0,-0.14662756598241566,-0.010000000000000675,0.012995376799639037,2.4926686217008784,3587669732.0
2026-01-16,6.83,6.72,6.9,6.66,44985816.0,302824547.0,-1.3215859030836996,-0.08999999999999986,0.012539007032545882,3.524229074889871,3587669732.0
2026-01-19,6.72,6.88,6.89,6.62,50364442.0,343634329.0,2.3809523809523725,0.16000000000000014,0.014038204673852068,4.017857142857137,3587669732.0
2026-01-20,6.89,6.91,6.92,6.72,50510401.0,344185282.0,0.43604651162791885,0.03000000000000025,0.014078888184571611,2.9069767441860495,3587669732.0
2026-01-21,6.89,6.94,7.13,6.89,72260493.0,504739517.0,0.4341534008683201,0.03000000000000025,0.02014134477192172,3.4732272069464574,3587669732.0
2026-01-22,6.94,6.86,7.05,6.85,44705748.0,309173456.0,-1.1527377521613813,-0.08000000000000007,0.012460942990724543,2.8818443804034604,3587669732.0
2026-01-23,6.85,7.1,7.15,6.84,89980662.0,634871186.0,3.498542274052463,0.23999999999999932,0.025080531019180223,4.518950437317791,3587669732.0
2026-01-26,7.09,6.85,7.15,6.82,67627742.0,469277600.0,-3.5211267605633756,-0.25,0.018850046702124923,4.647887323943664,3587669732.0
2026-01-27,6.84,6.97,7.04,6.78,60024846.0,415165594.0,1.751824817518255,0.1200000000000001,0.016730872818256394,3.7956204379562015,3587669732.0
2026-01-28,6.94,6.93,7.05,6.79,61437420.0,424750296.0,-0.5738880918220945,-0.040000000000000036,0.017124603040244397,3.7302725968436126,3587669732.0
2026-01-29,6.89,7.01,7.2,6.87,68838757.0,484898605.0,1.1544011544011523,0.08000000000000007,0.01918759588877341,4.761904761904763,3587669732.0
2026-01-30,6.9,6.72,6.95,6.52,76778422.0,514248147.0,-4.1369472182596345,-0.29000000000000004,0.02140063822351862,6.134094151212563,3587669732.0
2026-02-02,6.64,6.46,6.69,6.46,48500716.0,318605637.0,-3.8690476190476164,-0.2599999999999998,0.01351872374633619,3.422619047619054,3587669732.0
2026-02-03,6.55,6.64,6.69,6.54,38552009.0,255425301.0,2.786377708978316,0.17999999999999972,0.010745696198325537,2.3219814241486123,3587669732.0
2026-02-04,6.63,6.79,6.84,6.59,35869158.0,242501744.0,2.259036144578319,0.15000000000000036,0.00999789854681083,3.7650602409638556,3587669732.0
2026-02-05,6.78,6.85,6.86,6.67,35916319.0,242779168.0,0.8836524300441795,0.05999999999999961,0.010011043848224545,2.7982326951399172,3587669732.0
2026-02-06,6.79,6.68,6.79,6.63,31410764.0,211218559.0,-2.481751824817513,-0.16999999999999993,0.008755199432052961,2.3357664233576667,3587669732.0
2026-02-09,6.73,6.75,6.79,6.7,26808683.0,180934104.0,1.0479041916167775,0.07000000000000028,0.007472450086718294,1.3473053892215547,3587669732.0
2026-02-10,6.76,6.68,6.76,6.6,25845500.0,172165619.0,-1.0370370370370363,-0.07000000000000028,0.007203979722401047,2.3703703703703725,3587669732.0
2026-02-11,6.66,6.55,6.69,6.54,22913982.0,151468940.0,-1.9461077844311392,-0.1299999999999999,0.0063868705069533415,2.2455089820359335,3587669732.0
2026-02-12,6.56,6.53,6.67,6.47,23561564.0,154811534.0,-0.3053435114503733,-0.019999999999999574,0.0065673726290477845,3.0534351145038197,3587669732.0
2026-02-13,6.54,6.35,6.59,6.34,26442464.0,170513327.0,-2.7565084226646386,-0.1800000000000006,0.007370372964977257,3.828483920367534,3587669732.0
2026-02-24,6.4,6.53,6.57,6.38,24206534.0,157524266.0,2.834645669291347,0.1800000000000006,0.006747146701964037,2.9921259842519747,3587669732.0
2026-02-25,6.51,6.88,6.93,6.51,54949770.0,372355897.0,5.359877488514542,0.34999999999999964,0.015316284414331369,6.431852986217457,3587669732.0
2026-02-26,6.85,6.82,6.86,6.76,26931011.0,183499301.0,-0.8720930232558044,-0.05999999999999961,0.007506546870741891,1.453488372093031,3587669732.0
2026-02-27,6.8,6.96,7.03,6.77,43983818.0,305512797.0,2.052785923753664,0.13999999999999968,0.01225971766790266,3.812316715542532,3587669732.0
2026-03-02,6.92,7.0,7.05,6.82,49381564.0,343300798.0,0.5747126436781658,0.040000000000000036,0.013764244673790392,3.3045977011494183,3587669732.0
2026-03-03,7.0,6.65,7.03,6.61,42716142.0,289660169.0,-4.999999999999993,-0.34999999999999964,0.011906375221497116,5.999999999999999,3587669732.0
2026-03-04,6.56,6.4,6.85,6.39,47451530.0,311763631.0,-3.759398496240607,-0.25,0.01322628155450291,6.917293233082705,3587669732.0
2026-03-05,6.52,6.76,6.95,6.51,63708660.0,432066836.0,5.624999999999991,0.35999999999999943,0.017757671346321127,6.875000000000006,3587669732.0
2026-03-06,6.67,6.48,6.68,6.38,67704282.0,437107909.0,-4.142011834319515,-0.27999999999999936,0.01887138088439853,4.4378698224852045,3587669732.0
2026-03-09,6.39,6.31,6.4,6.07,47999132.0,298767111.0,-2.6234567901234684,-0.17000000000000082,0.013378916005527122,5.0925925925925934,3587669732.0
2026-03-10,6.39,6.46,6.54,6.37,33735763.0,217455549.0,2.377179080824088,0.15000000000000036,0.009403252116295972,2.694136291600633,3587669732.0
2026-03-11,6.43,6.42,6.51,6.35,32283616.0,207635692.0,-0.6191950464396245,-0.040000000000000036,0.00899849161477944,2.4767801857585163,3587669732.0
2026-03-12,6.4,6.42,6.53,6.37,23089110.0,148634827.0,0.0,0.0,0.006435684364716769,2.492211838006233,3587669732.0
2026-03-13,6.38,6.45,6.6,6.35,36824981.0,239296997.0,0.4672897196261738,0.03000000000000025,0.01026431744024313,3.894080996884735,3587669732.0
2026-03-16,6.45,6.4,6.46,6.26,32222862.0,205582891.0,-0.7751937984496138,-0.04999999999999982,0.008981557503075091,3.1007751937984525,3587669732.0
2026-03-17,6.41,6.32,6.57,6.31,32745621.0,210747217.0,-1.2499999999999956,-0.08000000000000007,0.009127267403665238,4.062500000000011,3587669732.0
2026-03-18,6.31,6.26,6.38,6.18,23913704.0,149969790.0,-0.9493670886076,-0.0600000000000005,0.0066655254765239915,3.1645569620253196,3587669732.0
2026-03-19,6.18,6.05,6.19,6.02,27022169.0,164733533.0,-3.3546325878594296,-0.20999999999999996,0.007531955564074759,2.71565495207669,3587669732.0
2026-03-20,6.08,5.97,6.16,5.97,22273686.0,135013196.0,-1.3223140495867813,-0.08000000000000007,0.006208399229542013,3.1404958677686015,3587669732.0
2026-03-23,5.9,5.68,5.91,5.64,29595127.0,170786347.0,-4.85762144053602,-0.29000000000000004,0.008249122469671074,4.522613065326641,3587669732.0
2026-03-24,5.79,5.81,5.82,5.65,17674130.0,101366285.0,2.2887323943661997,0.1299999999999999,0.0049263536836617605,2.992957746478872,3587669732.0
2026-03-25,5.82,5.78,5.87,5.76,23669320.0,137596363.0,-0.5163511187607495,-0.02999999999999936,0.006597407723705154,1.8932874354561158,3587669732.0
2026-03-26,5.77,5.68,5.82,5.66,16956622.0,97158735.0,-1.730103806228378,-0.10000000000000053,0.004726360915765587,2.7681660899654004,3587669732.0
2026-03-27,5.6,5.69,5.72,5.59,16217554.0,91911653.0,0.17605633802817433,0.010000000000000675,0.004520358676092318,2.2887323943661957,3587669732.0
2026-03-30,5.6,5.69,5.69,5.5,17067801.0,95631669.0,0.0,0.0,0.004757350111623931,3.339191564147634,3587669732.0
2026-03-31,5.67,5.59,5.73,5.57,15462300.0,87377291.0,-1.7574692442882345,-0.10000000000000053,0.00430984487286691,2.8119507908611623,3587669732.0
2026-04-01,5.69,5.66,5.72,5.61,13067300.0,73899365.0,1.2522361359570633,0.07000000000000028,0.00364228063788788,1.9677996422182369,3587669732.0
2026-04-02,5.65,5.55,5.66,5.52,16139701.0,89831651.0,-1.9434628975265045,-0.11000000000000032,0.0044986585181024125,2.4734982332155577,3587669732.0
2026-04-03,5.55,5.48,5.58,5.46,12645671.0,69533195.0,-1.2612612612612484,-0.0699999999999994,0.0035247589506937366,2.162162162162164,3587669732.0
2026-04-07,5.52,5.57,5.61,5.48,13947761.0,77237142.0,1.642335766423364,0.08999999999999986,0.003887693695881146,2.3722627737226256,3587669732.0
2026-04-08,5.67,5.8,5.82,5.66,28019969.0,161009396.0,4.129263913824044,0.22999999999999954,0.007810074809862682,2.8725314183123904,3587669732.0
2026-04-09,6.05,6.38,6.38,6.05,46968090.0,297063846.0,10.000000000000009,0.5800000000000001,0.013091531135397164,5.6896551724137945,3587669732.0
2026-04-10,7.02,7.02,7.02,6.88,92414134.0,647087188.0,10.03134796238243,0.6399999999999997,0.02575881864925241,2.194357366771155,3587669732.0
2026-04-13,6.95,6.89,7.12,6.79,163768842.0,1135243283.0,-1.851851851851849,-0.1299999999999999,0.04564769174243489,4.700854700854702,3587669732.0
2026-04-14,6.75,6.83,7.12,6.71,122331664.0,840253009.0,-0.870827285921616,-0.05999999999999961,0.03409780529932012,5.950653120464444,3587669732.0
2026-04-15,6.83,7.19,7.49,6.72,199704536.0,1419297094.0,5.270863836017581,0.3600000000000003,0.055664136032017565,11.273792093704254,3587669732.0
2026-04-16,6.96,7.08,7.09,6.88,115898048.0,809732999.0,-1.5299026425591111,-0.11000000000000032,0.0323045477029991,2.9207232267037546,3587669732.0
2026-04-17,7.1,7.79,7.79,7.09,118571095.0,906299359.0,10.028248587570632,0.71,0.03304961266150348,9.887005649717516,3587669732.0
2026-04-20,8.27,8.57,8.57,8.08,110722158.0,935423172.0,10.01283697047497,0.7800000000000002,0.030861859165134547,6.290115532734278,3587669732.0
2026-04-21,8.68,8.45,8.93,8.18,283931605.0,2432968954.0,-1.4002333722287208,-0.120000000000001,0.07914095393661504,8.751458576429405,3587669732.0
2026-04-22,8.41,8.86,9.17,8.36,238161283.0,2098296119.0,4.852071005917158,0.41000000000000014,0.0663832796190059,9.585798816568055,3587669732.0
2026-04-23,8.68,8.53,8.88,8.29,163191399.0,1388726907.0,-3.724604966139955,-0.33000000000000007,0.045486739636155564,6.659142212189635,3587669732.0
2026-04-24,8.4,8.07,8.5,7.99,122373563.0,996592626.0,-5.392731535756146,-0.4599999999999991,0.03410948391054408,5.978898007033996,3587669732.0
2026-04-27,8.05,8.88,8.88,8.01,173313033.0,1468899338.0,10.03717472118959,0.8100000000000005,0.048307967551791356,10.780669144981426,3587669732.0
2026-04-28,8.91,8.66,9.04,8.44,150399373.0,1298026662.0,-2.4774774774774855,-0.22000000000000064,0.041921186796689235,6.756756756756752,3587669732.0
2026-04-29,8.5,8.8,9.1,8.5,145808184.0,1295100327.0,1.616628175519641,0.14000000000000057,0.04064147340527832,6.928406466512698,3587669732.0
2026-04-30,8.28,8.09,8.45,8.01,155779808.0,1271873678.0,-8.06818181818183,-0.7100000000000009,0.04342088866501048,4.999999999999994,3587669732.0
2026-05-06,8.23,8.22,8.46,8.12,120762869.0,997019964.0,1.6069221260816002,0.13000000000000078,0.033660531214136855,4.202719406674928,3587669732.0
2026-05-07,8.42,9.04,9.04,8.41,152763522.0,1358456777.0,9.975669099756669,0.8199999999999985,0.04258015185663138,7.6642335766423235,3587669732.0
2026-05-08,8.96,8.88,9.04,8.56,213349566.0,1878436197.0,-1.7699115044247593,-0.15999999999999837,0.05946744877239999,5.309734513274321,3587669732.0
2026-05-11,9.03,9.15,9.44,8.87,221760781.0,2036990669.0,3.040540540540526,0.2699999999999996,0.06181192739733491,6.418918918918921,3587669732.0
2026-05-12,9.31,9.5,9.83,9.11,205486149.0,1950778795.0,3.825136612021862,0.34999999999999964,0.05727565923005089,7.8688524590163995,3587669732.0
2026-05-13,9.22,10.45,10.45,9.2,105484663.0,1064007959.0,9.999999999999986,0.9499999999999993,0.02940199931424457,13.157894736842104,3587669732.0
2026-05-14,10.52,10.77,11.18,10.11,299105212.0,3198536802.0,3.0622009569378106,0.3200000000000003,0.08337033070021731,10.239234449760769,3587669732.0
2026-05-15,10.69,10.69,11.72,10.64,255017364.0,2832328989.0,-0.742804085422466,-0.08000000000000007,0.07108161649479278,10.027855153203344,3587669732.0
2026-05-18,10.26,10.87,10.97,10.26,175620471.0,1879660106.0,1.6838166510757757,0.17999999999999972,0.04895112541535359,6.6417212347988865,3587669732.0
2026-05-19,10.77,10.35,10.77,9.82,163796197.0,1692290359.0,-4.783808647654086,-0.5199999999999996,0.04565531646880143,8.739650413983435,3587669732.0
2026-05-20,10.25,10.39,10.64,10.05,154806294.0,1597635236.0,0.38647342995170586,0.040000000000000924,0.04314953871567797,5.700483091787438,3587669732.0
2026-05-21,11.43,11.42,11.43,11.3,193137737.0,2206789919.0,9.913378248315684,1.0299999999999994,0.05383375601085011,1.2512030798844946,3587669732.0
2026-05-22,10.93,11.1,11.43,10.57,268443937.0,2971222299.0,-2.8021015761821366,-0.3200000000000003,0.07482403817877403,7.5306479859894875,3587669732.0
2026-05-25,11.1,11.6,11.88,10.77,253021622.0,2880512851.0,4.504504504504503,0.5,0.07052533842320802,10.000000000000012,3587669732.0
2026-05-26,11.2,11.88,12.19,11.2,270664314.0,3171023521.0,2.413793103448292,0.28000000000000114,0.07544292931588052,8.534482758620692,3587669732.0
2026-05-27,11.96,11.93,12.83,11.6,276671650.0,3364601559.0,0.42087542087541063,0.049999999999998934,0.07711736884034899,10.353535353535356,3587669732.0
2026-05-28,11.3,10.86,11.4,10.85,234505431.0,2599449865.0,-8.968985750209557,-1.0700000000000003,0.06536427500790923,4.610226320201179,3587669732.0
2026-05-29,10.78,9.77,10.86,9.77,200234897.0,2027606116.0,-10.036832412523022,-1.0899999999999999,0.0558119648567473,10.036832412523019,3587669732.0
2026-06-01,9.77,9.88,10.59,9.76,178849126.0,1817936339.0,1.1258955987717645,0.11000000000000121,0.04985105635693447,8.495394063459571,3587669732.0
2026-06-02,9.85,10.09,10.15,9.43,153844707.0,1512325212.0,2.1255060728744946,0.20999999999999908,0.0428815132083624,7.287449392712557,3587669732.0
2026-06-03,10.1,10.42,10.6,9.96,186379118.0,1925218755.0,3.2705649157581673,0.33000000000000007,0.05194990952974375,6.3429137760158465,3587669732.0
2026-06-04,10.3,10.95,11.18,10.21,229988780.0,2486495998.0,5.086372360844527,0.5299999999999994,0.06410533777639263,9.309021113243752,3587669732.0
2026-06-05,10.85,11.71,12.05,10.4,394757802.0,4633707964.0,6.940639269406401,0.7600000000000016,0.11003181214786356,15.068493150684937,3587669732.0
2026-06-08,11.37,11.76,12.39,10.92,360041192.0,4253354386.0,0.42698548249358037,0.049999999999998934,0.10035516613712647,12.553373185311703,3587669732.0
2026-06-09,11.86,12.45,12.62,11.3,301415939.0,3644615170.0,5.867346938775508,0.6899999999999995,0.08401440531483124,11.224489795918355,3587669732.0
2026-06-10,12.01,11.33,12.18,11.23,262386803.0,3031213211.0,-8.995983935742968,-1.1199999999999992,0.07313571833540222,7.630522088353409,3587669732.0
2026-06-11,11.21,10.61,11.21,10.38,221423122.0,2366479182.0,-6.354810238305387,-0.7200000000000006,0.06171781087457133,7.325684024713151,3587669732.0
2026-06-12,10.75,9.86,10.88,9.82,216499613.0,2204663659.0,-7.068803016022618,-0.75,0.060345469112985786,9.990574929311975,3587669732.0
2026-06-15,10.02,10.47,10.73,9.9,174320024.0,1811015998.0,6.18661257606492,0.6100000000000012,0.04858864862759335,8.417849898580123,3587669732.0
2026-06-16,10.5,11.51,11.52,10.5,251950167.0,2835951642.0,9.933142311365796,1.0399999999999991,0.07022668913828549,9.742120343839538,3587669732.0
2026-06-17,11.34,12.66,12.66,11.32,215732692.0,2643924057.0,9.991311902693312,1.1500000000000004,0.0601317033381823,11.642050390964377,3587669732.0
2026-06-18,12.34,11.71,12.46,11.47,341535263.0,4068805217.0,-7.503949447077407,-0.9499999999999993,0.0951969630743034,7.819905213270144,3587669732.0
2026-06-22,12.29,12.4,12.8,12.2,268753553.0,3350119424.0,5.892399658411618,0.6899999999999995,0.07491033820724054,5.1238257899231545,3587669732.0
2026-06-23,12.68,13.64,13.64,12.34,368039168.0,4874317549.0,10.000000000000009,1.2400000000000002,0.1025844616401831,10.483870967741941,3587669732.0
