date,open,close,high,low,volume,amount,pct_chg,change,turnover,amplitude,outstanding_share
2023-06-26,2.66,2.65,2.68,2.63,23195802.0,61802511.0,,,0.003132546705580567,,7404774510.999999
2023-06-27,2.64,2.68,2.71,2.64,15530417.0,41737384.0,1.132075471698113,0.03000000000000025,0.0020973517798454407,2.6415094339622582,7404774510.999999
2023-06-28,2.68,2.7,2.7,2.66,14564923.0,39199879.0,0.746268656716409,0.020000000000000018,0.0019669637445898455,1.492537313432837,7404774510.999999
2023-06-29,2.69,2.68,2.7,2.67,20691283.0,55665315.0,-0.7407407407407418,-0.020000000000000018,0.002794316419664437,1.1111111111111203,7404774510.999999
2023-06-30,2.68,2.71,2.72,2.67,22886200.0,62159871.0,1.1194029850746245,0.029999999999999805,0.0030907355741895868,1.8656716417910546,7404774510.999999
2023-07-03,2.72,2.75,2.77,2.72,25627448.0,70659412.0,1.4760147601476037,0.040000000000000036,0.00346093563847619,1.8450184501844953,7404774510.999999
2023-07-04,2.77,2.74,2.79,2.74,18276571.0,50542684.0,-0.3636363636363549,-0.009999999999999787,0.002468214389627887,1.818181818181812,7404774510.999999
2023-07-05,2.75,2.8,2.82,2.73,40129991.0,112430573.0,2.1897810218977964,0.05999999999999961,0.005419475088726305,3.2846715328467098,7404774510.999999
2023-07-06,2.8,2.79,2.82,2.77,22794553.0,63879499.0,-0.35714285714284477,-0.009999999999999787,0.0030783588299870654,1.7857142857142794,7404774510.999999
2023-07-07,2.8,2.81,2.82,2.77,22695840.0,63626631.0,0.7168458781362075,0.020000000000000018,0.0030650278366052466,1.7921146953404954,7404774510.999999
2023-07-10,2.81,2.8,2.82,2.79,13408193.0,37698195.0,-0.3558718861210064,-0.010000000000000231,0.0018107496697005094,1.0676156583629823,7404774510.999999
2023-07-11,2.8,2.81,2.82,2.79,16468732.0,46378446.0,0.3571428571428559,0.010000000000000231,0.0022240693454655827,1.0714285714285645,7404774510.999999
2023-07-12,2.8,2.81,2.82,2.79,16302340.0,45952001.0,0.0,0.0,0.0022015984383835616,1.0676156583629823,7404774510.999999
2023-07-13,2.82,2.83,2.87,2.82,26255118.0,74961972.0,0.7117437722419906,0.020000000000000018,0.003545701217639685,1.7793594306049918,7404774510.999999
2023-07-14,2.85,2.84,2.86,2.83,20751034.0,59262862.0,0.35335689045936647,0.009999999999999787,0.002802385672807965,1.060070671378085,7404774510.999999
2023-07-17,2.81,2.82,2.83,2.79,30433400.0,85794273.0,-0.7042253521126751,-0.020000000000000018,0.004109969851855764,1.4084507042253533,7404774510.999999
2023-07-18,2.81,2.81,2.84,2.79,18630596.0,52573084.0,-0.35460992907800915,-0.009999999999999787,0.002516024758393889,1.7730496453900648,7404774510.999999
2023-07-19,2.82,2.84,2.85,2.81,26099800.0,74172681.0,1.0676156583629748,0.029999999999999805,0.0035247258321273686,1.4234875444839872,7404774510.999999
2023-07-20,2.85,2.83,2.86,2.81,20638800.0,58810665.0,-0.35211267605632646,-0.009999999999999787,0.002787228695396529,1.760563380281684,7404774510.999999
2023-07-21,2.82,2.83,2.85,2.81,16580400.0,47134052.0,0.0,0.0,0.0022391498857081134,1.413427561837457,7404774510.999999
2023-07-24,2.84,2.82,2.84,2.81,12957100.0,36740598.0,-0.35335689045937757,-0.010000000000000231,0.0017498304615153192,1.060070671378085,7404774510.999999
2023-07-25,2.83,2.86,2.87,2.82,25119277.0,72015760.0,1.4184397163120588,0.040000000000000036,0.0033923081604557456,1.7730496453900804,7404774510.999999
2023-07-26,2.85,2.89,2.89,2.85,22289200.0,64390032.0,1.0489510489510634,0.03000000000000025,0.003010111917235126,1.3986013986014,7404774510.999999
2023-07-27,2.89,2.86,2.91,2.86,32434100.0,93805142.0,-1.038062283737029,-0.03000000000000025,0.0043801603886544065,1.730103806228383,7404774510.999999
2023-07-28,2.86,2.92,2.93,2.85,36513186.0,106413585.0,2.0979020979021046,0.06000000000000005,0.004931032801303894,2.7972027972028,7404774510.999999
2023-07-31,2.92,2.94,2.96,2.91,40125702.0,118473680.0,0.6849315068493178,0.020000000000000018,0.0054188958678474475,1.7123287671232816,7404774510.999999
2023-08-01,2.95,3.01,3.02,2.94,64476782.0,193147761.0,2.3809523809523725,0.06999999999999984,0.00870746055861903,2.721088435374152,7404774510.999999
2023-08-02,3.09,3.05,3.15,3.02,156914575.0,483050166.0,1.3289036544850585,0.040000000000000036,0.02119099977546906,4.318936877076409,7404774510.999999
2023-08-03,2.96,2.98,3.02,2.93,86776813.0,257785597.0,-2.2950819672131084,-0.06999999999999984,0.01171903518075947,2.9508196721311433,7404774510.999999
2023-08-04,2.96,2.98,3.01,2.96,61740350.0,184550458.0,0.0,0.0,0.008337910885508126,1.6778523489932826,7404774510.999999
2023-08-07,2.97,3.03,3.05,2.95,56098714.0,170106471.0,1.6778523489932917,0.04999999999999982,0.007576019217960492,3.3557046979865652,7404774510.999999
2023-08-08,3.02,3.05,3.06,2.97,52116169.0,158044393.0,0.660066006600668,0.020000000000000018,0.0070381844744333505,2.970297029702966,7404774510.999999
2023-08-09,3.04,2.99,3.04,2.97,32736133.0,98398438.0,-1.967213114754085,-0.05999999999999961,0.004420949341721285,2.2950819672131098,7404774510.999999
2023-08-10,2.99,2.98,3.0,2.96,27287851.0,81557798.0,-0.33444816053512794,-0.010000000000000231,0.0036851697454747794,1.3377926421404693,7404774510.999999
2023-08-11,2.98,2.91,2.99,2.91,29062264.0,85626641.0,-2.348993288590595,-0.06999999999999984,0.0039248006751356436,2.684563758389264,7404774510.999999
2023-08-14,2.89,2.89,2.91,2.86,25123900.0,72773891.0,-0.6872852233676952,-0.020000000000000018,0.0033929324873671366,1.7182130584192532,7404774510.999999
2023-08-15,2.89,2.89,2.91,2.86,22145950.0,64106399.0,0.0,0.0,0.0029907662910061035,1.730103806228383,7404774510.999999
2023-08-16,2.87,2.87,2.91,2.85,16992200.0,49120526.0,-0.692041522491349,-0.020000000000000018,0.0022947626527664838,2.07612456747405,7404774510.999999
2023-08-17,2.84,2.89,2.89,2.84,19041857.0,54700789.0,0.6968641114982521,0.020000000000000018,0.0025715647345793975,1.7421602787456538,7404774510.999999
2023-08-18,2.88,2.84,2.89,2.84,21185759.0,60948476.0,-1.730103806228378,-0.050000000000000266,0.0028610944153029867,1.730103806228383,7404774510.999999
2023-08-21,2.84,2.82,2.87,2.81,21029800.0,60000361.0,-0.7042253521126751,-0.020000000000000018,0.002840032464021645,2.1126760563380302,7404774510.999999
2023-08-22,2.83,2.84,2.87,2.81,20601700.0,58720589.0,0.7092198581560183,0.020000000000000018,0.0027822184145372152,2.1276595744680873,7404774510.999999
2023-08-23,2.85,2.79,2.85,2.78,24529393.0,69185415.0,-1.7605633802816878,-0.04999999999999982,0.0033126455050806617,2.4647887323943762,7404774510.999999
2023-08-24,2.81,2.83,2.87,2.79,31328600.0,88944486.0,1.4336917562723928,0.040000000000000036,0.0042308648228869756,2.8673835125448055,7404774510.999999
2023-08-25,2.81,2.79,2.85,2.78,25319951.0,71381605.0,-1.4134275618374548,-0.040000000000000036,0.0034194087831285755,2.4734982332155577,7404774510.999999
2023-08-28,2.89,2.85,2.93,2.83,42609650.0,123032715.0,2.1505376344086002,0.06000000000000005,0.005754348081322689,3.5842293906810068,7404774510.999999
2023-08-29,2.84,2.84,2.87,2.81,34867000.0,99364548.0,-0.35087719298246833,-0.010000000000000231,0.004708718671744035,2.1052631578947385,7404774510.999999
2023-08-30,2.83,2.82,2.87,2.82,26255300.0,74778864.0,-0.7042253521126751,-0.020000000000000018,0.003545725796375976,1.7605633802816996,7404774510.999999
2023-08-31,2.82,2.8,2.87,2.79,28185300.0,79736936.0,-0.7092198581560294,-0.020000000000000018,0.0038063684394615866,2.8368794326241162,7404774510.999999
2023-09-01,2.81,2.86,2.87,2.8,40577300.0,115914320.0,2.1428571428571352,0.06000000000000005,0.005479883275273445,2.50000000000001,7404774510.999999
2023-09-04,2.87,2.95,2.96,2.86,51062832.0,150174482.0,3.146853146853168,0.0900000000000003,0.006895933417573315,3.4965034965034993,7404774510.999999
2023-09-05,2.93,2.91,2.94,2.89,30971300.0,90384228.0,-1.3559322033898313,-0.040000000000000036,0.004182612171915737,1.6949152542372818,7404774510.999999
2023-09-06,2.9,2.88,2.91,2.86,26910300.0,77730317.0,-1.0309278350515538,-0.03000000000000025,0.003634182237423165,1.7182130584192532,7404774510.999999
2023-09-07,2.87,2.84,2.89,2.84,26321758.0,75591138.0,-1.388888888888895,-0.040000000000000036,0.0035547008164662267,1.7361111111111205,7404774510.999999
2023-09-08,2.84,2.84,2.87,2.83,22122600.0,63154785.0,0.0,0.0,0.002987612920168772,1.4084507042253533,7404774510.999999
2023-09-11,2.84,2.91,2.92,2.82,36868600.0,106791565.0,2.464788732394374,0.07000000000000028,0.004979030751744116,3.521126760563384,7404774510.999999
2023-09-12,2.91,2.89,2.93,2.89,25301000.0,73772239.0,-0.6872852233676952,-0.020000000000000018,0.0034168494884502776,1.3745704467353963,7404774510.999999
2023-09-13,2.89,2.91,2.94,2.88,32486371.0,94761670.0,0.6920415224913601,0.020000000000000018,0.0043872194827459755,2.07612456747405,7404774510.999999
2023-09-14,2.92,2.96,2.98,2.9,51181021.0,151443686.0,1.7182130584192379,0.04999999999999982,0.006911894605834272,2.7491408934707926,7404774510.999999
2023-09-15,2.97,2.99,3.0,2.95,55486689.0,165740383.0,1.013513513513531,0.03000000000000025,0.00749336646478201,1.689189189189183,7404774510.999999
2023-09-18,2.97,2.93,2.97,2.9,37415000.0,109786860.0,-2.006688963210701,-0.06000000000000005,0.0050528209798176805,2.3411371237458285,7404774510.999999
2023-09-19,2.92,2.92,2.95,2.9,22539702.0,66216188.0,-0.34129692832765013,-0.010000000000000231,0.003043941711731619,1.7064846416382344,7404774510.999999
2023-09-20,2.93,2.92,2.94,2.91,23248600.0,68178878.0,0.0,0.0,0.0031396769699689785,1.027397260273966,7404774510.999999
2023-09-21,2.91,2.88,2.92,2.88,25453400.0,73970877.0,-1.3698630136986356,-0.040000000000000036,0.003437430803893929,1.3698630136986314,7404774510.999999
2023-09-22,2.89,2.89,2.9,2.86,22342000.0,64680448.0,0.3472222222222321,0.010000000000000231,0.0030172424517195405,1.3888888888888902,7404774510.999999
2023-09-25,2.89,2.85,2.9,2.85,24401200.0,70213533.0,-1.384083044982698,-0.040000000000000036,0.0032953332966117114,1.7301038062283676,7404774510.999999
2023-09-26,2.86,2.83,2.87,2.83,17687700.0,50484399.0,-0.7017543859649145,-0.020000000000000018,0.0023886885378784227,1.4035087719298258,7404774510.999999
2023-09-27,2.83,2.82,2.85,2.81,22405280.0,63535524.0,-0.35335689045937757,-0.010000000000000231,0.00302578828926071,1.413427561837457,7404774510.999999
2023-09-28,2.82,2.83,2.84,2.81,19568400.0,55474644.0,0.35460992907803135,0.010000000000000231,0.0026426733144852142,1.0638297872340359,7404774510.999999
2023-10-09,2.82,2.82,2.83,2.79,29327995.0,82648954.0,-0.35335689045937757,-0.010000000000000231,0.003960687115648484,1.413427561837457,7404774510.999999
2023-10-10,2.82,2.81,2.85,2.8,19410118.0,55007326.0,-0.35460992907800915,-0.009999999999999787,0.002621297646696159,1.7730496453900804,7404774510.999999
2023-10-11,2.82,2.77,2.83,2.77,27433200.0,76957268.0,-1.4234875444839923,-0.040000000000000036,0.0037047988374591576,2.1352313167259807,7404774510.999999
2023-10-12,2.78,2.83,2.84,2.77,24206844.0,68251118.0,2.166064981949467,0.06000000000000005,0.0032690859072129824,2.5270758122743624,7404774510.999999
2023-10-13,2.82,2.79,2.82,2.78,17593000.0,49379196.0,-1.4134275618374548,-0.040000000000000036,0.00237589949212702,1.413427561837457,7404774510.999999
2023-10-16,2.81,2.81,2.82,2.78,19111400.0,53741597.0,0.7168458781362075,0.020000000000000018,0.0025809563777545804,1.4336917562724028,7404774510.999999
2023-10-17,2.8,2.78,2.8,2.77,22001132.0,61490155.0,-1.067615658362997,-0.03000000000000025,0.002971208909510574,1.0676156583629823,7404774510.999999
2023-10-18,2.78,2.73,2.79,2.73,21693155.0,59901897.0,-1.7985611510791255,-0.04999999999999982,0.002929617231122192,2.158273381294966,7404774510.999999
2023-10-19,2.72,2.71,2.76,2.71,18210625.0,49923221.0,-0.73260073260073,-0.020000000000000018,0.0024593085141144553,1.831501831501825,7404774510.999999
2023-10-20,2.71,2.7,2.74,2.69,18960171.0,51614246.0,-0.36900369003689537,-0.009999999999999787,0.002560533203520801,1.8450184501845115,7404774510.999999
2023-10-23,2.7,2.63,2.7,2.62,30278727.0,80722382.0,-2.592592592592602,-0.07000000000000028,0.004089081572304479,2.9629629629629655,7404774510.999999
2023-10-24,2.65,2.67,2.69,2.62,29190800.0,77825639.0,1.520912547528508,0.040000000000000036,0.003942159205069142,2.661596958174899,7404774510.999999
2023-10-25,2.69,2.71,2.72,2.68,20753695.0,56409830.0,1.4981273408239737,0.040000000000000036,0.002802745035540219,1.4981273408239715,7404774510.999999
2023-10-26,2.7,2.73,2.73,2.69,19514095.0,53078873.0,0.7380073800737907,0.020000000000000018,0.002635339532758394,1.4760147601476028,7404774510.999999
2023-10-27,2.72,2.74,2.75,2.71,21497001.0,59067925.0,0.366300366300365,0.010000000000000231,0.0029031270254165882,1.4652014652014667,7404774510.999999
2023-10-30,2.75,2.75,2.77,2.74,21416700.0,59197044.0,0.36496350364962904,0.009999999999999787,0.0028922825358402063,1.0948905109488978,7404774510.999999
2023-10-31,2.74,2.74,2.76,2.72,17338500.0,47621969.0,-0.3636363636363549,-0.009999999999999787,0.002341529775720135,1.4545454545454397,7404774510.999999
2023-11-01,2.74,2.75,2.77,2.73,19952357.0,55088755.0,0.36496350364962904,0.009999999999999787,0.0026945259400350703,1.4598540145985412,7404774510.999999
2023-11-02,2.75,2.74,2.77,2.73,20164500.0,55652819.0,-0.3636363636363549,-0.009999999999999787,0.0027231754282382365,1.4545454545454557,7404774510.999999
2023-11-03,2.74,2.73,2.75,2.72,19929700.0,54729306.0,-0.36496350364964014,-0.010000000000000231,0.002691466157462847,1.0948905109488978,7404774510.999999
2023-11-06,2.74,2.76,2.77,2.73,23868708.0,65941313.0,1.098901098901095,0.029999999999999805,0.0032234213161443834,1.4652014652014667,7404774510.999999
2023-11-07,2.75,2.75,2.77,2.74,17958500.0,49601713.0,-0.36231884057970065,-0.009999999999999787,0.0024252595367113675,1.0869565217391235,7404774510.999999
2023-11-08,2.74,2.71,2.75,2.7,24772800.0,67561062.0,-1.4545454545454528,-0.040000000000000036,0.0033455171340058113,1.818181818181812,7404774510.999999
2023-11-09,2.7,2.72,2.75,2.69,27263996.0,74367240.0,0.3690036900369176,0.010000000000000231,0.0036819481753966408,2.214022140221404,7404774510.999999
2023-11-10,2.71,2.7,2.72,2.69,21838600.0,59200836.0,-0.7352941176470562,-0.020000000000000018,0.002949259287714724,1.1029411764705974,7404774510.999999
2023-11-13,2.7,2.74,2.75,2.69,24846311.0,67888864.0,1.4814814814814836,0.040000000000000036,0.003355444647651338,2.222222222222224,7404774510.999999
2023-11-14,2.75,2.74,2.75,2.71,21162433.0,57998599.0,0.0,0.0,0.002857944285617694,1.4598540145985412,7404774510.999999
2023-11-15,2.75,2.77,2.77,2.73,39302054.0,108516332.0,1.0948905109488871,0.029999999999999805,0.00530766385142663,1.4598540145985412,7404774510.999999
2023-11-16,2.75,2.71,2.76,2.71,26767311.0,73217526.0,-2.166064981949456,-0.06000000000000005,0.0036148718587225596,1.8050541516245424,7404774510.999999
2023-11-17,2.71,2.73,2.73,2.7,26522500.0,72239279.0,0.7380073800737907,0.020000000000000018,0.0035818106224031654,1.1070110701106939,7404774510.999999
2023-11-20,2.73,2.72,2.73,2.7,25714702.0,70072977.0,-0.3663003663003539,-0.009999999999999787,0.0034727191168076885,1.0989010989010917,7404774510.999999
2023-11-21,2.72,2.72,2.74,2.71,26272645.0,71930763.0,0.0,0.0,0.0035480682039637067,1.1029411764705974,7404774510.999999
2023-11-22,2.72,2.69,2.73,2.68,24155800.0,65534853.0,-1.1029411764705954,-0.03000000000000025,0.0032621925170193754,1.8382352941176405,7404774510.999999
2023-11-23,2.68,2.7,2.71,2.68,20034200.0,54180624.0,0.3717472118959231,0.010000000000000231,0.0027055786736299176,1.1152416356877253,7404774510.999999
2023-11-24,2.7,2.69,2.72,2.68,21977917.0,59559879.0,-0.37037037037037646,-0.010000000000000231,0.0029680737701534587,1.4814814814814827,7404774510.999999
2023-11-27,2.71,2.7,2.73,2.69,25822179.0,70134992.0,0.3717472118959231,0.010000000000000231,0.0034872336708755185,1.4869888475836444,7404774510.999999
2023-11-28,2.7,2.7,2.71,2.68,16581400.0,44807918.0,0.0,0.0,0.0022392849337097122,1.1111111111111038,7404774510.999999
2023-11-29,2.71,2.71,2.75,2.7,40328200.0,110254373.0,0.37037037037035425,0.009999999999999787,0.005446242818075194,1.8518518518518452,7404774510.999999
2023-11-30,2.7,2.67,2.71,2.66,31772300.0,85482458.0,-1.4760147601476037,-0.040000000000000036,0.004290785621196346,1.8450184501844953,7404774510.999999
2023-12-01,2.67,2.68,2.69,2.66,17759900.0,47725173.0,0.3745318352059934,0.010000000000000231,0.002398439003593853,1.1235955056179703,7404774510.999999
2023-12-04,2.7,2.71,2.73,2.69,28412203.0,77496725.0,1.1194029850746245,0.029999999999999805,0.0038370112361683505,1.492537313432837,7404774510.999999
2023-12-05,2.7,2.66,2.71,2.66,26999200.0,72750906.0,-1.845018450184499,-0.04999999999999982,0.0036461880047652952,1.8450184501844953,7404774510.999999
2023-12-06,2.67,2.67,2.69,2.65,18497100.0,49610267.0,0.3759398496240518,0.009999999999999787,0.0024979963903724606,1.5037593984962419,7404774510.999999
2023-12-07,2.67,2.68,2.69,2.65,16809400.0,45100498.0,0.3745318352059934,0.010000000000000231,0.00227007587807423,1.4981273408239715,7404774510.999999
2023-12-08,2.68,2.66,2.69,2.66,18418027.0,49396725.0,-0.7462686567164201,-0.020000000000000018,0.0024873177397420417,1.1194029850746194,7404774510.999999
2023-12-11,2.66,2.67,2.67,2.62,27092897.0,71846929.0,0.3759398496240518,0.009999999999999787,0.0036588415973710943,1.879699248120294,7404774510.999999
2023-12-12,2.66,2.67,2.67,2.65,12941500.0,34576601.0,0.0,0.0,0.0017477237126903784,0.7490636704119857,7404774510.999999
2023-12-13,2.67,2.66,2.69,2.65,19937900.0,53420757.0,-0.3745318352059823,-0.009999999999999787,0.0026925735510759568,1.4981273408239715,7404774510.999999
2023-12-14,2.68,2.67,2.69,2.66,17313710.0,46450872.0,0.3759398496240518,0.009999999999999787,0.0023381819357605016,1.1278195488721732,7404774510.999999
2023-12-15,2.67,2.66,2.68,2.65,19922182.0,53365724.0,-0.3745318352059823,-0.009999999999999787,0.0026904508665868275,1.123595505617987,7404774510.999999
2023-12-18,2.65,2.61,2.65,2.6,28174041.0,74319983.0,-1.8796992481203145,-0.050000000000000266,0.003804847934011586,1.879699248120294,7404774510.999999
2023-12-19,2.61,2.6,2.62,2.59,12511404.0,32697325.0,-0.3831417624520994,-0.009999999999999787,0.0016896401073947572,1.1494252873563313,7404774510.999999
2023-12-20,2.61,2.59,2.63,2.59,16046604.0,42035782.0,-0.38461538461539435,-0.010000000000000231,0.002167061802646701,1.5384615384615397,7404774510.999999
2023-12-21,2.59,2.61,2.61,2.56,20014717.0,51903176.0,0.7722007722007707,0.020000000000000018,0.002702947533414769,1.930501930501924,7404774510.999999
2023-12-22,2.61,2.61,2.63,2.58,21385933.0,56033948.0,0.0,0.0,0.002888127513975017,1.9157088122605297,7404774510.999999
2023-12-25,2.61,2.61,2.62,2.59,11797242.0,30829482.0,0.0,0.0,0.0015931939564769822,1.1494252873563313,7404774510.999999
2023-12-26,2.6,2.6,2.62,2.6,12247220.0,32085504.0,-0.3831417624520994,-0.009999999999999787,0.00165396258614039,0.7662835249042153,7404774510.999999
2023-12-27,2.61,2.64,2.64,2.58,20447895.0,53716178.0,1.538461538461533,0.040000000000000036,0.0027614473566513176,2.3076923076923097,7404774510.999999
2023-12-28,2.64,2.68,2.69,2.63,23150800.0,62026676.0,1.5151515151515138,0.040000000000000036,0.0031264692754126196,2.2727272727272747,7404774510.999999
2023-12-29,2.67,2.68,2.69,2.66,18439707.0,49557365.0,0.0,0.0,0.002490245580416703,1.1194029850746194,7404774510.999999
2024-01-02,2.67,2.71,2.72,2.67,28175500.0,76412470.0,1.1194029850746245,0.029999999999999805,0.0038050449690459186,1.8656716417910546,7404774510.999999
2024-01-03,2.7,2.7,2.72,2.69,23430259.0,63549703.0,-0.36900369003689537,-0.009999999999999787,0.003164209654891408,1.1070110701107103,7404774510.999999
2024-01-04,2.69,2.69,2.7,2.67,16210659.0,43731224.0,-0.37037037037037646,-0.010000000000000231,0.0021892171025489856,1.1111111111111203,7404774510.999999
2024-01-05,2.69,2.68,2.72,2.67,18955500.0,51250882.0,-0.3717472118959009,-0.009999999999999787,0.0025599023943053334,1.8587360594795637,7404774510.999999
2024-01-08,2.67,2.63,2.69,2.62,21712500.0,57708787.0,-1.8656716417910557,-0.050000000000000266,0.00293222973471312,2.6119402985074567,7404774510.999999
2024-01-09,2.62,2.65,2.67,2.6,20274566.0,53766258.0,0.7604562737642651,0.020000000000000018,0.0027380396215822057,2.661596958174899,7404774510.999999
2024-01-10,2.65,2.63,2.66,2.62,15362611.0,40689270.0,-0.7547169811320753,-0.020000000000000018,0.0020746899148891586,1.5094339622641524,7404774510.999999
2024-01-11,2.63,2.65,2.67,2.61,21485800.0,56908905.0,0.7604562737642651,0.020000000000000018,0.0029016143527506805,2.281368821292778,7404774510.999999
2024-01-12,2.64,2.65,2.69,2.64,23850500.0,63828090.0,0.0,0.0,0.0032209623621312733,1.886792452830182,7404774510.999999
2024-01-15,2.66,2.65,2.67,2.64,19995600.0,53339882.0,0.0,0.0,0.0027003658207682057,1.1320754716981059,7404774510.999999
2024-01-16,2.65,2.64,2.66,2.6,19486780.0,51386400.0,-0.37735849056602655,-0.009999999999999787,0.0026316506965947234,2.264150943396228,7404774510.999999
2024-01-17,2.62,2.57,2.63,2.57,23901780.0,62370868.0,-2.6515151515151603,-0.07000000000000028,0.0032278876236532575,2.2727272727272747,7404774510.999999
2024-01-18,2.56,2.52,2.56,2.45,42474562.0,106707059.0,-1.9455252918287869,-0.04999999999999982,0.005736104716882716,4.280155642023342,7404774510.999999
2024-01-19,2.53,2.52,2.53,2.5,19165150.0,48470111.0,0.0,0.0,0.0025882152078405135,1.1904761904761827,7404774510.999999
2024-01-22,2.51,2.39,2.52,2.37,34177574.0,83701046.0,-5.158730158730151,-0.1299999999999999,0.004615613068193807,5.952380952380949,7404774510.999999
2024-01-23,2.38,2.42,2.43,2.33,29419746.0,70206379.0,1.2552301255229992,0.029999999999999805,0.003973077904843172,4.184100418410045,7404774510.999999
2024-01-24,2.42,2.47,2.48,2.37,31036700.0,75696737.0,2.066115702479343,0.050000000000000266,0.004191444311220297,4.5454545454545405,7404774510.999999
2024-01-25,2.46,2.55,2.56,2.45,28644574.0,72356359.0,3.2388663967611198,0.07999999999999963,0.0038683924753478566,4.453441295546553,7404774510.999999
2024-01-26,2.54,2.58,2.6,2.54,27640800.0,71505936.0,1.1764705882353121,0.03000000000000025,0.003732834802591061,2.3529411764705905,7404774510.999999
2024-01-29,2.59,2.56,2.6,2.54,23649253.0,61125585.0,-0.7751937984496138,-0.020000000000000018,0.003193784356953527,2.325581395348839,7404774510.999999
2024-01-30,2.54,2.5,2.57,2.49,27949000.0,71231885.0,-2.34375,-0.06000000000000005,0.0037744565966837994,3.1249999999999853,7404774510.999999
2024-01-31,2.5,2.44,2.52,2.43,28814800.0,71672214.0,-2.400000000000002,-0.06000000000000005,0.0038913811564680076,3.5999999999999943,7404774510.999999
2024-02-01,2.43,2.42,2.47,2.39,27834800.0,67938049.0,-0.8196721311475419,-0.020000000000000018,0.0037590341149012206,3.2786885245901667,7404774510.999999
2024-02-02,2.42,2.36,2.45,2.29,35412462.0,84690001.0,-2.4793388429752095,-0.06000000000000005,0.004782382224792099,6.61157024793389,7404774510.999999
2024-02-05,2.34,2.25,2.34,2.17,52755720.0,119614636.0,-4.6610169491525415,-0.10999999999999988,0.007124554558903841,7.203389830508472,7404774510.999999
2024-02-06,2.21,2.41,2.44,2.19,50059724.0,117039964.0,7.1111111111111125,0.16000000000000014,0.006760465686785584,11.11111111111111,7404774510.999999
2024-02-07,2.39,2.53,2.53,2.38,54550413.0,136131577.0,4.979253112033177,0.11999999999999966,0.007366924262037128,6.224066390041489,7404774510.999999
2024-02-08,2.5,2.56,2.62,2.5,57596850.0,149255785.0,1.1857707509881577,0.03000000000000025,0.007778339490883655,4.743083003952574,7404774510.999999
2024-02-19,2.55,2.56,2.59,2.52,43174751.0,110939447.0,0.0,0.0,0.0058306638420741515,2.734374999999994,7404774510.999999
2024-02-20,2.56,2.55,2.56,2.51,23768919.0,60558854.0,-0.3906250000000111,-0.010000000000000231,0.0032099450111128447,1.9531250000000104,7404774510.999999
2024-02-21,2.54,2.55,2.61,2.51,36276391.0,93746948.0,0.0,0.0,0.004899054109765316,3.921568627450984,7404774510.999999
2024-02-22,2.55,2.56,2.57,2.53,22200700.0,56942399.0,0.39215686274509665,0.010000000000000231,0.0029981601690936355,1.5686274509803935,7404774510.999999
2024-02-23,2.57,2.58,2.58,2.54,25549989.0,65683862.0,0.78125,0.020000000000000018,0.0034504749553203517,1.5625000000000013,7404774510.999999
2024-02-26,2.58,2.57,2.62,2.56,29335400.0,76132932.0,-0.387596899224818,-0.010000000000000231,0.003961687146100323,2.325581395348839,7404774510.999999
2024-02-27,2.56,2.6,2.6,2.55,23382378.0,60485909.0,1.1673151750972943,0.03000000000000025,0.0031577434215268574,1.9455252918288042,7404774510.999999
2024-02-28,2.6,2.57,2.64,2.57,47411341.0,124109536.0,-1.1538461538461608,-0.03000000000000025,0.00640280685516745,2.692307692307703,7404774510.999999
2024-02-29,2.55,2.6,2.61,2.54,32087700.0,83186191.0,1.1673151750972943,0.03000000000000025,0.004333379760900595,2.723735408560305,7404774510.999999
2024-03-01,2.59,2.6,2.61,2.58,23581726.0,61429543.0,0.0,0.0,0.0031846649705495676,1.1538461538461462,7404774510.999999
2024-03-04,2.61,2.59,2.63,2.58,28100600.0,73408613.0,-0.38461538461539435,-0.010000000000000231,0.0037949298737261715,1.9230769230769162,7404774510.999999
2024-03-05,2.61,2.62,2.68,2.6,48351700.0,127748322.0,1.1583011583011782,0.03000000000000025,0.006529800458902861,3.0888030888030915,7404774510.999999
2024-03-06,2.61,2.61,2.63,2.57,32384700.0,84677767.0,-0.3816793893129833,-0.010000000000000231,0.004373489017375428,2.2900763358778646,7404774510.999999
2024-03-07,2.62,2.69,2.73,2.61,74707591.0,201828720.0,3.065134099616862,0.08000000000000007,0.010089110868807658,4.5977011494252915,7404774510.999999
2024-03-08,2.68,2.69,2.7,2.65,43054501.0,115600974.0,0.0,0.0,0.0058144243198819,1.8587360594795637,7404774510.999999
2024-03-11,2.7,2.69,2.73,2.66,35870082.0,96876298.0,0.0,0.0,0.004844182891283724,2.6022304832713696,7404774510.999999
2024-03-12,2.68,2.64,2.69,2.63,30362600.0,80815844.0,-1.8587360594795488,-0.04999999999999982,0.004100408453342571,2.2304832713754665,7404774510.999999
2024-03-13,2.63,2.62,2.65,2.6,27962882.0,73560277.0,-0.7575757575757569,-0.020000000000000018,0.0037763313330419932,1.8939393939393872,7404774510.999999
2024-03-14,2.68,2.7,2.79,2.67,83270482.0,228145291.0,3.053435114503822,0.08000000000000007,0.011245512186265683,4.580152671755729,7404774510.999999
2024-03-15,2.68,2.81,2.83,2.65,121549379.0,336390841.0,4.074074074074074,0.10999999999999988,0.01641500072952053,6.666666666666672,7404774510.999999
2024-03-18,2.84,2.82,2.86,2.77,88515100.0,249814815.0,0.3558718861209842,0.009999999999999787,0.011953787366314578,3.2028469750889625,7404774510.999999
2024-03-19,2.82,2.79,2.87,2.78,66774224.0,189276697.0,-1.0638297872340385,-0.029999999999999805,0.009017725509508093,3.1914893617021387,7404774510.999999
2024-03-20,2.78,2.82,2.83,2.75,60480115.0,169379295.0,1.0752688172043001,0.029999999999999805,0.00816771866721331,2.8673835125448055,7404774510.999999
2024-03-21,2.85,2.86,2.9,2.81,70388086.0,201463646.0,1.4184397163120588,0.040000000000000036,0.009505770350661797,3.1914893617021227,7404774510.999999
2024-03-22,2.83,2.78,2.85,2.75,62403900.0,174463828.0,-2.7972027972028024,-0.08000000000000007,0.008427521986968984,3.4965034965034993,7404774510.999999
2024-03-25,2.77,2.78,2.84,2.76,53555887.0,150321785.0,0.0,0.0,0.007232615513199117,2.8776978417266217,7404774510.999999
2024-03-26,2.77,2.77,2.8,2.74,41384750.0,114958208.0,-0.3597122302158251,-0.009999999999999787,0.005588927784164366,2.15827338129495,7404774510.999999
2024-03-27,2.77,2.74,2.8,2.73,35544087.0,98644662.0,-1.0830324909747224,-0.029999999999999805,0.004800157918002535,2.5270758122743624,7404774510.999999
2024-03-28,2.73,2.77,2.79,2.72,41347749.0,114720082.0,1.0948905109488871,0.029999999999999805,0.00558393087305721,2.5547445255474392,7404774510.999999
2024-03-29,2.8,2.86,2.86,2.8,60552396.0,172070911.0,3.2490974729241895,0.08999999999999986,0.00817748007181687,2.1660649819494604,7404774510.999999
2024-04-01,2.9,2.93,3.01,2.89,89806600.0,265182783.0,2.447552447552459,0.07000000000000028,0.01212820186037938,4.195804195804184,7404774510.999999
2024-04-02,2.92,2.97,3.0,2.91,70058444.0,208564397.0,1.3651877133105783,0.040000000000000036,0.009461252857318778,3.0716723549488005,7404774510.999999
2024-04-03,3.04,3.27,3.27,3.01,269926759.0,864824431.0,10.1010101010101,0.2999999999999998,0.03645306938098065,8.754208754208761,7404774510.999999
2024-04-08,3.42,3.6,3.6,3.36,357169163.0,1274504614.0,10.091743119266061,0.33000000000000007,0.04823498169585249,7.339449541284409,7404774510.999999
2024-04-09,3.6,3.68,3.81,3.49,651497636.0,2389567883.0,2.2222222222222143,0.08000000000000007,0.08798345378811767,8.888888888888884,7404774510.999999
2024-04-10,3.74,3.55,3.79,3.42,442748689.0,1577999327.0,-3.532608695652184,-0.13000000000000034,0.059792325659921784,10.054347826086959,7404774510.999999
2024-04-11,3.39,3.48,3.59,3.3,413780219.0,1417909696.0,-1.9718309859154903,-0.06999999999999984,0.055880191677048094,8.169014084507044,7404774510.999999
2024-04-12,3.57,3.56,3.58,3.37,420843338.0,1477406417.0,2.298850574712641,0.08000000000000007,0.056834051783052335,6.034482758620689,7404774510.999999
2024-04-15,3.33,3.28,3.4,3.2,356069989.0,1168154398.0,-7.86516853932585,-0.28000000000000025,0.04808654044374317,5.61797752808988,7404774510.999999
2024-04-16,3.26,3.09,3.35,3.08,252061160.0,802841509.0,-5.792682926829262,-0.18999999999999995,0.034040355938665806,8.231707317073171,7404774510.999999
2024-04-17,3.1,3.19,3.23,3.1,171110696.0,542240121.0,3.2362459546925626,0.10000000000000009,0.02310815754697328,4.20711974110032,7404774510.999999
2024-04-18,3.16,3.33,3.34,3.12,229990756.0,747986989.0,4.3887147335423204,0.14000000000000012,0.03105979198398848,6.896551724137924,7404774510.999999
2024-04-19,3.3,3.35,3.44,3.26,246856907.0,829536338.0,0.6006006006006093,0.020000000000000018,0.03333753197120144,5.40540540540541,7404774510.999999
2024-04-22,3.33,3.17,3.45,3.16,199876745.0,655641652.0,-5.3731343283582085,-0.18000000000000016,0.026992954978315345,8.656716417910449,7404774510.999999
2024-04-23,3.09,2.98,3.11,2.96,205335619.0,623129460.0,-5.993690851735012,-0.18999999999999995,0.027730165002994786,4.731861198738168,7404774510.999999
2024-04-24,2.99,3.08,3.09,2.97,121899935.0,371263095.0,3.3557046979865834,0.10000000000000009,0.016462342616768984,4.0268456375838815,7404774510.999999
2024-04-25,3.04,3.09,3.13,3.01,87908299.0,271290195.0,0.32467532467532756,0.009999999999999787,0.011871840103896449,3.8961038961038996,7404774510.999999
2024-04-26,3.09,3.19,3.2,3.08,120359944.0,380676361.0,3.2362459546925626,0.10000000000000009,0.016254369909738903,3.8834951456310716,7404774510.999999
2024-04-29,3.15,3.16,3.18,3.09,107720582.0,338686918.0,-0.940438871473348,-0.029999999999999805,0.014547449330155574,2.821316614420072,7404774510.999999
2024-04-30,3.16,3.08,3.2,3.07,103905055.0,325320468.0,-2.5316455696202556,-0.08000000000000007,0.014032170033759454,4.113924050632923,7404774510.999999
2024-05-06,3.06,3.12,3.13,3.03,91852955.0,284365820.0,1.2987012987013102,0.040000000000000036,0.012404558013691015,3.2467532467532494,7404774510.999999
2024-05-07,3.15,3.11,3.17,3.09,90884100.0,285844003.0,-0.3205128205128305,-0.010000000000000231,0.012273716082102046,2.5641025641025665,7404774510.999999
2024-05-08,3.08,3.09,3.14,3.03,75815883.0,234942861.0,-0.6430868167202619,-0.020000000000000018,0.010238783488595552,3.536977491961425,7404774510.999999
2024-05-09,3.08,3.17,3.19,3.07,106506800.0,336111006.0,2.5889967637540368,0.08000000000000007,0.014383530496679025,3.8834951456310716,7404774510.999999
2024-05-10,3.28,3.22,3.34,3.12,174779667.0,561055877.0,1.5772870662460692,0.050000000000000266,0.02360364474844709,6.940063091482643,7404774510.999999
2024-05-13,3.15,3.11,3.15,3.08,95226000.0,297706452.0,-3.4161490683229934,-0.11000000000000032,0.01286008100024371,2.1739130434782554,7404774510.999999
2024-05-14,3.13,3.13,3.17,3.09,80317059.0,252219533.0,0.6430868167202508,0.020000000000000018,0.010846658312239863,2.572347266881031,7404774510.999999
2024-05-15,3.12,3.22,3.34,3.08,177902424.0,575358657.0,2.8753993610223683,0.0900000000000003,0.024025366840775636,8.306709265175712,7404774510.999999
2024-05-16,3.33,3.18,3.34,3.17,133817269.0,435913153.0,-1.2422360248447228,-0.040000000000000036,0.018071754757853966,5.279503105590059,7404774510.999999
2024-05-17,3.18,3.22,3.26,3.12,104073808.0,332436577.0,1.2578616352201255,0.040000000000000036,0.01405495978917325,4.40251572327043,7404774510.999999
2024-05-20,3.49,3.54,3.54,3.39,251271598.0,878247940.0,9.937888198757761,0.31999999999999984,0.033933727168427484,4.658385093167698,7404774510.999999
2024-05-21,3.59,3.35,3.63,3.34,288152799.0,1001134568.0,-5.36723163841808,-0.18999999999999995,0.038914459660039744,8.192090395480227,7404774510.999999
2024-05-22,3.36,3.29,3.44,3.28,152193559.0,510349911.0,-1.7910447761193993,-0.06000000000000005,0.02055343599915328,4.776119402985079,7404774510.999999
2024-05-23,3.14,3.09,3.16,3.06,155547765.0,485010077.0,-6.079027355623101,-0.20000000000000018,0.021006414816403855,3.0395136778115526,7404774510.999999
2024-05-24,3.06,3.08,3.12,3.06,92621753.0,287415092.0,-0.3236245954692518,-0.009999999999999787,0.012508382647224139,1.9417475728155358,7404774510.999999
2024-05-27,3.08,3.1,3.12,3.05,80291500.0,248442938.0,0.6493506493506551,0.020000000000000018,0.010843206620367,2.272727272727282,7404774510.999999
2024-05-28,3.17,3.12,3.21,3.11,131346901.0,416874922.0,0.6451612903225712,0.020000000000000018,0.017738136496240436,3.2258064516129057,7404774510.999999
2024-05-29,3.11,3.3,3.35,3.09,222375137.0,727736301.0,5.769230769230771,0.17999999999999972,0.03003131785710092,8.33333333333334,7404774510.999999
2024-05-30,3.25,3.11,3.27,3.1,145996600.0,464175452.0,-5.757575757575761,-0.18999999999999995,0.019716549070213817,5.15151515151515,7404774510.999999
2024-05-31,3.1,3.12,3.15,3.09,66007400.0,206353221.0,0.3215434083601254,0.010000000000000231,0.008914167460730123,1.9292604501607735,7404774510.999999
2024-06-03,3.1,3.04,3.12,3.01,93351700.0,286938382.0,-2.564102564102566,-0.08000000000000007,0.012606960530847151,3.525641025641036,7404774510.999999
2024-06-04,3.05,3.09,3.12,3.03,63232400.0,195007833.0,1.6447368421052655,0.04999999999999982,0.008539409256293559,2.9605263157894837,7404774510.999999
2024-06-05,3.04,3.0,3.04,2.98,65531026.0,197894979.0,-2.9126213592232997,-0.08999999999999986,0.008849834104016515,1.9417475728155358,7404774510.999999
2024-06-06,3.04,2.99,3.08,2.97,79183376.0,240156583.0,-0.33333333333332993,-0.009999999999999787,0.010693556688643373,3.6666666666666625,7404774510.999999
2024-06-07,3.05,3.06,3.09,3.0,79906700.0,244509803.0,2.341137123745818,0.06999999999999984,0.010791240149351795,3.0100334448160484,7404774510.999999
2024-06-11,2.94,2.92,2.94,2.88,84799500.0,247298701.0,-4.575163398692816,-0.14000000000000012,0.011452003011574218,1.960784313725492,7404774510.999999
2024-06-12,2.91,2.94,2.96,2.89,52923339.0,155899585.0,0.6849315068493178,0.020000000000000018,0.007147191169883824,2.3972602739725972,7404774510.999999
2024-06-13,2.94,2.91,2.95,2.87,57374347.0,167052146.0,-1.0204081632652962,-0.029999999999999805,0.0077482909053839255,2.721088435374152,7404774510.999999
2024-06-14,2.89,2.94,2.94,2.88,101387190.0,296004689.0,1.0309278350515427,0.029999999999999805,0.013692137397213987,2.0618556701030943,7404774510.999999
2024-06-17,2.9,2.86,2.92,2.86,66946317.0,193669458.0,-2.7210884353741527,-0.08000000000000007,0.009040966325247228,2.040816326530614,7404774510.999999
2024-06-18,2.88,2.88,2.9,2.84,45188300.0,130344637.0,0.6993006993007089,0.020000000000000018,0.006102589610645337,2.0979020979020997,7404774510.999999
2024-06-19,2.88,2.89,2.93,2.87,50535900.0,146961395.0,0.3472222222222321,0.010000000000000231,0.006824772303994877,2.0833333333333353,7404774510.999999
2024-06-20,2.9,2.86,2.93,2.85,48052500.0,139188983.0,-1.038062283737029,-0.03000000000000025,0.006489394096824511,2.7681660899654004,7404774510.999999
2024-06-21,2.89,2.83,2.9,2.82,47665200.0,136572584.0,-1.0489510489510412,-0.029999999999999805,0.006437090005805311,2.7972027972028,7404774510.999999
2024-06-24,2.76,2.74,2.79,2.71,65951600.0,181789650.0,-3.180212014134276,-0.08999999999999986,0.008906631782240913,2.826855123674914,7404774510.999999
2024-06-25,2.74,2.76,2.79,2.72,50113969.0,138404629.0,0.7299270072992581,0.019999999999999574,0.00676779136563231,2.5547445255474392,7404774510.999999
2024-06-26,2.75,2.81,2.81,2.72,46293600.0,128344918.0,1.8115942028985588,0.050000000000000266,0.006251858166812448,3.2608695652173862,7404774510.999999
2024-06-27,2.78,2.72,2.8,2.72,39179400.0,108170456.0,-3.2028469750889577,-0.08999999999999986,0.005291099673838536,2.8469750889679584,7404774510.999999
2024-06-28,2.74,2.77,2.79,2.72,50509861.0,140073126.0,1.8382352941176405,0.04999999999999982,0.0068212557890812466,2.5735294117647,7404774510.999999
2024-07-01,2.77,2.82,2.83,2.77,44377600.0,124865689.0,1.8050541516245522,0.04999999999999982,0.00599310619574922,2.1660649819494604,7404774510.999999
2024-07-02,2.82,2.8,2.86,2.79,40521834.0,114587157.0,-0.7092198581560294,-0.020000000000000018,0.005472392702816769,2.4822695035460938,7404774510.999999
2024-07-03,2.81,2.81,2.82,2.78,28388465.0,79871135.0,0.3571428571428559,0.010000000000000231,0.0038338054667063992,1.42857142857143,7404774510.999999
2024-07-04,2.84,2.75,2.87,2.74,45557787.0,127719716.0,-2.135231316725983,-0.06000000000000005,0.0061524880916120584,4.62633451957295,7404774510.999999
2024-07-05,2.75,2.84,2.84,2.72,55802791.0,156308217.0,3.2727272727272716,0.08999999999999986,0.007536055408183382,4.363636363636352,7404774510.999999
2024-07-08,2.86,2.78,2.87,2.75,49640500.0,139856737.0,-2.1126760563380254,-0.06000000000000005,0.0067038503233633456,4.2253521126760605,7404774510.999999
2024-07-09,2.77,2.81,2.82,2.72,49267600.0,137053815.0,1.0791366906474975,0.03000000000000025,0.006653490923567167,3.597122302158261,7404774510.999999
2024-07-10,2.81,2.81,2.87,2.79,63889255.0,181500002.0,0.0,0.0,0.008628116211383713,2.8469750889679744,7404774510.999999
2024-07-11,2.84,2.94,2.94,2.83,85623655.0,249710377.0,4.62633451957295,0.1299999999999999,0.011563303497331846,3.9145907473309567,7404774510.999999
2024-07-12,2.96,2.91,2.97,2.9,59230500.0,174187812.0,-1.0204081632652962,-0.029999999999999805,0.007998960658695473,2.3809523809523907,7404774510.999999
2024-07-15,2.9,2.91,2.94,2.86,46258400.0,135224576.0,0.0,0.0,0.006247104477156172,2.7491408934707926,7404774510.999999
2024-07-16,2.91,2.93,2.95,2.88,48295400.0,141506361.0,0.6872852233676952,0.020000000000000018,0.0065221972564128506,2.4054982817869512,7404774510.999999
2024-07-17,2.96,2.85,2.99,2.85,67483400.0,196544228.0,-2.7303754266211677,-0.08000000000000007,0.009113498311089896,4.778156996587034,7404774510.999999
2024-07-18,2.8,2.81,2.83,2.75,55158200.0,154133666.0,-1.403508771929829,-0.040000000000000036,0.007449004681784835,2.8070175438596516,7404774510.999999
2024-07-19,2.76,2.72,2.76,2.68,59438391.0,162054289.0,-3.2028469750889577,-0.08999999999999986,0.008027035922795842,2.8469750889679584,7404774510.999999
2024-07-22,2.69,2.68,2.72,2.66,42959315.0,115794195.0,-1.4705882352941235,-0.040000000000000036,0.00580156964080172,2.2058823529411784,7404774510.999999
2024-07-23,2.69,2.62,2.71,2.61,54252737.0,144483116.0,-2.23880597014926,-0.06000000000000005,0.007326723713113215,3.7313432835820928,7404774510.999999
2024-07-24,2.61,2.56,2.62,2.55,50562987.0,130833200.0,-2.2900763358778664,-0.06000000000000005,0.006828430349214183,2.6717557251908506,7404774510.999999
2024-07-25,2.54,2.53,2.56,2.51,40016838.0,101716163.0,-1.171875000000011,-0.03000000000000025,0.0054041940022014,1.9531250000000104,7404774510.999999
2024-07-26,2.53,2.6,2.61,2.52,43288900.0,112299608.0,2.7667984189723382,0.07000000000000028,0.0058460794364086485,3.5573122529644214,7404774510.999999
2024-07-29,2.61,2.62,2.64,2.59,31914100.0,83892520.0,0.7692307692307665,0.020000000000000018,0.00430993542782305,1.9230769230769333,7404774510.999999
2024-07-30,2.62,2.63,2.63,2.58,26079000.0,68274903.0,0.3816793893129722,0.009999999999999787,0.003521916833694114,1.9083969465648787,7404774510.999999
2024-07-31,2.63,2.71,2.72,2.62,47269800.0,127391726.0,3.041825095057038,0.08000000000000007,0.00638369202597316,3.802281368821296,7404774510.999999
2024-08-01,2.74,2.71,2.76,2.7,45509242.0,124560291.0,0.0,0.0,0.006145932186374447,2.2140221402213878,7404774510.999999
2024-08-02,2.69,2.71,2.73,2.67,38949299.0,105884754.0,0.0,0.0,0.005260024993622659,2.214022140221404,7404774510.999999
2024-08-05,2.68,2.64,2.72,2.64,39524400.0,106439899.0,-2.583025830258301,-0.06999999999999984,0.005337691234390109,2.9520295202952056,7404774510.999999
2024-08-06,2.64,2.64,2.69,2.61,38636409.0,102253393.0,0.0,0.0,0.005217769824402423,3.030303030303033,7404774510.999999
2024-08-07,2.64,2.63,2.66,2.61,27461925.0,72750545.0,-0.37878787878788955,-0.010000000000000231,0.0037086780913050824,1.893939393939404,7404774510.999999
2024-08-08,2.63,2.63,2.65,2.59,30067663.0,79186747.0,0.0,0.0,0.004060577800895037,2.281368821292778,7404774510.999999
2024-08-09,2.65,2.64,2.69,2.63,36548644.0,97626810.0,0.38022813688214363,0.010000000000000231,0.004935821333344584,2.281368821292778,7404774510.999999
2024-08-12,2.64,2.63,2.65,2.62,20673500.0,54584913.0,-0.37878787878788955,-0.010000000000000231,0.002791914861052006,1.136363636363629,7404774510.999999
2024-08-13,2.65,2.64,2.66,2.61,21560900.0,56959870.0,0.38022813688214363,0.010000000000000231,0.002911756457670748,1.9011406844106566,7404774510.999999
2024-08-14,2.63,2.61,2.64,2.61,20410300.0,53735470.0,-1.1363636363636465,-0.03000000000000025,0.002756370227031212,1.1363636363636458,7404774510.999999
2024-08-15,2.61,2.64,2.67,2.59,28600492.0,75615906.0,1.1494252873563315,0.03000000000000025,0.00386243928934138,3.065134099616861,7404774510.999999
2024-08-16,2.66,2.62,2.68,2.62,30721992.0,81576980.0,-0.7575757575757569,-0.020000000000000018,0.004148943624733154,2.2727272727272747,7404774510.999999
2024-08-19,2.64,2.66,2.71,2.63,57918800.0,155404440.0,1.526717557251911,0.040000000000000036,0.007821818194998376,3.0534351145038197,7404774510.999999
2024-08-20,2.66,2.61,2.68,2.6,40215300.0,106143221.0,-1.8796992481203145,-0.050000000000000266,0.005430995898694693,3.0075187969924837,7404774510.999999
2024-08-21,2.61,2.63,2.64,2.59,24315200.0,63979119.0,0.766283524904221,0.020000000000000018,0.0032837191684742177,1.9157088122605466,7404774510.999999
2024-08-22,2.64,2.58,2.64,2.57,29826225.0,77506955.0,-1.9011406844106404,-0.04999999999999982,0.004027972081485035,2.6615969581749157,7404774510.999999
2024-08-23,2.57,2.58,2.6,2.56,20306500.0,52359535.0,0.0,0.0,0.0027423522444652605,1.5503875968992262,7404774510.999999
2024-08-26,2.6,2.62,2.64,2.59,26206200.0,68594448.0,1.5503875968992276,0.040000000000000036,0.003539094939497477,1.9379844961240413,7404774510.999999
2024-08-27,2.62,2.56,2.62,2.55,28736254.0,74007702.0,-2.2900763358778664,-0.06000000000000005,0.003880773676134431,2.6717557251908506,7404774510.999999
2024-08-28,2.56,2.56,2.59,2.55,22271550.0,57315394.0,0.0,0.0,0.003007728320006908,1.5625000000000013,7404774510.999999
2024-08-29,2.56,2.6,2.61,2.54,30359088.0,78520058.0,1.5625,0.040000000000000036,0.004099934164760956,2.734374999999994,7404774510.999999
2024-08-30,2.6,2.63,2.67,2.57,46702232.0,122896112.0,1.1538461538461497,0.029999999999999805,0.006307043101801754,3.8461538461538494,7404774510.999999
2024-09-02,2.63,2.6,2.65,2.59,38072535.0,99570686.0,-1.1406844106463754,-0.029999999999999805,0.005141619767548922,2.281368821292778,7404774510.999999
2024-09-03,2.61,2.6,2.63,2.58,23462300.0,61035673.0,0.0,0.0,0.0031685367279106337,1.9230769230769162,7404774510.999999
2024-09-04,2.58,2.57,2.6,2.56,26987700.0,69452069.0,-1.1538461538461608,-0.03000000000000025,0.0036446349527469095,1.5384615384615397,7404774510.999999
2024-09-05,2.57,2.57,2.6,2.55,26662158.0,68522348.0,0.0,0.0,0.003600671156210445,1.9455252918288042,7404774510.999999
2024-09-06,2.58,2.56,2.59,2.55,24611000.0,63208270.0,-0.38910505836574627,-0.009999999999999787,0.0033236663673471317,1.5564202334630364,7404774510.999999
2024-09-09,2.54,2.52,2.55,2.51,31870504.0,80411027.0,-1.5625,-0.040000000000000036,0.004304047875145351,1.5625000000000013,7404774510.999999
2024-09-10,2.53,2.51,2.54,2.47,30169000.0,75525685.0,-0.3968253968254065,-0.010000000000000231,0.004074263160233051,2.7777777777777715,7404774510.999999
2024-09-11,2.51,2.52,2.53,2.49,23390918.0,58926227.0,0.3984063745019917,0.010000000000000231,0.003158896731460511,1.593625498007952,7404774510.999999
2024-09-12,2.53,2.53,2.56,2.52,23300218.0,59149314.0,0.3968253968253954,0.009999999999999787,0.0031466478777155034,1.5873015873015885,7404774510.999999
2024-09-13,2.56,2.55,2.59,2.54,33265800.0,85041356.0,0.7905138339920903,0.020000000000000018,0.004492479811584097,1.9762845849802302,7404774510.999999
2024-09-18,2.55,2.56,2.57,2.51,28326100.0,72079906.0,0.39215686274509665,0.010000000000000231,0.0038253831980866924,2.3529411764705905,7404774510.999999
2024-09-19,2.57,2.65,2.65,2.52,58738466.0,152663864.0,3.515625,0.08999999999999986,0.007932512450276827,5.078124999999996,7404774510.999999
2024-09-20,2.65,2.69,2.7,2.63,47166066.0,125694570.0,1.5094339622641506,0.040000000000000036,0.006369682956575314,2.641509433962275,7404774510.999999
2024-09-23,2.68,2.72,2.73,2.67,39981100.0,108355431.0,1.115241635687747,0.03000000000000025,0.005399367656720264,2.2304832713754665,7404774510.999999
2024-09-24,2.72,2.79,2.8,2.72,57024600.0,157583582.0,2.5735294117646967,0.06999999999999984,0.007701058271968764,2.9411764705882213,7404774510.999999
2024-09-25,2.83,2.83,2.92,2.82,71676586.0,205250311.0,1.4336917562723928,0.040000000000000036,0.009679779700721803,3.5842293906810068,7404774510.999999
2024-09-26,2.83,2.92,2.92,2.82,63596799.0,182593029.0,3.180212014134276,0.08999999999999986,0.008588620613028146,3.5335689045936425,7404774510.999999
2024-09-27,2.94,2.97,3.0,2.94,57324900.0,169873028.0,1.7123287671233056,0.050000000000000266,0.007741613186848872,2.054794520547947,7404774510.999999
2024-09-30,3.09,3.22,3.23,3.02,150590668.0,472751507.0,8.417508417508412,0.25,0.02033696877282264,7.070707070707069,7404774510.999999
2024-10-08,3.54,3.26,3.54,3.15,192151158.0,638950908.0,1.2422360248447006,0.03999999999999959,0.02594962989278797,12.111801242236028,7404774510.999999
2024-10-09,3.19,3.0,3.24,3.0,139292134.0,431040602.0,-7.975460122699385,-0.2599999999999998,0.01881112433512697,7.361963190184056,7404774510.999999
2024-10-10,3.01,3.07,3.13,2.98,95393548.0,292514540.0,2.3333333333333206,0.06999999999999984,0.01288270802281558,4.9999999999999964,7404774510.999999
2024-10-11,3.17,3.03,3.17,3.0,77397388.0,236554760.0,-1.3029315960912058,-0.040000000000000036,0.010452362578364002,5.53745928338762,7404774510.999999
2024-10-14,3.07,3.11,3.13,3.02,82204831.0,253841954.0,2.64026402640265,0.08000000000000007,0.01110159814831396,3.6303630363036263,7404774510.999999
2024-10-15,3.11,3.04,3.12,3.03,61391300.0,188510381.0,-2.2508038585209,-0.06999999999999984,0.008290772380550078,2.8938906752411677,7404774510.999999
2024-10-16,3.02,3.09,3.11,3.01,59847100.0,183880760.0,1.6447368421052655,0.04999999999999982,0.008082231256481269,3.2894736842105288,7404774510.999999
2024-10-17,3.09,3.06,3.11,3.05,51226894.0,157935898.0,-0.9708737864077555,-0.029999999999999805,0.006918089662811612,1.9417475728155358,7404774510.999999
2024-10-18,3.07,3.13,3.17,3.06,87000865.0,270798655.0,2.287581699346397,0.06999999999999984,0.011749292955613676,3.594771241830061,7404774510.999999
2024-10-21,3.24,3.29,3.36,3.23,149173833.0,492005596.0,5.111821086261981,0.16000000000000014,0.020145628037477457,4.153354632587856,7404774510.999999
2024-10-22,3.26,3.24,3.28,3.18,90643206.0,292730403.0,-1.5197568389057725,-0.04999999999999982,0.012241183828804913,3.0395136778115397,7404774510.999999
2024-10-23,3.28,3.3,3.34,3.22,93324522.0,306534161.0,1.8518518518518379,0.05999999999999961,0.012603290196259699,3.703703703703693,7404774510.999999
2024-10-24,3.26,3.28,3.29,3.21,64300200.0,208989069.0,-0.60606060606061,-0.020000000000000018,0.008683613512400717,2.4242424242424265,7404774510.999999
2024-10-25,3.27,3.29,3.32,3.26,58860500.0,193299098.0,0.3048780487804992,0.010000000000000231,0.007948992898103932,1.8292682926829285,7404774510.999999
2024-10-28,3.26,3.35,3.36,3.25,69581300.0,231887761.0,1.823708206686936,0.06000000000000005,0.00939681551364394,3.3434650455927013,7404774510.999999
2024-10-29,3.35,3.31,3.39,3.29,61924194.0,206000426.0,-1.1940298507462699,-0.040000000000000036,0.008362738650314049,2.9850746268656745,7404774510.999999
2024-10-30,3.29,3.32,3.36,3.26,58681518.0,194056460.0,0.302114803625364,0.009999999999999787,0.007924821736681782,3.021148036253779,7404774510.999999
2024-10-31,3.22,3.12,3.23,3.06,151572187.0,475394060.0,-6.024096385542165,-0.19999999999999973,0.020469520952303852,5.120481927710842,7404774510.999999
2024-11-01,3.11,3.15,3.23,3.1,125878169.0,398244494.0,0.9615384615384581,0.029999999999999805,0.016999595168361234,4.1666666666666625,7404774510.999999
2024-11-04,3.16,3.16,3.18,3.1,68832294.0,216277234.0,0.31746031746031633,0.010000000000000231,0.009295663750158457,2.539682539682542,7404774510.999999
2024-11-05,3.16,3.27,3.28,3.14,94323319.0,304392224.0,3.4810126582278444,0.10999999999999988,0.012738175735112538,4.430379746835433,7404774510.999999
2024-11-06,3.29,3.35,3.42,3.25,128810250.0,430005251.0,2.4464831804281273,0.08000000000000007,0.017395566847936934,5.1987767584097835,7404774510.999999
2024-11-07,3.24,3.36,3.36,3.16,113952706.0,372782837.0,0.29850746268655914,0.009999999999999787,0.015389085222071256,5.970149253731335,7404774510.999999
2024-11-08,3.42,3.29,3.43,3.27,104977176.0,349992786.0,-2.083333333333326,-0.06999999999999984,0.01417695783228152,4.761904761904766,7404774510.999999
2024-11-11,3.3,3.26,3.3,3.21,76011958.0,246416264.0,-0.911854103343468,-0.03000000000000025,0.01026526302550903,2.7355623100303905,7404774510.999999
2024-11-12,3.24,3.16,3.26,3.13,77522873.0,248264992.0,-3.0674846625766805,-0.09999999999999964,0.010469309076844624,3.98773006134969,7404774510.999999
2024-11-13,3.15,3.16,3.22,3.13,55411555.0,175435528.0,0.0,0.0,0.007483219768229889,2.848101265822794,7404774510.999999
2024-11-14,3.14,3.07,3.17,3.06,59923333.0,186420136.0,-2.848101265822789,-0.0900000000000003,0.008092526370787148,3.4810126582278436,7404774510.999999
2024-11-15,3.06,3.01,3.1,3.0,63965099.0,195219633.0,-1.9543973941368087,-0.06000000000000005,0.00863835879201697,3.257328990228016,7404774510.999999
2024-11-18,3.08,3.02,3.11,3.0,80472600.0,246142236.0,0.33222591362127574,0.010000000000000231,0.010867663813456534,3.654485049833883,7404774510.999999
2024-11-19,3.04,3.08,3.08,3.01,59843024.0,182377789.0,1.9867549668874274,0.06000000000000005,0.008081680800826753,2.3178807947019964,7404774510.999999
2024-11-20,3.07,3.08,3.09,3.04,48195900.0,147865616.0,0.0,0.0,0.006508759980253773,1.6233766233766176,7404774510.999999
2024-11-21,3.08,3.08,3.11,3.05,50031000.0,153978018.0,0.0,0.0,0.006756586567987661,1.9480519480519498,7404774510.999999
2024-11-22,3.09,3.0,3.16,3.0,93061020.0,287595391.0,-2.5974025974025983,-0.08000000000000007,0.012567704777742423,5.194805194805199,7404774510.999999
2024-11-25,3.01,3.01,3.07,2.97,63218797.0,190525560.0,0.3333333333333188,0.009999999999999787,0.008537572198327811,3.3333333333333215,7404774510.999999
2024-11-26,2.99,3.01,3.06,2.98,56383150.0,170162447.0,0.0,0.0,0.007614431731343238,2.657807308970102,7404774510.999999
2024-11-27,3.01,3.02,3.02,2.92,52884545.0,156999584.0,0.33222591362127574,0.010000000000000231,0.007141952117709801,3.3222591362126277,7404774510.999999
2024-11-28,3.01,3.02,3.05,3.0,44815762.0,135759610.0,0.0,0.0,0.006052279098225737,1.655629139072842,7404774510.999999
2024-11-29,3.03,3.06,3.08,2.99,54305200.0,165347271.0,1.324503311258285,0.040000000000000036,0.007333808736421091,2.980132450331121,7404774510.999999
2024-12-02,3.05,3.12,3.14,3.05,55348000.0,171480648.0,1.9607843137254832,0.06000000000000005,0.00747463679248828,2.941176470588245,7404774510.999999
2024-12-03,3.11,3.1,3.13,3.06,48541700.0,149806817.0,-0.6410256410256387,-0.020000000000000018,0.006555459579206626,2.2435897435897383,7404774510.999999
2024-12-04,3.1,3.05,3.11,3.04,43703167.0,134199170.0,-1.6129032258064613,-0.050000000000000266,0.005902025366886963,2.2580645161290267,7404774510.999999
2024-12-05,3.05,3.08,3.08,3.03,41016997.0,125569023.0,0.9836065573770592,0.03000000000000025,0.005539263476432416,1.6393442622950907,7404774510.999999
2024-12-06,3.07,3.17,3.18,3.07,82462812.0,257972344.0,2.922077922077926,0.08999999999999986,0.01113643796681441,3.571428571428582,7404774510.999999
2024-12-09,3.18,3.14,3.26,3.11,71657159.0,227918624.0,-0.9463722397476282,-0.029999999999999805,0.009677156123194744,4.731861198738168,7404774510.999999
2024-12-10,3.2,3.15,3.23,3.14,82877558.0,264124028.0,0.31847133757960666,0.009999999999999787,0.011192448585285491,2.866242038216556,7404774510.999999
2024-12-11,3.15,3.2,3.25,3.13,78338683.0,251311112.0,1.5873015873016039,0.050000000000000266,0.01057948258702891,3.8095238095238133,7404774510.999999
2024-12-12,3.21,3.22,3.25,3.17,65767810.0,211249841.0,0.6250000000000089,0.020000000000000018,0.008881811310027075,2.500000000000002,7404774510.999999
2024-12-13,3.2,3.1,3.2,3.1,82333811.0,257494223.0,-3.7267080745341685,-0.1200000000000001,0.01111901663956017,3.105590062111804,7404774510.999999
2024-12-16,3.1,3.09,3.12,3.07,49411300.0,152988585.0,-0.3225806451612967,-0.010000000000000231,0.006672897321396909,1.6129032258064602,7404774510.999999
2024-12-17,3.08,3.05,3.11,3.04,52704388.0,161654884.0,-1.2944983818770184,-0.040000000000000036,0.007117622274885773,2.2653721682847845,7404774510.999999
2024-12-18,3.04,3.04,3.08,3.03,42190586.0,128799239.0,-0.3278688524590123,-0.009999999999999787,0.005697754325580706,1.6393442622950907,7404774510.999999
2024-12-19,3.01,3.02,3.03,2.98,43693800.0,131227418.0,-0.6578947368421018,-0.020000000000000018,0.005900760372255987,1.644736842105257,7404774510.999999
2024-12-20,3.01,2.98,3.02,2.98,39404400.0,118062107.0,-1.3245033112582738,-0.040000000000000036,0.005321485474198258,1.3245033112582794,7404774510.999999
2024-12-23,2.98,2.91,2.99,2.9,54523155.0,160147755.0,-2.348993288590595,-0.06999999999999984,0.007363243123609548,3.0201342281879295,7404774510.999999
2024-12-24,2.91,2.93,2.93,2.89,33914800.0,98727989.0,0.6872852233676952,0.020000000000000018,0.004580125964621693,1.3745704467353963,7404774510.999999
2024-12-25,2.92,2.86,2.93,2.84,44547600.0,127834428.0,-2.3890784982935287,-0.07000000000000028,0.00601606435602101,3.0716723549488156,7404774510.999999
2024-12-26,2.86,2.88,2.9,2.85,29684703.0,85604015.0,0.6993006993007089,0.020000000000000018,0.0040088598182027755,1.7482517482517421,7404774510.999999
2024-12-27,2.88,2.89,2.92,2.87,38680900.0,112319753.0,0.3472222222222321,0.010000000000000231,0.005223778245041553,1.736111111111105,7404774510.999999
2024-12-30,2.89,2.86,2.9,2.83,38580499.0,110126111.0,-1.038062283737029,-0.03000000000000025,0.005210219290633036,2.4221453287197177,7404774510.999999
2024-12-31,2.85,2.78,2.87,2.77,45951069.0,129136800.0,-2.7972027972028024,-0.08000000000000007,0.006205600039776823,3.4965034965034993,7404774510.999999
2025-01-02,2.77,2.72,2.81,2.7,52622820.0,145110082.0,-2.1582733812949506,-0.05999999999999961,0.007106606679491365,3.956834532374096,7404774510.999999
2025-01-03,2.72,2.7,2.81,2.69,66772787.0,183469959.0,-0.7352941176470562,-0.020000000000000018,0.009017531445529794,4.411764705882357,7404774510.999999
2025-01-06,2.69,2.75,2.78,2.67,55419569.0,151483658.0,1.8518518518518379,0.04999999999999982,0.007484302042914701,4.07407407407407,7404774510.999999
2025-01-07,2.74,2.79,2.8,2.72,45832400.0,126751100.0,1.454545454545464,0.040000000000000036,0.0061895740284751,2.9090909090908954,7404774510.999999
2025-01-08,2.8,2.74,2.8,2.69,48049100.0,131477272.0,-1.7921146953404965,-0.04999999999999982,0.006488934933619075,3.9426523297490994,7404774510.999999
2025-01-09,2.75,2.74,2.76,2.72,26854269.0,73629256.0,0.0,0.0,0.003626615362845585,1.4598540145985253,7404774510.999999
2025-01-10,2.75,2.7,2.78,2.7,38530600.0,105399387.0,-1.4598540145985384,-0.040000000000000036,0.005203480530401259,2.9197080291970665,7404774510.999999
2025-01-13,2.69,2.76,2.77,2.67,46669600.0,127701596.0,2.2222222222222143,0.05999999999999961,0.006302636215413583,3.703703703703707,7404774510.999999
2025-01-14,2.76,2.79,2.81,2.74,51824982.0,143800662.0,1.0869565217391353,0.03000000000000025,0.006998860251991812,2.5362318840579654,7404774510.999999
2025-01-15,2.79,2.76,2.83,2.73,49810000.0,137710631.0,-1.0752688172043112,-0.03000000000000025,0.006726740959634336,3.5842293906810068,7404774510.999999
2025-01-16,2.76,2.81,2.85,2.76,68851838.0,193617815.0,1.8115942028985588,0.050000000000000266,0.009298303128301702,3.2608695652174022,7404774510.999999
2025-01-17,2.81,2.83,2.85,2.77,46768507.0,131832713.0,0.7117437722419906,0.020000000000000018,0.006315993408107712,2.8469750889679744,7404774510.999999
2025-01-20,2.83,2.8,2.86,2.79,47209669.0,132670944.0,-1.0600706713780994,-0.03000000000000025,0.006375571454589025,2.473498233215542,7404774510.999999
2025-01-21,2.8,2.79,2.82,2.77,27582945.0,76935181.0,-0.35714285714284477,-0.009999999999999787,0.003725021600458564,1.7857142857142794,7404774510.999999
2025-01-22,2.79,2.78,2.8,2.76,30264400.0,84077219.0,-0.35842293906810374,-0.010000000000000231,0.004087146739585573,1.4336917562724028,7404774510.999999
2025-01-23,2.79,2.76,2.83,2.76,41311845.0,115737353.0,-0.7194244604316502,-0.020000000000000018,0.005579082109607808,2.517985611510802,7404774510.999999
2025-01-24,2.77,2.81,2.81,2.76,35366646.0,98646778.0,1.8115942028985588,0.050000000000000266,0.00477619486555085,1.8115942028985605,7404774510.999999
2025-01-27,2.8,2.79,2.84,2.78,47681147.0,134155897.0,-0.7117437722419906,-0.020000000000000018,0.006439243616286806,2.1352313167259807,7404774510.999999
2025-02-05,2.82,2.85,2.85,2.8,56205694.0,159100799.0,2.1505376344086002,0.06000000000000005,0.007590466653171528,1.7921146953405114,7404774510.999999
2025-02-06,2.84,2.86,2.86,2.82,46293278.0,131587368.0,0.35087719298245723,0.009999999999999787,0.006251814681355934,1.4035087719298258,7404774510.999999
2025-02-07,2.85,2.89,2.92,2.84,56196300.0,162242316.0,1.0489510489510634,0.03000000000000025,0.007589198012244509,2.7972027972028,7404774510.999999
2025-02-10,2.9,2.9,2.93,2.88,41358300.0,120072416.0,0.34602076124565784,0.009999999999999787,0.005585355764522079,1.730103806228383,7404774510.999999
2025-02-11,2.92,2.9,2.94,2.89,59071500.0,172032786.0,0.0,0.0,0.007977488026441269,1.7241379310344769,7404774510.999999
2025-02-12,2.89,2.88,2.89,2.84,50888947.0,145952736.0,-0.6896551724137945,-0.020000000000000018,0.006872450595815315,1.7241379310344922,7404774510.999999
2025-02-13,2.88,2.87,2.9,2.86,32777700.0,94363982.0,-0.3472222222222099,-0.009999999999999787,0.004426562882003741,1.3888888888888902,7404774510.999999
2025-02-14,2.88,2.88,2.89,2.84,49966800.0,143232400.0,0.34843205574912606,0.009999999999999787,0.0067479164862850214,1.7421602787456538,7404774510.999999
2025-02-17,2.87,2.85,2.87,2.83,44600500.0,127062393.0,-1.041666666666663,-0.029999999999999805,0.006023208395305585,1.3888888888888902,7404774510.999999
2025-02-18,2.86,2.81,2.86,2.8,46478445.0,131493752.0,-1.403508771929829,-0.040000000000000036,0.0062768211146679714,2.1052631578947385,7404774510.999999
2025-02-19,2.81,2.81,2.82,2.79,35316500.0,99121524.0,0.0,0.0,0.004769422748462679,1.0676156583629823,7404774510.999999
2025-02-20,2.8,2.81,2.82,2.78,38536638.0,108096357.0,0.0,0.0,0.005204295950234913,1.4234875444839872,7404774510.999999
2025-02-21,2.81,2.8,2.83,2.78,46810800.0,130989617.0,-0.3558718861210064,-0.010000000000000231,0.0063217049932393285,1.7793594306049918,7404774510.999999
2025-02-24,2.79,2.79,2.82,2.78,50227777.0,140718831.0,-0.35714285714284477,-0.009999999999999787,0.006783160908598262,1.42857142857143,7404774510.999999
2025-02-25,2.79,2.77,2.8,2.76,37583700.0,104548975.0,-0.7168458781361964,-0.020000000000000018,0.0050756035776873916,1.4336917562724028,7404774510.999999
2025-02-26,2.77,2.8,2.82,2.77,54197329.0,151712689.0,1.0830324909747224,0.029999999999999805,0.0073192409734406305,1.8050541516245424,7404774510.999999
2025-02-27,2.8,2.77,2.81,2.74,48133276.0,133359236.0,-1.0714285714285676,-0.029999999999999805,0.006500302734201653,2.4999999999999947,7404774510.999999
2025-02-28,2.76,2.71,2.77,2.7,48231650.0,131901657.0,-2.166064981949456,-0.06000000000000005,0.006513587946310929,2.5270758122743624,7404774510.999999
2025-03-03,2.71,2.72,2.77,2.71,53588442.0,146828077.0,0.3690036900369176,0.010000000000000231,0.007237012000891165,2.214022140221404,7404774510.999999
2025-03-04,2.73,2.76,2.77,2.71,42137619.0,115670578.0,1.4705882352941124,0.03999999999999959,0.0056906012380800244,2.2058823529411784,7404774510.999999
2025-03-05,2.76,2.79,2.79,2.72,43225190.0,119080946.0,1.0869565217391353,0.03000000000000025,0.005837475528226791,2.5362318840579654,7404774510.999999
2025-03-06,2.8,2.81,2.83,2.79,56724200.0,159683233.0,0.7168458781362075,0.020000000000000018,0.007660489852288495,1.4336917562724028,7404774510.999999
2025-03-07,2.82,2.83,2.87,2.8,72186134.0,205595520.0,0.7117437722419906,0.020000000000000018,0.009748593139840448,2.4911032028469853,7404774510.999999
2025-03-10,2.84,2.85,2.86,2.81,49998507.0,141683918.0,0.7067137809187329,0.020000000000000018,0.006752198453271714,1.7667844522968137,7404774510.999999
2025-03-11,2.83,2.88,2.88,2.8,58885880.0,167415646.0,1.0526315789473717,0.029999999999999805,0.007952420416384507,2.8070175438596516,7404774510.999999
2025-03-12,2.88,2.87,2.9,2.86,43496100.0,125110615.0,-0.3472222222222099,-0.009999999999999787,0.005874061382339912,1.3888888888888902,7404774510.999999
2025-03-13,2.87,2.86,2.89,2.83,39597838.0,112914232.0,-0.34843205574913716,-0.010000000000000231,0.005347608889531519,2.0905923344947754,7404774510.999999
2025-03-14,2.91,2.92,2.98,2.88,89551704.0,261539490.0,2.0979020979021046,0.06000000000000005,0.012093778664963861,3.4965034965034993,7404774510.999999
2025-03-17,2.91,2.88,2.94,2.88,60612400.0,176029331.0,-1.3698630136986356,-0.040000000000000036,0.008185583492104803,2.054794520547947,7404774510.999999
2025-03-18,2.9,2.93,2.98,2.88,88016654.0,258427695.0,1.736111111111116,0.050000000000000266,0.011886473230109683,3.472222222222225,7404774510.999999
2025-03-19,2.94,2.95,2.97,2.91,61457799.0,180842754.0,0.6825938566553003,0.020000000000000018,0.008299752937608394,2.047781569965872,7404774510.999999
2025-03-20,2.95,2.93,2.98,2.92,47448700.0,139858033.0,-0.6779661016949157,-0.020000000000000018,0.006407852113459179,2.0338983050847474,7404774510.999999
2025-03-21,2.92,2.89,2.95,2.87,59128914.0,172065535.0,-1.3651877133105783,-0.040000000000000036,0.007985241672405061,2.7303754266211624,7404774510.999999
2025-03-24,2.88,2.95,2.99,2.86,90977600.0,266025874.0,2.076124567474058,0.06000000000000005,0.01228634307025153,4.498269896193783,7404774510.999999
2025-03-25,2.95,3.01,3.05,2.93,116291079.0,349325685.0,2.033898305084736,0.05999999999999961,0.015704877822713757,4.06779661016948,7404774510.999999
2025-03-26,3.05,3.11,3.31,3.04,244108116.0,771264239.0,3.322259136212624,0.10000000000000009,0.03296631323983878,8.970099667774088,7404774510.999999
2025-03-27,3.04,2.99,3.08,2.98,123212100.0,370587888.0,-3.858520900321538,-0.11999999999999966,0.016639547877786823,3.2154340836012896,7404774510.999999
2025-03-28,3.02,2.96,3.05,2.94,91757179.0,273415767.0,-1.0033444816053616,-0.03000000000000025,0.012391623656289891,3.678929765886283,7404774510.999999
2025-03-31,2.93,2.94,2.96,2.89,85173347.0,249265731.0,-0.6756756756756799,-0.020000000000000018,0.01150249030182791,2.3648648648648596,7404774510.999999
2025-04-01,2.94,2.97,3.0,2.93,78206928.0,232144555.0,1.0204081632653184,0.03000000000000025,0.010561689337578265,2.3809523809523756,7404774510.999999
2025-04-02,2.96,2.9,2.96,2.9,63503231.0,185721203.0,-2.3569023569023684,-0.07000000000000028,0.008575984441614552,2.0202020202020217,7404774510.999999
2025-04-03,2.89,2.91,2.96,2.88,73257398.0,213997793.0,0.34482758620690834,0.010000000000000231,0.009893265202225145,2.758620689655175,7404774510.999999
2025-04-07,2.72,2.62,2.77,2.62,100395500.0,266905138.0,-9.965635738831613,-0.29000000000000004,0.013558211644508511,5.154639175257729,7404774510.999999
2025-04-08,2.6,2.6,2.63,2.56,89070730.0,231114046.0,-0.7633587786259555,-0.020000000000000018,0.012028824087442899,2.6717557251908333,7404774510.999999
2025-04-09,2.56,2.61,2.63,2.45,88346758.0,225124462.0,0.38461538461538325,0.009999999999999787,0.01193105311562944,6.923076923076913,7404774510.999999
2025-04-10,2.65,2.67,2.69,2.63,77205843.0,205982159.0,2.298850574712641,0.06000000000000005,0.010426494808897768,2.2988505747126458,7404774510.999999
2025-04-11,2.68,2.69,2.74,2.67,76587551.0,207524005.0,0.7490636704119868,0.020000000000000018,0.010342995709893266,2.621722846441958,7404774510.999999
2025-04-14,2.73,2.8,2.81,2.71,81665100.0,226577397.0,4.089219330855021,0.10999999999999988,0.01102870855536306,3.7174721189591113,7404774510.999999
2025-04-15,2.79,2.75,2.8,2.73,51371479.0,141386632.0,-1.7857142857142794,-0.04999999999999982,0.006937615578122769,2.4999999999999947,7404774510.999999
2025-04-16,2.77,2.73,2.78,2.69,53932179.0,146944005.0,-0.727272727272732,-0.020000000000000018,0.007283432995816718,3.2727272727272676,7404774510.999999
2025-04-17,2.75,2.74,2.78,2.74,58093000.0,160101465.0,0.366300366300365,0.010000000000000231,0.00784534355687688,1.4652014652014502,7404774510.999999
2025-04-18,2.74,2.74,2.75,2.7,38049680.0,103440620.0,0.0,0.0,0.005138533245472383,1.8248175182481685,7404774510.999999
2025-04-21,2.75,2.86,2.86,2.73,85194038.0,239750779.0,4.379562043795615,0.11999999999999966,0.011505284580028991,4.744525547445251,7404774510.999999
2025-04-22,2.86,2.87,2.88,2.82,69235781.0,197457392.0,0.34965034965035446,0.010000000000000231,0.009350153863179536,2.0979020979020997,7404774510.999999
2025-04-23,2.85,2.79,2.86,2.78,67986600.0,191023191.0,-2.7874564459930307,-0.08000000000000007,0.009181454465494393,2.7874564459930338,7404774510.999999
2025-04-24,2.81,2.75,2.81,2.74,42412021.0,117513077.0,-1.4336917562724039,-0.040000000000000036,0.005727658679814728,2.508960573476697,7404774510.999999
2025-04-25,2.76,2.75,2.79,2.74,43855887.0,121144200.0,0.0,0.0,0.005922649897691126,1.818181818181812,7404774510.999999
2025-04-28,2.75,2.71,2.76,2.7,43145200.0,117386820.0,-1.4545454545454528,-0.040000000000000036,0.005826673038578907,2.181818181818168,7404774510.999999
2025-04-29,2.71,2.75,2.76,2.7,42983300.0,117815144.0,1.4760147601476037,0.040000000000000036,0.005804808767120067,2.2140221402213878,7404774510.999999
2025-04-30,2.75,2.71,2.76,2.7,49712310.0,135275160.0,-1.4545454545454528,-0.040000000000000036,0.006713548120358152,2.181818181818168,7404774510.999999
2025-05-06,2.72,2.83,2.83,2.72,86282247.0,240957529.0,4.428044280442811,0.1200000000000001,0.011652245030800777,4.0590405904059,7404774510.999999
2025-05-07,2.82,2.82,2.85,2.79,43911800.0,123492916.0,-0.35335689045937757,-0.010000000000000231,0.0059302008366045175,2.1201413427561855,7404774510.999999
2025-05-08,2.82,2.8,2.82,2.8,39650700.0,111397262.0,-0.7092198581560294,-0.020000000000000018,0.005354747796992032,0.7092198581560291,7404774510.999999
2025-05-09,2.8,2.79,2.81,2.77,32658779.0,90926755.0,-0.35714285714284477,-0.009999999999999787,0.004410502838605615,1.42857142857143,7404774510.999999
2025-05-12,2.79,2.8,2.81,2.78,26363998.0,73721078.0,0.35842293906809264,0.009999999999999787,0.003560405244053758,1.0752688172043101,7404774510.999999
2025-05-13,2.81,2.79,2.82,2.77,35467800.0,99004701.0,-0.35714285714284477,-0.009999999999999787,0.004789855511104571,1.7857142857142794,7404774510.999999
2025-05-14,2.79,2.81,2.82,2.78,33979582.0,95090094.0,0.7168458781362075,0.020000000000000018,0.004588874644261265,1.4336917562724028,7404774510.999999
2025-05-15,2.8,2.78,2.81,2.77,34452262.0,95958056.0,-1.067615658362997,-0.03000000000000025,0.004652709133656967,1.4234875444839872,7404774510.999999
2025-05-16,2.78,2.79,2.81,2.77,35180879.0,98200902.0,0.3597122302158251,0.010000000000000231,0.004751107403437853,1.4388489208633108,7404774510.999999
2025-05-19,2.78,2.8,2.81,2.77,31032069.0,86684787.0,0.35842293906809264,0.009999999999999787,0.004190818903924893,1.4336917562724028,7404774510.999999
2025-05-20,2.8,2.81,2.83,2.78,40713200.0,114222355.0,0.3571428571428559,0.010000000000000231,0.005498236298690717,1.7857142857142954,7404774510.999999
2025-05-21,2.83,2.85,2.87,2.81,58657544.0,166598210.0,1.4234875444839812,0.040000000000000036,0.007921584095891453,2.1352313167259807,7404774510.999999
2025-05-22,2.85,2.81,2.87,2.8,44136467.0,124963243.0,-1.403508771929829,-0.040000000000000036,0.005960541665979706,2.456140350877203,7404774510.999999
2025-05-23,2.8,2.78,2.82,2.78,32786800.0,91759551.0,-1.067615658362997,-0.03000000000000025,0.0044277918188182904,1.4234875444839872,7404774510.999999
2025-05-26,2.79,2.86,2.88,2.78,82421667.0,234082958.0,2.877697841726623,0.08000000000000007,0.01113088141678863,3.5971223021582768,7404774510.999999
2025-05-27,2.86,2.81,2.87,2.79,62328558.0,175534684.0,-1.748251748251739,-0.04999999999999982,0.00841734720043253,2.7972027972028,7404774510.999999
2025-05-28,2.81,2.8,2.83,2.79,39212300.0,110108393.0,-0.3558718861210064,-0.010000000000000231,0.005295542753091135,1.4234875444839872,7404774510.999999
2025-05-29,2.8,2.84,2.84,2.79,41780805.0,118051737.0,1.4285714285714235,0.040000000000000036,0.005642414220437563,1.7857142857142794,7404774510.999999
2025-05-30,2.83,2.8,2.84,2.79,40680067.0,114061501.0,-1.4084507042253502,-0.040000000000000036,0.005493761753253746,1.760563380281684,7404774510.999999
2025-06-03,2.82,2.93,2.94,2.81,116096948.0,336254022.0,4.642857142857149,0.13000000000000034,0.01567866081911539,4.64285714285714,7404774510.999999
2025-06-04,2.92,2.96,3.01,2.9,97251365.0,288781212.0,1.0238907849829282,0.029999999999999805,0.013133602496001788,3.754266211604091,7404774510.999999
2025-06-05,2.96,2.9,2.99,2.89,62999968.0,184576041.0,-2.0270270270270285,-0.06000000000000005,0.008508019779185956,3.378378378378381,7404774510.999999
2025-06-06,2.99,3.19,3.19,2.99,240842189.0,760807246.0,10.000000000000009,0.29000000000000004,0.03252525632512134,6.896551724137923,7404774510.999999
2025-06-09,3.14,3.11,3.15,3.06,286289578.0,884118091.0,-2.5078369905956133,-0.08000000000000007,0.038662835387452896,2.8213166144200583,7404774510.999999
2025-06-10,3.11,3.09,3.14,3.06,159583371.0,493186226.0,-0.6430868167202619,-0.020000000000000018,0.02155141534194383,2.572347266881031,7404774510.999999
2025-06-11,3.07,3.09,3.12,3.07,140408001.0,434291341.0,0.0,0.0,0.018961819943526977,1.6181229773462869,7404774510.999999
2025-06-12,3.09,3.14,3.16,3.07,163433600.0,508205554.0,1.6181229773462924,0.050000000000000266,0.02207138107409143,2.912621359223311,7404774510.999999
2025-06-13,3.14,3.12,3.19,3.09,167182516.0,523155704.0,-0.6369426751592355,-0.020000000000000018,0.022577664688053053,3.184713375796181,7404774510.999999
2025-06-16,3.09,3.11,3.13,3.07,97914425.0,303268787.0,-0.3205128205128305,-0.010000000000000231,0.013223147423941862,1.9230769230769247,7404774510.999999
2025-06-17,3.09,3.1,3.14,3.08,57509100.0,178301764.0,-0.3215434083601254,-0.009999999999999787,0.007766489028743364,1.9292604501607735,7404774510.999999
2025-06-18,3.17,3.14,3.23,3.07,180761588.0,568171297.0,1.2903225806451646,0.040000000000000036,0.024411491225218757,5.1612903225806495,7404774510.999999
2025-06-19,3.08,3.0,3.09,2.99,136073568.0,412006966.0,-4.458598726114649,-0.14000000000000012,0.01837646342881325,3.1847133757961674,7404774510.999999
2025-06-20,2.99,2.95,3.0,2.94,72612061.0,215052734.0,-1.6666666666666607,-0.04999999999999982,0.009806113730017404,2.0000000000000018,7404774510.999999
2025-06-23,2.96,2.98,3.0,2.94,58873425.0,175323348.0,1.0169491525423568,0.029999999999999805,0.007950738393524595,2.0338983050847474,7404774510.999999
2025-06-24,2.98,2.99,3.01,2.96,58155135.0,174037843.0,0.3355704697986628,0.010000000000000231,0.00785373476445622,1.6778523489932826,7404774510.999999
2025-06-25,2.98,2.99,3.0,2.95,68373023.0,203344100.0,0.0,0.0,0.009233640119416192,1.6722408026755793,7404774510.999999
2025-06-26,3.01,3.04,3.07,3.0,84703223.0,257476545.0,1.6722408026755842,0.04999999999999982,0.011439000995124295,2.341137123745814,7404774510.999999
2025-06-27,3.07,3.15,3.2,3.07,172386800.0,542341044.0,3.6184210526315708,0.10999999999999988,0.023280492842005465,4.276315789473696,7404774510.999999
2025-06-30,3.15,3.13,3.17,3.1,80544058.0,252474792.0,-0.6349206349206327,-0.020000000000000018,0.01087731407355478,2.222222222222217,7404774510.999999
2025-07-01,3.13,3.26,3.27,3.1,134414336.0,427605237.0,4.153354632587858,0.1299999999999999,0.018152387463024534,5.431309904153352,7404774510.999999
2025-07-02,3.22,3.32,3.44,3.2,220387420.0,733202008.0,1.8404907975460238,0.06000000000000005,0.02976288064850703,7.361963190184043,7404774510.999999
2025-07-03,3.32,3.35,3.44,3.3,150881100.0,506719662.0,0.9036144578313365,0.03000000000000025,0.02037619103402297,4.216867469879522,7404774510.999999
2025-07-04,3.31,3.27,3.32,3.25,110524018.0,362817936.0,-2.3880597014925398,-0.08000000000000007,0.014926047759565601,2.0895522388059655,7404774510.999999
2025-07-07,3.22,3.23,3.27,3.2,76440043.0,247160299.0,-1.2232415902140636,-0.040000000000000036,0.010323075049273437,2.1406727828746126,7404774510.999999
2025-07-08,3.22,3.23,3.26,3.22,66280768.0,214886225.0,0.0,0.0,0.008951085262831173,1.2383900928792444,7404774510.999999
2025-07-09,3.26,3.15,3.29,3.14,105161097.0,334895238.0,-2.4767801857585203,-0.08000000000000007,0.014201795995783566,4.643962848297211,7404774510.999999
2025-07-10,3.13,3.18,3.18,3.13,70813100.0,223454888.0,0.9523809523809712,0.03000000000000025,0.009563167642013294,1.5873015873015959,7404774510.999999
2025-07-11,3.2,3.29,3.36,3.18,164971434.0,539784948.0,3.459119496855334,0.10999999999999988,0.02227906248258206,5.660377358490557,7404774510.999999
2025-07-14,3.4,3.52,3.62,3.33,396672532.0,1405438994.0,6.990881458966558,0.22999999999999998,0.053569832735720975,8.814589665653497,7404774510.999999
2025-07-15,3.35,3.25,3.43,3.19,312474598.0,1027655730.0,-7.670454545454541,-0.27,0.042199070010276514,6.818181818181825,7404774510.999999
2025-07-16,3.24,3.19,3.25,3.16,119161366.0,380811615.0,-1.846153846153853,-0.06000000000000005,0.016092504346078663,2.7692307692307647,7404774510.999999
2025-07-17,3.19,3.21,3.22,3.17,88716956.0,283715037.0,0.6269592476489061,0.020000000000000018,0.011981047615725299,1.5673981191222657,7404774510.999999
2025-07-18,3.23,3.25,3.29,3.21,137790129.0,448093408.0,1.2461059190031154,0.040000000000000036,0.018608281561485623,2.492211838006233,7404774510.999999
2025-07-21,3.26,3.35,3.36,3.25,138077879.0,458701544.0,3.076923076923088,0.10000000000000009,0.018647141623945665,3.384615384615381,7404774510.999999
2025-07-22,3.4,3.43,3.49,3.36,177888827.0,609306634.0,2.3880597014925398,0.08000000000000007,0.0240235305930979,3.8805970149253834,7404774510.999999
2025-07-23,3.46,3.42,3.51,3.39,143287044.0,494155354.0,-0.291545189504383,-0.010000000000000231,0.01935062894719388,3.498542274052468,7404774510.999999
2025-07-24,3.4,3.46,3.49,3.37,103838913.0,356805814.0,1.1695906432748648,0.040000000000000036,0.014023237688837708,3.5087719298245648,7404774510.999999
2025-07-25,3.45,3.38,3.45,3.37,90800500.0,308219829.0,-2.3121387283236983,-0.08000000000000007,0.01226242606916839,2.3121387283237014,7404774510.999999
2025-07-28,3.35,3.31,3.35,3.27,91306571.0,301993478.0,-2.071005917159763,-0.06999999999999984,0.012330769946385477,2.3668639053254457,7404774510.999999
2025-07-29,3.29,3.32,3.33,3.28,73574500.0,242890926.0,0.302114803625364,0.009999999999999787,0.009936089193628116,1.5105740181268963,7404774510.999999
2025-07-30,3.33,3.29,3.34,3.25,66024115.0,217960653.0,-0.9036144578313143,-0.029999999999999805,0.008916424788076846,2.710843373493972,7404774510.999999
2025-07-31,3.23,3.16,3.23,3.14,105104080.0,334379042.0,-3.951367781155013,-0.1299999999999999,0.01419409596387641,2.7355623100303905,7404774510.999999
2025-08-01,3.16,3.15,3.19,3.14,50829592.0,160410527.0,-0.31645569620254443,-0.010000000000000231,0.006864434821680421,1.5822784810126524,7404774510.999999
2025-08-04,3.16,3.21,3.22,3.14,68458699.0,217702851.0,1.904761904761898,0.06000000000000005,0.009245210492001167,2.539682539682542,7404774510.999999
2025-08-05,3.23,3.31,3.44,3.22,146715937.0,487354296.0,3.1152647975077885,0.10000000000000009,0.019813694094539865,6.853582554517127,7404774510.999999
2025-08-06,3.32,3.32,3.39,3.31,103734330.0,346449133.0,0.302114803625364,0.009999999999999787,0.014009113963686506,2.4169184290030232,7404774510.999999
2025-08-07,3.34,3.33,3.35,3.25,82222819.0,270586595.0,0.3012048192771122,0.010000000000000231,0.011104027391766719,3.012048192771087,7404774510.999999
2025-08-08,3.33,3.35,3.37,3.32,79294166.0,265300955.0,0.6006006006006093,0.020000000000000018,0.010708518656740499,1.5015015015015094,7404774510.999999
2025-08-11,3.34,3.31,3.34,3.27,76218605.0,251415078.0,-1.1940298507462699,-0.040000000000000036,0.010293170289895409,2.0895522388059655,7404774510.999999
2025-08-12,3.29,3.26,3.3,3.24,62734100.0,204637169.0,-1.5105740181268978,-0.050000000000000266,0.008472114837096895,1.8126888217522539,7404774510.999999
2025-08-13,3.26,3.39,3.39,3.25,126739211.0,422984111.0,3.9877300613497146,0.13000000000000034,0.017115877169753834,4.2944785276073665,7404774510.999999
2025-08-14,3.39,3.34,3.43,3.33,90581370.0,306137243.0,-1.4749262536873253,-0.050000000000000266,0.012232833000578052,2.949852507374634,7404774510.999999
2025-08-15,3.31,3.37,3.42,3.3,81423191.0,274527319.0,0.8982035928143839,0.03000000000000025,0.010996039228344304,3.5928143712574885,7404774510.999999
2025-08-18,3.37,3.36,3.39,3.33,91424456.0,306452911.0,-0.29673590504452063,-0.010000000000000231,0.012346690080053947,1.7804154302670638,7404774510.999999
2025-08-19,3.35,3.33,3.37,3.31,66763676.0,222601774.0,-0.8928571428571397,-0.029999999999999805,0.009016301023187229,1.7857142857142874,7404774510.999999
2025-08-20,3.31,3.4,3.46,3.3,108215544.0,367289662.0,2.102102102102088,0.06999999999999984,0.0146142929591229,4.804804804804809,7404774510.999999
2025-08-21,3.4,3.37,3.44,3.35,75292364.0,254957255.0,-0.8823529411764675,-0.029999999999999805,0.01016808329384657,2.6470588235294077,7404774510.999999
2025-08-22,3.37,3.4,3.43,3.36,93767164.0,318220329.0,0.8902077151335286,0.029999999999999805,0.012663068113783378,2.077151335311581,7404774510.999999
2025-08-25,3.44,3.62,3.67,3.44,212421797.0,761580237.0,6.470588235294117,0.2200000000000002,0.028687139180867897,6.764705882352941,7404774510.999999
2025-08-26,3.59,3.61,3.63,3.53,121341825.0,435337266.0,-0.2762430939226568,-0.010000000000000231,0.0163869709765967,2.7624309392265216,7404774510.999999
2025-08-27,3.57,3.44,3.6,3.43,145254648.0,511427041.0,-4.709141274238227,-0.16999999999999993,0.019616349935331612,4.709141274238225,7404774510.999999
2025-08-28,3.42,3.47,3.5,3.34,111404910.0,381955792.0,0.8720930232558155,0.03000000000000025,0.015045010463789936,4.651162790697678,7404774510.999999
2025-08-29,3.47,3.52,3.56,3.45,117016484.0,411292115.0,1.4409221902017322,0.04999999999999982,0.01580284231831351,3.1700288184438,7404774510.999999
2025-09-01,3.64,3.87,3.87,3.6,200302689.0,761498858.0,9.943181818181813,0.3500000000000001,0.02705047786430833,7.670454545454546,7404774510.999999
2025-09-02,4.26,4.26,4.26,4.26,83724674.0,356667111.0,10.077519379844958,0.3899999999999997,0.011306849908207827,0.0,7404774510.999999
2025-09-03,4.69,4.23,4.69,4.15,660635369.0,2899428769.0,-0.704225352112664,-0.02999999999999936,0.08921748636891072,12.676056338028172,7404774510.999999
2025-09-04,4.22,3.82,4.25,3.81,492569837.0,1951908984.0,-9.692671394799069,-0.4100000000000006,0.06652057213467794,10.401891252955082,7404774510.999999
2025-09-05,3.79,4.09,4.2,3.75,488694888.0,1952928045.0,7.068062827225141,0.27,0.06599726801593082,11.78010471204189,7404774510.999999
2025-09-08,4.15,4.11,4.29,4.05,328313077.0,1360510610.0,0.4889975550122383,0.020000000000000462,0.044338024947590475,5.867970660146705,7404774510.999999
2025-09-09,4.18,4.36,4.51,4.09,425187617.0,1831281898.0,6.082725060827254,0.25,0.057420737980389804,10.218978102189778,7404774510.999999
2025-09-10,4.15,4.24,4.31,4.12,256129590.0,1082990200.0,-2.752293577981657,-0.1200000000000001,0.034589789279810254,4.357798165137603,7404774510.999999
2025-09-11,3.82,3.82,3.82,3.82,91366600.0,349020412.0,-9.905660377358494,-0.4200000000000004,0.012338876742873449,0.0,7404774510.999999
2025-09-12,3.56,3.97,4.14,3.56,566939026.0,2159412716.0,3.9267015706806463,0.15000000000000036,0.07656398248964857,15.18324607329842,7404774510.999999
2025-09-15,3.78,3.9,4.0,3.75,361203002.0,1405993349.0,-1.7632241813602123,-0.07000000000000028,0.04877974359157364,6.297229219143577,7404774510.999999
2025-09-16,3.98,3.86,4.01,3.75,249096483.0,955844346.0,-1.025641025641022,-0.040000000000000036,0.033639982234429995,6.666666666666661,7404774510.999999
2025-09-17,3.82,3.82,3.85,3.75,166461636.0,632022677.0,-1.0362694300518172,-0.040000000000000036,0.022480311284660538,2.5906735751295358,7404774510.999999
2025-09-18,3.77,3.66,3.8,3.61,185372822.0,689645261.0,-4.188481675392664,-0.1599999999999997,0.025034229161823025,4.973821989528795,7404774510.999999
2025-09-19,3.65,3.63,3.69,3.61,108422800.0,395052700.0,-0.819672131147553,-0.03000000000000025,0.014642282467742252,2.1857923497267775,7404774510.999999
2025-09-22,3.75,3.75,3.78,3.63,207447365.0,767341848.0,3.3057851239669533,0.1200000000000001,0.028015352080178964,4.1322314049586755,7404774510.999999
2025-09-23,3.74,3.86,4.05,3.71,322273399.0,1245727165.0,2.933333333333321,0.10999999999999988,0.04352237850339046,9.066666666666663,7404774510.999999
2025-09-24,3.8,3.76,3.83,3.67,194933975.0,729316624.0,-2.590673575129532,-0.10000000000000009,0.026325443767453032,4.145077720207258,7404774510.999999
2025-09-25,3.89,3.76,3.94,3.76,187431570.0,714703338.0,0.0,0.0,0.025312258965018472,4.787234042553196,7404774510.999999
2025-09-26,3.74,3.89,4.09,3.74,338916371.0,1340439168.0,3.457446808510656,0.13000000000000034,0.04576997861265462,9.308510638297864,7404774510.999999
2025-09-29,4.02,3.99,4.08,3.87,271105701.0,1078604876.0,2.570694087403602,0.10000000000000009,0.036612283142081495,5.3984575835475574,7404774510.999999
2025-09-30,4.03,4.2,4.34,4.03,359504907.0,1508062035.0,5.263157894736836,0.20999999999999996,0.048550419255298786,7.769423558897233,7404774510.999999
2025-10-09,4.62,4.62,4.62,4.51,182777211.0,841474510.0,10.000000000000009,0.41999999999999993,0.02468369708334526,2.6190476190476266,7404774510.999999
2025-10-10,4.9,5.08,5.08,4.59,260291320.0,1287569804.0,9.956709956709965,0.45999999999999996,0.03515182259950387,10.60606060606061,7404774510.999999
2025-10-13,5.06,5.59,5.59,4.83,619394157.0,3245157810.0,10.039370078740163,0.5099999999999998,0.08364794310479984,14.960629921259837,7404774510.999999
2025-10-14,6.05,5.53,6.15,5.38,778189369.0,4597803044.0,-1.073345259391767,-0.05999999999999961,0.10509291914885159,13.774597495527738,7404774510.999999
2025-10-15,5.53,5.4,5.67,5.15,464594421.0,2487574422.0,-2.3508137432188048,-0.1299999999999999,0.0627425481099839,9.403254972875217,7404774510.999999
2025-10-16,5.5,5.94,5.94,5.45,699562136.0,4090037140.0,10.000000000000009,0.54,0.09447446846096136,9.074074074074078,7404774510.999999
2025-10-17,6.03,6.53,6.53,6.03,674603361.0,4249198963.0,9.932659932659927,0.5899999999999999,0.09110383577485823,8.417508417508417,7404774510.999999
2025-10-20,6.0,5.88,6.1,5.88,388100126.0,2291693365.0,-9.954058192955594,-0.6500000000000004,0.05241214643652774,3.3690658499234263,7404774510.999999
2025-10-21,5.88,5.64,5.88,5.58,523609458.0,2994098274.0,-4.081632653061229,-0.2400000000000002,0.0707124109211109,5.102040816326528,7404774510.999999
2025-10-22,5.15,5.38,5.43,5.1,420991362.0,2225313049.0,-4.6099290780141855,-0.2599999999999998,0.056854042128440994,5.851063829787235,7404774510.999999
2025-10-23,5.2,5.27,5.38,5.11,315071147.0,1649301209.0,-2.0446096654275103,-0.11000000000000032,0.04254972876377978,5.018587360594787,7404774510.999999
2025-10-24,5.28,5.2,5.35,5.17,220553900.0,1152705564.0,-1.3282732447817747,-0.0699999999999994,0.029785363439813195,3.41555977229601,7404774510.999999
2025-10-27,5.18,5.3,5.35,5.17,236410829.0,1251030392.0,1.9230769230769162,0.09999999999999964,0.03192681001275665,3.4615384615384563,7404774510.999999
2025-10-28,5.2,5.23,5.3,5.17,172453165.0,904939064.0,-1.3207547169811207,-0.0699999999999994,0.023289455302631566,2.4528301886792434,7404774510.999999
2025-10-29,5.3,5.36,5.39,5.26,232522437.0,1237294331.0,2.48565965583174,0.1299999999999999,0.03140169044372404,2.485659655831738,7404774510.999999
2025-10-30,5.3,5.31,5.52,5.26,295090742.0,1588376590.0,-0.932835820895539,-0.05000000000000071,0.03985141499739587,4.850746268656712,7404774510.999999
2025-10-31,5.36,5.28,5.6,5.27,261895687.0,1414738869.0,-0.5649717514124131,-0.02999999999999936,0.035368489156684876,6.214689265536725,7404774510.999999
2025-11-03,5.19,5.21,5.27,5.02,227031235.0,1163684733.0,-1.3257575757575801,-0.07000000000000028,0.03066011458724891,4.734848484848484,7404774510.999999
2025-11-04,5.16,5.01,5.23,4.96,172127609.0,870735159.0,-3.8387715930902178,-0.20000000000000018,0.02324548961542308,5.182341650671794,7404774510.999999
2025-11-05,4.89,5.02,5.05,4.86,118513994.0,590861498.0,0.1996007984031989,0.009999999999999787,0.01600507805118767,3.792415169660669,7404774510.999999
2025-11-06,5.03,5.06,5.06,4.97,103781067.0,521700479.0,0.7968127490039834,0.040000000000000036,0.014015425702137227,1.7928286852589614,7404774510.999999
2025-11-07,5.03,5.04,5.08,5.01,81443949.0,410716750.0,-0.39525691699603405,-0.019999999999999574,0.01099884255476149,1.3833992094861718,7404774510.999999
2025-11-10,5.11,5.28,5.38,5.11,252201147.0,1321334238.0,4.761904761904767,0.2400000000000002,0.03405926090326561,5.357142857142849,7404774510.999999
2025-11-11,5.47,5.36,5.56,5.29,275456278.0,1487691768.0,1.5151515151515138,0.08000000000000007,0.03719981987173303,5.113636363636355,7404774510.999999
2025-11-12,5.28,5.27,5.39,5.15,189689128.0,999427961.0,-1.679104477611959,-0.09000000000000075,0.02561713766141177,4.477611940298495,7404774510.999999
2025-11-13,5.5,5.5,5.6,5.41,336220720.0,1851152322.0,4.36432637571158,0.23000000000000043,0.04540593633209691,3.6053130929791175,7404774510.999999
2025-11-14,5.34,5.35,5.47,5.26,184560537.0,993822358.0,-2.7272727272727337,-0.15000000000000036,0.024924531695844375,3.818181818181818,7404774510.999999
2025-11-17,5.23,5.18,5.28,5.13,159997891.0,829569975.0,-3.1775700934579376,-0.16999999999999993,0.021607395439566548,2.8037383177570163,7404774510.999999
2025-11-18,5.15,4.89,5.16,4.85,172491068.0,854514828.0,-5.598455598455598,-0.29000000000000004,0.023294574027036167,5.984555984555994,7404774510.999999
2025-11-19,4.91,5.01,5.04,4.88,127790772.0,632760866.0,2.4539877300613577,0.1200000000000001,0.01725788838136303,3.2719836400818028,7404774510.999999
2025-11-20,4.99,4.93,5.08,4.92,87867543.0,437479810.0,-1.5968063872255467,-0.08000000000000007,0.011866336087543288,3.193612774451101,7404774510.999999
2025-11-21,4.85,4.6,4.85,4.59,137697829.0,647358427.0,-6.693711967545646,-0.33000000000000007,0.018595816630938056,5.27383367139959,7404774510.999999
2025-11-24,4.62,4.61,4.68,4.56,77950144.0,360163309.0,0.21739130434783593,0.010000000000000675,0.010527011171535728,2.6086956521739157,7404774510.999999
2025-11-25,4.73,4.76,4.8,4.67,98330252.0,466626983.0,3.253796095444672,0.14999999999999947,0.01327930402930267,2.819956616052058,7404774510.999999
2025-11-26,4.73,4.75,4.82,4.71,73304286.0,348950507.0,-0.21008403361344463,-0.009999999999999787,0.009899597332924106,2.310924369747906,7404774510.999999
2025-11-27,4.85,4.74,4.88,4.71,91247521.0,435168419.0,-0.21052631578947212,-0.009999999999999787,0.01232279536189107,3.578947368421051,7404774510.999999
2025-11-28,4.79,4.92,4.92,4.72,136489221.0,661114878.0,3.797468354430378,0.17999999999999972,0.018432596535821782,4.2194092827004255,7404774510.999999
2025-12-01,5.29,5.27,5.41,5.21,319939606.0,1703783956.0,7.113821138211374,0.34999999999999964,0.043207204422595284,4.065040650406507,7404774510.999999
2025-12-02,5.17,5.15,5.3,5.1,225095065.0,1160917004.0,-2.2770398481973264,-0.11999999999999922,0.030398638697993436,3.795066413662243,7404774510.999999
2025-12-03,5.21,5.15,5.31,5.14,239027028.0,1244644896.0,0.0,0.0,0.03228012245949133,3.300970873786406,7404774510.999999
2025-12-04,5.25,5.0,5.29,4.97,175946769.0,895888336.0,-2.912621359223311,-0.15000000000000036,0.023761259541209008,6.213592233009714,7404774510.999999
2025-12-05,4.92,5.16,5.18,4.9,168140917.0,852624696.0,3.200000000000003,0.16000000000000014,0.02270709482783331,5.599999999999987,7404774510.999999
2025-12-08,5.16,5.18,5.18,5.03,142682482.0,729193028.0,0.3875968992248069,0.019999999999999574,0.01926898405725133,2.906976744186036,7404774510.999999
2025-12-09,5.11,4.97,5.11,4.96,128993580.0,646150292.0,-4.054054054054057,-0.20999999999999996,0.017420325198070033,2.895752895752903,7404774510.999999
2025-12-10,5.17,5.19,5.27,5.08,220469610.0,1141005890.0,4.426559356136828,0.22000000000000064,0.029773980243758436,3.8229376257545176,7404774510.999999
2025-12-11,5.27,5.06,5.31,5.05,178308882.0,922185556.0,-2.5048169556840194,-0.13000000000000078,0.024080258181409464,5.009633911368011,7404774510.999999
2025-12-12,5.15,5.12,5.19,5.09,118442008.0,607867085.0,1.1857707509881577,0.0600000000000005,0.015995356485744582,1.976284584980248,7404774510.999999
2025-12-15,5.0,5.08,5.1,4.95,113258919.0,571589023.0,-0.78125,-0.040000000000000036,0.015295390674186057,2.92968749999999,7404774510.999999
2025-12-16,5.05,4.95,5.08,4.89,120356260.0,597943700.0,-2.5590551181102317,-0.1299999999999999,0.016253872392901016,3.7401574803149686,7404774510.999999
2025-12-17,5.0,5.18,5.22,4.97,193889656.0,991920059.0,4.646464646464632,0.22999999999999954,0.026184410573471414,5.05050505050505,7404774510.999999
2025-12-18,5.17,5.22,5.44,5.13,193564786.0,1022539227.0,0.7722007722007707,0.040000000000000036,0.026140537529192025,5.984555984555994,7404774510.999999
2025-12-19,5.15,5.18,5.2,5.06,127698902.0,656400902.0,-0.7662835249042099,-0.040000000000000036,0.017245481521456153,2.681992337164762,7404774510.999999
2025-12-22,5.27,5.7,5.7,5.26,302904649.0,1691342278.0,10.038610038610042,0.5200000000000005,0.040906667522424445,8.494208494208502,7404774510.999999
2025-12-23,5.96,5.68,5.96,5.64,371908128.0,2151522929.0,-0.35087719298246833,-0.020000000000000462,0.05022544946473658,5.614035087719303,7404774510.999999
2025-12-24,5.93,5.89,5.98,5.73,326912042.0,1910762956.0,3.69718309859155,0.20999999999999996,0.04414881797067055,4.401408450704226,7404774510.999999
2025-12-25,5.7,5.61,5.7,5.45,297357864.0,1652032157.0,-4.753820033955847,-0.27999999999999936,0.040157585292876455,4.244482173174873,7404774510.999999
2025-12-26,5.82,5.87,6.0,5.74,351336685.0,2069931286.0,4.634581105169344,0.2599999999999998,0.047447317197583744,4.634581105169336,7404774510.999999
2025-12-29,6.2,6.24,6.46,5.96,600401402.0,3779855552.0,6.30323679727427,0.3700000000000001,0.08108300949719495,8.517887563884157,7404774510.999999
2025-12-30,5.62,5.95,6.11,5.62,391325841.0,2295255970.0,-4.647435897435903,-0.29000000000000004,0.05284777280100489,7.852564102564105,7404774510.999999
2025-12-31,5.98,5.85,6.2,5.82,345525424.0,2075522773.0,-1.6806722689075682,-0.10000000000000053,0.04666251801276492,6.386554621848737,7404774510.999999
2026-01-05,6.09,6.15,6.25,5.96,391528517.0,2403654678.0,5.128205128205132,0.3000000000000007,0.05287514378977692,4.957264957264958,7404774510.999999
2026-01-06,6.25,6.16,6.29,6.05,391882950.0,2413644124.0,0.1626016260162677,0.009999999999999787,0.05292300925812757,3.9024390243902474,7404774510.999999
2026-01-07,6.2,5.98,6.27,5.93,399708606.0,2435097030.0,-2.9220779220779147,-0.17999999999999972,0.05397984846212693,5.519480519480517,7404774510.999999
2026-01-08,5.88,5.82,5.97,5.76,262990619.0,1541895593.0,-2.6755852842809347,-0.16000000000000014,0.035516357535171406,3.511705685618728,7404774510.999999
2026-01-09,5.74,5.92,5.94,5.74,190960023.0,1123103860.0,1.7182130584192379,0.09999999999999964,0.02578876949140363,3.436426116838491,7404774510.999999
2026-01-12,6.15,6.28,6.28,6.08,407019662.0,2522638223.0,6.081081081081097,0.3600000000000003,0.05496719196450357,3.378378378378381,7404774510.999999
2026-01-13,6.29,6.55,6.73,6.29,427864042.0,2796585369.0,4.299363057324834,0.2699999999999996,0.057782183828068774,7.006369426751598,7404774510.999999
2026-01-14,6.7,7.05,7.15,6.66,496704832.0,3445552025.0,7.6335877862595325,0.5,0.06707899494604881,7.480916030534354,7404774510.999999
2026-01-15,7.13,7.16,7.44,6.78,511163452.0,3640524279.0,1.5602836879432758,0.11000000000000032,0.0690316026829247,9.361702127659576,7404774510.999999
2026-01-16,7.0,7.28,7.7,6.96,431066767.0,3186865560.0,1.6759776536312776,0.1200000000000001,0.05821470543898917,10.33519553072626,7404774510.999999
2026-01-19,7.37,7.08,7.47,6.91,301747184.0,2148359779.0,-2.7472527472527486,-0.20000000000000018,0.04075035418725393,7.692307692307687,7404774510.999999
2026-01-20,7.15,7.79,7.79,6.83,570343565.0,4211793221.0,10.028248587570632,0.71,0.07702375867796361,13.559322033898304,7404774510.999999
2026-01-21,7.95,8.57,8.57,7.95,495055942.0,4134774702.0,10.01283697047497,0.7800000000000002,0.06685631564669263,7.958921694480104,7404774510.999999
2026-01-22,8.25,9.43,9.43,8.2,616801804.0,5555277202.0,10.035005834305721,0.8599999999999994,0.08329785101271128,14.352392065344228,7404774510.999999
2026-01-23,10.37,10.37,10.37,9.81,303785648.0,3125733067.0,9.968186638388122,0.9399999999999995,0.041025644676784954,5.938494167550358,7404774510.999999
2026-01-26,10.97,11.41,11.41,10.83,629607991.0,7087143625.0,10.028929604628756,1.040000000000001,0.08502730097516133,5.593056894889104,7404774510.999999
2026-01-27,11.41,12.55,12.55,10.8,745459204.0,9005348082.0,9.99123575810692,1.1400000000000006,0.10067277577360385,15.337423312883436,7404774510.999999
2026-01-28,12.57,13.81,13.81,12.57,401557218.0,5408662251.0,10.039840637450204,1.2599999999999998,0.05422949981845842,9.880478087649404,7404774510.999999
2026-01-29,15.19,15.19,15.19,14.02,634001063.0,9405853523.0,9.992758870383778,1.379999999999999,0.08562057656964081,8.472121650977552,7404774510.999999
2026-01-30,13.67,13.67,13.67,13.67,88424400.0,1208761548.0,-10.00658327847268,-1.5199999999999996,0.011941538512569572,0.0,7404774510.999999
2026-02-02,12.3,12.3,12.3,12.3,9183500.0,112957050.0,-10.021945866861737,-1.3699999999999992,0.0012402133226822308,0.0,7404774510.999999
2026-02-03,11.07,11.07,11.07,11.07,45733700.0,506272059.0,-9.999999999999998,-1.2300000000000004,0.0061762447907173015,0.0,7404774510.999999
2026-02-04,10.3,11.36,12.0,10.3,651972897.0,7089830992.0,2.619692863595291,0.28999999999999915,0.0880476368364055,15.356820234869009,7404774510.999999
2026-02-05,10.43,10.22,10.76,10.22,307855786.0,3200036138.0,-10.035211267605625,-1.1399999999999988,0.041575308679916136,4.753521126760556,7404774510.999999
2026-02-06,9.2,9.6,10.21,9.2,457566163.0,4377130634.0,-6.06653620352251,-0.620000000000001,0.061793395912363394,9.882583170254417,7404774510.999999
2026-02-09,9.8,10.37,10.5,9.62,477520794.0,4808517607.0,8.020833333333321,0.7699999999999996,0.06448822895155411,9.166666666666675,7404774510.999999
2026-02-10,10.1,9.81,10.26,9.8,314189885.0,3126431583.0,-5.400192864030851,-0.5599999999999987,0.04243071609179485,4.435872709739625,7404774510.999999
2026-02-11,9.72,9.77,9.94,9.68,193724305.0,1901064132.0,-0.4077471967380286,-0.040000000000000924,0.02616208025135906,2.650356778797143,7404774510.999999
2026-02-12,9.68,9.41,9.75,9.35,204049338.0,1941290145.0,-3.684749232343909,-0.35999999999999943,0.027556455324450328,4.094165813715459,7404774510.999999
2026-02-13,8.98,9.47,9.68,8.98,229890980.0,2173131063.0,0.6376195536663243,0.0600000000000005,0.031046317434580965,7.438894792773637,7404774510.999999
2026-02-24,10.08,10.42,10.42,9.99,279712159.0,2890912629.0,10.031678986272441,0.9499999999999993,0.03777456809582517,4.540654699049627,7404774510.999999
2026-02-25,10.65,10.72,10.95,10.42,441563243.0,4734717979.0,2.8790786948176716,0.3000000000000007,0.059632233546618535,5.086372360844524,7404774510.999999
2026-02-26,10.8,10.47,10.93,10.4,265497423.0,2809419308.0,-2.332089552238803,-0.25,0.03585489640577119,4.944029850746262,7404774510.999999
2026-02-27,10.46,10.7,10.76,10.36,263040532.0,2784652665.0,2.1967526265520343,0.22999999999999865,0.03552309818607521,3.8204393505253136,7404774510.999999
2026-03-02,11.55,11.77,11.77,10.73,519741582.0,5808916255.0,10.000000000000009,1.0700000000000003,0.07019006199687909,9.719626168224291,7404774510.999999
2026-03-03,11.2,10.62,11.39,10.6,374039331.0,4121630281.0,-9.77060322854716,-1.1500000000000004,0.05051326417088787,6.711979609175879,7404774510.999999
2026-03-04,9.75,10.14,10.54,9.75,220422770.0,2242660517.0,-4.519774011299427,-0.47999999999999865,0.029767654595363548,7.438794726930313,7404774510.999999
2026-03-05,10.34,10.04,10.4,9.92,172564156.0,1741377895.0,-0.9861932938856177,-0.10000000000000142,0.023304444415377015,4.733727810650891,7404774510.999999
2026-03-06,9.88,10.05,10.2,9.77,143655527.0,1440618463.0,0.09960159362552012,0.010000000000001563,0.019400391839966998,4.282868525896412,7404774510.999999
2026-03-09,9.8,9.92,10.04,9.51,167873839.0,1637081847.0,-1.2935323383084674,-0.13000000000000078,0.022671026477662316,5.273631840796013,7404774510.999999
2026-03-10,10.16,10.11,10.25,9.99,149256983.0,1512714482.0,1.9153225806451513,0.1899999999999995,0.02015685727881039,2.6209677419354818,7404774510.999999
2026-03-11,10.13,9.82,10.18,9.76,139871713.0,1381882313.0,-2.8684470820969254,-0.28999999999999915,0.01888939532084558,4.154302670623145,7404774510.999999
2026-03-12,9.66,9.53,9.78,9.41,139529623.0,1336988074.0,-2.9531568228105987,-0.2900000000000009,0.01884319674997866,3.767820773930745,7404774510.999999
2026-03-13,9.43,9.06,9.55,9.03,169660486.0,1570873360.0,-4.931794333683093,-0.46999999999999886,0.022912309584574738,5.456453305351536,7404774510.999999
2026-03-16,8.88,8.85,9.04,8.6,171830575.0,1514395457.0,-2.3178807947019986,-0.21000000000000085,0.023205375767316194,4.856512141280348,7404774510.999999
2026-03-17,9.0,8.78,9.05,8.77,120228506.0,1070833804.0,-0.7909604519774072,-0.07000000000000028,0.016236619470504768,3.1638418079096176,7404774510.999999
2026-03-18,8.77,8.81,8.91,8.6,106788965.0,932710803.0,0.3416856492027387,0.030000000000001137,0.014421636316050139,3.530751708428252,7404774510.999999
2026-03-19,8.56,8.24,8.68,8.2,145188602.0,1217972691.0,-6.469920544835417,-0.5700000000000003,0.01960743055501802,5.4483541430193005,7404774510.999999
2026-03-20,8.35,8.13,8.53,8.1,129488027.0,1076918893.0,-1.3349514563106735,-0.10999999999999943,0.017487099277316537,5.218446601941744,7404774510.999999
2026-03-23,7.8,7.49,8.0,7.46,189617381.0,1464084884.0,-7.872078720787212,-0.6400000000000006,0.025607448372441066,6.642066420664207,7404774510.999999
2026-03-24,7.87,7.87,8.0,7.59,181117907.0,1410362107.0,5.073431241655535,0.3799999999999999,0.02445961139410043,5.473965287049401,7404774510.999999
2026-03-25,8.3,8.12,8.36,8.07,205912505.0,1689154614.0,3.1766200762388674,0.2499999999999991,0.02780807230444509,3.684879288437092,7404774510.999999
2026-03-26,8.1,7.9,8.2,7.86,124290408.0,995024322.0,-2.709359605911321,-0.21999999999999886,0.016785171218294783,4.187192118226589,7404774510.999999
2026-03-27,7.76,8.03,8.07,7.75,115205430.0,917222144.0,1.6455696202531511,0.129999999999999,0.015558263094826065,4.050632911392409,7404774510.999999
2026-03-30,8.0,8.18,8.22,7.92,113983430.0,921332428.0,1.8679950186799577,0.15000000000000036,0.015393234436872377,3.73599003735991,7404774510.999999
2026-03-31,8.28,8.12,8.47,8.08,147562833.0,1214664329.0,-0.7334963325183463,-0.0600000000000005,0.01992806570690185,4.7677261613692,7404774510.999999
2026-04-01,8.34,8.08,8.36,7.97,127879958.0,1035140928.0,-0.49261083743841194,-0.03999999999999915,0.01726993277243362,4.802955665024626,7404774510.999999
2026-04-02,8.0,7.89,8.0,7.78,118425740.0,933317042.0,-2.3514851485148536,-0.1900000000000004,0.015993159524854573,2.72277227722772,7404774510.999999
2026-04-03,7.93,7.74,7.95,7.67,59882259.0,464270662.0,-1.9011406844106404,-0.14999999999999947,0.00808697940916948,3.54879594423321,7404774510.999999
2026-04-07,7.74,7.83,7.87,7.72,62359084.0,487095112.0,1.1627906976744207,0.08999999999999986,0.008421469675729334,1.9379844961240356,7404774510.999999
2026-04-08,8.16,8.54,8.59,8.13,246549527.0,2065606847.0,9.0676883780332,0.7099999999999991,0.033296020916470014,5.874840357598966,7404774510.999999
2026-04-09,8.14,8.13,8.25,7.96,184549198.0,1495050847.0,-4.800936768149866,-0.40999999999999837,0.024923000386554244,3.395784543325528,7404774510.999999
2026-04-10,8.25,8.04,8.26,8.03,116861932.0,947797060.0,-1.1070110701107194,-0.09000000000000163,0.015781970379570416,2.829028290282908,7404774510.999999
2026-04-13,7.94,8.02,8.09,7.91,87018720.0,696450947.0,-0.24875621890546595,-0.019999999999999574,0.011751704237682223,2.2388059701492504,7404774510.999999
2026-04-14,8.12,8.04,8.17,7.95,86963637.0,699202564.0,0.24937655860348684,0.019999999999999574,0.011744265388610158,2.743142144638401,7404774510.999999
2026-04-15,8.2,7.9,8.34,7.87,178537386.0,1442018199.0,-1.741293532338295,-0.1399999999999988,0.02411111718996679,5.845771144278604,7404774510.999999
2026-04-16,7.95,8.04,8.05,7.85,112665540.0,897076558.0,1.7721518987341645,0.1399999999999988,0.015215256026045385,2.5316455696202667,7404774510.999999
2026-04-17,7.95,8.06,8.13,7.93,95492112.0,768352910.0,0.24875621890549926,0.02000000000000135,0.01289601889404516,2.48756218905474,7404774510.999999
2026-04-20,8.07,8.16,8.29,8.07,116499066.0,954257316.0,1.2406947890818865,0.09999999999999964,0.01573296605142228,2.7295285359801347,7404774510.999999
2026-04-21,8.15,8.08,8.18,8.0,73245501.0,590983388.0,-0.9803921568627416,-0.08000000000000007,0.009891658536150124,2.2058823529411726,7404774510.999999
2026-04-22,8.0,8.22,8.24,7.91,116312369.0,945746763.0,1.7326732673267342,0.14000000000000057,0.015707752994667794,4.084158415841585,7404774510.999999
2026-04-23,8.21,7.76,8.27,7.65,194814666.0,1524393136.0,-5.596107055961086,-0.46000000000000085,0.026309331325430285,7.54257907542578,7404774510.999999
2026-04-24,7.62,7.67,7.71,7.48,89509830.0,678991641.0,-1.1597938144329856,-0.08999999999999986,0.012088123664944914,2.96391752577319,7404774510.999999
2026-04-27,7.6,7.63,7.7,7.54,61062683.0,465123784.0,-0.521512385919165,-0.040000000000000036,0.008246393311408697,2.086049543676664,7404774510.999999
2026-04-28,7.6,7.46,7.61,7.38,77016196.0,575025745.0,-2.2280471821756187,-0.16999999999999993,0.010400883360538567,3.0144167758846714,7404774510.999999
2026-04-29,7.38,7.66,7.68,7.37,88474084.0,669388024.0,2.680965147453085,0.20000000000000018,0.011948248237481003,4.155495978552273,7404774510.999999
2026-04-30,7.6,7.63,7.73,7.48,79729817.0,605593576.0,-0.3916449086161955,-0.03000000000000025,0.010767352453685002,3.2637075718015662,7404774510.999999
2026-05-06,7.67,7.99,8.05,7.67,153527940.0,1209275997.0,4.718217562254257,0.3600000000000003,0.020733641486574635,4.980340760157284,7404774510.999999
2026-05-07,8.18,8.03,8.23,7.89,132422651.0,1060744222.0,0.5006257822277815,0.03999999999999915,0.0178834143839603,4.255319148936179,7404774510.999999
2026-05-08,8.01,8.11,8.2,7.96,145833129.0,1180500162.0,0.9962640099626441,0.08000000000000007,0.019694472638344465,2.9887920298879123,7404774510.999999
2026-05-11,8.1,8.05,8.2,7.97,130195338.0,1054833613.0,-0.7398273736128114,-0.05999999999999872,0.017582620214375358,2.8360049321824854,7404774510.999999
2026-05-12,8.44,7.88,8.54,7.86,298462451.0,2415951858.0,-2.1118012422360333,-0.17000000000000082,0.040306757559818426,8.447204968944085,7404774510.999999
2026-05-13,7.92,7.77,8.14,7.68,191632225.0,1497196085.0,-1.3959390862944177,-0.11000000000000032,0.02587954902817432,5.83756345177666,7404774510.999999
2026-05-14,7.76,7.49,7.78,7.48,143293954.0,1089992831.0,-3.6036036036036,-0.27999999999999936,0.01935156212888493,3.8610038610038586,7404774510.999999
2026-05-15,7.35,6.97,7.36,6.92,193489047.0,1367138773.0,-6.942590120160219,-0.5200000000000005,0.026130309128598938,5.874499332443263,7404774510.999999
2026-05-18,6.68,6.83,6.89,6.64,126848828.0,858553246.0,-2.0086083213773254,-0.13999999999999968,0.017130680726545087,3.5868005738880915,7404774510.999999
2026-05-19,6.83,6.71,6.85,6.58,109644256.0,731325396.0,-1.7569546120058566,-0.1200000000000001,0.01480723765958307,3.953147877013171,7404774510.999999
2026-05-20,6.64,6.63,6.68,6.46,109429178.0,717999556.0,-1.1922503725782407,-0.08000000000000007,0.014778191805495212,3.27868852459016,7404774510.999999
2026-05-21,6.69,6.36,6.81,6.35,107813547.0,710743465.0,-4.072398190045245,-0.2699999999999996,0.014560004067624203,6.938159879336349,7404774510.999999
2026-05-22,6.35,6.66,6.73,6.3,133677009.0,875688447.0,4.7169811320754595,0.2999999999999998,0.018052812925149722,6.7610062893081855,7404774510.999999
2026-05-25,6.79,6.66,6.93,6.61,88809199.0,596545179.0,0.0,0.0,0.011993504848536772,4.804804804804796,7404774510.999999
2026-05-26,6.62,6.74,6.74,6.45,113812378.0,753629745.0,1.2012012012011963,0.08000000000000007,0.015370134206102906,4.354354354354355,7404774510.999999
2026-05-27,6.66,6.36,6.72,6.31,110022555.0,710059768.0,-5.637982195845693,-0.3799999999999999,0.014858326183539881,6.0830860534124644,7404774510.999999
2026-05-28,6.3,6.37,6.44,6.18,97252968.0,611574668.0,0.15723270440251014,0.009999999999999787,0.01313381897794835,4.088050314465419,7404774510.999999
2026-05-29,6.49,6.27,6.55,6.22,90107622.0,571430244.0,-1.5698587127158659,-0.10000000000000053,0.012168854279916642,5.180533751962325,7404774510.999999
2026-06-01,6.27,6.28,6.36,6.22,70224898.0,442576740.0,0.15948963317384823,0.010000000000000675,0.009483732137376898,2.232854864433821,7404774510.999999
2026-06-02,6.28,6.41,6.42,6.13,99334842.0,626398559.0,2.070063694267521,0.1299999999999999,0.013414971901228772,4.617834394904459,7404774510.999999
2026-06-03,6.34,6.38,6.47,6.29,79828658.0,511313712.0,-0.46801872074883066,-0.03000000000000025,0.010780700733211026,2.808112324492975,7404774510.999999
2026-06-04,6.33,6.19,6.33,6.15,83775670.0,519745612.0,-2.978056426332276,-0.1899999999999995,0.011313736816097358,2.8213166144200583,7404774510.999999
2026-06-05,6.17,6.04,6.21,6.0,93731503.0,572200916.0,-2.4232633279483107,-0.15000000000000036,0.012658252166998365,3.3925686591276247,7404774510.999999
2026-06-08,5.75,5.66,5.91,5.57,117388989.0,673535775.0,-6.29139072847682,-0.3799999999999999,0.015853148374149056,5.629139072847679,7404774510.999999
2026-06-09,5.76,5.72,5.78,5.54,89204763.0,504656913.0,1.0600706713780772,0.05999999999999961,0.012046924976241186,4.240282685512371,7404774510.999999
2026-06-10,5.58,5.54,5.64,5.42,115061361.0,635321053.0,-3.1468531468531458,-0.17999999999999972,0.015538806864283732,3.8461538461538423,7404774510.999999
2026-06-11,5.48,5.56,5.65,5.45,109534976.0,607288856.0,0.3610108303248927,0.019999999999999574,0.014792479613968358,3.610108303249101,7404774510.999999
2026-06-12,5.68,5.76,5.99,5.63,232923059.0,1351915613.0,3.597122302158273,0.20000000000000018,0.031455793644220534,6.474820143884898,7404774510.999999
2026-06-15,5.99,6.03,6.1,5.88,192478889.0,1153472248.0,4.6875,0.27000000000000046,0.025993889309399935,3.8194444444444406,7404774510.999999
2026-06-16,6.0,6.05,6.15,5.9,144037489.0,866165567.0,0.3316749585406287,0.019999999999999574,0.019451975044753666,4.1459369817578775,7404774510.999999
2026-06-17,6.05,5.91,6.1,5.86,106614138.0,634142185.0,-2.3140495867768562,-0.13999999999999968,0.014398026279074633,3.9669421487603196,7404774510.999999
2026-06-18,5.9,5.84,6.07,5.77,113515597.0,669850873.0,-1.1844331641285955,-0.07000000000000028,0.015330054525140423,5.076142131979707,7404774510.999999
2026-06-22,5.77,6.11,6.13,5.66,144924417.0,857596028.0,4.6232876712328785,0.27000000000000046,0.019571752898715652,8.047945205479449,7404774510.999999
2026-06-23,6.08,5.51,6.08,5.5,200639629.0,1143727294.0,-9.819967266775787,-0.6000000000000005,0.027095980937967015,9.492635024549918,7404774510.999999
