date,open,close,high,low,volume,amount,pct_chg,change,turnover,amplitude,outstanding_share
2023-06-26,7.56,7.75,7.92,7.55,33375125.0,287701047.0,,,0.012437159567500404,,2683500587.0
2023-06-27,7.75,8.03,8.12,7.69,46538541.0,411076611.0,3.612903225806452,0.27999999999999936,0.017342474686032183,5.548387096774179,2683500587.0
2023-06-28,8.04,7.89,8.06,7.79,24573049.0,215502748.0,-1.743462017434616,-0.13999999999999968,0.009157087246055445,3.3623910336239162,2683500587.0
2023-06-29,7.91,7.72,7.91,7.7,25315581.0,218709994.0,-2.154626108998736,-0.16999999999999993,0.009433789999018173,2.6615969581749046,2683500587.0
2023-06-30,7.76,7.74,7.84,7.73,21947575.0,190081767.0,0.2590673575129543,0.020000000000000462,0.008178709954387358,1.4248704663212364,2683500836.0
2023-07-03,7.77,7.92,8.01,7.75,31997851.0,282306427.0,2.3255813953488413,0.17999999999999972,0.011923920637824612,3.3591731266149845,2683500836.0
2023-07-04,7.92,7.88,7.93,7.77,23609741.0,206295012.0,-0.5050505050505083,-0.040000000000000036,0.00879811203457363,2.020202020202022,2683500836.0
2023-07-05,7.86,7.64,7.86,7.6,38110984.0,325317545.0,-3.0456852791878153,-0.2400000000000002,0.01420196464585711,3.2994923857868104,2683500836.0
2023-07-06,7.64,7.54,7.67,7.49,30410165.0,255312032.0,-1.308900523560208,-0.09999999999999964,0.011332273346830438,2.356020942408373,2683500836.0
2023-07-07,7.58,7.54,7.63,7.46,23449727.0,191066872.0,0.0,0.0,0.008738483210220993,2.254641909814323,2683500836.0
2023-07-10,7.54,7.6,7.7,7.54,18951166.0,155975287.0,0.7957559681697646,0.05999999999999961,0.007062105495092158,2.1220159151193654,2683500836.0
2023-07-11,7.67,7.81,8.01,7.64,41017336.0,347499694.0,2.763157894736845,0.20999999999999996,0.015285009585143278,4.8684210526315805,2683500836.0
2023-07-12,7.82,7.57,7.84,7.55,36269707.0,299424220.0,-3.0729833546734864,-0.23999999999999932,0.013515817291140953,3.713188220230475,2683500836.0
2023-07-13,7.62,7.6,7.71,7.56,29600643.0,243476035.0,0.39630118890354726,0.02999999999999936,0.011030606960466772,1.9815059445178382,2683500836.0
2023-07-14,7.62,7.64,7.67,7.53,21859376.0,179597538.0,0.5263157894736858,0.040000000000000036,0.008145842813517946,1.8421052631578907,2683500836.0
2023-07-17,7.74,7.57,7.76,7.44,33482962.0,272200069.0,-0.9162303664921434,-0.0699999999999994,0.012477343606834636,4.188481675392662,2683500836.0
2023-07-18,7.54,7.66,7.71,7.49,29098412.0,239334253.0,1.1889035667107084,0.08999999999999986,0.01084345181102079,2.9062087186261523,2683500836.0
2023-07-19,7.63,7.92,7.93,7.63,59893349.0,506261486.0,3.394255874673635,0.2599999999999998,0.022319109499245187,3.9164490861618773,2683500836.0
2023-07-20,7.93,8.08,8.42,7.93,87686363.0,780078350.0,2.020202020202011,0.16000000000000014,0.032676107949608256,6.1868686868686895,2683500836.0
2023-07-21,8.14,7.94,8.14,7.9,34756927.0,299441790.0,-1.7326732673267342,-0.13999999999999968,0.012952083537193279,2.970297029702973,2683500836.0
2023-07-24,7.92,7.69,7.94,7.69,28028394.0,234513853.0,-3.148614609571787,-0.25,0.010444712229633156,3.1486146095717884,2683500836.0
2023-07-25,7.92,8.32,8.46,7.92,115427839.0,1041026938.0,8.192457737321202,0.6299999999999999,0.04301390089076909,7.022106631989608,2683500836.0
2023-07-26,8.37,8.3,8.56,8.2,63901666.0,576549165.0,-0.24038461538461453,-0.019999999999999574,0.023812798991056473,4.326923076923092,2683500836.0
2023-07-27,8.21,8.11,8.36,8.09,35629963.0,315334552.0,-2.2891566265060392,-0.19000000000000128,0.013277417839201852,3.2530120481927662,2683500921.0
2023-07-28,8.11,8.46,8.55,8.08,56790872.0,512443825.0,4.315659679408146,0.3500000000000014,0.021162978389751036,5.7953144266337935,2683500921.0
2023-07-31,8.59,8.48,8.72,8.44,61024193.0,564822087.0,0.23640661938533203,0.019999999999999574,0.02274051501993131,3.3096926713948123,2683500921.0
2023-08-01,8.61,8.58,8.68,8.49,45766174.0,423209421.0,1.1792452830188704,0.09999999999999964,0.017054651869821365,2.240566037735843,2683500921.0
2023-08-02,8.58,8.46,8.66,8.42,31719490.0,292142427.0,-1.3986013986013845,-0.11999999999999922,0.01182018971999451,2.7972027972027997,2683500921.0
2023-08-03,8.43,8.43,8.55,8.35,25174723.0,228947762.0,-0.35460992907803135,-0.030000000000001137,0.009381298438540762,2.36406619385344,2683500921.0
2023-08-04,8.56,8.45,8.72,8.42,43258006.0,401214155.0,0.23724792408066353,0.019999999999999574,0.016119989250415464,3.558718861209973,2683500921.0
2023-08-07,8.42,8.24,8.47,8.17,34022856.0,303563497.0,-2.485207100591702,-0.20999999999999908,0.012678533379195363,3.550295857988174,2683500921.0
2023-08-08,8.19,8.11,8.27,8.08,22933583.0,202061155.0,-1.5776699029126262,-0.13000000000000078,0.008546143144774422,2.3058252427184405,2683500921.0
2023-08-09,8.08,8.09,8.19,8.03,16363361.0,143240195.0,-0.2466091245376001,-0.019999999999999574,0.006097766120349321,1.9728729963008649,2683500921.0
2023-08-10,8.04,8.07,8.13,8.01,14029470.0,121986912.0,-0.24721878862793423,-0.019999999999999574,0.005228047395181051,1.4833127317676267,2683500921.0
2023-08-11,8.06,7.91,8.14,7.88,24552110.0,211420527.0,-1.9826517967781898,-0.16000000000000014,0.009149283239616224,3.221809169764568,2683500921.0
2023-08-14,7.82,7.88,7.95,7.68,27784911.0,233728978.0,-0.37926675094817064,-0.03000000000000025,0.010353978559338829,3.413400758533508,2683500921.0
2023-08-15,7.88,7.75,7.91,7.66,21729417.0,181517489.0,-1.6497461928933976,-0.1299999999999999,0.008097413654660714,3.1725888324873095,2683500921.0
2023-08-16,7.75,7.92,8.17,7.69,36054305.0,309475647.0,2.1935483870967776,0.16999999999999993,0.013435547838964203,6.193548387096768,2683500921.0
2023-08-17,7.87,7.92,7.99,7.75,24376822.0,207339304.0,0.0,0.0,0.009083962598721984,3.030303030303033,2683500921.0
2023-08-18,7.92,7.76,8.15,7.76,26073168.0,222623424.0,-2.020202020202022,-0.16000000000000014,0.00971610175199191,4.924242424242432,2683500921.0
2023-08-21,7.76,7.55,7.83,7.54,35460370.0,293470820.0,-2.7061855670103108,-0.20999999999999996,0.013214219426012263,3.737113402061856,2683500921.0
2023-08-22,7.55,7.58,7.63,7.46,33587434.0,273302632.0,0.3973509933774766,0.03000000000000025,0.012516274444759171,2.251655629139072,2683500921.0
2023-08-23,7.58,7.33,7.59,7.32,28372605.0,227101733.0,-3.298153034300788,-0.25,0.010572981279032697,3.562005277044849,2683500921.0
2023-08-24,7.39,7.35,7.47,7.32,17641933.0,140922571.0,0.27285129604364133,0.019999999999999574,0.006574222822858499,2.0463847203274144,2683500921.0
2023-08-25,7.38,7.29,7.4,7.23,20528245.0,161616746.0,-0.8163265306122436,-0.05999999999999961,0.0076497998712630215,2.3129251700680262,2683500921.0
2023-08-28,7.68,7.44,7.68,7.42,32733191.0,265085076.0,2.0576131687242816,0.15000000000000036,0.012197942897594407,3.5665294924554156,2683500921.0
2023-08-29,7.46,8.07,8.12,7.43,76500302.0,647306574.0,8.467741935483875,0.6299999999999999,0.028507648870674637,9.27419354838709,2683500921.0
2023-08-30,8.13,8.32,8.35,8.07,58368235.0,519583041.0,3.0978934324659146,0.25,0.021750778821513956,3.4696406443618257,2683500921.0
2023-08-31,8.42,8.08,8.42,8.05,43774447.0,385890527.0,-2.8846153846153855,-0.2400000000000002,0.016312439715387747,4.447115384615375,2683500921.0
2023-09-01,8.18,8.32,8.5,8.18,40328764.0,363959403.0,2.970297029702973,0.2400000000000002,0.015028414443387478,3.960396039603964,2683500921.0
2023-09-04,8.42,8.42,8.5,8.32,40982205.0,373214501.0,1.2019230769230616,0.09999999999999964,0.015271917620482158,2.1634615384615348,2683500921.0
2023-09-05,8.35,8.23,8.39,8.17,34308524.0,305219440.0,-2.25653206650831,-0.1899999999999995,0.012784986854863838,2.6128266033254235,2683500921.0
2023-09-06,8.18,8.15,8.18,8.05,24897124.0,218387422.0,-0.9720534629404587,-0.08000000000000007,0.009277851855822038,1.579586877278238,2683500921.0
2023-09-07,8.16,8.09,8.3,8.08,25821500.0,227832157.0,-0.7361963190184118,-0.0600000000000005,0.0096223182924706,2.699386503067492,2683500921.0
2023-09-08,8.1,7.92,8.14,7.84,26607847.0,228712425.0,-2.1013597033374576,-0.16999999999999993,0.009915348562684544,3.7082818294190445,2683500921.0
2023-09-11,7.97,7.9,8.04,7.82,23300700.0,198566255.0,-0.2525252525252486,-0.019999999999999574,0.008682948389418495,2.7777777777777635,2683500921.0
2023-09-12,7.92,7.8,7.93,7.77,19318628.0,163332391.0,-1.2658227848101333,-0.10000000000000053,0.007199039079442895,2.0253164556962044,2683500921.0
2023-09-13,7.79,7.73,7.82,7.67,17847647.0,149053024.0,-0.8974358974358942,-0.0699999999999994,0.006650881637614314,1.9230769230769278,2683500921.0
2023-09-14,7.72,7.67,7.78,7.64,18501726.0,153656126.0,-0.7761966364812523,-0.0600000000000005,0.00689462256383552,1.8111254851229048,2683500921.0
2023-09-15,7.68,7.57,7.72,7.55,19512665.0,160661882.0,-1.303780964797907,-0.09999999999999964,0.007271346488947227,2.2164276401564527,2683500921.0
2023-09-18,7.57,7.62,7.71,7.5,17693718.0,145720913.0,0.6605019815059343,0.04999999999999982,0.006593520375393231,2.7741083223249663,2683500921.0
2023-09-19,7.67,7.64,7.7,7.57,23697416.0,195305526.0,0.2624671916010346,0.019999999999999574,0.008830783628413743,1.7060367454068228,2683500921.0
2023-09-20,7.6,7.53,7.62,7.52,18535057.0,150910774.0,-1.4397905759162222,-0.10999999999999943,0.006907043278782612,1.3089005235602165,2683500921.0
2023-09-21,7.51,7.54,7.67,7.49,18707101.0,152551603.0,0.13280212483399723,0.009999999999999787,0.006971155051077398,2.3904382470119483,2683500921.0
2023-09-22,7.52,7.66,7.67,7.51,22887433.0,188476583.0,1.5915119363395291,0.1200000000000001,0.008528945461092317,2.1220159151193654,2683500921.0
2023-09-25,7.68,7.52,7.68,7.5,24666637.0,200875899.0,-1.8276762402088864,-0.14000000000000057,0.00919196144371288,2.349869451697124,2683500921.0
2023-09-26,7.5,7.46,7.55,7.43,15854601.0,128217215.0,-0.7978723404255317,-0.05999999999999961,0.005908177961083696,1.5957446808510654,2683500921.0
2023-09-27,7.47,7.54,7.64,7.45,21988346.0,179444583.0,1.072386058981234,0.08000000000000007,0.00819390290792451,2.546916890080422,2683500921.0
2023-09-28,7.57,7.59,7.63,7.54,15645121.0,128060441.0,0.6631299734747964,0.04999999999999982,0.005830114832370201,1.1936339522546402,2683501346.0
2023-10-09,7.61,7.53,7.64,7.51,15236685.0,124003015.0,-0.7905138339920903,-0.05999999999999961,0.005677912188384645,1.7127799736495375,2683501346.0
2023-10-10,7.52,7.45,7.59,7.43,18725400.0,151395846.0,-1.0624169986719778,-0.08000000000000007,0.0069779730231594225,2.1248339973439596,2683501346.0
2023-10-11,7.48,7.46,7.51,7.44,13851638.0,111767223.0,0.13422818791946067,0.009999999999999787,0.005161777921463356,0.9395973154362336,2683501346.0
2023-10-12,7.5,7.67,7.71,7.5,29503754.0,242736841.0,2.815013404825728,0.20999999999999996,0.01099449942291924,2.815013404825737,2683501346.0
2023-10-13,7.64,7.56,7.65,7.47,27971864.0,227148623.0,-1.4341590612777066,-0.11000000000000032,0.010423644482867348,2.346805736636253,2683501346.0
2023-10-16,7.56,7.67,7.82,7.53,51866321.0,431759955.0,1.4550264550264647,0.11000000000000032,0.01932785354377087,3.8359788359788363,2683501346.0
2023-10-17,7.68,7.66,7.71,7.57,21468800.0,177289576.0,-0.13037809647978849,-0.009999999999999787,0.00800029410531177,1.8252933507170752,2683501346.0
2023-10-18,7.62,7.66,7.73,7.5,26148589.0,214943069.0,0.0,0.0,0.009744205658393585,3.0026109660574467,2683501346.0
2023-10-19,7.62,7.5,7.64,7.5,20321751.0,165833465.0,-2.088772845953002,-0.16000000000000014,0.007572849192079369,1.8276762402088733,2683501346.0
2023-10-20,7.47,7.53,7.58,7.41,19112000.0,155127002.0,0.40000000000000036,0.03000000000000025,0.00712203853688695,2.2666666666666657,2683501346.0
2023-10-23,7.46,7.37,7.49,7.28,22741383.0,181047100.0,-2.1248339973439556,-0.16000000000000014,0.008474518946635923,2.788844621513944,2683501346.0
2023-10-24,7.39,7.29,7.43,7.22,27176816.0,213563370.0,-1.085481682496614,-0.08000000000000007,0.010127371853384567,2.849389416553595,2683501346.0
2023-10-25,7.36,7.32,7.43,7.3,20556980.0,163439893.0,0.4115226337448652,0.03000000000000025,0.0076605066849107515,1.7832647462277078,2683501346.0
2023-10-26,7.24,7.3,7.3,7.17,22726697.0,176974356.0,-0.2732240437158584,-0.020000000000000462,0.008469046245822155,1.7759562841530039,2683501346.0
2023-10-27,7.25,7.37,7.4,7.19,27335208.0,215889263.0,0.9589041095890538,0.07000000000000028,0.010186396232200735,2.876712328767123,2683501346.0
2023-10-30,7.32,7.41,7.43,7.3,20454100.0,163193047.0,0.5427408412483015,0.040000000000000036,0.007622168712711352,1.7639077340569864,2683501346.0
2023-10-31,7.41,7.39,7.43,7.3,17397301.0,138132756.0,-0.26990553306343035,-0.020000000000000462,0.006483060284628603,1.7543859649122793,2683501346.0
2023-11-01,7.36,7.34,7.41,7.33,13777353.0,109562105.0,-0.6765899864682012,-0.04999999999999982,0.005134095803803633,1.0825439783491213,2683501346.0
2023-11-02,7.37,7.25,7.37,7.24,13433600.0,105785626.0,-1.2261580381471404,-0.08999999999999986,0.005005997116425519,1.771117166212533,2683501346.0
2023-11-03,7.25,7.37,7.39,7.24,16533109.0,130709460.0,1.6551724137931156,0.1200000000000001,0.006161021318153645,2.068965517241372,2683501346.0
2023-11-06,7.41,7.45,7.5,7.39,21454976.0,172505981.0,1.085481682496603,0.08000000000000007,0.007995142626621213,1.4925373134328401,2683501346.0
2023-11-07,7.48,7.37,7.48,7.34,24322089.0,194052493.0,-1.0738255033557076,-0.08000000000000007,0.009063565045813843,1.8791946308724907,2683501346.0
2023-11-08,7.36,7.33,7.38,7.26,24926845.0,196806897.0,-0.5427408412483015,-0.040000000000000036,0.009288925842036824,1.628222523744913,2683501346.0
2023-11-09,7.3,7.62,7.7,7.3,57410513.0,466459042.0,3.9563437926330103,0.29000000000000004,0.02139388269194481,5.4570259208731295,2683501346.0
2023-11-10,7.55,7.51,7.7,7.47,33500733.0,273849807.0,-1.4435695538057791,-0.11000000000000032,0.012483963553786122,3.018372703412079,2683501346.0
2023-11-13,7.5,7.45,7.53,7.39,21724801.0,174346839.0,-0.7989347536617841,-0.05999999999999961,0.008095692231488079,1.8641810918775044,2683501346.0
2023-11-14,7.42,7.49,7.5,7.42,15193867.0,122556840.0,0.5369127516778427,0.040000000000000036,0.005661956168811998,1.0738255033557056,2683501346.0
2023-11-15,7.54,7.6,7.71,7.53,40104180.0,331291876.0,1.4686248331108098,0.10999999999999943,0.014944721402796717,2.4032042723631473,2683501346.0
2023-11-16,7.57,7.44,7.6,7.43,26604730.0,215050608.0,-2.1052631578947323,-0.15999999999999925,0.009914185450160755,2.236842105263157,2683501346.0
2023-11-17,7.42,7.47,7.48,7.37,17065327.0,136841205.0,0.40322580645160144,0.02999999999999936,0.006359351011855241,1.4784946236559182,2683501346.0
2023-11-20,7.46,7.53,7.55,7.43,16902907.0,136831631.0,0.8032128514056325,0.0600000000000005,0.006298825609010893,1.6064257028112465,2683501346.0
2023-11-21,7.54,7.63,7.73,7.54,46670059.0,386527284.0,1.3280212483399723,0.09999999999999964,0.01739147963147696,2.5232403718459544,2683501346.0
2023-11-22,7.61,7.44,7.61,7.42,36073175.0,291239352.0,-2.490170380078627,-0.1899999999999995,0.013442577568954945,2.490170380078642,2683501346.0
2023-11-23,7.42,7.54,7.55,7.39,21837367.0,176471076.0,1.3440860215053752,0.09999999999999964,0.008137639667127635,2.1505376344086042,2683501346.0
2023-11-24,7.54,7.49,7.55,7.45,15649950.0,126530385.0,-0.6631299734747964,-0.04999999999999982,0.005831914347025634,1.3262599469495973,2683501346.0
2023-11-27,7.45,7.39,7.46,7.29,24741564.0,196339129.0,-1.3351134846461998,-0.10000000000000053,0.009219881345272856,2.2696929238985306,2683501346.0
2023-11-28,7.36,7.37,7.4,7.33,13347341.0,106135949.0,-0.27063599458727605,-0.019999999999999574,0.004973852917903474,0.9472259810554842,2683501346.0
2023-11-29,7.36,7.31,7.41,7.3,17095359.0,135510385.0,-0.8141112618724633,-0.0600000000000005,0.006370542360816092,1.4925373134328401,2683501346.0
2023-11-30,7.31,7.27,7.31,7.18,23094900.0,180608620.0,-0.5471956224350261,-0.040000000000000036,0.00860625616395722,1.7783857729138153,2683501346.0
2023-12-01,7.26,7.19,7.27,7.05,33520251.0,258655113.0,-1.1004126547455195,-0.07999999999999918,0.012491236887197745,3.026134800550203,2683501346.0
2023-12-04,7.21,7.16,7.22,7.13,20310480.0,157229933.0,-0.417246175243402,-0.03000000000000025,0.007568649082391778,1.2517385257301787,2683501346.0
2023-12-05,7.12,6.99,7.13,6.99,22047100.0,167513224.0,-2.3743016759776525,-0.16999999999999993,0.008215796139943506,1.955307262569828,2683501346.0
2023-12-06,6.94,6.53,6.94,6.43,76621375.0,548618636.0,-6.580829756795426,-0.45999999999999996,0.028552761903477726,7.296137339055804,2683501346.0
2023-12-07,6.48,6.3,6.49,6.11,64061528.0,433039199.0,-3.522205206738138,-0.23000000000000043,0.023872366636032982,5.81929555895865,2683501346.0
2023-12-08,6.25,6.42,6.47,6.23,39706853.0,274609613.0,1.904761904761898,0.1200000000000001,0.014796658499607847,3.8095238095237987,2683501346.0
2023-12-11,6.42,6.5,6.53,6.31,29940478.0,208622296.0,1.2461059190031154,0.08000000000000007,0.011157243518669731,3.426791277258577,2683501346.0
2023-12-12,6.49,6.54,6.59,6.45,20818600.0,146900829.0,0.6153846153846176,0.040000000000000036,0.007757998717247522,2.153846153846149,2683501346.0
2023-12-13,6.55,6.38,6.55,6.38,22751896.0,157894933.0,-2.4464831804281384,-0.16000000000000014,0.008478436589537675,2.5993883792048917,2683501346.0
2023-12-14,6.39,6.31,6.5,6.3,18802551.0,129634521.0,-1.0971786833855801,-0.07000000000000028,0.0070067231484817,3.134796238244517,2683501346.0
2023-12-15,6.35,6.36,6.46,6.34,22348436.0,154361364.0,0.7923930269413848,0.05000000000000071,0.008328088239386335,1.901743264659273,2683501346.0
2023-12-18,6.33,6.24,6.37,6.21,20020800.0,135622336.0,-1.8867924528301883,-0.1200000000000001,0.007460700561914307,2.5157232704402537,2683501346.0
2023-12-19,6.21,6.2,6.28,6.15,16845120.0,112804953.0,-0.6410256410256387,-0.040000000000000036,0.006277291429389132,2.0833333333333313,2683501346.0
2023-12-20,6.2,6.14,6.25,6.11,14302111.0,95538535.0,-0.967741935483879,-0.0600000000000005,0.005329645547343802,2.2580645161290267,2683501346.0
2023-12-21,6.11,6.26,6.29,6.07,19813726.0,132823771.0,1.9543973941368087,0.1200000000000001,0.007383534958733723,3.5830618892508106,2683501346.0
2023-12-22,6.26,6.29,6.37,6.17,21804162.0,147559027.0,0.4792332268370725,0.03000000000000025,0.00812526590772949,3.1948881789137404,2683501346.0
2023-12-25,6.28,6.18,6.3,6.12,23108053.0,153986951.0,-1.748807631160576,-0.11000000000000032,0.00861115759619224,2.861685214626387,2683501346.0
2023-12-26,6.18,6.12,6.18,6.07,14164702.0,93609228.0,-0.9708737864077555,-0.05999999999999961,0.005278440430489726,1.7799352750808972,2683501346.0
2023-12-27,6.12,6.14,6.16,6.05,16381572.0,108091787.0,0.32679738562091387,0.019999999999999574,0.0061045514377766966,1.7973856209150378,2683501346.0
2023-12-28,6.15,6.36,6.39,6.11,32499802.0,220788856.0,3.583061889250816,0.22000000000000064,0.012110969144265151,4.560260586319208,2683501346.0
2023-12-29,6.32,6.33,6.39,6.3,19657899.0,134691502.0,-0.4716981132075526,-0.03000000000000025,0.007325464796449722,1.4150943396226392,2683501941.0
2024-01-02,6.33,6.27,6.36,6.26,23965426.0,163016845.0,-0.9478672985782088,-0.0600000000000005,0.008930653499385712,1.5797788309636736,2683501941.0
2024-01-03,6.25,6.3,6.34,6.25,19491585.0,132726150.0,0.4784688995215447,0.03000000000000025,0.007263488318080557,1.435406698564591,2683501941.0
2024-01-04,6.3,6.19,6.3,6.16,22638073.0,151623988.0,-1.7460317460317398,-0.10999999999999943,0.008436018865544022,2.222222222222217,2683501941.0
2024-01-05,6.17,6.05,6.24,6.0,36358577.0,240277396.0,-2.2617124394184285,-0.14000000000000057,0.01354892889939594,3.877221324717289,2683501941.0
2024-01-08,6.05,5.93,6.09,5.92,32697300.0,211266086.0,-1.983471074380172,-0.1200000000000001,0.012184563573602423,2.8099173553718995,2683501941.0
2024-01-09,5.98,5.96,6.12,5.89,32918580.0,212553821.0,0.5059021922428464,0.03000000000000025,0.012267022988525575,3.8785834738617275,2683501941.0
2024-01-10,5.95,6.08,6.14,5.88,31867061.0,207747959.0,2.0134228187919545,0.1200000000000001,0.011875177175435478,4.362416107382547,2683501941.0
2024-01-11,6.05,6.14,6.17,6.03,24841468.0,163758971.0,0.9868421052631415,0.05999999999999961,0.009257108266052862,2.3026315789473633,2683501941.0
2024-01-12,6.12,6.16,6.36,6.12,39024941.0,263118212.0,0.32573289902280145,0.020000000000000462,0.014542542490376384,3.9087947882736196,2683501941.0
2024-01-15,6.1,6.25,6.3,6.07,34273099.0,230059136.0,1.4610389610389518,0.08999999999999986,0.012771780961420964,3.733766233766226,2683501941.0
2024-01-16,6.3,6.28,6.33,6.18,31503424.0,212812533.0,0.48000000000001375,0.03000000000000025,0.01173966879571562,2.4000000000000057,2683501941.0
2024-01-17,6.24,6.1,6.29,6.09,26218100.0,175733953.0,-2.866242038216571,-0.1800000000000006,0.009770106590729685,3.184713375796181,2683501941.0
2024-01-18,6.07,6.13,6.14,5.93,32274098.0,210477693.0,0.4918032786885185,0.03000000000000025,0.012026858451972329,3.4426229508196715,2683501941.0
2024-01-19,6.11,5.99,6.13,5.98,22866060.0,149096001.0,-2.2838499184339223,-0.13999999999999968,0.008520977626525966,2.446982055464918,2683501941.0
2024-01-22,5.97,5.63,6.0,5.58,37343488.0,233563179.0,-6.010016694490828,-0.3600000000000003,0.013915953414993264,7.01168614357262,2683501941.0
2024-01-23,5.61,5.7,5.75,5.55,30201765.0,185232001.0,1.243339253996445,0.07000000000000028,0.011254608963966461,3.552397868561282,2683501941.0
2024-01-24,5.76,5.72,5.85,5.54,37529880.0,230371284.0,0.35087719298245723,0.019999999999999574,0.013985411907700945,5.438596491228063,2683501941.0
2024-01-25,5.72,5.88,5.89,5.68,38091463.0,238750205.0,2.7972027972027913,0.16000000000000014,0.01419468434809677,3.6713286713286704,2683501941.0
2024-01-26,5.87,5.84,6.01,5.8,30650518.0,194302542.0,-0.6802721088435382,-0.040000000000000036,0.011421835599112019,3.571428571428571,2683501941.0
2024-01-29,5.88,5.77,5.98,5.77,29485763.0,186478304.0,-1.1986301369863117,-0.07000000000000028,0.010987792685930463,3.5958904109589183,2683501941.0
2024-01-30,5.73,5.59,5.78,5.58,25153482.0,154325241.0,-3.119584055459268,-0.17999999999999972,0.009373379469450513,3.466204506065861,2683501941.0
2024-01-31,5.56,5.43,5.65,5.4,32410791.0,192649970.0,-2.8622540250447304,-0.16000000000000014,0.012077796741940199,4.47227191413238,2683501941.0
2024-02-01,5.43,5.45,5.52,5.3,32302151.0,189064197.0,0.36832412523020164,0.020000000000000462,0.012037312329262816,4.051565377532224,2683501941.0
2024-02-02,5.44,5.3,5.57,5.15,35145638.0,204323907.0,-2.752293577981657,-0.15000000000000036,0.013096930344273599,7.706422018348623,2683501941.0
2024-02-05,5.28,5.02,5.28,4.82,47296325.0,257784646.0,-5.283018867924538,-0.28000000000000025,0.0176248521670065,8.679245283018867,2683501941.0
2024-02-06,5.0,5.41,5.44,4.93,45158915.0,253796531.0,7.76892430278886,0.39000000000000057,0.016828351904665157,10.15936254980081,2683501941.0
2024-02-07,5.4,5.77,5.82,5.4,57253817.0,352516892.0,6.6543438077633965,0.35999999999999943,0.021335485592629946,7.7634011090573,2683501941.0
2024-02-08,5.79,5.97,6.19,5.74,57511141.0,375930552.0,3.466204506065851,0.20000000000000018,0.02143137671015383,7.798960138648184,2683501941.0
2024-02-19,6.05,5.82,6.06,5.79,41261361.0,262235375.0,-2.5125628140703404,-0.14999999999999947,0.015375938571009218,4.5226130653266265,2683501941.0
2024-02-20,5.8,5.8,5.82,5.71,20692983.0,128713946.0,-0.3436426116838587,-0.020000000000000462,0.007711186149650711,1.8900343642611739,2683501941.0
2024-02-21,5.78,5.9,6.05,5.72,34183433.0,218431669.0,1.7241379310344973,0.10000000000000053,0.012738367160361223,5.6896551724137945,2683501941.0
2024-02-22,5.87,5.89,5.96,5.82,24153625.0,153173830.0,-0.16949152542373724,-0.010000000000000675,0.009000785365930913,2.372881355932198,2683501941.0
2024-02-23,5.86,5.89,5.93,5.79,24181008.0,152901604.0,0.0,0.0,0.009010989569468697,2.3769100169779236,2683501941.0
2024-02-26,5.89,5.9,5.97,5.83,32663579.0,208299275.0,0.1697792869270076,0.010000000000000675,0.012171997530893533,2.3769100169779236,2683501941.0
2024-02-27,5.89,5.93,5.93,5.84,36139787.0,230074024.0,0.5084745762711673,0.02999999999999936,0.01346739737647911,1.5254237288135568,2683501941.0
2024-02-28,5.93,5.84,6.13,5.83,57409120.0,372042423.0,-1.5177065767284947,-0.08999999999999986,0.021393358850564738,5.059021922428328,2683501941.0
2024-02-29,5.79,6.01,6.11,5.78,68967861.0,444555911.0,2.910958904109595,0.16999999999999993,0.025700693540135582,5.65068493150685,2683501941.0
2024-03-01,6.05,6.2,6.26,6.04,53570537.0,357511933.0,3.161397670549082,0.1900000000000004,0.01996292090626813,3.660565723793673,2683501941.0
2024-03-04,6.21,6.21,6.23,6.11,41083315.0,274265511.0,0.1612903225806317,0.009999999999999787,0.015309590193435973,1.9354838709677438,2683501941.0
2024-03-05,6.19,6.2,6.26,6.13,34164901.0,228675121.0,-0.16103059581320522,-0.009999999999999787,0.012731461258890887,2.093397745571657,2683501941.0
2024-03-06,6.17,6.38,6.42,6.16,46468166.0,317837280.0,2.9032258064516148,0.17999999999999972,0.017316240875415116,4.1935483870967705,2683501941.0
2024-03-07,6.35,6.44,6.5,6.34,48186409.0,335852207.0,0.9404388714733702,0.0600000000000005,0.017956539648353472,2.5078369905956137,2683501941.0
2024-03-08,6.43,6.7,6.74,6.42,56235439.0,403947591.0,4.037267080745344,0.2599999999999998,0.020955989686761326,4.968944099378886,2683501941.0
2024-03-11,6.8,6.84,6.97,6.73,78742074.0,583750796.0,2.0895522388059584,0.13999999999999968,0.029343028524382947,3.582089552238796,2683501941.0
2024-03-12,6.8,6.93,6.96,6.76,52217856.0,387497334.0,1.3157894736842035,0.08999999999999986,0.019458847859279413,2.9239766081871372,2683501941.0
2024-03-13,6.97,6.91,7.07,6.86,34272060.0,257577759.0,-0.28860028860028253,-0.019999999999999574,0.012771393780780575,3.03030303030303,2683501941.0
2024-03-14,6.87,6.89,7.04,6.82,35343338.0,264409556.0,-0.28943560057888007,-0.020000000000000462,0.01317060273369111,3.1837916063675795,2683501941.0
2024-03-15,6.85,6.76,6.89,6.67,33462039.0,243817767.0,-1.8867924528301883,-0.1299999999999999,0.012469541567587039,3.193033381712623,2683501941.0
2024-03-18,6.8,6.85,6.88,6.76,27341547.0,201141097.0,1.3313609467455523,0.08999999999999986,0.01018875618543851,1.7751479289940846,2683501941.0
2024-03-19,6.87,6.96,7.04,6.8,35836284.0,267947403.0,1.6058394160584077,0.11000000000000032,0.013354297775035594,3.5036496350364996,2683501941.0
2024-03-20,6.94,6.91,7.08,6.86,25654300.0,192395002.0,-0.7183908045977017,-0.04999999999999982,0.009560007991065583,3.160919540229881,2683501941.0
2024-03-21,6.93,6.83,6.93,6.78,21948660.0,161756707.0,-1.157742402315487,-0.08000000000000007,0.00817911090901648,2.1707670043415264,2683501941.0
2024-03-22,6.78,6.68,6.87,6.67,20611136.0,150023864.0,-2.196193265007329,-0.15000000000000036,0.007680686078549775,2.92825768667643,2683501941.0
2024-03-25,6.68,6.68,6.84,6.64,22769353.0,165332326.0,0.0,0.0,0.008484940015178473,2.994011976047907,2683501941.0
2024-03-26,6.69,6.76,6.79,6.65,19916769.0,144492634.0,1.1976047904191711,0.08000000000000007,0.0074219320268417875,2.0958083832335284,2683501941.0
2024-03-27,6.74,6.66,6.79,6.65,17937162.0,130316154.0,-1.4792899408283988,-0.09999999999999964,0.006684236640915476,2.071005917159759,2683501941.0
2024-03-28,6.62,6.66,6.75,6.55,22278515.0,160025511.0,0.0,0.0,0.008302030514536528,3.003003003003006,2683501941.0
2024-03-29,6.8,6.83,6.84,6.72,21583101.0,157940761.0,2.552552552552556,0.16999999999999993,0.008042882224872656,1.8018018018018036,2683503301.0
2024-04-01,6.83,6.93,6.96,6.81,28039236.0,209131062.0,1.4641288433382194,0.09999999999999964,0.010448742876355417,2.196193265007326,2683503301.0
2024-04-02,6.91,7.04,7.08,6.9,28591431.0,216635243.0,1.5873015873015817,0.11000000000000032,0.010654516798747921,2.5974025974025934,2683503301.0
2024-04-03,6.99,6.99,7.08,6.92,24399680.0,184435751.0,-0.7102272727272707,-0.04999999999999982,0.009092472511924068,2.2727272727272747,2683503301.0
2024-04-08,6.99,6.79,6.99,6.78,26247577.0,194764891.0,-2.8612303290414864,-0.20000000000000018,0.009781086160847618,3.0042918454935617,2683503301.0
2024-04-09,6.77,6.93,6.97,6.76,23535015.0,175542509.0,2.0618556701030855,0.13999999999999968,0.008770257517935507,3.0927835051546384,2683503301.0
2024-04-10,7.23,7.15,7.29,7.04,67063528.0,516507194.0,3.1746031746031855,0.22000000000000064,0.02499103614853351,3.6075036075036078,2683503301.0
2024-04-11,7.04,7.07,7.17,6.99,43093197.0,329297158.0,-1.118881118881121,-0.08000000000000007,0.016058559340672858,2.5174825174825135,2683503301.0
2024-04-12,7.08,6.96,7.09,6.93,24116891.0,182296547.0,-1.5558698727015652,-0.11000000000000032,0.008987091981967343,2.263083451202265,2683503301.0
2024-04-15,7.04,7.08,7.18,6.95,43600078.0,333389124.0,1.724137931034475,0.1200000000000001,0.016247447127697795,3.3045977011494183,2683503301.0
2024-04-16,7.1,7.02,7.22,6.97,52078905.0,400099478.0,-0.8474576271186529,-0.0600000000000005,0.019407058295994248,3.531073446327684,2683503301.0
2024-04-17,7.07,7.13,7.15,6.98,36354994.0,278181879.0,1.5669515669515688,0.11000000000000032,0.013547586837866908,2.421652421652421,2683503301.0
2024-04-18,7.11,7.2,7.34,7.1,43669727.0,341602596.0,0.9817671809256634,0.07000000000000028,0.01627340163275618,3.366058906030859,2683503301.0
2024-04-19,7.13,7.12,7.24,7.07,31795402.0,244832638.0,-1.1111111111111072,-0.08000000000000007,0.011848467631156457,2.36111111111111,2683503301.0
2024-04-22,7.09,7.05,7.21,7.04,29056758.0,222917220.0,-0.98314606741573,-0.07000000000000028,0.010827919603889468,2.387640449438201,2683503301.0
2024-04-23,7.08,6.84,7.12,6.8,42317639.0,315307763.0,-2.9787234042553234,-0.20999999999999996,0.015769549821023306,4.539007092198586,2683503301.0
2024-04-24,6.85,6.93,6.93,6.71,27791332.0,205359032.0,1.3157894736842035,0.08999999999999986,0.010356362144083683,3.2163742690058443,2683503301.0
2024-04-25,7.03,6.85,7.03,6.68,39032774.0,287926219.0,-1.1544011544011523,-0.08000000000000007,0.014545454065755964,5.050505050505059,2683503301.0
2024-04-26,6.8,6.93,6.96,6.68,47931269.0,354421390.0,1.167883211678844,0.08000000000000007,0.01786145334054128,4.087591240875916,2683503301.0
2024-04-29,6.92,7.16,7.18,6.85,53763161.0,409992481.0,3.3189033189033212,0.23000000000000043,0.02003469158393258,4.761904761904763,2683503301.0
2024-04-30,7.19,7.24,7.3,7.09,43252052.0,337569477.0,1.1173184357541999,0.08000000000000007,0.016117756212143373,2.932960893854748,2683503301.0
2024-05-06,7.33,7.48,7.55,7.32,48942455.0,394331355.0,3.314917127071837,0.2400000000000002,0.018238268975395606,3.1767955801104906,2683503301.0
2024-05-07,7.52,7.42,7.53,7.38,36805003.0,295791175.0,-0.8021390374331583,-0.0600000000000005,0.013715281433149241,2.005347593582892,2683503301.0
2024-05-08,7.41,7.18,7.41,7.16,30330246.0,237891870.0,-3.2345013477088957,-0.2400000000000002,0.011302481345447766,3.3692722371967654,2683503301.0
2024-05-09,7.18,7.29,7.34,7.17,24153502.0,189963524.0,1.532033426183843,0.11000000000000032,0.009000734968725123,2.3676880222841215,2683503301.0
2024-05-10,7.3,7.3,7.34,7.2,20794527.0,163479185.0,0.137174211248281,0.009999999999999787,0.007749022329225747,1.9204389574759901,2683503301.0
2024-05-13,7.29,7.26,7.31,7.13,24156700.0,188778475.0,-0.5479452054794498,-0.040000000000000036,0.00900192669448108,2.4657534246575303,2683503301.0
2024-05-14,7.3,7.26,7.34,7.25,21960376.0,172963969.0,0.0,0.0,0.008183472698474612,1.2396694214876014,2683503301.0
2024-05-15,7.23,7.44,7.56,7.21,44906241.0,359421569.0,2.4793388429752206,0.1800000000000006,0.016734185116621923,4.820936639118453,2683503301.0
2024-05-16,7.44,7.52,7.58,7.37,50237423.0,406912148.0,1.0752688172043001,0.07999999999999918,0.018720835178879475,2.8225806451612896,2683503301.0
2024-05-17,7.49,7.78,7.81,7.46,77104336.0,635401524.0,3.457446808510656,0.2600000000000007,0.02873271516799226,4.654255319148932,2683503301.0
2024-05-20,7.8,7.65,7.92,7.62,57035799.0,474808883.0,-1.6709511568123392,-0.1299999999999999,0.02125423098184592,3.856041131105396,2683503301.0
2024-05-21,7.64,7.67,7.78,7.62,36072858.0,300471723.0,0.2614379084967311,0.019999999999999574,0.013442449646533898,2.0915032679738577,2683503301.0
2024-05-22,7.68,7.71,7.76,7.67,32937634.0,274879781.0,0.5215123859191761,0.040000000000000036,0.012274117191406428,1.1734028683181206,2683503301.0
2024-05-23,7.7,7.43,7.72,7.41,43087494.0,349376549.0,-3.6316472114137466,-0.28000000000000025,0.016056434133672786,4.020752269779502,2683503301.0
2024-05-24,7.41,7.35,7.48,7.3,28721039.0,228764213.0,-1.076716016150736,-0.08000000000000007,0.010702814857465309,2.4226110363391737,2683503301.0
2024-05-27,7.39,7.4,7.42,7.23,24954615.0,197160113.0,0.6802721088435382,0.05000000000000071,0.009299267487653447,2.5850340136054353,2683503301.0
2024-05-28,7.4,7.11,7.4,7.09,38910814.0,302073024.0,-3.9189189189189233,-0.29000000000000004,0.014500006012848949,4.189189189189196,2683503301.0
2024-05-29,7.11,7.14,7.24,7.09,22224141.0,172020847.0,0.42194092827003704,0.02999999999999936,0.00828176398803692,2.109704641350216,2683503301.0
2024-05-30,7.19,7.15,7.26,7.13,19633400.0,152271329.0,0.1400560224089631,0.010000000000000675,0.007316331600070575,1.8207282913165252,2683503301.0
2024-05-31,7.18,7.0,7.21,6.98,26239656.0,200766805.0,-2.0979020979021046,-0.15000000000000036,0.009778134422350763,3.2167832167832104,2683503301.0
2024-06-03,6.97,6.89,7.0,6.83,31919588.0,237700453.0,-1.5714285714285792,-0.11000000000000032,0.011894745196737881,2.4285714285714275,2683503301.0
2024-06-04,6.9,7.07,7.11,6.86,26618415.0,201176085.0,2.612481857764881,0.1800000000000006,0.009919277904402325,3.6284470246734397,2683503301.0
2024-06-05,7.07,6.97,7.12,6.96,19333676.0,147185475.0,-1.4144271570014189,-0.10000000000000053,0.007204640289726999,2.263083451202265,2683503301.0
2024-06-06,7.03,6.9,7.05,6.85,21512195.0,161350063.0,-1.0043041606886516,-0.0699999999999994,0.0080164593022798,2.8694404591104763,2683503301.0
2024-06-07,6.96,6.85,6.98,6.79,17901097.0,132770774.0,-0.7246376811594346,-0.05000000000000071,0.006670793731958223,2.7536231884058027,2683503301.0
2024-06-11,6.82,6.79,6.88,6.75,18271602.0,134075467.0,-0.8759124087591164,-0.05999999999999961,0.006808861383994251,1.8978102189781008,2683503301.0
2024-06-12,6.76,6.63,6.79,6.59,29879652.0,214392925.0,-2.356406480117823,-0.16000000000000014,0.011134568751551537,2.9455081001472783,2683503301.0
2024-06-13,6.61,6.39,6.64,6.32,47678853.0,330210474.0,-3.6199095022624417,-0.2400000000000002,0.01776739122408853,4.826546003016582,2683503301.0
2024-06-14,6.36,6.5,6.53,6.33,31378996.0,217935990.0,1.7214397496087663,0.11000000000000032,0.011693295099844559,3.129890453834119,2683503301.0
2024-06-17,6.46,6.46,6.5,6.42,18339019.0,127877161.0,-0.6153846153846176,-0.040000000000000036,0.0068339841404950075,1.2307692307692317,2683503301.0
2024-06-18,6.43,6.43,6.47,6.4,18740373.0,130114692.0,-0.4643962848297267,-0.03000000000000025,0.006983547586103752,1.0835913312693406,2683503301.0
2024-06-19,6.41,6.36,6.43,6.3,20217550.0,138731723.0,-1.0886469673405785,-0.0699999999999994,0.007534013463842577,2.02177293934681,2683503301.0
2024-06-20,6.36,6.2,6.37,6.19,19960050.0,134750673.0,-2.515723270440251,-0.16000000000000014,0.007438056809008561,2.8301886792452784,2683503301.0
2024-06-21,6.21,6.27,6.36,6.19,23571519.0,160028563.0,1.1290322580645107,0.0699999999999994,0.00878386063144254,2.741935483870966,2683503301.0
2024-06-24,6.22,6.2,6.29,6.13,23634800.0,158197323.0,-1.1164274322168932,-0.0699999999999994,0.0088074421191107,2.5518341307815016,2683503301.0
2024-06-25,6.18,6.18,6.25,6.15,17376600.0,116214251.0,-0.3225806451612967,-0.020000000000000462,0.006475341391801031,1.6129032258064457,2683503301.0
2024-06-26,6.17,6.23,6.25,6.08,20772314.0,138513982.0,0.8090614886731462,0.05000000000000071,0.0077407447169002015,2.750809061488672,2683503301.0
2024-06-27,6.22,6.06,6.25,6.05,25068094.0,165517010.0,-2.7287319422151013,-0.17000000000000082,0.009341555119629794,3.210272873194224,2683503301.0
2024-06-28,6.05,5.97,6.15,5.94,30598123.0,199778474.0,-1.4851485148514865,-0.08999999999999986,0.011402258357061861,3.465346534653465,2683514269.0
2024-07-01,5.97,6.21,6.25,5.97,33559616.0,222184020.0,4.020100502512558,0.2400000000000002,0.012505845930346347,4.690117252931328,2683514269.0
2024-07-02,6.21,6.08,6.22,6.07,24841939.0,163776797.0,-2.093397745571657,-0.1299999999999999,0.009257241255235525,2.415458937198059,2683514269.0
2024-07-03,6.1,6.16,6.26,6.09,24611222.0,164101465.0,1.3157894736842035,0.08000000000000007,0.009171265561845238,2.796052631578946,2683514269.0
2024-07-04,6.19,5.93,6.19,5.91,31614518.0,205059899.0,-3.7337662337662447,-0.23000000000000043,0.011781013563151655,4.545454545454549,2683514269.0
2024-07-05,5.93,5.97,6.0,5.91,22993449.0,147816560.0,0.6745362563237878,0.040000000000000036,0.00856840944191007,1.5177065767284967,2683514269.0
2024-07-08,5.97,5.84,6.01,5.81,25687611.0,163342001.0,-2.1775544388609736,-0.1299999999999999,0.009572377272870764,3.3500837520938056,2683514269.0
2024-07-09,5.82,5.86,5.9,5.74,28300900.0,178348539.0,0.34246575342467,0.020000000000000462,0.010546208129739592,2.739726027397263,2683514269.0
2024-07-10,5.84,5.88,6.0,5.8,24566650.0,157058725.0,0.3412969283276279,0.019999999999999574,0.00915465599858899,3.4129692832764533,2683514269.0
2024-07-11,6.0,6.03,6.05,5.92,27116681.0,166755028.0,2.5510204081632626,0.15000000000000036,0.010104914035022037,2.210884353741495,2683514269.0
2024-07-12,6.01,6.09,6.2,5.99,24183697.0,151136152.0,0.995024875621886,0.05999999999999961,0.009011950217433333,3.482587064676616,2683514269.0
2024-07-15,6.09,6.0,6.09,5.97,18477971.0,113726007.0,-1.4778325123152691,-0.08999999999999986,0.0068857360713366865,1.9704433497536964,2683514269.0
2024-07-16,5.97,5.88,5.99,5.8,27704736.0,166757182.0,-2.0000000000000018,-0.1200000000000001,0.010324050190470592,3.166666666666673,2683514269.0
2024-07-17,5.89,5.9,5.93,5.86,14750309.0,89088850.0,0.3401360544217802,0.020000000000000462,0.005496638929927002,1.1904761904761803,2683514269.0
2024-07-18,5.87,5.96,5.97,5.83,16047196.0,96990743.0,1.0169491525423568,0.05999999999999961,0.005979918268137221,2.372881355932198,2683514269.0
2024-07-19,5.94,6.0,6.0,5.83,25785900.0,156006291.0,0.6711409395973256,0.040000000000000036,0.009609004244128356,2.8523489932885893,2683514269.0
2024-07-22,5.92,5.89,5.97,5.84,31503882.0,189909976.0,-1.8333333333333424,-0.11000000000000032,0.011739785535681085,2.166666666666665,2683514269.0
2024-07-23,5.87,5.73,5.88,5.73,23548610.0,139816220.0,-2.716468590831911,-0.15999999999999925,0.008775287790355326,2.5466893039049148,2683514269.0
2024-07-24,5.72,5.65,5.72,5.61,24529591.0,142388346.0,-1.3961605584642212,-0.08000000000000007,0.00914084612232781,1.9197207678882973,2683514269.0
2024-07-25,5.61,5.78,5.8,5.59,21883141.0,128685996.0,2.3008849557522026,0.1299999999999999,0.00815465796205908,3.7168141592920345,2683514269.0
2024-07-26,5.77,5.89,5.9,5.76,20431902.0,122770641.0,1.903114186851207,0.10999999999999943,0.007613860017824261,2.4221453287197328,2683514269.0
2024-07-29,5.91,5.8,5.91,5.77,19361204.0,115235632.0,-1.5280135823429464,-0.08999999999999986,0.007214869033364548,2.3769100169779387,2683514269.0
2024-07-30,5.77,5.78,5.85,5.75,16225937.0,96156750.0,-0.34482758620688614,-0.019999999999999574,0.006046525329655328,1.7241379310344769,2683514269.0
2024-07-31,5.8,5.96,5.97,5.74,31514918.0,190448260.0,3.114186851211076,0.17999999999999972,0.01174389805340737,3.979238754325251,2683514269.0
2024-08-01,5.96,5.87,5.99,5.85,32512665.0,196301056.0,-1.5100671140939603,-0.08999999999999986,0.012115704162853475,2.3489932885906133,2683514269.0
2024-08-02,5.84,5.8,5.91,5.79,21487092.0,128501554.0,-1.1925042589437829,-0.07000000000000028,0.008007072013075999,2.0442930153321996,2683514269.0
2024-08-05,5.78,5.7,5.89,5.7,27688592.0,164374965.0,-1.724137931034475,-0.09999999999999964,0.010318034198610031,3.2758620689655085,2683514269.0
2024-08-06,5.75,5.81,5.87,5.74,23325321.0,138667911.0,1.9298245614034926,0.10999999999999943,0.008692080109077295,2.280701754385963,2683514269.0
2024-08-07,5.82,5.78,5.83,5.74,16459698.0,97188005.0,-0.5163511187607495,-0.02999999999999936,0.006133635356496031,1.5490533562822695,2683514269.0
2024-08-08,5.76,5.83,5.89,5.73,24846406.0,148152632.0,0.865051903114189,0.04999999999999982,0.009258905863488815,2.768166089965385,2683514269.0
2024-08-09,5.87,5.79,5.95,5.78,23156700.0,139511642.0,-0.6861063464837058,-0.040000000000000036,0.008629244221842443,2.915951972555745,2683514269.0
2024-08-12,5.78,5.71,5.8,5.69,19387849.0,113857991.0,-1.3816925734024155,-0.08000000000000007,0.007224798177512504,1.899827288428315,2683514269.0
2024-08-13,5.71,5.69,5.73,5.6,19227181.0,111282913.0,-0.3502626970227629,-0.019999999999999574,0.0071649259413719925,2.2767075306479994,2683514269.0
2024-08-14,5.69,5.52,5.72,5.52,25137319.0,143837593.0,-2.987697715289994,-0.17000000000000082,0.009367313336242224,3.514938488576453,2683514269.0
2024-08-15,5.53,5.53,5.58,5.44,20829020.0,117771234.0,0.18115942028986698,0.010000000000000675,0.007761844325039436,2.5362318840579654,2683514269.0
2024-08-16,5.53,5.41,5.55,5.4,24928604.0,138963431.0,-2.169981916817365,-0.1200000000000001,0.009289536593106894,2.71247739602169,2683514269.0
2024-08-19,5.41,5.41,5.49,5.38,18280019.0,101582496.0,0.0,0.0,0.0068119701136569585,2.0332717190388228,2683514269.0
2024-08-20,5.41,5.25,5.41,5.23,22907129.0,124137666.0,-2.957486136783738,-0.16000000000000014,0.008536242666798356,3.3271719038816956,2683514269.0
2024-08-21,5.22,5.25,5.28,5.2,12348033.0,66222287.0,0.0,0.0,0.004601441155966516,1.5238095238095253,2683514269.0
2024-08-22,5.25,5.16,5.28,5.14,15119258.0,80330707.0,-1.7142857142857126,-0.08999999999999986,0.00563412618097765,2.6666666666666776,2683514269.0
2024-08-23,5.14,5.22,5.26,5.14,15852481.0,84391607.0,1.1627906976744207,0.05999999999999961,0.005907358564524182,2.325581395348839,2683514269.0
2024-08-26,5.21,5.29,5.3,5.2,20329145.0,109557613.0,1.3409961685823868,0.07000000000000028,0.007575568065667699,1.9157088122605297,2683514269.0
2024-08-27,5.28,5.16,5.28,5.15,16906696.0,89786157.0,-2.457466918714557,-0.1299999999999999,0.006300207230237761,2.457466918714554,2683514269.0
2024-08-28,5.1,5.08,5.11,4.98,31706342.0,164231088.0,-1.5503875968992276,-0.08000000000000007,0.01181523138008699,2.519379844961238,2683514269.0
2024-08-29,5.06,5.13,5.16,5.02,30093700.0,157345709.0,0.9842519685039353,0.04999999999999982,0.01121428730513674,2.7559055118110347,2683514269.0
2024-08-30,5.12,5.22,5.35,5.09,43856467.0,234928573.0,1.7543859649122862,0.08999999999999986,0.016342922974783704,5.068226120857696,2683514269.0
2024-09-02,5.19,5.01,5.19,5.01,50624202.0,261805728.0,-4.0229885057471275,-0.20999999999999996,0.018864890187025123,3.4482758620689773,2683514269.0
2024-09-03,4.98,4.99,5.0,4.91,37443250.0,190032182.0,-0.39920159680637557,-0.019999999999999574,0.013953065363782494,1.7964071856287396,2683514269.0
2024-09-04,4.94,4.91,5.0,4.9,32221466.0,162909981.0,-1.603206412825653,-0.08000000000000007,0.01200719011343554,2.004008016032057,2683514269.0
2024-09-05,4.94,4.95,5.0,4.91,27962071.0,141770215.0,0.8146639511201537,0.040000000000000036,0.01041994496657547,1.8329938900203637,2683514269.0
2024-09-06,4.95,4.82,4.96,4.81,33005332.0,164458065.0,-2.626262626262621,-0.1299999999999999,0.012299294392162593,3.0303030303030374,2683514269.0
2024-09-09,4.79,4.75,4.8,4.71,24537015.0,119240979.0,-1.4522821576763545,-0.07000000000000028,0.009143612643857345,1.867219917012445,2683514269.0
2024-09-10,4.76,4.69,4.77,4.6,30254895.0,144566052.0,-1.2631578947368327,-0.05999999999999961,0.011274355925550698,3.578947368421051,2683514269.0
2024-09-11,4.66,4.69,4.71,4.63,18118133.0,86865872.0,0.0,0.0,0.006751643995078008,1.705756929637528,2683514269.0
2024-09-12,4.69,4.65,4.77,4.65,22383038.0,107750287.0,-0.8528784648187626,-0.040000000000000036,0.00834094241963578,2.5586353944562727,2683514269.0
2024-09-13,4.65,4.58,4.69,4.57,21610631.0,101973001.0,-1.505376344086029,-0.07000000000000028,0.00805310828775772,2.5806451612903247,2683514269.0
2024-09-18,4.59,4.59,4.61,4.49,22901980.0,106548023.0,0.21834061135370675,0.009999999999999787,0.008534323914191193,2.6200873362445436,2683514269.0
2024-09-19,4.64,4.75,4.82,4.63,39630824.0,191977821.0,3.4858387799564294,0.16000000000000014,0.014768255364920513,4.139433551198265,2683514269.0
2024-09-20,4.74,4.69,4.75,4.65,26217693.0,125656194.0,-1.2631578947368327,-0.05999999999999961,0.0097699100403032,2.1052631578947296,2683514269.0
2024-09-23,4.68,4.63,4.72,4.62,24996400.0,119261615.0,-1.279317697228155,-0.0600000000000005,0.00931480047963926,2.1321961620469008,2683514269.0
2024-09-24,4.68,4.88,4.88,4.65,61330590.0,299793505.0,5.399568034557234,0.25,0.02285457942537961,4.967602591792647,2683514269.0
2024-09-25,4.98,4.96,5.16,4.95,73551945.0,381224397.0,1.6393442622950838,0.08000000000000007,0.02740881457187437,4.303278688524589,2683514269.0
2024-09-26,4.94,5.29,5.29,4.93,73638351.0,385860601.0,6.653225806451624,0.33000000000000007,0.02744101339451458,7.258064516129038,2683514269.0
2024-09-27,5.44,5.65,5.66,5.42,68980783.0,390707403.0,6.805293005671076,0.3600000000000003,0.02570539079924676,4.536862003780722,2683514269.0
2024-09-30,6.11,6.22,6.22,5.87,121969086.0,763300316.0,10.088495575221224,0.5699999999999994,0.04545125006431725,6.194690265486719,2683514442.9999995
2024-10-08,6.84,6.52,6.84,6.22,155916879.0,1052530827.0,4.8231511254019255,0.2999999999999998,0.058101747656589764,9.96784565916399,2683514442.9999995
2024-10-09,6.32,5.87,6.32,5.87,115254417.0,713857614.0,-9.969325153374232,-0.6499999999999995,0.0429490578299824,6.901840490797549,2683514442.9999995
2024-10-10,5.8,5.86,6.05,5.7,86958907.0,523769021.0,-0.17035775127768327,-0.009999999999999787,0.03240485894414842,5.962521294718903,2683514442.9999995
2024-10-11,5.79,5.62,5.83,5.54,59659326.0,347477292.0,-4.0955631399317465,-0.2400000000000002,0.022231788673849895,4.948805460750854,2683514442.9999995
2024-10-14,5.7,5.75,5.77,5.59,59916721.0,349850465.0,2.313167259786475,0.1299999999999999,0.022327705802476283,3.2028469750889625,2683514442.9999995
2024-10-15,5.7,5.63,5.79,5.63,45317989.0,265031128.0,-2.086956521739136,-0.1200000000000001,0.01688755173955291,2.7826086956521765,2683514442.9999995
2024-10-16,5.61,5.92,6.09,5.57,115446380.0,696501638.0,5.150976909413862,0.29000000000000004,0.04302059200804533,9.236234458259318,2683514442.9999995
2024-10-17,6.01,5.72,6.01,5.72,59134279.0,353121275.0,-3.378378378378377,-0.20000000000000018,0.022036132190103516,4.898648648648649,2683514442.9999995
2024-10-18,5.69,5.8,5.91,5.56,65889006.0,386943695.0,1.3986013986013957,0.08000000000000007,0.024553251864126453,6.118881118881128,2683514442.9999995
2024-10-21,5.81,5.81,5.88,5.76,54011868.0,321799593.0,0.17241379310344307,0.009999999999999787,0.020127287982701574,2.0689655172413812,2683514442.9999995
2024-10-22,5.8,5.89,5.9,5.76,46260700.0,276488537.0,1.376936316695354,0.08000000000000007,0.017238848898567305,2.4096385542168774,2683514442.9999995
2024-10-23,5.87,5.95,6.04,5.84,68976857.0,420170309.0,1.018675721561979,0.0600000000000005,0.02570392612565492,3.395585738539901,2683514442.9999995
2024-10-24,5.94,5.91,5.94,5.83,46384750.0,279189501.0,-0.6722689075630228,-0.040000000000000036,0.017285075592194235,1.8487394957983245,2683514442.9999995
2024-10-25,5.9,6.41,6.49,5.89,145918846.0,937929896.0,8.46023688663282,0.5,0.054376024090584715,10.152284263959398,2683514442.9999995
2024-10-28,6.41,6.89,6.91,6.34,159668589.0,1088569405.0,7.488299531981268,0.47999999999999954,0.05949980609066542,8.892355694227772,2683514442.9999995
2024-10-29,7.06,6.6,7.57,6.58,199955641.0,1440600085.0,-4.2089985486211905,-0.29000000000000004,0.07451260101155342,14.368650217706824,2683514442.9999995
2024-10-30,6.32,6.61,6.9,6.32,124026975.0,840748275.0,0.15151515151516914,0.010000000000000675,0.046218113460699574,8.787878787878789,2683514442.9999995
2024-10-31,6.62,6.89,6.96,6.5,108404353.0,756746233.0,4.236006051437213,0.27999999999999936,0.040396403364049656,6.959152798789711,2683514966.0
2024-11-01,6.85,6.55,6.9,6.51,69708035.0,474769257.0,-4.934687953555872,-0.33999999999999986,0.025976391368483988,5.6603773584905746,2683514966.0
2024-11-04,6.53,6.48,6.6,6.41,51198879.0,339531504.0,-1.0687022900763288,-0.0699999999999994,0.019079036133089335,2.900763358778619,2683514966.0
2024-11-05,6.45,6.45,6.52,6.32,106842431.0,704063021.0,-0.462962962962965,-0.03000000000000025,0.03981436002917377,3.0864197530864086,2683514966.0
2024-11-06,6.73,6.61,6.88,6.56,133486100.0,914250762.0,2.4806201550387597,0.16000000000000014,0.04974300560692308,4.961240310077524,2683514966.0
2024-11-07,6.49,6.6,6.61,6.29,88550204.0,587651651.0,-0.1512859304084846,-0.010000000000000675,0.03299784242753502,4.841149773071109,2683514966.0
2024-11-08,6.64,6.45,6.68,6.42,85257488.0,566908538.0,-2.2727272727272596,-0.14999999999999947,0.031770826352827575,3.9393939393939363,2683514966.0
2024-11-11,6.41,6.49,6.51,6.36,46915815.0,310668952.0,0.6201550387596955,0.040000000000000036,0.017482971250177854,2.325581395348829,2683514966.0
2024-11-12,6.49,6.44,6.57,6.38,53765126.0,357529073.0,-0.7704160246533087,-0.04999999999999982,0.02003533674348809,2.9275808936825944,2683514966.0
2024-11-13,6.39,6.34,6.43,6.29,47690841.0,309627939.0,-1.552795031055909,-0.10000000000000053,0.01777178126607847,2.1739130434782554,2683514966.0
2024-11-14,6.37,6.13,6.37,6.12,50965617.0,325125212.0,-3.312302839116721,-0.20999999999999996,0.01899211207902017,3.943217665615142,2683514966.0
2024-11-15,6.1,5.95,6.17,5.93,46037642.0,285088354.0,-2.9363784665579096,-0.17999999999999972,0.01715572396028888,3.9151712887438865,2683514966.0
2024-11-18,5.97,5.91,6.09,5.89,38777663.0,238086382.0,-0.6722689075630228,-0.040000000000000036,0.014450324850545291,3.3613445378151288,2683514966.0
2024-11-19,5.92,6.0,6.01,5.89,29727350.0,180896675.0,1.522842639593902,0.08999999999999986,0.011077765682936013,2.0304568527918803,2683514966.0
2024-11-20,6.01,5.99,6.04,5.94,29114025.0,178569456.0,-0.1666666666666594,-0.009999999999999787,0.01084921283051268,1.6666666666666607,2683514966.0
2024-11-21,5.99,6.02,6.04,5.98,24876126.0,153288426.0,0.5008347245408995,0.02999999999999936,0.00926997848537432,1.0016694490817963,2683514966.0
2024-11-22,6.01,5.83,6.02,5.82,33599041.0,204070072.0,-3.1561461794019863,-0.1899999999999995,0.012520534234277864,3.322259136212613,2683514966.0
2024-11-25,5.81,5.8,5.88,5.74,29744751.0,176647438.0,-0.5145797598627877,-0.03000000000000025,0.011084250088732317,2.4013722126929617,2683514966.0
2024-11-26,5.78,5.83,5.86,5.75,25331894.0,150490011.0,0.5172413793103514,0.03000000000000025,0.009439818417617873,1.8965517241379366,2683514966.0
2024-11-27,5.81,5.89,5.89,5.71,25418328.0,150896507.0,1.0291595197255532,0.05999999999999961,0.009472027665971288,3.0874785591766676,2683514966.0
2024-11-28,5.88,5.85,5.92,5.84,23600604.0,142409497.0,-0.6791171477079749,-0.040000000000000036,0.008794660845576965,1.3582342954159605,2683514966.0
2024-11-29,5.84,5.91,5.95,5.83,25910235.0,156576034.0,1.0256410256410442,0.0600000000000005,0.009655334636952421,2.0512820512820533,2683514966.0
2024-12-02,5.91,5.93,5.97,5.87,34840771.0,211770129.0,0.33840947546530664,0.019999999999999574,0.01298325943452182,1.6920473773265592,2683514966.0
2024-12-03,5.93,5.96,5.98,5.9,31987074.0,194591987.0,0.5059021922428464,0.03000000000000025,0.011919841851181985,1.349072512647556,2683514966.0
2024-12-04,5.94,5.81,5.94,5.79,37530379.0,225290711.0,-2.5167785234899376,-0.15000000000000036,0.013985529976731272,2.516778523489939,2683514966.0
2024-12-05,5.79,5.84,5.85,5.78,15525389.0,92480198.0,0.5163511187607606,0.03000000000000025,0.00578546764102526,1.2048192771084234,2683514966.0
2024-12-06,5.84,5.91,5.91,5.79,28066700.0,168941221.0,1.1986301369863117,0.07000000000000028,0.010458931794904699,2.054794520547947,2683514966.0
2024-12-09,5.91,5.98,6.09,5.89,45786990.0,281434629.0,1.1844331641285955,0.07000000000000028,0.01706231959952483,3.384094754653133,2683514966.0
2024-12-10,6.18,6.2,6.37,6.14,99587367.0,637957212.0,3.678929765886285,0.21999999999999975,0.03711079247247246,3.8461538461538534,2683514966.0
2024-12-11,6.2,6.22,6.25,6.14,40361350.0,256522965.0,0.3225806451612856,0.019999999999999574,0.015040478816543332,1.774193548387102,2683514966.0
2024-12-12,6.23,6.31,6.35,6.13,49197391.0,315537936.0,1.4469453376205754,0.08999999999999986,0.01833319046971173,3.5369774919614105,2683514966.0
2024-12-13,6.3,6.07,6.3,6.07,41568205.0,261350073.0,-3.803486529318534,-0.23999999999999932,0.015490208002067091,3.645007923930262,2683514966.0
2024-12-16,6.07,5.94,6.1,5.91,30248915.0,185421766.0,-2.1416803953871466,-0.1299999999999999,0.011272124576628875,3.130148270181211,2683514966.0
2024-12-17,5.94,5.87,5.94,5.84,25823443.0,155434638.0,-1.1784511784511786,-0.07000000000000028,0.009622991981480158,1.6835016835016925,2683514966.0
2024-12-18,5.87,5.84,5.91,5.83,20089000.0,120693950.0,-0.5110732538330498,-0.03000000000000025,0.007486077124415784,1.3628620102214664,2683514966.0
2024-12-19,5.81,5.84,5.86,5.73,22349422.0,132416488.0,0.0,0.0,0.008328413399278952,2.226027397260272,2683514966.0
2024-12-20,5.83,5.84,5.86,5.81,14795462.0,88503965.0,0.0,0.0,0.005513463568289263,0.8561643835616561,2683514966.0
2024-12-23,5.84,5.74,5.9,5.74,19182242.0,113751479.0,-1.7123287671232834,-0.09999999999999964,0.007148177760526043,2.739726027397263,2683514966.0
2024-12-24,5.74,5.76,5.8,5.71,17291411.0,101887098.0,0.34843205574912606,0.019999999999999574,0.00644356793946794,1.5679442508710777,2683514966.0
2024-12-25,5.76,5.71,5.78,5.56,26959597.0,156304999.0,-0.868055555555558,-0.04999999999999982,0.010046374751613739,3.8194444444444557,2683514966.0
2024-12-26,5.69,5.67,5.73,5.6,25566760.0,148147123.0,-0.7005253940455369,-0.040000000000000036,0.009527340195202773,2.2767075306479994,2683514966.0
2024-12-27,5.66,5.71,5.76,5.63,17456780.0,102261292.0,0.7054673721340388,0.040000000000000036,0.006505191966945043,2.2927689594356244,2683514966.0
2024-12-30,5.69,5.64,5.72,5.63,17267362.0,100043248.0,-1.2259194395796924,-0.07000000000000028,0.006434606185833361,1.5761821366024493,2683514966.0
2024-12-31,5.65,5.48,5.67,5.45,23424862.0,133050232.0,-2.8368794326240954,-0.15999999999999925,0.008729165520029211,3.900709219858152,2683516763.0
2025-01-02,5.45,5.42,5.56,5.37,21694273.0,121632125.0,-1.0948905109489093,-0.0600000000000005,0.008084269604393002,3.467153284671524,2683516763.0
2025-01-03,5.47,5.31,5.5,5.29,19430977.0,107288839.0,-2.029520295202958,-0.11000000000000032,0.007240862910905543,3.8745387453874534,2683516763.0
2025-01-06,5.32,5.43,5.46,5.25,23218600.0,128195756.0,2.259887005649719,0.1200000000000001,0.008652302948181733,3.954802259887005,2683516763.0
2025-01-07,5.43,5.4,5.46,5.33,18047981.0,99616719.0,-0.5524861878452914,-0.02999999999999936,0.006725495904793049,2.3941068139963146,2683516763.0
2025-01-08,5.41,5.36,5.42,5.25,15853072.0,86456243.0,-0.7407407407407418,-0.040000000000000036,0.005907573307750566,3.1481481481481466,2683516763.0
2025-01-09,5.35,5.33,5.36,5.31,10311900.0,56352866.0,-0.5597014925373234,-0.03000000000000025,0.003842681417973315,0.9328358208955356,2683516763.0
2025-01-10,5.32,5.17,5.34,5.17,15640683.0,84083083.0,-3.001876172607887,-0.16000000000000014,0.00582842753794268,3.189493433395871,2683516763.0
2025-01-13,5.16,5.2,5.24,5.1,11066501.0,58760435.0,0.5802707930367523,0.03000000000000025,0.004123879959530553,2.7079303675048467,2683516763.0
2025-01-14,5.2,5.35,5.36,5.2,15853500.0,85884362.0,2.8846153846153744,0.14999999999999947,0.005907732799953447,3.0769230769230793,2683516763.0
2025-01-15,5.36,5.62,5.64,5.27,46633238.0,262327008.0,5.046728971962633,0.27000000000000046,0.017377658542317813,6.915887850467292,2683516763.0
2025-01-16,5.59,5.74,5.79,5.54,42794542.0,250408345.0,2.1352313167259718,0.1200000000000001,0.015947186389906668,4.448398576512456,2683516763.0
2025-01-17,5.6,5.62,5.68,5.44,42195725.0,240488501.0,-2.0905923344947785,-0.1200000000000001,0.015724040029035585,4.181184668989535,2683516763.0
2025-01-20,5.63,5.56,5.68,5.54,20667521.0,118726964.0,-1.067615658362997,-0.0600000000000005,0.0077016552625872306,2.4911032028469693,2683516763.0
2025-01-21,5.56,5.59,5.66,5.47,22204297.0,126720055.0,0.5395683453237377,0.03000000000000025,0.008274327668136874,3.417266187050367,2683516763.0
2025-01-22,5.58,5.47,5.59,5.44,15960703.0,89699820.0,-2.146690518783545,-0.1200000000000001,0.005947681497676562,2.683363148479418,2683516763.0
2025-01-23,5.52,5.47,5.58,5.47,14416400.0,81611254.0,0.0,0.0,0.005372204190699143,2.0109689213894026,2683516763.0
2025-01-24,5.46,5.5,5.52,5.45,14208400.0,80135130.0,0.5484460694698434,0.03000000000000025,0.00529469396126146,1.279707495429605,2683516763.0
2025-01-27,5.51,5.57,5.62,5.51,18914274.0,108176289.0,1.2727272727272698,0.07000000000000028,0.007048315948976988,2.0000000000000058,2683516763.0
2025-02-05,5.59,5.5,5.61,5.47,12956103.0,73279095.0,-1.2567324955116699,-0.07000000000000028,0.004828031327635869,2.5134649910233495,2683516763.0
2025-02-06,5.48,5.61,5.61,5.4,20635447.0,116769658.0,2.0000000000000018,0.11000000000000032,0.007689703036149806,3.818181818181818,2683516763.0
2025-02-07,5.56,5.83,5.83,5.56,39657050.0,233410337.0,3.9215686274509665,0.21999999999999975,0.014778014636161973,4.812834224598939,2683516763.0
2025-02-10,5.82,5.75,5.82,5.72,20095221.0,118463674.0,-1.3722126929674117,-0.08000000000000007,0.00748839033803345,1.7152658662092715,2683516763.0
2025-02-11,5.75,5.63,5.75,5.6,18935400.0,109646067.0,-2.086956521739136,-0.1200000000000001,0.007056188454299586,2.6086956521739193,2683516763.0
2025-02-12,5.61,5.65,5.66,5.58,13234035.0,76235308.0,0.355239786856143,0.020000000000000462,0.0049316013905593035,1.420959147424513,2683516763.0
2025-02-13,5.66,5.61,5.72,5.6,15921701.0,92420936.0,-0.707964601769917,-0.040000000000000036,0.0059331475843663285,2.123893805309736,2683516763.0
2025-02-14,5.61,5.55,5.65,5.52,19401423.0,110562221.0,-1.0695187165775444,-0.0600000000000005,0.007229849750709383,2.317290552584684,2683516763.0
2025-02-17,5.52,5.5,5.55,5.43,28779127.0,161562053.0,-0.9009009009009028,-0.04999999999999982,0.01072440738839536,2.162162162162164,2683516763.0
2025-02-18,5.49,5.46,5.54,5.44,19043203.0,107027956.0,-0.727272727272732,-0.040000000000000036,0.007096360739223003,1.818181818181812,2683516763.0
2025-02-19,5.44,5.52,5.58,5.44,19765990.0,111650401.0,1.098901098901095,0.05999999999999961,0.007365703942129613,2.564102564102558,2683516763.0
2025-02-20,5.51,5.5,5.52,5.46,17953569.0,100943499.0,-0.36231884057970065,-0.019999999999999574,0.006690313713535017,1.0869565217391235,2683516763.0
2025-02-21,5.5,5.51,5.56,5.48,23323776.0,131653573.0,0.1818181818181719,0.009999999999999787,0.008691496293813165,1.4545454545454397,2683516763.0
2025-02-24,5.51,5.6,5.62,5.5,26695600.0,152809655.0,1.6333938294010864,0.08999999999999986,0.009947990773926088,2.177858439201454,2683516763.0
2025-02-25,5.58,5.56,5.62,5.52,17303521.0,98905303.0,-0.7142857142857117,-0.040000000000000036,0.006448076359566232,1.7857142857142954,2683516763.0
2025-02-26,5.57,5.71,5.73,5.57,29564378.0,172266254.0,2.6978417266187105,0.15000000000000036,0.01101702750943464,2.8776978417266217,2683516763.0
2025-02-27,5.72,5.78,5.8,5.67,30800299.0,180991259.0,1.2259194395796813,0.07000000000000028,0.011477587703073349,2.2767075306479843,2683516763.0
2025-02-28,5.76,5.69,5.83,5.67,25756500.0,151845121.0,-1.557093425605538,-0.08999999999999986,0.009598039540921623,2.7681660899654004,2683516763.0
2025-03-03,5.7,5.76,5.82,5.67,21201305.0,125223353.0,1.2302284710017375,0.0699999999999994,0.00790056737946302,2.6362038664323433,2683516763.0
2025-03-04,5.74,5.74,5.76,5.68,14645950.0,85890151.0,-0.3472222222222099,-0.019999999999999574,0.0054577449270809715,1.3888888888888902,2683516763.0
2025-03-05,5.73,5.66,5.73,5.6,18018769.0,104356194.0,-1.3937282229965153,-0.08000000000000007,0.006714610189301061,2.264808362369352,2683516763.0
2025-03-06,5.66,5.69,5.74,5.64,18819011.0,109705313.0,0.5300353356890497,0.03000000000000025,0.007012816636539862,1.7667844522968292,2683516763.0
2025-03-07,5.66,5.76,5.81,5.66,22982157.0,135517793.0,1.2302284710017375,0.0699999999999994,0.00856419356751378,2.6362038664323277,2683516763.0
2025-03-10,5.74,5.73,5.76,5.66,18217287.0,106436526.0,-0.5208333333333259,-0.02999999999999936,0.006788586995683321,1.736111111111105,2683516763.0
2025-03-11,5.68,5.69,5.7,5.64,12797135.0,74325232.0,-0.6980802792321161,-0.040000000000000036,0.004768792644206784,1.0471204188481762,2683516763.0
2025-03-12,5.69,5.62,5.71,5.6,15566094.0,89774193.0,-1.2302284710017597,-0.07000000000000028,0.00580063229513726,1.933216168717053,2683516763.0
2025-03-13,5.62,5.57,5.63,5.54,11507238.0,65774502.0,-0.8896797153024827,-0.04999999999999982,0.004288118546028997,1.6014234875444813,2683516763.0
2025-03-14,5.59,5.65,5.66,5.56,14579113.0,84042950.0,1.4362657091562037,0.08000000000000007,0.00543283843090344,1.7953321364452517,2683516763.0
2025-03-17,5.65,5.93,6.0,5.65,67655384.0,409496110.0,4.955752212389375,0.27999999999999936,0.02521146315641629,6.194690265486719,2683516763.0
2025-03-18,5.93,5.91,5.94,5.85,23165271.0,139638582.0,-0.3372681281618828,-0.019999999999999574,0.008632430145173646,1.5177065767285118,2683516763.0
2025-03-19,5.89,5.82,5.91,5.79,16204569.0,96702708.0,-1.522842639593902,-0.08999999999999986,0.006038557024657573,2.0304568527918803,2683516763.0
2025-03-20,5.82,5.77,5.85,5.76,12488300.0,74120060.0,-0.85910652920963,-0.05000000000000071,0.0046537067225318465,1.546391752577317,2683516763.0
2025-03-21,5.77,5.73,5.81,5.71,11847900.0,69883357.0,-0.6932409012131546,-0.03999999999999915,0.004415064650743901,1.733102253032923,2683516763.0
2025-03-24,5.76,5.88,5.91,5.69,32516913.0,193425135.0,2.617801047120416,0.14999999999999947,0.012117275900169214,3.8394415357766096,2683516763.0
2025-03-25,5.83,5.76,5.84,5.72,22417136.0,132425772.0,-2.0408163265306145,-0.1200000000000001,0.008353641128344984,2.040816326530614,2683516763.0
2025-03-26,5.74,5.74,5.82,5.71,13691617.0,80688571.0,-0.3472222222222099,-0.019999999999999574,0.0051021171877061984,1.9097222222222279,2683516763.0
2025-03-27,5.72,5.7,5.76,5.66,11314650.0,66115983.0,-0.6968641114982632,-0.040000000000000036,0.004216351526476378,1.7421602787456383,2683516763.0
2025-03-28,5.7,5.63,5.72,5.6,16103721.0,93147674.0,-1.2280701754386003,-0.07000000000000028,0.006000976488030978,2.1052631578947385,2683516763.0
2025-03-31,5.6,5.57,5.63,5.51,13044608.0,74344420.0,-1.0657193605683735,-0.05999999999999961,0.004861011716002537,2.131438721136769,2683517087.0
2025-04-01,5.57,5.61,5.64,5.56,7408426.0,42563315.0,0.7181328545780907,0.040000000000000036,0.0027607150466413257,1.4362657091561952,2683517087.0
2025-04-02,5.63,5.63,5.69,5.59,9831700.0,56770245.0,0.35650623885916666,0.019999999999999574,0.0036637366863168405,1.7825311942959097,2683517087.0
2025-04-03,5.6,5.64,5.68,5.58,9060023.0,52300938.0,0.1776198934280604,0.009999999999999787,0.0033761748877584098,1.776198934280633,2683517087.0
2025-04-07,5.46,5.17,5.48,5.08,34787288.0,186844499.0,-8.333333333333325,-0.46999999999999975,0.012963318984821504,7.0921985815602895,2683517087.0
2025-04-08,5.12,5.28,5.34,5.12,20025276.0,108336898.0,2.1276595744680993,0.11000000000000032,0.007462324759178998,4.255319148936165,2683517087.0
2025-04-09,5.27,5.3,5.35,5.11,16916900.0,90887502.0,0.37878787878786735,0.019999999999999574,0.006304003086826627,4.5454545454545325,2683517087.0
2025-04-10,5.37,5.33,5.42,5.3,15477133.0,84972781.0,0.5660377358490676,0.03000000000000025,0.005767480697245138,2.264150943396228,2683517087.0
2025-04-11,5.3,5.33,5.43,5.27,10659200.0,58440843.0,0.0,0.0,0.003972100662834348,3.001876172607883,2683517087.0
2025-04-14,5.33,5.37,5.39,5.32,11962100.0,65572978.0,0.7504690431519689,0.040000000000000036,0.004457620209667776,1.313320825515936,2683517087.0
2025-04-15,5.36,5.33,5.36,5.29,10041700.0,54663578.0,-0.7448789571694592,-0.040000000000000036,0.0037419921969738513,1.3035381750465602,2683517087.0
2025-04-16,5.31,5.34,5.37,5.29,10266800.0,56136770.0,0.18761726078799779,0.009999999999999787,0.0038258746514923904,1.5009380863039414,2683517087.0
2025-04-17,5.33,5.32,5.42,5.31,11066159.0,60905162.0,-0.3745318352059823,-0.019999999999999574,0.004123752016936571,2.0599250936329647,2683517087.0
2025-04-18,5.32,5.34,5.36,5.27,6941590.0,37837897.0,0.3759398496240518,0.019999999999999574,0.002586750810579057,1.6917293233082844,2683517087.0
2025-04-21,5.34,5.36,5.41,5.32,6948426.0,38233933.0,0.3745318352059934,0.020000000000000462,0.0025892982137735872,1.6853932584269637,2683517087.0
2025-04-22,5.37,5.35,5.39,5.32,8189953.0,44850244.0,-0.1865671641791189,-0.010000000000000675,0.003051947401294859,1.3059701492537201,2683517087.0
2025-04-23,5.37,5.29,5.38,5.28,14600079.0,79471084.0,-1.121495327102795,-0.05999999999999961,0.0054406506560843075,1.8691588785046664,2683517087.0
2025-04-24,5.29,5.23,5.3,5.22,11677688.0,62855338.0,-1.1342155009451682,-0.05999999999999961,0.004351635417777386,1.5122873345935741,2683517087.0
2025-04-25,5.26,5.43,5.48,5.26,31073715.0,172056364.0,3.824091778202665,0.1999999999999993,0.011579473501597272,4.206500956022956,2683517087.0
2025-04-28,5.43,5.31,5.44,5.29,15470000.0,84616360.0,-2.209944751381221,-0.1200000000000001,0.005764822618399821,2.762430939226526,2683517087.0
2025-04-29,5.28,5.32,5.33,5.28,7681468.0,41792355.0,0.18832391713747842,0.010000000000000675,0.0028624628615975716,0.9416195856873789,2683517087.0
2025-04-30,5.32,5.28,5.36,5.28,11486558.0,62539483.0,-0.7518796992481258,-0.040000000000000036,0.004280411723720841,1.5037593984962419,2683517087.0
2025-05-06,5.32,5.38,5.39,5.29,14614513.0,80135686.0,1.8939393939393812,0.09999999999999964,0.005446029418183466,1.8939393939393872,2683517087.0
2025-05-07,5.42,5.37,5.48,5.34,18063607.0,99627242.0,-0.18587360594795044,-0.009999999999999787,0.006731318048059815,2.602230483271386,2683517087.0
2025-05-08,5.36,5.38,5.39,5.33,11880461.0,65394561.0,0.18621973929235924,0.009999999999999787,0.00442719782093193,1.1173184357541828,2683517087.0
2025-05-09,5.38,5.33,5.39,5.31,11908899.0,65143038.0,-0.9293680297397744,-0.04999999999999982,0.004437795107656044,1.4869888475836444,2683517087.0
2025-05-12,5.35,5.35,5.36,5.31,14905300.0,81371001.0,0.37523452157597337,0.019999999999999574,0.0055543898237902295,0.9380863039399757,2683517087.0
2025-05-13,5.38,5.31,5.39,5.3,22646400.0,123709067.0,-0.747663551401867,-0.040000000000000036,0.008439074269252082,1.6822429906542031,2683517087.0
2025-05-14,5.3,5.31,5.34,5.24,22774453.0,123215322.0,0.0,0.0,0.008486792616424283,1.8832391713747578,2683517087.0
2025-05-15,5.31,5.27,5.32,5.25,13284300.0,71757462.0,-0.7532956685499026,-0.040000000000000036,0.004950331810575872,1.3182674199623405,2683517087.0
2025-05-16,5.26,5.26,5.29,5.25,8068600.0,43503798.0,-0.1897533206831059,-0.009999999999999787,0.0030067257775579052,0.7590132827324485,2683517087.0
2025-05-19,5.25,5.27,5.27,5.21,9104368.0,48942231.0,0.1901140684410496,0.009999999999999787,0.003392699843092149,1.1406844106463805,2683517087.0
2025-05-20,5.27,5.26,5.28,5.24,10139886.0,54626609.0,-0.1897533206831059,-0.009999999999999787,0.0037785807473041813,0.7590132827324485,2683517087.0
2025-05-21,5.26,5.26,5.27,5.24,8665907.0,46663115.0,0.0,0.0,0.0032293094171007976,0.5703422053231818,2683517087.0
2025-05-22,5.25,5.18,5.25,5.17,13695523.0,73075268.0,-1.520912547528519,-0.08000000000000007,0.00510357212418972,1.5209125475285186,2683517087.0
2025-05-23,5.17,5.14,5.2,5.13,12602064.0,66795244.0,-0.7722007722007707,-0.040000000000000036,0.00469609977929684,1.351351351351357,2683517087.0
2025-05-26,5.13,5.12,5.17,5.1,10977300.0,57776240.0,-0.38910505836574627,-0.019999999999999574,0.004090639129215278,1.3618677042801612,2683517087.0
2025-05-27,5.11,5.09,5.12,5.06,15569968.0,81021221.0,-0.5859375,-0.03000000000000025,0.005802075222634869,1.1718750000000098,2683517087.0
2025-05-28,5.1,5.07,5.1,5.05,10390500.0,53963998.0,-0.39292730844793233,-0.019999999999999574,0.0038719708737222584,0.9823182711198394,2683517087.0
2025-05-29,5.07,5.15,5.16,5.05,17209899.0,90405873.0,1.5779092702169706,0.08000000000000007,0.006413187783812312,2.1696252465483297,2683517087.0
2025-05-30,5.13,5.1,5.15,5.1,11318269.0,59374559.0,-0.9708737864077777,-0.05000000000000071,0.004217699620706756,0.9708737864077808,2683517087.0
2025-06-03,5.12,5.1,5.14,5.09,16471052.0,86121028.0,0.0,0.0,0.0061378599300865935,0.9803921568627416,2683517087.0
2025-06-04,5.1,5.1,5.1,5.08,19319755.0,100756544.0,0.0,0.0,0.0071994156823492585,0.3921568627450897,2683517087.0
2025-06-05,5.1,5.08,5.1,5.05,18196300.0,94488955.0,-0.39215686274508554,-0.019999999999999574,0.006780765469372247,0.9803921568627416,2683517087.0
2025-06-06,5.09,5.1,5.1,5.07,14685595.0,76486144.0,0.3937007874015741,0.019999999999999574,0.005472517790604998,0.5905511811023496,2683517087.0
2025-06-09,5.1,5.1,5.1,5.07,15393760.0,80273956.0,0.0,0.0,0.005736412141578437,0.5882352941176345,2683517087.0
2025-06-10,5.1,5.06,5.1,5.03,21003288.0,108936821.0,-0.7843137254901933,-0.040000000000000036,0.00782677632341083,1.3725490196078314,2683517087.0
2025-06-11,5.06,5.07,5.1,5.05,15859222.0,82422067.0,0.19762845849804478,0.010000000000000675,0.005909864363013836,0.9881422924901151,2683517087.0
2025-06-12,5.08,5.04,5.08,5.03,15802650.0,81586252.0,-0.591715976331364,-0.03000000000000025,0.005888783073733415,0.986193293885598,2683517087.0
2025-06-13,5.04,4.95,5.04,4.94,21283387.0,108392781.0,-1.7857142857142794,-0.08999999999999986,0.00793115389617044,1.984126984126977,2683517087.0
2025-06-16,4.9,4.92,4.96,4.9,15323506.0,77244078.0,-0.60606060606061,-0.03000000000000025,0.0057102323194560675,1.2121212121212042,2683517087.0
2025-06-17,4.91,4.93,4.97,4.9,17453987.0,88165792.0,0.20325203252031798,0.009999999999999787,0.0065041460270754,1.4227642276422643,2683517087.0
2025-06-18,4.92,4.91,4.96,4.9,16656162.0,83898620.0,-0.40567951318457585,-0.019999999999999574,0.006206840299504305,1.2170385395537446,2683517087.0
2025-06-19,4.92,4.82,4.93,4.81,23080957.0,115041684.0,-1.8329938900203624,-0.08999999999999986,0.008600824667803745,2.4439918533604907,2683574877.0
2025-06-20,4.82,4.9,4.91,4.82,23935770.0,119713877.0,1.6597510373443924,0.08000000000000007,0.008919359845385824,1.867219917012445,2683574877.0
2025-06-23,4.88,4.85,4.88,4.83,18913400.0,93947664.0,-1.0204081632653184,-0.05000000000000071,0.007047837629611257,1.0204081632653024,2683574877.0
2025-06-24,4.85,4.9,4.9,4.84,17387713.0,86996093.0,1.030927835051565,0.05000000000000071,0.006479309800156547,1.237113402061866,2683574877.0
2025-06-25,4.91,4.96,4.96,4.89,26300100.0,132668922.0,1.2244897959183598,0.05999999999999961,0.009800397307863156,1.4285714285714342,2683574877.0
2025-06-26,4.97,4.91,4.97,4.89,27958622.0,139891287.0,-1.0080645161290258,-0.04999999999999982,0.010418424408286038,1.6129032258064528,2683574877.0
2025-06-27,4.92,4.94,4.96,4.91,17245221.0,86592085.0,0.6109979633401208,0.03000000000000025,0.006426211971129583,1.0183299389002,2683574877.0
2025-06-30,4.93,4.93,4.95,4.91,23003607.0,115120550.0,-0.2024291497975894,-0.010000000000000675,0.00857200117543059,0.8097165991902842,2683574877.0
2025-07-01,4.95,5.02,5.06,4.93,53257048.0,270641891.0,1.8255578093306246,0.08999999999999986,0.019845560657333578,2.636916835699795,2683574877.0
2025-07-02,5.09,5.35,5.37,5.06,115065771.0,611775688.0,6.573705179282863,0.33000000000000007,0.04287779408958895,6.175298804780887,2683574877.0
2025-07-03,5.29,5.41,5.43,5.25,84587089.0,458974829.0,1.1214953271028172,0.0600000000000005,0.031520301417697315,3.3644859813084063,2683574877.0
2025-07-04,5.39,5.43,5.5,5.3,79115656.0,434627096.0,0.3696857670979492,0.019999999999999574,0.029481441594223123,3.6968576709796706,2683574877.0
2025-07-07,5.46,5.44,5.5,5.37,47722153.0,263029123.0,0.18416206261511192,0.010000000000000675,0.017783052527809158,2.3941068139963146,2683574877.0
2025-07-08,5.4,5.59,5.62,5.38,75278751.0,423467842.0,2.7573529411764497,0.14999999999999947,0.02805166781265854,4.411764705882357,2683574877.0
2025-07-09,5.57,5.53,5.59,5.46,60624071.0,339906339.0,-1.073345259391767,-0.05999999999999961,0.02259078795214105,2.3255813953488356,2683574877.0
2025-07-10,5.51,5.71,5.79,5.49,80057105.0,464624299.0,3.2549728752260254,0.17999999999999972,0.02983226057381219,5.424954792043396,2683574877.0
2025-07-11,5.78,5.69,5.81,5.65,46654744.0,271267871.0,-0.3502626970227629,-0.019999999999999574,0.017385296158442164,2.8021015761821233,2683574877.0
2025-07-14,5.67,5.81,5.83,5.65,51601172.0,302658350.0,2.1089630931458547,0.11999999999999922,0.01922851955511134,3.1634446397187994,2683574877.0
2025-07-15,5.78,5.82,5.86,5.73,39198675.0,230653821.0,0.1721170395869276,0.010000000000000675,0.014606887005821377,2.2375215146299468,2683574877.0
2025-07-16,5.8,5.74,5.83,5.7,27831666.0,162481892.0,-1.3745704467354014,-0.08000000000000007,0.010371115871793131,2.233676975945015,2683574877.0
2025-07-17,5.72,5.99,6.01,5.7,61115458.0,365543806.0,4.355400696864109,0.25,0.02277389705940372,5.400696864111492,2683574877.0
2025-07-18,5.96,5.95,5.99,5.89,27528695.0,165917390.0,-0.6677796327211993,-0.040000000000000036,0.010258217587270996,1.6694490818030139,2683574877.0
2025-07-21,6.02,6.17,6.19,5.98,51611210.0,319495705.0,3.6974789915966255,0.21999999999999975,0.019232260087967728,3.529411764705882,2683574877.0
2025-07-22,6.16,6.34,6.4,6.06,79149045.0,502669739.0,2.7552674230145957,0.16999999999999993,0.029493883579832007,5.510534846029186,2683574877.0
2025-07-23,6.34,6.29,6.52,6.27,63934371.0,414488401.0,-0.7886435331230235,-0.04999999999999982,0.023824329087278155,3.943217665615142,2683574877.0
2025-07-24,6.22,6.61,6.62,6.21,66223822.0,433816207.0,5.087440381558039,0.3200000000000003,0.024677463844061765,6.518282988871227,2683574877.0
2025-07-25,6.61,6.56,6.86,6.51,71079795.0,481258057.0,-0.7564296520423675,-0.05000000000000071,0.0264869803370126,5.295007564296529,2683574877.0
2025-07-28,6.39,6.45,6.62,6.21,76406564.0,494593780.0,-1.6768292682926789,-0.10999999999999943,0.028471932963322344,6.250000000000003,2683574877.0
2025-07-29,6.36,6.33,6.39,6.23,53857093.0,344459373.0,-1.8604651162790753,-0.1200000000000001,0.02006915978443183,2.480620155038748,2683574877.0
2025-07-30,6.37,6.31,6.7,6.31,78511419.0,517991306.0,-0.3159557661927437,-0.020000000000000462,0.029256280371714034,6.161137440758303,2683574877.0
2025-07-31,6.33,6.12,6.35,6.05,68549414.0,427004534.0,-3.011093502377171,-0.1899999999999995,0.025544066084204887,4.754358161648175,2683574877.0
2025-08-01,6.08,6.08,6.16,6.07,24375228.0,150949321.0,-0.6535947712418277,-0.040000000000000036,0.009083118272164388,1.4705882352941153,2683574877.0
2025-08-04,6.06,6.06,6.1,5.92,48795701.0,296833155.0,-0.328947368421062,-0.020000000000000462,0.018183096517340066,2.960526315789469,2683574877.0
2025-08-05,6.1,6.12,6.15,6.06,25977032.0,160803939.0,0.990099009900991,0.0600000000000005,0.009680010132245696,1.4851485148514976,2683574877.0
2025-08-06,6.11,6.02,6.11,6.0,30105993.0,184683278.0,-1.6339869281045805,-0.10000000000000053,0.011218614862595466,1.7973856209150378,2683574877.0
2025-08-07,6.02,5.95,6.04,5.89,29425025.0,177701552.0,-1.1627906976744096,-0.0699999999999994,0.01096486081017966,2.4916943521594743,2683574877.0
2025-08-08,5.91,5.99,6.06,5.91,22519890.0,137179228.0,0.6722689075630228,0.040000000000000036,0.008391750195983073,2.5210084033613356,2683574877.0
2025-08-11,6.02,6.06,6.09,6.02,23336300.0,143385874.0,1.1686143572620988,0.0699999999999994,0.008695974984714392,1.1686143572621082,2683574877.0
2025-08-12,6.11,6.13,6.18,6.0,40186203.0,249695532.0,1.1551155115511635,0.07000000000000028,0.014974876737899942,2.970297029702966,2683574877.0
2025-08-13,6.13,6.13,6.16,6.09,24673795.0,153379515.0,0.0,0.0,0.00919437546217571,1.1419249592169702,2683574877.0
2025-08-14,6.14,5.97,6.16,5.95,33348100.0,204351300.0,-2.610114192495927,-0.16000000000000014,0.012426744744786191,3.4257748776508965,2683574877.0
2025-08-15,5.95,6.23,6.24,5.92,48075259.0,300631587.0,4.355108877721947,0.2600000000000007,0.01791463298156372,5.360134003350089,2683574877.0
2025-08-18,6.25,6.23,6.31,6.16,43500081.0,276349899.0,0.0,0.0,0.016209751169167768,2.407704654895657,2683574877.0
2025-08-19,6.21,6.13,6.27,6.11,28000969.0,175160929.0,-1.605136436597121,-0.10000000000000053,0.010434204478506154,2.568218298555365,2683574877.0
2025-08-20,6.11,6.15,6.16,6.08,24795747.0,154232561.0,0.32626427406199365,0.020000000000000462,0.009239819321799382,1.305057096247962,2683574877.0
2025-08-21,6.14,6.13,6.21,6.11,28453052.0,178094960.0,-0.3252032520325243,-0.020000000000000462,0.010602667450743168,1.6260162601625958,2683574877.0
2025-08-22,6.13,6.24,6.25,6.11,35979419.0,225912796.0,1.794453507340954,0.11000000000000032,0.013407272257751129,2.2838499184339263,2683574877.0
2025-08-25,6.29,6.29,6.4,6.25,40781806.0,261872003.0,0.8012820512820484,0.04999999999999982,0.015196820610271349,2.4038461538461595,2683574877.0
2025-08-26,6.3,6.28,6.33,6.2,25153171.0,160281865.0,-0.15898251192368873,-0.009999999999999787,0.009373008823260049,2.0667726550079477,2683574877.0
2025-08-27,6.28,6.07,6.32,6.07,42238840.0,265573175.0,-3.343949044585992,-0.20999999999999996,0.015739765773638222,3.9808917197452227,2683574877.0
2025-08-28,6.09,6.27,6.32,6.09,56257964.0,355742462.0,3.2948929159802187,0.1999999999999993,0.02096381378517429,3.789126853377272,2683574877.0
2025-08-29,6.32,6.25,6.35,6.2,34778133.0,221005168.0,-0.31897926634768536,-0.019999999999999574,0.012959628329386838,2.392344497607647,2683574877.0
2025-09-01,6.2,6.35,6.42,6.1,50364110.0,318355439.0,1.6000000000000014,0.09999999999999964,0.018767544155988906,5.1200000000000045,2683574877.0
2025-09-02,6.4,6.23,6.41,6.12,41399356.0,261410511.0,-1.8897637795275424,-0.11999999999999922,0.015426942752676545,4.5669291338582685,2683574877.0
2025-09-03,6.25,6.19,6.31,6.13,26351649.0,166445246.0,-0.6420545746388395,-0.040000000000000036,0.009819606386186928,2.8892455858747947,2683574877.0
2025-09-04,6.19,6.34,6.4,6.16,55782955.0,356700716.0,2.4232633279482885,0.14999999999999947,0.020786807731021994,3.877221324717289,2683574877.0
2025-09-05,6.36,6.53,6.54,6.31,61448777.0,403908558.0,2.9968454258675115,0.1900000000000004,0.02289810413961481,3.6277602523659374,2683574877.0
2025-09-08,6.55,6.72,6.77,6.54,56662636.0,384501164.0,2.9096477794793074,0.1899999999999995,0.02111460965208611,3.5222052067381244,2683574877.0
2025-09-09,6.72,6.8,6.88,6.68,55491777.0,383047748.0,1.1904761904761862,0.08000000000000007,0.02067830395775463,2.976190476190479,2683574877.0
2025-09-10,6.76,6.59,6.77,6.55,52813858.0,356008730.0,-3.088235294117647,-0.20999999999999996,0.019680411548285634,3.235294117647055,2683574877.0
2025-09-11,6.6,6.64,6.65,6.52,33821944.0,226008345.0,0.7587253414264028,0.04999999999999982,0.012603316676525885,1.9726858877086615,2683574877.0
2025-09-12,6.63,6.61,6.69,6.53,33235000.0,222878680.0,-0.45180722891565717,-0.02999999999999936,0.012384599470223762,2.40963855421687,2683574877.0
2025-09-15,6.6,6.58,6.67,6.56,26637015.0,178559469.0,-0.45385779122542047,-0.03000000000000025,0.009925944391675717,1.6641452344931968,2683574877.0
2025-09-16,6.67,6.66,6.94,6.56,44830339.0,305486352.0,1.2158054711246313,0.08000000000000007,0.016705454870749262,5.775075987841957,2683574877.0
2025-09-17,6.64,6.68,6.68,6.54,27062940.0,181574601.0,0.30030030030030463,0.019999999999999574,0.010084659918360087,2.1021021021020974,2683574877.0
2025-09-18,6.64,6.4,6.65,6.36,46949488.0,309264983.0,-4.191616766467055,-0.27999999999999936,0.017495128756193076,4.341317365269462,2683574877.0
2025-09-19,6.42,6.53,6.56,6.34,28294167.0,185373033.0,2.0312499999999956,0.1299999999999999,0.010543460979046869,3.437499999999996,2683574877.0
2025-09-22,6.52,6.42,6.52,6.33,23933699.0,155831111.0,-1.6845329249617236,-0.11000000000000032,0.008918588113612005,2.9096477794793185,2683574877.0
2025-09-23,6.4,6.27,6.43,6.17,23137817.0,147320973.0,-2.336448598130847,-0.15000000000000036,0.00862201282263681,4.049844236760122,2683574877.0
2025-09-24,6.27,6.51,6.6,6.21,36141027.0,236061288.0,3.8277511961722466,0.2400000000000002,0.01346747679448088,6.220095693779899,2683578190.0
2025-09-25,6.58,6.71,6.78,6.55,61684374.0,420305415.0,3.0721966205837115,0.20000000000000018,0.022985867983969566,3.5330261136712817,2683578190.0
2025-09-26,6.67,6.72,6.8,6.64,36868608.0,252530919.0,0.14903129657226621,0.009999999999999787,0.013738600252970457,2.384500745156485,2683578190.0
2025-09-29,6.73,6.93,7.0,6.64,59206299.0,413891892.0,3.125,0.20999999999999996,0.022062446035902534,5.357142857142862,2683578190.0
2025-09-30,6.9,7.07,7.09,6.87,44411177.0,315904632.0,2.020202020202033,0.14000000000000057,0.0165492390590639,3.174603174603171,2683578190.0
2025-10-09,7.14,7.05,7.17,6.9,42777079.0,304549072.0,-0.28288543140029265,-0.020000000000000462,0.01594031400292458,3.8189533239038127,2683578190.0
2025-10-10,7.01,7.04,7.27,6.99,38298741.0,276582592.0,-0.14184397163120588,-0.009999999999999787,0.014271520443382348,3.97163120567375,2683578190.0
2025-10-13,6.8,7.01,7.04,6.79,32611378.0,230953194.0,-0.42613636363636465,-0.03000000000000025,0.012152199671886587,3.5511363636363638,2683578190.0
2025-10-14,7.05,7.17,7.41,7.03,53401838.0,392093284.0,2.2824536376604865,0.16000000000000014,0.01989949023993223,5.420827389443651,2683578190.0
2025-10-15,7.17,7.29,7.43,7.12,53078059.0,393709562.0,1.673640167364021,0.1200000000000001,0.019778838268170604,4.323570432357037,2683578190.0
2025-10-16,7.27,7.03,7.27,6.97,49938420.0,357774973.0,-3.566529492455417,-0.2599999999999998,0.01860889322550352,4.115226337448557,2683578190.0
2025-10-17,7.03,6.98,7.12,6.95,28320856.0,201475597.0,-0.7112375533428139,-0.04999999999999982,0.01055339326632402,2.4182076813655753,2683578190.0
2025-10-20,6.97,6.89,7.01,6.77,42356915.0,295333546.0,-1.2893982808023008,-0.09000000000000075,0.015783745432809616,3.4383954154727823,2683578190.0
2025-10-21,6.91,6.85,6.93,6.84,23049559.0,160782347.0,-0.5805515239477477,-0.040000000000000036,0.008589113999320438,1.3062409288824361,2683578190.0
2025-10-22,6.83,6.76,6.85,6.75,22740531.0,156925345.0,-1.31386861313868,-0.08999999999999986,0.008473958793054582,1.459854014598535,2683578190.0
2025-10-23,6.73,6.75,6.76,6.58,27589800.0,186588719.0,-0.14792899408283544,-0.009999999999999787,0.010280974894940549,2.66272189349112,2683578190.0
2025-10-24,6.74,6.76,6.8,6.67,23710022.0,162032717.0,0.1481481481481417,0.009999999999999787,0.008835226820799284,1.9259259259259243,2683578190.0
2025-10-27,6.82,6.99,6.99,6.81,36837122.0,258782181.0,3.4023668639053373,0.23000000000000043,0.013726867410559779,2.6627218934911334,2683578190.0
2025-10-28,7.0,6.98,7.06,6.89,24783297.0,175574798.0,-0.14306151645206988,-0.009999999999999787,0.009235168586610104,2.4320457796852635,2683578190.0
2025-10-29,7.02,7.21,7.22,6.99,41043090.0,297866443.0,3.2951289398280625,0.22999999999999954,0.01529416588379711,3.2951289398280736,2683578190.0
2025-10-30,7.21,7.1,7.27,7.05,37328400.0,270207337.0,-1.5256588072122046,-0.11000000000000032,0.013909935674354248,3.051317614424407,2683578190.0
2025-10-31,7.07,6.99,7.14,6.99,28856255.0,206276062.0,-1.5492957746478742,-0.10999999999999943,0.010752902638547676,2.112676056338021,2683578190.0
2025-11-03,6.97,7.0,7.04,6.87,30372454.0,214070842.0,0.14306151645206988,0.009999999999999787,0.01131789418813245,2.4320457796852635,2683578190.0
2025-11-04,6.9,6.84,6.96,6.79,30725460.0,214605070.0,-2.285714285714291,-0.16000000000000014,0.011449437215764524,2.4285714285714275,2683578190.0
2025-11-05,6.77,6.96,6.97,6.76,38330978.0,268361808.0,1.7543859649122862,0.1200000000000001,0.014122153566838271,3.0701754385964906,2714244525.0
2025-11-06,6.8,6.87,6.9,6.41,97081785.0,655982483.0,-1.2931034482758563,-0.08999999999999986,0.03576751619311086,7.040229885057474,2714244525.0
2025-11-07,6.67,6.76,6.84,6.63,73473328.0,503563428.0,-1.6011644832605532,-0.11000000000000032,0.02706953162224763,3.0567685589519646,2714244525.0
2025-11-10,6.76,6.75,6.81,6.68,43937633.0,300861836.0,-0.14792899408283544,-0.009999999999999787,0.0157577359573571,1.9230769230769214,2788321439.0000005
2025-11-11,6.73,6.63,6.76,6.63,33864520.0,229949188.0,-1.7777777777777781,-0.1200000000000001,0.012145127719616546,1.9259259259259243,2788321439.0000005
2025-11-12,6.59,6.45,6.65,6.36,54994748.0,362069803.0,-2.714932126696823,-0.17999999999999972,0.019723245401621715,4.374057315233786,2788321439.0000005
2025-11-13,6.45,6.46,6.55,6.4,33080424.0,217662260.0,0.15503875968991832,0.009999999999999787,0.011863920542770677,2.325581395348829,2788321439.0000005
2025-11-14,6.46,6.48,6.59,6.43,26794371.0,176860127.0,0.3095975232198178,0.020000000000000462,0.009609498612760189,2.4767801857585163,2788321439.0000005
2025-11-17,6.5,6.4,6.5,6.33,27474640.0,178562926.0,-1.2345679012345734,-0.08000000000000007,0.009853469408409908,2.6234567901234556,2788321439.0000005
2025-11-18,6.39,6.16,6.39,6.14,41094697.0,260276490.0,-3.749999999999998,-0.2400000000000002,0.014738149061730179,3.90625,2788321439.0000005
2025-11-19,6.16,6.08,6.23,6.05,29438314.0,182620815.0,-1.2987012987012991,-0.08000000000000007,0.010557718915849858,2.9220779220779316,2788321439.0000005
2025-11-20,6.09,6.08,6.17,6.04,23146018.0,143207763.0,0.0,0.0,0.0081084282252826,2.1381578947368403,2854562852.0
2025-11-21,6.05,5.78,6.08,5.76,47558054.0,284960575.0,-4.934210526315786,-0.2999999999999998,0.01666036323799256,5.263157894736847,2854562852.0
2025-11-24,5.82,5.64,5.83,5.62,69274591.0,399387174.0,-2.422145328719738,-0.14000000000000057,0.0242680209165701,3.633217993079584,2854562852.0
2025-11-25,5.67,5.7,5.74,5.64,41712745.0,241616581.0,1.0638297872340496,0.0600000000000005,0.014612656004675002,1.7730496453900804,2854562852.0
2025-11-26,5.67,5.68,5.72,5.63,37088691.0,213890736.0,-0.35087719298246833,-0.020000000000000462,0.01266024441741967,1.5789473684210502,2929539887.0
2025-11-27,5.67,5.88,5.9,5.59,73437630.0,430853517.0,3.5211267605633756,0.20000000000000018,0.025067974095824282,5.457746478873248,2929539887.0
2025-11-28,5.81,6.01,6.13,5.81,77398342.0,473439345.0,2.2108843537415046,0.1299999999999999,0.02616220428664346,5.442176870748304,2958402937.0
2025-12-01,6.03,6.11,6.16,5.99,51270616.0,317817560.0,1.6638935108153063,0.10000000000000053,0.017330504698589676,2.828618968386022,2958402937.0
2025-12-02,6.11,6.11,6.15,5.96,41522513.0,255866521.0,0.0,0.0,0.014034259097994722,3.109656301145669,2958653728.0
2025-12-03,6.11,6.09,6.18,6.08,26434389.0,164487506.0,-0.327332242225864,-0.020000000000000462,0.00893460047380036,1.6366612111292904,2958653728.0
2025-12-04,6.09,6.13,6.15,6.03,26318375.0,163124334.0,0.6568144499178974,0.040000000000000036,0.008895388720528231,1.9704433497536964,2958653728.0
2025-12-05,6.11,6.14,6.16,6.07,28755360.0,178625773.0,0.16313213703098572,0.009999999999999787,0.009719069091413459,1.4681892332789537,2958653728.0
2025-12-08,6.16,6.01,6.18,6.01,43876866.0,270271603.0,-2.1172638436482094,-0.1299999999999999,0.014830010549987551,2.76872964169381,2958653728.0
2025-12-09,6.01,5.94,6.07,5.91,33401599.0,203450132.0,-1.1647254575707033,-0.0699999999999994,0.011289458676388912,2.662229617304495,2958653728.0
2025-12-10,5.94,5.91,5.95,5.82,43806746.0,261398017.0,-0.5050505050505083,-0.03000000000000025,0.01480631058154028,2.1885521885521864,2958653728.0
2025-12-11,5.93,5.93,6.03,5.82,42073912.0,253988751.0,0.33840947546530664,0.019999999999999574,0.014220627308232266,3.5532994923857864,2958653728.0
2025-12-12,5.91,6.01,6.12,5.91,122483910.0,753235651.0,1.3490725126475533,0.08000000000000007,0.041398528270084875,3.541315345699831,2958653728.0
2025-12-15,6.01,6.07,6.16,5.93,68821874.0,423703488.0,0.9983361064891838,0.0600000000000005,0.023261212810639528,3.826955074875215,2958653728.0
2025-12-16,6.07,5.85,6.08,5.82,45884797.0,274885028.0,-3.6243822075782695,-0.22000000000000064,0.015508674288497204,4.283360790774296,2958653728.0
2025-12-17,5.88,5.85,5.96,5.76,32449901.0,192656442.0,0.0,0.0,0.010967792781190243,3.4188034188034218,2958653728.0
2025-12-18,5.82,5.86,5.94,5.79,25318075.0,151324405.0,0.17094017094019254,0.010000000000000675,0.00855729575935018,2.56410256410257,2958653728.0
2025-12-19,5.87,5.83,5.9,5.81,37671110.0,223546750.0,-0.5119453924914752,-0.03000000000000025,0.012732517375551426,1.5358361774744154,2958653728.0
2025-12-22,5.83,5.76,5.84,5.76,29355381.0,172987007.0,-1.2006861063464935,-0.07000000000000028,0.009921871127461658,1.3722126929674112,2958653728.0
2025-12-23,5.77,5.79,5.9,5.74,34482474.0,203795519.0,0.5208333333333481,0.03000000000000025,0.01165478530781281,2.7777777777777803,2958653728.0
2025-12-24,5.79,5.9,5.93,5.76,48226225.0,287200198.0,1.899827288428324,0.11000000000000032,0.016300057199529094,2.936096718480137,2958653728.0
2025-12-25,5.88,5.98,6.04,5.79,55095631.0,331547642.0,1.3559322033898313,0.08000000000000007,0.01862185847522066,4.23728813559322,2958653728.0
2025-12-26,5.97,6.01,6.11,5.96,36163902.0,221761745.0,0.5016722408026641,0.02999999999999936,0.012223093786796804,2.5083612040133834,2958653728.0
2025-12-29,6.04,5.97,6.08,5.93,33442690.0,203886325.0,-0.6655574043261225,-0.040000000000000036,0.011303347087733276,2.495840266222968,2958653728.0
2025-12-30,5.93,5.89,5.98,5.84,43323400.0,259944359.0,-1.340033500837523,-0.08000000000000007,0.01464294371118782,2.345058626465671,2958653728.0
2025-12-31,5.91,5.84,5.94,5.82,24739541.0,147006233.0,-0.8488964346349714,-0.04999999999999982,0.008361756148031392,2.037351443123941,2958653728.0
2026-01-05,5.95,6.13,6.23,5.95,83922021.0,523069749.0,4.965753424657526,0.29000000000000004,0.028364935107404364,4.79452054794521,2958653728.0
2026-01-06,6.13,6.35,6.41,6.11,84611535.0,539969733.0,3.5889070146818858,0.21999999999999975,0.02859798502246357,4.893964110929851,2958653728.0
2026-01-07,6.48,6.4,6.53,6.32,57495871.0,372894522.0,0.7874015748031704,0.05000000000000071,0.019433119346097403,3.3070866141732282,2958653728.0
2026-01-08,6.39,6.29,6.39,6.25,39753739.0,254126976.0,-1.7187500000000022,-0.11000000000000032,0.013436428407887007,2.187499999999995,2958653728.0
2026-01-09,6.29,6.26,6.33,6.21,41293536.0,262674617.0,-0.4769475357710662,-0.03000000000000025,0.01395686680371134,1.9077901430842623,2958653728.0
2026-01-12,6.22,6.29,6.32,6.19,50741315.0,323038409.0,0.4792332268370725,0.03000000000000025,0.01715013640149781,2.076677316293928,2958653728.0
2026-01-13,6.28,6.07,6.28,6.05,61819963.0,384873157.0,-3.497615262321141,-0.21999999999999975,0.020894625962798712,3.65659777424484,2958653728.0
2026-01-14,6.04,5.99,6.11,5.94,64490698.0,395095618.0,-1.317957166392092,-0.08000000000000007,0.021797311861700905,2.800658978583195,2958653728.0
2026-01-15,5.98,6.05,6.09,5.96,34769506.0,213108167.0,1.001669449081799,0.05999999999999961,0.011751799702327315,2.170283806343905,2958653728.0
2026-01-16,6.09,6.04,6.1,6.01,37401374.0,229495905.0,-0.16528925619834212,-0.009999999999999787,0.01264134888312283,1.4876033057851217,2958653728.0
2026-01-19,6.04,6.2,6.23,5.95,83270916.0,516988656.0,2.6490066225165476,0.16000000000000014,0.028144867110315656,4.635761589403978,2958653728.0
2026-01-20,6.18,6.29,6.31,6.11,62997449.0,397588531.0,1.4516129032257963,0.08999999999999986,0.021292606297184095,3.2258064516128915,2958653728.0
2026-01-21,6.26,6.39,6.47,6.24,71487631.0,461091912.0,1.5898251192368873,0.09999999999999964,0.024162216187537576,3.6565977742448257,2958653728.0
2026-01-22,6.39,6.68,6.75,6.36,85785500.0,574638772.0,4.538341158059467,0.29000000000000004,0.028994775288553133,6.103286384976521,2958653728.0
2026-01-23,6.64,6.84,6.89,6.63,86845796.0,596457813.0,2.39520958083832,0.16000000000000014,0.029353146391587464,3.892215568862272,2958653728.0
2026-01-26,6.79,6.82,6.93,6.71,70806029.0,490009205.0,-0.29239766081871066,-0.019999999999999574,0.023931840461730438,3.2163742690058443,2958653728.0
2026-01-27,6.79,6.83,6.91,6.73,43712230.0,302326114.0,0.14662756598240456,0.009999999999999787,0.014774364970904766,2.63929618768328,2958653728.0
2026-01-28,6.83,6.99,7.13,6.76,66805188.0,473063922.0,2.342606149341142,0.16000000000000014,0.022579589955989604,5.417276720351392,2958653728.0
2026-01-29,6.99,7.09,7.23,6.95,80823021.0,583372233.0,1.4306151645207432,0.09999999999999964,0.027317499251470364,4.005722460658086,2958653728.0
2026-01-30,6.94,6.9,7.04,6.68,77309155.0,537918838.0,-2.6798307475317307,-0.1899999999999995,0.026129842187466692,5.0775740479548706,2958653728.0
2026-02-02,6.79,6.57,6.93,6.56,66426473.0,453013056.0,-4.782608695652179,-0.33000000000000007,0.022451587480939575,5.362318840579712,2958653728.0
2026-02-03,6.69,7.0,7.02,6.66,85171647.0,591841304.0,6.544901065449005,0.4299999999999997,0.02878729815319571,5.479452054794512,2958653728.0
2026-02-04,6.99,7.39,7.45,6.87,132392008.0,973032315.0,5.5714285714285605,0.3899999999999997,0.044747381806486276,8.285714285714286,2958653728.0
2026-02-05,7.34,7.1,7.35,7.06,58251901.0,423812281.0,-3.9242219215155583,-0.29000000000000004,0.01968865110800827,3.9242219215155623,2958653728.0
2026-02-06,7.01,7.16,7.3,7.01,68472277.0,499918733.0,0.8450704225352101,0.0600000000000005,0.023143051973941575,4.084507042253522,2958653728.0
2026-02-09,7.23,7.32,7.38,7.18,58381164.0,432632948.0,2.2346368715083775,0.16000000000000014,0.019732340911507978,2.793296089385477,2958653728.0
2026-02-10,7.27,7.09,7.31,7.06,48848858.0,353673527.0,-3.1420765027322495,-0.23000000000000043,0.016510501900815884,3.415300546448087,2958653728.0
2026-02-11,7.08,7.38,7.52,7.08,89680979.0,672109376.0,4.090267983074747,0.29000000000000004,0.030311414327158465,6.205923836389274,2958653728.0
2026-02-12,7.31,7.41,7.58,7.28,67869763.0,513047392.0,0.40650406504065817,0.03000000000000025,0.022939407324925047,4.065040650406502,2958653728.0
2026-02-13,7.35,6.98,7.36,6.97,73524922.0,530172695.0,-5.802968960863697,-0.4299999999999997,0.024850803358357723,5.26315789473685,2958653728.0
2026-02-24,7.1,7.16,7.26,7.0,48797467.0,354789904.0,2.5787965616045794,0.17999999999999972,0.01649313217636532,3.724928366762174,2958653728.0
2026-02-25,7.17,7.3,7.42,7.17,56930600.0,423994221.0,1.9553072625698276,0.13999999999999968,0.019242062516888085,3.4916201117318435,2958653728.0
2026-02-26,7.29,7.3,7.36,7.16,46222900.0,339934080.0,0.0,0.0,0.015622950250161888,2.739726027397263,2958653728.0
2026-02-27,7.27,7.42,7.51,7.22,50707932.0,380475583.0,1.6438356164383494,0.1200000000000001,0.017138853229126515,3.9726027397260277,2958653728.0
2026-03-02,7.29,7.34,7.45,7.24,66333097.0,494598073.0,-1.0781671159029615,-0.08000000000000007,0.02242002718068669,2.830188679245283,2958653728.0
2026-03-03,7.36,7.03,7.4,6.97,59754576.0,433223903.0,-4.223433242506802,-0.3099999999999996,0.0201965425810046,5.858310626703005,2958653728.0
2026-03-04,6.94,6.71,7.07,6.6,103845718.0,712976335.0,-4.551920341394034,-0.3200000000000003,0.03509897661129745,6.685633001422484,2958653728.0
2026-03-05,6.79,6.66,6.83,6.6,55653938.0,377141125.0,-0.7451564828613977,-0.04999999999999982,0.018810561531180305,3.4277198211624507,2958653728.0
2026-03-06,6.6,6.82,6.88,6.59,52633506.0,360878570.0,2.402402402402415,0.16000000000000014,0.01778968099642379,4.354354354354355,2958653728.0
2026-03-09,6.77,6.74,6.89,6.59,50332146.0,342789400.0,-1.1730205278592365,-0.08000000000000007,0.017011840731366586,4.398826979472139,2958653728.0
2026-03-10,6.76,6.83,6.97,6.76,48871453.0,339846972.0,1.335311572700304,0.08999999999999986,0.016518138820197887,3.1157270029673585,2958653728.0
2026-03-11,6.83,6.97,7.04,6.8,46646101.0,329250344.0,2.0497803806734938,0.13999999999999968,0.015765988617915075,3.513909224011716,2958653728.0
2026-03-12,7.0,6.81,7.0,6.76,49495195.0,343565129.0,-2.295552367288378,-0.16000000000000014,0.01672895835412883,3.4433285509325713,2958653728.0
2026-03-13,6.78,6.71,6.97,6.68,41002200.0,283761798.0,-1.468428781204112,-0.09999999999999964,0.013858397693506632,4.258443465491924,2958653728.0
2026-03-16,6.71,6.54,6.78,6.44,58882910.0,392146695.0,-2.533532041728759,-0.16999999999999993,0.019901926826632683,5.067064083457524,2958653728.0
2026-03-17,6.55,6.47,6.76,6.46,51298284.0,344330011.0,-1.0703363914373099,-0.07000000000000028,0.017338387224745212,4.58715596330275,2958653728.0
2026-03-18,6.48,6.36,6.54,6.3,47049482.0,304867637.0,-1.7001545595053957,-0.10999999999999943,0.01590232799287555,3.7094281298299876,2958653728.0
2026-03-19,6.3,6.12,6.33,6.09,53762408.0,336360759.0,-3.7735849056603765,-0.2400000000000002,0.01817124034867794,3.7735849056603805,2958653728.0
2026-03-20,6.15,6.0,6.2,5.94,59958001.0,369411293.0,-1.9607843137254943,-0.1200000000000001,0.02026529851485209,4.248366013071892,2958653728.0
2026-03-23,5.96,5.78,5.98,5.64,77743179.0,459469665.0,-3.6666666666666625,-0.21999999999999975,0.0262765386379139,5.6666666666666785,2958653728.0
2026-03-24,5.83,5.82,5.88,5.69,52885923.0,310130852.0,0.6920415224913601,0.040000000000000036,0.01787499581296051,3.2871972318339013,2958653728.0
2026-03-25,5.81,5.88,5.95,5.81,47079283.0,281445810.0,1.0309278350515427,0.05999999999999961,0.015912400479465637,2.4054982817869512,2958653728.0
2026-03-26,5.87,5.64,5.93,5.58,85105719.0,493551482.0,-4.081632653061229,-0.2400000000000002,0.028765015045383507,5.952380952380946,2958653728.0
2026-03-27,5.57,5.7,5.74,5.56,39410200.0,226782477.0,1.0638297872340496,0.0600000000000005,0.013320315124082003,3.1914893617021387,2958653728.0
2026-03-30,5.63,5.76,5.81,5.52,47471689.0,273739127.0,1.0526315789473717,0.05999999999999961,0.01604503039701441,5.087719298245615,2958653728.0
2026-03-31,5.73,5.74,6.0,5.69,62778230.0,372272869.0,-0.3472222222222099,-0.019999999999999574,0.021218512124579387,5.3819444444444375,2958653728.0
2026-04-01,5.81,5.81,5.93,5.76,40996292.0,242466517.0,1.21951219512193,0.0699999999999994,0.01385640083934824,2.9616724738675946,2958653728.0
2026-04-02,5.76,5.71,5.78,5.64,37543187.0,217448896.0,-1.721170395869187,-0.09999999999999964,0.012689280480747087,2.4096385542168774,2958653728.0
2026-04-03,5.7,5.53,5.71,5.51,31941625.0,180837343.0,-3.1523642732048995,-0.17999999999999972,0.010795999781154518,3.5026269702276736,2958653728.0
2026-04-07,5.55,5.51,5.57,5.47,29518440.0,165519886.0,-0.3616636528029016,-0.020000000000000462,0.009976983693848475,1.808318264014476,2958653728.0
2026-04-08,5.61,5.74,5.74,5.61,42625968.0,245909998.0,4.174228675136127,0.23000000000000043,0.014407217578927168,2.3593466424682377,2958653728.0
2026-04-09,5.72,5.7,5.73,5.58,43538970.0,249334114.0,-0.6968641114982632,-0.040000000000000036,0.014715804552576556,2.613240418118473,2958653728.0
2026-04-10,5.75,5.72,5.83,5.71,56194557.0,328788802.0,0.35087719298245723,0.019999999999999574,0.01899328619236107,2.1052631578947385,2958653728.0
2026-04-13,5.65,5.84,5.88,5.62,52213083.0,308076748.0,2.0979020979021046,0.1200000000000001,0.017647581569234586,4.545454545454542,2958653728.0
2026-04-14,5.83,5.79,5.87,5.73,37413978.0,219554916.0,-0.8561643835616417,-0.04999999999999982,0.012645608928791819,2.3972602739725972,2958653728.0
2026-04-15,5.79,5.7,5.82,5.7,41757784.0,243261137.0,-1.5544041450777146,-0.08999999999999986,0.014113778711180087,2.072538860103629,2958653728.0
2026-04-16,5.72,5.79,5.81,5.68,36310084.0,212726969.0,1.5789473684210575,0.08999999999999986,0.012272502069562903,2.280701754385963,2958653728.0
2026-04-17,5.77,5.81,5.88,5.69,47579900.0,279725152.0,0.3454231433505983,0.019999999999999574,0.016081604802114915,3.281519861830734,2958653728.0
2026-04-20,5.88,6.01,6.12,5.87,106011768.0,648946753.0,3.4423407917383964,0.20000000000000018,0.035831083237869196,4.302925989672978,2958653728.0
2026-04-21,5.98,5.92,6.03,5.89,57116500.0,344734155.0,-1.4975041597337757,-0.08999999999999986,0.019304895148581577,2.3294509151414404,2958653728.0
2026-04-22,5.95,6.03,6.1,5.89,65516411.0,399102306.0,1.858108108108114,0.11000000000000032,0.02214399420248749,3.5472972972972965,2958653728.0
2026-04-23,5.91,5.94,6.06,5.8,106794472.0,640406809.0,-1.492537313432829,-0.08999999999999986,0.036095630586750437,4.311774461028189,2958653728.0
2026-04-24,6.04,6.32,6.49,6.01,206313228.0,1330299391.0,6.3973063973064015,0.3799999999999999,0.06973213054555873,8.080808080808087,2958653728.0
2026-04-27,6.35,6.73,6.95,6.35,183657843.0,1262755172.0,6.487341772151911,0.41000000000000014,0.0620748015429807,9.493670886075957,2958653728.0
2026-04-28,6.69,6.43,6.71,6.4,109196699.0,718504982.0,-4.457652303120363,-0.3000000000000007,0.03690756304686427,4.606240713224363,2958653728.0
2026-04-29,6.37,6.41,6.58,6.31,83471846.0,544264703.0,-0.3110419906687367,-0.019999999999999574,0.028212779755211692,4.199066874028001,2958653728.0
2026-04-30,6.36,6.23,6.39,6.14,85370836.0,542001164.0,-2.808112324492973,-0.17999999999999972,0.028854622354779327,3.9001560062402496,2958653728.0
2026-05-06,6.28,6.32,6.37,6.15,89728404.0,571623628.0,1.4446227929374,0.08999999999999986,0.03032744357706736,3.5313001605136396,2958653728.0
2026-05-07,6.29,6.55,6.65,6.27,105854629.0,699008414.0,3.639240506329111,0.22999999999999954,0.03577797158153954,6.012658227848113,2958653728.0
2026-05-08,6.47,6.12,6.59,6.07,146916625.0,925072614.0,-6.564885496183203,-0.4299999999999997,0.04965657981858971,7.938931297709917,2958653728.0
2026-05-11,6.11,6.46,6.56,5.99,139282936.0,896202195.0,5.555555555555558,0.33999999999999986,0.04707645733661198,9.313725490196068,2958653728.0
2026-05-12,6.41,6.69,6.76,6.24,129960759.0,863945118.0,3.5603715170278605,0.23000000000000043,0.043925640155210485,8.049535603715164,2958653728.0
2026-05-13,6.61,6.68,6.76,6.52,83819200.0,567069052.0,-0.1494768310911887,-0.010000000000000675,0.028330182476832246,3.5874439461883436,2958653728.0
2026-05-14,6.65,6.6,6.79,6.5,78311003.0,528982474.0,-1.19760479041916,-0.08000000000000007,0.026468458359585362,4.341317365269462,2958653728.0
2026-05-15,6.59,6.28,6.67,6.19,93062902.0,599611893.0,-4.848484848484835,-0.3199999999999994,0.03145447577027169,7.272727272727265,2958653728.0
2026-05-18,6.22,6.38,6.48,6.16,69610637.0,449923934.0,1.5923566878980777,0.09999999999999964,0.02352780805040528,5.0955414012738895,2958653728.0
2026-05-19,6.38,6.36,6.5,6.27,47901574.0,309777190.0,-0.31347962382444194,-0.019999999999999574,0.016190327900379425,3.6050156739811983,2958653728.0
2026-05-20,6.35,6.26,6.38,6.11,60726656.0,385161682.0,-1.572327044025168,-0.10000000000000053,0.020525097420254785,4.245283018867918,2958653728.0
2026-05-21,6.6,6.73,6.89,6.6,199148651.0,1384592662.0,7.507987220447299,0.47000000000000064,0.06731056396201564,4.632587859424921,2958653728.0
2026-05-22,6.62,6.66,6.73,6.44,169461777.0,1133461578.0,-1.0401188707280906,-0.07000000000000028,0.05727665099712541,4.3090638930163445,2958653728.0
2026-05-25,6.73,7.01,7.22,6.63,160392280.0,1139844072.0,5.255255255255253,0.34999999999999964,0.05421123752404188,8.858858858858856,2958653728.0
2026-05-26,6.95,6.99,7.22,6.93,130657268.0,937591993.0,-0.28530670470755526,-0.019999999999999574,0.04416105432125783,4.13694721825963,2958653728.0
2026-05-27,6.91,6.88,7.23,6.84,145656393.0,1037160714.0,-1.5736766809728242,-0.11000000000000032,0.049230632034273664,5.579399141630909,2958653728.0
2026-05-28,6.84,6.84,7.05,6.75,114097274.0,798011812.0,-0.5813953488372103,-0.040000000000000036,0.0385639160541872,4.360465116279067,2958653728.0
2026-05-29,6.95,6.59,7.07,6.42,141850300.0,954025991.0,-3.654970760233922,-0.25,0.04794420470958202,9.502923976608193,2958653728.0
2026-06-01,6.48,6.66,6.82,6.47,126437642.0,855305802.0,1.062215477996964,0.07000000000000028,0.04273485633125094,5.311077389984834,2958653728.0
2026-06-02,6.6,6.4,6.65,6.29,84257588.0,548540104.0,-3.9039039039039047,-0.2599999999999998,0.028478353922463482,5.40540540540541,2958653728.0
2026-06-03,6.38,6.1,6.52,6.06,98944220.0,632703811.0,-4.687500000000011,-0.3000000000000007,0.033442311637761214,7.187499999999999,2958653728.0
2026-06-04,6.01,6.46,6.68,5.92,162486398.0,1051578733.0,5.9016393442623105,0.3600000000000003,0.05491903174145291,12.45901639344262,2958653728.0
2026-06-05,6.39,6.92,7.11,6.39,231625022.0,1625277444.0,7.120743034055721,0.45999999999999996,0.07828730337989726,11.145510835913322,2958653728.0
2026-06-08,6.82,6.68,7.14,6.64,212176225.0,1473910954.0,-3.4682080924855474,-0.2400000000000002,0.07171377406960953,7.225433526011561,2958653728.0
2026-06-09,6.78,7.08,7.11,6.41,178147898.0,1230789676.0,5.988023952095811,0.40000000000000036,0.06021248661648045,10.479041916167668,2958653728.0
2026-06-10,7.08,6.6,7.22,6.52,179021287.0,1206972149.0,-6.779661016949157,-0.4800000000000004,0.06050768473031664,9.887005649717516,2958653728.0
2026-06-11,6.46,6.63,6.8,6.36,112248206.0,739595699.0,0.454545454545463,0.03000000000000025,0.037938946669463035,6.66666666666666,2958653728.0
2026-06-12,6.71,6.51,6.87,6.33,132854515.0,867171818.0,-1.8099547511312264,-0.1200000000000001,0.04490370527064261,8.144796380090497,2958653728.0
2026-06-15,6.55,7.16,7.16,6.53,189998835.0,1334509304.0,9.984639016897079,0.6500000000000004,0.06421800334452657,9.677419354838708,2958653728.0
2026-06-16,7.27,7.88,7.88,7.19,157426106.0,1207947772.0,10.05586592178771,0.7199999999999998,0.05320869573554909,9.636871508379881,2958653728.0
2026-06-17,8.67,8.67,8.67,8.67,65025842.0,563774050.0,10.025380710659903,0.79,0.02197818601907036,0.0,2958653728.0
2026-06-18,8.59,8.04,8.59,7.8,426551631.0,3443569193.0,-7.2664359861591805,-0.6300000000000008,0.14417085276428807,9.111880046136102,2958653728.0
2026-06-22,8.28,8.37,8.58,8.02,313922904.0,2605863378.0,4.104477611940305,0.33000000000000007,0.10610329320701094,6.965174129353241,2958653728.0
2026-06-23,8.16,7.83,8.32,7.77,233137152.0,1868801159.0,-6.451612903225801,-0.5399999999999991,0.07879839056312844,6.571087216248515,2958653728.0
