date,open,close,high,low,volume,amount,pct_chg,change,turnover,amplitude,outstanding_share
2023-06-26,5.03,5.01,5.14,4.97,76444941.0,410328022.0,,,0.005844992253390558,,13078706983.0
2023-06-27,5.04,5.18,5.24,5.01,84847808.0,463577335.0,3.3932135728542923,0.16999999999999993,0.006487476790349926,4.590818363273462,13078706983.0
2023-06-28,5.24,5.18,5.24,5.1,57239372.0,313059411.0,0.0,0.0,0.004376531416630179,2.702702702702714,13078706983.0
2023-06-29,5.19,5.14,5.19,5.11,50479899.0,276438135.0,-0.7722007722007707,-0.040000000000000036,0.0038597010442710366,1.5444015444015458,13078706983.0
2023-06-30,5.12,5.16,5.2,5.12,51279444.0,281925080.0,0.3891050583657574,0.020000000000000462,0.003920834381155124,1.5564202334630364,13078706983.0
2023-07-03,5.16,5.28,5.29,5.16,88549026.0,494321511.0,2.3255813953488413,0.1200000000000001,0.006770472502755665,2.519379844961238,13078706983.0
2023-07-04,5.5,5.29,5.56,5.25,171947784.0,978878400.0,0.18939393939394478,0.009999999999999787,0.013147154701416709,5.871212121212113,13078706983.0
2023-07-05,5.27,5.44,5.48,5.26,214223060.0,1232677868.0,2.835538752362954,0.15000000000000036,0.01637952897625522,4.158790170132337,13078706983.0
2023-07-06,5.5,5.31,5.5,5.3,135060694.0,768200191.0,-2.389705882352955,-0.13000000000000078,0.010326761978501006,3.676470588235297,13078706983.0
2023-07-07,5.32,5.7,5.85,5.32,544356084.0,3276414699.0,7.344632768361592,0.39000000000000057,0.04162155209284575,9.981167608286242,13078706983.0
2023-07-10,5.64,5.51,5.82,5.51,375474768.0,2244644947.0,-3.3333333333333437,-0.1900000000000004,0.02870886001865862,5.438596491228079,13078706983.0
2023-07-11,5.48,5.41,5.5,5.34,223579764.0,1282206647.0,-1.814882032667875,-0.09999999999999964,0.017094944040769017,2.9038112522686053,13078706983.0
2023-07-12,5.38,5.4,5.46,5.35,164783460.0,945645973.0,-0.1848428835489746,-0.009999999999999787,0.012599369357704036,2.0332717190388228,13078706983.0
2023-07-13,5.41,5.55,5.56,5.41,202021393.0,1182677446.0,2.777777777777768,0.14999999999999947,0.015446587591769737,2.7777777777777675,13078706983.0
2023-07-14,5.6,5.54,5.72,5.52,205903554.0,1226948498.0,-0.18018018018017834,-0.009999999999999787,0.015743418234511877,3.603603603603607,13078706983.0
2023-07-17,5.46,5.4,5.49,5.36,113243627.0,652334395.0,-2.5270758122743597,-0.13999999999999968,0.008658625592514355,2.346570397111911,13078706983.0
2023-07-18,5.42,5.46,5.5,5.38,89491295.0,517863722.0,1.1111111111111072,0.05999999999999961,0.006842518539204435,2.222222222222224,13078706983.0
2023-07-19,5.43,5.46,5.47,5.39,77595046.0,448075010.0,0.0,0.0,0.005932929463199978,1.4652014652014667,13078706983.0
2023-07-20,5.46,5.51,5.62,5.45,154519496.0,912024363.0,0.9157509157509125,0.04999999999999982,0.011814585050406584,3.1135531135531123,13078706983.0
2023-07-21,5.51,5.51,5.55,5.46,77339524.0,452912033.0,0.0,0.0,0.00591339221075353,1.6333938294010864,13078706983.0
2023-07-24,5.49,5.42,5.49,5.39,90906181.0,524909972.0,-1.6333938294010864,-0.08999999999999986,0.006950700946061558,1.8148820326678865,13078706983.0
2023-07-25,5.51,5.73,5.82,5.51,267747449.0,1623552468.0,5.719557195571956,0.3100000000000005,0.02047201220640727,5.719557195571965,13078706983.0
2023-07-26,5.76,5.75,5.83,5.68,116701557.0,713600275.0,0.3490401396160525,0.019999999999999574,0.008923019466044414,2.617801047120425,13078706983.0
2023-07-27,5.75,5.75,5.86,5.7,125059118.0,768452914.0,0.0,0.0,0.009562039899093594,2.7826086956521765,13078706983.0
2023-07-28,5.71,5.84,5.91,5.67,157191809.0,969982808.0,1.5652173913043521,0.08999999999999986,0.012018910524130672,4.173913043478264,13078706983.0
2023-07-31,5.9,5.99,6.1,5.9,148436183.0,944457869.0,2.5684931506849473,0.15000000000000036,0.011349453978358924,3.4246575342465633,13078706983.0
2023-08-01,6.02,5.95,6.11,5.91,160503315.0,1024393756.0,-0.6677796327211993,-0.040000000000000036,0.012272108795512113,3.3388981636060127,13078706983.0
2023-08-02,5.92,5.99,6.02,5.87,117933486.0,748494323.0,0.6722689075630228,0.040000000000000036,0.009017212951807286,2.5210084033613356,13078706983.0
2023-08-03,5.96,5.95,5.99,5.87,83972695.0,529219041.0,-0.6677796327211993,-0.040000000000000036,0.0064205655122597065,2.0033388981636078,13078706983.0
2023-08-04,6.02,5.93,6.08,5.92,110244673.0,702074446.0,-0.3361344537815225,-0.020000000000000462,0.008429325096379827,2.6890756302521033,13078706983.0
2023-08-07,5.92,5.94,5.97,5.89,81062410.0,511871866.0,0.1686340640809636,0.010000000000000675,0.00619804466185891,1.349072512647556,13078706983.0
2023-08-08,5.91,6.01,6.06,5.91,80638267.0,514573794.0,1.1784511784511675,0.0699999999999994,0.006165614621140718,2.525252525252516,13078706983.0
2023-08-09,6.01,5.93,6.01,5.87,89178717.0,561847813.0,-1.331114808652245,-0.08000000000000007,0.006818618775993416,2.3294509151414258,13078706983.0
2023-08-10,5.97,5.93,5.99,5.93,56782553.0,359230471.0,0.0,0.0,0.004341602963795064,1.0118043844856746,13078706983.0
2023-08-11,5.93,5.77,5.95,5.77,98130510.0,608494604.0,-2.6981450252951067,-0.16000000000000014,0.007503074281544213,3.0354131534570086,13078706983.0
2023-08-14,5.64,5.76,5.81,5.62,92717441.0,565702768.0,-0.17331022530329143,-0.009999999999999787,0.0070891901715143734,3.2928942807625567,13078706983.0
2023-08-15,5.75,5.71,5.79,5.64,67476840.0,410776241.0,-0.868055555555558,-0.04999999999999982,0.005159289835586035,2.604166666666673,13078706983.0
2023-08-16,5.69,5.63,5.73,5.62,64853259.0,390778388.0,-1.4010507880910739,-0.08000000000000007,0.004958690418272826,1.9264448336252245,13078706983.0
2023-08-17,5.61,5.68,5.7,5.54,80302138.0,481581923.0,0.8880994671403242,0.04999999999999982,0.006139914144752883,2.841918294849026,13078706983.0
2023-08-18,5.71,5.6,5.74,5.6,72355494.0,433753100.0,-1.4084507042253502,-0.08000000000000007,0.005532312490374569,2.4647887323943762,13078706983.0
2023-08-21,5.57,5.54,5.67,5.54,52825308.0,313123885.0,-1.0714285714285676,-0.05999999999999961,0.0040390313865631775,2.32142857142857,13078706983.0
2023-08-22,5.55,5.65,5.66,5.54,86771093.0,514262184.0,1.9855595667870096,0.11000000000000032,0.006634531464982512,2.1660649819494604,13078706983.0
2023-08-23,5.61,5.51,5.66,5.49,92993382.0,544350957.0,-2.4778761061946986,-0.14000000000000057,0.007110288663923345,3.0088495575221224,13078706983.0
2023-08-24,5.54,5.62,5.71,5.53,116716101.0,695444327.0,1.9963702359346636,0.11000000000000032,0.008924131502579745,3.2667876588021727,13078706983.0
2023-08-25,5.59,5.51,5.6,5.48,80422055.0,469564660.0,-1.9572953736654908,-0.11000000000000032,0.006149083017498168,2.1352313167259647,13078706983.0
2023-08-28,5.89,5.62,5.89,5.59,106478315.0,637502880.0,1.9963702359346636,0.11000000000000032,0.008141348769293703,5.444646098003627,13078706983.0
2023-08-29,5.59,5.62,5.64,5.53,129784403.0,765477375.0,0.0,0.0,0.009923335935937453,1.9572953736654704,13078706983.0
2023-08-30,5.62,5.57,5.72,5.54,110551989.0,655451553.0,-0.8896797153024827,-0.04999999999999982,0.008452822526240399,3.2028469750889625,13078706983.0
2023-08-31,5.58,5.6,5.7,5.55,107405157.0,638575608.0,0.538599640933568,0.02999999999999936,0.008212215254887785,2.6929982046678695,13078706983.0
2023-09-01,5.63,5.97,6.02,5.61,264599930.0,1643999353.0,6.607142857142856,0.3700000000000001,0.020231352406926233,7.321428571428558,13078706983.0
2023-09-04,6.01,6.45,6.47,5.99,335268521.0,2241511139.0,8.04020100502514,0.4800000000000004,0.025634684027693994,8.04020100502512,13078706983.0
2023-09-05,6.39,6.39,6.42,6.3,166642634.0,1119442958.0,-0.9302325581395432,-0.0600000000000005,0.012741522095158633,1.8604651162790715,13078706983.0
2023-09-06,6.38,6.41,6.42,6.24,118367850.0,794700588.0,0.3129890453834161,0.020000000000000462,0.009050424491798556,2.8169014084506996,13078706983.0
2023-09-07,6.37,6.34,6.5,6.29,126972820.0,856521002.0,-1.092043681747279,-0.07000000000000028,0.009708361856033793,3.276131045241809,13078706983.0
2023-09-08,6.34,6.22,6.36,6.16,97101391.0,639699975.0,-1.8927444794952675,-0.1200000000000001,0.007424387680388787,3.154574132492116,13078706983.0
2023-09-11,6.27,6.3,6.35,6.24,97719819.0,650119116.0,1.2861736334405238,0.08000000000000007,0.007471672782869013,1.7684887459806984,13078706983.0
2023-09-12,6.34,6.21,6.37,6.2,73170142.0,483317983.0,-1.4285714285714235,-0.08999999999999986,0.00559460060502221,2.6984126984126977,13078706983.0
2023-09-13,6.19,6.24,6.32,6.15,84619270.0,557611277.0,0.48309178743961567,0.03000000000000025,0.006470002738802089,2.7375201288244755,13078706983.0
2023-09-14,6.24,6.31,6.35,6.22,107560606.0,717267237.0,1.1217948717948678,0.0699999999999994,0.008224100909960726,2.0833333333333313,13078706983.0
2023-09-15,6.38,6.32,6.48,6.28,163150856.0,1097151864.0,0.15847860538829028,0.010000000000000675,0.012474540198206686,3.1695721077654544,13078706983.0
2023-09-18,6.28,6.23,6.3,6.16,89948617.0,590300731.0,-1.424050632911389,-0.08999999999999986,0.006877485451498933,2.2151898734177164,13078706983.0
2023-09-19,6.22,6.25,6.29,6.2,69217724.0,457355191.0,0.32102728731941976,0.019999999999999574,0.00529239810097212,1.4446227929373974,13078706983.0
2023-09-20,6.23,6.21,6.29,6.2,53436622.0,351860320.0,-0.6399999999999961,-0.040000000000000036,0.004085772551480672,1.4399999999999977,13078706983.0
2023-09-21,6.24,6.14,6.26,6.11,74713393.0,487061925.0,-1.1272141706924366,-0.07000000000000028,0.00571259782003788,2.415458937198059,13078706983.0
2023-09-22,6.1,6.12,6.18,5.99,102054079.0,655102663.0,-0.32573289902279035,-0.019999999999999574,0.007803070986501358,3.0944625407166044,13078706983.0
2023-09-25,6.12,6.04,6.19,6.03,58792640.0,378197822.0,-1.3071895424836666,-0.08000000000000007,0.00449529453304673,2.6143790849673225,13078706983.0
2023-09-26,6.03,6.02,6.11,6.02,55983831.0,358527295.0,-0.33112582781458233,-0.020000000000000462,0.004280532553620863,1.4900662251655752,13078706983.0
2023-09-27,6.01,5.96,6.05,5.93,71873831.0,453974135.0,-0.9966777408637828,-0.05999999999999961,0.005495484461378578,1.9933554817275767,13078706983.0
2023-09-28,5.98,5.94,6.04,5.92,64509167.0,406706461.0,-0.3355704697986517,-0.019999999999999574,0.004932381089648272,2.0134228187919483,13078706983.0
2023-10-09,5.9,5.97,6.0,5.81,74126521.0,464615433.0,0.5050505050504972,0.02999999999999936,0.005667725494297818,3.1986531986532047,13078706983.0
2023-10-10,5.98,5.93,6.01,5.91,46889633.0,294814243.0,-0.670016750418756,-0.040000000000000036,0.0035851887392957275,1.675041876046895,13078706983.0
2023-10-11,5.98,5.88,6.01,5.82,82953000.0,516672991.0,-0.8431703204047181,-0.04999999999999982,0.006342599471631576,3.2040472175379344,13078706983.0
2023-10-12,5.89,5.96,5.97,5.89,69135151.0,433729777.0,1.3605442176870763,0.08000000000000007,0.005286084556360459,1.360544217687076,13078706983.0
2023-10-13,5.91,5.78,5.92,5.76,82669153.0,507040455.0,-3.0201342281879096,-0.17999999999999972,0.006320896485214879,2.684563758389264,13078706983.0
2023-10-16,5.8,5.73,5.84,5.71,51887330.0,316101705.0,-0.865051903114189,-0.04999999999999982,0.0039673134406516125,2.249134948096884,13078706983.0
2023-10-17,5.74,5.71,5.75,5.67,71241814.0,429903598.0,-0.3490401396160636,-0.020000000000000462,0.005447160341813738,1.3961605584642245,13078706983.0
2023-10-18,5.72,5.71,5.79,5.71,66166035.0,401397450.0,0.0,0.0,0.005059065478414962,1.4010507880910694,13078706983.0
2023-10-19,5.71,5.63,5.72,5.61,62469766.0,373878976.0,-1.4010507880910739,-0.08000000000000007,0.004776448167330274,1.926444833625209,13078706983.0
2023-10-20,5.63,5.59,5.68,5.58,61170258.0,363998319.0,-0.7104795737122527,-0.040000000000000036,0.004677087580562091,1.776198934280633,13078706983.0
2023-10-23,5.57,5.38,5.57,5.32,92499088.0,530065477.0,-3.756708407871201,-0.20999999999999996,0.007072494866673932,4.47227191413238,13078706983.0
2023-10-24,5.36,5.43,5.45,5.36,67787439.0,387779442.0,0.9293680297397744,0.04999999999999982,0.005183038284144729,1.672862453531596,13078706983.0
2023-10-25,5.58,5.58,5.77,5.54,125226660.0,743519690.0,2.7624309392265234,0.15000000000000036,0.00957485018685505,4.235727440147322,13078706983.0
2023-10-26,5.56,5.68,5.69,5.49,85414902.0,506265853.0,1.7921146953404854,0.09999999999999964,0.0065308368870886264,3.5842293906810068,13078706983.0
2023-10-27,5.64,5.71,5.82,5.63,88195501.0,534354466.0,0.5281690140845008,0.03000000000000025,0.006743441925462395,3.3450704225352186,13078706983.0
2023-10-30,5.72,5.81,5.88,5.71,84838871.0,521564708.0,1.7513134851138368,0.09999999999999964,0.00648679346591949,2.977232924693519,13078706983.0
2023-10-31,5.79,5.87,5.89,5.79,76440396.0,472307761.0,1.0327022375215211,0.0600000000000005,0.005844644741973267,1.721170395869185,13078706983.0
2023-11-01,5.87,5.93,5.94,5.76,85515560.0,531401882.0,1.0221465076660996,0.05999999999999961,0.006538533213654459,3.066439522998307,13078706983.0
2023-11-02,5.94,5.84,6.02,5.82,105316521.0,658479860.0,-1.5177065767284947,-0.08999999999999986,0.008052517816699526,3.372681281618875,13078706983.0
2023-11-03,5.87,5.71,5.88,5.69,114815030.0,698742056.0,-2.2260273972602773,-0.1299999999999999,0.00877877531389297,3.253424657534238,13078706983.0
2023-11-06,5.74,5.55,5.76,5.54,170539500.0,1006200486.0,-2.8021015761821366,-0.16000000000000014,0.013039477084521514,3.852889667250434,13078706983.0
2023-11-07,5.53,5.52,5.54,5.46,122421242.0,711947713.0,-0.5405405405405461,-0.03000000000000025,0.00936034748382435,1.441441441441443,13078706983.0
2023-11-08,5.52,5.45,5.52,5.41,106483608.0,613824821.0,-1.26811594202898,-0.0699999999999994,0.008141753472909043,1.9927536231883956,13078706983.0
2023-11-09,5.46,5.46,5.48,5.41,93023125.0,535349446.0,0.18348623853210455,0.009999999999999787,0.007112562818397382,1.2844036697247758,13078706983.0
2023-11-10,5.43,5.37,5.44,5.34,90465755.0,513886679.0,-1.6483516483516425,-0.08999999999999986,0.006917025904593584,1.8315018315018412,13078706983.0
2023-11-13,5.36,5.37,5.38,5.31,101059039.0,571142654.0,0.0,0.0,0.007726990071064275,1.3035381750465602,13078706983.0
2023-11-14,5.37,5.5,5.54,5.36,153941572.0,891865585.0,2.4208566108007368,0.1299999999999999,0.011770396890158694,3.351955307262564,13078706983.0
2023-11-15,5.56,5.56,5.72,5.54,160768714.0,954218392.0,1.0909090909090757,0.05999999999999961,0.01229240124493735,3.2727272727272676,13078706983.0
2023-11-16,5.54,5.49,5.54,5.43,86315935.0,500326215.0,-1.2589928057553879,-0.0699999999999994,0.0065997300124695365,1.978417266187056,13078706983.0
2023-11-17,5.45,5.51,5.52,5.39,88316513.0,508860786.0,0.36429872495444826,0.019999999999999574,0.0067526945220804935,2.367941712204005,13078706983.0
2023-11-20,5.54,5.45,5.54,5.4,89099081.0,512626813.0,-1.0889292196007205,-0.05999999999999961,0.006812529794865273,2.5408348457350214,13078706983.0
2023-11-21,5.45,5.53,5.61,5.44,132460731.0,776642071.0,1.4678899082568808,0.08000000000000007,0.010127968397195186,3.11926605504587,13078706983.0
2023-11-22,5.5,5.37,5.51,5.37,120877328.0,690757257.0,-2.893309222423146,-0.16000000000000014,0.009242299575724044,2.531645569620247,13078706983.0
2023-11-23,5.35,5.4,5.41,5.32,54622122.0,310064247.0,0.5586592178770999,0.03000000000000025,0.004176416068576127,1.675977653631282,13078706983.0
2023-11-24,5.39,5.36,5.42,5.33,65830546.0,373577063.0,-0.7407407407407418,-0.040000000000000036,0.005033413936528132,1.6666666666666639,13078706983.0
2023-11-27,5.35,5.31,5.38,5.25,89763457.0,502098895.0,-0.932835820895539,-0.05000000000000071,0.006863328088677006,2.425373134328356,13078706983.0
2023-11-28,5.31,5.34,5.34,5.24,72797069.0,406974402.0,0.5649717514124353,0.03000000000000025,0.0055660753845638775,1.8832391713747578,13078706983.0
2023-11-29,5.34,5.29,5.37,5.28,63100346.0,354491449.0,-0.9363295880149725,-0.04999999999999982,0.004824662413648326,1.6853932584269637,13078706983.0
2023-11-30,5.26,5.24,5.3,5.2,78514746.0,435321706.0,-0.9451795841209809,-0.04999999999999982,0.006003249870346912,1.8903591682419594,13078706983.0
2023-12-01,5.24,5.29,5.3,5.19,81105946.0,450200912.0,0.9541984732824416,0.04999999999999982,0.006201373431289756,2.099236641221363,13078706983.0
2023-12-04,5.3,5.19,5.37,5.16,156042486.0,864377754.0,-1.8903591682419618,-0.09999999999999964,0.011931033106164666,3.9697542533081274,13078706983.0
2023-12-05,5.12,5.05,5.15,5.03,101102457.0,545074261.0,-2.6974951830443294,-0.14000000000000057,0.007730309818196498,2.3121387283237014,13078706983.0
2023-12-06,5.03,5.02,5.05,4.98,86655093.0,459245115.0,-0.5940594059405946,-0.03000000000000025,0.006625662086675407,1.3861386138613743,13078706983.0
2023-12-07,5.01,4.99,5.03,4.93,93062705.0,489882322.0,-0.5976095617529764,-0.02999999999999936,0.007115589111443893,1.9920318725099708,13078706983.0
2023-12-08,4.99,4.95,5.01,4.92,79494937.0,416085284.0,-0.8016032064128265,-0.040000000000000036,0.006078195428900527,1.8036072144288546,13078706983.0
2023-12-11,4.89,4.95,4.96,4.81,121084596.0,622757697.0,0.0,0.0,0.009258147319715053,3.0303030303030374,13078706983.0
2023-12-12,4.91,4.95,4.96,4.85,88005212.0,457085403.0,0.0,0.0,0.00672889239849101,2.2222222222222285,13078706983.0
2023-12-13,4.95,4.82,4.95,4.8,94602417.0,484930626.0,-2.626262626262621,-0.1299999999999999,0.007233315733961038,3.0303030303030374,13078706983.0
2023-12-14,4.87,4.84,4.9,4.83,61708719.0,316989193.0,0.4149377593360981,0.019999999999999574,0.004718258393601936,1.4522821576763543,13078706983.0
2023-12-15,4.92,4.84,5.01,4.84,99850457.0,517018781.0,0.0,0.0,0.0076345817006060225,3.5123966942148748,13078706983.0
2023-12-18,4.81,4.81,4.86,4.77,65790270.0,335136242.0,-0.6198347107438051,-0.03000000000000025,0.005030334427211779,1.8595041322314203,13078706983.0
2023-12-19,4.81,4.82,4.83,4.77,64559084.0,327462563.0,0.20790020790022457,0.010000000000000675,0.0049361977513461665,1.247401247401258,13078706983.0
2023-12-20,4.82,4.82,4.87,4.81,90627879.0,463868513.0,0.0,0.0,0.0069294219312199725,1.244813278008309,13078706983.0
2023-12-21,4.81,4.88,4.88,4.77,86638695.0,443626341.0,1.2448132780082943,0.05999999999999961,0.006624408293007477,2.2821576763485543,13078706983.0
2023-12-22,4.88,5.1,5.14,4.85,241667114.0,1288775007.0,4.508196721311464,0.21999999999999975,0.01847790567631222,5.942622950819673,13078706983.0
2023-12-25,5.04,5.12,5.12,5.01,108885580.0,584473852.0,0.39215686274509665,0.020000000000000462,0.008325408631107948,2.1568627450980458,13078706983.0
2023-12-26,5.09,5.08,5.18,5.08,80146378.0,433321035.0,-0.78125,-0.040000000000000036,0.00612800471057086,1.9531249999999931,13078706983.0
2023-12-27,5.08,5.21,5.22,5.08,114492424.0,625950206.0,2.5590551181102317,0.1299999999999999,0.008754108808219334,2.7559055118110174,13078706983.0
2023-12-28,5.27,5.28,5.34,5.25,154097107.0,861961793.0,1.343570057581589,0.07000000000000028,0.011782289120805207,1.7274472168905923,13078706983.0
2023-12-29,5.25,5.34,5.35,5.22,128845776.0,721373183.0,1.1363636363636243,0.05999999999999961,0.009851568367383462,2.46212121212121,13078706983.0
2024-01-02,5.36,5.35,5.39,5.27,146857825.0,827275951.0,0.1872659176029856,0.009999999999999787,0.011228772476582672,2.247191011235957,13078706983.0
2024-01-03,5.32,5.33,5.39,5.3,129482523.0,730922851.0,-0.37383177570092796,-0.019999999999999574,0.00990025414349479,1.6822429906542031,13078706983.0
2024-01-04,5.28,5.3,5.3,5.22,94306846.0,524522382.0,-0.5628517823639823,-0.03000000000000025,0.007210716328654062,1.5009380863039414,13078706983.0
2024-01-05,5.27,5.26,5.34,5.23,83943121.0,468886537.0,-0.7547169811320753,-0.040000000000000036,0.006418304279552342,2.075471698113197,13078706983.0
2024-01-08,5.22,5.26,5.27,5.19,85618314.0,474099534.0,0.0,0.0,0.006546389800711081,1.5209125475285017,13078706983.0
2024-01-09,5.2,5.24,5.3,5.16,70040851.0,387713851.0,-0.3802281368821214,-0.019999999999999574,0.005355334521297914,2.661596958174899,13078706983.0
2024-01-10,5.22,5.21,5.29,5.18,69318568.0,382685122.0,-0.5725190839694694,-0.03000000000000025,0.005300108649127306,2.09923664122138,13078706983.0
2024-01-11,5.2,5.17,5.22,5.14,82603077.0,451888713.0,-0.7677543186180413,-0.040000000000000036,0.006315844303826774,1.5355086372360858,13078706983.0
2024-01-12,5.14,5.22,5.31,5.12,88945021.0,493132776.0,0.9671179883945724,0.04999999999999982,0.006800750342951543,3.6750483558994103,13078706983.0
2024-01-15,5.19,5.21,5.27,5.17,58299283.0,321597346.0,-0.19157088122604415,-0.009999999999999787,0.004457572378965193,1.9157088122605297,13078706983.0
2024-01-16,5.19,5.21,5.23,5.12,66380975.0,363321747.0,0.0,0.0,0.005075499824736765,2.1113243761996223,13078706983.0
2024-01-17,5.21,5.03,5.21,5.02,74928189.0,403975397.0,-3.454894433781186,-0.17999999999999972,0.0057290211560969565,3.646833013435708,13078706983.0
2024-01-18,5.01,5.01,5.03,4.82,106538993.0,555392492.0,-0.3976143141153132,-0.020000000000000462,0.008145988218749897,4.174950298210735,13078706983.0
2024-01-19,4.99,4.98,5.06,4.94,63440420.0,335042902.0,-0.5988023952095634,-0.02999999999999936,0.00485066452535876,2.395209580838308,13078706983.0
2024-01-22,4.95,4.75,4.97,4.7,95501368.0,488761982.0,-4.618473895582342,-0.23000000000000043,0.007302049669293367,5.421686746987943,13078706983.0
2024-01-23,4.73,4.74,4.79,4.64,84214068.0,418801498.0,-0.21052631578947212,-0.009999999999999787,0.006439020929933162,3.157894736842113,13078706983.0
2024-01-24,4.84,4.99,5.0,4.76,108911132.0,561839640.0,5.2742616033755185,0.25,0.008327362341060561,5.06329113924051,13078706983.0
2024-01-25,4.97,5.34,5.35,4.95,190460217.0,1045309530.0,7.01402805611222,0.34999999999999964,0.014562618250226457,8.016032064128245,13078706983.0
2024-01-26,5.3,5.42,5.49,5.28,186148469.0,1062041318.0,1.4981273408239737,0.08000000000000007,0.014232941317666952,3.9325842696629207,13078706983.0
2024-01-29,5.54,5.44,5.63,5.42,179789877.0,1046536595.0,0.3690036900369176,0.020000000000000462,0.013746762369834797,3.8745387453874534,13078706983.0
2024-01-30,5.36,5.37,5.52,5.33,124595358.0,715091585.0,-1.2867647058823595,-0.07000000000000028,0.009526580736303051,3.4926470588235197,13078706983.0
2024-01-31,5.35,5.38,5.53,5.29,157047293.0,898585228.0,0.18621973929235924,0.009999999999999787,0.012007860807963176,4.469273743016763,13078706983.0
2024-02-01,5.35,5.28,5.41,5.2,124789948.0,699431671.0,-1.8587360594795488,-0.09999999999999964,0.009541459118413219,3.9033457249070627,13078706983.0
2024-02-02,5.28,5.24,5.4,5.07,132343794.0,737695026.0,-0.7575757575757569,-0.040000000000000036,0.010119027375720204,6.250000000000002,13078706983.0
2024-02-05,5.14,5.2,5.3,5.09,140699489.0,773594882.0,-0.7633587786259555,-0.040000000000000036,0.010757905134114893,4.007633587786259,13078706983.0
2024-02-06,5.12,5.35,5.36,5.1,153604678.0,851728231.0,2.8846153846153744,0.14999999999999947,0.011744637921750128,5.000000000000012,13078706983.0
2024-02-07,5.33,5.42,5.42,5.25,167639690.0,948522924.0,1.3084112149532867,0.07000000000000028,0.01281775715427388,3.1775700934579425,13078706983.0
2024-02-08,5.44,5.39,5.46,5.32,149812105.0,849725576.0,-0.5535055350553542,-0.03000000000000025,0.011454657191626754,2.583025830258297,13078706983.0
2024-02-19,5.45,5.58,5.58,5.4,154047329.0,895540882.0,3.5250463821892453,0.1900000000000004,0.01177848308706925,3.339517625231906,13078706983.0
2024-02-20,5.55,5.58,5.67,5.49,121264519.0,716959575.0,0.0,0.0,0.009271904260690477,3.225806451612898,13078706983.0
2024-02-21,5.6,5.7,5.82,5.58,150359295.0,910083565.0,2.1505376344086002,0.1200000000000001,0.011496495425384208,4.3010752688172085,13078706983.0
2024-02-22,5.68,5.76,5.77,5.64,112110981.0,677540090.0,1.0526315789473717,0.05999999999999961,0.008572023300600312,2.280701754385963,13078706983.0
2024-02-23,5.78,5.83,5.87,5.73,116561071.0,716014823.0,1.2152777777777901,0.07000000000000028,0.008912277884312932,2.43055555555555,13078706983.0
2024-02-26,5.77,5.63,5.87,5.63,143438024.0,867267939.0,-3.430531732418529,-0.20000000000000018,0.010967293952410128,4.116638078902233,13078706983.0
2024-02-27,5.6,5.73,5.76,5.59,105543739.0,636500920.0,1.7761989342806483,0.10000000000000053,0.00806989094083904,3.0195381882770858,13078706983.0
2024-02-28,5.71,5.64,5.79,5.64,115782323.0,699762695.0,-1.5706806282722696,-0.09000000000000075,0.008852734689331024,2.617801047120425,13078706983.0
2024-02-29,5.59,5.72,5.72,5.59,91106682.0,545803230.0,1.4184397163120588,0.08000000000000007,0.006966031284164599,2.3049645390070905,13078706983.0
2024-03-01,5.72,5.79,5.83,5.72,94927718.0,581194832.0,1.2237762237762295,0.07000000000000028,0.007258188299759999,1.9230769230769287,13078706983.0
2024-03-04,5.82,5.89,5.91,5.78,117449745.0,727373312.0,1.7271157167530138,0.09999999999999964,0.008980226038603345,2.2452504317789272,13078706983.0
2024-03-05,5.89,5.91,5.94,5.84,87236598.0,542664203.0,0.339558573853993,0.020000000000000462,0.00667012405074845,1.6977928692699582,13078706983.0
2024-03-06,5.91,5.93,5.96,5.86,90769760.0,568037494.0,0.33840947546530664,0.019999999999999574,0.006940270174871613,1.6920473773265592,13078706983.0
2024-03-07,5.94,6.13,6.29,5.92,210178253.0,1365743490.0,3.3726812816188945,0.20000000000000018,0.01607026239468431,6.239460370994943,13078706983.0
2024-03-08,6.18,6.3,6.32,6.07,164052809.0,1075723906.0,2.7732463295269127,0.16999999999999993,0.012543503666932791,4.078303425774878,13078706983.0
2024-03-11,6.27,6.25,6.33,6.12,146579432.0,959988246.0,-0.7936507936507908,-0.04999999999999982,0.011207486503866725,3.3333333333333326,13078706983.0
2024-03-12,6.22,6.02,6.23,5.95,178146653.0,1138236734.0,-3.6800000000000055,-0.23000000000000043,0.013621121203461402,4.480000000000004,13078706983.0
2024-03-13,6.0,6.09,6.16,5.91,138258834.0,883979602.0,1.1627906976744207,0.07000000000000028,0.01057129226763104,4.152823920265781,13078706983.0
2024-03-14,6.17,6.12,6.32,6.08,148849106.0,975893818.0,0.49261083743843415,0.03000000000000025,0.011381026136106379,3.940886699507393,13078706983.0
2024-03-15,6.07,6.37,6.38,6.02,202203104.0,1336978936.0,4.084967320261446,0.25,0.015460481243507343,5.8823529411764754,13078706983.0
2024-03-18,6.41,6.42,6.55,6.25,181763244.0,1230296088.0,0.7849293563579218,0.04999999999999982,0.013897646322091319,4.709576138147564,13078706983.0
2024-03-19,6.35,6.33,6.53,6.3,126451482.0,855694452.0,-1.4018691588784993,-0.08999999999999986,0.009668500270276298,3.5825545171339632,13078706983.0
2024-03-20,6.27,6.31,6.41,6.21,111587713.0,741770192.0,-0.3159557661927437,-0.020000000000000462,0.008532014146738225,3.159557661927333,13078706983.0
2024-03-21,6.43,6.54,6.65,6.35,181720038.0,1244697233.0,3.645007923930277,0.23000000000000043,0.013894342784512554,4.754358161648189,13078706983.0
2024-03-22,6.5,6.53,6.67,6.46,168083222.0,1163826533.0,-0.1529051987767538,-0.009999999999999787,0.012851669680992042,3.211009174311926,13078706983.0
2024-03-25,6.53,6.77,6.93,6.52,257900076.0,1851092857.0,3.6753445635528292,0.23999999999999932,0.019719080512716154,6.278713629402759,13078706983.0
2024-03-26,6.77,6.79,6.83,6.68,135164261.0,965926774.0,0.2954209748892156,0.020000000000000462,0.010334680727665937,2.215657311669134,13078706983.0
2024-03-27,6.75,6.72,6.86,6.68,128365687.0,917363421.0,-1.0309278350515538,-0.07000000000000028,0.00981486068667588,2.6509572901325567,13078706983.0
2024-03-28,6.72,6.73,6.81,6.59,204696485.0,1450203688.0,0.14880952380953438,0.010000000000000675,0.015651125548272405,3.2738095238095206,13078706983.0
2024-03-29,6.77,7.0,7.01,6.77,215383094.0,1577275415.0,4.011887072808307,0.2699999999999996,0.016468225358971633,3.5661218424962877,13078706983.0
2024-04-01,7.09,6.83,7.1,6.77,256024354.0,1870953146.0,-2.4285714285714244,-0.16999999999999993,0.019575662512569956,4.714285714285715,13078706983.0
2024-04-02,6.78,6.84,6.93,6.76,167724771.0,1211135898.0,0.14641288433381305,0.009999999999999787,0.012824262460961352,2.4890190336749622,13078706983.0
2024-04-03,6.91,7.09,7.12,6.82,279016305.0,2064266052.0,3.654970760233911,0.25,0.021333630714616646,4.385964912280699,13078706983.0
2024-04-08,7.09,6.94,7.31,6.88,322542445.0,2429539121.0,-2.115655853314524,-0.14999999999999947,0.02466164624830635,6.064880112834975,13078706983.0
2024-04-09,6.84,6.81,6.99,6.74,214004409.0,1545382569.0,-1.8731988472622585,-0.13000000000000078,0.01636281088628775,3.602305475504323,13078706983.0
2024-04-10,6.85,6.84,6.94,6.73,174787412.0,1262012120.0,0.4405286343612369,0.03000000000000025,0.013364273106446427,3.083700440528634,13078706983.0
2024-04-11,6.75,6.94,7.13,6.68,203420809.0,1494133238.0,1.4619883040935644,0.10000000000000053,0.015553587159985385,6.578947368421055,13078706983.0
2024-04-12,6.95,7.02,7.12,6.87,172512072.0,1280262781.0,1.1527377521613813,0.07999999999999918,0.013190300250952568,3.602305475504323,13078706983.0
2024-04-15,7.14,7.17,7.19,6.81,264034394.0,1972245610.0,2.1367521367521514,0.15000000000000036,0.020188111435113416,5.413105413105425,13078706983.0
2024-04-16,7.05,6.78,7.17,6.77,217133914.0,1597151610.0,-5.4393305439330515,-0.3899999999999997,0.01660209333248582,5.578800557880061,13078706983.0
2024-04-17,6.79,7.05,7.06,6.76,179229871.0,1309949799.0,3.9823008849557473,0.2699999999999996,0.013703944222694725,4.424778761061944,13078706983.0
2024-04-18,6.95,6.96,6.99,6.82,164961449.0,1206328498.0,-1.276595744680853,-0.08999999999999986,0.012612978424734236,2.4113475177304955,13078706983.0
2024-04-19,6.96,6.91,7.12,6.85,163596161.0,1206420409.0,-0.7183908045977017,-0.04999999999999982,0.012508588288784664,3.8793103448275925,13078706983.0
2024-04-22,6.99,6.92,7.21,6.91,264554051.0,1971770959.0,0.14471780028944004,0.009999999999999787,0.020227844491345615,4.341534008683065,13078706983.0
2024-04-23,6.77,6.52,6.77,6.49,318619668.0,2229616202.0,-5.780346820809257,-0.40000000000000036,0.0243617100997942,4.046242774566465,13078706983.0
2024-04-24,6.53,6.7,6.7,6.49,155162693.0,1086570600.0,2.7607361963190247,0.1800000000000006,0.01186376399453585,3.220858895705521,13078706983.0
2024-04-25,6.68,6.95,7.04,6.64,199554396.0,1452332095.0,3.731343283582089,0.25,0.015257960611808593,5.970149253731349,13078706983.0
2024-04-26,6.87,7.12,7.17,6.86,227284602.0,1696898856.0,2.446043165467615,0.16999999999999993,0.017378216538946067,4.460431654676253,13078706983.0
2024-04-29,7.1,7.04,7.13,6.91,161382875.0,1196959465.0,-1.1235955056179803,-0.08000000000000007,0.012339360091924158,3.089887640449435,13078706983.0
2024-04-30,7.07,7.02,7.27,7.01,163583734.0,1231229892.0,-0.28409090909091717,-0.020000000000000462,0.012507638118403436,3.693181818181815,13078706983.0
2024-05-06,7.03,7.05,7.07,6.77,179209511.0,1313621646.0,0.42735042735042583,0.03000000000000025,0.013702387493881512,4.273504273504284,13078706983.0
2024-05-07,7.04,7.28,7.38,7.02,249547482.0,1909334003.0,3.2624113475177463,0.23000000000000043,0.019080439857270867,5.106382978723409,13078706983.0
2024-05-08,7.2,7.22,7.3,7.1,121745505.0,929052791.0,-0.8241758241758323,-0.0600000000000005,0.009308680526159624,2.7472527472527495,13078706983.0
2024-05-09,7.22,7.49,7.55,7.2,219478324.0,1718952093.0,3.7396121883656486,0.27000000000000046,0.016781347291080297,4.847645429362876,13078706983.0
2024-05-10,7.53,7.47,7.62,7.37,169456723.0,1339727513.0,-0.2670226969292422,-0.020000000000000462,0.01295668778421779,3.337783711615487,13078706983.0
2024-05-13,7.33,7.4,7.45,7.22,164597271.0,1276600421.0,-0.9370816599732157,-0.0699999999999994,0.012585133317379713,3.078982597054892,13078706983.0
2024-05-14,7.43,7.44,7.51,7.32,141601838.0,1112454023.0,0.540540540540535,0.040000000000000036,0.010826898881063493,2.567567567567561,13078706983.0
2024-05-15,7.35,7.2,7.39,7.16,144067679.0,1107698435.0,-3.2258064516129115,-0.2400000000000002,0.011015437473082196,3.0913978494623593,13078706983.0
2024-05-16,7.28,7.24,7.4,7.22,139492732.0,1075876179.0,0.5555555555555536,0.040000000000000036,0.010665636303444661,2.5000000000000084,13078706983.0
2024-05-17,7.24,7.35,7.35,7.15,99271446.0,758427875.0,1.5193370165745845,0.10999999999999943,0.007590310428166582,2.7624309392265096,13078706983.0
2024-05-20,7.51,7.7,7.81,7.37,302824221.0,2433336863.0,4.761904761904767,0.35000000000000053,0.023153987729338826,5.986394557823123,13078706983.0
2024-05-21,8.03,7.64,8.07,7.57,318998086.0,2635212769.0,-0.7792207792207906,-0.0600000000000005,0.024390643999796076,6.493506493506493,13078706983.0
2024-05-22,7.69,7.49,7.78,7.43,199418581.0,1603938047.0,-1.963350785340312,-0.14999999999999947,0.015247576175474288,4.58115183246074,13078706983.0
2024-05-23,7.23,7.26,7.38,7.1,192760070.0,1481136821.0,-3.070761014686252,-0.23000000000000043,0.014738465373568954,3.738317757009349,13078706983.0
2024-05-24,7.23,7.16,7.32,7.12,192021828.0,1469629179.0,-1.377410468319551,-0.09999999999999964,0.0146820192737397,2.754820936639121,13078706983.0
2024-05-27,7.2,7.58,7.6,7.19,213354160.0,1678514097.0,5.865921787709505,0.41999999999999993,0.016313092745125535,5.726256983240213,13078706983.0
2024-05-28,7.65,7.69,7.9,7.58,205985942.0,1686153368.0,1.451187335092352,0.11000000000000032,0.01574971763399434,4.221635883905018,13078706983.0
2024-05-29,7.7,7.98,8.04,7.66,230531917.0,1929187129.0,3.771131339401812,0.29000000000000004,0.017626506756336893,4.941482444733407,13078706983.0
2024-05-30,8.12,7.83,8.3,7.77,262699900.0,2231316440.0,-1.8796992481203034,-0.15000000000000036,0.02008607581326375,6.641604010025076,13078706983.0
2024-05-31,7.85,7.75,7.9,7.65,138938039.0,1138901251.0,-1.0217113665389577,-0.08000000000000007,0.010623224389123085,3.1928480204342273,13078706983.0
2024-06-03,7.65,7.56,7.76,7.47,173951641.0,1399758182.0,-2.4516129032258083,-0.1900000000000004,0.013300369923885159,3.741935483870968,13078706983.0
2024-06-04,7.56,7.65,7.73,7.42,196914912.0,1582124038.0,1.1904761904762085,0.09000000000000075,0.015056145248605575,4.100529100529108,13078706983.0
2024-06-05,7.63,7.35,7.63,7.33,180195915.0,1411727980.0,-3.9215686274509887,-0.3000000000000007,0.013777808099395663,3.9215686274509776,13078706983.0
2024-06-06,7.38,7.51,7.61,7.37,158686803.0,1258924056.0,2.176870748299331,0.16000000000000014,0.012133218001310429,3.2653061224489828,13078706983.0
2024-06-07,7.56,7.49,7.61,7.35,117557585.0,930140848.0,-0.26631158455392434,-0.019999999999999574,0.00898847150202264,3.462050599201074,13078706983.0
2024-06-11,7.22,7.28,7.4,7.18,141423304.0,1088617011.0,-2.8037383177570097,-0.20999999999999996,0.010813248143247281,2.9372496662216374,13078706983.0
2024-06-12,7.25,7.44,7.48,7.25,106229633.0,829589915.0,2.19780219780219,0.16000000000000014,0.008122334504326742,3.159340659340665,13078706983.0
2024-06-13,7.39,7.25,7.48,7.16,131074539.0,1007870480.0,-2.553763440860224,-0.1900000000000004,0.010021979938106546,4.3010752688172085,13078706983.0
2024-06-14,7.21,7.31,7.33,7.19,116277062.0,893706478.0,0.8275862068965356,0.05999999999999961,0.008890562511350668,1.9310344827586163,13078706983.0
2024-06-17,7.21,7.09,7.32,7.06,147844239.0,1118379464.0,-3.0095759233926045,-0.21999999999999975,0.011304193846698401,3.556771545827643,13078706983.0
2024-06-18,7.11,7.14,7.21,7.0,108110629.0,813351829.0,0.7052186177715081,0.04999999999999982,0.008266155755345284,2.961918194640338,13078706983.0
2024-06-19,7.19,7.23,7.36,7.15,117359463.0,902756711.0,1.26050420168069,0.09000000000000075,0.008973323062635052,2.941176470588235,13078706983.0
2024-06-20,7.23,7.23,7.36,7.19,98203695.0,753152830.0,0.0,0.0,0.00748326972576349,2.3513139695712297,13123099741.0
2024-06-21,7.28,7.17,7.3,7.12,97464349.0,742148317.0,-0.8298755186722073,-0.0600000000000005,0.007426930445060617,2.4896265560165936,13123099741.0
2024-06-24,7.01,7.01,7.12,6.95,119226555.0,884449074.0,-2.231520223152028,-0.16000000000000014,0.009085243376418532,2.3709902370990226,13123099741.0
2024-06-25,7.0,7.14,7.23,6.98,121032612.0,908124585.0,1.854493580599148,0.1299999999999999,0.009222867644742684,3.566333808844508,13123099741.0
2024-06-26,7.13,7.14,7.16,6.96,103366671.0,770797039.0,0.0,0.0,0.007876696286705454,2.801120448179274,13123099741.0
2024-06-27,7.09,6.95,7.12,6.93,85925315.0,634984486.0,-2.6610644257702987,-0.1899999999999995,0.006547638644515275,2.6610644257703138,13123099741.0
2024-06-28,6.94,7.22,7.27,6.92,122653083.0,926498471.0,3.8848920863309377,0.2699999999999996,0.009346349979860296,5.035971223021578,13123099741.0
2024-07-01,7.24,7.48,7.48,7.23,121613859.0,948498419.0,3.6011080332410073,0.2600000000000007,0.00926715954311057,3.4626038781163437,13123099741.0
2024-07-02,7.47,7.38,7.47,7.29,110951752.0,863757398.0,-1.3368983957219305,-0.10000000000000053,0.00845469090304615,2.4064171122994615,13123099741.0
2024-07-03,7.4,7.26,7.44,7.18,105558998.0,813246024.0,-1.6260162601625994,-0.1200000000000001,0.008043754911822094,3.523035230352313,13123099741.0
2024-07-04,7.3,7.18,7.39,7.17,104167389.0,800888032.0,-1.1019283746556474,-0.08000000000000007,0.007937712206404544,3.0303030303030267,13123099741.0
2024-07-05,7.17,7.28,7.3,7.08,101810957.0,774498597.0,1.392757660167132,0.10000000000000053,0.007758148532691245,3.064066852367685,13123099741.0
2024-07-08,7.29,7.32,7.43,7.24,131477081.0,1020335281.0,0.5494505494505475,0.040000000000000036,0.010018751940841475,2.609890109890103,13123099741.0
2024-07-09,7.35,7.63,7.65,7.32,160513411.0,1275453424.0,4.234972677595628,0.3099999999999996,0.012231364095977575,4.508196721311476,13123099741.0
2024-07-10,7.56,7.15,7.61,7.08,228069835.0,1767311344.0,-6.290956749672338,-0.47999999999999954,0.017379265531865928,6.946264744429885,13123099741.0
2024-07-11,7.16,7.38,7.45,6.95,185017198.0,1423771603.0,3.2167832167832033,0.22999999999999954,0.014098589635949944,6.9930069930069925,13123099741.0
2024-07-12,7.66,7.49,7.85,7.45,332400816.0,2688574049.0,1.4905149051490652,0.11000000000000032,0.025329443695493132,5.4200542005419985,13123099741.0
2024-07-15,7.47,7.62,7.76,7.37,167993312.0,1354018977.0,1.735647530040052,0.1299999999999999,0.01280134383762587,5.206942590120156,13123099741.0
2024-07-16,7.58,7.48,7.65,7.43,158129742.0,1253602266.0,-1.8372703412073421,-0.13999999999999968,0.012049724921769913,2.887139107611557,13123099741.0
2024-07-17,7.43,6.95,7.45,6.93,282183482.0,2115127280.0,-7.085561497326209,-0.5300000000000002,0.02150280707829911,6.951871657754016,13123099741.0
2024-07-18,6.86,6.96,6.97,6.7,157482930.0,1137874971.0,0.14388489208632116,0.009999999999999787,0.01200043687147954,3.884892086330929,13123099741.0
2024-07-19,6.84,6.87,6.93,6.71,124766237.0,901500463.0,-1.2931034482758563,-0.08999999999999986,0.00950737550292311,3.160919540229881,13123099741.0
2024-07-22,6.87,7.02,7.06,6.82,142417622.0,1047815255.0,2.183406113537112,0.14999999999999947,0.010852437671798687,3.4934497816593786,13123099741.0
2024-07-23,7.0,6.63,7.05,6.62,164102107.0,1174336773.0,-5.5555555555555465,-0.3899999999999997,0.012504828145693508,6.125356125356122,13123099741.0
2024-07-24,6.63,6.54,6.65,6.44,140542204.0,969939799.0,-1.3574660633484115,-0.08999999999999986,0.010709527990624758,3.167420814479638,13123099741.0
2024-07-25,6.48,6.37,6.51,6.31,128144107.0,865164169.0,-2.599388379204892,-0.16999999999999993,0.009764774293351155,3.058103975535171,13123099741.0
2024-07-26,6.43,6.53,6.65,6.41,118168612.0,806309957.0,2.511773940345363,0.16000000000000014,0.009004626523626146,3.7676609105180567,13123099741.0
2024-07-29,6.55,6.55,6.62,6.46,72915007.0,497808724.0,0.3062787136294043,0.019999999999999574,0.005556233545356241,2.450229709035224,13123099741.0
2024-07-30,6.47,6.33,6.48,6.3,126837639.0,841381967.0,-3.358778625954195,-0.21999999999999975,0.009665219460591769,2.7480916030534446,13123099741.0
2024-07-31,6.34,6.61,6.63,6.34,124475810.0,845718716.0,4.423380726698256,0.28000000000000025,0.009485244527335639,4.58135860979463,13123099741.0
2024-08-01,6.69,6.55,6.82,6.49,179908834.0,1251371346.0,-0.9077155824508409,-0.0600000000000005,0.013709324591804914,4.992435703479577,13123099741.0
2024-08-02,6.43,6.29,6.44,6.23,203161273.0,1339569961.0,-3.969465648854964,-0.2599999999999998,0.015481195526181286,3.206106870229007,13123099741.0
2024-08-05,6.2,6.09,6.3,6.05,184833616.0,1191483590.0,-3.1796502384737746,-0.20000000000000018,0.014084600410566977,3.97456279809221,13123099741.0
2024-08-06,6.13,6.11,6.17,5.99,119496288.0,758217387.0,0.3284072249589487,0.020000000000000462,0.00910579743798352,2.9556650246305374,13123099741.0
2024-08-07,6.12,6.15,6.21,6.06,102740679.0,659834682.0,0.654664484451728,0.040000000000000036,0.007828994751827665,2.45499181669395,13123099741.0
2024-08-08,6.1,6.12,6.16,6.05,79891596.0,509362637.0,-0.4878048780487809,-0.03000000000000025,0.006087860153222621,1.7886178861788666,13123099741.0
2024-08-09,6.22,6.2,6.37,6.19,149345807.0,976476801.0,1.3071895424836555,0.08000000000000007,0.011380375821834578,2.9411764705882306,13123099741.0
2024-08-12,6.2,6.28,6.39,6.19,119511703.0,784350795.0,1.2903225806451646,0.08000000000000007,0.009106972084241206,3.2258064516128915,13123099741.0
2024-08-13,6.31,6.28,6.36,6.21,78988922.0,515857222.0,0.0,0.0,0.0060190750324954035,2.3885350318471397,13123099741.0
2024-08-14,6.27,6.16,6.28,6.15,71250281.0,461532151.0,-1.9108280254777066,-0.1200000000000001,0.005429378912468025,2.070063694267514,13123099741.0
2024-08-15,6.14,6.27,6.32,6.11,105175998.0,686394572.0,1.7857142857142794,0.10999999999999943,0.008014569733963283,3.4090909090909083,13123099741.0
2024-08-16,6.34,6.34,6.44,6.32,115971110.0,772121363.0,1.1164274322169154,0.07000000000000028,0.008837173555701622,1.913875598086126,13123099741.0
2024-08-19,6.42,6.52,6.61,6.4,155711327.0,1061302751.0,2.8391167192429068,0.17999999999999972,0.01186543804993854,3.3123028391167186,13123099741.0
2024-08-20,6.57,6.42,6.57,6.37,112943980.0,759786285.0,-1.5337423312883347,-0.09999999999999964,0.008606501682459475,3.06748466257669,13123099741.0
2024-08-21,6.42,6.5,6.51,6.38,118535116.0,798469044.0,1.2461059190031154,0.08000000000000007,0.00903255468139629,2.024922118380061,13123099741.0
2024-08-22,6.49,6.47,6.51,6.38,95051155.0,639946766.0,-0.4615384615384688,-0.03000000000000025,0.00724304142130653,1.9999999999999982,13123099741.0
2024-08-23,6.43,6.49,6.54,6.38,78215335.0,529935445.0,0.30911901081918103,0.020000000000000462,0.005960126535930746,2.472952086553325,13123099741.0
2024-08-26,6.58,6.58,6.62,6.47,101264778.0,692366911.0,1.3867488443759513,0.08999999999999986,0.007716528868832896,2.311248073959944,13123099741.0
2024-08-27,6.57,6.6,6.65,6.53,102305902.0,702866334.0,0.3039513677811412,0.019999999999999574,0.007795864088449284,1.8237082066869317,13123099741.0
2024-08-28,6.6,6.57,6.7,6.49,126551654.0,870229013.0,-0.4545454545454408,-0.02999999999999936,0.009643426972106255,3.1818181818181817,13123099741.0
2024-08-29,6.51,6.55,6.64,6.38,134711014.0,917549469.0,-0.3044140030441511,-0.020000000000000462,0.01026518251470173,3.9573820395738166,13123099741.0
2024-08-30,6.52,6.54,6.63,6.41,142225272.0,968008319.0,-0.15267175572518665,-0.009999999999999787,0.010837780311586828,3.3587786259541943,13123099741.0
2024-09-02,6.47,6.48,6.54,6.4,115109414.0,778400962.0,-0.917431192660545,-0.05999999999999961,0.00877151102040077,2.1406727828746126,13123099741.0
2024-09-03,6.46,6.54,6.65,6.45,110398606.0,757966316.0,0.92592592592593,0.05999999999999961,0.008412540343276204,3.0864197530864224,13123099741.0
2024-09-04,6.44,6.33,6.45,6.24,133608780.0,885352847.0,-3.2110091743119296,-0.20999999999999996,0.010181190620884423,3.211009174311926,13123099741.0
2024-09-05,6.34,6.19,6.4,6.11,133551295.0,866917546.0,-2.211690363349128,-0.13999999999999968,0.010176810177152794,4.58135860979463,13123099741.0
2024-09-06,6.22,6.19,6.24,6.16,68660307.0,444664992.0,0.0,0.0,0.005232018985993623,1.2924071082390964,13123099741.0
2024-09-09,6.11,6.07,6.14,5.98,113028627.0,712609591.0,-1.9386106623586419,-0.1200000000000001,0.008612951911572308,2.584814216478178,13123099741.0
2024-09-10,6.08,6.03,6.11,5.94,97535765.0,613191159.0,-0.658978583196046,-0.040000000000000036,0.007432372452010917,2.800658978583195,13123099741.0
2024-09-11,6.01,5.98,6.03,5.87,100072391.0,620802872.0,-0.8291873963515717,-0.04999999999999982,0.00762566718039547,2.6533996683250436,13123099741.0
2024-09-12,6.03,6.04,6.14,5.97,94821576.0,599720715.0,1.0033444816053505,0.05999999999999961,0.007225547155124682,2.8428093645484935,13123099741.0
2024-09-13,6.1,6.05,6.2,6.04,105015541.0,670351513.0,0.16556291390728006,0.009999999999999787,0.008002342668470616,2.6490066225165587,13123099741.0
2024-09-18,6.12,6.3,6.35,6.09,135340625.0,876205324.0,4.132231404958686,0.25,0.010313159822839755,4.297520661157021,13123099741.0
2024-09-19,6.31,6.68,6.68,6.26,196312940.0,1340243540.0,6.0317460317460325,0.3799999999999999,0.014959342219023678,6.666666666666665,13123099741.0
2024-09-20,6.62,6.76,6.78,6.57,162073786.0,1134746980.0,1.1976047904191711,0.08000000000000007,0.01235026702522416,3.143712574850299,13123099741.0
2024-09-23,6.69,6.7,6.78,6.62,110779046.0,775797565.0,-0.8875739644970349,-0.05999999999999961,0.008441530445272565,2.3668639053254457,13123099741.0
2024-09-24,6.78,6.94,7.03,6.76,196760119.0,1415067277.0,3.5820895522387985,0.2400000000000002,0.014993417933513822,4.0298507462686635,13123099741.0
2024-09-25,7.09,7.08,7.3,7.04,225547304.0,1683177884.0,2.0172910662824117,0.13999999999999968,0.017187044863747485,3.7463976945244926,13123099741.0
2024-09-26,7.07,7.51,7.52,7.03,199524272.0,1519643109.0,6.073446327683607,0.4299999999999997,0.01520405056258423,6.920903954802251,13123099741.0
2024-09-27,7.65,7.79,7.87,7.65,114575439.0,929381306.0,3.7283621837550074,0.28000000000000025,0.008730821319755448,2.929427430093206,13123099741.0
2024-09-30,8.04,8.52,8.54,8.04,325958617.0,2853463409.0,9.37098844672657,0.7299999999999995,0.024838538411898214,6.418485237483954,13123099741.0
2024-10-08,9.26,8.34,9.31,8.01,612233944.0,5443742106.0,-2.1126760563380254,-0.17999999999999972,0.046653150252849246,15.258215962441323,13123099741.0
2024-10-09,8.14,7.65,8.14,7.59,365056483.0,2983608442.0,-8.273381294964022,-0.6899999999999995,0.02781785479077538,6.59472422062351,13123099741.0
2024-10-10,7.75,8.13,8.38,7.74,327788343.0,2766897167.0,6.2745098039215685,0.4800000000000004,0.024977966293733438,8.36601307189543,13123099741.0
2024-10-11,8.22,8.16,8.43,7.95,264888863.0,2272573675.0,0.36900369003689537,0.02999999999999936,0.020184931016901275,5.9040590405904,13123099741.0
2024-10-14,8.35,8.7,8.83,8.35,423082173.0,3815754836.0,6.617647058823528,0.5399999999999991,0.032239499916180664,5.8823529411764754,13123099741.0
2024-10-15,8.55,8.15,8.57,8.15,273428862.0,2387124661.0,-6.321839080459757,-0.5499999999999989,0.020835691825593358,4.827586206896551,13123099741.0
2024-10-16,8.0,8.28,8.38,7.98,192436023.0,1654697867.0,1.595092024539868,0.129999999999999,0.01466391529424862,4.907975460122704,13123099741.0
2024-10-17,8.36,8.15,8.52,8.14,183624360.0,1596695199.0,-1.5700483091787287,-0.129999999999999,0.013992453278878115,4.589371980676317,13123099741.0
2024-10-18,8.06,8.19,8.34,8.03,236161880.0,2009670815.0,0.4907975460122671,0.03999999999999915,0.01799589156989857,3.8036809815950976,13123099741.0
2024-10-21,8.26,8.39,8.49,8.16,228666561.0,1990910130.0,2.4420024420024555,0.20000000000000107,0.017424736953388063,4.02930402930403,13123099741.0
2024-10-22,8.33,8.46,8.48,8.22,171198521.0,1498840308.0,0.8343265792610355,0.07000000000000028,0.013045585599348224,3.09892729439809,13123099741.0
2024-10-23,8.48,8.35,8.52,8.24,189929305.0,1659281760.0,-1.3002364066194039,-0.11000000000000121,0.01447289960058835,3.3096926713947914,13123099741.0
2024-10-24,8.26,8.45,8.51,8.19,181203156.0,1582019949.0,1.197604790419149,0.09999999999999964,0.013807953881038783,3.832335329341321,13123099741.0
2024-10-25,8.32,8.13,8.34,8.07,279195839.0,2383558505.0,-3.786982248520687,-0.3199999999999985,0.021275144174033752,3.195266272189344,13123099741.0
2024-10-28,8.16,8.22,8.34,8.15,189761154.0,1631605771.0,1.1070110701107083,0.08999999999999986,0.01446008624068721,2.337023370233696,13123099741.0
2024-10-29,8.17,8.0,8.17,7.96,169548815.0,1423481088.0,-2.676399026763998,-0.22000000000000064,0.012919875513121728,2.5547445255474446,13123099741.0
2024-10-30,7.61,7.36,7.61,7.29,523755239.0,4057776575.0,-7.9999999999999964,-0.6399999999999997,0.039910939437856396,4.0000000000000036,13123099741.0
2024-10-31,7.33,7.31,7.45,7.26,252052395.0,1930421641.0,-0.6793478260869623,-0.05000000000000071,0.019206772788026773,2.58152173913044,13123099741.0
2024-11-01,7.33,7.6,7.8,7.33,397514759.0,3154555397.0,3.9671682626539084,0.29000000000000004,0.03029122439404006,6.429548563611489,13123099741.0
2024-11-04,7.72,7.58,7.72,7.4,274049361.0,2144829798.0,-0.2631578947368318,-0.019999999999999574,0.020882974785583472,4.210526315789466,13123099741.0
2024-11-05,7.55,7.75,7.79,7.49,271729072.0,2173387454.0,2.242744063324542,0.16999999999999993,0.02070616526300164,3.9577836411609475,13123099741.0
2024-11-06,7.83,7.89,8.02,7.78,302978368.0,2503241486.0,1.806451612903226,0.13999999999999968,0.023087408766193876,3.0967741935483786,13123099741.0
2024-11-07,7.79,8.12,8.15,7.71,296238801.0,2475301481.0,2.91508238276299,0.22999999999999954,0.02257384359233912,5.576679340937901,13123099741.0
2024-11-08,8.33,8.14,8.43,8.03,301533713.0,2582816599.0,0.24630541871923928,0.02000000000000135,0.022977323875542126,4.926108374384242,13123099741.0
2024-11-11,8.03,8.03,8.03,7.85,227550042.0,1891338689.0,-1.3513513513513709,-0.11000000000000121,0.017339656521017977,2.2113022113022076,13123099741.0
2024-11-12,7.97,7.72,8.02,7.66,290554646.0,2375198610.0,-3.8605230386052236,-0.3099999999999996,0.02214070240525805,4.4831880448318735,13123099741.0
2024-11-13,7.67,7.76,7.81,7.63,121895960.0,987012806.0,0.5181347150259086,0.040000000000000036,0.009288656064936023,2.3316062176165766,13123099741.0
2024-11-14,7.76,7.61,7.85,7.59,136722142.0,1100112764.0,-1.9329896907216426,-0.14999999999999947,0.010418433502630803,3.3505154639175228,13123099741.0
2024-11-15,7.59,7.64,7.8,7.57,149878608.0,1206002482.0,0.3942181340341522,0.02999999999999936,0.011420976061908604,3.022339027595263,13123099741.0
2024-11-18,7.27,7.47,7.65,7.22,250881808.0,1952321056.0,-2.2251308900523514,-0.16999999999999993,0.01911757229248053,5.628272251308909,13123099741.0
2024-11-19,7.47,7.6,7.61,7.4,134919207.0,1060917053.0,1.7402945113788482,0.1299999999999999,0.010281047135417028,2.811244979919678,13123099741.0
2024-11-20,7.64,7.57,7.78,7.55,138271942.0,1101092646.0,-0.39473684210525883,-0.02999999999999936,0.010536530600922148,3.02631578947369,13123099741.0
2024-11-21,7.56,7.59,7.65,7.46,113600942.0,895414183.0,0.26420079260236484,0.019999999999999574,0.008656563178063861,2.5099075297225943,13123099741.0
2024-11-22,7.56,7.33,7.62,7.31,128124241.0,995023041.0,-3.4255599472990728,-0.2599999999999998,0.009763260474177936,4.08432147562583,13123099741.0
2024-11-25,7.32,7.25,7.43,7.18,108407114.0,825059470.0,-1.0914051841746208,-0.08000000000000007,0.008260785648173334,3.4106412005457027,13123099741.0
2024-11-26,7.21,7.25,7.34,7.16,79610605.0,602311933.0,0.0,0.0,0.0060664482150719025,2.4827586206896513,13123099741.0
2024-11-27,7.23,7.32,7.33,7.13,96307067.0,729019836.0,0.9655172413793212,0.07000000000000028,0.007338743810588554,2.758620689655175,13123099741.0
2024-11-28,7.32,7.2,7.33,7.19,98575885.0,746194960.0,-1.6393442622950838,-0.1200000000000001,0.0075116311653125,1.9125683060109244,13123099741.0
2024-11-29,7.19,7.2,7.29,7.09,115711950.0,869330090.0,0.0,0.0,0.008817425172688855,2.77777777777778,13123099741.0
2024-12-02,7.21,7.27,7.3,7.19,142230415.0,1076177998.0,0.9722222222222188,0.0699999999999994,0.010838172215946431,1.52777777777777,13123099741.0
2024-12-03,7.28,7.27,7.31,7.16,123568957.0,931095398.0,0.0,0.0,0.009416140960503274,2.0632737276478608,13123099741.0
2024-12-04,7.43,7.32,7.47,7.26,218884831.0,1682458866.0,0.687757909215958,0.05000000000000071,0.01667935436900982,2.888583218707015,13123099741.0
2024-12-05,7.29,7.22,7.33,7.19,148401126.0,1119670082.0,-1.3661202185792476,-0.10000000000000053,0.011308389704328469,1.9125683060109244,13123099741.0
2024-12-06,7.2,7.32,7.33,7.18,155111815.0,1175980964.0,1.3850415512465464,0.10000000000000053,0.011819754331012976,2.077562326869811,13123099741.0
2024-12-09,7.3,7.32,7.41,7.27,153599414.0,1177150463.0,0.0,0.0,0.01170450709294811,1.9125683060109366,13123099741.0
2024-12-10,7.5,7.34,7.65,7.33,238581656.0,1862855610.0,0.2732240437158362,0.019999999999999574,0.01818028215198338,4.371584699453555,13123099741.0
2024-12-11,7.32,7.55,7.65,7.31,265224566.0,2079329988.0,2.8610354223433276,0.20999999999999996,0.020210512091999804,4.6321525885558685,13123099741.0
2024-12-12,7.47,7.52,7.56,7.47,127995568.0,1004312611.0,-0.3973509933774877,-0.03000000000000025,0.009753455397440006,1.1920529801324484,13123099741.0
2024-12-13,7.47,7.28,7.51,7.26,193760308.0,1481785555.0,-3.1914893617021156,-0.23999999999999932,0.014764827809289756,3.324468085106383,13123099741.0
2024-12-16,7.26,7.13,7.29,7.11,133375884.0,998446217.0,-2.060439560439564,-0.15000000000000036,0.010163443594297985,2.4725274725274686,13123099741.0
2024-12-17,7.1,7.08,7.14,7.0,124705223.0,921715428.0,-0.7012622720897643,-0.04999999999999982,0.009502726144067032,1.963534361851328,13123099741.0
2024-12-18,7.09,7.07,7.17,7.05,99188885.0,735176440.0,-0.14124293785310327,-0.009999999999999787,0.007558342690188352,1.6949152542372896,13123099741.0
2024-12-19,7.0,7.08,7.09,6.9,97712112.0,716008632.0,0.14144271570013522,0.009999999999999787,0.007445810359477934,2.6874115983026803,13123099741.0
2024-12-20,7.08,6.97,7.12,6.95,88121486.0,643919973.0,-1.5536723163841804,-0.11000000000000032,0.006714990188231627,2.401129943502824,13123099741.0
2024-12-23,6.97,6.98,7.08,6.95,107860873.0,789065309.0,0.1434720229555264,0.010000000000000675,0.008219161259821441,1.8651362984218063,13123099741.0
2024-12-24,6.96,7.11,7.11,6.95,99027637.0,727624002.0,1.8624641833810962,0.1299999999999999,0.007546055349302248,2.2922636103151883,13123099741.0
2024-12-25,7.12,7.07,7.12,7.04,60567506.0,447731605.0,-0.5625879043600568,-0.040000000000000036,0.004615335339620353,1.1251758087201134,13123099741.0
2024-12-26,7.07,7.12,7.16,7.02,80820737.0,599360655.0,0.7072135785006983,0.04999999999999982,0.006158662099282447,1.9801980198019882,13123099741.0
2024-12-27,7.13,7.05,7.21,7.04,111498955.0,816606805.0,-0.98314606741573,-0.07000000000000028,0.00849638859724948,2.387640449438201,13123099741.0
2024-12-30,7.04,7.24,7.27,7.03,152277560.0,1130578485.0,2.695035460992923,0.1900000000000004,0.011603779823774791,3.4042553191489264,13123099741.0
2024-12-31,7.23,7.12,7.27,7.12,106095258.0,785872987.0,-1.6574585635359185,-0.1200000000000001,0.008084618732914956,2.071823204419882,13123099741.0
2025-01-02,7.11,6.97,7.2,6.9,130703562.0,953320473.0,-2.1067415730337102,-0.15000000000000036,0.009959808625979413,4.2134831460674125,13123099741.0
2025-01-03,6.95,7.07,7.23,6.94,180001546.0,1321722075.0,1.434720229555242,0.10000000000000053,0.013705486656666337,4.160688665710187,13133539180.999998
2025-01-06,7.02,6.95,7.15,6.89,135571631.0,979783169.0,-1.6973125884017004,-0.1200000000000001,0.010322551227937744,3.6775106082036872,13133539180.999998
2025-01-07,6.93,6.97,7.09,6.86,128898156.0,926997348.0,0.2877697841726645,0.019999999999999574,0.009814426577907813,3.3093525179856047,13133539180.999998
2025-01-08,6.96,6.85,6.96,6.74,144671025.0,1019112695.0,-1.7216642754662836,-0.1200000000000001,0.011015387627524832,3.156384505021517,13133539180.999998
2025-01-09,6.84,6.99,7.05,6.79,141622533.0,1017316911.0,2.0437956204379715,0.14000000000000057,0.010783272585418727,3.7956204379562015,13133539180.999998
2025-01-10,7.04,7.05,7.15,6.93,135467479.0,988232888.0,0.8583690987124415,0.05999999999999961,0.0103146209969037,3.1473533619456457,13133539180.999998
2025-01-13,7.02,7.19,7.29,6.98,180303312.0,1341765608.0,1.9858156028368823,0.14000000000000057,0.013728463403135145,4.39716312056737,13133539180.999998
2025-01-14,7.16,7.3,7.3,7.12,144878113.0,1082637728.0,1.5299026425591,0.10999999999999943,0.011031155502211619,2.5034770514603575,13133539180.999998
2025-01-15,7.28,7.16,7.39,7.1,131471502.0,975725822.0,-1.9178082191780743,-0.13999999999999968,0.010010363557615675,3.9726027397260277,13133539180.999998
2025-01-16,7.23,7.52,7.53,7.2,261282601.0,2006662550.0,5.027932960893855,0.35999999999999943,0.019894302472405288,4.6089385474860345,13133539180.999998
2025-01-17,7.5,7.55,7.57,7.42,128245110.0,995445744.0,0.3989361702127603,0.03000000000000025,0.009764703042537794,1.9946808510638347,13133539180.999998
2025-01-20,7.6,7.51,7.63,7.47,108302970.0,840584752.0,-0.5298013245033095,-0.040000000000000036,0.008246289785824031,2.119205298013247,13133539180.999998
2025-01-21,7.53,7.43,7.55,7.4,92107408.0,708082946.0,-1.0652463382157085,-0.08000000000000007,0.007013144494459632,1.9973368841544537,13133539180.999998
2025-01-22,7.44,7.45,7.47,7.34,91781238.0,701907211.0,0.2691790040376896,0.020000000000000462,0.006988309604525937,1.7496635262449516,13133539180.999998
2025-01-23,7.47,7.38,7.51,7.36,112247938.0,859153651.0,-0.9395973154362469,-0.07000000000000028,0.008546663351976489,2.0134228187919394,13133539180.999998
2025-01-24,7.41,7.62,7.63,7.39,168465864.0,1307098502.0,3.2520325203251987,0.2400000000000002,0.012827149002130047,3.2520325203252063,13133539180.999998
2025-01-27,7.6,7.51,7.68,7.46,144903462.0,1131121781.0,-1.4435695538057791,-0.11000000000000032,0.011033085598863453,2.8871391076115454,13133539180.999998
2025-02-05,7.57,7.59,7.64,7.47,137014704.0,1070901232.0,1.0652463382157196,0.08000000000000007,0.010432428160584175,2.263648468708388,13133539180.999998
2025-02-06,7.61,7.41,7.64,7.4,194998526.0,1501712279.0,-2.371541501976282,-0.17999999999999972,0.014847370789596461,3.162055335968371,13133539180.999998
2025-02-07,7.42,7.57,7.63,7.31,205187467.0,1587859126.0,2.1592442645074206,0.16000000000000014,0.015623166320380738,4.318488529014849,13133539180.999998
2025-02-10,7.53,7.63,7.8,7.52,191160243.0,1517041091.0,0.7926023778071389,0.05999999999999961,0.014555120319475447,3.6988110964332925,13133539180.999998
2025-02-11,7.61,7.6,7.72,7.56,125674256.0,990395203.0,-0.3931847968545288,-0.03000000000000025,0.009568955806048851,2.096985583224117,13133539180.999998
2025-02-12,7.55,7.45,7.57,7.38,138858443.0,1067315890.0,-1.9736842105263053,-0.14999999999999947,0.010572812178524084,2.5000000000000053,13133539180.999998
2025-02-13,7.44,7.32,7.47,7.32,140124753.0,1066983450.0,-1.744966442953022,-0.1299999999999999,0.010669230210445893,2.0134228187919394,13133539180.999998
2025-02-14,7.3,7.42,7.47,7.3,127073227.0,971447650.0,1.3661202185792254,0.09999999999999964,0.009675474771022425,2.3224043715846987,13133539180.999998
2025-02-17,7.38,7.25,7.42,7.17,187001396.0,1400440713.0,-2.2911051212938016,-0.16999999999999993,0.014238461805522368,3.3692722371967654,13133539180.999998
2025-02-18,7.25,7.21,7.29,7.18,105694441.0,791027836.0,-0.5517241379310311,-0.040000000000000036,0.008047673939474427,1.5172413793103492,13133539180.999998
2025-02-19,7.21,7.25,7.3,7.16,108054049.0,805737655.0,0.554785020804438,0.040000000000000036,0.008227336707254005,1.9417475728155296,13133539180.999998
2025-02-20,7.24,7.27,7.28,7.17,88016869.0,658062806.0,0.27586206896550447,0.019999999999999574,0.006701687015738459,1.5172413793103492,13133539180.999998
2025-02-21,7.32,7.46,7.59,7.3,217378558.0,1681646025.0,2.613480055020645,0.1900000000000004,0.016551407431324893,3.988995873452546,13133539180.999998
2025-02-24,7.4,7.45,7.47,7.28,138845207.0,1056908820.0,-0.13404825737265424,-0.009999999999999787,0.010571804377061159,2.546916890080422,13133539180.999998
2025-02-25,7.39,7.18,7.42,7.17,143614530.0,1077053414.0,-3.624161073825505,-0.27000000000000046,0.010934945106629292,3.3557046979865772,13133539180.999998
2025-02-26,7.18,7.17,7.3,7.12,126500058.0,937812266.0,-0.139275766016711,-0.009999999999999787,0.009631833145402639,2.506963788300832,13133539180.999998
2025-02-27,7.17,7.0,7.17,6.93,193040157.0,1397185148.0,-2.3709902370990243,-0.16999999999999993,0.014698258735868162,3.347280334728037,13133539180.999998
2025-02-28,6.98,6.92,7.04,6.92,112463845.0,811049935.0,-1.1428571428571455,-0.08000000000000007,0.008563102713600532,1.7142857142857157,13133539180.999998
2025-03-03,6.97,7.08,7.2,6.93,202935602.0,1489657188.0,2.3121387283236983,0.16000000000000014,0.015451707205745612,3.901734104046249,13133539180.999998
2025-03-04,7.08,7.01,7.09,6.95,100915294.0,729257120.0,-0.9887005649717562,-0.07000000000000028,0.007683785201325773,1.9774011299434981,13133539180.999998
2025-03-05,7.01,7.17,7.18,6.92,167596126.0,1225770118.0,2.2824536376604865,0.16000000000000014,0.012760926334499205,3.708987161198285,13133539180.999998
2025-03-06,7.24,7.41,7.42,7.23,217610917.0,1658083923.0,3.347280334728042,0.2400000000000002,0.016569099463670304,2.6499302649930194,13133539180.999998
2025-03-07,7.42,7.48,7.56,7.38,155591527.0,1207359555.0,0.9446693657219951,0.07000000000000028,0.011846884899471031,2.4291497975708465,13133539180.999998
2025-03-10,7.55,7.54,7.58,7.44,121477007.0,943133018.0,0.8021390374331583,0.05999999999999961,0.009249373327772769,1.871657754010691,13133539180.999998
2025-03-11,7.46,7.47,7.47,7.32,128287939.0,980000501.0,-0.9283819628647216,-0.07000000000000028,0.009767964082795849,1.989389920424396,13133539180.999998
2025-03-12,7.47,7.49,7.59,7.47,106268610.0,825863744.0,0.2677376171352108,0.020000000000000462,0.008091391706032784,1.6064257028112465,13133539180.999998
2025-03-13,7.47,7.55,7.57,7.45,105245411.0,816933912.0,0.8010680907877044,0.05999999999999961,0.008013484373827902,1.6021361815754354,13133539180.999998
2025-03-14,7.63,7.55,7.67,7.53,119448142.0,933978209.0,0.0,0.0,0.00909489364243897,1.854304635761585,13133539180.999998
2025-03-17,7.52,7.45,7.6,7.44,110546814.0,855294285.0,-1.3245033112582738,-0.09999999999999964,0.00841713817399088,2.1192052980132354,13133539180.999998
2025-03-18,7.48,7.5,7.58,7.44,94567471.0,734492973.0,0.6711409395973034,0.04999999999999982,0.007200456000223358,1.879194630872479,13133539180.999998
2025-03-19,7.47,7.45,7.48,7.38,85994739.0,659847641.0,-0.6666666666666599,-0.04999999999999982,0.006547720139625936,1.3333333333333404,13133539180.999998
2025-03-20,7.48,7.49,7.58,7.47,106782404.0,830820851.0,0.5369127516778427,0.040000000000000036,0.00813051246342492,1.4765100671140983,13133539180.999998
2025-03-21,7.47,7.34,7.54,7.32,100001704.0,767152698.0,-2.002670226969294,-0.15000000000000036,0.007614223601256717,2.9372496662216254,13133539180.999998
2025-03-24,7.37,7.58,7.62,7.32,185365945.0,1440872689.0,3.2697547683923744,0.2400000000000002,0.01411393703139553,4.087193460490461,13133539180.999998
2025-03-25,7.61,7.62,7.73,7.55,125572009.0,990250215.0,0.5277044854881341,0.040000000000000036,0.009561170623502785,2.3746701846965776,13133539180.999998
2025-03-26,7.65,7.44,7.72,7.43,150225928.0,1172058439.0,-2.3622047244094446,-0.17999999999999972,0.011438343155615552,3.8057742782152237,13133539180.999998
2025-03-27,7.41,7.41,7.46,7.32,108694001.0,830896009.0,-0.40322580645161255,-0.03000000000000025,0.008276063253174377,1.8817204301075225,13133539180.999998
2025-03-28,7.37,7.34,7.44,7.27,140304186.0,1062657191.0,-0.9446693657220062,-0.07000000000000028,0.0106828924074765,2.2941970310391473,13133539180.999998
2025-03-31,7.28,7.22,7.33,7.17,113849446.0,851008091.0,-1.6348773841961872,-0.1200000000000001,0.008668603674225412,2.1798365122615824,13133539180.999998
2025-04-01,7.25,7.37,7.39,7.19,124520998.0,940555585.0,2.0775623268698196,0.15000000000000036,0.009481145659514367,2.770083102493065,13133539180.999998
2025-04-02,7.33,7.22,7.38,7.2,94661915.0,711464073.0,-2.0352781546811416,-0.15000000000000036,0.007207647055025755,2.4423337856173637,13133539180.999998
2025-04-03,7.16,6.94,7.17,6.92,205172086.0,1485656417.0,-3.878116343490301,-0.27999999999999936,0.015621995196604578,3.4626038781163437,13133539180.999998
2025-04-07,6.29,6.25,6.39,6.25,176584500.0,1143802530.0,-9.942363112391938,-0.6900000000000004,0.013445309567086144,2.0172910662824157,13133539180.999998
2025-04-08,6.32,6.08,6.35,5.94,358227054.0,2236635395.0,-2.72,-0.16999999999999993,0.027275744113074957,6.559999999999988,13133539180.999998
2025-04-09,6.04,6.17,6.17,5.77,316222819.0,1944307227.0,1.4802631578947345,0.08999999999999986,0.024077502236219205,6.5789473684210575,13133539180.999998
2025-04-10,6.32,6.42,6.43,6.23,252877632.0,1654623974.0,4.051863857374394,0.25,0.01925434024408535,3.2414910858995025,13133539180.999998
2025-04-11,6.34,6.35,6.39,6.27,156217460.0,1020850503.0,-1.0903426791277315,-0.07000000000000028,0.011894544025573576,1.8691588785046744,13133539180.999998
2025-04-14,6.41,6.37,6.47,6.35,175126488.0,1158945646.0,0.31496062992126816,0.020000000000000462,0.013334295164958402,1.8897637795275608,13133539180.999998
2025-04-15,6.36,6.25,6.36,6.21,168271933.0,1086216900.0,-1.883830455259028,-0.1200000000000001,0.01281238291377204,2.354788069073789,13133539180.999998
2025-04-16,6.25,6.21,6.25,6.12,145291982.0,924621743.0,-0.6399999999999961,-0.040000000000000036,0.011062667876317048,2.0799999999999983,13133539180.999998
2025-04-17,6.17,6.2,6.23,6.14,131056415.0,836876124.0,-0.16103059581320522,-0.009999999999999787,0.009978758443847066,1.4492753623188526,13133539180.999998
2025-04-18,6.17,6.2,6.22,6.14,91703054.0,584936899.0,0.0,0.0,0.0069823566013847045,1.2903225806451624,13133539180.999998
2025-04-21,6.19,6.33,6.34,6.17,153169510.0,991309517.0,2.0967741935483897,0.1299999999999999,0.011662470251856176,2.741935483870966,13133539180.999998
2025-04-22,6.31,6.27,6.32,6.27,113835251.0,739502113.0,-0.9478672985782088,-0.0600000000000005,0.008667522853602398,0.7898894154818438,13133539180.999998
2025-04-23,6.32,6.31,6.34,6.27,114372576.0,745295065.0,0.6379585326953707,0.040000000000000036,0.008708435283420047,1.1164274322169105,13133539180.999998
2025-04-24,6.32,6.27,6.34,6.24,120958178.0,784930721.0,-0.6339144215530945,-0.040000000000000036,0.009209869200754929,1.5847860538827203,13133539180.999998
2025-04-25,6.31,6.4,6.49,6.31,233590160.0,1545368116.0,2.0733652312599826,0.13000000000000078,0.01778577402334397,2.8708133971291963,13133539180.999998
2025-04-28,6.37,6.27,6.38,6.23,169276050.0,1096187183.0,-2.0312500000000067,-0.13000000000000078,0.012888837324587111,2.3437499999999916,13133539180.999998
2025-04-29,6.24,6.22,6.25,6.18,111622090.0,716280935.0,-0.797448165869219,-0.04999999999999982,0.008499010697853722,1.1164274322169105,13133539180.999998
2025-04-30,6.23,6.2,6.24,6.19,96450023.0,618420248.0,-0.3215434083601254,-0.019999999999999574,0.007343795276412022,0.8038585209003187,13133539180.999998
2025-05-06,6.23,6.28,6.28,6.22,137646880.0,889340010.0,1.2903225806451646,0.08000000000000007,0.01048056263456622,0.967741935483879,13133539180.999998
2025-05-07,6.35,6.29,6.37,6.25,151953123.0,987347502.0,0.15923566878981443,0.009999999999999787,0.011569853404010644,1.9108280254777086,13133539180.999998
2025-05-08,6.25,6.29,6.31,6.24,124127267.0,805496834.0,0.0,0.0,0.009451166611629879,1.1128775834658091,13133539180.999998
2025-05-09,6.28,6.22,6.34,6.21,142009220.0,917140540.0,-1.112877583465821,-0.07000000000000028,0.010812715296531921,2.0667726550079477,13133539180.999998
2025-05-12,6.26,6.38,6.38,6.25,215971703.0,1410144764.0,2.5723472668810254,0.16000000000000014,0.016444288171191625,2.0900321543408342,13133539180.999998
2025-05-13,6.45,6.38,6.49,6.37,178073655.0,1182137506.0,0.0,0.0,0.013558695226463803,1.8808777429467103,13133539180.999998
2025-05-14,6.42,6.56,6.56,6.41,203691625.0,1363741276.0,2.8213166144200663,0.17999999999999972,0.015509271506546856,2.351097178683377,13133539180.999998
2025-05-15,6.56,6.48,6.57,6.46,144227710.0,968929379.0,-1.2195121951219412,-0.07999999999999918,0.010981633207342242,1.676829268292688,13133539180.999998
2025-05-16,6.45,6.4,6.49,6.38,112471900.0,746109120.0,-1.2345679012345734,-0.08000000000000007,0.008563716028860722,1.6975308641975357,13133539180.999998
2025-05-19,6.47,6.41,6.55,6.41,150769720.0,1005625032.0,0.15624999999999112,0.009999999999999787,0.011479747988882938,2.187499999999995,13133539180.999998
2025-05-20,6.41,6.42,6.45,6.38,102796980.0,680633369.0,0.15600624024960652,0.009999999999999787,0.007827058539461635,1.0920436817472743,13133539180.999998
2025-05-21,6.43,6.57,6.6,6.4,202522991.0,1364139563.0,2.336448598130847,0.15000000000000036,0.015420290616940904,3.115264797507777,13133539180.999998
2025-05-22,6.52,6.46,6.56,6.45,122349669.0,819175380.0,-1.6742770167427756,-0.11000000000000032,0.009315818631507992,1.6742770167427614,13133539180.999998
2025-05-23,6.44,6.41,6.49,6.41,92665045.0,617192438.0,-0.7739938080495334,-0.04999999999999982,0.007055603499021534,1.2383900928792582,13133539180.999998
2025-05-26,6.4,6.4,6.45,6.35,88734683.0,586398663.0,-0.15600624024960652,-0.009999999999999787,0.006756342047417844,1.560062402496108,13133539180.999998
2025-05-27,6.4,6.28,6.4,6.25,156715396.0,1017932717.0,-1.8750000000000044,-0.1200000000000001,0.011932457339961853,2.3437500000000053,13133539180.999998
2025-05-28,6.28,6.31,6.33,6.28,80939369.0,527823908.0,0.4777070063694211,0.02999999999999936,0.006162799523002391,0.7961783439490419,13133539180.999998
2025-05-29,6.31,6.39,6.41,6.29,104482714.0,687459020.0,1.267828843106189,0.08000000000000007,0.007955411908402637,1.901743264659273,13133539180.999998
2025-05-30,6.36,6.33,6.38,6.29,84273806.0,550879308.0,-0.9389671361502261,-0.05999999999999961,0.006416686685788173,1.4084507042253498,13133539180.999998
2025-06-03,6.42,6.47,6.52,6.37,173091398.0,1153140557.0,2.211690363349117,0.13999999999999968,0.013179341502281998,2.3696682464454892,13133539180.999998
2025-06-04,6.47,6.47,6.54,6.44,97249217.0,650960416.0,0.0,0.0,0.007404646657672312,1.5455950540958214,13133539180.999998
2025-06-05,6.48,6.47,6.5,6.43,98218698.0,655824433.0,0.0,0.0,0.007478463850939039,1.0819165378670832,13133539180.999998
2025-06-06,6.48,6.52,6.56,6.47,112919480.0,760490667.0,0.7727975270479082,0.04999999999999982,0.008597795190146319,1.391035548686242,13133539180.999998
2025-06-09,6.52,6.6,6.61,6.45,154803144.0,1047301755.0,1.2269938650306678,0.08000000000000007,0.01178685667789763,2.4539877300613524,13133539180.999998
2025-06-10,6.61,6.62,6.66,6.55,132135364.0,902133656.0,0.3030303030303161,0.020000000000000462,0.010060910633377279,1.6666666666666714,13133539180.999998
2025-06-11,6.63,6.72,6.79,6.61,142208669.0,987223189.0,1.5105740181268867,0.09999999999999964,0.010827901530588963,2.7190332326283944,13133539180.999998
2025-06-12,6.72,6.7,6.76,6.68,118583099.0,822726688.0,-0.29761904761904656,-0.019999999999999574,0.00902902845651472,1.1904761904761916,13133539180.999998
2025-06-13,6.7,6.58,6.73,6.58,213356430.0,1459774495.0,-1.7910447761193993,-0.1200000000000001,0.01620557108580709,2.238805970149259,13165622419.0
2025-06-16,6.6,6.68,6.73,6.58,130901041.0,901912936.0,1.5197568389057725,0.09999999999999964,0.009942639765446246,2.279635258358668,13165622419.0
2025-06-17,6.67,6.71,6.73,6.63,80897485.0,559375568.0,0.44910179640718084,0.03000000000000025,0.006144600112733948,1.4970059880239601,13165622419.0
2025-06-18,6.74,6.7,6.78,6.64,77258193.0,534454518.0,-0.14903129657227732,-0.009999999999999787,0.005868176265521989,2.086438152011931,13165622419.0
2025-06-19,6.68,6.57,6.69,6.56,93481019.0,638367516.0,-1.94029850746269,-0.1299999999999999,0.007100387359210047,1.9402985074626984,13165622419.0
2025-06-20,6.58,6.68,6.7,6.56,103966839.0,715043100.0,1.6742770167427645,0.10999999999999943,0.007896841918385872,2.130898021308989,13165622419.0
2025-06-23,6.65,6.69,6.73,6.63,81128394.0,561074702.0,0.14970059880241582,0.010000000000000675,0.0061621388961390355,1.4970059880239601,13165622419.0
2025-06-24,6.7,6.72,6.83,6.69,133141100.0,929052122.0,0.4484304932735439,0.02999999999999936,0.010112784322893621,2.0926756352765272,13165622419.0
2025-06-25,6.72,6.7,6.73,6.63,129196589.0,889626608.0,-0.29761904761904656,-0.019999999999999574,0.009813177447163427,1.4880952380952461,13165622419.0
2025-06-26,6.69,6.75,6.8,6.68,144982926.0,1009934934.0,0.746268656716409,0.04999999999999982,0.011012234848142654,1.7910447761194044,13165622419.0
2025-06-27,6.8,6.89,6.95,6.8,194750211.0,1388094995.0,2.0740740740740726,0.13999999999999968,0.01479232844464275,2.2222222222222276,13165622419.0
2025-06-30,6.9,6.82,6.91,6.79,153432269.0,1082054285.0,-1.01596516690855,-0.0699999999999994,0.011654008000303416,1.7416545718432528,13165622419.0
2025-07-01,6.83,6.86,6.86,6.73,132872891.0,931329292.0,0.5865102639296182,0.040000000000000036,0.01009241240340025,1.9061583577712593,13165622419.0
2025-07-02,6.84,6.96,6.97,6.81,179127054.0,1279109725.0,1.4577259475218707,0.09999999999999964,0.013605665444384334,2.3323615160349873,13165622419.0
2025-07-03,6.98,6.95,7.0,6.92,114311711.0,820566866.0,-0.1436781609195359,-0.009999999999999787,0.008682590717095972,1.1494252873563229,13165622419.0
2025-07-04,6.93,6.93,7.0,6.86,118088508.0,845341343.0,-0.2877697841726645,-0.020000000000000462,0.008969458810362074,2.0143884892086286,13165622419.0
2025-07-07,6.89,6.82,6.9,6.81,121982354.0,862061867.0,-1.5873015873015817,-0.10999999999999943,0.009265217406201842,1.2987012987013096,13165622419.0
2025-07-08,6.79,6.84,6.85,6.79,104395093.0,735259310.0,0.2932551319648091,0.019999999999999574,0.007929370118448936,0.8797653958944224,13165622419.0
2025-07-09,6.86,6.76,6.88,6.75,151047107.0,1063950346.0,-1.1695906432748537,-0.08000000000000007,0.011472842087740265,1.900584795321636,13165622419.0
2025-07-10,6.78,6.9,6.94,6.78,192319087.0,1368208528.0,2.071005917159763,0.14000000000000057,0.014607671470393548,2.3668639053254457,13165622419.0
2025-07-11,6.91,7.04,7.16,6.89,231097691.0,1681463736.0,2.0289855072463725,0.13999999999999968,0.017553115503790448,3.9130434782608763,13165622419.0
2025-07-14,6.99,6.95,7.09,6.95,149718471.0,1083954247.0,-1.278409090909094,-0.08999999999999986,0.01137192502072165,1.988636363636359,13165622419.0
2025-07-15,6.95,6.92,7.02,6.84,111182283.0,794824322.0,-0.4316546762589968,-0.03000000000000025,0.008444893789415304,2.5899280575539527,13165622419.0
2025-07-16,6.88,6.88,6.94,6.86,82993986.0,590369451.0,-0.5780346820809301,-0.040000000000000036,0.006303840666144809,1.1560693641618507,13165622419.0
2025-07-17,6.88,6.91,6.97,6.86,87113385.0,622228920.0,0.43604651162791885,0.03000000000000025,0.0066167312283148955,1.5988372093023173,13165622419.0
2025-07-18,6.94,7.01,7.05,6.92,120837955.0,874080816.0,1.447178002894356,0.09999999999999964,0.009178294132574576,1.8813314037626612,13165622419.0
2025-07-21,7.18,7.39,7.46,7.13,299776452.0,2254418683.0,5.42082738944365,0.3799999999999999,0.022769637656277982,4.707560627674751,13165622419.0
2025-07-22,7.34,7.52,7.52,7.3,234178049.0,1794625548.0,1.7591339648173276,0.1299999999999999,0.017787085300429502,2.976995940460078,13165622419.0
2025-07-23,7.53,7.4,7.56,7.39,170940205.0,1314189277.0,-1.5957446808510523,-0.11999999999999922,0.012983830126656772,2.2606382978723394,13165622419.0
2025-07-24,7.37,7.56,7.58,7.36,201978819.0,1562648492.0,2.1621621621621623,0.15999999999999925,0.015341380192440714,2.9729729729729693,13165622419.0
2025-07-25,7.55,7.47,7.68,7.46,179736175.0,1401615552.0,-1.1904761904761862,-0.08999999999999986,0.013651931468170718,2.9100529100529067,13165622419.0
2025-07-28,7.36,7.39,7.47,7.26,139916712.0,1064923590.0,-1.0709504685408322,-0.08000000000000007,0.010627428582341756,2.811244979919678,13165622419.0
2025-07-29,7.39,7.47,7.48,7.38,125730597.0,964841502.0,1.0825439783491264,0.08000000000000007,0.009549916669230281,1.3531799729364078,13165622419.0
2025-07-30,7.47,7.48,7.59,7.46,134091168.0,1042821823.0,0.1338688085676054,0.010000000000000675,0.010184947109411705,1.7402945113788475,13165622419.0
2025-07-31,7.38,7.19,7.43,7.16,176504977.0,1326076109.0,-3.8770053475935873,-0.29000000000000004,0.01340650456033711,3.6096256684491923,13165622419.0
2025-08-01,7.17,7.16,7.28,7.13,95989393.0,712707986.0,-0.417246175243402,-0.03000000000000025,0.007290911887422252,2.086230876216973,13165622419.0
2025-08-04,7.12,7.2,7.21,7.09,97588218.0,720592226.0,0.5586592178770999,0.040000000000000036,0.00741235126560863,1.6759776536312863,13165622419.0
2025-08-05,7.2,7.24,7.24,7.16,122327575.0,910345898.0,0.5555555555555536,0.040000000000000036,0.009291438802275133,1.111111111111112,13165622419.0
2025-08-06,7.23,7.29,7.34,7.21,124463211.0,937016823.0,0.6906077348066253,0.04999999999999982,0.00945365186991696,1.7955801104972362,13165622419.0
2025-08-07,7.35,7.3,7.4,7.19,133016554.0,999967010.0,0.137174211248281,0.009999999999999787,0.01010332438275283,2.880658436213991,13165622419.0
2025-08-08,7.29,7.43,7.5,7.26,144864137.0,1087272686.0,1.7808219178082174,0.1299999999999999,0.011003212183188466,3.2876712328767157,13165622419.0
2025-08-11,7.44,7.4,7.47,7.37,127724323.0,960708720.0,-0.40376850605652326,-0.02999999999999936,0.009701350907320138,1.3458950201884206,13165622419.0
2025-08-12,7.4,7.48,7.52,7.36,134185542.0,1015540028.0,1.0810810810810922,0.08000000000000007,0.010192115323492021,2.162162162162152,13165622419.0
2025-08-13,7.52,7.62,7.68,7.5,196215199.0,1516991650.0,1.8716577540106805,0.13999999999999968,0.014903602181149564,2.4064171122994615,13165622419.0
2025-08-14,7.59,7.54,7.65,7.54,151020681.0,1163252378.0,-1.049868766404205,-0.08000000000000007,0.011470834890574875,1.4435695538057784,13165622419.0
2025-08-15,7.52,7.85,7.93,7.51,273412177.0,2158295721.0,4.111405835543769,0.3099999999999996,0.02076712883740495,5.570291777188328,13165622419.0
2025-08-18,7.82,7.61,7.84,7.61,301586509.0,2352548497.0,-3.0573248407643194,-0.23999999999999932,0.022907121243638636,2.929936305732478,13165622419.0
2025-08-19,7.62,7.52,7.69,7.49,195281739.0,1499777518.0,-1.182654402102501,-0.09000000000000075,0.014832700861766981,2.628120893561106,13165622419.0
2025-08-20,7.47,7.56,7.62,7.45,159636196.0,1220114641.0,0.5319148936170137,0.040000000000000036,0.01212522970198664,2.2606382978723394,13165622419.0
2025-08-21,7.56,7.55,7.64,7.52,144437274.0,1109936040.0,-0.1322751322751281,-0.009999999999999787,0.010970789637074431,1.587301587301589,13165622419.0
2025-08-22,7.55,7.61,7.63,7.49,152652770.0,1169728477.0,0.7947019867549754,0.0600000000000005,0.011594800848891031,1.854304635761585,13165622419.0
2025-08-25,7.71,7.97,8.01,7.71,372089558.0,2979570711.0,4.730617608409982,0.35999999999999943,0.028262207904657666,3.942181340341653,13165622419.0
2025-08-26,7.92,8.06,8.1,7.86,236324920.0,1921009162.0,1.129234629861986,0.09000000000000075,0.017950151726890413,3.0112923462986116,13165622419.0
2025-08-27,8.06,7.86,8.15,7.85,268557416.0,2178870484.0,-2.481389578163773,-0.20000000000000018,0.02039838356691976,3.7220843672456665,13165622419.0
2025-08-28,7.74,7.78,7.79,7.56,313492162.0,2448302490.0,-1.0178117048346036,-0.08000000000000007,0.023811419773635847,2.9262086513994965,13165622419.0
2025-08-29,7.8,7.72,7.99,7.69,402046348.0,3180100749.0,-0.7712082262210873,-0.0600000000000005,0.030537587605412853,3.856041131105396,13165622419.0
2025-09-01,7.82,7.74,7.86,7.66,325330613.0,2558271197.0,0.2590673575129543,0.020000000000000462,0.024710613949439894,2.5906735751295358,13165622419.0
2025-09-02,7.79,7.72,7.86,7.64,303494608.0,2383104429.0,-0.25839793281654533,-0.020000000000000462,0.02305205164945419,2.84237726098192,13165622419.0
2025-09-03,7.78,7.69,7.87,7.6,315093733.0,2470654525.0,-0.38860103626942033,-0.02999999999999936,0.023933067725326204,3.4974093264248767,13165622419.0
2025-09-04,7.65,7.33,7.7,7.22,346255520.0,2606881827.0,-4.681404421326407,-0.3600000000000003,0.02629997344449895,6.2418725617685356,13165622419.0
2025-09-05,7.31,7.59,7.62,7.28,245718804.0,1860810831.0,3.547066848567537,0.2599999999999998,0.01866366786012261,4.638472032742154,13165622419.0
2025-09-08,7.58,7.51,7.64,7.45,189788544.0,1452633480.0,-1.0540184453227908,-0.08000000000000007,0.014415463087115896,2.5032938076416276,13165622419.0
2025-09-09,7.53,7.55,7.71,7.48,222453422.0,1715642200.0,0.5326231691078487,0.040000000000000036,0.0168965366710628,3.0625832223701672,13165622419.0
2025-09-10,7.49,7.49,7.53,7.37,155263979.0,1176398182.0,-0.7947019867549643,-0.05999999999999961,0.011793136249747708,2.119205298013247,13165622419.0
2025-09-11,7.49,7.72,7.74,7.47,233402335.0,1809765799.0,3.0707610146862407,0.22999999999999954,0.017728165640172457,3.604806408544732,13165622419.0
2025-09-12,7.87,7.93,8.07,7.86,414913973.0,3344728704.0,2.72020725388602,0.20999999999999996,0.03151495309490388,2.72020725388601,13165622419.0
2025-09-15,7.97,7.96,8.05,7.89,236710788.0,1917156486.0,0.3783102143757988,0.03000000000000025,0.017979460481746024,2.0176544766708835,13165622419.0
2025-09-16,8.02,7.77,8.05,7.6,360081667.0,2824368585.0,-2.386934673366836,-0.1900000000000004,0.02735014384738448,5.653266331658305,13165622419.0
2025-09-17,7.73,7.84,7.88,7.67,207108749.0,1632563248.0,0.9009009009009139,0.07000000000000028,0.015731026031941375,2.7027027027027026,13165622419.0
2025-09-18,7.73,7.53,7.73,7.47,284197361.0,2196473912.0,-3.9540816326530615,-0.3099999999999996,0.02158632170628408,3.3163265306122534,13165622419.0
2025-09-19,7.58,7.63,7.73,7.53,188364671.0,1456011326.0,1.3280212483399723,0.09999999999999964,0.01430731225651444,2.656042496679949,13165622419.0
2025-09-22,7.67,7.58,7.7,7.49,151440557.0,1160229340.0,-0.6553079947575369,-0.04999999999999982,0.011502726736371248,2.752293577981651,13165622419.0
2025-09-23,7.54,7.47,7.61,7.38,172444416.0,1310092117.0,-1.451187335092352,-0.11000000000000032,0.013098083061468969,3.034300791556734,13165622419.0
2025-09-24,7.42,7.49,7.5,7.34,168063192.0,1266007334.0,0.2677376171352108,0.020000000000000462,0.012765305479022337,2.141900937081662,13165622419.0
2025-09-25,7.57,7.5,7.65,7.45,224439924.0,1716670719.0,0.1335113484646211,0.009999999999999787,0.0170474222074073,2.670226969292392,13165622419.0
2025-09-26,7.45,7.51,7.61,7.42,226923259.0,1735675838.0,0.13333333333334085,0.009999999999999787,0.01723604488858158,2.5333333333333385,13165622419.0
2025-09-29,7.58,8.04,8.06,7.53,494872564.0,3935294393.0,7.057256990679095,0.5299999999999994,0.03758823914665998,7.057256990679098,13165622419.0
2025-09-30,8.02,8.12,8.15,7.98,317271927.0,2601337928.0,0.995024875621886,0.08000000000000007,0.024098513302502754,2.114427860696517,13165622419.0
2025-10-09,8.37,8.56,8.57,8.2,537060471.0,4583376509.0,5.418719211822687,0.4400000000000013,0.04079263812282356,4.5566502463054315,13165622419.0
2025-10-10,8.46,8.5,8.7,8.36,369705241.0,3196898810.0,-0.7009345794392607,-0.0600000000000005,0.028081106174400003,3.9719626168224282,13165622419.0
2025-10-13,8.16,8.45,8.5,8.16,375291193.0,3169885024.0,-0.5882352941176561,-0.05000000000000071,0.028505389343263986,3.9999999999999982,13165622419.0
2025-10-14,8.7,8.52,9.14,8.46,624172965.0,5545604105.0,0.8284023668639007,0.07000000000000028,0.04740930167488498,8.047337278106506,13165622419.0
2025-10-15,8.62,8.74,8.85,8.5,388002318.0,3417170318.0,2.5821596244131495,0.22000000000000064,0.029470867814046793,4.1079812206572734,13165622419.0
2025-10-16,8.68,8.6,8.85,8.5,309421379.0,2716464941.0,-1.6018306636155666,-0.14000000000000057,0.02350222185875981,4.004576659038897,13165622419.0
2025-10-17,8.72,8.47,8.86,8.45,279847593.0,2408065628.0,-1.5116279069767313,-0.129999999999999,0.021255933376620104,4.767441860465118,13165622419.0
2025-10-20,8.51,8.37,8.57,8.32,233492875.0,1968180599.0,-1.1806375442739214,-0.10000000000000142,0.01773504264128327,2.9515938606847696,13165622419.0
2025-10-21,8.45,8.62,8.77,8.43,297020357.0,2561940694.0,2.9868578255675127,0.25,0.0225602973826254,4.062126642771803,13165622419.0
2025-10-22,8.42,8.75,8.8,8.39,282027131.0,2433075122.0,1.5081206496519783,0.13000000000000078,0.0214214810378423,4.756380510440837,13165622419.0
2025-10-23,8.78,9.04,9.14,8.7,470458098.0,4202976601.0,3.314285714285714,0.28999999999999915,0.03573382883296556,5.028571428571444,13165622419.0
2025-10-24,9.2,9.23,9.48,9.02,415340618.0,3828497889.0,2.1017699115044364,0.19000000000000128,0.03154735908274266,5.088495575221249,13165622419.0
2025-10-27,9.27,9.4,9.41,9.11,403775537.0,3746706208.0,1.8418201516793076,0.16999999999999993,0.030668928832205483,3.2502708559046662,13165622419.0
2025-10-28,9.35,9.26,9.72,9.24,461288635.0,4361803708.0,-1.4893617021276673,-0.14000000000000057,0.03503735868456095,5.106382978723409,13165622419.0
2025-10-29,9.38,9.91,10.05,9.34,494031442.0,4815002360.0,7.0194384449244085,0.6500000000000004,0.03752435139618142,7.667386609071284,13165622419.0
2025-10-30,9.81,10.31,10.5,9.78,550706179.0,5632349811.0,4.036326942482349,0.40000000000000036,0.04182910321089317,7.26538849646822,13165622419.0
2025-10-31,10.25,9.99,10.3,9.95,424832180.0,4284834929.0,-3.103782735208538,-0.3200000000000003,0.03226829438666739,3.394762366634349,13165622419.0
2025-11-03,10.14,10.17,10.22,9.75,402931315.0,4028579169.0,1.8018018018018056,0.17999999999999972,0.030604805620014493,4.704704704704711,13165622419.0
2025-11-04,10.16,9.85,10.39,9.76,377335607.0,3784215574.0,-3.1465093411996103,-0.3200000000000003,0.028660673608218265,6.1946902654867335,13165622419.0
2025-11-05,9.51,9.87,9.9,9.46,286561284.0,2770862390.0,0.20304568527917954,0.019999999999999574,0.02176587440229551,4.467005076142127,13165622419.0
2025-11-06,9.87,10.86,10.86,9.83,696823304.0,7359065754.0,10.030395136778125,0.9900000000000002,0.0529274865876738,10.435663627152984,13165622419.0
2025-11-07,10.7,10.75,10.99,10.65,499544339.0,5413642486.0,-1.012891344383049,-0.10999999999999943,0.03794308564394809,3.130755064456721,13165622419.0
2025-11-10,10.82,11.1,11.26,10.68,553630553.0,6085133444.0,3.2558139534883734,0.34999999999999964,0.04205122518180582,5.395348837209303,13165622419.0
2025-11-11,11.1,10.98,11.22,10.9,338138628.0,3720761964.0,-1.08108108108107,-0.11999999999999922,0.025683451738067044,2.882882882882886,13165622419.0
2025-11-12,10.98,11.71,11.74,10.93,584617873.0,6692439333.0,6.648451730418947,0.7300000000000004,0.044404879191758326,7.377049180327873,13165622419.0
2025-11-13,11.7,12.17,12.3,11.55,616600654.0,7362510803.0,3.9282664389410638,0.4599999999999991,0.04683414383129743,6.404782237403928,13165622419.0
2025-11-14,11.85,11.66,12.06,11.65,450046256.0,5321185145.0,-4.1906327033689355,-0.5099999999999998,0.034183439390644735,3.368940016433855,13165622419.0
2025-11-17,11.41,11.16,11.49,11.03,511784258.0,5754169327.0,-4.288164665523153,-0.5,0.038872773478709016,3.9451114922813106,13165622419.0
2025-11-18,10.91,10.75,11.05,10.62,459397217.0,4967088899.0,-3.673835125448033,-0.41000000000000014,0.03489369529062445,3.8530465949820925,13165622419.0
2025-11-19,10.78,10.98,11.11,10.78,352875653.0,3859323529.0,2.1395348837209394,0.23000000000000043,0.02680280823569318,3.069767441860466,13165622419.0
2025-11-20,11.1,11.04,11.3,10.99,293002683.0,3263022531.0,0.5464480874316724,0.05999999999999872,0.022255133382615658,2.82331511839709,13165622419.0
2025-11-21,10.72,10.52,10.91,10.5,370727747.0,3958355755.0,-4.710144927536231,-0.5199999999999996,0.028158771017539084,3.713768115942031,13165622419.0
2025-11-24,10.58,10.49,10.65,10.19,333719770.0,3472596126.0,-0.2851711026615855,-0.02999999999999936,0.0253478156504315,4.3726235741444945,13165622419.0
2025-11-25,10.67,10.55,10.7,10.42,255255830.0,2694924052.0,0.5719733079122991,0.0600000000000005,0.01938805639994862,2.6692087702573817,13165622419.0
2025-11-26,10.54,10.39,10.63,10.33,213504753.0,2226651051.0,-1.516587677725123,-0.16000000000000014,0.01621683701728223,2.8436018957346034,13165622419.0
2025-11-27,10.61,10.44,10.76,10.42,244799497.0,2591432351.0,0.48123195380171957,0.049999999999998934,0.018593841537390365,3.272377285851779,13165622419.0
2025-11-28,10.39,10.51,10.64,10.31,173393401.0,1818052771.0,0.6704980842911823,0.07000000000000028,0.013170163588298483,3.160919540229886,13165622419.0
2025-12-01,10.78,10.69,10.92,10.57,357066076.0,3833749088.0,1.7126546146527089,0.17999999999999972,0.02712109345356124,3.3301617507136028,13165622419.0
2025-12-02,10.61,10.58,10.64,10.44,163313602.0,1721064048.0,-1.0289990645462987,-0.10999999999999943,0.012404548512975245,1.8709073900842008,13165622419.0
2025-12-03,10.55,11.03,11.27,10.55,402031691.0,4404442154.0,4.2533081285444085,0.4499999999999993,0.030536474327245402,6.805293005671066,13165622419.0
2025-12-04,11.27,10.89,11.3,10.84,316820004.0,3502013906.0,-1.2692656391658952,-0.1399999999999988,0.024064187314287583,4.1704442429737165,13165622419.0
2025-12-05,10.92,11.4,11.49,10.92,385304366.0,4359783649.0,4.683195592286493,0.5099999999999998,0.02926594381469934,5.234159779614327,13165622419.0
2025-12-08,11.33,11.27,11.34,11.02,347288026.0,3871019702.0,-1.140350877192986,-0.13000000000000078,0.026378397841549096,2.8070175438596516,13165622419.0
2025-12-09,11.14,10.59,11.15,10.48,406731192.0,4364775994.0,-6.033717834960073,-0.6799999999999997,0.030893426763707342,5.944986690328305,13165622419.0
2025-12-10,10.58,10.72,10.73,10.47,205557543.0,2183374597.0,1.2275731822474212,0.13000000000000078,0.015613203573524114,2.4551463644948046,13165622419.0
2025-12-11,10.8,10.47,10.88,10.46,238714984.0,2539170051.0,-2.332089552238803,-0.25,0.01813168997278077,3.917910447761193,13165622419.0
2025-12-12,10.68,10.75,10.79,10.6,316042056.0,3384075697.0,2.6743075453677045,0.27999999999999936,0.024005097969686806,1.8147086914995176,13165622419.0
2025-12-15,10.53,10.54,10.8,10.47,204673974.0,2167424774.0,-1.9534883720930263,-0.21000000000000085,0.015546091744559244,3.069767441860466,13165622419.0
2025-12-16,10.44,10.28,10.5,10.09,202540915.0,2078669241.0,-2.4667931688804545,-0.2599999999999998,0.0153840744139603,3.8899430740037966,13165622419.0
2025-12-17,10.38,10.59,10.66,10.32,180582240.0,1896950100.0,3.015564202334642,0.3100000000000005,0.01371619466614752,3.307392996108948,13165622419.0
2025-12-18,10.59,10.53,10.77,10.51,144878522.0,1537548090.0,-0.56657223796035,-0.0600000000000005,0.011004304801489537,2.4551463644948046,13165622419.0
2025-12-19,10.58,10.85,10.93,10.43,228500452.0,2457680096.0,3.038936372269707,0.3200000000000003,0.017355841199747535,4.748338081671415,13165622419.0
2025-12-22,11.05,10.97,11.1,10.86,203505633.0,2235066281.0,1.105990783410138,0.120000000000001,0.0154573499469581,2.2119815668202785,13165622419.0
2025-12-23,10.89,10.97,11.25,10.85,226324631.0,2501412422.0,0.0,0.0,0.01718047196461491,3.6463081130355546,13173365171.0
2025-12-24,11.0,11.07,11.09,10.8,216217792.0,2377332772.0,0.9115770282588809,0.09999999999999964,0.01641325425913072,2.643573381950767,13173365171.0
2025-12-25,10.97,10.96,10.98,10.82,161778236.0,1765005028.0,-0.9936766034326916,-0.10999999999999943,0.01228070685811857,1.4453477868112028,13173365171.0
2025-12-26,10.99,11.84,11.94,10.97,473629142.0,5435929758.0,8.029197080291972,0.879999999999999,0.03595354230691583,8.850364963503639,13173365171.0
2025-12-29,11.87,11.45,11.94,11.41,425870836.0,4960804155.0,-3.2939189189189255,-0.39000000000000057,0.03232817358904747,4.4763513513513455,13173365171.0
2025-12-30,11.13,11.99,12.12,11.12,409754352.0,4820315432.0,4.71615720524019,0.5400000000000009,0.031104759238135903,8.733624454148472,13173365171.0
2025-12-31,11.99,12.22,12.38,11.96,398049375.0,4861601306.0,1.9182652210175233,0.23000000000000043,0.030216225682126428,3.5029190992493744,13173365171.0
2026-01-05,12.72,13.02,13.3,12.61,458673305.0,5957356015.0,6.546644844517169,0.7999999999999989,0.03481823353760274,5.646481178396082,13173365171.0
2026-01-06,13.28,13.97,14.18,13.28,564924030.0,7764393420.0,7.296466973886329,0.9500000000000011,0.04288380551718329,6.912442396313367,13173365171.0
2026-01-07,13.96,14.05,14.24,13.62,479627163.0,6669834640.0,0.5726556907659219,0.08000000000000007,0.03640885656581181,4.438081603435941,13173365171.0
2026-01-08,13.7,13.65,14.05,13.48,376908247.0,5180916824.0,-2.8469750889679735,-0.40000000000000036,0.02861138684819352,4.056939501779362,13173365171.0
2026-01-09,13.49,14.05,14.3,13.49,392865127.0,5469608311.0,2.930402930402942,0.40000000000000036,0.02982268554012743,5.934065934065937,13173365171.0
2026-01-12,14.34,13.85,14.44,13.62,474327718.0,6597287956.0,-1.4234875444839923,-0.20000000000000107,0.03600657173340876,5.836298932384343,13173365171.0
2026-01-13,13.8,13.97,14.37,13.69,380848757.0,5340090059.0,0.8664259927797957,0.120000000000001,0.028910513908655996,4.909747292418771,13173365171.0
2026-01-14,14.1,13.63,14.43,13.56,539974887.0,7522761320.0,-2.4337866857551904,-0.33999999999999986,0.04098989741730587,6.22763063707945,13173365171.0
2026-01-15,13.48,13.74,14.18,13.32,421352590.0,5805985990.0,0.807043286867204,0.10999999999999943,0.03198519015684546,6.309611151870868,13173365171.0
2026-01-16,13.75,13.26,14.09,13.1,527008746.0,7140959221.0,-3.493449781659397,-0.4800000000000004,0.04000562795907026,7.205240174672491,13173365171.0
2026-01-19,13.25,13.33,13.41,12.83,361276809.0,4764651445.0,0.5279034690799378,0.07000000000000028,0.02742479270181616,4.374057315233786,13173365171.0
2026-01-20,13.4,13.29,13.62,12.93,347086063.0,4604142772.0,-0.30007501875469744,-0.040000000000000924,0.026347562562379984,5.176294073518376,13173365171.0
2026-01-21,13.2,13.4,13.46,13.02,267865289.0,3561319411.0,0.8276899924755554,0.11000000000000121,0.020333854373799778,3.310759969902192,13173365171.0
2026-01-22,13.4,13.28,13.5,13.21,274707418.0,3658676363.0,-0.8955223880597107,-0.120000000000001,0.020853245502124553,2.1641791044776055,13173365171.0
2026-01-23,13.39,13.23,13.52,13.08,475917841.0,6327370440.0,-0.3765060240963791,-0.049999999999998934,0.036127279159291134,3.3132530120481887,13173365171.0
2026-01-26,13.46,13.4,13.86,13.33,675222124.0,9173107682.0,1.2849584278155746,0.16999999999999993,0.05125661630381596,4.006046863189716,13173365171.0
2026-01-27,13.34,13.27,13.7,13.11,510560557.0,6839552676.0,-0.970149253731345,-0.13000000000000078,0.03875703363358923,4.402985074626865,13173365171.0
2026-01-28,13.45,14.6,14.6,13.13,829795766.0,11718403835.0,10.02260738507912,1.33,0.06299041704444071,11.077618688771656,13173365171.0
2026-01-29,15.01,15.7,15.85,14.24,1067686227.0,16120934544.0,7.534246575342474,1.0999999999999996,0.08104885981225336,11.027397260273968,13173365171.0
2026-01-30,14.7,14.13,15.01,14.13,776754492.0,11154511799.0,-9.999999999999986,-1.5699999999999985,0.05896401427555933,5.605095541401268,13173365171.0
2026-02-02,13.01,12.72,13.6,12.72,787814097.0,10322166756.0,-9.97876857749469,-1.4100000000000001,0.05980355716049709,6.227883934890297,13173365171.0
2026-02-03,13.1,13.14,13.19,12.67,475032529.0,6143511809.0,3.301886792452824,0.41999999999999993,0.03606007446341366,4.088050314465405,13173365171.0
2026-02-04,13.37,13.44,13.54,13.22,337011723.0,4504126120.0,2.2831050228310446,0.29999999999999893,0.02558281188028565,2.4353120243531086,13173365171.0
2026-02-05,13.13,12.64,13.26,12.36,383179127.0,4875000354.0,-5.952380952380942,-0.7999999999999989,0.029087414037799166,6.696428571428574,13173365171.0
2026-02-06,12.18,12.89,13.08,12.18,296306951.0,3783989245.0,1.9778481012658222,0.25,0.022492882202361897,7.1202531645569636,13173365171.0
2026-02-09,13.12,13.05,13.2,12.88,206139969.0,2684937921.0,1.2412723041117069,0.16000000000000014,0.015648239179902105,2.4825446082234173,13173365171.0
2026-02-10,13.12,13.15,13.26,13.01,198249261.0,2603191151.0,0.766283524904221,0.09999999999999964,0.01504924963565333,1.9157088122605364,13173365171.0
2026-02-11,13.06,13.32,13.45,13.05,212624623.0,2825969942.0,1.2927756653992484,0.16999999999999993,0.01614049411368891,3.0418250950570234,13173365171.0
2026-02-12,13.26,13.21,13.44,13.2,187857021.0,2499123225.0,-0.8258258258258211,-0.10999999999999943,0.014260366926861683,1.8018018018018036,13173365171.0
2026-02-13,12.97,12.69,13.09,12.66,259190406.0,3323093316.0,-3.9364118092354405,-0.5200000000000014,0.019675337518964765,3.2551097653292933,13173365171.0
2026-02-24,13.01,12.96,13.12,12.87,198410386.0,2578283875.0,2.1276595744680993,0.27000000000000135,0.015061480754878256,1.9700551615445234,13173365171.0
2026-02-25,13.07,13.53,13.79,13.01,324128252.0,4369775026.0,4.39814814814814,0.5699999999999985,0.024604817963563307,6.018518518518514,13173365171.0
2026-02-26,13.75,13.46,13.78,13.34,235503639.0,3179215172.0,-0.5173688100517215,-0.06999999999999851,0.017877257325139704,3.2520325203251996,13173365171.0
2026-02-27,13.35,13.72,13.92,13.32,273842389.0,3749389808.0,1.9316493313521477,0.2599999999999998,0.020787580503942898,4.457652303120354,13173365171.0
2026-03-02,13.88,14.27,14.31,13.47,476840355.0,6644103702.0,4.008746355685133,0.5499999999999989,0.036197307886804954,6.1224489795918355,13173365171.0
2026-03-03,14.29,13.97,14.55,13.8,451023626.0,6375465166.0,-2.1023125437981682,-0.29999999999999893,0.034237540684963985,5.255781359495445,13173365171.0
2026-03-04,14.17,14.45,14.85,14.11,477629648.0,6918024475.0,3.435934144595554,0.47999999999999865,0.03625722370859798,5.297065139584825,13173365171.0
2026-03-05,14.85,14.79,15.2,14.44,539558741.0,7999450824.0,2.35294117647058,0.33999999999999986,0.04095830746328895,5.259515570934255,13173365171.0
2026-03-06,14.39,13.97,14.39,13.71,375445882.0,5257528565.0,-5.544286680189304,-0.8199999999999985,0.028500377627617198,4.597701149425286,13173365171.0
2026-03-09,14.3,14.02,14.44,13.88,368425209.0,5212796311.0,0.35790980672869566,0.049999999999998934,0.027967433090753117,4.00858983536148,13173365171.0
2026-03-10,13.57,13.7,13.82,13.51,268983915.0,3676298350.0,-2.2824536376604865,-0.3200000000000003,0.020418770109868686,2.211126961483598,13173365171.0
2026-03-11,13.76,13.96,14.06,13.68,276323190.0,3825460312.0,1.8978102189781243,0.26000000000000156,0.02097589996277497,2.7737226277372318,13173365171.0
2026-03-12,14.2,14.76,14.9,14.03,511417496.0,7462568149.0,5.730659025787954,0.7999999999999989,0.03882208451382191,6.2320916905444195,13173365171.0
2026-03-13,14.7,14.08,15.0,13.97,395629478.0,5722503342.0,-4.607046070460708,-0.6799999999999997,0.03003252949147294,6.978319783197828,13173365171.0
2026-03-16,14.18,13.54,14.25,13.06,472396490.0,6389817489.0,-3.835227272727282,-0.5400000000000009,0.035859970771928436,8.451704545454541,13173365171.0
2026-03-17,13.59,13.02,13.92,13.0,321180158.0,4309592071.0,-3.840472673559825,-0.5199999999999996,0.02438102594370114,6.794682422451993,13173365171.0
2026-03-18,12.95,12.64,12.95,12.45,318151678.0,4024991204.0,-2.9185867895545226,-0.379999999999999,0.02415113176247348,3.840245775729647,13173365171.0
2026-03-19,12.29,11.83,12.49,11.73,379517064.0,4563384977.0,-6.408227848101267,-0.8100000000000005,0.02880942409730456,6.0126582278481,13173365171.0
2026-03-20,11.67,11.53,11.99,11.5,294775733.0,3460801454.0,-2.5359256128486996,-0.3000000000000007,0.022376646299073433,4.142011834319528,13173365171.0
2026-03-23,11.02,11.05,11.47,10.89,339090321.0,3784355459.0,-4.163052905463993,-0.47999999999999865,0.025740599808656135,5.030355594102343,13173365171.0
2026-03-24,11.3,11.3,11.34,10.9,269955445.0,2997091234.0,2.262443438914019,0.25,0.020492519678592305,3.9819004524886834,13173365171.0
2026-03-25,11.55,11.51,11.72,11.41,267057666.0,3086000463.0,1.8584070796460184,0.20999999999999908,0.020272547108001217,2.7433628318584113,13173365171.0
2026-03-26,11.45,11.31,11.58,11.21,195867429.0,2229534530.0,-1.737619461337958,-0.1999999999999993,0.01486844298761146,3.214596003475232,13173365171.0
2026-03-27,11.11,11.44,11.51,11.06,190005963.0,2162946817.0,1.1494252873563093,0.129999999999999,0.014423494720869148,3.9787798408487998,13173365171.0
2026-03-30,12.0,11.97,12.22,11.67,640071588.0,7657725429.0,4.632867132867147,0.5300000000000011,0.04858831283361529,4.807692307692315,13173365171.0
2026-03-31,11.98,11.4,12.0,11.34,409060071.0,4723332246.0,-4.761904761904767,-0.5700000000000003,0.031052055848304397,5.513784461152883,13173365171.0
2026-04-01,11.63,11.56,11.68,11.43,301488779.0,3485780826.0,1.403508771929829,0.16000000000000014,0.022886238640351435,2.1929824561403506,13173365171.0
2026-04-02,11.75,11.68,11.95,11.61,344082582.0,4047490025.0,1.038062283737018,0.11999999999999922,0.026119566073934352,2.9411764705882337,13173365171.0
2026-04-03,11.6,11.21,11.64,11.18,229492313.0,2594255505.0,-4.023972602739711,-0.46999999999999886,0.01742093307374543,3.938356164383569,13173365171.0
2026-04-07,11.3,11.39,11.43,11.06,231908181.0,2623977114.0,1.605709188224802,0.17999999999999972,0.017604323419996386,3.3006244424620803,13173365171.0
2026-04-08,11.76,12.23,12.32,11.75,469568430.0,5659716274.0,7.374890254609312,0.8399999999999999,0.035645290622757,5.0043898156277455,13173365171.0
2026-04-09,12.15,12.77,12.8,12.03,417212341.0,5242775947.0,4.415372035977105,0.5399999999999991,0.03167090075954594,6.295993458708106,13173365171.0
2026-04-10,12.69,12.35,12.72,12.3,328271774.0,4096005733.0,-3.288958496476113,-0.41999999999999993,0.02491935581674008,3.2889584964761154,13173365171.0
2026-04-13,12.21,12.16,12.28,11.96,244737335.0,2962169472.0,-1.538461538461533,-0.1899999999999995,0.018578194092635315,2.591093117408895,13173365171.0
2026-04-14,12.5,12.46,12.64,12.32,261137528.0,3263231079.0,2.4671052631578982,0.3000000000000007,0.019823145005869208,2.6315789473684235,13173365171.0
2026-04-15,12.53,12.3,12.76,12.24,216932031.0,2699007950.0,-1.2841091492776902,-0.16000000000000014,0.016467472675665038,4.173354735152484,13173365171.0
2026-04-16,12.54,12.8,12.8,12.54,304362934.0,3867436570.0,4.065040650406493,0.5,0.0231044178954386,2.113821138211395,13173365171.0
2026-04-17,12.7,12.69,12.8,12.55,194185368.0,2459197376.0,-0.8593750000000067,-0.11000000000000121,0.014740756479406031,1.953125,13173365171.0
2026-04-20,12.59,12.31,12.6,12.23,286335032.0,3528698861.0,-2.9944838455476686,-0.379999999999999,0.021735906374958865,2.9156816390858884,13173365171.0
2026-04-21,12.24,12.15,12.24,12.0,183109762.0,2218110458.0,-1.299756295694554,-0.16000000000000014,0.013899998946594145,1.9496344435418378,13173365171.0
2026-04-22,12.01,12.08,12.14,11.93,199733123.0,2405230184.0,-0.576131687242798,-0.07000000000000028,0.015161890709573194,1.7283950617284023,13173365171.0
2026-04-23,12.17,11.9,12.2,11.76,230866274.0,2753803967.0,-1.490066225165565,-0.17999999999999972,0.017525231480581112,3.6423841059602604,13173365171.0
2026-04-24,11.87,12.07,12.11,11.85,206188634.0,2472193531.0,1.4285714285714235,0.16999999999999993,0.01565193337643946,2.18487394957983,13173365171.0
2026-04-27,12.07,11.98,12.08,11.85,200841535.0,2401834581.0,-0.7456503728251906,-0.08999999999999986,0.015246031093264984,1.90555095277548,13173365171.0
2026-04-28,11.85,11.66,11.89,11.6,207522614.0,2430211502.0,-2.6711185308848084,-0.3200000000000003,0.01575319679567091,2.420701168614365,13173365171.0
2026-04-29,11.58,11.91,11.92,11.52,202162816.0,2383963726.0,2.1440823327615766,0.25,0.015346330521911257,3.430531732418528,13173365171.0
2026-04-30,11.78,11.65,11.79,11.55,204003293.0,2374777921.0,-2.183039462636438,-0.2599999999999998,0.015486042507126064,2.0151133501259313,13173365171.0
2026-05-06,11.77,12.14,12.15,11.66,337775378.0,4031412354.0,4.206008583690979,0.4900000000000002,0.025640781502328857,4.206008583690989,13173365171.0
2026-05-07,12.13,11.94,12.23,11.76,246883041.0,2947525744.0,-1.6474464579901205,-0.20000000000000107,0.018741076239463188,3.8714991762767763,13173365171.0
2026-05-08,11.82,11.9,11.95,11.64,193596547.0,2284883007.0,-0.335008375209378,-0.03999999999999915,0.014696058637028123,2.5963149078726864,13173365171.0
2026-05-11,11.9,11.78,12.06,11.67,260439978.0,3082065956.0,-1.0084033613445453,-0.120000000000001,0.019770193463803435,3.277310924369753,13173365171.0
2026-05-12,11.9,11.68,11.94,11.66,181957705.0,2140220637.0,-0.8488964346349714,-0.09999999999999964,0.01381254543831851,2.3769100169779236,13173365171.0
2026-05-13,11.65,11.87,11.9,11.65,218264317.0,2578600733.0,1.6267123287671215,0.1899999999999995,0.01656860750208987,2.1404109589041096,13173365171.0
2026-05-14,11.88,11.61,12.19,11.61,258537121.0,3069395156.0,-2.1903959561920816,-0.2599999999999998,0.01962574616614642,4.886267902274643,13173365171.0
2026-05-15,11.5,10.93,11.52,10.84,335798748.0,3726558984.0,-5.857019810508179,-0.6799999999999997,0.02549073404108096,5.85701981050818,13173365171.0
2026-05-18,10.6,10.52,10.66,10.44,236454789.0,2492760278.0,-3.751143641354071,-0.41000000000000014,0.017949459832824973,2.0128087831656054,13173365171.0
2026-05-19,10.58,10.7,10.7,10.34,205096682.0,2157228776.0,1.7110266159695797,0.17999999999999972,0.015569042483654991,3.422053231939158,13173365171.0
2026-05-20,10.73,11.0,11.08,10.68,245138192.0,2670009048.0,2.8037383177570208,0.3000000000000007,0.018608623447230483,3.7383177570093498,13173365171.0
2026-05-21,11.21,10.84,11.35,10.82,275239007.0,3067351038.0,-1.4545454545454528,-0.16000000000000014,0.02089359882058947,4.818181818181812,13173365171.0
2026-05-22,10.99,11.15,11.25,10.81,203412416.0,2256363904.0,2.859778597785989,0.3100000000000005,0.01544118859225086,4.0590405904059,13173365171.0
2026-05-25,11.25,10.99,11.42,10.92,191475517.0,2129372324.0,-1.4349775784753382,-0.16000000000000014,0.014535049663810766,4.484304932735426,13173365171.0
2026-05-26,11.2,12.09,12.09,11.2,545584685.0,6366913842.0,10.009099181073712,1.0999999999999996,0.04141574137799326,8.098271155596,13173365171.0
2026-05-27,12.14,11.84,12.47,11.78,520674763.0,6272014608.0,-2.067824648469807,-0.25,0.03952481057355181,5.707196029776686,13173365171.0
2026-05-28,11.74,11.3,11.8,11.19,336614498.0,3825820289.0,-4.5608108108108,-0.5399999999999991,0.025552658233526166,5.152027027027038,13173365171.0
2026-05-29,11.48,11.42,11.92,11.23,385428073.0,4450962386.0,1.0619469026548645,0.11999999999999922,0.029258133210220715,6.106194690265482,13173365171.0
2026-06-01,11.64,11.29,11.64,11.25,251530101.0,2861167091.0,-1.1383537653239961,-0.13000000000000078,0.019093838038720834,3.4150612959719844,13173365171.0
2026-06-02,11.43,11.81,11.88,11.37,381918377.0,4441864892.0,4.605845881310899,0.5200000000000014,0.028991709562622585,4.51727192205493,13173365171.0
2026-06-03,11.69,12.01,12.13,11.54,340518470.0,4028975739.0,1.6934801016087908,0.1999999999999993,0.02584901166708878,4.995766299745991,13173365171.0
2026-06-04,11.7,10.9,11.73,10.83,539515591.0,6006744051.0,-9.242298084929224,-1.1099999999999994,0.04095503191452522,7.493755203996673,13173365171.0
2026-06-05,10.7,10.68,11.08,10.51,268667059.0,2897244901.0,-2.0183486238532167,-0.22000000000000064,0.020394717333991987,5.22935779816514,13173365171.0
2026-06-08,10.14,10.02,10.31,9.9,286548238.0,2899319723.0,-6.17977528089888,-0.6600000000000001,0.021752091001835328,3.838951310861425,13173365171.0
2026-06-09,10.06,10.15,10.18,9.79,211590813.0,2112029932.0,1.2974051896207595,0.13000000000000078,0.01606201682359785,3.892215568862281,13173365171.0
2026-06-10,9.9,10.1,10.19,9.82,198074011.0,1978898881.0,-0.49261083743843415,-0.05000000000000071,0.015035946277116985,3.6453201970443274,13173365171.0
2026-06-11,10.0,10.33,10.4,9.95,210133936.0,2151721082.0,2.2772277227722793,0.23000000000000043,0.015951424201204965,4.4554455445544665,13173365171.0
2026-06-12,10.47,10.8,11.04,10.35,385974422.0,4149957535.0,4.549854791868357,0.47000000000000064,0.029299606971321845,6.679574056147139,13173365171.0
2026-06-15,10.98,10.67,11.07,10.41,405938084.0,4348846899.0,-1.2037037037037068,-0.13000000000000078,0.03081506348079053,6.1111111111111125,13173365171.0
2026-06-16,10.38,10.07,10.39,10.01,412270433.0,4203230129.0,-5.623242736644796,-0.5999999999999996,0.03129575682814722,3.561387066541713,13173365171.0
2026-06-17,10.05,9.97,10.11,9.88,236002012.0,2355830659.0,-0.9930486593843102,-0.09999999999999964,0.017915089192208654,2.284011916583899,13173365171.0
2026-06-18,9.87,9.38,9.99,9.31,431358114.0,4138194284.0,-5.917753259779335,-0.5899999999999999,0.03274471696492532,6.820461384152454,13173365171.0
2026-06-22,9.36,9.86,9.89,9.33,404668455.0,3895140082.0,5.117270788912576,0.47999999999999865,0.030718684994085026,5.970149253731348,13173365171.0
2026-06-23,9.77,9.09,9.79,9.08,390183372.0,3649139124.0,-7.809330628803246,-0.7699999999999996,0.029551869057937427,7.2008113590263605,13203339905.0
