date,open,close,high,low,volume,amount,pct_chg,change,turnover,amplitude,outstanding_share
2023-06-26,10.27,10.3,10.4,10.23,22862070.0,238046840.0,,,0.008229686825053996,,2778000000.0
2023-06-27,10.31,10.37,10.4,10.29,12689100.0,132684084.0,0.6796116504854233,0.06999999999999851,0.004567710583153348,1.0679611650485552,2778000000.0
2023-06-28,10.35,10.38,10.4,10.25,13433000.0,140125113.0,0.0964320154291265,0.010000000000001563,0.004835493160547156,1.4464802314368406,2778000000.0
2023-06-29,10.36,10.46,10.5,10.35,16563427.0,174443115.0,0.7707129094412402,0.08000000000000007,0.005962356731461483,1.4450867052023153,2778000000.0
2023-06-30,10.42,10.55,10.6,10.42,24629751.0,261921129.0,0.8604206500955947,0.08999999999999986,0.008866001079913607,1.7208413001912017,2778000000.0
2023-07-03,10.52,10.59,10.62,10.52,23511908.0,251271137.0,0.37914691943126133,0.03999999999999915,0.008463609791216702,0.9478672985781956,2778000000.0
2023-07-04,10.56,10.5,10.58,10.46,18744802.0,199111374.0,-0.8498583569405138,-0.08999999999999986,0.006747588912886969,1.1331444759206726,2778000000.0
2023-07-05,10.49,10.41,10.5,10.39,15461743.0,162940928.0,-0.8571428571428563,-0.08999999999999986,0.005565782217422606,1.0476190476190421,2778000000.0
2023-07-06,10.4,10.44,10.46,10.38,10922500.0,114940230.0,0.28818443804032867,0.02999999999999936,0.003931785457163427,0.7684918347742562,2778000000.0
2023-07-07,10.4,10.47,10.53,10.39,13224246.0,139877040.0,0.287356321839094,0.030000000000001137,0.004760347732181426,1.340996168582364,2778000000.0
2023-07-10,10.48,10.5,10.54,10.46,12234786.0,129771078.0,0.2865329512893977,0.02999999999999936,0.004404170626349892,0.7640878701050458,2778000000.0
2023-07-11,10.5,10.55,10.55,10.46,13287083.0,141153713.0,0.4761904761904745,0.05000000000000071,0.00478296724262059,0.8571428571428558,2778000000.0
2023-07-12,10.54,10.44,10.57,10.42,13656400.0,144696630.0,-1.0426540284360297,-0.11000000000000121,0.004915910727141828,1.4218009478673017,2778000000.0
2023-07-13,10.46,10.58,10.61,10.46,26504190.0,282916522.0,1.3409961685823868,0.14000000000000057,0.009540745140388768,1.4367816091953887,2778000000.0
2023-07-14,10.58,10.53,10.58,10.52,12516422.0,133361957.0,-0.472589792060496,-0.05000000000000071,0.004505551475881929,0.5671077504725945,2778000000.0
2023-07-17,10.51,10.48,10.52,10.43,10532605.0,111323233.0,-0.47483380816712994,-0.049999999999998934,0.0037914344852411808,0.8547008547008534,2778000000.0
2023-07-18,10.48,10.48,10.53,10.45,10549476.0,111789394.0,0.0,0.0,0.0037975075593952483,0.7633587786259549,2778000000.0
2023-07-19,10.46,10.5,10.52,10.44,12569740.0,133057561.0,0.190839694656475,0.019999999999999574,0.004524744420446364,0.7633587786259549,2778000000.0
2023-07-20,10.52,10.42,10.55,10.4,14693917.0,155512516.0,-0.7619047619047636,-0.08000000000000007,0.0052893869690424766,1.428571428571432,2778000000.0
2023-07-21,10.41,10.42,10.47,10.39,11198675.0,117928508.0,0.0,0.0,0.004031200503959683,0.7677543186180429,2778000000.0
2023-07-24,10.41,10.4,10.46,10.36,9133488.0,95957556.0,-0.19193857965450478,-0.019999999999999574,0.003287792656587473,0.9596928982725664,2778000000.0
2023-07-25,10.66,10.78,10.84,10.59,59090296.0,639538772.0,3.653846153846141,0.379999999999999,0.021270804895608352,2.4038461538461537,2778000000.0
2023-07-26,10.76,10.73,10.84,10.65,33409723.0,362839723.0,-0.4638218923933124,-0.049999999999998934,0.012026538156947444,1.762523191094615,2778000000.0
2023-07-27,10.74,10.63,10.78,10.62,23115158.0,249768962.0,-0.9319664492078217,-0.09999999999999964,0.008320791216702664,1.491146318732527,2778000000.0
2023-07-28,10.62,11.24,11.33,10.61,101970908.0,1138893867.0,5.738476011288807,0.6099999999999994,0.03670659035277178,6.77328316086548,2778000000.0
2023-07-31,11.25,11.23,11.47,11.21,93245852.0,1065563889.0,-0.0889679715302516,-0.009999999999999787,0.033565821454283655,2.313167259786475,2778000000.0
2023-08-01,11.17,11.28,11.43,11.05,68814415.0,784332030.0,0.44523597506678225,0.049999999999998934,0.02477120770338373,3.38379341050756,2778000000.0
2023-08-02,11.28,11.37,11.53,11.24,59974259.0,690380742.0,0.7978723404255206,0.08999999999999986,0.02158900611951044,2.5709219858155956,2778000000.0
2023-08-03,11.46,11.74,11.82,11.26,107974113.0,1263778842.0,3.254177660510127,0.370000000000001,0.03886757127429805,4.925241864555853,2778000000.0
2023-08-04,11.91,11.96,12.52,11.83,199948290.0,2449302022.0,1.873935264054527,0.22000000000000064,0.071975626349892,5.877342419080064,2778000000.0
2023-08-07,11.81,11.93,11.96,11.71,110619799.0,1323603163.0,-0.2508361204013432,-0.030000000000001137,0.03981994204463643,2.0903010033444818,2778000000.0
2023-08-08,11.78,11.8,11.96,11.46,77238691.0,915561820.0,-1.0896898575020852,-0.129999999999999,0.027803704463642907,4.191114836546522,2778000000.0
2023-08-09,11.74,11.99,12.18,11.74,98265485.0,1190187995.0,1.610169491525415,0.1899999999999995,0.03537274478041757,3.7288135593220293,2778000000.0
2023-08-10,11.98,12.23,12.23,11.84,107017830.0,1300007159.0,2.0016680567139344,0.2400000000000002,0.038523336933045355,3.252710592160138,2778000000.0
2023-08-11,12.28,11.61,12.28,11.57,112994963.0,1346679637.0,-5.069501226492246,-0.620000000000001,0.04067493268538517,5.8053965658217415,2778000000.0
2023-08-14,11.34,11.36,11.55,11.27,74249613.0,853901525.0,-2.1533161068044815,-0.25,0.026727722462203025,2.411714039621026,2778000000.0
2023-08-15,11.39,12.18,12.49,11.34,213330447.0,2604278451.0,7.2183098591549255,0.8200000000000003,0.07679281749460043,10.123239436619722,2778000000.0
2023-08-16,11.68,12.34,12.54,11.5,241357980.0,2960556579.0,1.3136288998357948,0.16000000000000014,0.08688192224622031,8.53858784893267,2778000000.0
2023-08-17,12.17,12.4,12.97,12.02,211384384.0,2657918898.0,0.4862236628849326,0.0600000000000005,0.07609229085673146,7.698541329011353,2778000000.0
2023-08-18,12.42,11.81,12.43,11.81,109462585.0,1327985702.0,-4.758064516129035,-0.5899999999999999,0.03940337832973362,4.999999999999993,2778000000.0
2023-08-21,11.63,11.78,12.21,11.63,99848253.0,1194675196.0,-0.2540220152413286,-0.030000000000001137,0.03594249568034557,4.911092294665538,2778000000.0
2023-08-22,11.73,11.8,11.96,11.41,119431327.0,1402191477.0,0.1697792869270076,0.02000000000000135,0.04299183837293016,4.668930390492367,2778000000.0
2023-08-23,11.68,11.2,11.71,11.16,89085102.0,1021203088.0,-5.084745762711873,-0.6000000000000014,0.03206807127429805,4.661016949152548,2778000000.0
2023-08-24,11.32,11.2,11.44,11.2,66039537.0,752162210.0,0.0,0.0,0.023772331533477322,2.142857142857145,2778000000.0
2023-08-25,11.04,11.31,11.46,11.02,65533141.0,748230172.0,0.9821428571428648,0.11000000000000121,0.023590043556515478,3.9285714285714404,2778000000.0
2023-08-28,12.45,11.73,12.45,11.69,169061105.0,2063663182.0,3.7135278514588865,0.41999999999999993,0.060857129229661626,6.719717064544649,2778000000.0
2023-08-29,11.88,12.16,12.24,11.46,158623599.0,1897940485.0,3.6658141517476484,0.4299999999999997,0.057099927645788334,6.649616368286439,2778000000.0
2023-08-30,11.92,11.62,11.98,11.61,93785322.0,1111354938.0,-4.440789473684214,-0.5400000000000009,0.033760015118790496,3.0427631578947447,2778000000.0
2023-08-31,11.66,11.79,12.2,11.62,131422297.0,1576090891.0,1.462994836488818,0.16999999999999993,0.04730824226061915,4.991394148020655,2778000000.0
2023-09-01,12.02,12.09,12.46,11.92,160736514.0,1974344763.0,2.5445292620865256,0.3000000000000007,0.0578605161987041,4.580152671755734,2778000000.0
2023-09-04,12.01,11.72,12.03,11.49,117265224.0,1386169780.0,-3.060380479735314,-0.3699999999999992,0.04221210367170626,4.466501240694782,2778000000.0
2023-09-05,11.64,11.43,11.68,11.38,64277297.0,743475033.0,-2.4744027303754357,-0.2900000000000009,0.023137975881929444,2.559726962457329,2778000000.0
2023-09-06,11.34,11.59,11.65,11.31,52243441.0,606092733.0,1.3998250218722585,0.16000000000000014,0.018806134269258458,2.974628171478564,2778000000.0
2023-09-07,11.52,11.46,11.68,11.4,53937048.0,627369651.0,-1.1216566005176842,-0.129999999999999,0.019415784017278618,2.415875754961168,2778000000.0
2023-09-08,11.4,11.57,11.65,11.3,44033817.0,509201807.0,0.9598603839441555,0.10999999999999943,0.015850906047516197,3.0541012216404853,2778000000.0
2023-09-11,11.55,11.88,12.0,11.41,80559450.0,952809726.0,2.6793431287813307,0.3100000000000005,0.028999082073434126,5.099394987035435,2778000000.0
2023-09-12,11.79,11.77,11.86,11.72,43968109.0,522372746.0,-0.9259259259259411,-0.11000000000000121,0.01582725305975522,1.1784511784511682,2778000000.0
2023-09-13,11.77,11.5,11.8,11.46,44578473.0,518950835.0,-2.2939677145284554,-0.2699999999999996,0.016046966522678185,2.888700084961766,2778000000.0
2023-09-14,11.53,11.51,11.58,11.45,31160424.0,361352429.0,0.08695652173913437,0.009999999999999787,0.011216855291576674,1.1304347826087024,2778000000.0
2023-09-15,11.56,11.36,11.63,11.3,44343067.0,512681030.0,-1.3032145960034769,-0.15000000000000036,0.015962227141828655,2.867072111207646,2778000000.0
2023-09-18,11.29,11.43,11.48,11.22,29503531.0,339133003.0,0.616197183098599,0.07000000000000028,0.010620421526277898,2.2887323943661957,2778000000.0
2023-09-19,11.43,11.38,11.5,11.34,26764239.0,307885199.0,-0.43744531933507247,-0.049999999999998934,0.009634355291576673,1.3998250218722672,2778000000.0
2023-09-20,11.35,11.33,11.45,11.31,20956764.0,240241904.0,-0.4393673110720586,-0.05000000000000071,0.007543831533477322,1.2302284710017468,2778000000.0
2023-09-21,11.29,11.16,11.42,11.14,35575965.0,403389507.0,-1.5004413062665534,-0.16999999999999993,0.012806322894168467,2.47131509267431,2778000000.0
2023-09-22,11.09,11.53,11.54,11.09,48259266.0,553839927.0,3.315412186379918,0.3699999999999992,0.017371946004319655,4.032258064516123,2778000000.0
2023-09-25,11.46,11.26,11.46,11.26,34034903.0,389370143.0,-2.341717259323506,-0.2699999999999996,0.012251584953203744,1.7346053772766787,2778000000.0
2023-09-26,11.23,11.26,11.33,11.22,16488923.0,187624154.0,0.0,0.0,0.005935537437005039,0.9769094138543467,2778000000.0
2023-09-27,11.27,11.22,11.34,11.22,21845886.0,248241639.0,-0.3552397868561208,-0.03999999999999915,0.007863889848812094,1.0657193605683768,2778000000.0
2023-09-28,11.3,11.29,11.37,11.27,25016999.0,285323343.0,0.6238859180035528,0.06999999999999851,0.009005399208063355,0.8912655971479468,2778000000.0
2023-10-09,11.22,11.0,11.24,10.95,32524354.0,361720501.0,-2.5686448184233712,-0.28999999999999915,0.011707830813534917,2.568644818423392,2778000000.0
2023-10-10,11.02,10.92,11.1,10.87,27295502.0,300968449.0,-0.727272727272732,-0.08000000000000007,0.009825594672426207,2.090909090909095,2778000000.0
2023-10-11,10.95,10.88,11.0,10.87,22241560.0,244737780.0,-0.3663003663003539,-0.03999999999999915,0.008006321094312456,1.1904761904761978,2778000000.0
2023-10-12,11.08,10.97,11.12,10.9,25435608.0,281325026.0,0.8272058823529438,0.08999999999999986,0.009156086393088552,2.022058823529401,2778000000.0
2023-10-13,10.86,10.89,10.92,10.79,21830910.0,238800580.0,-0.7292616226071136,-0.08000000000000007,0.007858498920086393,1.1850501367365613,2778000000.0
2023-10-16,10.86,10.83,10.95,10.78,16311004.0,178366418.0,-0.5509641873278293,-0.0600000000000005,0.005871491720662347,1.561065197428833,2778000000.0
2023-10-17,10.89,10.93,11.05,10.82,28051200.0,308990778.0,0.9233610341643494,0.09999999999999964,0.010097624190064795,2.123730378578028,2778000000.0
2023-10-18,10.88,10.86,11.0,10.85,21182040.0,233088552.0,-0.6404391582799707,-0.07000000000000028,0.007624924406047516,1.3723696248856392,2778000000.0
2023-10-19,10.81,10.87,11.08,10.79,28141168.0,310474412.0,0.09208103130755596,0.009999999999999787,0.010130010079193664,2.6703499079189776,2778000000.0
2023-10-20,10.82,10.92,11.03,10.82,27937172.0,307500168.0,0.4599816007359703,0.05000000000000071,0.010056577393808495,1.931922723091068,2778000000.0
2023-10-23,10.93,10.59,10.93,10.52,30449609.0,327103093.0,-3.0219780219780223,-0.33000000000000007,0.010960982361411088,3.754578754578756,2778000000.0
2023-10-24,10.64,11.05,11.15,10.61,55376331.0,612704901.0,4.34372049102929,0.46000000000000085,0.01993388444924406,5.099150141643069,2778000000.0
2023-10-25,11.03,10.87,11.04,10.87,36937154.0,407113930.0,-1.628959276018116,-0.1800000000000015,0.013296311735061196,1.5384615384615377,2778000000.0
2023-10-26,10.78,10.83,10.88,10.72,24387631.0,265218499.0,-0.36798528058876734,-0.03999999999999915,0.008778844852411807,1.471941122355107,2778000000.0
2023-10-27,10.73,10.75,10.8,10.55,41747056.0,448651284.0,-0.7386888273314907,-0.08000000000000007,0.015027737940964722,2.3084025854108954,2778000000.0
2023-10-30,10.69,10.83,10.87,10.65,28524137.0,309909888.0,0.7441860465116301,0.08000000000000007,0.010267867890568754,2.046511627906966,2778000000.0
2023-10-31,10.8,10.82,10.95,10.76,22531793.0,245898439.0,-0.09233610341643494,-0.009999999999999787,0.008110796616270698,1.7543859649122762,2778000000.0
2023-11-01,10.94,10.74,10.97,10.72,23029188.0,250462174.0,-0.7393715341959317,-0.08000000000000007,0.008289844492440605,2.310536044362292,2778000000.0
2023-11-02,10.67,10.61,10.78,10.61,20866735.0,224414896.0,-1.2104283054003795,-0.13000000000000078,0.007511423686105112,1.5828677839851018,2778000000.0
2023-11-03,10.64,10.71,10.75,10.62,19527436.0,210338047.0,0.9425070688030335,0.10000000000000142,0.007029314614830814,1.2252591894439284,2778000000.0
2023-11-06,10.93,11.06,11.16,10.87,61936808.0,686429534.0,3.2679738562091387,0.34999999999999964,0.02229546724262059,2.7077497665733046,2778000000.0
2023-11-07,11.0,11.14,11.19,10.97,51681596.0,579225795.0,0.723327305605781,0.08000000000000007,0.01860388624910007,1.9891500904159027,2778000000.0
2023-11-08,11.12,11.05,11.15,10.98,32990242.0,367358612.0,-0.8078994614003632,-0.08999999999999986,0.011875537077033838,1.5260323159784552,2778000000.0
2023-11-09,11.02,10.99,11.09,10.96,23678615.0,262561893.0,-0.5429864253393757,-0.0600000000000005,0.008523619510439165,1.176470588235285,2778000000.0
2023-11-10,10.99,11.03,11.08,10.93,26139620.0,289735667.0,0.36396724294813776,0.03999999999999915,0.009409510439164867,1.3648771610555084,2778000000.0
2023-11-13,11.01,10.96,11.04,10.9,21915498.0,241552095.0,-0.6346328195829476,-0.06999999999999851,0.007888948164146868,1.2692656391659003,2778000000.0
2023-11-14,10.99,11.17,11.26,10.95,54526681.0,612256215.0,1.9160583941605802,0.20999999999999908,0.019628034917206622,2.828467153284676,2778000000.0
2023-11-15,11.24,11.16,11.35,11.13,42185257.0,478160457.0,-0.08952551477170445,-0.009999999999999787,0.015185477681785457,1.9695613249776085,2778000000.0
2023-11-16,11.12,11.06,11.19,11.04,22443727.0,251198187.0,-0.8960573476702427,-0.09999999999999964,0.008079095392368611,1.3440860215053796,2778000000.0
2023-11-17,11.05,11.09,11.09,10.99,20245878.0,225255883.0,0.2712477396021651,0.02999999999999936,0.007287933045356371,0.90415913200723,2778000000.0
2023-11-20,11.08,11.07,11.1,10.96,21363921.0,237149438.0,-0.18034265103696878,-0.019999999999999574,0.007690396328293736,1.2623985572587808,2778000000.0
2023-11-21,11.1,11.04,11.23,11.04,31566593.0,354344100.0,-0.27100271002711285,-0.030000000000001137,0.011363064434845213,1.7163504968383134,2778000000.0
2023-11-22,11.0,11.0,11.07,10.97,19619725.0,217732620.0,-0.36231884057970065,-0.03999999999999915,0.00706253599712023,0.9057971014492723,2778000000.0
2023-11-23,10.98,11.02,11.02,10.92,20201210.0,223110947.0,0.1818181818181719,0.019999999999999574,0.007271853851691865,0.909090909090906,2778000000.0
2023-11-24,10.99,10.84,11.0,10.82,21169106.0,232322028.0,-1.6333938294010864,-0.17999999999999972,0.007620268538516919,1.6333938294010864,2778000000.0
2023-11-27,10.79,10.72,10.81,10.66,23817036.0,257314294.0,-1.1070110701106972,-0.11999999999999922,0.00857344708423326,1.3837638376383796,2778000000.0
2023-11-28,10.69,10.72,10.77,10.67,13045472.0,140877844.0,0.0,0.0,0.0046959942404607635,0.932835820895519,2778000000.0
2023-11-29,10.7,10.67,10.75,10.66,13605653.0,146533057.0,-0.4664179104477695,-0.05000000000000071,0.004897643268538517,0.8395522388059687,2778000000.0
2023-11-30,10.72,10.69,10.75,10.6,17095322.0,183941134.0,0.18744142455482393,0.019999999999999574,0.006153823614110871,1.4058106841612028,2778000000.0
2023-12-01,10.67,10.75,10.75,10.64,15527198.0,167364006.0,0.561272217025266,0.0600000000000005,0.005589344132469402,1.0289990645462996,2778000000.0
2023-12-04,10.75,10.7,10.77,10.68,15650488.0,169001932.0,-0.46511627906977715,-0.05000000000000071,0.00563372498200144,0.8372093023255801,2778000000.0
2023-12-05,10.67,10.58,10.71,10.57,19039760.0,203829458.0,-1.121495327102795,-0.11999999999999922,0.006853765298776098,1.3084112149532765,2778000000.0
2023-12-06,10.56,10.58,10.64,10.54,14937425.0,159532186.0,0.0,0.0,0.005377042836573074,0.9451795841209963,2778000000.0
2023-12-07,10.56,10.63,10.65,10.52,16342938.0,174414863.0,0.4725897920605071,0.05000000000000071,0.005882987041036717,1.2287334593572852,2778000000.0
2023-12-08,10.63,10.55,10.65,10.54,17724438.0,189166068.0,-0.7525870178739402,-0.08000000000000007,0.006380287257019439,1.034807149576681,2778000000.0
2023-12-11,10.54,10.72,10.77,10.42,27887121.0,297747629.0,1.611374407582944,0.16999999999999993,0.010038560475161986,3.3175355450236927,2778000000.0
2023-12-12,10.71,10.72,10.75,10.66,13100400.0,141258912.0,0.0,0.0,0.004715766738660907,0.8395522388059687,2778000000.0
2023-12-13,10.69,10.61,10.71,10.6,10901038.0,117091374.0,-1.0261194029850818,-0.11000000000000121,0.003924059755219583,1.026119402985086,2778000000.0
2023-12-14,10.65,10.58,10.69,10.57,10170125.0,108995736.0,-0.2827521206408945,-0.02999999999999936,0.0036609521238300936,1.131008482563612,2778000000.0
2023-12-15,10.59,10.59,10.72,10.57,17138113.0,183634371.0,0.0945179584120881,0.009999999999999787,0.006169227141828654,1.4177693761814778,2778000000.0
2023-12-18,10.59,10.5,10.64,10.45,14461437.0,153450341.0,-0.8498583569405138,-0.08999999999999986,0.005205700863930886,1.7941454202077551,2778000000.0
2023-12-19,10.47,10.46,10.52,10.37,15593164.0,164293299.0,-0.3809523809523707,-0.03999999999999915,0.005613089992800576,1.428571428571432,2778000000.0
2023-12-20,10.5,10.28,10.52,10.27,17924027.0,187007119.0,-1.7208413001912226,-0.1800000000000015,0.006452133549316055,2.390057361376673,2778000000.0
2023-12-21,10.26,10.22,10.28,10.01,24009191.0,246078072.0,-0.583657587548625,-0.05999999999999872,0.008642617350611951,2.6264591439688676,2778000000.0
2023-12-22,10.2,10.19,10.25,10.09,16365607.0,167661905.0,-0.29354207436400603,-0.030000000000001137,0.005891147228221742,1.5655577299412928,2778000000.0
2023-12-25,10.16,10.1,10.2,10.09,10094621.0,103002202.0,-0.8832188420019649,-0.08999999999999986,0.0036337728581713464,1.0794896957801712,2778000000.0
2023-12-26,10.11,9.91,10.13,9.89,17860181.0,179532165.0,-1.8811881188118718,-0.1899999999999995,0.006429150827933766,2.3762376237623783,2778000000.0
2023-12-27,9.92,10.06,10.13,9.87,16163599.0,163089788.0,1.5136226034308864,0.15000000000000036,0.005818430165586753,2.6236125126135375,2778000000.0
2023-12-28,10.02,10.22,10.27,10.0,21162383.0,217272949.0,1.5904572564612307,0.16000000000000014,0.00761784845212383,2.683896620278326,2778000000.0
2023-12-29,10.2,10.21,10.25,10.19,12906143.0,132922636.0,-0.09784735812132794,-0.009999999999999787,0.004645839812814975,0.5870841487279892,2778000000.0
2024-01-02,10.25,10.13,10.25,10.13,12415318.0,127295997.0,-0.7835455435847183,-0.08000000000000007,0.004469156947444205,1.1753183153770737,2778000000.0
2024-01-03,10.11,10.17,10.2,10.11,9600900.0,98359065.0,0.39486673247777215,0.03999999999999915,0.0034560475161987043,0.8884501480750232,2778000000.0
2024-01-04,10.16,10.07,10.18,10.02,10981400.0,111628493.0,-0.9832841691248762,-0.09999999999999964,0.0039529877609791216,1.5732546705998047,2778000000.0
2024-01-05,10.06,9.96,10.14,9.93,12069449.0,122146834.0,-1.0923535253227312,-0.10999999999999943,0.004344654067674586,2.085402184707059,2778000000.0
2024-01-08,9.97,9.81,9.97,9.81,16262458.0,161591456.0,-1.5060240963855498,-0.15000000000000036,0.005854016558675306,1.6064257028112463,2778000000.0
2024-01-09,9.81,9.68,9.86,9.63,15111271.0,148519077.0,-1.3251783893985847,-0.13000000000000078,0.0054396223902087835,2.344546381243615,2778000000.0
2024-01-10,9.65,9.66,9.73,9.54,11405080.0,110834701.0,-0.20661157024792765,-0.019999999999999574,0.004105500359971202,1.9628099173553852,2778000000.0
2024-01-11,9.63,9.77,9.82,9.63,10801000.0,106078226.0,1.1387163561076497,0.10999999999999943,0.0038880489560835134,1.9668737060041357,2778000000.0
2024-01-12,9.74,9.68,9.85,9.67,10709049.0,105288423.0,-0.92118730808598,-0.08999999999999986,0.0038549492440604753,1.842374616171952,2778000000.0
2024-01-15,9.61,9.65,9.75,9.6,7526717.0,73272777.0,-0.30991735537189147,-0.02999999999999936,0.002709401367890569,1.5495867768595077,2778000000.0
2024-01-16,9.62,9.79,9.79,9.6,12855959.0,125537172.0,1.4507772020725174,0.1399999999999988,0.00462777501799856,1.9689119170984406,2778000000.0
2024-01-17,9.75,9.61,9.77,9.61,10510000.0,102761239.0,-1.8386108273748647,-0.17999999999999972,0.003783297336213103,1.6343207354443323,2778000000.0
2024-01-18,9.55,9.59,9.62,9.29,28646202.0,272643236.0,-0.20811654526534662,-0.019999999999999574,0.01031180777537797,3.4339229968782528,2778000000.0
2024-01-19,9.55,9.48,9.57,9.46,11263879.0,107935970.0,-1.147028154327423,-0.10999999999999943,0.004054672066234701,1.1470281543274186,2778000000.0
2024-01-22,9.48,9.16,9.52,9.04,18982090.0,178197861.0,-3.3755274261603407,-0.3200000000000003,0.006833005759539237,5.06329113924051,2778000000.0
2024-01-23,9.15,9.29,9.37,9.0,18223074.0,169560221.0,1.419213973799116,0.129999999999999,0.006559781857451404,4.039301310043659,2778000000.0
2024-01-24,9.37,9.8,9.87,9.14,41069473.0,394759770.0,5.4897739504844,0.5100000000000016,0.014783827573794097,7.857911733046273,2778000000.0
2024-01-25,9.75,10.54,10.78,9.67,125169590.0,1313538417.0,7.551020408163245,0.7399999999999984,0.045057447804175664,11.326530612244891,2778000000.0
2024-01-26,10.25,10.21,10.41,10.1,81573302.0,841371382.0,-3.1309297912713308,-0.3299999999999983,0.029364039596832252,2.94117647058824,2778000000.0
2024-01-29,10.11,9.96,10.27,9.94,48911298.0,496766236.0,-2.448579823702257,-0.25,0.017606658747300215,3.232125367286974,2778000000.0
2024-01-30,9.84,9.84,10.04,9.78,35093928.0,351204018.0,-1.2048192771084487,-0.120000000000001,0.012632803455723542,2.610441767068271,2778000000.0
2024-01-31,9.77,10.26,10.65,9.77,91684125.0,944228105.0,4.268292682926833,0.41999999999999993,0.033003644708423326,8.943089430894318,2778000000.0
2024-02-01,10.13,10.74,11.28,10.12,186826470.0,2058653959.0,4.678362573099415,0.4800000000000004,0.06725214902807776,11.306042884990255,2778000000.0
2024-02-02,10.68,10.82,11.27,10.17,206445385.0,2241132631.0,0.7448789571694592,0.08000000000000007,0.07431439344852411,10.24208566108007,2778000000.0
2024-02-05,10.51,9.74,11.06,9.74,170549074.0,1803841884.0,-9.981515711645105,-1.08,0.061392755219582436,12.199630314232904,2778000000.0
2024-02-06,9.06,10.11,10.31,9.06,125906962.0,1221034695.0,3.7987679671457775,0.3699999999999992,0.04532288048956083,12.833675564681723,2778000000.0
2024-02-07,10.01,10.19,10.23,9.97,94650353.0,965613290.0,0.7912957467853587,0.08000000000000007,0.034071401367890566,2.5717111770524212,2778000000.0
2024-02-08,10.3,10.26,10.67,10.22,82755479.0,871452760.0,0.6869479882237517,0.07000000000000028,0.029789589272858172,4.416094210009807,2778000000.0
2024-02-19,10.22,10.39,10.47,9.89,71231409.0,735860340.0,1.2670565302144388,0.13000000000000078,0.025641255939524838,5.6530214424951275,2778000000.0
2024-02-20,10.28,10.64,10.82,10.21,87127188.0,924937778.0,2.4061597690086645,0.25,0.031363278617710585,5.87102983638113,2778000000.0
2024-02-21,10.47,10.58,10.95,10.39,94836738.0,1019656107.0,-0.5639097744360999,-0.0600000000000005,0.034138494600431966,5.26315789473683,2778000000.0
2024-02-22,10.51,10.67,10.8,10.47,69354625.0,741688781.0,0.8506616257088817,0.08999999999999986,0.024965667746580274,3.1190926275992443,2778000000.0
2024-02-23,10.68,10.69,10.78,10.55,62424432.0,670242815.0,0.18744142455482393,0.019999999999999574,0.022470997840172785,2.1555763823804934,2778000000.0
2024-02-26,10.66,10.9,11.15,10.61,105144405.0,1160668221.0,1.9644527595884087,0.21000000000000085,0.03784895788336933,5.0514499532273245,2778000000.0
2024-02-27,10.8,11.03,11.12,10.79,79262997.0,873812099.0,1.1926605504587018,0.129999999999999,0.028532396328293737,3.027522935779817,2778000000.0
2024-02-28,11.1,10.63,11.26,10.63,122327571.0,1363142511.0,-3.6264732547597323,-0.3999999999999986,0.044034402807775375,5.711695376246592,2778000000.0
2024-02-29,10.61,10.84,10.87,10.59,64892978.0,702974676.0,1.9755409219190945,0.20999999999999908,0.02335960331173506,2.6340545625587897,2778000000.0
2024-03-01,10.82,10.84,10.94,10.72,56365942.0,613952115.0,0.0,0.0,0.02029011591072714,2.0295202952029414,2778000000.0
2024-03-04,10.85,10.71,10.91,10.65,44528437.0,481804088.0,-1.1992619926199155,-0.129999999999999,0.016028955003599712,2.3985239852398506,2778000000.0
2024-03-05,10.63,10.55,10.69,10.52,37906842.0,404633479.0,-1.4939309056956174,-0.16000000000000014,0.013645371490280778,1.5873015873015865,2778000000.0
2024-03-06,10.54,10.61,10.77,10.52,36315621.0,388821018.0,0.5687203791469031,0.05999999999999872,0.013072577753779697,2.3696682464454977,2778000000.0
2024-03-07,10.61,10.42,10.65,10.38,44822309.0,475023817.0,-1.790763430725728,-0.1899999999999995,0.016134740460763138,2.5447690857681393,2778000000.0
2024-03-08,10.42,10.48,10.5,10.36,25478339.0,267813119.0,0.5758157389635254,0.0600000000000005,0.009171468322534198,1.3435700575815794,2778000000.0
2024-03-11,10.46,10.61,10.64,10.45,32028630.0,340871556.0,1.2404580152671763,0.129999999999999,0.01152938444924406,1.8129770992366532,2778000000.0
2024-03-12,10.66,10.63,10.71,10.54,35093430.0,375505593.0,0.18850141376061114,0.02000000000000135,0.012632624190064794,1.6022620169651434,2778000000.0
2024-03-13,10.61,10.51,10.61,10.48,28701599.0,304748846.0,-1.128880526810927,-0.120000000000001,0.010331749100071994,1.2229539040451458,2778000000.0
2024-03-14,10.48,10.41,10.53,10.34,24518417.0,257855467.0,-0.9514747859181716,-0.09999999999999964,0.008825924046076314,1.8078020932445242,2778000000.0
2024-03-15,10.4,10.49,10.5,10.31,26191026.0,274758481.0,0.7684918347742542,0.08000000000000007,0.009428015118790496,1.825168107588852,2778000000.0
2024-03-18,10.53,10.69,10.76,10.52,47906223.0,513858477.0,1.9065776930409895,0.1999999999999993,0.017244860691144708,2.287893231649192,2778000000.0
2024-03-19,10.67,10.49,10.67,10.49,29083687.0,309919597.0,-1.8709073900841866,-0.1999999999999993,0.010469289776817855,1.683816651075769,2778000000.0
2024-03-20,10.47,10.55,10.58,10.43,24680308.0,261355868.0,0.5719733079122991,0.0600000000000005,0.008884200143988481,1.429933269780747,2778000000.0
2024-03-21,10.57,10.54,10.7,10.51,32228009.0,344028367.0,-0.09478672985783199,-0.010000000000001563,0.011601155147588194,1.8009478672985733,2778000000.0
2024-03-22,10.54,10.34,10.54,10.33,29981460.0,314446196.0,-1.8975332068311146,-0.1999999999999993,0.010792462203023758,1.9924098671726669,2778000000.0
2024-03-25,10.27,10.01,10.3,10.0,34073097.0,348732285.0,-3.1914893617021267,-0.33000000000000007,0.012265333693304535,2.9013539651837594,2778000000.0
2024-03-26,10.06,10.08,10.11,10.0,17895406.0,181345031.0,0.6993006993007089,0.07000000000000028,0.006441830813534917,1.0989010989010932,2778000000.0
2024-03-27,10.05,9.89,10.07,9.89,19726890.0,198347811.0,-1.8849206349206282,-0.1899999999999995,0.007101112311015119,1.785714285714283,2778000000.0
2024-03-28,9.9,9.93,10.03,9.87,20582621.0,206454723.0,0.4044489383215222,0.03999999999999915,0.007409150827933766,1.617795753286149,2778000000.0
2024-03-29,9.94,9.99,10.0,9.87,17257101.0,173067256.0,0.6042296072507503,0.0600000000000005,0.00621205939524838,1.309164149043311,2778000000.0
2024-04-01,10.09,10.15,10.16,10.03,21987759.0,223663056.0,1.60160160160161,0.16000000000000014,0.007914960043196544,1.301301301301309,2778000000.0
2024-04-02,10.12,10.03,10.17,10.01,17995768.0,182789825.0,-1.1822660098522286,-0.120000000000001,0.006477958243340532,1.5763546798029568,2778000000.0
2024-04-03,10.04,9.95,10.07,9.94,13927752.0,140234777.0,-0.7976071784646099,-0.08000000000000007,0.005013589632829374,1.2961116650049929,2778000000.0
2024-04-08,9.9,9.82,9.97,9.82,18916960.0,188247943.0,-1.306532663316573,-0.129999999999999,0.006809560835133189,1.507537688442215,2778000000.0
2024-04-09,9.83,9.86,9.89,9.82,11004534.0,109196709.0,0.40733197556006573,0.03999999999999915,0.003961315334773218,0.7128309572301454,2778000000.0
2024-04-10,9.84,9.65,9.86,9.6,17902419.0,175138624.0,-2.129817444219062,-0.20999999999999908,0.006444355291576674,2.636916835699795,2778000000.0
2024-04-11,9.58,9.63,9.74,9.58,13941989.0,135911316.0,-0.2072538860103612,-0.019999999999999574,0.005018714542836573,1.6580310880829028,2778000000.0
2024-04-12,9.65,9.44,9.68,9.43,17313662.0,166284991.0,-1.9730010384216068,-0.19000000000000128,0.0062324197264218865,2.5960539979231565,2778000000.0
2024-04-15,9.45,9.76,9.86,9.42,35567839.0,346763222.0,3.3898305084745894,0.3200000000000003,0.012803397768178546,4.661016949152538,2778000000.0
2024-04-16,9.7,9.74,10.02,9.65,46557109.0,462619721.0,-0.2049180327868827,-0.019999999999999574,0.0167592185025198,3.7909836065573694,2778000000.0
2024-04-17,9.63,9.96,9.97,9.56,37808347.0,373244898.0,2.2587268993840004,0.22000000000000064,0.013609916126709863,4.209445585215607,2778000000.0
2024-04-18,9.93,9.91,10.08,9.85,35578917.0,357461182.0,-0.5020080321285203,-0.05000000000000071,0.012807385529157667,2.309236947791169,2778000000.0
2024-04-19,9.85,9.81,9.94,9.8,21018966.0,208908316.0,-1.0090817356205761,-0.09999999999999964,0.007566222462203024,1.4127144298688072,2778000000.0
2024-04-22,9.77,9.85,9.95,9.73,14886144.0,147902882.0,0.4077471967380175,0.03999999999999915,0.005358583153347732,2.2426095820591114,2778000000.0
2024-04-23,9.85,9.78,9.9,9.77,13899200.0,137515749.0,-0.7106598984771617,-0.07000000000000028,0.005003311735061195,1.3197969543147288,2778000000.0
2024-04-24,9.81,9.78,9.83,9.71,15018220.0,147641234.0,0.0,0.0,0.0054061267098632106,1.2269938650306669,2778000000.0
2024-04-25,9.77,9.72,9.8,9.68,14326382.0,140474259.0,-0.6134969325153228,-0.05999999999999872,0.0051570849532037435,1.226993865030685,2778000000.0
2024-04-26,10.08,10.22,10.26,9.87,62587597.0,635512743.0,5.144032921810693,0.5,0.022529732541396688,4.012345679012351,2778000000.0
2024-04-29,10.21,10.38,10.46,10.17,57941007.0,604817480.0,1.5655577299412915,0.16000000000000014,0.0208570939524838,2.8375733855186,2778000000.0
2024-04-30,10.33,10.21,10.42,10.21,29396600.0,304978637.0,-1.6377649325626242,-0.16999999999999993,0.010581929445644348,2.023121387283228,2778000000.0
2024-05-06,10.24,10.29,10.44,10.24,31733580.0,330224207.0,0.7835455435847072,0.0799999999999983,0.01142317494600432,1.958863858961795,2778000000.0
2024-05-07,10.29,10.22,10.33,10.18,18010044.0,185752820.0,-0.6802721088435271,-0.06999999999999851,0.006483097192224622,1.4577259475218696,2778000000.0
2024-05-08,10.21,10.06,10.25,10.04,17650067.0,180004901.0,-1.5655577299412915,-0.16000000000000014,0.006353515838732901,2.0547945205479534,2778000000.0
2024-05-09,10.07,10.16,10.25,10.07,17521127.0,179487089.0,0.994035785288272,0.09999999999999964,0.006307101151907847,1.7892644135188838,2778000000.0
2024-05-10,10.19,10.2,10.23,10.1,16960941.0,173809569.0,0.3937007874015741,0.03999999999999915,0.006105450323974082,1.2795275590551258,2778000000.0
2024-05-13,10.18,10.21,10.29,10.06,19239900.0,197390190.0,0.09803921568629637,0.010000000000001563,0.006925809935205184,2.2549019607843004,2778000000.0
2024-05-14,10.2,10.35,10.36,10.13,25092656.0,258921752.0,1.3712047012732542,0.1399999999999988,0.009032633549316054,2.2526934378060592,2778000000.0
2024-05-15,10.38,10.02,10.4,10.0,35490802.0,362475123.0,-3.1884057971014457,-0.33000000000000007,0.012775666666666666,3.8647342995169116,2778000000.0
2024-05-16,9.98,9.99,10.15,9.98,19494100.0,197413005.0,-0.29940119760478723,-0.02999999999999936,0.007017314614830813,1.696606786427145,2778000000.0
2024-05-17,9.99,10.11,10.11,9.96,17316408.0,175071004.0,1.2012012012011963,0.11999999999999922,0.006233408207343413,1.5015015015014872,2778000000.0
2024-05-20,10.07,10.11,10.23,10.07,20857942.0,213269399.0,0.0,0.0,0.007508258459323254,1.5825914935707235,2778000000.0
2024-05-21,10.08,10.02,10.12,10.0,12459972.0,126329905.0,-0.8902077151335286,-0.08999999999999986,0.004485231101511879,1.186943620178034,2778000000.0
2024-05-22,10.04,10.05,10.11,9.99,12343358.0,124988649.0,0.29940119760480943,0.030000000000001137,0.0044432534197264215,1.197604790419154,2778000000.0
2024-05-23,10.02,9.87,10.05,9.85,17372561.0,173787358.0,-1.7910447761194215,-0.1800000000000015,0.006253621670266379,1.9900497512437916,2778000000.0
2024-05-24,9.84,9.78,9.9,9.78,12102800.0,119991390.0,-0.911854103343468,-0.08999999999999986,0.00435665946724262,1.2158054711246302,2778000000.0
2024-05-27,9.81,9.85,9.85,9.7,11938958.0,117503208.0,0.7157464212679043,0.07000000000000028,0.004297681065514759,1.5337423312883474,2778000000.0
2024-05-28,9.83,9.74,9.85,9.73,9655916.0,95047459.0,-1.116751269035532,-0.10999999999999943,0.003475851691864651,1.218274111675119,2778000000.0
2024-05-29,9.73,9.73,9.84,9.71,9015762.0,88677428.0,-0.10266940451745254,-0.009999999999999787,0.003245414686825054,1.334702258726889,2778000000.0
2024-05-30,9.7,9.74,9.76,9.66,8921800.0,87383638.0,0.10277492291881352,0.009999999999999787,0.003211591072714183,1.0277492291880745,2778000000.0
2024-05-31,9.75,9.72,9.8,9.72,8620745.0,84699232.0,-0.2053388090349051,-0.019999999999999574,0.0031032199424046074,0.8213552361396311,2778000000.0
2024-06-03,9.69,9.67,9.72,9.58,17264217.0,167817698.0,-0.5144032921810759,-0.05000000000000071,0.006214620950323974,1.4403292181070015,2778000000.0
2024-06-04,9.67,9.73,9.76,9.65,10719583.0,104788888.0,0.6204756980351611,0.0600000000000005,0.0038587411807055436,1.1375387797311212,2778000000.0
2024-06-05,9.73,9.68,9.78,9.68,10042772.0,98400676.0,-0.5138746145940454,-0.05000000000000071,0.0036151087113030955,1.0277492291880745,2778000000.0
2024-06-06,9.68,9.49,9.73,9.46,17463800.0,168199420.0,-1.9628099173553681,-0.1899999999999995,0.006286465082793377,2.789256198347103,2778000000.0
2024-06-07,9.53,9.37,9.56,9.08,27613453.0,259690846.0,-1.2644889357218192,-0.120000000000001,0.009940047876169906,5.057955742887254,2778000000.0
2024-06-11,9.31,9.37,9.48,9.29,10959549.0,103706584.0,0.0,0.0,0.003945122030237581,2.02774813233726,2778000000.0
2024-06-12,9.37,9.36,9.42,9.33,8546613.0,80757838.0,-0.10672358591248265,-0.009999999999999787,0.003076534557235421,0.9605122732123784,2778000000.0
2024-06-13,9.39,9.38,9.45,9.29,10738079.0,101220417.0,0.21367521367523512,0.02000000000000135,0.003865399208063355,1.7094017094017109,2778000000.0
2024-06-14,9.38,9.52,9.58,9.3,21732449.0,206762575.0,1.492537313432818,0.1399999999999988,0.007823055795536358,2.9850746268656647,2778000000.0
2024-06-17,9.45,9.54,9.58,9.43,12687708.0,121816240.0,0.21008403361344463,0.019999999999999574,0.004567209503239741,1.575630252100844,2778000000.0
2024-06-18,9.56,9.62,9.63,9.54,11104537.0,107377389.0,0.8385744234800763,0.08000000000000007,0.003997313534917207,0.9433962264151114,2778000000.0
2024-06-19,9.64,9.51,9.65,9.5,10133312.0,97502004.0,-1.1434511434511352,-0.10999999999999943,0.0036477005039596833,1.5592515592515632,2778000000.0
2024-06-20,9.5,9.36,9.54,9.35,11093900.0,105304895.0,-1.577287066246058,-0.15000000000000036,0.003993484521238301,1.9978969505783335,2778000000.0
2024-06-21,9.36,9.43,9.47,9.36,10652075.0,101163111.0,0.7478632478632452,0.07000000000000028,0.0038344402447804174,1.1752136752136881,2778000000.0
2024-06-24,9.39,9.26,9.44,9.26,11747324.0,110436500.0,-1.8027571580063628,-0.16999999999999993,0.004228698344132469,1.9088016967126162,2778000000.0
2024-06-25,9.27,9.14,9.34,9.05,16834762.0,155234979.0,-1.295896328293733,-0.11999999999999922,0.006060029517638589,3.131749460043187,2778000000.0
2024-06-26,9.13,9.28,9.31,9.09,9969555.0,92445128.0,1.5317286652078543,0.1399999999999988,0.0035887526997840174,2.407002188183814,2778000000.0
2024-06-27,9.26,9.19,9.31,9.17,9108100.0,84597028.0,-0.969827586206895,-0.08999999999999986,0.0032786537077033836,1.5086206896551788,2778000000.0
2024-06-28,9.19,9.01,9.3,8.99,18075826.0,166538983.0,-1.9586507072905324,-0.17999999999999972,0.006506776817854572,3.373231773667035,2778000000.0
2024-07-01,9.04,9.0,9.04,8.79,15433673.0,139014900.0,-0.11098779134295356,-0.009999999999999787,0.005555677825773938,2.774694783573807,2778000000.0
2024-07-02,8.98,8.98,9.08,8.95,10082821.0,91716965.0,-0.22222222222221255,-0.019999999999999574,0.0036295251979841614,1.444444444444453,2778000000.0
2024-07-03,8.99,8.99,9.07,8.96,8001174.0,72650386.0,0.11135857461024301,0.009999999999999787,0.0028801922246220303,1.2249443207126887,2778000000.0
2024-07-04,9.0,8.7,9.02,8.69,17457173.0,155078493.0,-3.2258064516129115,-0.2900000000000009,0.006284079553635709,3.6707452725250285,2778000000.0
2024-07-05,8.74,8.7,8.77,8.61,13985100.0,122349725.0,0.0,0.0,0.005034233261339093,1.8390804597701167,2778000000.0
2024-07-08,8.7,8.37,8.7,8.34,22481200.0,191550098.0,-3.7931034482758585,-0.33000000000000007,0.008092584593232541,4.137931034482753,2778000000.0
2024-07-09,8.37,8.6,8.62,8.35,17831617.0,152317381.0,2.7479091995221028,0.23000000000000043,0.006418868610511159,3.225806451612898,2778000000.0
2024-07-10,8.54,8.61,8.72,8.54,11905165.0,103566086.0,0.11627906976743319,0.009999999999999787,0.004285516558675306,2.093023255813971,2778000000.0
2024-07-11,8.72,8.72,8.76,8.63,13891330.0,121966887.0,1.2775842044134844,0.11000000000000121,0.005000478761699064,1.5098722415795471,2778000000.0
2024-07-12,8.72,8.73,8.77,8.66,9145000.0,80446961.0,0.11467889908256534,0.009999999999999787,0.0032919366450683946,1.26146788990825,2778000000.0
2024-07-15,8.71,8.67,8.75,8.64,8542900.0,74694040.0,-0.6872852233677063,-0.0600000000000005,0.0030751979841612672,1.2600229095074391,2778000000.0
2024-07-16,8.7,8.7,8.73,8.64,8337660.0,73020034.0,0.34602076124565784,0.02999999999999936,0.003001317494600432,1.0380622837370226,2778000000.0
2024-07-17,8.7,8.73,8.76,8.69,9211018.0,81084760.0,0.34482758620690834,0.030000000000001137,0.0033157012239020877,0.8045977011494285,2778000000.0
2024-07-18,8.69,8.75,8.76,8.57,11284373.0,98794616.0,0.22909507445589838,0.019999999999999574,0.004062049316054715,2.176403207331037,2778000000.0
2024-07-19,8.75,8.84,8.86,8.7,13054495.0,115774945.0,1.0285714285714231,0.08999999999999986,0.004699242260619151,1.82857142857143,2778000000.0
2024-07-22,8.92,8.89,8.95,8.8,12926294.0,115626178.0,0.5656108597285048,0.05000000000000071,0.004653093592512599,1.6968325791855043,2778000000.0
2024-07-23,8.95,8.73,8.98,8.73,13247104.0,118260098.0,-1.7997750281214864,-0.16000000000000014,0.004768575953923686,2.8121484814398197,2778000000.0
2024-07-24,8.7,8.65,8.78,8.64,10309987.0,90475580.0,-0.9163802978235935,-0.08000000000000007,0.00371129841612671,1.6036655211912803,2778000000.0
2024-07-25,8.64,8.77,8.83,8.6,11155740.0,98546760.0,1.387283236994219,0.11999999999999922,0.004015745140388769,2.6589595375722594,2778000000.0
2024-07-26,8.8,8.99,8.99,8.77,15121140.0,136006554.0,2.508551881413923,0.22000000000000064,0.005443174946004319,2.5085518814139185,2778000000.0
2024-07-29,8.93,8.88,9.03,8.86,10157660.0,91478425.0,-1.2235817575083408,-0.10999999999999943,0.0036564650827933766,1.8909899888765287,2778000000.0
2024-07-30,8.85,8.91,8.94,8.79,8887930.0,79578900.0,0.33783783783782884,0.02999999999999936,0.0031993988480921525,1.689189189189193,2778000000.0
2024-07-31,8.9,9.34,9.52,8.89,36448715.0,339876251.0,4.826038159371482,0.4299999999999997,0.013120487760979122,7.070707070707059,2778000000.0
2024-08-01,9.28,9.32,9.48,9.25,22338658.0,210925133.0,-0.21413276231262435,-0.019999999999999574,0.008041273578113751,2.462526766595294,2778000000.0
2024-08-02,9.3,9.11,9.36,9.09,17099229.0,158732202.0,-2.2532188841201783,-0.21000000000000085,0.006155230021598272,2.8969957081545017,2778000000.0
2024-08-05,9.09,9.05,9.27,9.04,16666765.0,153736254.0,-0.6586169045005308,-0.05999999999999872,0.005999555435565154,2.524698133918775,2778000000.0
2024-08-06,9.14,9.08,9.17,8.99,11929389.0,108958999.0,0.33149171270716593,0.02999999999999936,0.0042942365010799136,1.9889502762430906,2778000000.0
2024-08-07,9.07,9.43,9.92,9.03,68172216.0,649810123.0,3.854625550660784,0.34999999999999964,0.02454003455723542,9.801762114537452,2778000000.0
2024-08-08,9.39,9.3,9.55,9.25,45640979.0,430585706.0,-1.3785790031813239,-0.129999999999999,0.016429438084953205,3.1813361611877062,2778000000.0
2024-08-09,9.32,9.11,9.37,9.1,29019500.0,269196215.0,-2.04301075268819,-0.19000000000000128,0.01044618430525558,2.903225806451608,2778000000.0
2024-08-12,9.03,9.01,9.07,8.96,18529100.0,168206504.0,-1.0976948408342402,-0.09999999999999964,0.006669942404607631,1.2074643249176666,2778000000.0
2024-08-13,9.02,9.11,9.11,8.96,16729128.0,152239142.0,1.1098779134295134,0.09999999999999964,0.006022004319654428,1.6648168701442683,2778000000.0
2024-08-14,9.06,9.04,9.14,9.0,14362736.0,131177980.0,-0.7683863885839748,-0.07000000000000028,0.005170171346292296,1.5367727771679536,2778000000.0
2024-08-15,8.97,9.07,9.2,8.97,18210153.0,166971928.0,0.33185840707965486,0.030000000000001137,0.006555130669546437,2.5442477876106047,2778000000.0
2024-08-16,9.08,8.98,9.09,8.96,13897800.0,126210358.0,-0.9922822491730932,-0.08999999999999986,0.00500280777537797,1.4332965821389085,2778000000.0
2024-08-19,9.0,8.98,9.06,8.96,9680669.0,87448427.0,0.0,0.0,0.0034847620590352773,1.1135857461024459,2778000000.0
2024-08-20,8.96,8.85,9.01,8.83,12388297.0,110398084.0,-1.4476614699331924,-0.13000000000000078,0.004459430165586753,2.0044543429844066,2778000000.0
2024-08-21,8.85,8.82,8.9,8.81,6936897.0,61527793.0,-0.3389830508474523,-0.02999999999999936,0.0024970831533477323,1.0169491525423713,2778000000.0
2024-08-22,8.79,8.56,8.85,8.55,16370710.0,142247006.0,-2.947845804988658,-0.2599999999999998,0.005892984161267099,3.401360544217675,2778000000.0
2024-08-23,8.57,8.6,8.67,8.53,9972800.0,85985013.0,0.4672897196261516,0.03999999999999915,0.003589920806335493,1.6355140186915953,2778000000.0
2024-08-26,8.59,8.65,8.66,8.57,9028900.0,78155214.0,0.5813953488372103,0.05000000000000071,0.0032501439884809217,1.0465116279069753,2778000000.0
2024-08-27,8.6,8.56,8.62,8.5,9620200.0,82670210.0,-1.0404624277456587,-0.08999999999999986,0.0034629949604031676,1.3872832369942105,2778000000.0
2024-08-28,8.56,8.57,8.64,8.52,7226088.0,62238585.0,0.1168224299065379,0.009999999999999787,0.002601183585313175,1.4018691588785164,2778000000.0
2024-08-29,8.58,8.65,8.71,8.55,9408085.0,81722630.0,0.9334889148191472,0.08000000000000007,0.003386639668826494,1.8669778296382746,2778000000.0
2024-08-30,8.66,8.89,8.96,8.63,21740256.0,193237562.0,2.774566473988438,0.2400000000000002,0.007825866090712744,3.815028901734105,2778000000.0
2024-09-02,8.83,8.59,8.85,8.59,15518010.0,135234443.0,-3.374578177727794,-0.3000000000000007,0.005586036717062635,2.92463442069741,2778000000.0
2024-09-03,8.57,8.62,8.66,8.57,9341758.0,80753909.0,0.34924330616996624,0.02999999999999936,0.0033627638588912888,1.0477299185098936,2778000000.0
2024-09-04,8.58,8.68,8.74,8.57,10776178.0,93796491.0,0.6960556844547661,0.0600000000000005,0.003879113750899928,1.972157772621809,2778000000.0
2024-09-05,8.64,8.75,8.77,8.64,9039100.0,79249869.0,0.8064516129032251,0.07000000000000028,0.0032538156947444206,1.497695852534551,2778000000.0
2024-09-06,8.87,8.78,8.97,8.75,23641808.0,210096146.0,0.34285714285713365,0.02999999999999936,0.008510370050395968,2.514285714285722,2778000000.0
2024-09-09,8.67,8.82,8.91,8.65,13678900.0,120846495.0,0.4555808656036442,0.040000000000000924,0.004924010079193664,2.961275626423688,2778000000.0
2024-09-10,8.83,8.77,8.84,8.62,12257819.0,107183472.0,-0.5668934240362855,-0.05000000000000071,0.004412461843052556,2.4943310657596443,2778000000.0
2024-09-11,8.72,8.73,8.79,8.68,7727700.0,67736615.0,-0.45610034207524963,-0.03999999999999915,0.0027817494600431967,1.2542759407069493,2778000000.0
2024-09-12,8.75,8.73,8.84,8.72,8566840.0,75415290.0,0.0,0.0,0.0030838156947444206,1.374570446735386,2778000000.0
2024-09-13,8.73,8.64,8.81,8.64,9752540.0,85346782.0,-1.0309278350515427,-0.08999999999999986,0.003510633549316055,1.9473081328751423,2778000000.0
2024-09-18,8.65,8.7,8.73,8.54,10378800.0,89886251.0,0.6944444444444198,0.05999999999999872,0.0037360691144708424,2.1990740740740886,2778000000.0
2024-09-19,8.73,8.84,8.95,8.7,16132300.0,142899621.0,1.6091954022988464,0.14000000000000057,0.005807163426925846,2.873563218390805,2778000000.0
2024-09-20,8.83,8.87,8.88,8.79,8834217.0,78321840.0,0.33936651583710287,0.02999999999999936,0.003180063714902808,1.0180995475113308,2778000000.0
2024-09-23,8.88,8.86,8.92,8.81,8802386.0,78334613.0,-0.11273957158962622,-0.009999999999999787,0.003168605471562275,1.2401352874859013,2778000000.0
2024-09-24,8.92,9.29,9.31,8.9,40436933.0,371190216.0,4.853273137697522,0.4299999999999997,0.01455613138948884,4.627539503386006,2778000000.0
2024-09-25,9.42,9.42,9.65,9.38,52635404.0,502793393.0,1.3993541442411273,0.13000000000000078,0.01894722966162707,2.906350914962321,2778000000.0
2024-09-26,9.41,10.37,10.37,9.37,90657945.0,908100653.0,10.084925690021219,0.9499999999999993,0.032634249460043195,10.615711252653929,2778000000.0
2024-09-27,11.39,11.41,11.41,10.89,164714478.0,1853716959.0,10.028929604628756,1.040000000000001,0.0592924686825054,5.0144648023143645,2778000000.0
2024-09-30,12.55,12.55,12.55,12.15,134976536.0,1696827591.0,9.99123575810692,1.1400000000000006,0.048587665946724264,3.5056967572305022,2778000000.0
2024-10-08,13.81,13.81,13.81,13.55,92713666.0,1283467320.0,10.039840637450204,1.2599999999999998,0.0333742498200144,2.0717131474103567,2778000000.0
2024-10-09,13.75,12.43,14.14,12.43,303519755.0,4109250920.0,-9.992758870383788,-1.3800000000000008,0.10925837113030958,12.382331643736428,2778000000.0
2024-10-10,12.75,11.96,12.9,11.64,157133394.0,1909253302.0,-3.7811745776347494,-0.46999999999999886,0.05656349676025918,10.136765888978278,2778000000.0
2024-10-11,11.68,11.83,12.15,11.32,137417959.0,1618216946.0,-1.0869565217391353,-0.13000000000000078,0.04946650791936645,6.9397993311036785,2778000000.0
2024-10-14,11.84,11.54,11.86,11.0,123913415.0,1412456258.0,-2.4513947590870777,-0.2900000000000009,0.04460526097912167,7.269653423499572,2778000000.0
2024-10-15,11.4,11.11,11.56,11.09,80118474.0,912312937.0,-3.726169844020799,-0.4299999999999997,0.028840343412526996,4.072790294627389,2778000000.0
2024-10-16,10.95,11.08,11.36,10.92,66710695.0,744211258.0,-0.27002700270026825,-0.02999999999999936,0.024013929085673145,3.9603960396039564,2778000000.0
2024-10-17,11.16,10.99,11.36,10.98,57104782.0,638087627.0,-0.8122743682310474,-0.08999999999999986,0.020556077033837293,3.4296028880866336,2778000000.0
2024-10-18,11.01,11.56,12.05,10.93,130078022.0,1493233172.0,5.186533212010924,0.5700000000000003,0.04682434197264219,10.191082802547779,2778000000.0
2024-10-21,11.51,11.37,11.52,11.29,85050813.0,972895139.0,-1.6435986159169635,-0.19000000000000128,0.030615843412527,1.9896193771626336,2778000000.0
2024-10-22,11.38,11.42,11.49,11.27,56160684.0,641198133.0,0.4397537379067895,0.05000000000000071,0.020216228941684664,1.9349164467898035,2778000000.0
2024-10-23,11.54,11.35,11.64,11.32,74875886.0,861674883.0,-0.6129597197898407,-0.07000000000000028,0.02695316270698344,2.802101576182139,2778000000.0
2024-10-24,11.27,11.39,11.43,11.24,45965753.0,523156458.0,0.35242290748900285,0.040000000000000924,0.016546347372210224,1.674008810572683,2778000000.0
2024-10-25,11.41,11.52,11.75,11.35,55974078.0,646575896.0,1.14135206321333,0.129999999999999,0.02014905615550756,3.5118525021949107,2778000000.0
2024-10-28,11.48,11.57,11.59,11.42,47055085.0,543549273.0,0.4340277777777901,0.05000000000000071,0.016938475521958242,1.475694444444444,2778000000.0
2024-10-29,11.62,11.38,11.72,11.37,59530100.0,688806099.0,-1.6421780466724267,-0.1899999999999995,0.02142912167026638,3.025064822817644,2778000000.0
2024-10-30,11.3,11.39,11.49,11.24,43917129.0,500284588.0,0.08787346221441616,0.009999999999999787,0.01580890172786177,2.196836555360281,2778000000.0
2024-10-31,11.39,11.56,11.85,11.3,85074299.0,993166014.0,1.4925373134328401,0.16999999999999993,0.030624297696184306,4.828797190517989,2778000000.0
2024-11-01,11.57,11.35,11.71,11.34,70319726.0,812760401.0,-1.8166089965398036,-0.21000000000000085,0.02531307631389489,3.2006920415225,2778000000.0
2024-11-04,11.44,11.71,11.71,11.38,57224700.0,664863353.0,3.1718061674008924,0.3600000000000012,0.020599244060475162,2.907488986784142,2778000000.0
2024-11-05,11.81,12.25,12.36,11.58,115945811.0,1408279207.0,4.61144321093081,0.5399999999999991,0.04173715298776098,6.660973526900079,2778000000.0
2024-11-06,12.37,12.18,12.67,12.09,106705424.0,1322735865.0,-0.5714285714285783,-0.07000000000000028,0.03841087976961843,4.734693877551021,2778000000.0
2024-11-07,12.01,12.84,13.05,12.0,125445025.0,1576340817.0,5.418719211822665,0.6600000000000001,0.04515659647228222,8.62068965517242,2778000000.0
2024-11-08,13.2,12.59,13.27,12.56,110334399.0,1421182984.0,-1.947040498442365,-0.25,0.03971720626349892,5.529595015576317,2778000000.0
2024-11-11,12.35,12.68,12.72,12.3,70947888.0,891708935.0,0.7148530579825341,0.08999999999999986,0.025539196544276457,3.3359809372517866,2778000000.0
2024-11-12,12.77,12.27,12.77,12.11,76899192.0,958052835.0,-3.2334384858044185,-0.41000000000000014,0.027681494600431965,5.205047318611989,2778000000.0
2024-11-13,12.18,12.29,12.4,12.05,50557600.0,620136056.0,0.16299918500406463,0.019999999999999574,0.018199280057595392,2.8524857375713095,2778000000.0
2024-11-14,12.27,12.06,12.41,12.03,45161143.0,552936578.0,-1.8714401952807047,-0.22999999999999865,0.01625671094312455,3.0919446704637985,2778000000.0
2024-11-15,12.05,11.67,12.18,11.66,50667063.0,605881134.0,-3.233830845771146,-0.39000000000000057,0.018238683585313175,4.311774461028189,2778000000.0
2024-11-18,11.65,11.45,11.76,11.34,47005809.0,544732072.0,-1.8851756640959727,-0.22000000000000064,0.01692073758099352,3.598971722365038,2778000000.0
2024-11-19,11.47,11.64,11.68,11.4,33289509.0,385216830.0,1.659388646288229,0.19000000000000128,0.011983264578833693,2.4454148471615667,2778000000.0
2024-11-20,11.58,11.63,11.7,11.49,34098702.0,396644742.0,-0.0859106529209619,-0.009999999999999787,0.012274550755939525,1.804123711340198,2778000000.0
2024-11-21,11.6,11.66,11.74,11.54,35857000.0,417991209.0,0.2579535683576939,0.02999999999999936,0.01290748740100792,1.7196904557179797,2778000000.0
2024-11-22,11.62,11.09,11.66,11.08,43848418.0,500612770.0,-4.8885077186964,-0.5700000000000003,0.015784167746580275,4.974271012006862,2778000000.0
2024-11-25,11.17,11.1,11.17,10.93,28372648.0,313576597.0,0.09017132551847329,0.009999999999999787,0.010213336213102952,2.164111812443645,2778000000.0
2024-11-26,11.03,11.03,11.24,11.0,28853432.0,321021649.0,-0.6306306306306353,-0.07000000000000028,0.01038640460763139,2.162162162162164,2778000000.0
2024-11-27,11.03,11.33,11.35,10.93,38745671.0,432793943.0,2.7198549410698103,0.3000000000000007,0.013947325773938085,3.8077969174977326,2778000000.0
2024-11-28,11.35,11.25,11.46,11.22,30286057.0,343564737.0,-0.7060900264783787,-0.08000000000000007,0.010902108351331893,2.11827007943513,2778000000.0
2024-11-29,11.25,11.55,11.85,11.19,73116319.0,847097962.0,2.666666666666684,0.3000000000000007,0.026319769258459323,5.866666666666668,2778000000.0
2024-12-02,11.5,11.67,11.76,11.49,44376117.0,519057976.0,1.0389610389610393,0.11999999999999922,0.015974124190064797,2.337662337662334,2778000000.0
2024-12-03,11.68,11.69,11.78,11.5,33121104.0,385642789.0,0.1713796058268935,0.019999999999999574,0.011922643628509718,2.399314481576687,2778000000.0
2024-12-04,11.65,11.51,11.73,11.43,29713666.0,345555557.0,-1.5397775876817787,-0.17999999999999972,0.01069606407487401,2.5662959794696385,2778000000.0
2024-12-05,11.48,11.6,11.66,11.45,29267213.0,340059687.0,0.7819287576020795,0.08999999999999986,0.010535353851691865,1.824500434404873,2778000000.0
2024-12-06,11.66,11.81,11.95,11.51,51228547.0,604720274.0,1.8103448275862188,0.21000000000000085,0.01844080165586753,3.7931034482758577,2778000000.0
2024-12-09,11.72,11.69,11.85,11.57,30546200.0,358968357.0,-1.0160880609652923,-0.120000000000001,0.010995752339812814,2.370872142252323,2778000000.0
2024-12-10,12.28,11.76,12.28,11.72,62697098.0,752732209.0,0.5988023952095745,0.07000000000000028,0.02256914974802016,4.790419161676636,2778000000.0
2024-12-11,11.77,11.87,12.06,11.68,47357829.0,561558297.0,0.9353741496598511,0.10999999999999943,0.017047454643628508,3.231292517006809,2778000000.0
2024-12-12,11.87,12.08,12.21,11.84,52701471.0,633991687.0,1.7691659646166924,0.21000000000000085,0.018971011879049676,3.11710193765797,2778000000.0
2024-12-13,11.97,11.73,11.97,11.71,48595565.0,575044268.0,-2.897350993377479,-0.34999999999999964,0.017493003959683225,2.1523178807947003,2778000000.0
2024-12-16,11.68,11.66,11.74,11.59,26953764.0,314787983.0,-0.5967604433077645,-0.07000000000000028,0.009702578833693305,1.278772378516627,2778000000.0
2024-12-17,11.67,11.59,11.69,11.5,28876364.0,335791274.0,-0.6003430531732468,-0.07000000000000028,0.01039465946724262,1.629502572898795,2778000000.0
2024-12-18,11.57,11.58,11.65,11.52,21702200.0,251946886.0,-0.08628127696289623,-0.009999999999999787,0.007812167026637869,1.1216566005176944,2778000000.0
2024-12-19,11.48,11.5,11.57,11.33,26572188.0,305365764.0,-0.6908462867012077,-0.08000000000000007,0.009565222462203024,2.072538860103629,2778000000.0
2024-12-20,11.49,11.6,11.72,11.47,25774432.0,299721676.0,0.8695652173912993,0.09999999999999964,0.00927805327573794,2.1739130434782608,2778000000.0
2024-12-23,11.6,11.34,11.7,11.31,25589524.0,294635542.0,-2.2413793103448265,-0.2599999999999998,0.009211491720662346,3.362068965517231,2778000000.0
2024-12-24,11.35,11.67,11.67,11.35,31284474.0,361603676.0,2.910052910052907,0.33000000000000007,0.011261509719222462,2.8218694885361577,2778000000.0
2024-12-25,11.71,11.61,12.0,11.45,38835700.0,454601135.0,-0.5141388174807249,-0.0600000000000005,0.013979733621310296,4.712939160239937,2778000000.0
2024-12-26,11.49,11.64,11.67,11.49,23628100.0,274814818.0,0.25839793281654533,0.030000000000001137,0.008505435565154788,1.5503875968992225,2778000000.0
2024-12-27,11.62,11.66,11.91,11.6,38261803.0,450181264.0,0.1718213058419238,0.019999999999999574,0.013773147228221743,2.663230240549832,2778000000.0
2024-12-30,11.65,11.72,11.74,11.59,25749000.0,301375022.0,0.5145797598627766,0.0600000000000005,0.009268898488120951,1.28644939965695,2778000000.0
2024-12-31,11.72,11.13,11.73,11.12,48453103.0,552503085.0,-5.034129692832767,-0.5899999999999999,0.017441721742260618,5.204778156996597,2778000000.0
2025-01-02,11.07,10.62,11.08,10.49,44141350.0,479394115.0,-4.582210242587614,-0.5100000000000016,0.015889614830813536,5.300988319856242,2778000000.0
2025-01-03,10.64,10.3,10.67,10.27,32756500.0,343124312.0,-3.0131826741996104,-0.3199999999999985,0.011791396688264939,3.766478342749533,2778000000.0
2025-01-06,10.24,10.33,10.42,10.24,22716300.0,235155590.0,0.2912621359223211,0.02999999999999936,0.008177213822894169,1.7475728155339778,2778000000.0
2025-01-07,10.35,10.4,10.42,10.24,17719672.0,183786528.0,0.6776379477250849,0.07000000000000028,0.006378571634269258,1.7424975798644697,2778000000.0
2025-01-08,10.33,10.28,10.39,10.03,29772705.0,304632622.0,-1.1538461538461608,-0.120000000000001,0.010717316414686826,3.4615384615384728,2778000000.0
2025-01-09,10.24,10.27,10.38,10.21,17372649.0,179554077.0,-0.09727626459143934,-0.009999999999999787,0.006253653347732181,1.653696498054474,2778000000.0
2025-01-10,10.27,10.12,10.35,10.1,20162979.0,207243888.0,-1.4605647517039966,-0.15000000000000036,0.0072580917926565874,2.4342745861733204,2778000000.0
2025-01-13,10.08,10.16,10.19,9.98,17166345.0,174006931.0,0.39525691699606735,0.040000000000000924,0.006179389848812095,2.07509881422924,2778000000.0
2025-01-14,10.19,10.48,10.53,10.18,34676182.0,361500944.0,3.149606299212593,0.3200000000000003,0.012482426925845932,3.444881889763776,2778000000.0
2025-01-15,10.47,10.43,10.47,10.37,23212244.0,242509377.0,-0.4770992366412319,-0.05000000000000071,0.008355739380849532,0.9541984732824563,2778000000.0
2025-01-16,10.47,10.42,10.63,10.33,21622148.0,227097138.0,-0.09587727708533222,-0.009999999999999787,0.007783350611951044,2.8763183125599303,2778000000.0
2025-01-17,10.4,10.43,10.5,10.34,16090856.0,168383221.0,0.09596928982724684,0.009999999999999787,0.005792244780417567,1.5355086372360858,2778000000.0
2025-01-20,10.5,10.53,10.7,10.47,26986790.0,286678516.0,0.9587727708533,0.09999999999999964,0.009714467242620591,2.205177372962595,2778000000.0
2025-01-21,10.59,10.5,10.63,10.42,15666735.0,165017370.0,-0.2849002849002802,-0.02999999999999936,0.00563957343412527,1.9943019943020026,2778000000.0
2025-01-22,10.5,10.56,10.58,10.42,17349402.0,182650823.0,0.5714285714285783,0.0600000000000005,0.0062452850971922245,1.5238095238095253,2778000000.0
2025-01-23,10.75,10.61,10.9,10.58,40763373.0,438492223.0,0.47348484848483974,0.049999999999998934,0.014673640388768899,3.030303030303033,2778000000.0
2025-01-24,10.55,10.66,10.72,10.54,22300483.0,238143231.0,0.47125353440151674,0.05000000000000071,0.008027531677465803,1.696512723845443,2778000000.0
2025-01-27,10.67,10.4,10.72,10.38,22033181.0,232627029.0,-2.4390243902439046,-0.2599999999999998,0.007931310655147588,3.189493433395871,2778000000.0
2025-02-05,10.5,10.47,10.56,10.41,17349641.0,182409426.0,0.6730769230769207,0.07000000000000028,0.006245371130309575,1.4423076923076956,2778000000.0
2025-02-06,10.47,10.6,10.63,10.41,20439316.0,216086660.0,1.241642788920716,0.129999999999999,0.007357565154787617,2.101241642788927,2778000000.0
2025-02-07,10.57,10.8,10.96,10.56,39599698.0,428239915.0,1.8867924528301883,0.20000000000000107,0.014254750899928005,3.7735849056603805,2778000000.0
2025-02-10,10.82,10.86,10.88,10.77,24812038.0,269669448.0,0.5555555555555536,0.05999999999999872,0.008931619150467963,1.0185185185185297,2778000000.0
2025-02-11,10.86,10.81,10.87,10.65,24742553.0,266620300.0,-0.4604051565377465,-0.049999999999998934,0.008906606551475882,2.0257826887661037,2778000000.0
2025-02-12,10.78,10.98,11.0,10.74,26698485.0,290349721.0,1.5726179463459777,0.16999999999999993,0.00961068574514039,2.4051803885291374,2778000000.0
2025-02-13,10.98,10.85,11.04,10.83,31714871.0,347196354.0,-1.1839708561020124,-0.13000000000000078,0.011416440244780418,1.9125683060109204,2778000000.0
2025-02-14,10.82,10.9,10.93,10.75,20959845.0,228147298.0,0.4608294930875667,0.05000000000000071,0.00754494060475162,1.6589861751152049,2778000000.0
2025-02-17,10.97,10.93,11.08,10.86,28479712.0,312436155.0,0.2752293577981568,0.02999999999999936,0.010251876169906407,2.0183486238532167,2778000000.0
2025-02-18,10.93,10.63,10.93,10.55,30544872.0,328475307.0,-2.7447392497712664,-0.29999999999999893,0.010995274298056155,3.4766697163769353,2778000000.0
2025-02-19,10.63,10.71,10.76,10.59,24400068.0,261334164.0,0.7525870178739513,0.08000000000000007,0.00878332181425486,1.5992474129821255,2778000000.0
2025-02-20,10.7,10.68,10.72,10.59,18385866.0,196552809.0,-0.2801120448179373,-0.030000000000001137,0.006618382289416846,1.2138188608776916,2778000000.0
2025-02-21,10.68,10.96,11.02,10.59,41381764.0,450581005.0,2.621722846441954,0.28000000000000114,0.014896243340532758,4.026217228464417,2778000000.0
2025-02-24,10.87,10.82,10.96,10.74,27636100.0,300899515.0,-1.2773722627737238,-0.14000000000000057,0.009948200143988482,2.0072992700729984,2778000000.0
2025-02-25,10.68,10.63,10.76,10.59,21242113.0,227667231.0,-1.756007393715342,-0.1899999999999995,0.007646548956083513,1.571164510166358,2778000000.0
2025-02-26,10.67,10.91,10.91,10.61,30397218.0,327715612.0,2.6340545625587852,0.27999999999999936,0.010942123110151188,2.8222013170272877,2778000000.0
2025-02-27,10.78,10.94,10.99,10.65,46596054.0,506229725.0,0.274977085242889,0.02999999999999936,0.01677323758099352,3.116406966086158,2778000000.0
2025-02-28,10.9,10.57,10.99,10.55,38612568.0,415926258.0,-3.3820840950639752,-0.3699999999999992,0.01389941252699784,4.021937842778788,2778000000.0
2025-03-03,10.58,10.55,10.68,10.49,25598348.0,272101943.0,-0.18921475875117721,-0.019999999999999574,0.009214668106551476,1.79754020813623,2778000000.0
2025-03-04,10.51,10.62,10.65,10.47,17843042.0,189389601.0,0.6635071090047351,0.06999999999999851,0.00642298128149748,1.7061611374407555,2778000000.0
2025-03-05,10.62,10.57,10.64,10.49,19109369.0,202560472.0,-0.47080979284368496,-0.049999999999998934,0.006878822534197264,1.4124293785310769,2778000000.0
2025-03-06,10.63,10.88,10.92,10.62,43077386.0,466744863.0,2.9328287606433356,0.3100000000000005,0.015506618430525558,2.8382213812677457,2778000000.0
2025-03-07,10.8,10.67,10.82,10.63,26729551.0,287053937.0,-1.9301470588235392,-0.21000000000000085,0.00962186861051116,1.7463235294117598,2778000000.0
2025-03-10,10.7,10.64,10.71,10.56,18171162.0,193256836.0,-0.2811621368322359,-0.02999999999999936,0.006541095032397408,1.4058106841612028,2778000000.0
2025-03-11,10.54,10.67,10.67,10.52,14855300.0,158050446.0,0.28195488721804995,0.02999999999999936,0.005347480201583874,1.4097744360902287,2778000000.0
2025-03-12,10.68,10.74,10.87,10.64,24110601.0,259914502.0,0.6560449859418949,0.07000000000000028,0.00867912203023758,2.1555763823804934,2778000000.0
2025-03-13,10.69,10.63,10.8,10.56,20241895.0,216168345.0,-1.024208566107998,-0.10999999999999943,0.007286499280057595,2.2346368715083815,2778000000.0
2025-03-14,10.62,10.93,11.01,10.61,53368746.0,581772510.0,2.822201317027262,0.29999999999999893,0.019211211663066954,3.7629350893697113,2778000000.0
2025-03-17,10.99,10.85,10.99,10.83,22146713.0,241684850.0,-0.7319304666056681,-0.08000000000000007,0.007972178905687546,1.4638609332113461,2778000000.0
2025-03-18,10.92,10.88,10.93,10.82,16530026.0,180118236.0,0.27649769585254,0.030000000000001137,0.0059503333333333335,1.0138248847926215,2778000000.0
2025-03-19,10.86,10.91,10.96,10.82,23840406.0,260384497.0,0.27573529411764053,0.02999999999999936,0.008581859611231101,1.2867647058823581,2778000000.0
2025-03-20,10.91,10.83,10.91,10.8,16988700.0,184680552.0,-0.7332722273143966,-0.08000000000000007,0.006115442764578834,1.0082493125572818,2778000000.0
2025-03-21,10.8,10.62,10.85,10.56,23396538.0,251097368.0,-1.939058171745156,-0.21000000000000085,0.008422079913606911,2.677746999076631,2778000000.0
2025-03-24,10.61,10.56,10.64,10.44,19551899.0,206714743.0,-0.5649717514124131,-0.05999999999999872,0.007038120590352772,1.883239171374775,2778000000.0
2025-03-25,10.54,10.58,10.61,10.49,14118925.0,149276753.0,0.18939393939394478,0.019999999999999574,0.005082406407487401,1.136363636363629,2778000000.0
2025-03-26,10.57,10.59,10.64,10.55,11190012.0,118823429.0,0.0945179584120881,0.009999999999999787,0.004028082073434126,0.8506616257088833,2778000000.0
2025-03-27,10.56,10.6,10.68,10.49,15292482.0,162534247.0,0.09442870632672129,0.009999999999999787,0.00550485313174946,1.7941454202077385,2778000000.0
2025-03-28,10.59,10.6,10.64,10.55,13527182.0,143871640.0,0.0,0.0,0.0048693959683225345,0.8490566037735837,2778000000.0
2025-03-31,10.57,10.41,10.61,10.33,21448400.0,224823422.0,-1.7924528301886733,-0.1899999999999995,0.00772080633549316,2.6415094339622582,2778000000.0
2025-04-01,10.42,10.44,10.51,10.37,12375400.0,129630597.0,0.28818443804032867,0.02999999999999936,0.004454787616990641,1.3448607108549526,2778000000.0
2025-04-02,10.43,10.52,10.54,10.41,10607500.0,111713878.0,0.766283524904221,0.08000000000000007,0.003818394528437725,1.2452107279693392,2778000000.0
2025-04-03,10.44,10.49,10.57,10.42,10166166.0,107161237.0,-0.2851711026615855,-0.02999999999999936,0.0036595269978401727,1.4258555133079882,2778000000.0
2025-04-07,10.01,9.45,10.14,9.45,43151000.0,418442308.0,-9.914204003813165,-1.040000000000001,0.015533117350611952,6.5776930409914325,2778000000.0
2025-04-08,9.46,9.52,9.62,9.38,31663272.0,300805626.0,0.7407407407407529,0.07000000000000028,0.011397866090712742,2.5396825396825236,2778000000.0
2025-04-09,9.43,9.81,9.89,9.26,34526956.0,332536573.0,3.0462184873949694,0.2900000000000009,0.012428709863210943,6.617647058823538,2778000000.0
2025-04-10,9.98,9.91,10.05,9.86,25617680.0,255708839.0,1.0193679918450549,0.09999999999999964,0.009221627069834414,1.9367991845056196,2778000000.0
2025-04-11,9.96,9.89,9.96,9.82,15910534.0,157770336.0,-0.20181634712411745,-0.019999999999999574,0.005727334053275738,1.412714429868825,2778000000.0
2025-04-14,9.95,9.92,9.97,9.89,14365117.0,142861013.0,0.30333670374114163,0.02999999999999936,0.005171028437724982,0.8088978766430746,2778000000.0
2025-04-15,9.91,9.87,9.92,9.81,12419156.0,122493956.0,-0.504032258064524,-0.05000000000000071,0.004470538516918646,1.1088709677419297,2778000000.0
2025-04-16,9.84,9.82,9.87,9.7,14567300.0,142626623.0,-0.5065856129685797,-0.049999999999998934,0.005243808495320374,1.722391084093211,2778000000.0
2025-04-17,9.76,9.82,9.85,9.75,9588756.0,94320463.0,0.0,0.0,0.0034516760259179265,1.0183299389002,2778000000.0
2025-04-18,9.82,9.87,9.92,9.77,12912357.0,127346796.0,0.5091649694500822,0.049999999999998934,0.004648076673866091,1.527494908350309,2778000000.0
2025-04-21,9.86,9.91,9.96,9.83,10524500.0,104591520.0,0.4052684903748771,0.040000000000000924,0.0037885169186465083,1.3171225937183464,2778000000.0
2025-04-22,9.91,9.91,9.96,9.88,10474763.0,104078483.0,0.0,0.0,0.0037706130309575234,0.8072653884964689,2778000000.0
2025-04-23,9.93,9.89,9.98,9.87,11655525.0,115733171.0,-0.20181634712411745,-0.019999999999999574,0.004195653347732181,1.109989909182656,2778000000.0
2025-04-24,9.9,9.81,9.91,9.79,10147787.0,100098510.0,-0.8088978766430777,-0.08000000000000007,0.0036529110871130308,1.2133468149646207,2778000000.0
2025-04-25,9.85,9.9,9.94,9.82,13079592.0,129650492.0,0.917431192660545,0.08999999999999986,0.004708276457883369,1.2232415902140592,2778000000.0
2025-04-28,9.88,9.78,9.9,9.75,11748000.0,115409311.0,-1.21212121212122,-0.120000000000001,0.004228941684665226,1.5151515151515187,2778000000.0
2025-04-29,9.77,9.82,9.86,9.75,8028537.0,78911896.0,0.4089979550102374,0.040000000000000924,0.0028900421166306698,1.1247443762781129,2778000000.0
2025-04-30,9.81,9.85,9.93,9.81,11098888.0,109902442.0,0.3054989816700493,0.02999999999999936,0.003995280057595392,1.2219959266802365,2778000000.0
2025-05-06,9.91,9.97,9.98,9.88,20727854.0,206741147.0,1.2182741116751439,0.120000000000001,0.0074614305255579555,1.0152284263959355,2778000000.0
2025-05-07,10.23,10.01,10.26,9.97,24351301.0,246169980.0,0.4012036108324901,0.03999999999999915,0.00876576709863211,2.908726178535598,2778000000.0
2025-05-08,9.98,10.02,10.06,9.97,14976722.0,150568091.0,0.09990009990010762,0.009999999999999787,0.005391188624910007,0.8991008991008976,2778000000.0
2025-05-09,10.04,9.91,10.05,9.89,11898358.0,118451514.0,-1.0978043912175606,-0.10999999999999943,0.004283066234701224,1.5968063872255505,2778000000.0
2025-05-12,9.95,10.1,10.11,9.92,21321992.0,214138393.0,1.917255297679099,0.1899999999999995,0.00767530309575234,1.917255297679107,2778000000.0
2025-05-13,10.15,10.0,10.16,9.98,16937029.0,170655212.0,-0.990099009900991,-0.09999999999999964,0.006096842692584593,1.7821782178217795,2778000000.0
2025-05-14,10.0,10.26,10.4,9.96,48603848.0,496277104.0,2.6000000000000023,0.2599999999999998,0.017495985601151908,4.399999999999995,2778000000.0
2025-05-15,10.23,10.06,10.26,10.05,22002805.0,223399896.0,-1.9493177387914118,-0.1999999999999993,0.007920376169906408,2.0467836257309853,2778000000.0
2025-05-16,10.04,9.99,10.09,9.97,15202766.0,152431531.0,-0.6958250497017926,-0.07000000000000028,0.005472557955363571,1.1928429423459166,2778000000.0
2025-05-19,9.99,9.98,10.0,9.92,11297121.0,112859888.0,-0.10010010010009784,-0.009999999999999787,0.004066638228941685,0.8008008008008015,2778000000.0
2025-05-20,9.99,9.98,10.03,9.96,10875665.0,108913811.0,0.0,0.0,0.003914926205903528,0.7014028056112075,2778000000.0
2025-05-21,9.98,9.97,10.01,9.96,10899616.0,109076445.0,-0.10020040080159776,-0.009999999999999787,0.003923547876169906,0.5010020040080053,2778000000.0
2025-05-22,9.96,9.89,9.97,9.88,11474225.0,113943341.0,-0.8024072216649913,-0.08000000000000007,0.0041303905687544995,0.9027081243731179,2778000000.0
2025-05-23,9.88,9.71,9.92,9.71,18624800.0,183333654.0,-1.8200202224469164,-0.17999999999999972,0.006704391648668107,2.1233569261880594,2778000000.0
2025-05-26,9.71,9.78,9.79,9.69,10404790.0,101540040.0,0.720906282183309,0.06999999999999851,0.0037454247660187183,1.0298661174047337,2778000000.0
2025-05-27,9.77,9.8,9.82,9.74,7920516.0,77573525.0,0.2044989775051187,0.02000000000000135,0.002851157667386609,0.8179959100204507,2778000000.0
2025-05-28,9.8,9.79,9.82,9.75,7376685.0,72328902.0,-0.10204081632654294,-0.010000000000001563,0.0026553941684665226,0.7142857142857171,2778000000.0
2025-05-29,9.78,9.91,9.92,9.78,14538959.0,144065480.0,1.2257405515832653,0.120000000000001,0.005233606551475882,1.4300306435137955,2778000000.0
2025-05-30,9.88,9.87,9.9,9.82,11696100.0,115566490.0,-0.403632694248246,-0.040000000000000924,0.004210259179265659,0.8072653884964689,2778000000.0
2025-06-03,9.81,9.94,9.96,9.8,15820645.0,156970485.0,0.7092198581560405,0.07000000000000028,0.00569497660187185,1.621073961499495,2778000000.0
2025-06-04,9.93,10.04,10.07,9.9,18974124.0,190548534.0,1.0060362173038184,0.09999999999999964,0.0068301382289416845,1.7102615694164984,2778000000.0
2025-06-05,10.03,10.1,10.13,10.02,22189983.0,224266012.0,0.5976095617529875,0.0600000000000005,0.00798775485961123,1.0956175298804902,2778000000.0
2025-06-06,10.12,10.03,10.14,10.02,12044172.0,121522316.0,-0.6930693069306937,-0.07000000000000028,0.004335555075593953,1.188118811881198,2778000000.0
2025-06-09,10.11,10.17,10.25,10.08,24836952.0,253790963.0,1.3958125623130702,0.14000000000000057,0.00894058747300216,1.6949152542372874,2778000000.0
2025-06-10,10.16,10.05,10.19,9.98,18119650.0,183351890.0,-1.179941002949847,-0.11999999999999922,0.006522552195824334,2.064896755162233,2778000000.0
2025-06-11,10.06,10.22,10.28,10.05,24329405.0,249294652.0,1.691542288557213,0.16999999999999993,0.008757885169186465,2.2885572139303347,2778000000.0
2025-06-12,10.18,10.17,10.25,10.13,16511173.0,168811973.0,-0.4892367906066619,-0.05000000000000071,0.0059435467962563,1.174168297455961,2778000000.0
2025-06-13,10.13,10.04,10.18,9.99,23014994.0,232020639.0,-1.2782694198623434,-0.13000000000000078,0.008284735061195104,1.8682399213372618,2778000000.0
2025-06-16,9.99,10.15,10.15,9.98,15881118.0,160557174.0,1.0956175298804993,0.11000000000000121,0.005716745140388769,1.6932270916334657,2778000000.0
2025-06-17,10.15,10.19,10.21,10.11,13988000.0,142563934.0,0.39408866995072067,0.03999999999999915,0.0050352771778257735,0.9852216748768612,2778000000.0
2025-06-18,10.17,10.08,10.18,10.01,12659800.0,127870768.0,-1.079489695780167,-0.10999999999999943,0.004557163426925846,1.668302257114818,2778000000.0
2025-06-19,10.04,9.91,10.07,9.87,17546129.0,175057319.0,-1.6865079365079305,-0.16999999999999993,0.006316101151907848,1.9841269841269948,2778000000.0
2025-06-20,9.91,9.83,9.95,9.83,15013833.0,148685999.0,-0.8072653884964698,-0.08000000000000007,0.0054045475161987044,1.2108980827446945,2778000000.0
2025-06-23,9.82,10.3,10.58,9.8,77861560.0,800607208.0,4.781281790437442,0.47000000000000064,0.028027919366450684,7.934893184130207,2778000000.0
2025-06-24,10.37,10.47,10.55,10.18,73171701.0,764972268.0,1.650485436893212,0.16999999999999993,0.02633970518358531,3.5922330097087474,2778000000.0
2025-06-25,10.47,10.89,10.96,10.44,101082014.0,1090893718.0,4.011461318051568,0.41999999999999993,0.03638661411087113,4.966571155682916,2778000000.0
2025-06-26,10.88,10.74,10.99,10.72,68596983.0,744743292.0,-1.377410468319562,-0.15000000000000036,0.024692938444924407,2.4793388429752024,2778000000.0
2025-06-27,10.8,10.71,11.02,10.69,53487400.0,580618295.0,-0.27932960893853886,-0.02999999999999936,0.019253923686105113,3.072625698324023,2778000000.0
2025-06-30,10.72,10.66,10.76,10.58,32888963.0,351136334.0,-0.46685340802988806,-0.05000000000000071,0.011839079553635709,1.6806722689075602,2778000000.0
2025-07-01,10.67,10.6,10.69,10.52,21600600.0,229421406.0,-0.5628517823639823,-0.0600000000000005,0.007775593952483801,1.5947467166979354,2778000000.0
2025-07-02,10.6,10.62,10.94,10.55,40557916.0,434471440.0,0.18867924528300772,0.019999999999999574,0.014599681785457163,3.6792452830188567,2778000000.0
2025-07-03,10.62,10.67,10.71,10.58,24119900.0,257720023.0,0.47080979284370716,0.05000000000000071,0.008682469402447804,1.2241054613936044,2778000000.0
2025-07-04,10.63,10.61,10.8,10.53,33796863.0,361064789.0,-0.5623242736644829,-0.0600000000000005,0.012165897408207343,2.530459231490172,2778000000.0
2025-07-07,10.6,10.65,10.69,10.55,19194300.0,204714633.0,0.3770028275212223,0.040000000000000924,0.006909395248380129,1.3195098963242111,2778000000.0
2025-07-08,10.67,10.79,10.82,10.62,31206132.0,336343601.0,1.314553990610312,0.1399999999999988,0.011233308855291576,1.8779342723004795,2778000000.0
2025-07-09,10.79,10.74,10.85,10.7,27857200.0,301203571.0,-0.4633920296570837,-0.049999999999998934,0.010027789776817855,1.390176088971273,2778000000.0
2025-07-10,10.71,11.82,11.82,10.7,199482124.0,2307674488.0,10.05586592178771,1.08,0.07180782001439885,10.428305400372448,2778000000.0
2025-07-11,13.01,13.01,13.01,12.58,177784202.0,2312880437.0,10.067681895093061,1.1899999999999995,0.06399719294456443,3.637901861252112,2778000000.0
2025-07-14,13.97,12.8,13.97,12.8,421608755.0,5660080002.0,-1.6141429669484952,-0.20999999999999908,0.15176701043916488,8.993082244427363,2778000000.0
2025-07-15,12.97,12.39,13.23,12.33,233283504.0,2956135937.0,-3.2031249999999956,-0.41000000000000014,0.08397534341252699,7.031250000000003,2778000000.0
2025-07-16,12.35,12.8,13.02,12.13,205988413.0,2622546764.0,3.3091202582727908,0.41000000000000014,0.07414989668826494,7.183212267958021,2778000000.0
2025-07-17,13.12,12.79,13.33,12.76,187181043.0,2435431193.0,-0.07812500000000666,-0.010000000000001563,0.06737978509719222,4.453125000000002,2778000000.0
2025-07-18,12.64,13.32,13.87,12.64,230194306.0,3093353818.0,4.143862392494135,0.5300000000000011,0.08286332109431245,9.616888193901476,2778000000.0
2025-07-21,13.05,14.21,14.49,13.05,276051451.0,3907226059.0,6.681681681681684,0.8900000000000006,0.09937057271418287,10.810810810810807,2778000000.0
2025-07-22,13.97,14.05,14.2,13.56,223228511.0,3108668060.0,-1.1259676284306797,-0.16000000000000014,0.08035583549316054,4.503870513722721,2778000000.0
2025-07-23,13.97,13.79,14.97,13.67,313128655.0,4462898181.0,-1.850533807829191,-0.26000000000000156,0.11271729841612671,9.252669039145912,2778000000.0
2025-07-24,13.84,14.75,15.16,13.84,333858786.0,4896064269.0,6.961566352429305,0.9600000000000009,0.12017954859611231,9.572153734590286,2778000000.0
2025-07-25,14.68,15.09,15.82,14.52,313848471.0,4765793186.0,2.30508474576272,0.33999999999999986,0.11297641144708423,8.813559322033903,2778000000.0
2025-07-28,15.08,16.29,16.6,15.08,314776582.0,5060192259.0,7.9522862823061535,1.1999999999999993,0.11331050467962563,10.072895957587816,2778000000.0
2025-07-29,15.96,17.86,17.92,15.82,332756588.0,5669015345.0,9.63781461019031,1.5700000000000003,0.11978278905687545,12.891344383057099,2778000000.0
2025-07-30,17.35,16.07,17.62,16.07,376330570.0,6258885130.0,-10.022396416573343,-1.7899999999999991,0.13546816774658027,8.678611422172457,2778000000.0
2025-07-31,15.31,15.2,15.79,14.98,259300240.0,4004415594.0,-5.413814561294339,-0.870000000000001,0.09334061915046796,5.040448039825754,2778000000.0
2025-08-01,15.06,14.78,15.45,14.76,210244810.0,3176624898.0,-2.763157894736845,-0.41999999999999993,0.0756820770338373,4.539473684210523,2778000000.0
2025-08-04,14.76,14.56,14.89,14.38,143646899.0,2092699015.0,-1.4884979702300294,-0.21999999999999886,0.05170874694024478,3.4506089309878205,2778000000.0
2025-08-05,14.62,14.72,15.05,14.33,205115777.0,3014769842.0,1.098901098901095,0.16000000000000014,0.07383577285817135,4.945054945054949,2778000000.0
2025-08-06,14.61,14.52,14.68,14.41,148446763.0,2159737348.0,-1.3586956521739246,-0.20000000000000107,0.05343655975521958,1.8342391304347796,2778000000.0
2025-08-07,14.48,14.61,14.73,14.37,141856511.0,2070630751.0,0.6198347107438051,0.08999999999999986,0.05106425881929445,2.4793388429752152,2778000000.0
2025-08-08,14.47,14.88,15.11,14.23,195249938.0,2893901917.0,1.848049281314168,0.27000000000000135,0.07028435493160547,6.023271731690617,2778000000.0
2025-08-11,14.76,14.88,15.07,14.76,153244741.0,2291001392.0,0.0,0.0,0.05516369366450684,2.0833333333333366,2778000000.0
2025-08-12,14.96,15.3,15.38,14.81,166800048.0,2521508493.0,2.822580645161299,0.41999999999999993,0.06004321382289417,3.830645161290324,2778000000.0
2025-08-13,15.41,16.27,16.61,15.23,286025386.0,4591837178.0,6.339869281045751,0.9699999999999989,0.10296090208783297,9.019607843137248,2778000000.0
2025-08-14,16.31,16.69,17.53,16.14,294262050.0,4963402755.0,2.581438229870936,0.4200000000000017,0.10592586393088553,8.543331284572837,2778000000.0
2025-08-15,16.46,18.13,18.35,16.46,361831218.0,6456834386.0,8.627920910724974,1.4399999999999977,0.13024881857451404,11.324146195326545,2778000000.0
2025-08-18,17.96,17.41,18.24,16.77,354825251.0,6202227066.0,-3.971318257032541,-0.7199999999999989,0.1277268722102232,8.108108108108102,2778000000.0
2025-08-19,17.02,16.83,17.45,16.78,201140680.0,3424710728.0,-3.3314187248707716,-0.5800000000000018,0.07240485241180705,3.8483630097644923,2778000000.0
2025-08-20,16.73,16.99,17.25,16.69,145913811.0,2482094656.0,0.9506833036244888,0.16000000000000014,0.05252476997840173,3.3273915626856727,2778000000.0
2025-08-21,17.97,16.94,18.15,16.82,213897681.0,3757383508.0,-0.2942907592701438,-0.04999999999999716,0.07699700539956804,7.828134196586217,2778000000.0
2025-08-22,15.68,16.47,16.56,15.68,236136739.0,3813300381.0,-2.774498229043698,-0.4700000000000024,0.08500242584593233,5.1948051948051885,2778000000.0
2025-08-25,16.47,16.3,16.74,16.14,172248397.0,2826894713.0,-1.032179720704296,-0.16999999999999815,0.06200446256299496,3.6429872495446136,2778000000.0
2025-08-26,16.28,16.02,16.3,15.97,101077114.0,1629560648.0,-1.717791411042957,-0.28000000000000114,0.03638485025197984,2.024539877300614,2778000000.0
2025-08-27,15.98,15.68,16.36,15.68,137603182.0,2214166522.0,-2.122347066167285,-0.33999999999999986,0.04953318286537077,4.244694132334581,2778000000.0
2025-08-28,15.68,15.89,15.95,15.48,102619225.0,1615326615.0,1.3392857142857206,0.21000000000000085,0.03693996580273578,2.9974489795918298,2778000000.0
2025-08-29,15.88,16.13,16.13,15.71,116308527.0,1858153729.0,1.510383889238498,0.23999999999999844,0.04186772030237581,2.643171806167389,2778000000.0
2025-09-01,16.63,16.8,17.19,16.34,214907766.0,3605357326.0,4.153750774953524,0.6700000000000017,0.07736060691144708,5.269683818970871,2778000000.0
2025-09-02,16.49,15.97,16.59,15.86,153982142.0,2476184216.0,-4.940476190476195,-0.8300000000000001,0.05542913678905687,4.345238095238098,2778000000.0
2025-09-03,15.88,14.98,15.95,14.79,136208101.0,2077129527.0,-6.199123356293046,-0.9900000000000002,0.04903099388048956,7.263619286161553,2778000000.0
2025-09-04,14.97,15.24,15.58,14.65,121716755.0,1842706390.0,1.735647530040052,0.2599999999999998,0.04381452663786897,6.2082777036048045,2778000000.0
2025-09-05,15.16,14.93,15.16,14.74,92024705.0,1374309115.0,-2.0341207349081403,-0.3100000000000005,0.03312624370050396,2.755905511811023,2778000000.0
2025-09-08,14.86,14.88,14.92,14.7,60687667.0,899754162.0,-0.33489618218351946,-0.049999999999998934,0.0218458124550036,1.4735432016075058,2778000000.0
2025-09-09,14.81,14.69,14.95,14.67,56646630.0,839804116.0,-1.276881720430112,-0.19000000000000128,0.020391155507559395,1.8817204301075225,2778000000.0
2025-09-10,14.69,14.72,14.87,14.63,40490149.0,597409180.0,0.2042205582028611,0.030000000000001137,0.01457528761699064,1.6337644656228623,2778000000.0
2025-09-11,14.68,15.19,15.25,14.58,89549972.0,1344751892.0,3.192934782608692,0.46999999999999886,0.03223541108711303,4.551630434782608,2778000000.0
2025-09-12,15.08,15.52,15.93,15.04,123025816.0,1925621622.0,2.172481895984202,0.33000000000000007,0.044285750899928006,5.8591178406846645,2778000000.0
2025-09-15,15.29,15.36,15.58,15.28,65496730.0,1010021077.0,-1.0309278350515427,-0.16000000000000014,0.023576936645068394,1.9329896907216542,2778000000.0
2025-09-16,15.31,15.31,15.44,15.1,61119975.0,934276831.0,-0.32552083333332593,-0.049999999999998934,0.02200143088552916,2.2135416666666656,2778000000.0
2025-09-17,15.37,15.23,15.42,15.15,74867731.0,1142906245.0,-0.5225342913128705,-0.08000000000000007,0.026950227141828653,1.7635532331809245,2778000000.0
2025-09-18,15.22,14.77,15.24,14.68,88222215.0,1318923315.0,-3.0203545633617934,-0.46000000000000085,0.03175745680345572,3.676953381483916,2778000000.0
2025-09-19,14.95,14.68,14.97,14.66,47007665.0,696844327.0,-0.6093432633716978,-0.08999999999999986,0.016921405687544997,2.0988490182803012,2778000000.0
2025-09-22,14.68,14.92,14.92,14.63,42039647.0,621546891.0,1.6348773841961872,0.2400000000000002,0.015133062275017999,1.9754768392370514,2778000000.0
2025-09-23,14.78,14.31,14.81,14.08,75824948.0,1090432626.0,-4.0884718498659485,-0.6099999999999994,0.027294797696184304,4.892761394101879,2778000000.0
2025-09-24,14.17,14.37,14.48,14.11,52249018.0,749613074.0,0.41928721174002703,0.05999999999999872,0.01880814182865371,2.585604472396932,2778000000.0
2025-09-25,14.33,14.23,14.46,14.23,40274684.0,578158419.0,-0.9742519137091121,-0.1399999999999988,0.014497726421886249,1.6005567153792655,2778000000.0
2025-09-26,14.3,14.03,14.34,14.03,37668791.0,534126574.0,-1.4054813773717534,-0.20000000000000107,0.013559679985601153,2.1784961349262155,2778000000.0
2025-09-29,13.98,14.61,14.88,13.94,92532254.0,1340051688.0,4.133998574483244,0.5800000000000001,0.03330894672426206,6.699928724162518,2778000000.0
2025-09-30,14.49,14.34,14.6,14.32,55778719.0,805685068.0,-1.848049281314168,-0.2699999999999996,0.02007873254139669,1.9164955509924666,2778000000.0
2025-10-09,14.27,14.4,14.48,14.15,49076619.0,704256854.0,0.4184100418409997,0.0600000000000005,0.017666169546436284,2.3012552301255234,2778000000.0
2025-10-10,14.36,14.31,14.56,14.29,45110918.0,650994927.0,-0.6249999999999978,-0.08999999999999986,0.01623863138948884,1.8750000000000093,2778000000.0
2025-10-13,13.92,14.22,14.26,13.83,38784464.0,548109314.0,-0.6289308176100628,-0.08999999999999986,0.013961290136789057,3.004891684136965,2778000000.0
2025-10-14,14.24,14.11,14.52,14.06,43697020.0,625686079.0,-0.7735583684950864,-0.11000000000000121,0.01572966882649388,3.234880450070317,2778000000.0
2025-10-15,14.18,14.25,14.3,13.98,35185117.0,498352805.0,0.9922041105598911,0.14000000000000057,0.012665628869690426,2.2678951098511715,2778000000.0
2025-10-16,14.25,14.12,14.31,14.05,36740388.0,521339429.0,-0.9122807017543866,-0.13000000000000078,0.013225481641468683,1.8245614035087705,2778000000.0
2025-10-17,14.1,14.01,14.43,13.98,55295028.0,787417706.0,-0.7790368271954673,-0.10999999999999943,0.019904617710583154,3.1869688385269073,2778000000.0
2025-10-20,14.11,13.91,14.17,13.84,41858252.0,585783968.0,-0.7137758743754441,-0.09999999999999964,0.015067765298776098,2.3554603854389726,2778000000.0
2025-10-21,13.94,14.09,14.17,13.9,42103170.0,591961331.0,1.294033069734013,0.17999999999999972,0.015155928725701944,1.9410496046010035,2778000000.0
2025-10-22,14.03,14.24,14.33,13.99,49886264.0,710879892.0,1.0645848119233525,0.15000000000000036,0.017957618430525558,2.413058907026259,2778000000.0
2025-10-23,14.21,14.2,14.24,13.88,45527642.0,639995248.0,-0.2808988764045006,-0.040000000000000924,0.016388640028797696,2.5280898876404456,2778000000.0
2025-10-24,14.19,14.24,14.29,14.1,38169224.0,542529346.0,0.28169014084507005,0.040000000000000924,0.013739821454283657,1.338028169014081,2778000000.0
2025-10-27,14.39,14.39,14.5,14.18,95238837.0,1370174637.0,1.0533707865168607,0.15000000000000036,0.03428323866090713,2.247191011235957,2778000000.0
2025-10-28,14.4,14.36,14.57,14.33,62427549.0,903604831.0,-0.20847810979848225,-0.030000000000001137,0.022472119870410368,1.6678248783877705,2778000000.0
2025-10-29,14.32,14.71,14.93,14.29,95033809.0,1392786211.0,2.4373259052924867,0.3500000000000014,0.03420943448524118,4.456824512534823,2778000000.0
2025-10-30,14.68,14.28,14.69,14.26,60690419.0,876084416.0,-2.9231815091774416,-0.4300000000000015,0.02184680309575234,2.9231815091774283,2778000000.0
2025-10-31,14.24,14.03,14.28,14.03,43677033.0,617444873.0,-1.7507002801120497,-0.25,0.015722474082073435,1.7507002801120448,2778000000.0
2025-11-03,14.0,13.85,14.0,13.73,41324080.0,571811691.0,-1.282965074839626,-0.17999999999999972,0.014875478761699064,1.924447612259441,2778000000.0
2025-11-04,13.78,13.8,13.84,13.64,30744370.0,423241940.0,-0.3610108303249038,-0.049999999999998934,0.011067087832973362,1.4440433212996338,2778000000.0
2025-11-05,13.7,13.74,13.87,13.69,23519953.0,324598846.0,-0.43478260869566077,-0.0600000000000005,0.008466505759539236,1.3043478260869543,2778000000.0
2025-11-06,13.74,13.86,13.92,13.73,31849302.0,440606224.0,0.8733624454148492,0.11999999999999922,0.011464831533477321,1.3828238719068378,2778000000.0
2025-11-07,13.79,13.6,13.81,13.6,29155736.0,399111275.0,-1.8759018759018753,-0.2599999999999998,0.010495225341972642,1.5151515151515214,2778000000.0
2025-11-10,13.6,13.66,13.72,13.52,29232263.0,397556838.0,0.4411764705882337,0.0600000000000005,0.010522772858171346,1.4705882352941255,2778000000.0
2025-11-11,13.65,13.52,13.75,13.51,23997200.0,326161069.0,-1.024890190336758,-0.14000000000000057,0.008638300935925125,1.756954612005858,2778000000.0
2025-11-12,13.51,13.5,13.61,13.4,23193365.0,312932300.0,-0.14792899408283544,-0.019999999999999574,0.008348943484521238,1.5532544378698157,2778000000.0
2025-11-13,13.54,13.86,13.94,13.54,54931426.0,757768159.0,2.6666666666666616,0.35999999999999943,0.01977373146148308,2.9629629629629655,2778000000.0
2025-11-14,13.7,13.5,13.74,13.5,37377166.0,509745885.0,-2.5974025974025983,-0.35999999999999943,0.013454703383729302,1.7316017316017334,2778000000.0
2025-11-17,13.5,13.44,13.58,13.43,22895301.0,308512955.0,-0.4444444444444473,-0.0600000000000005,0.008241649028077754,1.1111111111111138,2778000000.0
2025-11-18,13.42,13.36,13.49,13.32,22446900.0,300612807.0,-0.5952380952380931,-0.08000000000000007,0.008080237580993521,1.2648809523809519,2778000000.0
2025-11-19,13.33,13.21,13.43,13.19,20091889.0,266854820.0,-1.122754491017952,-0.14999999999999858,0.007232501439884809,1.7964071856287442,2778000000.0
2025-11-20,13.48,13.21,13.55,13.17,26312968.0,350865071.0,0.0,0.0,0.00947191072714183,2.876608629825895,2778000000.0
2025-11-21,13.1,12.66,13.22,12.66,44981937.0,579038345.0,-4.16351249053748,-0.5500000000000007,0.016192201943844492,4.239212717638156,2778000000.0
2025-11-24,12.73,12.82,12.9,12.61,27325520.0,348808604.0,1.2638230647709303,0.16000000000000014,0.009836400287976962,2.2906793048973215,2778000000.0
2025-11-25,12.88,12.78,12.95,12.78,27039734.0,347318534.0,-0.31201248049922414,-0.040000000000000924,0.009733525557955364,1.3260530421216843,2778000000.0
2025-11-26,12.79,12.7,12.85,12.68,21987651.0,280793818.0,-0.6259780907668211,-0.08000000000000007,0.007914921166306696,1.3302034428794989,2778000000.0
2025-11-27,12.69,12.67,12.83,12.65,22772978.0,290030623.0,-0.23622047244094002,-0.02999999999999936,0.008197616270698344,1.4173228346456672,2778000000.0
2025-11-28,12.68,12.92,12.93,12.65,33925719.0,435252752.0,1.9731649565903675,0.25,0.012212281857451403,2.2099447513812107,2778000000.0
2025-12-01,12.83,12.93,12.98,12.83,21883400.0,282775453.0,0.07739938080495445,0.009999999999999787,0.007877393808495321,1.1609907120743062,2778000000.0
2025-12-02,12.92,12.77,12.94,12.71,19618448.0,250628880.0,-1.2374323279195631,-0.16000000000000014,0.007062076313894888,1.778808971384367,2778000000.0
2025-12-03,12.77,12.6,12.86,12.55,21478904.0,271650958.0,-1.3312451057165275,-0.16999999999999993,0.007731786897048236,2.4275646045418853,2778000000.0
2025-12-04,12.62,12.67,12.74,12.5,18145888.0,229283134.0,0.5555555555555536,0.07000000000000028,0.0065319971202303815,1.9047619047619067,2778000000.0
2025-12-05,12.67,13.94,13.94,12.63,170007664.0,2322218653.0,10.023677979479073,1.2699999999999996,0.06119786321094312,10.339384372533534,2778000000.0
2025-12-08,14.15,14.28,14.81,14.15,240443731.0,3467449738.0,2.4390243902439046,0.33999999999999986,0.08655281893448524,4.734576757532282,2778000000.0
2025-12-09,14.1,14.13,14.36,14.0,118624757.0,1673802966.0,-1.050420168067212,-0.14999999999999858,0.042701496400287975,2.521008403361341,2778000000.0
2025-12-10,14.05,14.49,14.68,14.02,159477992.0,2303728584.0,2.547770700636942,0.35999999999999943,0.057407484521238304,4.670912951167729,2778000000.0
2025-12-11,14.39,14.48,14.65,14.28,117286323.0,1695546929.0,-0.06901311249136732,-0.009999999999999787,0.04221969870410367,2.5534851621808214,2778000000.0
2025-12-12,14.48,14.29,14.48,14.12,87801120.0,1255106491.0,-1.3121546961326058,-0.19000000000000128,0.0316058747300216,2.4861878453038755,2778000000.0
2025-12-15,14.13,14.6,14.99,14.09,141809673.0,2073808144.0,2.1693491952414323,0.3100000000000005,0.05104739848812095,6.298110566829954,2778000000.0
2025-12-16,14.42,14.81,15.14,14.41,160557150.0,2376628398.0,1.4383561643835696,0.21000000000000085,0.05779595032397408,5.000000000000003,2778000000.0
2025-12-17,14.66,14.96,15.29,14.52,154546428.0,2292897951.0,1.0128291694800895,0.15000000000000036,0.05563226349892009,5.199189736664413,2778000000.0
2025-12-18,14.73,14.24,14.8,14.24,118717346.0,1709198771.0,-4.812834224598939,-0.7200000000000006,0.042734825773938084,3.7433155080213933,2778000000.0
2025-12-19,14.16,14.26,14.41,14.12,70817551.0,1010644613.0,0.1404494382022392,0.019999999999999574,0.025492278977681786,2.0365168539325906,2778000000.0
2025-12-22,14.16,14.2,14.29,14.12,54506830.0,773812734.0,-0.42075736325386526,-0.0600000000000005,0.01962088912886969,1.192145862552594,2778000000.0
2025-12-23,14.24,14.55,14.79,14.18,111620104.0,1625797617.0,2.464788732394374,0.3500000000000014,0.040180023038156945,4.29577464788732,2778000000.0
2025-12-24,14.4,15.0,15.13,14.39,132375673.0,1964752277.0,3.092783505154628,0.4499999999999993,0.047651430165586754,5.085910652920964,2778000000.0
2025-12-25,15.02,14.85,15.29,14.84,98660365.0,1477991328.0,-1.0000000000000009,-0.15000000000000036,0.0355148902087833,2.9999999999999956,2778000000.0
2025-12-26,14.86,15.68,16.28,14.85,230768177.0,3617213638.0,5.589225589225588,0.8300000000000001,0.08306989812814974,9.629629629629639,2778000000.0
2025-12-29,15.61,15.29,15.78,15.18,138132671.0,2116056656.0,-2.4872448979591844,-0.39000000000000057,0.04972378365730742,3.826530612244896,2778000000.0
2025-12-30,15.18,15.25,15.48,15.04,110164325.0,1673915589.0,-0.2616088947024142,-0.03999999999999915,0.0396559845212383,2.877697841726627,2778000000.0
2025-12-31,15.3,14.99,15.63,14.98,106433240.0,1626943186.0,-1.704918032786884,-0.2599999999999998,0.03831290136789057,4.262295081967215,2778000000.0
2026-01-05,15.02,15.35,15.37,14.81,114479055.0,1728776096.0,2.401601067378256,0.35999999999999943,0.04120916306695464,3.7358238825883836,2778000000.0
2026-01-06,15.24,15.67,15.76,15.22,173709269.0,2696065101.0,2.084690553745938,0.3200000000000003,0.06253033441324694,3.5179153094462485,2778000000.0
2026-01-07,15.55,15.28,15.66,15.15,116770403.0,1792737510.0,-2.488832163369503,-0.39000000000000057,0.042033982361411086,3.2546266751754933,2778000000.0
2026-01-08,15.12,14.88,15.12,14.76,93230792.0,1391988074.0,-2.617801047120405,-0.3999999999999986,0.03356040028797696,2.356020942408373,2778000000.0
2026-01-09,14.81,14.85,14.93,14.68,77725260.0,1151862404.0,-0.20161290322581182,-0.030000000000001137,0.027978855291576673,1.6801075268817203,2778000000.0
2026-01-12,14.85,14.99,15.05,14.78,98667148.0,1472941146.0,0.9427609427609562,0.14000000000000057,0.03551733189344852,1.8181818181818274,2778000000.0
2026-01-13,15.05,14.62,15.24,14.58,89877130.0,1337354397.0,-2.4683122081387676,-0.370000000000001,0.03235317854571634,4.402935290193463,2778000000.0
2026-01-14,14.56,14.8,15.35,14.55,148126108.0,2228417107.0,1.2311901504788114,0.1800000000000015,0.05332113318934485,5.4719562243501985,2778000000.0
2026-01-15,14.7,14.27,14.78,14.18,92132974.0,1326609940.0,-3.5810810810810834,-0.5300000000000011,0.03316521742260619,4.054054054054052,2778000000.0
2026-01-16,14.38,14.27,14.65,14.22,55419533.0,795002720.0,0.0,0.0,0.01994943592512599,3.01331464611072,2778000000.0
2026-01-19,14.26,14.26,14.27,14.07,41074952.0,582681109.0,-0.07007708479327412,-0.009999999999999787,0.014785799856011519,1.4015416958654472,2778000000.0
2026-01-20,14.26,14.19,14.35,14.1,40050913.0,568239383.0,-0.4908835904628317,-0.07000000000000028,0.014417175305975522,1.753155680224404,2778000000.0
2026-01-21,14.14,14.09,14.25,14.08,36913872.0,521868080.0,-0.7047216349541863,-0.09999999999999964,0.013287930885529157,1.1980267794221278,2778000000.0
2026-01-22,14.1,14.07,14.17,14.05,32428434.0,457148740.0,-0.14194464158977516,-0.019999999999999574,0.011673302375809935,0.8516678495386744,2778000000.0
2026-01-23,14.07,14.17,14.24,14.07,42888923.0,607648231.0,0.7107320540156392,0.09999999999999964,0.015438777177825774,1.208244491826581,2778000000.0
2026-01-26,14.14,14.18,14.35,14.1,63841936.0,907899261.0,0.07057163020465218,0.009999999999999787,0.022981258459323254,1.7642907551164433,2778000000.0
2026-01-27,14.17,13.76,14.18,13.55,74820031.0,1028077656.0,-2.961918194640334,-0.41999999999999993,0.02693305651547876,4.442877291960501,2778000000.0
2026-01-28,13.75,13.79,13.96,13.74,36248204.0,502086278.0,0.21802325581394832,0.02999999999999936,0.013048309575233981,1.5988372093023302,2778000000.0
2026-01-29,13.75,13.82,13.91,13.59,45147099.0,622131583.0,0.2175489485134241,0.030000000000001137,0.016251655507559394,2.3205221174764343,2778000000.0
2026-01-30,13.92,13.61,13.92,13.57,37826951.0,517834131.0,-1.519536903039076,-0.21000000000000085,0.013616613030957523,2.5325615050651207,2778000000.0
2026-02-02,13.61,13.37,13.8,13.37,37399282.0,508604056.0,-1.7634092578986071,-0.2400000000000002,0.013462664506839453,3.159441587068343,2778000000.0
2026-02-03,13.52,13.61,13.63,13.4,29518015.0,399654180.0,1.7950635751682986,0.2400000000000002,0.010625635349172066,1.7202692595362785,2778000000.0
2026-02-04,13.61,13.73,13.82,13.52,34378810.0,469695257.0,0.8817046289493202,0.120000000000001,0.012375381569474443,2.20426157237326,2778000000.0
2026-02-05,13.69,13.75,13.87,13.61,39919222.0,549173607.0,0.1456664238892902,0.019999999999999574,0.01436977033837293,1.8936635105608142,2778000000.0
2026-02-06,13.72,14.04,14.45,13.65,92706863.0,1310956401.0,2.109090909090905,0.28999999999999915,0.03337180093592513,5.81818181818181,2778000000.0
2026-02-09,14.01,14.1,14.14,13.92,50355603.0,706589061.0,0.42735042735042583,0.0600000000000005,0.018126566954643628,1.5669515669515715,2778000000.0
2026-02-10,14.1,13.92,14.1,13.92,30414073.0,424915313.0,-1.276595744680853,-0.17999999999999972,0.01094819042476602,1.2765957446808491,2778000000.0
2026-02-11,13.97,14.2,14.45,13.84,85500916.0,1216411992.0,2.011494252873569,0.27999999999999936,0.030777867530597552,4.382183908045973,2778000000.0
2026-02-12,14.04,14.29,14.45,13.96,61627100.0,878815183.0,0.6338028169013965,0.08999999999999986,0.02218398128149748,3.450704225352102,2778000000.0
2026-02-13,14.33,13.98,14.43,13.98,47769489.0,676640859.0,-2.1693491952414212,-0.3099999999999987,0.017195640388768897,3.1490552834149708,2778000000.0
2026-02-24,14.05,13.87,14.1,13.82,32961464.0,458169243.0,-0.7868383404864177,-0.11000000000000121,0.011865177825773938,2.002861230329037,2778000000.0
2026-02-25,13.89,14.35,14.58,13.89,91952524.0,1318514555.0,3.460706560922855,0.4800000000000004,0.033100260619150466,4.974765681326601,2778000000.0
2026-02-26,14.34,14.23,14.49,14.19,38792511.0,552857826.0,-0.836236933797907,-0.11999999999999922,0.013964186825053996,2.0905923344947785,2778000000.0
2026-02-27,14.23,14.31,14.36,14.14,37031709.0,528179932.0,0.5621925509486925,0.08000000000000007,0.013330348812095032,1.5460295151089167,2778000000.0
2026-03-02,14.1,14.04,14.17,13.84,48429988.0,678670609.0,-1.8867924528301994,-0.27000000000000135,0.017433401007919368,2.306079664570231,2778000000.0
2026-03-03,14.04,13.53,14.14,13.48,61847375.0,850304723.0,-3.6324786324786307,-0.5099999999999998,0.022263273938084954,4.700854700854702,2778000000.0
2026-03-04,13.4,13.38,13.6,13.31,36553968.0,490982247.0,-1.1086474501108556,-0.14999999999999858,0.013158375809935206,2.1433850702143324,2778000000.0
2026-03-05,13.6,13.36,13.85,13.34,33318938.0,450959618.0,-0.1494768310911887,-0.02000000000000135,0.011993858171346293,3.8116591928251107,2778000000.0
2026-03-06,13.31,13.75,13.8,13.28,41890953.0,570835403.0,2.91916167664672,0.39000000000000057,0.015079536717062634,3.892215568862286,2778000000.0
2026-03-09,13.5,13.36,13.53,13.28,42154376.0,563058110.0,-2.836363636363637,-0.39000000000000057,0.015174361411087113,1.8181818181818181,2778000000.0
2026-03-10,13.47,13.57,13.66,13.43,29967464.0,405668677.0,1.5718562874251552,0.21000000000000085,0.010787424046076313,1.721556886227548,2778000000.0
2026-03-11,13.54,13.75,13.89,13.5,44617625.0,612018440.0,1.3264554163596065,0.17999999999999972,0.016061060115190786,2.8739867354458406,2778000000.0
2026-03-12,13.7,14.19,14.33,13.69,98302425.0,1392069021.0,3.200000000000003,0.4399999999999995,0.03538604211663067,4.654545454545459,2778000000.0
2026-03-13,14.11,13.59,14.17,13.57,71789530.0,987671903.0,-4.228329809725151,-0.5999999999999996,0.025842163426925847,4.228329809725157,2778000000.0
2026-03-16,13.54,13.37,13.55,13.26,44699623.0,597602728.0,-1.6188373804267853,-0.22000000000000064,0.016090577033837292,2.133922001471677,2778000000.0
2026-03-17,13.39,13.29,13.64,13.26,53600922.0,719795484.0,-0.5983545250560995,-0.08000000000000007,0.019294788336933044,2.8421839940164606,2778000000.0
2026-03-18,13.26,13.19,13.29,13.1,31533765.0,415138443.0,-0.7524454477050413,-0.09999999999999964,0.011351247300215982,1.4296463506395751,2778000000.0
2026-03-19,13.06,13.06,13.23,13.01,34575675.0,453295770.0,-0.9855951478392688,-0.129999999999999,0.012446247300215983,1.6679302501895426,2778000000.0
2026-03-20,13.1,12.71,13.15,12.71,37850689.0,487677020.0,-2.679938744257271,-0.34999999999999964,0.01362515802735781,3.3690658499234263,2778000000.0
2026-03-23,12.49,12.13,12.64,12.02,42890268.0,529008576.0,-4.5633359559402065,-0.5800000000000001,0.015439261339092873,4.878048780487813,2778000000.0
2026-03-24,12.3,12.27,12.35,12.05,29105647.0,354505256.0,1.154163231657046,0.1399999999999988,0.010477194744420446,2.473206924979381,2778000000.0
2026-03-25,12.24,12.39,12.51,12.23,28450651.0,351663428.0,0.9779951100244544,0.120000000000001,0.010241415046796256,2.2819885900570447,2778000000.0
2026-03-26,12.38,12.17,12.39,12.12,21907302.0,267844402.0,-1.7756255044390712,-0.22000000000000064,0.007885997840172786,2.1791767554479526,2778000000.0
2026-03-27,12.05,12.29,12.35,12.04,19088941.0,233915328.0,0.9860312243221037,0.11999999999999922,0.006871469042476602,2.547247329498772,2778000000.0
2026-03-30,12.11,12.32,12.33,12.04,21214176.0,259187175.0,0.24410089503661414,0.030000000000001137,0.007636492440604751,2.359641985353954,2778000000.0
2026-03-31,12.33,12.21,12.44,12.21,18934318.0,233283631.0,-0.8928571428571397,-0.10999999999999943,0.006815809215262779,1.8668831168831057,2778000000.0
2026-04-01,12.36,12.37,12.4,12.25,20441953.0,252444178.0,1.310401310401299,0.15999999999999837,0.007358514398848092,1.2285012285012313,2778000000.0
2026-04-02,12.3,12.14,12.33,12.08,18477867.0,225195651.0,-1.8593371059013597,-0.22999999999999865,0.0066515,2.021018593371059,2778000000.0
2026-04-03,12.16,11.96,12.24,11.96,17663811.0,213639665.0,-1.4827018121911006,-0.17999999999999972,0.006358463282937365,2.306425041186156,2778000000.0
2026-04-07,11.96,12.11,12.12,11.96,13762686.0,166005082.0,1.2541806020066826,0.14999999999999858,0.004954170626349892,1.3377926421404545,2778000000.0
2026-04-08,12.35,12.49,12.56,12.29,38718014.0,481437627.0,3.137902559867878,0.3800000000000008,0.013937370050395968,2.229562345169293,2778000000.0
2026-04-09,12.36,12.18,12.36,12.17,22843909.0,279815119.0,-2.481985588470781,-0.3100000000000005,0.008223149388048957,1.521216973578859,2778000000.0
2026-04-10,12.34,12.8,12.93,12.33,84936115.0,1077536621.0,5.090311986863716,0.620000000000001,0.030574555435565153,4.926108374384234,2778000000.0
2026-04-13,12.5,12.62,12.73,12.46,47197093.0,595193984.0,-1.4062500000000089,-0.1800000000000015,0.016989594312455003,2.1093749999999964,2778000000.0
2026-04-14,12.7,12.59,12.74,12.42,36054034.0,452037370.0,-0.23771790808240212,-0.02999999999999936,0.01297841396688265,2.535657686212364,2778000000.0
2026-04-15,12.66,12.49,12.67,12.44,24016800.0,300901859.0,-0.7942811755361379,-0.09999999999999964,0.008645356371490281,1.8268467037331249,2778000000.0
2026-04-16,12.52,12.5,12.63,12.48,28155972.0,352821322.0,0.08006405124099114,0.009999999999999787,0.010135339092872571,1.2009607686148946,2778000000.0
2026-04-17,12.49,12.55,12.7,12.42,37196479.0,466929826.0,0.40000000000000036,0.05000000000000071,0.013389661267098632,2.239999999999995,2778000000.0
2026-04-20,12.55,12.53,12.6,12.49,23710871.0,297317799.0,-0.15936254980081221,-0.02000000000000135,0.008535230741540677,0.8764940239043778,2778000000.0
2026-04-21,12.5,12.36,12.52,12.28,25599099.0,316636185.0,-1.3567438148443745,-0.16999999999999993,0.009214938444924405,1.9154030327214702,2778000000.0
2026-04-22,12.3,12.44,12.54,12.24,29224037.0,362745122.0,0.6472491909385036,0.08000000000000007,0.010519811735061195,2.4271844660194093,2778000000.0
2026-04-23,12.42,12.25,12.47,12.2,28636346.0,352116554.0,-1.5273311897106123,-0.1899999999999995,0.010308259899208064,2.170418006430879,2778000000.0
2026-04-24,12.2,12.11,12.29,12.08,20644778.0,250509872.0,-1.1428571428571455,-0.14000000000000057,0.007431525557955364,1.7142857142857066,2778000000.0
2026-04-27,12.15,12.22,12.38,12.15,23348689.0,286080858.0,0.9083402146986108,0.11000000000000121,0.008404855651547876,1.8992568125516136,2778000000.0
2026-04-28,12.2,12.19,12.38,12.14,27357866.0,335390849.0,-0.24549918166940632,-0.030000000000001137,0.00984804391648668,1.9639934533551573,2778000000.0
2026-04-29,12.15,12.27,12.28,12.15,24338330.0,297260171.0,0.656275635767023,0.08000000000000007,0.008761097912167027,1.0664479081214029,2778000000.0
2026-04-30,12.33,12.42,12.6,12.32,37892537.0,471938824.0,1.2224938875305735,0.15000000000000036,0.01364022210223182,2.2819885900570447,2778000000.0
2026-05-06,12.48,12.56,12.65,12.43,39854716.0,500768855.0,1.1272141706924366,0.14000000000000057,0.01434655003599712,1.7713365539452548,2778000000.0
2026-05-07,12.62,12.53,12.63,12.42,31458790.0,393002899.0,-0.23885350318472165,-0.030000000000001137,0.011324258459323253,1.6719745222930003,2778000000.0
2026-05-08,12.46,12.44,12.6,12.42,28414782.0,354511315.0,-0.718276137270546,-0.08999999999999986,0.01022850323974082,1.4365522745410992,2778000000.0
2026-05-11,12.42,12.63,12.7,12.34,51190321.0,641769668.0,1.5273311897106234,0.19000000000000128,0.018427041396688264,2.893890675241153,2778000000.0
2026-05-12,12.67,12.7,12.88,12.58,48186933.0,613958867.0,0.5542359461599311,0.06999999999999851,0.017345908207343413,2.37529691211402,2778000000.0
2026-05-13,12.61,12.68,12.7,12.52,32470285.0,409198518.0,-0.15748031496062298,-0.019999999999999574,0.011688367530597552,1.4173228346456672,2778000000.0
2026-05-14,12.68,12.36,12.74,12.36,31961683.0,399739550.0,-2.5236593059936974,-0.3200000000000003,0.011505285457163427,2.996845425867514,2778000000.0
2026-05-15,12.36,11.93,12.4,11.9,53159818.0,643752374.0,-3.478964401294493,-0.4299999999999997,0.019136003599712022,4.045307443365696,2778000000.0
2026-05-18,11.91,11.94,12.0,11.85,26033966.0,310462289.0,0.08382229673091768,0.009999999999999787,0.00937147804175666,1.2573344509639595,2778000000.0
2026-05-19,11.94,12.06,12.1,11.82,31766134.0,379893872.0,1.005025125628145,0.120000000000001,0.011434893448524119,2.345058626465656,2778000000.0
2026-05-20,12.0,12.06,12.36,11.88,36119105.0,436141949.0,0.0,0.0,0.013001837652987762,3.980099502487551,2778000000.0
2026-05-21,12.15,11.98,12.5,11.98,65581316.0,807358909.0,-0.6633499170812573,-0.08000000000000007,0.023607385169186465,4.311774461028189,2778000000.0
2026-05-22,12.04,11.71,12.08,11.7,42851069.0,504904692.0,-2.2537562604340478,-0.2699999999999996,0.015425150827933765,3.1719532554257164,2778000000.0
2026-05-25,11.7,11.83,11.93,11.67,32890134.0,387629355.0,1.0247651579846195,0.11999999999999922,0.011839501079913608,2.220324508966693,2778000000.0
2026-05-26,11.78,11.87,12.03,11.71,34362485.0,407742396.0,0.33812341504648735,0.03999999999999915,0.012369505039596832,2.7049873203719232,2778000000.0
2026-05-27,11.8,11.63,11.99,11.61,31370000.0,368037953.0,-2.0219039595619104,-0.23999999999999844,0.011292296616270698,3.2013479359730477,2778000000.0
2026-05-28,11.62,11.44,11.65,11.27,30918259.0,352911793.0,-1.6337059329320835,-0.19000000000000128,0.01112968286537077,3.267411865864151,2778000000.0
2026-05-29,11.49,11.4,11.75,11.4,31583634.0,365202395.0,-0.34965034965034336,-0.03999999999999915,0.011369198704103672,3.0594405594405565,2778000000.0
2026-06-01,11.35,11.37,11.47,11.3,23469619.0,266752216.0,-0.263157894736854,-0.030000000000001137,0.008448386969042477,1.491228070175438,2778000000.0
2026-06-02,11.36,11.26,11.4,11.17,27008029.0,304177594.0,-0.9674582233948903,-0.10999999999999943,0.009722112670986322,2.0228671943711563,2778000000.0
2026-06-03,11.22,11.23,11.43,11.19,29048943.0,329089110.0,-0.2664298401420906,-0.02999999999999936,0.010456782937365012,2.131438721136769,2778000000.0
2026-06-04,11.2,11.0,11.28,10.9,38277080.0,422923021.0,-2.048085485307216,-0.23000000000000043,0.013778646508279337,3.38379341050756,2778000000.0
2026-06-05,10.99,10.83,11.04,10.82,28354489.0,309582903.0,-1.5454545454545499,-0.16999999999999993,0.010206799496040317,1.9999999999999896,2778000000.0
2026-06-08,10.61,10.51,10.8,10.44,30269610.0,321032948.0,-2.9547553093259515,-0.3200000000000003,0.010896187904967602,3.324099722991701,2778000000.0
2026-06-09,10.58,10.57,10.6,10.38,21493948.0,226296356.0,0.570884871550903,0.0600000000000005,0.007737202303815695,2.0932445290199704,2778000000.0
2026-06-10,10.5,10.65,10.66,10.48,24618232.0,260279263.0,0.7568590350047311,0.08000000000000007,0.00886185457163427,1.7029328287606407,2778000000.0
2026-06-11,10.58,10.49,10.69,10.39,21494833.0,225912066.0,-1.5023474178403773,-0.16000000000000014,0.007737520878329734,2.8169014084506943,2778000000.0
2026-06-12,10.52,11.54,11.54,10.47,95965920.0,1079967355.0,10.0095328884652,1.049999999999999,0.03454496760259179,10.200190657769289,2778000000.0
2026-06-15,11.9,12.69,12.69,11.89,132487357.0,1654769447.0,9.965337954939347,1.1500000000000004,0.04769163318934485,6.932409012131707,2778000000.0
2026-06-16,12.58,13.3,13.57,12.56,251625307.0,3302606783.0,4.806934594168655,0.6100000000000012,0.09057786429085674,7.9590228526398725,2778000000.0
2026-06-17,13.35,13.15,13.44,13.0,131966646.0,1737797262.0,-1.1278195488721776,-0.15000000000000036,0.04750419222462203,3.3082706766917256,2778000000.0
2026-06-18,13.05,12.75,13.1,12.69,101208436.0,1299213336.0,-3.041825095057038,-0.40000000000000036,0.036432122390208786,3.117870722433461,2778000000.0
2026-06-22,12.7,13.48,13.5,12.6,188172399.0,2478528812.0,5.725490196078442,0.7300000000000004,0.06773664470842333,7.058823529411767,2778000000.0
2026-06-23,13.14,13.14,13.47,13.02,132351582.0,1754161428.0,-2.522255192878342,-0.33999999999999986,0.047642758099352055,3.3382789317507497,2778000000.0
