date,open,close,high,low,volume,amount,pct_chg,change,turnover,amplitude,outstanding_share
2023-06-26,6.99,6.92,7.0,6.88,15923811.0,127114584.0,,,0.0017399268251780233,,9152000400.0
2023-06-27,6.94,7.07,7.08,6.92,20082712.0,162253688.0,2.1676300578034713,0.15000000000000036,0.002194352176820272,2.3121387283237014,9152000400.0
2023-06-28,7.08,7.24,7.26,7.05,23981670.0,198384576.0,2.40452616690241,0.16999999999999993,0.002620374666941667,2.97029702970297,9152000400.0
2023-06-29,7.24,7.16,7.25,7.12,15316307.0,126238609.0,-1.104972375690605,-0.08000000000000007,0.0016735474574498489,1.7955801104972362,9152000400.0
2023-06-30,7.18,7.33,7.37,7.14,20950395.0,175808202.0,2.3743016759776525,0.16999999999999993,0.0022891601927814602,3.2122905027933015,9152000400.0
2023-07-03,7.37,7.55,7.56,7.33,23978025.0,207041337.0,3.00136425648021,0.21999999999999975,0.002619976393357675,3.1377899045020397,9152000400.0
2023-07-04,7.54,7.59,7.61,7.5,17765048.0,154510155.0,0.5298013245033095,0.040000000000000036,0.0019411109291472496,1.4569536423841103,9152000400.0
2023-07-05,7.57,7.62,7.68,7.53,22232927.0,195251632.0,0.39525691699604515,0.03000000000000025,0.002429296987355901,1.9762845849802302,9152000400.0
2023-07-06,7.64,7.58,7.64,7.51,22159524.0,192853346.0,-0.5249343832021025,-0.040000000000000036,0.0024212765550141366,1.7060367454068228,9152000400.0
2023-07-07,7.55,7.66,7.72,7.53,18250907.0,160847921.0,1.055408970976246,0.08000000000000007,0.0019941986672115967,2.506596306068595,9152000400.0
2023-07-10,7.67,7.7,7.8,7.66,16281255.0,144651685.0,0.5221932114882533,0.040000000000000036,0.001778983204589895,1.8276762402088733,9152000400.0
2023-07-11,7.74,7.73,7.77,7.63,18725133.0,166256240.0,0.3896103896103842,0.03000000000000025,0.002046015317044785,1.818181818181814,9152000400.0
2023-07-12,7.76,7.61,7.78,7.6,15339023.0,135272417.0,-1.5523932729624823,-0.1200000000000001,0.0016760295377609468,2.3285899094437337,9152000400.0
2023-07-13,7.66,7.69,7.74,7.64,13036372.0,115464866.0,1.0512483574244502,0.08000000000000007,0.0014244286964847598,1.3140604467805588,9152000400.0
2023-07-14,7.73,7.66,7.74,7.65,11730301.0,103728514.0,-0.39011703511053764,-0.03000000000000025,0.0012817198959038506,1.1703511053315976,9152000400.0
2023-07-17,7.66,7.7,7.71,7.57,14582094.0,128472137.0,0.5221932114882533,0.040000000000000036,0.001593323138403709,1.8276762402088733,9152000400.0
2023-07-18,7.68,7.62,7.73,7.6,11179396.0,98140670.0,-1.0389610389610393,-0.08000000000000007,0.0012215248591990883,1.6883116883116986,9152000400.0
2023-07-19,7.61,7.7,7.73,7.6,11418209.0,100877942.0,1.049868766404205,0.08000000000000007,0.0012476189358558158,1.7060367454068346,9152000400.0
2023-07-20,7.72,7.66,7.79,7.63,13808637.0,122371041.0,-0.5194805194805197,-0.040000000000000036,0.0015088107950694582,2.0779220779220795,9152000400.0
2023-07-21,7.67,7.63,7.69,7.59,10638135.0,93565313.0,-0.3916449086161955,-0.03000000000000025,0.0011623835811895287,1.3054830287206336,9152000400.0
2023-07-24,7.63,7.59,7.64,7.57,10628307.0,92996738.0,-0.5242463958060273,-0.040000000000000036,0.0011613097176000997,0.9174311926605425,9152000400.0
2023-07-25,7.63,7.69,7.73,7.61,18702271.0,165573367.0,1.3175230566534912,0.10000000000000053,0.002043517283937182,1.581027667984191,9152000400.0
2023-07-26,7.74,7.68,7.76,7.64,18383325.0,155253590.0,-0.13003901170351995,-0.010000000000000675,0.002008667416579221,1.5604681404421339,9152000400.0
2023-07-27,7.69,7.62,7.74,7.6,13110901.0,110288872.0,-0.78125,-0.05999999999999961,0.00143257216203793,1.822916666666674,9152000400.0
2023-07-28,7.62,7.7,7.72,7.58,15424169.0,129619425.0,1.049868766404205,0.08000000000000007,0.0016853330775641138,1.8372703412073448,9152000400.0
2023-07-31,7.7,7.66,7.88,7.63,23166802.0,196131532.0,-0.5194805194805197,-0.040000000000000036,0.0025313375204835,3.2467532467532463,9152000400.0
2023-08-01,7.65,7.66,7.68,7.63,16487047.0,138494276.0,0.0,0.0,0.0018014692175931286,0.652741514360311,9152000400.0
2023-08-02,7.66,7.46,7.67,7.44,27507615.0,227145312.0,-2.610966057441255,-0.20000000000000018,0.0030056396195087577,3.002610966057435,9152000400.0
2023-08-03,7.47,7.57,7.6,7.45,14841748.0,122469849.0,1.4745308310992078,0.11000000000000032,0.0016216944221287403,2.0107238605898052,9152000400.0
2023-08-04,7.6,7.53,7.67,7.51,20156880.0,167762303.0,-0.5284015852047519,-0.040000000000000036,0.002202456197445096,2.1136063408190244,9152000400.0
2023-08-07,7.52,7.51,7.57,7.45,16375601.0,134942236.0,-0.26560424966800555,-0.020000000000000462,0.001789291989104371,1.5936254980079694,9152000400.0
2023-08-08,7.51,7.55,7.58,7.47,10095147.0,83384740.0,0.5326231691078487,0.040000000000000036,0.0011030536012651398,1.4647137150466087,9152000400.0
2023-08-09,7.53,7.48,7.55,7.46,10814553.0,88868479.0,-0.9271523178807861,-0.0699999999999994,0.0011816600226547192,1.1920529801324484,9152000400.0
2023-08-10,7.49,7.71,7.78,7.49,30341189.0,255249832.0,3.074866310160429,0.22999999999999954,0.0033152521496830354,3.8770053475935833,9152000400.0
2023-08-11,7.7,7.5,7.74,7.49,18931456.0,157206175.0,-2.7237354085603127,-0.20999999999999996,0.002068559350150378,3.24254215304799,9152000400.0
2023-08-14,7.47,7.47,7.49,7.36,15198344.0,124009104.0,-0.40000000000000036,-0.03000000000000025,0.0016606581442020043,1.7333333333333318,9152000400.0
2023-08-15,7.48,7.53,7.57,7.44,12101825.0,99839116.0,0.8032128514056325,0.0600000000000005,0.0013223147367869433,1.7402945113788475,9152000400.0
2023-08-16,7.51,7.47,7.51,7.45,8886768.0,72859579.0,-0.7968127490039945,-0.0600000000000005,0.0009710191883295809,0.7968127490039788,9152000400.0
2023-08-17,7.46,7.43,7.47,7.35,11552178.0,93837113.0,-0.5354752342704105,-0.040000000000000036,0.0012622571563698796,1.6064257028112465,9152000400.0
2023-08-18,7.44,7.43,7.57,7.41,13594231.0,111603752.0,0.0,0.0,0.0014853835670723965,2.1534320323014824,9152000400.0
2023-08-21,7.43,7.33,7.47,7.32,11502686.0,92993864.0,-1.3458950201884257,-0.09999999999999964,0.0012568493768859539,2.018842530282631,9152000400.0
2023-08-22,7.36,7.43,7.45,7.32,11118596.0,90053718.0,1.3642564802182733,0.09999999999999964,0.0012148815028460882,1.7735334242837637,9152000400.0
2023-08-23,7.45,7.54,7.65,7.43,24752450.0,205275550.0,1.4804845222072816,0.11000000000000032,0.0027045945059180725,2.9609690444145444,9152000400.0
2023-08-24,7.57,7.47,7.58,7.42,13090303.0,107549131.0,-0.9283819628647216,-0.07000000000000028,0.0014303215065418922,2.1220159151193654,9152000400.0
2023-08-25,7.38,7.26,7.41,7.19,23203344.0,184961498.0,-2.8112449799196804,-0.20999999999999996,0.0025353303087705284,2.945113788487279,9152000400.0
2023-08-28,7.6,7.45,7.64,7.38,39102825.0,322473424.0,2.6170798898071723,0.1900000000000004,0.004272598698750057,3.5812672176308515,9152000400.0
2023-08-29,7.45,7.44,7.47,7.39,24873541.0,202816071.0,-0.13422818791946067,-0.009999999999999787,0.002717825602367762,1.0738255033557056,9152000400.0
2023-08-30,7.43,7.43,7.49,7.42,22801068.0,186241218.0,-0.13440860215054862,-0.010000000000000675,0.002491375328174155,0.9408602150537673,9152000400.0
2023-08-31,7.42,7.35,7.47,7.33,12965423.0,104898233.0,-1.076716016150736,-0.08000000000000007,0.0014166764022431643,1.8842530282637913,9152000400.0
2023-09-01,7.37,7.56,7.58,7.37,28965675.0,238499420.0,2.857142857142847,0.20999999999999996,0.003164955609049143,2.8571428571428568,9152000400.0
2023-09-04,7.61,7.82,7.89,7.61,48622603.0,416206976.0,3.4391534391534417,0.2600000000000007,0.005312784186504188,3.7037037037036953,9152000400.0
2023-09-05,7.85,7.87,7.92,7.73,29981426.0,257728197.0,0.6393861892583175,0.04999999999999982,0.0032759423830444763,2.4296675191815793,9152000400.0
2023-09-06,7.91,7.82,7.95,7.74,25398925.0,217543458.0,-0.6353240152477735,-0.04999999999999982,0.002775232068390207,2.66836086404066,9152000400.0
2023-09-07,7.83,7.84,7.9,7.77,28136170.0,242407386.0,0.2557544757033181,0.019999999999999574,0.003074319140108429,1.6624040920716212,9152000400.0
2023-09-08,7.78,7.69,7.79,7.64,14386463.0,121499481.0,-1.913265306122447,-0.14999999999999947,0.0015719473744778246,1.9132653061224536,9152000400.0
2023-09-11,7.74,7.75,7.92,7.73,28701864.0,245814900.0,0.7802340702210531,0.05999999999999961,0.0031361301076866213,2.4707412223667036,9152000400.0
2023-09-12,7.78,7.74,7.87,7.73,14190742.0,121135530.0,-0.1290322580645098,-0.009999999999999787,0.001550561776636286,1.8064516129032218,9152000400.0
2023-09-13,7.72,7.82,7.93,7.72,31285862.0,269285767.0,1.033591731266159,0.08000000000000007,0.003418472534157669,2.713178294573643,9152000400.0
2023-09-14,7.84,8.12,8.16,7.84,71789190.0,633560049.0,3.8363171355498604,0.29999999999999893,0.007844098214855847,4.092071611253201,9152000400.0
2023-09-15,8.2,8.09,8.21,8.04,38027091.0,338253000.0,-0.3694581280788145,-0.02999999999999936,0.004155057838502717,2.0935960591133216,9152000400.0
2023-09-18,8.11,8.11,8.15,7.97,28015841.0,247840417.0,0.24721878862792313,0.019999999999999574,0.0030611713041446107,2.224969097651429,9152000400.0
2023-09-19,8.14,8.13,8.26,8.08,38799585.0,347218353.0,0.2466091245376223,0.02000000000000135,0.004239464958939469,2.219482120838468,9152000400.0
2023-09-20,8.13,8.13,8.2,8.07,19771109.0,176140313.0,0.0,0.0,0.0021603046477139576,1.5990159901598893,9152000400.0
2023-09-21,8.11,8.05,8.16,8.0,29787097.0,263379440.0,-0.9840098400983988,-0.08000000000000007,0.003254708883098388,1.9680196801968035,9152000400.0
2023-09-22,8.06,7.94,8.08,7.88,26706526.0,232729880.0,-1.3664596273291973,-0.11000000000000032,0.002918108045537236,2.484472049689443,9152000400.0
2023-09-25,7.94,7.96,8.04,7.92,24975567.0,218483943.0,0.25188916876572875,0.019999999999999574,0.0027289735476847226,1.5113350125944485,9152000400.0
2023-09-26,7.96,7.93,8.01,7.9,15838388.0,138120702.0,-0.37688442211055717,-0.03000000000000025,0.0017305930187677876,1.3819095477386862,9152000400.0
2023-09-27,7.94,7.86,7.98,7.84,19562014.0,169462474.0,-0.8827238335434973,-0.0699999999999994,0.002137457730006218,1.7654476670870185,9152000400.0
2023-09-28,7.95,7.97,8.07,7.89,27282399.0,238738172.0,1.3994910941475647,0.10999999999999943,0.002981031228975908,2.2900763358778704,9152000400.0
2023-10-09,7.87,8.04,8.1,7.86,28388293.0,249103771.0,0.8782936010037545,0.0699999999999994,0.0031018675436246704,3.0112923462986116,9152000400.0
2023-10-10,8.01,7.89,8.03,7.85,21616864.0,187698757.0,-1.8656716417910335,-0.14999999999999947,0.0023619824142490204,2.2388059701492504,9152000400.0
2023-10-11,7.85,7.75,7.89,7.7,22609577.0,192496977.0,-1.7743979721166037,-0.13999999999999968,0.00247045192436836,2.4081115335868124,9152000400.0
2023-10-12,7.78,7.73,7.81,7.7,18223552.0,154825920.0,-0.2580645161290307,-0.019999999999999574,0.001991209703181394,1.41935483870967,9152000400.0
2023-10-13,7.7,7.71,7.77,7.64,12081028.0,102153283.0,-0.2587322121604174,-0.020000000000000462,0.001320042337410737,1.6817593790426892,9152000400.0
2023-10-16,7.79,7.84,7.87,7.74,21965796.0,188133059.0,1.6861219195849486,0.1299999999999999,0.0024001087237714718,1.686121919584953,9152000400.0
2023-10-17,7.95,8.13,8.14,7.88,41334749.0,364609248.0,3.6989795918367374,0.2900000000000009,0.004516471502776595,3.3163265306122534,9152000400.0
2023-10-18,8.13,8.14,8.28,8.11,35936878.0,322948006.0,0.12300123001229846,0.009999999999999787,0.003926669190267955,2.0910209102091013,9152000400.0
2023-10-19,8.17,7.93,8.18,7.88,25845700.0,225965992.0,-2.579852579852593,-0.21000000000000085,0.0028240492646831616,3.6855036855036833,9152000400.0
2023-10-20,7.93,7.95,8.0,7.82,22271087.0,193666543.0,0.2522068095838659,0.020000000000000462,0.0024334665675932446,2.2698612862547254,9152000400.0
2023-10-23,7.86,7.83,7.97,7.76,23359596.0,201926623.0,-1.5094339622641506,-0.1200000000000001,0.002552403297534821,2.6415094339622636,9152000400.0
2023-10-24,7.83,7.91,7.92,7.7,25362714.0,217212614.0,1.0217113665389466,0.08000000000000007,0.0027712754470596394,2.809706257982117,9152000400.0
2023-10-25,7.97,8.01,8.06,7.91,28524836.0,250320674.0,1.2642225031605614,0.09999999999999964,0.0031167870141264415,1.896333754740839,9152000400.0
2023-10-26,7.99,7.99,7.99,7.78,24364889.0,211291575.0,-0.24968789013731785,-0.019999999999999574,0.0026622473705311465,2.621722846441947,9152000400.0
2023-10-27,7.95,7.93,8.11,7.91,23136167.0,202734186.0,-0.7509386733416834,-0.0600000000000005,0.0025279901648605696,2.503128911138915,9152000400.0
2023-10-30,7.9,7.79,7.98,7.77,25878989.0,222718493.0,-1.7654476670870056,-0.13999999999999968,0.0028276866115521586,2.6481715006305278,9152000400.0
2023-10-31,7.73,7.84,7.87,7.68,21756817.0,186245680.0,0.6418485237484006,0.04999999999999982,0.002377274480888353,2.4390243902439073,9152000400.0
2023-11-01,7.85,7.79,7.88,7.78,13787127.0,118074577.0,-0.6377551020408156,-0.04999999999999982,0.0015064604892281255,1.2755102040816282,9152000400.0
2023-11-02,7.79,7.78,7.88,7.78,13191587.0,113207375.0,-0.12836970474967568,-0.009999999999999787,0.001441388376687571,1.2836970474967861,9152000400.0
2023-11-03,7.84,7.77,7.91,7.76,20111265.0,172210212.0,-0.12853470437018677,-0.010000000000000675,0.0021974720411944036,1.9280205655527036,9152000400.0
2023-11-06,7.78,7.63,7.78,7.6,31591813.0,264979434.0,-1.8018018018017945,-0.13999999999999968,0.003451902493360905,2.3166023166023244,9152000400.0
2023-11-07,7.6,7.68,7.72,7.59,17944527.0,150890713.0,0.6553079947575258,0.04999999999999982,0.0019607218330104093,1.7038007863695925,9152000400.0
2023-11-08,7.63,7.62,7.65,7.57,14759733.0,123205577.0,-0.78125,-0.05999999999999961,0.001612732993324607,1.0416666666666676,9152000400.0
2023-11-09,7.62,7.92,7.97,7.61,40764036.0,349930211.0,3.937007874015741,0.2999999999999998,0.004454112130502092,4.72440944881889,9152000400.0
2023-11-10,7.95,8.0,8.02,7.86,20683880.0,180279037.0,1.0101010101010166,0.08000000000000007,0.002260039236886397,2.0202020202020106,9152000400.0
2023-11-13,8.02,7.96,8.04,7.87,16740780.0,145710599.0,-0.5000000000000004,-0.040000000000000036,0.0018291935389338487,2.124999999999988,9152000400.0
2023-11-14,7.94,7.88,7.96,7.82,17216782.0,148472972.0,-1.005025125628145,-0.08000000000000007,0.0018812042447026117,1.758793969849242,9152000400.0
2023-11-15,7.93,7.92,7.96,7.86,13853779.0,120097941.0,0.50761421319796,0.040000000000000036,0.0015137432686301018,1.2690355329949194,9152000400.0
2023-11-16,7.9,7.92,7.96,7.85,17829333.0,154840096.0,0.0,0.0,0.0019481350765675229,1.388888888888893,9152000400.0
2023-11-17,7.91,7.89,7.98,7.84,15138910.0,130894689.0,-0.37878787878787845,-0.03000000000000025,0.0016541640448354876,1.7676767676767748,9152000400.0
2023-11-20,7.9,7.88,7.92,7.85,11183420.0,96737844.0,-0.12674271229403677,-0.009999999999999787,0.0012219645444945567,0.8871989860583053,9152000400.0
2023-11-21,7.88,7.95,8.04,7.86,22751827.0,198789371.0,0.8883248730964466,0.07000000000000028,0.0024859949743883314,2.284263959390848,9152000400.0
2023-11-22,7.93,7.93,8.04,7.89,19723009.0,172407156.0,-0.2515723270440362,-0.020000000000000462,0.0021550489661254823,1.886792452830182,9152000400.0
2023-11-23,7.95,8.04,8.05,7.92,21443464.0,188096264.0,1.387137452711218,0.10999999999999943,0.0023430357367554312,1.6393442622950918,9152000400.0
2023-11-24,8.06,8.18,8.25,8.04,28166034.0,252477756.0,1.7412935323383172,0.14000000000000057,0.0030775822518539224,2.6119402985074736,9152000400.0
2023-11-27,8.26,8.24,8.37,8.2,32703596.0,296873046.0,0.7334963325183352,0.0600000000000005,0.003573382273890635,2.078239608801955,9152000400.0
2023-11-28,8.24,8.29,8.3,8.16,19092073.0,172447838.0,0.6067961165048485,0.049999999999998934,0.002086109283823895,1.699029126213599,9152000400.0
2023-11-29,8.29,8.43,8.5,8.28,32484255.0,300749956.0,1.6887816646562248,0.14000000000000057,0.003549415819518539,2.6537997587454845,9152000400.0
2023-11-30,8.45,8.5,8.55,8.41,24293825.0,226527484.0,0.8303677342823335,0.07000000000000028,0.0026544825107306597,1.660735468564657,9152000400.0
2023-12-01,8.48,8.64,8.66,8.48,30996219.0,292495201.0,1.6470588235294237,0.14000000000000057,0.003386824480470958,2.1176470588235263,9152000400.0
2023-12-04,8.68,8.8,8.84,8.67,24723148.0,237635744.0,1.85185185185186,0.16000000000000014,0.0027013928015125525,1.9675925925925917,9152000400.0
2023-12-05,8.8,8.68,8.89,8.64,39174986.0,377241951.0,-1.363636363636378,-0.120000000000001,0.004280483423055794,2.840909090909091,9152000400.0
2023-12-06,8.65,8.8,8.82,8.56,28728035.0,274523568.0,1.382488479262678,0.120000000000001,0.0031389897010931076,2.9953917050691223,9152000400.0
2023-12-07,8.78,8.73,8.83,8.66,21840333.0,209348335.0,-0.7954545454545436,-0.07000000000000028,0.002386399917552451,1.9318181818181808,9152000400.0
2023-12-08,8.69,8.71,8.78,8.52,23663635.0,225885607.0,-0.22909507445589838,-0.019999999999999574,0.002585624340663272,2.978235967926687,9152000400.0
2023-12-11,8.67,8.87,8.91,8.56,35539037.0,342383362.0,1.8369690011480921,0.15999999999999837,0.0038831988031818704,4.018369690011476,9152000400.0
2023-12-12,8.84,8.9,8.93,8.78,24225501.0,235363582.0,0.33821871476888976,0.030000000000001137,0.0026470170390289756,1.6910935738444235,9152000400.0
2023-12-13,8.88,8.75,8.9,8.73,21833852.0,210678833.0,-1.6853932584269704,-0.15000000000000036,0.0023856917663596256,1.9101123595505607,9152000400.0
2023-12-14,8.77,8.71,8.81,8.63,17361593.0,166253788.0,-0.45714285714284486,-0.03999999999999915,0.0018970271242558076,2.057142857142854,9152000400.0
2023-12-15,8.72,8.66,8.76,8.58,18383639.0,174860532.0,-0.5740528128587941,-0.05000000000000071,0.0020087017260182814,2.0665901262916155,9152000400.0
2023-12-18,8.66,8.68,8.72,8.5,22151980.0,210485988.0,0.2309468822170757,0.019999999999999574,0.002420452254350863,2.540415704387998,9152000400.0
2023-12-19,8.73,8.62,8.73,8.56,19590265.0,185063436.0,-0.691244239631339,-0.0600000000000005,0.002140544596130044,1.958525345622119,9152000400.0
2023-12-20,8.62,8.58,8.75,8.55,27581610.0,261482485.0,-0.46403712296982924,-0.03999999999999915,0.0030137247371623804,2.32018561484918,9152000400.0
2023-12-21,8.52,8.59,8.64,8.48,20682831.0,194166151.0,0.11655011655011815,0.009999999999999787,0.002259924617136162,1.8648018648018665,9152000400.0
2023-12-22,8.67,8.7,8.83,8.61,27427749.0,263092534.0,1.2805587892898762,0.10999999999999943,0.0029969130027572987,2.5611175785797515,9152000400.0
2023-12-25,8.71,8.98,9.05,8.58,34352003.0,332480306.0,3.218390804597715,0.28000000000000114,0.0037534966672422786,5.40229885057472,9152000400.0
2023-12-26,8.97,9.04,9.42,8.92,58438763.0,589445749.0,0.6681514476614581,0.05999999999999872,0.006385354069696063,5.567928730512249,9152000400.0
2023-12-27,9.05,9.13,9.25,8.99,34015545.0,340261825.0,0.9955752212389646,0.09000000000000163,0.003716733338429487,2.8761061946902635,9152000400.0
2023-12-28,9.14,8.83,9.21,8.73,47503703.0,462697703.0,-3.2858707557502864,-0.3000000000000007,0.0051905267617776765,5.257393209200442,9152000400.0
2023-12-29,8.81,8.83,8.9,8.77,24617797.0,238926008.0,0.0,0.0,0.0026898815476450373,1.4722536806342104,9152000400.0
2024-01-02,8.86,9.22,9.32,8.83,49166627.0,494910885.0,4.416761041902606,0.39000000000000057,0.005372227365724329,5.549263873159685,9152000400.0
2024-01-03,9.2,9.35,9.44,9.04,41622665.0,425560667.0,1.4099783080260275,0.129999999999999,0.004547930854548477,4.338394793926251,9152000400.0
2024-01-04,9.34,9.56,9.59,9.28,41563739.0,430861077.0,2.2459893048128343,0.21000000000000085,0.004541492262172541,3.31550802139038,9152000400.0
2024-01-05,9.49,9.63,9.75,9.44,58434502.0,614539206.0,0.7322175732217495,0.07000000000000028,0.006384888488422706,3.2426778242677874,9152000400.0
2024-01-08,9.57,9.59,9.69,9.53,34484156.0,363186144.0,-0.41536863966771254,-0.040000000000000924,0.0037679364611915883,1.6614745586708217,9152000400.0
2024-01-09,9.52,9.72,9.84,9.5,41496416.0,440929259.0,1.355578727841511,0.13000000000000078,0.004534136165466077,3.54535974973931,9152000400.0
2024-01-10,9.73,9.64,9.83,9.59,32380986.0,343523882.0,-0.8230452674897082,-0.08000000000000007,0.003538132056899823,2.469135802469138,9152000400.0
2024-01-11,9.67,9.51,9.67,9.4,35830334.0,374687498.0,-1.34854771784233,-0.13000000000000078,0.003915027582385158,2.8008298755186676,9152000400.0
2024-01-12,9.5,9.63,9.66,9.48,17468271.0,183830199.0,1.2618296529968598,0.120000000000001,0.0019086833737463561,1.892744479495265,9152000400.0
2024-01-15,9.58,9.8,9.84,9.53,37790251.0,403847440.0,1.7653167185877505,0.16999999999999993,0.0041291793431302735,3.2191069574247195,9152000400.0
2024-01-16,9.79,9.84,9.97,9.71,30196733.0,325638584.0,0.40816326530610514,0.03999999999999915,0.0032994680594638087,2.6530612244897935,9152000400.0
2024-01-17,9.83,9.78,9.99,9.74,22502989.0,243781798.0,-0.6097560975609762,-0.0600000000000005,0.0024588055087934654,2.540650406504065,9152000400.0
2024-01-18,9.7,9.72,9.81,9.44,33234107.0,350904915.0,-0.6134969325153228,-0.05999999999999872,0.0036313489453081754,3.783231083844591,9152000400.0
2024-01-19,9.72,9.64,9.83,9.59,31920660.0,340070236.0,-0.8230452674897082,-0.08000000000000007,0.0034878342007065473,2.469135802469138,9152000400.0
2024-01-22,9.64,9.52,9.8,9.44,33094450.0,350977915.0,-1.2448132780083054,-0.120000000000001,0.0036160892213247717,3.7344398340249088,9152000400.0
2024-01-23,9.52,9.83,9.92,9.51,35689526.0,380937228.0,3.256302521008414,0.3100000000000005,0.0038996420935471115,4.306722689075632,9152000400.0
2024-01-24,9.77,10.02,10.05,9.72,41381606.0,450384132.0,1.9328585961342792,0.1899999999999995,0.004521591367063315,3.3570701932858604,9152000400.0
2024-01-25,10.1,11.02,11.02,10.08,91518403.0,1072506597.0,9.980039920159678,1.0,0.009999825065567087,9.381237524950095,9152000400.0
2024-01-26,10.95,11.07,11.31,10.83,69898659.0,845205649.0,0.45372050816696596,0.05000000000000071,0.007637527966017134,4.355716878402908,9152000400.0
2024-01-29,11.17,11.33,11.49,10.97,72778062.0,901644551.0,2.3486901535682003,0.2599999999999998,0.007952148035308216,4.697380307136401,9152000400.0
2024-01-30,11.21,10.93,11.26,10.87,42401118.0,512404468.0,-3.5304501323918824,-0.40000000000000036,0.00463298908946726,3.442188879082088,9152000400.0
2024-01-31,10.76,11.08,11.3,10.67,47143403.0,571691054.0,1.3723696248856498,0.15000000000000036,0.005151158319442381,5.763952424519678,9152000400.0
2024-02-01,11.01,10.77,11.05,10.67,44973696.0,533572787.0,-2.797833935018057,-0.3100000000000005,0.004914083701307531,3.4296028880866496,9152000400.0
2024-02-02,10.77,10.92,10.97,10.58,42851303.0,509969010.0,1.392757660167132,0.15000000000000036,0.0046821788818977765,3.621169916434546,9152000400.0
2024-02-05,10.88,11.34,11.39,10.8,56949445.0,695395431.0,3.8461538461538547,0.41999999999999993,0.006222622651983276,5.4029304029304015,9152000400.0
2024-02-06,11.23,10.99,11.28,10.81,49924227.0,603947425.0,-3.0864197530864113,-0.34999999999999964,0.005455007082386054,4.144620811287468,9152000400.0
2024-02-07,10.91,10.98,11.0,10.63,60483796.0,716423759.0,-0.09099181073702889,-0.009999999999999787,0.006608806092272461,3.366696997270238,9152000400.0
2024-02-08,11.01,10.88,11.01,10.67,41614581.0,493650133.0,-0.910746812386154,-0.09999999999999964,0.004547047550391279,3.0965391621129315,9152000400.0
2024-02-19,10.83,11.8,11.8,10.77,53276246.0,664472839.0,8.455882352941169,0.9199999999999999,0.005821267883685844,9.466911764705891,9152000400.0
2024-02-20,11.66,11.68,11.81,11.47,34873337.0,445646883.0,-1.016949152542379,-0.120000000000001,0.003810460607060288,2.8813559322033884,9152000400.0
2024-02-21,11.6,11.58,11.78,11.4,32807114.0,415468778.0,-0.8561643835616417,-0.09999999999999964,0.0035846932436759947,3.253424657534238,9152000400.0
2024-02-22,11.49,12.18,12.21,11.4,46701554.0,610910036.0,5.181347150259064,0.5999999999999996,0.005102879366132895,6.994818652849745,9152000400.0
2024-02-23,12.03,11.97,12.17,11.83,39340163.0,515480431.0,-1.724137931034475,-0.20999999999999908,0.004298531608455786,2.791461412151066,9152000400.0
2024-02-26,12.03,11.38,12.03,11.21,60966611.0,770574038.0,-4.9289891395154495,-0.5899999999999999,0.00666156122545624,6.850459482038416,9152000400.0
2024-02-27,11.27,11.31,11.51,11.18,35434429.0,439433966.0,-0.6151142355008798,-0.07000000000000028,0.0038717687337513663,2.899824253075572,9152000400.0
2024-02-28,11.26,11.45,11.58,10.98,60479390.0,748404576.0,1.2378426171529622,0.1399999999999988,0.006608324667468328,5.305039787798405,9152000400.0
2024-02-29,11.3,11.34,11.39,11.08,43392844.0,535103413.0,-0.9606986899563297,-0.10999999999999943,0.004741350754311593,2.7074235807860307,9152000400.0
2024-03-01,11.3,11.21,11.47,11.11,45744838.0,565887673.0,-1.146384479717799,-0.129999999999999,0.004998343094478012,3.1746031746031855,9152000400.0
2024-03-04,11.17,11.55,11.57,11.13,53075568.0,664948340.0,3.0330062444246186,0.33999999999999986,0.005799340655623223,3.925066904549505,9152000400.0
2024-03-05,11.53,11.48,11.8,11.33,39226743.0,496384612.0,-0.60606060606061,-0.07000000000000028,0.004286138689417015,4.069264069264075,9152000400.0
2024-03-06,11.49,11.59,11.95,11.44,44238908.0,566481781.0,0.9581881533101022,0.10999999999999943,0.004833796554466934,4.442508710801392,9152000400.0
2024-03-07,11.59,11.66,11.8,11.49,31021105.0,396643882.0,0.6039689387403069,0.07000000000000028,0.0033895436674150495,2.674719585849875,9152000400.0
2024-03-08,11.62,11.43,11.69,11.22,47157896.0,588857330.0,-1.9725557461406584,-0.23000000000000043,0.005152741907659882,4.030874785591757,9152000400.0
2024-03-11,11.3,10.97,11.39,10.83,65735232.0,796748221.0,-4.02449693788276,-0.4599999999999991,0.007182608077683213,4.899387576552935,9152000400.0
2024-03-12,10.87,10.56,10.97,10.48,46358851.0,541847626.0,-3.7374658158614404,-0.41000000000000014,0.005065433672839437,4.466727438468552,9152000400.0
2024-03-13,10.42,10.7,10.76,10.37,41773772.0,484891400.0,1.325757575757569,0.1399999999999988,0.004564441671134543,3.6931818181818232,9152000400.0
2024-03-14,10.6,10.96,11.14,10.55,39529121.0,472611543.0,2.4299065420560817,0.26000000000000156,0.004319178242168783,5.514018691588784,9152000400.0
2024-03-15,10.93,11.02,11.07,10.63,44157952.0,526354062.0,0.5474452554744325,0.05999999999999872,0.004824950838070331,4.014598540145981,9152000400.0
2024-03-18,10.86,10.96,11.11,10.77,30939060.0,372147202.0,-0.5444646098003547,-0.05999999999999872,0.0033805789606390314,3.085299455535389,9152000400.0
2024-03-19,10.89,11.14,11.39,10.87,36717236.0,450471391.0,1.642335766423364,0.17999999999999972,0.004011935576401417,4.744525547445268,9152000400.0
2024-03-20,11.06,10.77,11.08,10.69,64104331.0,762435013.0,-3.321364452423703,-0.370000000000001,0.007004406490192024,3.500897666068228,9152000400.0
2024-03-21,10.39,10.4,10.61,10.12,82784823.0,940205524.0,-3.435468895078919,-0.3699999999999992,0.00904554407580664,4.54967502321263,9152000400.0
2024-03-22,10.38,10.32,10.55,10.26,39732585.0,451511601.0,-0.7692307692307665,-0.08000000000000007,0.004341409884553764,2.788461538461547,9152000400.0
2024-03-25,10.17,10.27,10.46,10.04,34620008.0,391123266.0,-0.4844961240310197,-0.05000000000000071,0.003782780429074282,4.069767441860481,9152000400.0
2024-03-26,10.27,10.04,10.36,9.92,48233443.0,531355091.0,-2.2395326192794607,-0.23000000000000043,0.005270262335215807,4.2843232716650395,9152000400.0
2024-03-27,10.04,10.13,10.24,9.98,30238183.0,336801343.0,0.8964143426295035,0.09000000000000163,0.0033039971239511748,2.5896414342629464,9152000400.0
2024-03-28,10.05,10.17,10.25,10.03,23644135.0,263069103.0,0.39486673247777215,0.03999999999999915,0.0025834936589382144,2.1717670286278445,9152000400.0
2024-03-29,10.13,10.43,10.5,10.09,27566182.0,313802365.0,2.556538839724687,0.2599999999999998,0.0030120389854878067,4.031465093411998,9152000400.0
2024-04-01,10.43,10.36,10.43,10.03,29267416.0,330376693.0,-0.6711409395973145,-0.07000000000000028,0.0031979255595312255,3.835091083413235,9152000400.0
2024-04-02,10.35,10.36,10.51,10.24,22416634.0,255282064.0,0.0,0.0,0.002449369866723345,2.6061776061776025,9152000400.0
2024-04-03,10.37,10.74,10.8,10.36,33783575.0,393526178.0,3.6679536679536717,0.3800000000000008,0.0036913869671596606,4.247104247104259,9152000400.0
2024-04-08,10.58,10.63,10.87,10.56,32280603.0,379202627.0,-1.024208566107998,-0.10999999999999943,0.0035271636351764148,2.886405959031645,9152000400.0
2024-04-09,10.57,10.56,10.73,10.38,19515439.0,225322296.0,-0.6585136406397019,-0.07000000000000028,0.0021323686786552153,3.292568203198491,9152000400.0
2024-04-10,10.57,10.64,10.79,10.53,35855067.0,420582943.0,0.7575757575757569,0.08000000000000007,0.003917730051672638,2.46212121212121,9152000400.0
2024-04-11,10.57,10.82,11.0,10.52,30027035.0,355788349.0,1.6917293233082775,0.17999999999999972,0.003280925883700792,4.5112781954887256,9152000400.0
2024-04-12,10.81,10.78,10.97,10.73,21141213.0,250824899.0,-0.3696857670979714,-0.040000000000000924,0.0023100100607513084,2.2181146025878022,9152000400.0
2024-04-15,10.82,11.32,11.49,10.81,50391651.0,617917357.0,5.009276437847876,0.5400000000000009,0.0055060805067272504,6.307977736549162,9152000400.0
2024-04-16,11.28,11.39,11.63,11.17,48423294.0,607671184.0,0.6183745583038913,0.07000000000000028,0.005291006543225238,4.063604240282693,9152000400.0
2024-04-17,11.26,11.39,11.39,11.06,31506298.0,388675111.0,0.0,0.0,0.003442558634503556,2.897278314310799,9152000400.0
2024-04-18,11.32,11.36,11.59,11.2,31404769.0,391627033.0,-0.26338893766463256,-0.030000000000001137,0.0034314649942541525,3.42405618964004,9152000400.0
2024-04-19,11.36,11.4,11.57,11.27,25997397.0,325081933.0,0.35211267605634866,0.040000000000000924,0.0028406245480496264,2.6408450704225417,9152000400.0
2024-04-22,11.38,10.78,11.6,10.76,42483229.0,515972869.0,-5.4385964912280755,-0.620000000000001,0.004641961007781425,7.368421052631577,9152000400.0
2024-04-23,10.46,10.39,10.67,10.3,31434480.0,360837451.0,-3.6178107606678944,-0.3899999999999988,0.0034347113883430335,3.4322820037105686,9152000400.0
2024-04-24,10.39,10.25,10.41,10.16,27217834.0,306353173.0,-1.347449470644857,-0.14000000000000057,0.002973976487151377,2.4061597690086622,9152000400.0
2024-04-25,10.18,10.52,10.63,10.18,29414428.0,338287110.0,2.634146341463417,0.2699999999999996,0.0032139889329550293,4.3902439024390345,9152000400.0
2024-04-26,10.54,10.38,10.7,10.31,29193634.0,333958960.0,-1.330798479087436,-0.1399999999999988,0.0031898637154779844,3.707224334600749,9152000400.0
2024-04-29,10.35,10.45,10.56,10.15,37507182.0,427015496.0,0.674373795761074,0.06999999999999851,0.00409824960234923,3.949903660886321,9152000400.0
2024-04-30,10.39,10.72,10.88,10.39,35231882.0,415017598.0,2.583732057416288,0.27000000000000135,0.0038496372880403285,4.6889952153110075,9152000400.0
2024-05-06,10.71,10.88,10.93,10.37,44913528.0,525623032.0,1.4925373134328401,0.16000000000000014,0.0049075094008955685,5.22388059701493,9152000400.0
2024-05-07,10.83,11.08,11.09,10.81,30858962.0,371874341.0,1.8382352941176405,0.1999999999999993,0.0033718269942383306,2.5735294117647,9152000400.0
2024-05-08,11.08,11.29,11.45,11.04,32720011.0,405603035.0,1.8953068592057587,0.20999999999999908,0.0035751758708402154,3.700361010830326,9152000400.0
2024-05-09,11.3,11.17,11.41,11.14,21562500.0,265306736.0,-1.0628875110717417,-0.11999999999999922,0.0023560422921310186,2.3914968999114223,9152000400.0
2024-05-10,11.21,11.28,11.35,11.16,22958885.0,283746630.0,0.9847806624887934,0.10999999999999943,0.0025086193178050996,1.7009847806624845,9152000400.0
2024-05-13,11.27,11.17,11.31,10.99,21462600.0,262976327.0,-0.9751773049645363,-0.10999999999999943,0.002345126645754954,2.8368794326241162,9152000400.0
2024-05-14,11.26,10.9,11.26,10.72,30512864.0,363881029.0,-2.4171888988361645,-0.2699999999999996,0.0033340103437932544,4.834377797672329,9152000400.0
2024-05-15,10.87,11.04,11.21,10.84,18383320.0,222504855.0,1.284403669724754,0.1399999999999988,0.002008666870250574,3.394495412844046,9152000400.0
2024-05-16,11.0,10.97,11.18,10.92,18755501.0,227012593.0,-0.6340579710144789,-0.06999999999999851,0.0020493334987179415,2.3550724637681144,9152000400.0
2024-05-17,10.97,10.92,11.04,10.77,13481301.0,160695809.0,-0.45578851412945154,-0.05000000000000071,0.0014730441882410757,2.461257976298993,9152000400.0
2024-05-20,10.98,11.53,11.65,10.92,34476732.0,427764855.0,5.586080586080588,0.6099999999999994,0.0037671252724158534,6.684981684981689,9152000400.0
2024-05-21,11.51,11.49,11.6,11.3,20384782.0,255580243.0,-0.3469210754553309,-0.03999999999999915,0.0022273580757273567,2.601908065914995,9152000400.0
2024-05-22,11.54,11.45,11.7,11.4,24329053.0,308021957.0,-0.3481288076588429,-0.040000000000000924,0.002658331723849138,2.610966057441244,9152000400.0
2024-05-23,11.35,11.26,11.5,11.22,14499100.0,179806766.0,-1.6593886462882068,-0.1899999999999995,0.0015842547384504048,2.4454148471615667,9152000400.0
2024-05-24,11.26,11.29,11.52,11.22,16707553.0,208419747.0,0.2664298401420906,0.02999999999999936,0.0018255629665400802,2.6642984014209494,9152000400.0
2024-05-27,11.31,11.49,11.69,11.29,21566781.0,272468764.0,1.7714791851195955,0.20000000000000107,0.002356510058718966,3.5429583702391536,9152000400.0
2024-05-28,11.49,11.57,11.7,11.48,23126576.0,294208621.0,0.6962576153176636,0.08000000000000007,0.00252694219724903,1.9147084421235756,9152000400.0
2024-05-29,11.55,11.8,11.84,11.47,22566293.0,289773588.0,1.9878997407087429,0.23000000000000043,0.002465722466533109,3.197925669835775,9152000400.0
2024-05-30,11.7,11.92,12.14,11.7,46498100.0,609680528.0,1.0169491525423568,0.11999999999999922,0.005080648816405209,3.7288135593220444,9152000400.0
2024-05-31,12.03,12.11,12.44,11.92,38502228.0,513878335.0,1.593959731543615,0.1899999999999995,0.0042069740294154705,4.362416107382547,9152000400.0
2024-06-03,12.14,11.92,12.25,11.8,30290343.0,397795596.0,-1.568951279933939,-0.1899999999999995,0.00330969642440138,3.715937241948797,9152000400.0
2024-06-04,11.8,11.71,11.89,11.58,32535858.0,418091544.0,-1.7617449664429463,-0.20999999999999908,0.0035550542589574186,2.6006711409396015,9152000400.0
2024-06-05,11.76,11.54,11.86,11.5,24154452.0,308965315.0,-1.4517506404782332,-0.1700000000000017,0.002639253818214431,3.0742954739538804,9152000400.0
2024-06-06,11.53,11.81,11.97,11.53,26935650.0,348050366.0,2.3396880415944565,0.27000000000000135,0.002943143446540933,3.812824956672455,9152000400.0
2024-06-07,11.76,11.79,11.93,11.67,22803800.0,295103066.0,-0.16934801016089684,-0.02000000000000135,0.0024916738421471222,2.201524132091446,9152000400.0
2024-06-11,11.84,11.49,11.89,11.34,27563088.0,348197488.0,-2.5445292620865034,-0.29999999999999893,0.003011700917320764,4.664970313825282,9152000400.0
2024-06-12,11.52,12.05,12.13,11.45,27948387.0,362930526.0,4.8738033072236675,0.5600000000000005,0.003053800893627583,5.918189730200187,9152000400.0
2024-06-13,12.03,12.03,12.24,11.87,21100801.0,279050480.0,-0.16597510373445035,-0.02000000000000135,0.002305594414091153,3.070539419087145,9152000400.0
2024-06-14,11.95,11.83,12.11,11.74,26924375.0,351663828.0,-1.6625103906899308,-0.1999999999999993,0.002941911475440932,3.0756442227763863,9152000400.0
2024-06-17,11.8,11.39,11.85,11.34,24869493.0,314184285.0,-3.7193575655114053,-0.4399999999999995,0.0027173832946947862,4.311073541842771,9152000400.0
2024-06-18,11.44,11.49,11.55,11.34,16965389.0,213474643.0,0.8779631255487308,0.09999999999999964,0.0018537356051688983,1.843722563652334,9152000400.0
2024-06-19,11.47,11.52,11.66,11.45,18473754.0,233963104.0,0.26109660574411553,0.02999999999999936,0.0020185482072312844,1.8276762402088846,9152000400.0
2024-06-20,11.51,11.87,11.96,11.49,21929170.0,283998690.0,3.038194444444442,0.34999999999999964,0.002396106757163166,4.079861111111117,9152000400.0
2024-06-21,11.85,11.71,11.92,11.68,18282921.0,235935827.0,-1.3479359730412699,-0.15999999999999837,0.001997696700275494,2.021903959561923,9152000400.0
2024-06-24,11.68,11.4,11.77,11.33,20833486.0,261830342.0,-2.6473099914602893,-0.3100000000000005,0.002276386045612498,3.7574722459436334,9152000400.0
2024-06-25,11.48,11.43,11.52,11.3,15384435.0,192574128.0,0.2631578947368318,0.02999999999999936,0.0016809915130685527,1.9298245614034988,9152000400.0
2024-06-26,11.42,11.28,11.48,11.11,21171719.0,260585421.0,-1.3123359580052507,-0.15000000000000036,0.0023133433210951347,3.2370953630796238,9152000400.0
2024-06-27,11.2,11.1,11.35,11.01,23276610.0,285563054.0,-1.5957446808510634,-0.17999999999999972,0.002543335771707353,3.0141843971631195,9152000400.0
2024-06-28,11.1,11.38,11.43,11.03,25943736.0,320530191.0,2.522522522522541,0.28000000000000114,0.0028347612397394565,3.603603603603607,9152000400.0
2024-07-01,11.38,11.78,11.91,11.28,22993955.0,295581526.0,3.5149384885764468,0.3999999999999986,0.002512451266938319,5.5360281195079155,9152000400.0
2024-07-02,11.75,11.73,11.9,11.5,19878687.0,254828477.0,-0.4244482173174746,-0.049999999999998934,0.0021720592363610475,3.395585738539901,9152000400.0
2024-07-03,11.69,11.59,11.81,11.49,15310789.0,195224804.0,-1.1935208866155178,-0.14000000000000057,0.0016729445291545223,2.728047740835467,9152000400.0
2024-07-04,11.59,11.64,11.72,11.51,15016058.0,191320622.0,0.4314063848144922,0.05000000000000071,0.0016407405314361656,1.8119068162208873,9152000400.0
2024-07-05,11.59,11.51,11.66,11.32,15366420.0,193352465.0,-1.1168384879725157,-0.13000000000000078,0.001679023090951788,2.9209621993127133,9152000400.0
2024-07-08,11.52,11.53,11.61,11.33,15700539.0,197686904.0,0.17376194613378804,0.019999999999999574,0.0017155308472233022,2.4326672458731484,9152000400.0
2024-07-09,11.49,11.63,11.64,11.31,17651253.0,222580862.0,0.8673026886383495,0.10000000000000142,0.0019286770354599197,2.8620988725065057,9152000400.0
2024-07-10,11.55,11.06,11.57,10.87,31949440.0,389819174.0,-4.901117798796218,-0.5700000000000003,0.0034909788684012732,6.018916595012906,9152000400.0
2024-07-11,11.01,10.98,11.07,10.75,30409472.0,364383192.0,-0.7233273056057921,-0.08000000000000007,0.0033227131414898105,2.8933092224231487,9152000400.0
2024-07-12,10.98,10.75,11.1,10.57,31505574.0,372714613.0,-2.0947176684881663,-0.23000000000000043,0.003442479526115405,4.826958105646624,9152000400.0
2024-07-15,10.75,10.98,11.08,10.54,28253675.0,337670496.0,2.1395348837209394,0.23000000000000043,0.0030871584096521672,5.023255813953497,9152000400.0
2024-07-16,10.95,11.12,11.15,10.89,18559743.0,224612824.0,1.2750455373406133,0.1399999999999988,0.002027943858044412,2.367941712204005,9152000400.0
2024-07-17,11.12,10.88,11.13,10.73,20686341.0,246359125.0,-2.1582733812949506,-0.23999999999999844,0.0022603081398466724,3.5971223021582768,9152000400.0
2024-07-18,10.84,10.98,11.0,10.8,13521904.0,161706352.0,0.9191176470588092,0.09999999999999964,0.0014774807046555637,1.8382352941176405,9152000400.0
2024-07-19,10.97,10.93,11.01,10.81,12963857.0,155088521.0,-0.45537340619308253,-0.05000000000000071,0.0014165052921107826,1.8214936247723068,9152000400.0
2024-07-22,11.03,10.96,11.03,10.67,17712137.0,210855925.0,0.27447392497714773,0.030000000000001137,0.0019353295701341972,3.293687099725521,9152000400.0
2024-07-23,10.91,10.63,10.93,10.61,12648900.0,149541995.0,-3.0109489051094895,-0.33000000000000007,0.0013820912857477586,2.9197080291970825,9152000400.0
2024-07-24,10.63,10.78,10.85,10.56,15698910.0,184644141.0,1.4111006585136199,0.14999999999999858,0.0017153528533499628,2.7281279397930303,9152000400.0
2024-07-25,10.74,10.65,10.77,10.5,15108180.0,175940225.0,-1.2059369202226278,-0.129999999999999,0.0016508063089682558,2.504638218923929,9152000400.0
2024-07-26,10.63,10.81,10.91,10.6,15644921.0,184869391.0,1.5023474178403662,0.16000000000000014,0.00170945370588052,2.9107981220657324,9152000400.0
2024-07-29,10.79,10.94,10.96,10.71,12204573.0,145304213.0,1.2025901942645634,0.129999999999999,0.0013335415719605956,2.3126734505087883,9152000400.0
2024-07-30,10.89,10.56,10.94,10.51,16075360.0,187326869.0,-3.4734917733089454,-0.379999999999999,0.0017564859372165237,3.9305301645338186,9152000400.0
2024-07-31,10.63,10.89,10.93,10.49,23032801.0,272510541.0,3.125,0.33000000000000007,0.0025166958034660925,4.166666666666662,9152000400.0
2024-08-01,10.9,10.83,11.06,10.82,12361997.0,147865806.0,-0.5509641873278293,-0.0600000000000005,0.0013507426201598506,2.2038567493112966,9152000400.0
2024-08-02,10.81,10.89,10.95,10.66,10015555.0,118995084.0,0.5540166204986097,0.0600000000000005,0.001094356923323561,2.677746999076631,9152000400.0
2024-08-05,10.89,10.75,10.91,10.69,12916205.0,152522083.0,-1.2855831037649312,-0.14000000000000057,0.0014112985615691187,2.020202020202026,9152000400.0
2024-08-06,10.75,10.73,10.88,10.61,14987194.0,176440326.0,-0.18604651162790198,-0.019999999999999574,0.0016375866854201624,2.5116279069767566,9152000400.0
2024-08-07,10.68,11.21,11.31,10.67,27450281.0,334023061.0,4.473438956197584,0.4800000000000004,0.0029993749781741705,5.964585274930108,9152000400.0
2024-08-08,11.21,11.15,11.34,11.09,11799502.0,144672673.0,-0.535236396074934,-0.0600000000000005,0.0012892811936502974,2.230151650312221,9152000400.0
2024-08-09,11.15,11.35,11.41,11.08,14064220.0,174212158.0,1.7937219730941534,0.1999999999999993,0.0015367372580097351,2.9596412556053817,9152000400.0
2024-08-12,11.28,11.77,11.82,11.25,20211305.0,258076211.0,3.7004405286343633,0.41999999999999993,0.0022084029847725967,5.022026431718064,9152000400.0
2024-08-13,11.93,11.97,12.08,11.63,26308491.0,343331155.0,1.6992353440951735,0.20000000000000107,0.00287461646089963,3.8232795242140982,9152000400.0
2024-08-14,11.91,11.89,12.11,11.83,14113263.0,185405518.0,-0.6683375104427736,-0.08000000000000007,0.00154209597718112,2.339181286549702,9152000400.0
2024-08-15,11.91,12.2,12.32,11.86,15980178.0,213703380.0,2.607232968881412,0.3099999999999987,0.0017460858065521938,3.868797308662749,9152000400.0
2024-08-16,12.18,12.33,12.4,12.16,17241542.0,233345558.0,1.0655737704918122,0.13000000000000078,0.0018839096641647874,1.9672131147541003,9152000400.0
2024-08-19,12.36,12.32,12.47,12.26,23087240.0,312756187.0,-0.08110300081103361,-0.009999999999999787,0.002522644120513806,1.7031630170316372,9152000400.0
2024-08-20,12.36,12.09,12.4,12.02,19943942.0,255007748.0,-1.8668831168831224,-0.23000000000000043,0.002179189371538926,3.0844155844155905,9152000400.0
2024-08-21,12.21,12.14,12.21,11.79,20562554.0,259511867.0,0.41356492969397696,0.05000000000000071,0.002246782462990277,3.4739454094292945,9152000400.0
2024-08-22,12.13,12.13,12.33,12.02,15706193.0,201020810.0,-0.08237232289950436,-0.009999999999999787,0.0017161486356578393,2.5535420098846826,9152000400.0
2024-08-23,12.06,12.32,12.38,12.06,20097030.0,259152158.0,1.5663643858202736,0.1899999999999995,0.002195916643535112,2.638087386644685,9152000400.0
2024-08-26,12.42,12.7,12.76,12.25,26298311.0,347364263.0,3.0844155844155674,0.379999999999999,0.0028735041357734205,4.139610389610388,9152000400.0
2024-08-27,12.55,13.02,13.07,12.54,26450273.0,359920074.0,2.5196850393700787,0.3200000000000003,0.0028901083745582006,4.1732283464567015,9152000400.0
2024-08-28,12.85,12.89,13.09,12.82,16447487.0,223901239.0,-0.9984639016897057,-0.129999999999999,0.001797146665334499,2.0737327188940062,9152000400.0
2024-08-29,12.92,12.83,12.97,12.69,11266600.0,151742777.0,-0.4654771140419012,-0.0600000000000005,0.001231053267873546,2.172226532195509,9152000400.0
2024-08-30,12.76,12.61,12.9,12.45,20357207.0,270702624.0,-1.7147310989867548,-0.22000000000000064,0.0022243450732366663,3.5074045206547235,9152000400.0
2024-09-02,12.6,13.39,13.54,12.57,41361666.0,576760670.0,6.185567010309279,0.7800000000000011,0.004519412608417281,7.692307692307683,9152000400.0
2024-09-03,13.3,12.98,13.64,12.9,30729810.0,424070614.0,-3.0619865571321903,-0.41000000000000014,0.003357715106743221,5.526512322628829,9152000400.0
2024-09-04,12.83,12.75,12.94,12.67,19797601.0,266577442.0,-1.7719568567026278,-0.23000000000000043,0.0021631993154196103,2.080123266563941,9152000400.0
2024-09-05,12.74,12.57,12.92,12.42,20287091.0,268127593.0,-1.4117647058823457,-0.17999999999999972,0.002216683797347736,3.9215686274509802,9152000400.0
2024-09-06,12.6,12.6,12.87,12.57,15455110.0,206600706.0,0.23866348448686736,0.02999999999999936,0.001688713868500268,2.386634844868727,9152000400.0
2024-09-09,12.6,12.21,12.62,12.01,21760408.0,278842141.0,-3.0952380952380842,-0.3899999999999988,0.002377666854122952,4.8412698412698365,9152000400.0
2024-09-10,12.2,12.1,12.3,11.99,10918473.0,139280679.0,-0.9009009009009139,-0.11000000000000121,0.0011930149172633341,2.538902538902543,9152000400.0
2024-09-11,12.0,12.0,12.09,11.69,18517302.0,231657942.0,-0.8264462809917328,-0.09999999999999964,0.002023306511219121,3.305785123966945,9152000400.0
2024-09-12,12.04,12.17,12.28,11.95,14637862.0,186897375.0,1.416666666666666,0.16999999999999993,0.0015994166696059148,2.750000000000001,9152000400.0
2024-09-13,12.17,12.1,12.39,12.09,11744240.0,151069190.0,-0.5751848808545623,-0.07000000000000028,0.0012832429509072136,2.465078060805265,9152000400.0
2024-09-18,12.06,12.42,12.48,12.06,13540312.0,175654153.0,2.6446280991735627,0.3200000000000003,0.001479492068204018,3.4710743801652884,9152000400.0
2024-09-19,12.37,12.17,12.45,11.98,20345491.0,259865474.0,-2.012882447665054,-0.25,0.00222306491594996,3.784219001610297,9152000400.0
2024-09-20,12.19,12.29,12.36,12.07,15487927.0,199467183.0,0.9860312243221037,0.11999999999999922,0.0016922996419449457,2.382908792111743,9152000400.0
2024-09-23,12.26,12.59,12.81,12.22,20595171.0,272964378.0,2.4410089503661636,0.3000000000000007,0.0022503463832890566,4.800650935720096,9152000400.0
2024-09-24,12.69,13.13,13.21,12.48,34499869.0,467023675.0,4.28911834789516,0.5400000000000009,0.0037696533535990667,5.7982525814138235,9152000400.0
2024-09-25,13.34,13.28,13.73,13.17,26818714.0,377712651.0,1.1424219345011366,0.14999999999999858,0.002930366349197275,4.2650418888042685,9152000400.0
2024-09-26,13.26,13.51,13.55,13.1,22687723.0,317131365.0,1.731927710843384,0.23000000000000043,0.002478990604065096,3.388554216867478,9152000400.0
2024-09-27,13.62,13.31,13.65,13.2,15542543.0,218020129.0,-1.4803849000740166,-0.1999999999999993,0.0016982672990267789,3.330866025166551,9152000400.0
2024-09-30,13.38,14.02,14.26,12.83,90571184.0,1279778029.0,5.3343350864011985,0.7099999999999991,0.009896326490545171,10.743801652892559,9152000400.0
2024-10-08,15.11,13.84,15.13,13.43,81761643.0,1215247270.0,-1.2838801711840153,-0.17999999999999972,0.008933745566706924,12.125534950071334,9152000400.0
2024-10-09,13.55,12.87,13.55,12.71,48097662.0,657878860.0,-7.008670520231219,-0.9700000000000006,0.005255426125199907,6.06936416184971,9152000400.0
2024-10-10,12.83,13.5,13.88,12.78,65817258.0,933975824.0,4.895104895104896,0.6300000000000008,0.007191570708410371,8.547008547008557,9152000400.0
2024-10-11,13.61,13.19,13.75,13.05,40678051.0,570908364.0,-2.2962962962962963,-0.3100000000000005,0.004444716916751883,5.18518518518518,9152000400.0
2024-10-14,13.26,13.58,13.79,13.0,37502554.0,532946368.0,2.9567854435178287,0.39000000000000057,0.00409774392055315,5.989385898407878,9152000400.0
2024-10-15,13.47,13.17,13.5,13.17,22320925.0,312487942.0,-3.0191458026509577,-0.41000000000000014,0.0024389121530195737,2.4300441826215025,9152000400.0
2024-10-16,13.12,13.13,13.31,12.93,18186415.0,251772914.0,-0.3037205770690887,-0.03999999999999915,0.001987151901785319,2.885345482156422,9152000400.0
2024-10-17,13.21,13.0,13.53,12.99,18932352.0,263883476.0,-0.990099009900991,-0.13000000000000078,0.002068657252244001,4.112718964204106,9152000400.0
2024-10-18,13.0,13.28,13.46,12.88,25747877.0,356853343.0,2.1538461538461506,0.27999999999999936,0.0028133605632272483,4.461538461538462,9152000400.0
2024-10-21,13.29,12.92,13.34,12.77,44818006.0,610149499.0,-2.7108433734939763,-0.35999999999999943,0.004897072119883212,4.2921686746987975,9152000400.0
2024-10-22,12.81,12.86,12.97,12.77,24568660.0,332332941.0,-0.4643962848297267,-0.0600000000000005,0.0026845125574950805,1.5479876160990795,9152000400.0
2024-10-23,12.9,12.79,12.99,12.75,23457651.0,310835027.0,-0.5443234836702948,-0.07000000000000028,0.002563117348639976,1.8662519440124437,9152000400.0
2024-10-24,12.83,12.96,13.16,12.77,32526804.0,436204029.0,1.3291634089132254,0.1700000000000017,0.0035540649670426153,3.0492572322126708,9152000400.0
2024-10-25,13.01,12.96,13.18,12.85,23918136.0,321561679.0,0.0,0.0,0.0026134325780842404,2.5462962962962967,9152000400.0
2024-10-28,12.97,13.1,13.12,12.8,24391663.0,327491593.0,1.0802469135802406,0.1399999999999988,0.0026651728511725152,2.469135802469124,9152000400.0
2024-10-29,13.06,12.73,13.23,12.72,30004201.0,400785676.0,-2.8244274809160252,-0.3699999999999992,0.003278430910033614,3.893129770992365,9152000400.0
2024-10-30,12.74,12.6,12.83,12.47,25059703.0,326261273.0,-1.0212097407698462,-0.13000000000000078,0.0027381667291011044,2.827965435978,9152000400.0
2024-10-31,12.59,12.49,12.62,12.38,30025864.0,387549429.0,-0.8730158730158699,-0.10999999999999943,0.0032807979335315587,1.9047619047618924,9152000400.0
2024-11-01,12.5,12.74,12.85,12.47,33932448.0,446408987.0,2.001601281024823,0.25,0.0037076536841060452,3.042433947157718,9152000400.0
2024-11-04,12.77,12.73,12.78,12.51,19649012.0,257182957.0,-0.07849293563578774,-0.009999999999999787,0.0021469636299404006,2.1193092621664014,9152000400.0
2024-11-05,12.76,12.75,12.78,12.56,31337667.0,410078815.0,0.15710919088767206,0.019999999999999574,0.0034241330452739055,1.7282010997643273,9152000400.0
2024-11-06,12.74,12.5,12.74,12.47,41448536.0,539143891.0,-1.9607843137254943,-0.25,0.004528904522338089,2.1176470588235263,9152000400.0
2024-11-07,12.45,12.63,12.63,12.28,40733930.0,528021374.0,1.0399999999999965,0.13000000000000078,0.004450822576450062,2.8000000000000114,9152000400.0
2024-11-08,12.65,12.46,12.78,12.42,40964843.0,532647128.0,-1.3460015835312755,-0.16999999999999993,0.004476053453843817,2.8503562945368124,9152000400.0
2024-11-11,12.43,12.24,12.43,12.11,33584291.0,423703398.0,-1.765650080256831,-0.22000000000000064,0.0036696120555239488,2.5682182985553794,9152000400.0
2024-11-12,12.24,12.06,12.29,12.0,40532437.0,508509967.0,-1.4705882352941124,-0.17999999999999972,0.004428806296817907,2.369281045751627,9152000400.0
2024-11-13,12.04,12.21,12.33,11.99,31171174.0,393765879.0,1.243781094527363,0.15000000000000036,0.0034059410661739045,2.8192371475953553,9152000400.0
2024-11-14,12.21,12.18,12.45,12.12,33013394.0,421413380.0,-0.24570024570025328,-0.030000000000001137,0.0036072325783552193,2.702702702702703,9152000400.0
2024-11-15,12.21,12.34,12.45,12.06,37042270.0,472893387.0,1.3136288998357948,0.16000000000000014,0.004047450653520513,3.2019704433497433,9152000400.0
2024-11-18,12.41,12.61,12.98,12.37,72961235.0,959146170.0,2.1880064829821633,0.2699999999999996,0.007972162566776112,4.943273905996769,9152000400.0
2024-11-19,12.58,12.49,12.62,12.33,37235390.0,479723213.0,-0.9516256938937317,-0.11999999999999922,0.004068552051199648,2.2997620935765197,9152000400.0
2024-11-20,12.45,12.57,12.64,12.39,23153016.0,299781559.0,0.6405124099279513,0.08000000000000007,0.002529831183136749,2.00160128102482,9152000400.0
2024-11-21,12.52,12.73,12.83,12.5,29188998.0,384360208.0,1.2728719172633296,0.16000000000000014,0.0031893571595560683,2.625298329355609,9152000400.0
2024-11-22,12.73,12.32,12.87,12.32,27271701.0,353020939.0,-3.2207384131971772,-0.41000000000000014,0.0029798623042018224,4.3205027494108315,9152000400.0
2024-11-25,12.34,12.36,12.6,12.3,25852901.0,332783443.0,0.32467532467532756,0.03999999999999915,0.00282483608720122,2.4350649350649265,9152000400.0
2024-11-26,12.39,12.27,12.43,12.21,14095269.0,179353917.0,-0.7281553398058249,-0.08999999999999986,0.0015401298496446744,1.7799352750808972,9152000400.0
2024-11-27,12.23,12.3,12.36,12.1,18430519.0,233864570.0,0.24449877750611915,0.030000000000001137,0.0020138241034167786,2.118989405052973,9152000400.0
2024-11-28,12.25,12.14,12.35,12.06,18212576.0,229988233.0,-1.3008130081300862,-0.16000000000000014,0.0019900104025345105,2.357723577235765,9152000400.0
2024-11-29,12.14,12.04,12.21,11.98,27991102.0,350037423.0,-0.8237232289950658,-0.10000000000000142,0.0030584681792627543,1.894563426688636,9152000400.0
2024-12-02,12.04,12.04,12.06,11.81,32365403.0,399650592.0,0.0,0.0,0.0035364293690371778,2.0764119601328903,9152000400.0
2024-12-03,12.03,12.23,12.25,11.97,31375107.0,395734873.0,1.5780730897010153,0.19000000000000128,0.003428223954186016,2.325581395348832,9152000400.0
2024-12-04,12.23,12.66,12.7,12.19,42396110.0,549938015.0,3.515944399018811,0.4299999999999997,0.004632441886693974,4.170073589533931,9152000400.0
2024-12-05,12.62,12.62,12.67,12.49,18918501.0,246553709.0,-0.3159557661927437,-0.040000000000000924,0.0020671438126248333,1.4218009478672962,9152000400.0
2024-12-06,12.61,12.56,12.76,12.51,21277700.0,277596364.0,-0.47543581616480424,-0.05999999999999872,0.0023249234123722284,1.9809825673534076,9152000400.0
2024-12-09,12.56,12.65,12.69,12.35,19574645.0,254898169.0,0.7165605095541316,0.08999999999999986,0.002138837865435408,2.7070063694267503,9152000400.0
2024-12-10,12.84,12.48,12.84,12.43,25232762.0,327974478.0,-1.3438735177865646,-0.16999999999999993,0.0027570761469809376,3.2411067193675898,9152000400.0
2024-12-11,12.44,12.72,12.75,12.41,27136159.0,354772653.0,1.9230769230769162,0.2400000000000002,0.0029650522086952704,2.724358974358973,9152000400.0
2024-12-12,12.71,12.66,12.78,12.61,20272460.0,265892720.0,-0.4716981132075526,-0.0600000000000005,0.0022150851304595658,1.336477987421383,9152000400.0
2024-12-13,12.65,12.2,12.66,12.2,29898741.0,382349087.0,-3.6334913112164413,-0.46000000000000085,0.0032669077462015843,3.6334913112164364,9152000400.0
2024-12-16,12.21,12.14,12.34,12.1,23927270.0,301832982.0,-0.4918032786885185,-0.05999999999999872,0.0026144306112574033,1.9672131147541003,9152000400.0
2024-12-17,12.14,12.15,12.42,12.14,24349071.0,309236072.0,0.08237232289949326,0.009999999999999787,0.0026605190052220716,2.306425041186156,9152000400.0
2024-12-18,12.19,12.26,12.39,12.14,23762271.0,302203533.0,0.9053497942386857,0.10999999999999943,0.002596401875157261,2.05761316872428,9152000400.0
2024-12-19,12.18,12.0,12.27,11.97,22888801.0,286081453.0,-2.1207177814029365,-0.2599999999999998,0.0025009615384195133,2.446982055464918,9152000400.0
2024-12-20,11.98,11.5,12.05,11.5,49394368.0,594556161.0,-4.1666666666666625,-0.5,0.0053971116522241415,4.583333333333339,9152000400.0
2024-12-23,11.47,11.46,11.63,11.43,25133915.0,299524191.0,-0.3478260869565153,-0.03999999999999915,0.0027462755574180265,1.7391304347826182,9152000400.0
2024-12-24,11.46,11.5,11.54,11.32,41891201.0,494331617.0,0.3490401396160525,0.03999999999999915,0.004577272636482839,1.9197207678882973,9152000400.0
2024-12-25,11.5,11.84,11.88,11.36,51816339.0,625974008.0,2.9565217391304355,0.33999999999999986,0.005661750080343091,4.521739130434795,9152000400.0
2024-12-26,11.79,11.59,11.91,11.57,35238943.0,426727895.0,-2.1114864864864913,-0.25,0.0038504088133562583,2.8716216216216206,9152000400.0
2024-12-27,11.58,11.45,11.63,11.33,29791795.0,352083370.0,-1.2079378774805916,-0.14000000000000057,0.0032552222134955328,2.588438308886978,9152000400.0
2024-12-30,11.45,11.69,11.76,11.45,32516002.0,392714381.0,2.0960698689956425,0.2400000000000002,0.0035528846786326627,2.7074235807860307,9152000400.0
2024-12-31,11.73,11.77,11.92,11.65,38227817.0,467553134.0,0.6843455945252375,0.08000000000000007,0.004176990311320353,2.3096663815226655,9152000400.0
2025-01-02,11.78,11.53,11.88,11.46,31741010.0,383307420.0,-2.039082412914195,-0.2400000000000002,0.0034682046124036446,3.5683942225998293,9152000400.0
2025-01-03,11.52,11.57,11.71,11.46,24777830.0,297608062.0,0.3469210754553309,0.040000000000000924,0.002707367670132532,2.168256721595837,9152000400.0
2025-01-06,11.53,11.5,11.63,11.31,24899066.0,294979519.0,-0.6050129645635338,-0.07000000000000028,0.002720614610112998,2.7657735522904088,9152000400.0
2025-01-07,11.48,11.17,11.51,11.08,39896176.0,461969052.0,-2.869565217391301,-0.33000000000000007,0.004359284774506784,3.7391304347826058,9152000400.0
2025-01-08,11.16,11.26,11.35,11.1,29857291.0,347025711.0,0.8057296329453845,0.08999999999999986,0.0032623786817142183,2.2381378692927485,9152000400.0
2025-01-09,11.22,10.89,11.24,10.86,29608349.0,336504233.0,-3.285968028419173,-0.3699999999999992,0.0032351778524834854,3.3747779751332216,9152000400.0
2025-01-10,10.87,10.97,11.08,10.84,22889560.0,260308462.0,0.7346189164370909,0.08000000000000007,0.0025010444711081963,2.2038567493112966,9152000400.0
2025-01-13,10.92,10.89,11.09,10.86,20040989.0,227084002.0,-0.7292616226071136,-0.08000000000000007,0.0021897932827887553,2.096627164995446,9152000400.0
2025-01-14,10.95,11.06,11.06,10.87,19309784.0,219592533.0,1.5610651974288237,0.16999999999999993,0.0021098976350569214,1.74471992653812,9152000400.0
2025-01-15,11.04,11.04,11.27,11.01,18508545.0,212790511.0,-0.1808318264014619,-0.02000000000000135,0.002022349671225976,2.3508137432188043,9152000400.0
2025-01-16,11.1,11.12,11.25,11.04,18096630.0,208663296.0,0.7246376811594235,0.08000000000000007,0.0019773414782630473,1.902173913043486,9152000400.0
2025-01-17,11.11,11.15,11.2,11.03,15573301.0,179417682.0,0.26978417266187993,0.030000000000001137,0.0017016280943344365,1.5287769784172658,9152000400.0
2025-01-20,11.2,10.94,11.2,10.93,21257501.0,242460966.0,-1.8834080717488821,-0.21000000000000085,0.002322716353902257,2.421524663677126,9152000400.0
2025-01-21,10.99,10.76,11.0,10.71,24389120.0,271918617.0,-1.645338208409508,-0.17999999999999972,0.0026648949884224217,2.6508226691041967,9152000400.0
2025-01-22,10.76,10.68,10.77,10.55,18485966.0,203575188.0,-0.743494423791824,-0.08000000000000007,0.002019882560319818,2.044609665427499,9152000400.0
2025-01-23,10.71,10.82,10.87,10.71,20036065.0,224007406.0,1.310861423220988,0.14000000000000057,0.002189255258336746,1.4981273408239548,9152000400.0
2025-01-24,10.86,10.9,11.06,10.76,21160987.0,239102008.0,0.7393715341959428,0.08000000000000007,0.0023121706812862463,2.772643253234757,9152000400.0
2025-01-27,10.9,11.07,11.14,10.9,19106500.0,218961513.0,1.559633027522933,0.16999999999999993,0.002087685660503249,2.201834862385323,9152000400.0
2025-02-05,11.09,10.85,11.11,10.73,17861287.0,200146241.0,-1.9873532068654054,-0.22000000000000064,0.0019516265536876506,3.432700993676594,9152000400.0
2025-02-06,10.82,10.84,10.87,10.73,15561600.0,173893769.0,-0.09216589861751334,-0.009999999999999787,0.0017003495760336725,1.2903225806451502,9152000400.0
2025-02-07,10.84,10.91,10.95,10.77,18983178.0,213898061.0,0.6457564575645725,0.07000000000000028,0.0020742107922110667,1.660516605166049,9152000400.0
2025-02-10,10.93,10.77,10.94,10.76,21225338.0,237473491.0,-1.2832263978001857,-0.14000000000000057,0.002319202040244666,1.649862511457376,9152000400.0
2025-02-11,10.78,10.71,10.88,10.68,19225621.0,213785584.0,-0.557103064066844,-0.05999999999999872,0.002100701503465843,1.8570102135561846,9152000400.0
2025-02-12,10.7,10.6,10.75,10.53,27321618.0,299664506.0,-1.0270774976657404,-0.11000000000000121,0.0029853165216207813,2.054154995331472,9152000400.0
2025-02-13,10.59,10.56,10.7,10.55,21727220.0,238786049.0,-0.37735849056602655,-0.03999999999999915,0.002374040543092634,1.415094339622628,9152000400.0
2025-02-14,10.56,10.45,10.57,10.38,28531399.0,308766132.0,-1.041666666666674,-0.11000000000000121,0.0031175041251090855,1.7992424242424194,9152000400.0
2025-02-17,10.42,10.38,10.46,10.32,23467859.0,251977926.0,-0.6698564593301315,-0.06999999999999851,0.0025642327332066114,1.3397129186602927,9152000400.0
2025-02-18,10.35,10.26,10.43,10.22,26659631.0,285250171.0,-1.1560693641618602,-0.120000000000001,0.002912984029152796,2.023121387283228,9152000400.0
2025-02-19,10.22,10.12,10.25,10.08,34017732.0,357066093.0,-1.3645224171540016,-0.14000000000000057,0.003716972302579882,1.6569200779727087,9152000400.0
2025-02-20,10.09,10.18,10.19,10.02,20861274.0,218775976.0,0.5928853754940677,0.0600000000000005,0.0022794223217035697,1.679841897233201,9152000400.0
2025-02-21,10.17,10.02,10.21,9.98,29604542.0,307696686.0,-1.5717092337917515,-0.16000000000000014,0.0032347618778513164,2.259332023575643,9152000400.0
2025-02-24,9.92,9.99,10.06,9.86,39557051.0,407090626.0,-0.29940119760478723,-0.02999999999999936,0.004322230033993442,1.996007984031947,9152000400.0
2025-02-25,9.95,9.94,10.16,9.86,47878480.0,497098124.0,-0.5005005005005114,-0.05000000000000071,0.0052314770440788005,3.00300300300301,9152000400.0
2025-02-26,9.95,9.96,10.12,9.86,33651871.0,346770888.0,0.201207243460777,0.02000000000000135,0.003676996233522892,2.6156941649899377,9152000400.0
2025-02-27,9.95,9.94,9.97,9.86,32161902.0,329731259.0,-0.20080321285141922,-0.02000000000000135,0.0035141936838202063,1.1044176706827429,9152000400.0
2025-02-28,9.94,9.78,10.01,9.78,39889097.0,408310487.0,-1.6096579476861161,-0.16000000000000014,0.004358511282407724,2.313883299798797,9152000400.0
2025-03-03,9.79,9.86,9.9,9.74,36827240.0,374395163.0,0.8179959100204526,0.08000000000000007,0.00402395524370825,1.6359918200409014,9152000400.0
2025-03-04,9.82,9.66,9.84,9.63,40475465.0,405694546.0,-2.0283975659229125,-0.1999999999999993,0.0044225812096773945,2.1298174442190576,9152000400.0
2025-03-05,9.67,9.56,9.67,9.47,41643901.0,411315803.0,-1.0351966873705987,-0.09999999999999964,0.004550251221579929,2.0703933747411933,9152000400.0
2025-03-06,9.56,9.6,9.62,9.44,34004381.0,336951610.0,0.4184100418409997,0.03999999999999915,0.003715513495825459,1.8828451882845159,9152000400.0
2025-03-07,9.59,9.69,9.8,9.54,43027195.0,432077113.0,0.9374999999999911,0.08999999999999986,0.004701397849589255,2.70833333333335,9152000400.0
2025-03-10,9.68,9.88,9.89,9.68,34279108.0,348995129.0,1.9607843137255054,0.19000000000000128,0.0037455317418910953,2.1671826625387087,9152000400.0
2025-03-11,9.87,9.84,9.95,9.77,29848632.0,303958812.0,-0.4048582995951455,-0.040000000000000924,0.0032614325497625635,1.8218623481781346,9152000400.0
2025-03-12,9.83,9.73,9.85,9.72,21623800.0,218383974.0,-1.1178861788617822,-0.10999999999999943,0.002362740281348764,1.3211382113821037,9152000400.0
2025-03-13,9.76,10.1,10.2,9.73,76358873.0,793950592.0,3.802672147995878,0.3699999999999992,0.008343407961389512,4.830421377183955,9152000400.0
2025-03-14,10.06,10.03,10.15,9.98,49120931.0,509541309.0,-0.6930693069306937,-0.07000000000000028,0.005367234358949547,1.6831683168316827,9152000400.0
2025-03-17,10.05,9.98,10.1,9.96,37297311.0,386087236.0,-0.49850448654036317,-0.049999999999998934,0.004075317894435407,1.3958125623130488,9152000400.0
2025-03-18,9.97,9.91,10.01,9.87,39454778.0,404445167.0,-0.7014028056112287,-0.07000000000000028,0.004311055100041298,1.4028056112224505,9152000400.0
2025-03-19,9.89,9.88,9.91,9.8,37953500.0,387365829.0,-0.3027245206861706,-0.02999999999999936,0.004147016864203808,1.109989909182638,9152000400.0
2025-03-20,9.87,9.96,10.03,9.87,40286500.0,416074037.0,0.809716599190291,0.08000000000000007,0.004401933811104292,1.6194331983805683,9152000400.0
2025-03-21,9.91,9.89,10.04,9.88,36293700.0,373144238.0,-0.7028112449799173,-0.07000000000000028,0.0039656576063960836,1.6064257028112285,9152000400.0
2025-03-24,10.04,10.06,10.27,9.99,62553207.0,653736301.0,1.7189079878665359,0.16999999999999993,0.006834921794802369,2.8311425682507516,9152000400.0
2025-03-25,10.13,10.14,10.22,10.02,48681434.0,510156143.0,0.7952286282306265,0.08000000000000007,0.005319212398635822,1.9880715705765513,9152000400.0
2025-03-26,10.14,10.15,10.2,10.04,44192375.0,463772149.0,0.09861932938854956,0.009999999999999787,0.00482871209227657,1.577909270216964,9152000400.0
2025-03-27,10.12,10.04,10.19,9.98,34743096.0,361078918.0,-1.0837438423645485,-0.11000000000000121,0.0037962297291857638,2.06896551724137,9152000400.0
2025-03-28,10.01,9.78,10.03,9.76,41055100.0,418175275.0,-2.589641434262946,-0.2599999999999998,0.0044859154507904085,2.689243027888442,9152000400.0
2025-03-31,9.75,9.7,9.84,9.65,35391352.0,356406837.0,-0.8179959100204526,-0.08000000000000007,0.00386706189392212,1.9427402862985634,9152000400.0
2025-04-01,9.73,9.93,9.94,9.72,36538594.0,372988391.0,2.3711340206185705,0.23000000000000043,0.003992416127953841,2.2680412371133905,9152000400.0
2025-04-02,9.91,9.96,10.03,9.85,22054952.0,227374312.0,0.30211480362538623,0.030000000000001137,0.0024098504191498943,1.812688821752263,9152000400.0
2025-04-03,9.91,10.05,10.08,9.88,28793594.0,297982078.0,0.9036144578313143,0.08999999999999986,0.003146153053052751,2.0080321285140488,9152000400.0
2025-04-07,9.68,9.4,9.74,9.1,58108602.0,566666143.0,-6.467661691542292,-0.6500000000000004,0.006349278787181871,6.368159203980104,9152000400.0
2025-04-08,9.28,9.72,9.75,9.28,47709831.0,473254750.0,3.404255319148941,0.3200000000000003,0.005213049488066019,5.000000000000006,9152000400.0
2025-04-09,9.7,9.61,9.7,9.37,43624901.0,430343831.0,-1.1316872427983626,-0.11000000000000121,0.004766706631699885,3.395061728395062,9152000400.0
2025-04-10,9.76,9.73,9.78,9.54,34454164.0,344807995.0,1.248699271592102,0.120000000000001,0.00376465936343272,2.4973985431841856,9152000400.0
2025-04-11,9.75,9.54,9.75,9.48,36938226.0,365173275.0,-1.9527235354573569,-0.19000000000000128,0.004036082209961442,2.7749229188078064,9152000400.0
2025-04-14,9.53,9.94,9.97,9.53,52109497.0,529281427.0,4.192872117400426,0.40000000000000036,0.00569378220306896,4.612159329140475,9152000400.0
2025-04-15,9.94,10.1,10.11,9.83,42248106.0,437147162.0,1.6096579476861272,0.16000000000000014,0.004616270121666516,2.8169014084506983,9152000400.0
2025-04-16,10.12,10.24,10.24,10.04,36143674.0,379784740.0,1.3861386138613874,0.14000000000000057,0.003949264906063597,1.980198019801991,9152000400.0
2025-04-17,10.22,10.19,10.28,10.1,22480352.0,236959697.0,-0.4882812500000111,-0.05000000000000071,0.0024563320604749973,1.7578124999999973,9152000400.0
2025-04-18,10.19,10.19,10.21,10.07,19042000.0,199947291.0,0.0,0.0,0.0020806380209511355,1.3738959764475032,9152000400.0
2025-04-21,10.15,9.99,10.21,9.91,33988707.0,352009058.0,-1.9627085377821318,-0.1999999999999993,0.0037138008647814307,2.944062806673216,9152000400.0
2025-04-22,10.0,10.02,10.17,9.95,22973302.0,239623091.0,0.30030030030030463,0.02999999999999936,0.002510194601827159,2.2022022022022085,9152000400.0
2025-04-23,10.02,10.14,10.16,9.97,22993661.0,239985965.0,1.1976047904191711,0.120000000000001,0.0025124191428138485,1.8962075848303346,9152000400.0
2025-04-24,10.14,10.25,10.32,10.05,27670242.0,293681553.0,1.0848126232741562,0.10999999999999943,0.00302340917729855,2.6627218934911197,9152000400.0
2025-04-25,10.29,10.09,10.29,10.06,24821416.0,259622380.0,-1.560975609756099,-0.16000000000000014,0.002712130126218089,2.243902439024377,9152000400.0
2025-04-28,9.94,9.93,9.98,9.63,43069545.0,436635079.0,-1.5857284440039643,-0.16000000000000014,0.004706025253233162,3.4687809712586684,9152000400.0
2025-04-29,9.92,9.86,9.99,9.83,21690638.0,221627273.0,-0.7049345417925457,-0.07000000000000028,0.0023700433841764255,1.6112789526686822,9152000400.0
2025-04-30,9.84,9.8,9.88,9.76,20277023.0,205699399.0,-0.6085192697768638,-0.05999999999999872,0.0022155837099832295,1.2170385395537628,9152000400.0
2025-05-06,9.79,9.7,9.83,9.66,38316412.0,384615418.0,-1.0204081632653184,-0.10000000000000142,0.004186670708624532,1.7346938775510197,9152000400.0
2025-05-07,9.79,9.91,9.92,9.73,40531180.0,412636145.0,2.164948453608262,0.21000000000000085,0.004428668949795937,1.9587628865979332,9152000400.0
2025-05-08,9.89,9.8,9.9,9.75,22613974.0,229619294.0,-1.1099899091826404,-0.10999999999999943,0.002470932365780928,1.5136226034308815,9152000400.0
2025-05-09,9.8,9.81,9.84,9.77,18841434.0,191237564.0,0.10204081632652073,0.009999999999999787,0.0020587230306502173,0.7142857142857171,9152000400.0
2025-05-12,9.91,9.81,9.94,9.75,24211885.0,245307245.0,0.0,0.0,0.002645529276856238,1.9367991845056012,9152000400.0
2025-05-13,9.83,9.94,9.98,9.81,33351461.0,341533450.0,1.3251783893985625,0.129999999999999,0.0036441717157267607,1.7329255861365946,9152000400.0
2025-05-14,9.94,10.34,10.34,9.88,51541382.0,544094942.0,4.024144869215296,0.40000000000000036,0.005631706703159672,4.627766599597576,9152000400.0
2025-05-15,10.31,10.37,10.51,10.24,43648224.0,470582110.0,0.29013539651836506,0.02999999999999936,0.004769255036308783,2.611218568665373,9152000400.0
2025-05-16,10.31,10.18,10.44,10.12,24990400.0,263983366.0,-1.8322082931533257,-0.1899999999999995,0.00273059428625025,3.0858244937319217,9152000400.0
2025-05-19,10.16,10.15,10.26,10.12,21838727.0,229984118.0,-0.29469548133594925,-0.02999999999999936,0.00238622443679089,1.3752455795677856,9152000400.0
2025-05-20,10.18,10.16,10.26,10.08,18249201.0,191891669.0,0.09852216748769127,0.009999999999999787,0.0019940122598770867,1.773399014778322,9152000400.0
2025-05-21,10.17,10.44,10.56,10.13,41391027.0,446770689.0,2.7559055118110187,0.27999999999999936,0.004522620759500841,4.232283464566926,9152000400.0
2025-05-22,10.4,10.6,10.63,10.38,43347032.0,473867377.0,1.5325670498084198,0.16000000000000014,0.004736345072712191,2.3946360153256707,9152000400.0
2025-05-23,10.6,10.46,10.77,10.43,30973600.0,338714713.0,-1.3207547169811207,-0.1399999999999988,0.0033843529989356206,3.207547169811319,9152000400.0
2025-05-26,10.4,10.41,10.58,10.35,21699078.0,234760689.0,-0.47801147227534146,-0.05000000000000071,0.0023709655869333223,2.198852772466543,9152000400.0
2025-05-27,10.41,10.32,10.46,10.26,15366030.0,164468220.0,-0.8645533141210415,-0.08999999999999986,0.0016789804773172869,1.921229586935649,9152000400.0
2025-05-28,10.32,10.38,10.53,10.25,18107908.0,195224070.0,0.5813953488372103,0.0600000000000005,0.001978573777160237,2.713178294573637,9152000400.0
2025-05-29,10.36,10.4,10.56,10.33,19106906.0,206415197.0,0.19267822736031004,0.019999999999999574,0.0020877300223894222,2.215799614643549,9152000400.0
2025-05-30,10.39,10.35,10.43,10.28,18531247.0,198485527.0,-0.48076923076924016,-0.05000000000000071,0.002024830221816861,1.4423076923076956,9152000400.0
2025-06-03,10.27,10.0,10.31,9.93,48136879.0,499680916.0,-3.3816425120772875,-0.34999999999999964,0.005259711199313321,3.6714975845410702,9152000400.0
2025-06-04,10.01,10.1,10.13,9.97,24391711.0,253953736.0,1.0000000000000009,0.09999999999999964,0.002665178095927531,1.6000000000000014,9152000400.0
2025-06-05,10.1,10.04,10.2,9.99,19579664.0,203610372.0,-0.5940594059405946,-0.0600000000000005,0.002139386270131719,2.0792079207920704,9152000400.0
2025-06-06,10.07,10.2,10.25,10.07,26274401.0,276988331.0,1.5936254980079667,0.16000000000000014,0.0028708915921813113,1.7928286852589614,9152000400.0
2025-06-09,10.17,10.14,10.25,10.09,19354805.0,203234860.0,-0.5882352941176339,-0.05999999999999872,0.0021148168874642968,1.5686274509803935,9152000400.0
2025-06-10,10.12,10.06,10.21,10.03,21972417.0,229939586.0,-0.7889546351084853,-0.08000000000000007,0.002400832172166426,1.7751479289940975,9152000400.0
2025-06-11,10.07,10.21,10.29,10.04,28764354.0,303125230.0,1.491053677932408,0.15000000000000036,0.0031429581231224597,2.485089463220676,9152000400.0
2025-06-12,10.23,10.14,10.32,10.11,28041043.0,295975848.0,-0.6856023506366382,-0.07000000000000028,0.003063925019059221,2.0568070519099004,9152000400.0
2025-06-13,10.24,10.04,10.27,10.03,36881434.0,386603248.0,-0.9861932938856177,-0.10000000000000142,0.004029876790652238,2.3668639053254457,9152000400.0
2025-06-16,10.12,10.09,10.22,10.0,34145152.0,357658725.0,0.4980079681274896,0.05000000000000071,0.003730894941831515,2.191235059760963,9152000400.0
2025-06-17,10.07,10.53,10.56,10.07,54007307.0,580583218.0,4.360753221010905,0.4399999999999995,0.005901147797152631,4.856293359762143,9152000400.0
2025-06-18,10.62,10.65,10.69,10.35,38710527.0,422323873.0,1.139601139601143,0.120000000000001,0.0042297339716025366,3.228869895536561,9152000400.0
2025-06-19,10.6,10.43,10.64,10.37,19544901.0,211965084.0,-2.0657276995305174,-0.22000000000000064,0.0021355878655774535,2.5352112676056464,9152000400.0
2025-06-20,10.46,10.58,10.74,10.4,25677460.0,281700849.0,1.4381591562799612,0.15000000000000036,0.002805666398353741,3.259827420901245,9152000400.0
2025-06-23,10.68,10.91,11.07,10.53,52203273.0,585860874.0,3.1190926275992403,0.33000000000000007,0.005704028706117626,5.103969754253317,9152000400.0
2025-06-24,10.8,10.72,10.83,10.57,42276941.0,468526960.0,-1.741521539871671,-0.1899999999999995,0.004619420798976363,2.383134738771767,9152000400.0
2025-06-25,10.69,10.67,10.75,10.56,31035210.0,341267746.0,-0.4664179104477695,-0.05000000000000071,0.003391084860529508,1.772388059701488,9152000400.0
2025-06-26,10.65,10.54,10.74,10.51,25349351.0,277998167.0,-1.2183692596063778,-0.13000000000000078,0.002769815329116463,2.1555763823805103,9152000400.0
2025-06-27,10.53,10.56,10.62,10.48,25212501.0,274780241.0,0.189753320683117,0.02000000000000135,0.0027548623140357382,1.3282732447817724,9152000400.0
2025-06-30,10.58,10.57,10.64,10.53,18594902.0,203580357.0,0.09469696969697239,0.009999999999999787,0.0020317855318275554,1.041666666666678,9152000400.0
2025-07-01,10.53,10.48,10.57,10.45,16851700.0,182916667.0,-0.8514664143803197,-0.08999999999999986,0.0018413132936488945,1.135288552507105,9152000400.0
2025-07-02,10.48,10.92,10.94,10.48,42899781.0,478289614.0,4.198473282442738,0.4399999999999995,0.004687475865931999,4.389312977099228,9152000400.0
2025-07-03,10.94,10.81,11.31,10.77,33854109.0,384698594.0,-1.0073260073260037,-0.10999999999999943,0.003699093916123518,4.945054945054954,9152000400.0
2025-07-04,10.81,10.92,11.18,10.81,31588237.0,358798315.0,1.0175763182238562,0.10999999999999943,0.0034515117591122483,3.422756706752999,9152000400.0
2025-07-07,10.89,10.8,10.96,10.63,28129176.0,313138916.0,-1.098901098901095,-0.11999999999999922,0.003073554935596375,3.021978021978023,9152000400.0
2025-07-08,10.8,10.92,10.92,10.75,21708429.0,243741153.0,1.1111111111111072,0.11999999999999922,0.0023719873307697847,1.5740740740740733,9152000400.0
2025-07-09,10.92,10.86,10.95,10.81,19892516.0,223682445.0,-0.5494505494505586,-0.0600000000000005,0.0021735702721341664,1.282051282051271,9152000400.0
2025-07-10,10.9,11.12,11.17,10.86,33567116.0,383714936.0,2.3941068139963217,0.2599999999999998,0.0036677354166199556,2.854511970534075,9152000400.0
2025-07-11,11.11,10.96,11.12,10.96,33144123.0,378523452.0,-1.4388489208632893,-0.15999999999999837,0.003621516777905735,1.4388489208632946,9152000400.0
2025-07-14,11.0,10.94,11.12,10.94,28454928.0,323900235.0,-0.18248175182482562,-0.02000000000000135,0.0031091484655092452,1.6423357664233549,9152000400.0
2025-07-15,10.96,10.75,10.97,10.74,25784901.0,288255617.0,-1.7367458866544783,-0.1899999999999995,0.002817406017595891,2.1023765996343733,9152000400.0
2025-07-16,10.74,10.75,10.76,10.65,17336206.0,191932220.0,0.0,0.0,0.0018942531951812414,1.023255813953483,9152000400.0
2025-07-17,10.77,10.81,10.82,10.72,12935147.0,144056981.0,0.5581395348837281,0.0600000000000005,0.001413368273017121,0.9302325581395315,9152000400.0
2025-07-18,10.86,10.86,10.97,10.83,17984334.0,202862979.0,0.46253469010175685,0.049999999999998934,0.001965071373904223,1.2950971322849265,9152000400.0
2025-07-21,10.89,11.08,11.1,10.87,22319246.0,254688961.0,2.02578268876612,0.22000000000000064,0.00243872869585976,2.117863720073669,9152000400.0
2025-07-22,11.12,12.13,12.19,10.99,98937284.0,1199561488.0,9.476534296028882,1.0500000000000007,0.010810454510032583,10.830324909747285,9152000400.0
2025-07-23,12.24,11.92,12.34,11.82,68833077.0,854547298.0,-1.7312448474855802,-0.21000000000000085,0.007521096371455578,4.286892003297606,9152000400.0
2025-07-24,11.86,12.03,12.06,11.68,30316889.0,374163009.0,0.9228187919463116,0.10999999999999943,0.0033125969924564253,3.1879194630872547,9152000400.0
2025-07-25,12.01,11.78,12.14,11.77,23511301.0,289760472.0,-2.0781379883624274,-0.25,0.0025689794550271218,3.075644222776401,9152000400.0
2025-07-28,11.61,11.55,11.63,11.37,35084608.0,417570514.0,-1.952461799660432,-0.22999999999999865,0.003833545286995398,2.2071307300509475,9152000400.0
2025-07-29,11.55,11.63,11.67,11.48,20385713.0,244690603.0,0.6926406926407003,0.08000000000000007,0.002227459802121512,1.6450216450216406,9152000400.0
2025-07-30,11.69,11.82,12.0,11.62,33551308.0,410730380.0,1.6337059329320613,0.1899999999999995,0.0036660081439681756,3.267411865864151,9152000400.0
2025-07-31,11.71,11.4,11.72,11.35,31045275.0,368218902.0,-3.5532994923857864,-0.41999999999999993,0.0033921846200968262,3.130287648054154,9152000400.0
2025-08-01,11.39,11.3,11.49,11.24,23101001.0,271165195.0,-0.877192982456132,-0.09999999999999964,0.00252414772621732,2.1929824561403506,9152000400.0
2025-08-04,11.26,11.68,11.71,11.17,33181528.0,393707892.0,3.362831858407067,0.379999999999999,0.003625603862517314,4.77876106194691,9152000400.0
2025-08-05,11.62,11.73,11.79,11.56,19497403.0,235394679.0,0.42808219178083196,0.05000000000000071,0.0021303979619581312,1.9691780821917693,9152000400.0
2025-08-06,11.73,12.03,12.04,11.71,29086418.0,360228441.0,2.5575447570332477,0.29999999999999893,0.0031781486810249704,2.8132992327365582,9152000400.0
2025-08-07,12.0,12.01,12.11,11.85,19397316.0,240163919.0,-0.16625103906898753,-0.019999999999999574,0.002119461882890652,2.1612635078969227,9152000400.0
2025-08-08,11.99,11.92,12.08,11.87,15941821.0,197492932.0,-0.7493755203996644,-0.08999999999999986,0.0017418947009661407,1.7485428809325636,9152000400.0
2025-08-11,11.92,11.84,12.0,11.77,20921230.0,256548076.0,-0.6711409395973145,-0.08000000000000007,0.00228597345778088,1.9295302013422853,9152000400.0
2025-08-12,11.91,12.06,12.23,11.88,29167212.0,364088301.0,1.858108108108114,0.22000000000000064,0.0031869766963733962,2.956081081081078,9152000400.0
2025-08-13,12.08,12.0,12.13,11.93,18292571.0,227318259.0,-0.4975124378109541,-0.0600000000000005,0.0019987511145650736,1.6583747927031596,9152000400.0
2025-08-14,11.89,11.73,11.98,11.69,27330394.0,334127368.0,-2.2499999999999964,-0.2699999999999996,0.0029862754376627867,2.416666666666674,9152000400.0
2025-08-15,11.71,11.77,11.9,11.63,18050842.0,220019755.0,0.34100596760442414,0.03999999999999915,0.001972338419041153,2.3017902813299194,9152000400.0
2025-08-18,11.91,11.55,11.93,11.52,36833582.0,442577471.0,-1.869158878504662,-0.21999999999999886,0.004024648206964676,3.4834324553950733,9152000400.0
2025-08-19,11.55,11.59,11.63,11.49,22083249.0,264277448.0,0.34632034632033903,0.03999999999999915,0.0024129423114972767,1.212121212121217,9152000400.0
2025-08-20,11.48,11.6,11.69,11.48,24663381.0,295781570.0,0.08628127696290733,0.009999999999999787,0.0026948623166581157,1.811906816220872,9152000400.0
2025-08-21,11.59,11.74,11.84,11.54,23471907.0,284770739.0,1.206896551724146,0.14000000000000057,0.0025646750408795872,2.5862068965517304,9152000400.0
2025-08-22,11.69,11.63,11.71,11.49,26990243.0,322809463.0,-0.9369676320272524,-0.10999999999999943,0.002949108590510988,1.8739352640545197,9152000400.0
2025-08-25,11.67,11.84,11.88,11.63,37590803.0,457082267.0,1.8056749785038573,0.20999999999999908,0.004107386511914926,2.1496130696474633,9152000400.0
2025-08-26,11.83,11.64,11.83,11.6,31788282.0,384225770.0,-1.6891891891891886,-0.1999999999999993,0.003473369821968102,1.9425675675675713,9152000400.0
2025-08-27,11.65,11.34,11.69,11.34,34129413.0,396295712.0,-2.577319587628868,-0.3000000000000007,0.0037291752085150697,3.006872852233674,9152000400.0
2025-08-28,11.36,11.19,11.36,10.95,52410664.0,590274045.0,-1.3227513227513255,-0.15000000000000036,0.005726689435022315,3.61552028218695,9152000400.0
2025-08-29,11.16,11.2,11.37,11.12,31001493.0,353167134.0,0.08936550491509543,0.009999999999999787,0.003387400747928289,2.234137622877569,9152000400.0
2025-09-01,11.15,11.22,11.36,11.11,25984311.0,295998054.0,0.17857142857145014,0.02000000000000135,0.0028391946967135187,2.232142857142857,9152000400.0
2025-09-02,11.21,11.16,11.28,11.07,28847298.0,325920126.0,-0.5347593582887722,-0.0600000000000005,0.0031520210597892895,1.8716577540106867,9152000400.0
2025-09-03,11.19,11.05,11.23,10.94,23730040.0,265477130.0,-0.9856630824372714,-0.10999999999999943,0.002592880131430064,2.598566308243736,9152000400.0
2025-09-04,10.99,10.92,11.01,10.68,31642972.0,347557372.0,-1.176470588235301,-0.13000000000000078,0.0034574924188158908,2.9864253393665163,9152000400.0
2025-09-05,10.91,11.01,11.01,10.87,22163848.0,245637357.0,0.8241758241758212,0.08999999999999986,0.002421749020028452,1.2820512820512873,9152000400.0
2025-09-08,10.96,11.08,11.13,10.89,22199441.0,248441255.0,0.6357856494096259,0.07000000000000028,0.0024256381151381945,2.1798365122615824,9152000400.0
2025-09-09,11.1,11.07,11.1,10.98,15638964.0,175005820.0,-0.09025270758122872,-0.009999999999999787,0.001708802809929947,1.0830324909747222,9152000400.0
2025-09-10,11.07,10.98,11.07,10.97,14946501.0,166818391.0,-0.8130081300812941,-0.08999999999999986,0.0016331403350900203,0.9033423667569977,9152000400.0
2025-09-11,10.99,10.96,11.06,10.84,25703199.0,284504634.0,-0.18214936247722413,-0.019999999999999574,0.002808478788965088,2.0036429872495503,9152000400.0
2025-09-12,10.97,10.98,11.07,10.87,28863531.0,320915406.0,0.18248175182480342,0.019999999999999574,0.003153794770376103,1.8248175182481847,9152000400.0
2025-09-15,10.99,11.16,11.18,10.88,33718417.0,376951078.0,1.6393442622950838,0.17999999999999972,0.0036842674307575422,2.73224043715846,9152000400.0
2025-09-16,11.25,11.09,11.3,11.08,27932472.0,316432574.0,-0.6272401433691788,-0.07000000000000028,0.003052061929542748,1.9713261648745577,9152000400.0
2025-09-17,11.02,11.47,11.61,11.01,55792985.0,645229855.0,3.4265103697024513,0.3800000000000008,0.006096261206457115,5.410279531109104,9152000400.0
2025-09-18,11.44,11.15,11.45,11.07,32813619.0,372877608.0,-2.7898866608544015,-0.3200000000000003,0.003585404017246328,3.3129904097645944,9152000400.0
2025-09-19,11.18,11.6,11.67,11.15,54322254.0,632888033.0,4.035874439461873,0.4499999999999993,0.00593556071085836,4.663677130044839,9152000400.0
2025-09-22,11.6,11.42,11.73,11.4,25696924.0,299328615.0,-1.551724137931032,-0.17999999999999972,0.002807793146512537,2.8448275862068972,9152000400.0
2025-09-23,11.4,11.69,11.8,11.28,55056095.0,649590084.0,2.3642732049036663,0.2699999999999996,0.00601574438305313,4.553415061295984,9152000400.0
2025-09-24,11.61,11.62,11.76,11.51,32045472.0,376630017.0,-0.5988023952095856,-0.07000000000000028,0.00350147187493567,2.1385799828913603,9152000400.0
2025-09-25,11.57,11.53,11.65,11.43,23125530.0,269318606.0,-0.7745266781411297,-0.08999999999999986,0.0025268279052959833,1.8932874354561158,9152000400.0
2025-09-26,11.51,11.34,11.57,11.29,24372787.0,281430317.0,-1.647875108412833,-0.1899999999999995,0.0026631103512626594,2.4284475281873474,9152000400.0
2025-09-29,11.26,11.25,11.29,11.06,21053348.0,238051222.0,-0.7936507936507908,-0.08999999999999986,0.002300409427429658,2.0282186948853496,9152000400.0
2025-09-30,11.23,11.22,11.3,11.06,19278190.0,218139839.0,-0.2666666666666595,-0.02999999999999936,0.0021064454935994102,2.1333333333333355,9152000400.0
2025-10-09,11.22,11.55,11.56,11.14,32658884.0,375786270.0,2.941176470588225,0.33000000000000007,0.003568496784593672,3.7433155080213893,9152000400.0
2025-10-10,11.5,11.75,11.93,11.43,45977302.0,548088056.0,1.7316017316017174,0.1999999999999993,0.005023743443018206,4.329004329004329,9152000400.0
2025-10-13,11.55,11.77,11.89,11.48,34362273.0,405967310.0,0.17021276595743373,0.019999999999999574,0.003754618826284142,3.4893617021276606,9152000400.0
2025-10-14,11.83,12.1,12.24,11.7,51361082.0,626165288.0,2.8037383177570208,0.33000000000000007,0.005612006092132601,4.587935429056932,9152000400.0
2025-10-15,12.11,12.23,12.3,11.95,41878385.0,516947601.0,1.0743801652892682,0.13000000000000078,0.004575872286893694,2.892561983471086,9152000400.0
2025-10-16,12.34,13.12,13.2,12.28,87072250.0,1137653344.0,7.277187244480765,0.8899999999999988,0.009514012914597338,7.522485690923957,9152000400.0
2025-10-17,13.08,13.12,13.42,12.95,70296822.0,939354227.0,0.0,0.0,0.007681033536668115,3.5823170731707368,9152000400.0
2025-10-20,13.16,13.52,13.52,12.93,73556124.0,982353236.0,3.0487804878048808,0.40000000000000036,0.008037163547326767,4.496951219512194,9152000400.0
2025-10-21,13.11,13.11,13.21,12.74,76920897.0,1011783057.0,-3.032544378698221,-0.41000000000000014,0.008404817923740475,3.4763313609467503,9152000400.0
2025-10-22,13.0,13.14,13.24,12.9,38959425.0,508408887.0,0.22883295194509046,0.030000000000001137,0.004256929993141171,2.59344012204424,9152000400.0
2025-10-23,13.02,13.3,13.48,13.0,47921674.0,635164001.0,1.21765601217656,0.16000000000000014,0.005236196667998397,3.6529680365296837,9152000400.0
2025-10-24,13.14,13.27,13.35,13.04,40776074.0,537288664.0,-0.22556390977443996,-0.030000000000001137,0.0044554274713536944,2.3308270676691762,9152000400.0
2025-10-27,13.1,13.75,14.09,12.82,70759837.0,964001227.0,3.6171816126601364,0.4800000000000004,0.007731625208407989,9.570459683496606,9152000400.0
2025-10-28,13.67,13.5,13.83,13.4,37706587.0,510796585.0,-1.8181818181818188,-0.25,0.004120037735138211,3.127272727272725,9152000400.0
2025-10-29,13.41,13.82,14.08,13.32,41949735.0,576097491.0,2.3703703703703782,0.3200000000000003,0.004583668396692815,5.629629629629628,9152000400.0
2025-10-30,13.79,13.8,14.19,13.71,39733589.0,552418237.0,-0.14471780028942893,-0.019999999999999574,0.004341519587346172,3.4732272069464445,9152000400.0
2025-10-31,13.78,13.58,13.87,13.4,31383562.0,426815827.0,-1.594202898550734,-0.22000000000000064,0.003429147795928855,3.405797101449267,9152000400.0
2025-11-03,13.64,14.32,14.4,13.64,66737505.0,945811247.0,5.449189985272462,0.7400000000000002,0.007292122168176479,5.596465390279821,9152000400.0
2025-11-04,14.32,14.35,14.56,14.21,38058703.0,547376666.0,0.20949720670391248,0.02999999999999936,0.004158511946743359,2.444134078212288,9152000400.0
2025-11-05,14.32,14.82,15.03,14.18,53636738.0,789054950.0,3.2752613240418116,0.47000000000000064,0.0058606573050412015,5.923344947735189,9152000400.0
2025-11-06,14.82,14.85,15.2,14.56,43297199.0,646600777.0,0.2024291497975561,0.02999999999999936,0.004730900033614509,4.318488529014837,9152000400.0
2025-11-07,14.82,14.74,15.11,14.57,31360215.0,462380799.0,-0.7407407407407418,-0.10999999999999943,0.003426596768942449,3.6363636363636305,9152000400.0
2025-11-10,14.81,15.14,15.35,14.62,40248627.0,609036689.0,2.7137042062415295,0.40000000000000036,0.004397795590131311,4.952510176390777,9152000400.0
2025-11-11,15.15,15.0,15.21,14.3,58099576.0,852128727.0,-0.9247027741083214,-0.14000000000000057,0.006348292554707494,6.0105680317040955,9152000400.0
2025-11-12,14.68,14.5,14.89,14.43,38880725.0,567168561.0,-3.3333333333333326,-0.5,0.004248330780230298,3.066666666666672,9152000400.0
2025-11-13,14.42,14.69,14.8,14.25,43977500.0,638134643.0,1.3103448275862073,0.1899999999999995,0.004805233618652377,3.793103448275867,9152000400.0
2025-11-14,14.75,14.27,14.82,14.23,24965077.0,360336377.0,-2.8590878148400223,-0.41999999999999993,0.002727827350182371,4.016337644656228,9152000400.0
2025-11-17,14.23,14.64,14.9,14.05,39920208.0,580615122.0,2.592852137351098,0.370000000000001,0.004361910648517891,5.956552207428169,9152000400.0
2025-11-18,14.5,14.34,14.73,14.32,27947455.0,404431368.0,-2.0491803278688603,-0.3000000000000007,0.0030536990579676983,2.8005464480874327,9152000400.0
2025-11-19,14.27,14.84,14.9,14.26,32603707.0,478280022.0,3.4867503486750273,0.5,0.0035624678294375947,4.463040446304048,9152000400.0
2025-11-20,14.65,14.17,14.8,14.15,40194223.0,580383745.0,-4.514824797843664,-0.6699999999999999,0.004391851097384131,4.380053908355797,9152000400.0
2025-11-21,14.05,13.9,14.3,13.85,29218896.0,410492714.0,-1.9054340155257532,-0.2699999999999996,0.003192623986336364,3.1757233592096057,9152000400.0
2025-11-24,13.96,13.75,14.06,13.68,25513289.0,352013117.0,-1.0791366906474864,-0.15000000000000036,0.0027877281342776165,2.733812949640293,9152000400.0
2025-11-25,13.79,13.77,13.89,13.6,20375904.0,279779232.0,0.1454545454545375,0.019999999999999574,0.0022263880145809434,2.1090909090909156,9152000400.0
2025-11-26,13.73,13.7,13.82,13.5,28768715.0,392767538.0,-0.5083514887436524,-0.07000000000000028,0.003143434630968766,2.3238925199709533,9152000400.0
2025-11-27,13.7,13.68,13.82,13.51,34728522.0,474183010.0,-0.14598540145984717,-0.019999999999999574,0.0037946372904441744,2.262773722627741,9152000400.0
2025-11-28,13.68,13.52,13.68,13.44,15952103.0,215923431.0,-1.1695906432748537,-0.16000000000000014,0.0017430181711967582,1.7543859649122824,9152000400.0
2025-12-01,13.58,13.65,13.73,13.53,17879211.0,243716193.0,0.9615384615384581,0.13000000000000078,0.0019535850326230318,1.4792899408284104,9152000400.0
2025-12-02,13.68,13.56,13.86,13.5,16057700.0,219105511.0,-0.659340659340657,-0.08999999999999986,0.001754556304433728,2.6373626373626333,9152000400.0
2025-12-03,13.64,13.78,14.03,13.47,23707448.0,327392495.0,1.6224188790560312,0.21999999999999886,0.002590411600069423,4.129793510324474,9152000400.0
2025-12-04,13.66,13.92,14.05,13.66,25018629.0,347839037.0,1.0159651669085612,0.14000000000000057,0.0027336787485280267,2.8301886792452873,9152000400.0
2025-12-05,13.87,13.68,13.92,13.57,18618800.0,255126721.0,-1.7241379310344862,-0.2400000000000002,0.0020343967642309107,2.514367816091952,9152000400.0
2025-12-08,13.54,13.43,13.59,13.1,36387513.0,484038251.0,-1.8274853801169555,-0.25,0.003975908152276742,3.5818713450292416,9152000400.0
2025-12-09,13.37,13.3,13.42,13.18,21252018.0,282526472.0,-0.9679821295606739,-0.129999999999999,0.002322117249907463,1.7870439314966509,9152000400.0
2025-12-10,13.28,13.29,13.36,13.21,13784821.0,182904737.0,-0.07518796992482812,-0.010000000000001563,0.0015062085224559212,1.1278195488721696,9152000400.0
2025-12-11,13.3,13.09,13.47,13.06,16579344.0,218937775.0,-1.5048908954100826,-0.1999999999999993,0.0018115541166278796,3.085026335590671,9152000400.0
2025-12-12,13.15,12.91,13.18,12.83,19880100.0,257240033.0,-1.3750954927425507,-0.17999999999999972,0.002172213628836817,2.6737967914438476,9152000400.0
2025-12-15,12.82,13.05,13.17,12.82,18452700.0,240998310.0,1.0844306738962084,0.14000000000000057,0.0020162477265625992,2.7110766847405086,9152000400.0
2025-12-16,12.98,12.88,13.01,12.8,15518200.0,199908021.0,-1.3026819923371624,-0.16999999999999993,0.0016956074433738006,1.6091954022988433,9152000400.0
2025-12-17,12.9,12.91,13.02,12.82,15169300.0,195830490.0,0.23291925465838137,0.02999999999999936,0.0016574846303546928,1.5527950310558951,9152000400.0
2025-12-18,12.97,13.21,13.28,12.93,23223202.0,304427985.0,2.323780015491872,0.3000000000000007,0.0025375001076267437,2.7110766847405086,9152000400.0
2025-12-19,13.13,13.09,13.15,12.93,18621122.0,243128951.0,-0.9084027252081794,-0.120000000000001,0.0020346504792547867,1.6654049962149933,9152000400.0
2025-12-22,13.13,13.0,13.13,12.81,26119009.0,337706952.0,-0.6875477463712754,-0.08999999999999986,0.0028539125719443804,2.4446142093200938,9152000400.0
2025-12-23,13.03,12.93,13.17,12.87,19484086.0,253283260.0,-0.5384615384615432,-0.07000000000000028,0.002128942870238511,2.307692307692313,9152000400.0
2025-12-24,12.92,12.88,12.92,12.61,21395200.0,272784074.0,-0.3866976024748614,-0.049999999999998934,0.0023377621355873193,2.3975251353441647,9152000400.0
2025-12-25,12.87,12.7,12.88,12.66,16047271.0,204597313.0,-1.3975155279503215,-0.1800000000000015,0.0017534167721408754,1.7080745341614956,9152000400.0
2025-12-26,12.61,12.55,12.73,12.51,25618301.0,322822560.0,-1.1811023622047112,-0.14999999999999858,0.0027992023470628344,1.7322834645669343,9152000400.0
2025-12-29,12.59,12.62,12.78,12.56,21679065.0,274758850.0,0.5577689243027706,0.06999999999999851,0.002368778851889036,1.7529880478087556,9152000400.0
2025-12-30,12.58,12.6,12.68,12.5,13177002.0,165868598.0,-0.15847860538826808,-0.019999999999999574,0.0014397947360229573,1.4263074484944511,9152000400.0
2025-12-31,12.51,12.44,12.62,12.34,17205104.0,214462140.0,-1.2698412698412764,-0.16000000000000014,0.0018799282395136258,2.222222222222217,9152000400.0
2026-01-05,12.54,12.5,12.65,12.37,26123977.0,327088866.0,0.4823151125401992,0.0600000000000005,0.0028544554040884876,2.2508038585209094,9152000400.0
2026-01-06,12.5,13.0,13.06,12.33,44445523.0,570423185.0,4.0000000000000036,0.5,0.004856372493165538,5.840000000000003,9152000400.0
2026-01-07,13.09,13.63,13.68,13.08,64135988.0,858561845.0,4.846153846153856,0.6300000000000008,0.007007865515390494,4.615384615384613,9152000400.0
2026-01-08,13.71,13.69,13.9,13.47,40913710.0,558756156.0,0.44020542920029104,0.05999999999999872,0.004470466369297798,3.154805575935434,9152000400.0
2026-01-09,13.6,13.81,13.98,13.47,28411601.0,392065395.0,0.8765522279035931,0.120000000000001,0.0031044143092476264,3.7253469685902103,9152000400.0
2026-01-12,13.66,13.54,13.85,13.42,31346518.0,424966785.0,-1.955104996379442,-0.27000000000000135,0.0034251001562456227,3.113685734974654,9152000400.0
2026-01-13,13.53,13.39,13.63,13.32,23824608.0,320702121.0,-1.107828655834553,-0.14999999999999858,0.0026032131729364872,2.2895125553914366,9152000400.0
2026-01-14,13.4,13.16,13.42,13.16,28741230.0,381719512.0,-1.7176997759522084,-0.23000000000000043,0.0031404314623937296,1.9417475728155325,9152000400.0
2026-01-15,13.11,13.2,13.37,13.11,16324152.0,216142243.0,0.3039513677811412,0.03999999999999915,0.0017836703765878332,1.9756838905775058,9152000400.0
2026-01-16,13.22,12.81,13.34,12.72,29308897.0,380184888.0,-2.954545454545443,-0.3899999999999988,0.0032024580112562056,4.696969696969691,9152000400.0
2026-01-19,12.82,13.09,13.25,12.76,25134439.0,328636146.0,2.1857923497267784,0.27999999999999936,0.002746332812660279,3.8251366120218595,9152000400.0
2026-01-20,13.07,13.34,13.44,12.92,23851853.0,315542454.0,1.909854851031323,0.25,0.002606190117736446,3.9724980901451454,9152000400.0
2026-01-21,13.29,13.13,13.31,13.06,23727605.0,312148207.0,-1.5742128935532174,-0.20999999999999908,0.002592614069378756,1.8740629685157422,9152000400.0
2026-01-22,13.2,13.39,13.54,13.06,38260391.0,509989528.0,1.980198019801982,0.2599999999999998,0.0041805495331927655,3.655750190403645,9152000400.0
2026-01-23,13.34,13.06,13.38,13.02,32280129.0,425007634.0,-2.464525765496639,-0.33000000000000007,0.0035271118432206364,2.688573562359979,9152000400.0
2026-01-26,13.08,13.48,13.59,12.95,55447607.0,739943179.0,3.215926493108734,0.41999999999999993,0.006058523227337272,4.900459418070448,9152000400.0
2026-01-27,13.47,13.07,13.68,13.04,40337910.0,536481075.0,-3.0415430267062282,-0.41000000000000014,0.004407551162257379,4.74777448071217,9152000400.0
2026-01-28,13.13,13.43,13.7,12.96,81409939.0,1094474943.0,2.754399387911244,0.35999999999999943,0.008895316372582326,5.661820964039774,9152000400.0
2026-01-29,13.55,13.59,13.9,13.27,63854757.0,863034303.0,1.1913626209977712,0.16000000000000014,0.006977136605020254,4.69099032017871,9152000400.0
2026-01-30,13.6,13.68,14.13,13.41,84063453.0,1154686714.0,0.6622516556291425,0.08999999999999986,0.00918525451550461,5.298013245033117,9152000400.0
2026-02-02,13.39,12.67,13.42,12.55,61563539.0,796372305.0,-7.383040935672513,-1.0099999999999998,0.006726784998829327,6.359649122807013,9152000400.0
2026-02-03,12.75,12.8,12.96,12.62,31921305.0,408334748.0,1.0260457774269982,0.13000000000000078,0.0034879046771020684,2.6835043409629176,9152000400.0
2026-02-04,12.88,14.08,14.08,12.82,69167054.0,954753313.0,9.999999999999986,1.2799999999999994,0.007557588611993505,9.843749999999998,9152000400.0
2026-02-05,14.08,14.32,14.55,13.98,107639695.0,1535993613.0,1.7045454545454586,0.2400000000000002,0.01176132979627055,4.048295454545457,9152000400.0
2026-02-06,14.06,14.18,14.32,13.76,63311853.0,889993018.0,-0.9776536312849249,-0.14000000000000057,0.006917815803417142,3.9106145251396685,9152000400.0
2026-02-09,13.9,14.06,14.26,13.83,50691360.0,712532439.0,-0.8462623413258097,-0.11999999999999922,0.0055388284292470094,3.0324400564174874,9152000400.0
2026-02-10,14.02,14.36,14.41,13.8,44586965.0,634489461.0,2.1337126600284417,0.29999999999999893,0.004871827256476081,4.338549075391176,9152000400.0
2026-02-11,14.17,14.54,14.65,13.88,53061394.0,759797284.0,1.253481894150421,0.17999999999999972,0.00579779192317343,5.362116991643451,9152000400.0
2026-02-12,14.45,14.77,15.06,14.35,55614402.0,819976534.0,1.5818431911966968,0.23000000000000043,0.006076748204687578,4.883081155433294,9152000400.0
2026-02-13,14.54,14.42,14.73,14.3,39614822.0,573759645.0,-2.3696682464455,-0.34999999999999964,0.004328542424451817,2.911306702775895,9152000400.0
2026-02-24,14.57,14.99,15.2,14.49,47513414.0,709283617.0,3.952843273231621,0.5700000000000003,0.005191587841276755,4.923717059639383,9152000400.0
2026-02-25,14.91,14.79,15.15,14.65,29604173.0,440300290.0,-1.334222815210151,-0.20000000000000107,0.0032347215587971347,3.3355570380253505,9152000400.0
2026-02-26,14.74,14.58,14.99,14.53,24508267.0,359402651.0,-1.4198782961460377,-0.20999999999999908,0.0026779136722939827,3.110209601081818,9152000400.0
2026-02-27,14.6,15.17,15.35,14.53,38336166.0,576497098.0,4.046639231824423,0.5899999999999999,0.00418882914384488,5.6241426611797,9152000400.0
2026-03-02,16.0,16.55,16.69,15.62,120730813.0,1953409566.0,9.096901779828602,1.3800000000000008,0.013191740354381977,7.053394858272921,9152000400.0
2026-03-03,16.57,17.5,18.2,15.99,149119606.0,2557647261.0,5.740181268882161,0.9499999999999993,0.016293662530871392,13.353474320241684,9152000400.0
2026-03-04,17.0,17.2,17.62,16.12,94171497.0,1589018783.0,-1.7142857142857237,-0.3000000000000007,0.010289717316882984,8.571428571428571,9152000400.0
2026-03-05,17.03,17.53,17.88,16.62,67880885.0,1167888480.0,1.918604651162803,0.33000000000000185,0.007417054417960908,7.325581395348826,9152000400.0
2026-03-06,17.06,17.33,17.6,16.75,55415681.0,948132708.0,-1.1409013120365241,-0.20000000000000284,0.006055034809657569,4.84883057615517,9152000400.0
2026-03-09,18.41,18.2,19.06,17.71,116985039.0,2171380445.0,5.020196191575299,0.870000000000001,0.0127824556257668,7.789959607616838,9152000400.0
2026-03-10,16.44,16.8,17.36,16.44,96186540.0,1626487991.0,-7.692307692307687,-1.3999999999999986,0.010509892460231972,5.054945054945045,9152000400.0
2026-03-11,16.83,17.91,18.0,16.52,80993878.0,1398553229.0,6.607142857142856,1.1099999999999994,0.008849855163904932,8.809523809523812,9152000400.0
2026-03-12,18.36,19.36,19.7,18.02,116882764.0,2234041326.0,8.096035734226682,1.4499999999999993,0.012771280473283197,9.380234505862644,9152000400.0
2026-03-13,19.55,18.82,19.77,18.75,75162730.0,1443097150.0,-2.789256198347101,-0.5399999999999991,0.008212710523919994,5.268595041322312,9152000400.0
2026-03-16,18.82,18.23,19.09,18.18,56287397.0,1043007563.0,-3.1349628055260315,-0.5899999999999999,0.006150283494305791,4.83528161530287,9152000400.0
2026-03-17,17.9,17.73,18.24,17.52,57857847.0,1030054098.0,-2.742731760833794,-0.5,0.006321879859183572,3.949533735600652,9152000400.0
2026-03-18,17.52,17.89,18.65,17.52,51017978.0,922323439.0,0.9024252679074918,0.16000000000000014,0.005574516583281618,6.373378454596724,9152000400.0
2026-03-19,18.7,18.54,18.86,18.21,71933740.0,1333980873.0,3.633314700950252,0.6499999999999986,0.007859892576053646,3.6333147009502436,9152000400.0
2026-03-20,17.66,18.56,18.78,17.66,50149027.0,927228417.0,0.10787486515642097,0.019999999999999574,0.005479570018375436,6.040992448759445,9152000400.0
2026-03-23,18.99,18.47,19.4,18.33,69665733.0,1307765824.0,-0.4849137931034475,-0.08999999999999986,0.007612077136709915,5.765086206896554,9152000400.0
2026-03-24,18.45,18.32,18.56,17.9,44424821.0,812236188.0,-0.8121277747698885,-0.14999999999999858,0.0048541104740336335,3.573362208987548,9152000400.0
2026-03-25,17.65,17.43,17.9,17.02,93609539.0,1628439920.0,-4.858078602620086,-0.8900000000000006,0.010228314566070167,4.803493449781654,9152000400.0
2026-03-26,17.49,17.9,18.15,17.31,61921726.0,1102927226.0,2.696500286861725,0.46999999999999886,0.006765922562678209,4.8192771084337345,9152000400.0
2026-03-27,17.69,17.88,18.12,17.62,36253459.0,646264636.0,-0.11173184357541333,-0.019999999999999574,0.0039612606441756714,2.7932960893854752,9152000400.0
2026-03-30,18.1,17.91,18.29,17.82,48889760.0,881596023.0,0.1677852348993314,0.030000000000001137,0.005341975290997583,2.628635346756146,9152000400.0
2026-03-31,17.7,17.2,18.05,17.0,54957684.0,959237592.0,-3.9642657733110043,-0.7100000000000009,0.006004991433348277,5.862646566164158,9152000400.0
2026-04-01,17.06,17.26,17.6,16.79,62474383.0,1082989997.0,0.34883720930234396,0.060000000000002274,0.006826309032941039,4.709302325581409,9152000400.0
2026-04-02,17.37,17.91,18.1,17.36,46002911.0,820009134.0,3.7659327925839925,0.6499999999999986,0.005026541629084719,4.2873696407879605,9152000400.0
2026-04-03,17.73,17.64,17.8,17.38,27183214.0,477769179.0,-1.5075376884422065,-0.2699999999999996,0.002970193707596429,2.345058626465671,9152000400.0
2026-04-07,17.56,18.6,18.8,17.34,48510735.0,887434930.0,5.442176870748305,0.9600000000000009,0.005300560847877585,8.27664399092971,9152000400.0
2026-04-08,17.45,17.55,17.6,17.03,91450263.0,1574665460.0,-5.645161290322587,-1.0500000000000007,0.00999237969875963,3.0645161290322593,9152000400.0
2026-04-09,17.36,17.36,17.64,17.28,43424160.0,758066341.0,-1.0826210826210936,-0.19000000000000128,0.004744772519896306,2.051282051282048,9152000400.0
2026-04-10,17.18,17.14,17.34,17.0,36102140.0,619688884.0,-1.2672811059907807,-0.21999999999999886,0.0039447266632549535,1.958525345622119,9152000400.0
2026-04-13,17.47,17.38,17.6,17.14,41851580.0,726793097.0,1.4002333722286986,0.23999999999999844,0.00457294341901471,2.6837806301050224,9152000400.0
2026-04-14,17.17,17.0,17.3,16.82,43127039.0,732597488.0,-2.1864211737629424,-0.379999999999999,0.004712307377084468,2.7617951668584606,9152000400.0
2026-04-15,17.0,16.93,17.09,16.31,47561908.0,795487425.0,-0.4117647058823559,-0.07000000000000028,0.00519688657356265,4.588235294117654,9152000400.0
2026-04-16,16.97,16.74,16.97,16.62,30976291.0,519063354.0,-1.1222681630242204,-0.19000000000000128,0.0033846470330136788,2.0673360897814406,9152000400.0
2026-04-17,16.84,16.38,16.86,16.3,29087124.0,478424760.0,-2.1505376344086002,-0.35999999999999943,0.0031782258226299904,3.3452807646355964,9152000400.0
2026-04-20,16.38,16.19,16.61,16.0,33362404.0,539929740.0,-1.1599511599511447,-0.18999999999999773,0.0036453674106045712,3.7240537240537206,9152000400.0
2026-04-21,16.05,16.59,16.74,16.05,38977919.0,642801148.0,2.4706609017912218,0.3999999999999986,0.004258950753542362,4.261890055589856,9152000400.0
2026-04-22,16.6,16.78,17.09,16.6,38974471.0,658019867.0,1.1452682338758402,0.19000000000000128,0.0042585740053070805,2.953586497890286,9152000400.0
2026-04-23,16.62,17.6,17.85,16.62,56649621.0,988488624.0,4.886769964243154,0.8200000000000003,0.006189862163904626,7.330154946364723,9152000400.0
2026-04-24,17.69,17.37,17.86,17.29,36091157.0,632855880.0,-1.3068181818181812,-0.23000000000000043,0.003943526597747963,3.238636363636365,9152000400.0
2026-04-27,17.23,17.49,17.74,16.88,44013672.0,770012964.0,0.6908462867011966,0.11999999999999744,0.004809185978619494,4.951065054691995,9152000400.0
2026-04-28,17.2,18.57,18.66,17.2,62439685.0,1134068071.0,6.174957118353364,1.0800000000000018,0.0068225177306591904,8.34762721555175,9152000400.0
2026-04-29,18.58,18.71,19.02,18.2,47789323.0,894355454.0,0.7539041464728058,0.14000000000000057,0.005221735239434648,4.415724286483577,9152000400.0
2026-04-30,18.6,18.72,18.96,18.42,28460890.0,531621192.0,0.05344735435595105,0.00999999999999801,0.0031097999077884654,2.8861571352218016,9152000400.0
2026-05-06,18.43,18.55,18.65,18.1,43268622.0,796995452.0,-0.9081196581196438,-0.16999999999999815,0.004727777546862869,2.938034188034173,9152000400.0
2026-05-07,18.21,17.09,18.21,16.91,61428733.0,1067184120.0,-7.870619946091651,-1.4600000000000009,0.00671205532289968,7.008086253369276,9152000400.0
2026-05-08,17.15,16.66,17.27,16.53,38563017.0,645835211.0,-2.5160912814511383,-0.4299999999999997,0.004213616183845447,4.33001755412521,9152000400.0
2026-05-11,16.88,16.49,17.07,16.41,39199801.0,653112969.0,-1.0204081632653184,-0.1700000000000017,0.004283194852133092,3.9615846338535423,9152000400.0
2026-05-12,16.45,16.19,16.63,16.1,34566225.0,562211979.0,-1.819284414796829,-0.29999999999999716,0.003776903790345114,3.214069132807748,9152000400.0
2026-05-13,16.24,16.07,16.42,15.9,31335956.0,503990446.0,-0.7411982705373799,-0.120000000000001,0.003423946091610748,3.2118591723286056,9152000400.0
2026-05-14,16.15,16.1,16.45,16.02,36456588.0,590721979.0,0.18668326073429942,0.030000000000001137,0.003983455682541273,2.6757934038581186,9152000400.0
2026-05-15,16.11,16.81,17.0,15.9,57804553.0,961772669.0,4.409937888198745,0.7099999999999973,0.006316056651396125,6.83229813664596,9152000400.0
2026-05-18,16.81,17.41,17.5,16.63,61449642.0,1052836261.0,3.5693039857227937,0.6000000000000014,0.006714339960037589,5.175490779298044,9152000400.0
2026-05-19,17.1,17.25,17.54,16.96,28060394.0,484987288.0,-0.9190120620333198,-0.16000000000000014,0.0030660394201905846,3.3314187248707543,9152000400.0
2026-05-20,17.32,17.09,17.57,17.05,25868673.0,447245392.0,-0.927536231884063,-0.16000000000000014,0.0028265594262867383,3.014492753623186,9152000400.0
2026-05-21,16.96,16.28,17.0,16.15,41090364.0,679449205.0,-4.739613809245169,-0.8099999999999987,0.004489768597475149,4.973668812170868,9152000400.0
2026-05-22,16.2,15.58,16.4,15.51,47113202.0,740260566.0,-4.29975429975431,-0.7000000000000011,0.0051478583851460495,5.4668304668304595,9152000400.0
2026-05-25,15.9,15.53,16.2,15.31,59560606.0,934530477.0,-0.3209242618742003,-0.05000000000000071,0.006507933063464464,5.7124518613607105,9152000400.0
2026-05-26,15.34,15.4,15.67,15.13,43306765.0,663110389.0,-0.8370895041854398,-0.129999999999999,0.004731945269582811,3.4771410173857,9152000400.0
2026-05-27,15.49,15.44,15.6,15.03,52545994.0,804133086.0,0.2597402597402487,0.03999999999999915,0.005741476366194214,3.701298701298703,9152000400.0
2026-05-28,15.34,15.47,16.05,15.31,60226733.0,944021132.0,0.19430051813471572,0.030000000000001137,0.006580717916052538,4.792746113989639,9152000400.0
2026-05-29,15.44,15.68,15.76,15.33,59852690.0,932330621.0,1.3574660633484115,0.20999999999999908,0.006539847834796861,2.77957336780866,9152000400.0
2026-06-01,15.83,16.89,16.96,15.71,125116895.0,2068344671.0,7.716836734693877,1.2100000000000009,0.013670988803715525,7.971938775510204,9152000400.0
2026-06-02,16.96,16.4,17.28,16.26,86909734.0,1446809449.0,-2.901124925991727,-0.490000000000002,0.009496255485303518,6.0390763765541715,9152000400.0
2026-06-03,16.21,17.1,17.21,16.1,84790020.0,1409121512.0,4.268292682926855,0.7000000000000028,0.00926464338878307,6.768292682926827,9152000400.0
2026-06-04,17.1,17.2,17.55,16.7,71456346.0,1226792754.0,0.5847953216374213,0.09999999999999787,0.007807729772389433,4.970760233918137,9152000400.0
2026-06-05,17.1,16.84,17.54,16.8,47477797.0,807718408.0,-2.0930232558139528,-0.35999999999999943,0.005187696123789505,4.3023255813953405,9152000400.0
2026-06-08,16.7,17.09,17.5,16.3,69061275.0,1170925025.0,1.4845605700712694,0.25,0.007546030592393768,7.125890736342039,9152000400.0
2026-06-09,16.46,16.28,17.06,16.09,60206107.0,982991270.0,-4.739613809245169,-0.8099999999999987,0.006578464201116075,5.675833820947916,9152000400.0
2026-06-10,16.03,15.84,16.28,15.77,31917862.0,509736226.0,-2.7027027027027084,-0.4400000000000013,0.003487528475195434,3.132678132678142,9152000400.0
2026-06-11,16.06,16.31,16.53,15.82,40933099.0,663861919.0,2.9671717171717127,0.46999999999999886,0.004472584922526883,4.482323232323237,9152000400.0
2026-06-12,16.04,16.18,16.72,15.95,41286534.0,673320090.0,-0.797057020232983,-0.129999999999999,0.004511203255629228,4.721030042918453,9152000400.0
2026-06-15,15.9,14.77,15.98,14.59,80664557.0,1209423815.0,-8.71446229913474,-1.4100000000000001,0.008813871664603512,8.59085290482077,9152000400.0
2026-06-16,14.6,14.35,14.75,14.21,52472276.0,758130013.0,-2.843601895734593,-0.41999999999999993,0.005733421515147661,3.6560595802301905,9152000400.0
2026-06-17,14.35,14.0,14.39,13.84,39011802.0,548542688.0,-2.4390243902439046,-0.34999999999999964,0.004262653004254676,3.8327526132404235,9152000400.0
2026-06-18,14.01,13.5,14.12,13.4,52453308.0,716751921.0,-3.57142857142857,-0.5,0.0057313489627906925,5.142857142857134,9152000400.0
2026-06-22,13.4,13.73,13.85,13.24,63408751.0,859118658.0,1.7037037037036962,0.23000000000000043,0.006928403434073276,4.518518518518514,9152000400.0
2026-06-23,13.7,13.46,14.09,13.37,48502691.0,664933206.0,-1.966496722505462,-0.2699999999999996,0.005299681914349567,5.243991260014571,9152000400.0
