date,open,close,high,low,volume,amount,pct_chg,change,turnover,amplitude,outstanding_share
2023-06-26,21.36,21.12,21.75,21.1,1026799.0,31371741.0,,,0.004158250887971489,,246930507.0
2023-06-27,21.42,21.11,21.42,20.55,1535836.0,46052557.0,-0.047348484848497296,-0.010000000000001563,0.006219709418083363,4.119318181818186,246930507.0
2023-06-28,21.24,21.09,21.24,20.5,856030.0,25586705.0,-0.0947418285172863,-0.019999999999999574,0.003466683847208883,3.5054476551397364,246930507.0
2023-06-29,21.21,21.75,21.79,21.07,862387.0,25716910.0,3.1294452347083945,0.6600000000000001,0.003492427932365603,3.413940256045514,246930507.0
2023-06-30,21.75,22.25,22.4,21.47,1188830.0,36357444.0,2.298850574712641,0.5,0.004814431454595442,4.275862068965516,246930507.0
2023-07-03,22.35,22.09,22.38,21.91,957960.0,29291274.0,-0.7191011235955114,-0.16000000000000014,0.0038794720491947964,2.1123595505617927,246930507.0
2023-07-04,22.07,22.49,23.05,21.98,1420788.0,44368146.0,1.8107741059302684,0.3999999999999986,0.0057537969579433135,4.843820733363515,246930507.0
2023-07-05,22.41,22.14,22.77,22.06,671190.0,20661509.0,-1.5562472209870948,-0.34999999999999787,0.0027181331628659392,3.156958648288132,246930507.0
2023-07-06,21.98,22.02,22.27,21.82,602980.0,18362922.0,-0.5420054200542035,-0.120000000000001,0.002441901599464986,2.0325203252032487,246930507.0
2023-07-07,22.0,21.5,22.0,21.41,955230.0,28532939.0,-2.361489554950047,-0.5199999999999996,0.0038684163071029533,2.6793823796548586,246930507.0
2023-07-10,21.57,21.0,21.67,20.97,1168451.0,34180907.0,-2.3255813953488413,-0.5,0.004731902162254905,3.2558139534883854,246930507.0
2023-07-11,21.0,21.39,21.41,20.89,766356.0,22429763.0,1.8571428571428683,0.39000000000000057,0.0031035290426873014,2.476190476190474,246930507.0
2023-07-12,21.28,21.02,21.69,20.97,698246.0,20516888.0,-1.729780271154746,-0.370000000000001,0.002827702451524145,3.3660589060308665,246930507.0
2023-07-13,21.02,20.94,21.13,20.68,825286.0,23826819.0,-0.38058991436725753,-0.0799999999999983,0.003342179182420745,2.1408182683158863,246930507.0
2023-07-14,21.03,21.28,21.54,20.79,1004825.0,29447838.0,1.623686723973261,0.33999999999999986,0.004069262288438099,3.5816618911174785,246930507.0
2023-07-17,21.29,21.54,21.67,21.01,836212.0,24778351.0,1.2218045112781795,0.259999999999998,0.003386426449122384,3.1015037593984967,246930507.0
2023-07-18,21.56,21.39,21.64,21.26,451368.0,13390840.0,-0.696378830083555,-0.14999999999999858,0.0018279150902970446,1.7641597028783613,246930507.0
2023-07-19,21.3,20.96,21.47,20.92,951344.0,27841037.0,-2.010285179990645,-0.4299999999999997,0.003852679085942184,2.5712949976624455,246930507.0
2023-07-20,21.11,20.63,21.26,20.58,1270736.0,36556392.0,-1.5744274809160408,-0.33000000000000185,0.005146128015684996,3.2442748091603204,246930507.0
2023-07-21,20.68,20.58,20.86,20.51,510258.0,14576570.0,-0.2423654871546277,-0.05000000000000071,0.002066403241135369,1.6965584100823943,246930507.0
2023-07-24,20.5,20.75,20.92,20.32,611943.0,17569917.0,0.8260447035957297,0.1700000000000017,0.0024781992611386814,2.915451895043739,246930507.0
2023-07-25,20.95,21.15,21.23,20.69,860644.0,24997496.0,1.9277108433734869,0.3999999999999986,0.0034853692662608106,2.602409638554213,246930507.0
2023-07-26,21.15,20.81,21.18,20.74,470666.0,13610132.0,-1.6075650118203333,-0.33999999999999986,0.001906066632747002,2.0803782505910227,246930507.0
2023-07-27,20.82,20.6,20.89,20.41,715898.0,20393321.0,-1.0091302258529389,-0.2099999999999973,0.002899188150939973,2.306583373378186,246930507.0
2023-07-28,20.68,20.6,20.75,20.39,541154.0,15396364.0,0.0,0.0,0.002191523463724958,1.7475728155339778,246930507.0
2023-07-31,20.6,20.58,20.92,20.53,619953.0,17718266.0,-0.0970873786407922,-0.020000000000003126,0.0025106375373861764,1.8932038834951481,246930507.0
2023-08-01,20.47,20.7,21.02,20.47,767960.0,22073093.0,0.5830903790087438,0.120000000000001,0.0031100247973815565,2.6724975704567577,246930507.0
2023-08-02,20.66,20.63,20.84,20.54,322498.0,9223762.0,-0.33816425120772875,-0.07000000000000028,0.0013060273674487697,1.4492753623188441,246930507.0
2023-08-03,20.53,20.16,20.62,20.07,943535.0,26452750.0,-2.278235579253507,-0.46999999999999886,0.0038210548038926594,2.6660203587009246,246930507.0
2023-08-04,20.16,19.93,20.25,19.88,1078959.0,29830119.0,-1.140873015873023,-0.23000000000000043,0.004369484407206113,1.8353174603174653,246930507.0
2023-08-07,19.94,19.67,19.96,19.51,1440859.0,39086294.0,-1.3045659809332588,-0.259999999999998,0.005835078935791437,2.257902659307573,246930507.0
2023-08-08,19.67,19.45,19.78,19.38,732357.0,19754643.0,-1.1184544992374312,-0.22000000000000242,0.002965842531558889,2.033553634977133,246930507.0
2023-08-09,19.7,19.26,19.7,19.09,743551.0,19812750.0,-0.9768637532133528,-0.18999999999999773,0.003011175123857823,3.136246786632388,246930507.0
2023-08-10,19.26,19.21,19.34,19.02,368400.0,9762511.0,-0.25960539979231756,-0.05000000000000071,0.0014919177240420925,1.6614745586708217,246930507.0
2023-08-11,19.19,18.66,19.19,18.62,1041921.0,27123966.0,-2.86309213951067,-0.5500000000000007,0.004219490789771067,2.9672045809474246,246930507.0
2023-08-14,18.54,18.42,18.63,18.2,1127111.0,28633194.0,-1.2861736334405016,-0.23999999999999844,0.004564486639149856,2.30439442658092,246930507.0
2023-08-15,18.62,18.46,18.7,18.23,736069.0,18777066.0,0.21715526601520097,0.03999999999999915,0.002980875101025893,2.551574375678604,246930507.0
2023-08-16,18.42,18.16,18.57,18.11,676814.0,17100448.0,-1.625135427952329,-0.3000000000000007,0.0027409088015196113,2.4918743228602427,246930507.0
2023-08-17,18.22,18.78,18.93,17.95,853567.0,21915841.0,3.4140969162995694,0.620000000000001,0.0034567093809919564,5.396475770925113,246930507.0
2023-08-18,18.75,18.54,18.96,18.51,520700.0,13537590.0,-1.2779552715655007,-0.240000000000002,0.0021086904422060737,2.3961661341853,246930507.0
2023-08-21,18.54,18.32,18.75,18.26,567000.0,14515205.0,-1.1866235167205974,-0.21999999999999886,0.0022961925883058266,2.6429341963322464,246930507.0
2023-08-22,18.49,18.49,18.62,17.97,706520.0,17865342.0,0.9279475982532759,0.16999999999999815,0.0028612098544794225,3.5480349344978284,246930507.0
2023-08-23,18.51,18.06,18.55,18.04,532280.0,13376143.0,-2.3255813953488413,-0.4299999999999997,0.0021555862273429016,2.7582477014602573,246930507.0
2023-08-24,18.06,18.13,18.35,17.84,536588.0,13416434.0,0.3875968992248069,0.07000000000000028,0.0021730324313471725,2.82392026578074,246930507.0
2023-08-25,18.2,17.46,18.2,17.35,1064800.0,26069037.0,-3.6955322669608326,-0.6699999999999982,0.004312144388056515,4.6883618312189625,246930507.0
2023-08-28,18.22,17.32,18.22,17.21,1270910.0,30878122.0,-0.8018327605956554,-0.14000000000000057,0.005146832667378762,5.784650630011443,246930507.0
2023-08-29,17.39,18.23,18.39,17.25,1229587.0,30606467.0,5.2540415704388055,0.9100000000000001,0.004979485989554138,6.58198614318707,246930507.0
2023-08-30,18.36,18.62,18.77,18.33,1035701.0,26602948.0,2.1393307734503653,0.39000000000000057,0.004194301516580129,2.4136039495337425,246930507.0
2023-08-31,18.57,18.36,18.78,18.3,679774.0,17327902.0,-1.3963480128893702,-0.26000000000000156,0.002752895979758386,2.5778732545649863,246930507.0
2023-09-01,18.65,18.23,18.65,18.13,785189.0,19803031.0,-0.7080610021786393,-0.129999999999999,0.0031797974642315055,2.8322440087145946,246930507.0
2023-09-04,18.23,18.05,18.39,17.79,1451612.0,36036181.0,-0.9873834339001575,-0.17999999999999972,0.005878625600521688,3.2912781130005566,246930507.0
2023-09-05,17.81,18.23,19.08,17.81,951204.0,24096464.0,0.9972299168975018,0.17999999999999972,0.003852112124809269,7.036011080332408,246930507.0
2023-09-06,18.1,18.48,18.65,18.0,778420.0,19782406.0,1.371365880416886,0.25,0.003152384893455064,3.5655512890839196,246930507.0
2023-09-07,18.4,18.03,18.47,18.0,851188.0,21346674.0,-2.4350649350649345,-0.4499999999999993,0.003447075091454779,2.543290043290037,246930507.0
2023-09-08,17.97,18.78,18.94,17.92,1482078.0,38060173.0,4.159733777038266,0.75,0.006002004442488752,5.657237936772043,246930507.0
2023-09-11,18.8,19.26,19.67,18.37,2837670.0,75220670.0,2.5559105431310014,0.4800000000000004,0.011491775700278298,6.922257720979768,246930507.0
2023-09-12,19.18,19.03,19.43,18.97,1133707.0,30077163.0,-1.1941848390446541,-0.23000000000000043,0.004591198607954909,2.3883696780893087,246930507.0
2023-09-13,18.95,18.73,19.03,18.55,930603.0,24094502.0,-1.576458223857069,-0.3000000000000007,0.003768683794100824,2.5223331581713104,246930507.0
2023-09-14,18.73,18.43,18.73,18.31,564000.0,14389436.0,-1.6017084890549982,-0.3000000000000007,0.002284043421171933,2.242391884676998,246930507.0
2023-09-15,18.36,18.16,18.7,17.99,964405.0,24276553.0,-1.4650027129679888,-0.2699999999999996,0.003905572509920777,3.852414541508415,246930507.0
2023-09-18,18.16,18.17,18.45,18.05,724066.0,18261009.0,0.05506607929515184,0.010000000000001563,0.0029322662833231863,2.2026431718061596,246930507.0
2023-09-19,18.09,17.92,18.24,17.79,663775.0,16446366.0,-1.3758943313153527,-0.25,0.002688104471433333,2.476609796367635,246930507.0
2023-09-20,17.93,17.58,17.93,17.45,1257750.0,30693711.0,-1.8973214285714524,-0.3400000000000034,0.0050918639665274166,2.678571428571431,247011705.0
2023-09-21,17.43,17.46,17.66,17.35,718604.0,17343053.0,-0.682593856655278,-0.11999999999999744,0.002909190072591904,1.763367463026159,247011705.0
2023-09-22,17.47,17.88,17.89,17.32,649980.0,15874791.0,2.405498281786933,0.41999999999999815,0.0026313732784444366,3.2646048109965653,247011705.0
2023-09-25,17.96,17.86,18.07,17.71,593588.0,14665153.0,-0.11185682326622093,-0.019999999999999574,0.002403076404820573,2.0134228187919434,247011705.0
2023-09-26,17.92,18.0,18.21,17.71,609306.0,15172631.0,0.7838745800671898,0.14000000000000057,0.002466709016886467,2.799552071668533,247011705.0
2023-09-27,17.99,17.99,18.22,17.81,584791.0,14587336.0,-0.05555555555556424,-0.010000000000001563,0.002365866082563856,2.2777777777777786,247178403.0
2023-09-28,18.07,18.1,18.24,17.94,505224.0,12641811.0,0.6114508060033552,0.11000000000000298,0.0020439649818434985,1.6675931072818075,247178403.0
2023-10-09,18.09,17.81,18.09,17.74,820549.0,20273717.0,-1.6022099447513982,-0.2900000000000027,0.003319663004700293,1.933701657458571,247178403.0
2023-10-10,17.81,17.71,17.84,17.54,511997.0,12548831.0,-0.5614823133071156,-0.09999999999999787,0.00207136624310984,1.6844469399213964,247178403.0
2023-10-11,17.89,17.93,18.19,17.66,782810.0,19420260.0,1.2422360248447228,0.21999999999999886,0.00316698380804734,2.992659514398651,247178403.0
2023-10-12,18.07,18.94,19.72,17.6,3623158.0,94487418.0,5.633017289459019,1.0100000000000016,0.014658068650115843,11.823759063022852,247178403.0
2023-10-13,18.51,18.36,18.72,18.11,2904605.0,73703978.0,-3.062302006335804,-0.5800000000000018,0.011751046874431017,3.2206969376979906,247178403.0
2023-10-16,18.29,17.42,18.32,17.26,1998078.0,48432666.0,-5.119825708060988,-0.9399999999999977,0.008083546036989324,5.773420479302825,247178403.0
2023-10-17,17.44,17.26,17.61,16.79,1244855.0,29576810.0,-0.9184845005740572,-0.16000000000000014,0.005036261197949402,4.707233065442021,247178403.0
2023-10-18,17.24,16.81,17.24,16.81,859487.0,20160358.0,-2.607184241019711,-0.45000000000000284,0.003465398935885082,2.491309385863266,248019641.0
2023-10-19,16.72,16.89,17.27,16.69,855480.0,20144084.0,0.4759071980963814,0.08000000000000185,0.00344924295733498,3.450327186198681,248019641.0
2023-10-20,16.84,16.66,17.03,16.64,657354.0,15249567.0,-1.3617525162818223,-0.23000000000000043,0.0026504110615981416,2.3090586145648344,248019641.0
2023-10-23,16.62,16.12,16.72,16.04,576248.0,12996592.0,-3.2412965186074394,-0.5399999999999991,0.0023233966377687,4.081632653061223,248019641.0
2023-10-24,16.25,16.59,16.72,16.19,724015.0,16473239.0,2.9156327543424343,0.46999999999999886,0.002919184130260071,3.287841191066982,248019641.0
2023-10-25,16.85,16.59,16.87,16.53,546592.0,12588620.0,0.0,0.0,0.0022038254623552174,2.0494273658830613,248019641.0
2023-10-26,16.48,16.83,16.88,16.31,572349.0,13153501.0,1.446654611211562,0.23999999999999844,0.002307676108603028,3.435804701627488,248019641.0
2023-10-27,16.7,17.16,17.27,16.59,693808.0,16318060.0,1.9607843137255054,0.33000000000000185,0.0027973913565982464,4.04040404040404,248019641.0
2023-10-30,17.18,17.51,17.55,16.99,871874.0,20910064.0,2.0396270396270566,0.3500000000000014,0.003515342561115956,3.2634032634032764,248019641.0
2023-10-31,17.21,17.27,17.38,16.52,1777121.0,41774072.0,-1.3706453455168632,-0.240000000000002,0.007165243013959528,4.9114791547687,248019641.0
2023-11-01,17.17,17.5,17.6,17.03,903962.0,21759075.0,1.3317892298783995,0.23000000000000043,0.0036447194115566033,3.300521134916041,248019641.0
2023-11-02,17.5,17.36,17.57,17.25,484602.0,11667625.0,-0.8000000000000007,-0.14000000000000057,0.001953885579569886,1.82857142857143,248019641.0
2023-11-03,17.36,18.23,18.26,17.36,1765149.0,44015865.0,5.011520737327202,0.870000000000001,0.007116972643307713,5.184331797235036,248019641.0
2023-11-06,18.44,18.56,18.62,18.18,1316202.0,33470194.0,1.8102029621502869,0.3299999999999983,0.005282699064838462,2.4136039495337425,249153318.0
2023-11-07,18.5,19.23,19.35,18.44,2862983.0,75084250.0,3.6099137931034475,0.6700000000000017,0.011490848377945341,4.903017241379311,249153318.0
2023-11-08,19.81,20.92,21.15,19.67,8133949.0,230689553.0,8.788351534061366,1.6900000000000013,0.03264636034267061,7.696307852314075,249153318.0
2023-11-09,21.18,21.04,21.82,20.88,5861555.0,172644291.0,0.5736137667303964,0.11999999999999744,0.02352589581006503,4.493307839388152,249153318.0
2023-11-10,20.79,20.61,20.79,20.03,3421109.0,96932603.0,-2.0437262357414387,-0.4299999999999997,0.013730938955426633,3.612167300380219,249153318.0
2023-11-13,20.71,20.66,21.4,20.49,2755114.0,79902587.0,0.24260067928190132,0.05000000000000071,0.01105790612027892,4.415332362930617,249153318.0
2023-11-14,20.78,20.33,20.79,20.3,1455225.0,41150959.0,-1.597289448209105,-0.33000000000000185,0.005840680797194922,2.3717328170377465,249153318.0
2023-11-15,20.37,20.2,20.53,20.06,1254229.0,35106735.0,-0.6394490900147543,-0.129999999999999,0.005033964669095838,2.311854402361055,249153318.0
2023-11-16,20.13,20.14,20.31,20.03,761580.0,21239957.0,-0.2970297029702862,-0.05999999999999872,0.003056672117045618,1.3861386138613743,249153318.0
2023-11-17,20.24,21.18,21.98,20.12,4939320.0,145784505.0,5.163853028798404,1.0399999999999991,0.019824419918020118,9.235352532274078,249153318.0
2023-11-20,20.88,21.87,22.09,20.66,4538383.0,135238085.0,3.2577903682719622,0.6900000000000013,0.01821522200238168,6.751652502360717,249153318.0
2023-11-21,21.84,21.49,21.89,21.37,2707579.0,80900244.0,-1.7375400091449555,-0.38000000000000256,0.01086711997951398,2.37768632830361,249153318.0
2023-11-22,21.34,20.93,21.62,20.75,1676905.0,48942125.0,-2.6058631921824005,-0.5599999999999987,0.0067304140818225024,4.048394602140536,249153318.0
2023-11-23,20.94,21.62,21.69,20.58,2435859.0,71673490.0,3.296703296703307,0.6900000000000013,0.00977654650378768,5.303392259914013,249153318.0
2023-11-24,21.6,20.81,21.6,20.79,2222242.0,64548775.0,-3.7465309898242483,-0.8100000000000023,0.00891917481909673,3.746530989824247,249153318.0
2023-11-27,20.8,20.76,21.07,20.33,1420406.0,40660739.0,-0.24026910139354207,-0.04999999999999716,0.00570093150435187,3.5559827006247096,249153318.0
2023-11-28,20.68,21.54,22.5,20.61,5198653.0,156750813.0,3.7572254335259903,0.7799999999999976,0.020865277017904294,9.104046242774569,249153318.0
2023-11-29,22.05,21.96,23.01,21.7,4380177.0,135839146.0,1.9498607242339983,0.4200000000000017,0.017580247516511098,6.081708449396483,249153318.0
2023-11-30,21.91,22.17,22.38,21.67,2991037.0,91462740.0,0.95628415300546,0.21000000000000085,0.0120048050092594,3.2331511839708433,249153318.0
2023-12-01,22.19,22.43,22.62,21.59,2354305.0,72052341.0,1.1727559765448703,0.259999999999998,0.00944922194453778,4.645917907081647,249153318.0
2023-12-04,22.25,22.02,22.39,21.71,1326944.0,40518819.0,-1.827909050378962,-0.41000000000000014,0.0053258130802817565,3.0316540347748537,249153318.0
2023-12-05,21.89,21.16,22.01,21.11,1639336.0,48631210.0,-3.9055404178020003,-0.8599999999999994,0.006579627408373506,4.0871934604904725,249153318.0
2023-12-06,21.13,21.0,21.47,20.89,1150209.0,33578541.0,-0.7561436672967825,-0.16000000000000014,0.004616470730684791,2.7410207939508426,249153318.0
2023-12-07,21.3,21.32,21.51,20.96,1010995.0,29739754.0,1.5238095238095273,0.3200000000000003,0.004057722402075335,2.6190476190476226,249153318.0
2023-12-08,21.52,21.39,21.76,21.26,1165200.0,34686915.0,0.3283302063789906,0.07000000000000028,0.004676638502562507,2.345215759849906,249153318.0
2023-12-11,21.26,21.59,21.95,21.05,1588218.0,47539804.0,0.935016362786345,0.1999999999999993,0.0063744605640772565,4.207573632538562,249153318.0
2023-12-12,21.95,21.39,22.11,21.22,1046952.0,31070906.0,-0.9263547938860528,-0.1999999999999993,0.004202039163692775,4.122278832792962,249153318.0
2023-12-13,21.54,21.38,21.54,20.89,1349407.0,39616927.0,-0.046750818139329464,-0.010000000000001563,0.005415970418664061,3.038803179055627,249153318.0
2023-12-14,21.42,21.07,21.47,20.97,626900.0,18380582.0,-1.4499532273152371,-0.3099999999999987,0.002516121418860655,2.338634237605239,249153318.0
2023-12-15,21.21,21.05,21.32,20.89,607328.0,17707461.0,-0.09492168960607561,-0.019999999999999574,0.002437567377689909,2.040816326530611,249153318.0
2023-12-18,20.83,20.42,20.89,20.37,1453077.0,41258645.0,-2.9928741092636546,-0.629999999999999,0.005832059599543442,2.470308788598573,249153318.0
2023-12-19,20.48,20.81,20.97,20.45,934766.0,26794579.0,1.9098922624877446,0.389999999999997,0.003751770225271493,2.5465230166503408,249153318.0
2023-12-20,21.0,20.65,21.0,20.59,441700.0,12693387.0,-0.7688611244593968,-0.16000000000000014,0.0017728040049621173,1.970206631427199,249153318.0
2023-12-21,20.71,20.84,21.05,20.13,1180189.0,33560726.0,0.9200968523002562,0.19000000000000128,0.004736798247254327,4.455205811138023,249153318.0
2023-12-22,20.94,20.39,21.07,20.34,683384.0,19510351.0,-2.1593090211132426,-0.4499999999999993,0.0027428252029138137,3.5028790786948196,249153318.0
2023-12-25,20.45,20.42,20.75,20.34,592510.0,16804622.0,0.14713094654241754,0.030000000000001137,0.002378093957392131,2.010789602746445,249153318.0
2023-12-26,20.54,20.02,20.54,19.86,471300.0,13062347.0,-1.9588638589618124,-0.40000000000000213,0.0018916063562115597,3.3300685602350617,249153318.0
2023-12-27,20.12,20.52,20.65,19.88,948906.0,26762739.0,2.4975024975024906,0.5,0.0038085224295507877,3.8461538461538445,249153318.0
2023-12-28,20.74,20.54,20.79,20.21,940553.0,26732494.0,0.09746588693957392,0.019999999999999574,0.003774996887659349,2.8265107212475553,249153318.0
2023-12-29,20.48,20.9,21.16,20.47,1173779.0,33912124.0,1.7526777020447915,0.35999999999999943,0.004711071116460107,3.359298928919188,249153318.0
2024-01-02,20.92,20.55,21.0,20.53,618287.0,17721363.0,-1.674641148325351,-0.34999999999999787,0.0024815523428028357,2.248803827751191,249153318.0
2024-01-03,20.64,20.12,20.64,19.95,990320.0,27614662.0,-2.092457420924576,-0.4299999999999997,0.003974741367883369,3.357664233576649,249153318.0
2024-01-04,20.24,19.9,20.24,19.81,518515.0,14306644.0,-1.0934393638171058,-0.22000000000000242,0.002081108147233263,2.13717693836978,249153318.0
2024-01-05,19.88,19.27,20.0,19.09,932487.0,25115356.0,-3.165829145728638,-0.629999999999999,0.0037426232469438755,4.572864321608041,249153318.0
2024-01-08,19.31,18.71,19.32,18.67,883022.0,23024890.0,-2.9060716139076237,-0.5599999999999987,0.0035440908717900357,3.373118837571347,249153318.0
2024-01-09,18.71,19.07,19.33,18.71,945200.0,24943030.0,1.9241047568145264,0.35999999999999943,0.0037936480540869217,3.3137359700694673,249153318.0
2024-01-10,19.17,18.7,19.22,18.7,574486.0,15022935.0,-1.9402202412165725,-0.370000000000001,0.0023057529581042946,2.7267960146827455,249153318.0
2024-01-11,18.56,19.27,19.33,18.44,922900.0,24361111.0,3.0481283422459926,0.5700000000000003,0.0037041449313550785,4.759358288770037,249153318.0
2024-01-12,19.42,18.73,19.42,18.62,960994.0,25166637.0,-2.802283341982348,-0.5399999999999991,0.0038570387411015735,4.151530877010901,249153318.0
2024-01-15,18.56,18.77,18.93,18.44,787736.0,20392511.0,0.21356113187398496,0.03999999999999915,0.0031616516541834697,2.6161238654564785,249153318.0
2024-01-16,18.86,18.54,18.86,18.23,836532.0,21348739.0,-1.2253596164091607,-0.23000000000000043,0.0033574989356553544,3.356419818859878,249153318.0
2024-01-17,18.51,17.93,18.7,17.88,866714.0,21754958.0,-3.290183387270762,-0.6099999999999994,0.003478637198000309,4.422869471413163,249153318.0
2024-01-18,17.89,17.7,17.93,17.21,1594480.0,38451330.0,-1.2827663134411638,-0.23000000000000043,0.00639959368311523,4.0156162855549296,249153318.0
2024-01-19,17.89,17.5,18.17,17.29,1181800.0,28724136.0,-1.1299435028248594,-0.1999999999999993,0.004743264145492937,4.971751412429393,249153318.0
2024-01-22,17.42,16.34,17.66,16.19,2795286.0,64729218.0,-6.628571428571428,-1.1600000000000001,0.011219140176170561,8.399999999999993,249153318.0
2024-01-23,16.33,16.14,16.35,15.75,1566300.0,34833681.0,-1.2239902080783294,-0.1999999999999993,0.006286490633851402,3.671970624235015,249153318.0
2024-01-24,16.32,16.09,16.4,15.4,1864083.0,40907874.0,-0.30978934324659146,-0.05000000000000071,0.007481670382571425,6.195786864931835,249153318.0
2024-01-25,16.15,16.37,16.45,15.76,2422124.0,54111179.0,1.7402113113735407,0.28000000000000114,0.00972141980465217,4.288377874456181,249153318.0
2024-01-26,16.41,15.88,16.47,15.77,1818030.0,40263280.0,-2.9932803909590744,-0.4900000000000002,0.007296832386554852,4.276114844227241,249153318.0
2024-01-29,15.98,15.28,16.12,15.17,2114630.0,45213572.0,-3.7783375314861534,-0.6000000000000014,0.008487264054817844,5.982367758186404,249153318.0
2024-01-30,15.23,14.78,15.28,14.71,2695084.0,55747575.0,-3.27225130890052,-0.5,0.010816970135633514,3.730366492146587,249153318.0
2024-01-31,14.79,14.09,14.87,14.01,2232307.0,44172436.0,-4.668470906630584,-0.6899999999999995,0.008959571632114487,5.818673883626519,249153318.0
2024-02-01,13.95,13.98,14.29,13.56,2064398.0,39856573.0,-0.7806955287437911,-0.10999999999999943,0.008285653253873183,5.1809794180269595,249153318.0
2024-02-02,13.9,13.11,14.17,12.72,2860574.0,52619482.0,-6.22317596566524,-0.870000000000001,0.011481179632534535,10.371959942775389,249153318.0
2024-02-05,13.14,12.58,13.38,12.04,3570689.0,62768115.0,-4.04271548436308,-0.5299999999999994,0.01433129218853108,10.221205186880256,249153318.0
2024-02-06,12.51,13.11,13.56,11.73,4181341.0,74057237.0,4.213036565977735,0.5299999999999994,0.016782200749178865,14.546899841017488,249153318.0
2024-02-07,13.11,13.53,14.14,12.98,2616733.0,49193800.0,3.203661327231111,0.41999999999999993,0.01050250111459483,8.848207475209765,249153318.0
2024-02-08,13.56,14.89,14.89,13.56,2722426.0,54169638.0,10.05173688100518,1.3600000000000012,0.010926709794007238,9.830007390983003,249153318.0
2024-02-19,15.21,14.89,15.52,14.63,4144625.0,86318492.0,0.0,0.0,0.016634837670514185,5.977165883143041,249153318.0
2024-02-20,15.02,14.68,15.02,14.16,3193433.0,63566420.0,-1.41034251175286,-0.21000000000000085,0.012817140167485147,5.775688381464065,249153318.0
2024-02-21,14.45,15.04,15.34,14.36,2991904.0,61653043.0,2.452316076294281,0.35999999999999943,0.012008284794344983,6.675749318801093,249153318.0
2024-02-22,15.11,15.5,15.52,14.78,2367023.0,49864533.0,3.0585106382978733,0.46000000000000085,0.009500266819645565,4.920212765957448,249153318.0
2024-02-23,15.37,16.19,16.26,15.12,4449910.0,97136804.0,4.451612903225821,0.6900000000000013,0.017860127393527225,7.354838709677434,249153318.0
2024-02-26,16.19,16.36,16.79,15.75,5366188.0,120358340.0,1.0500308832612548,0.16999999999999815,0.02153769431238319,6.423718344657189,249153318.0
2024-02-27,16.04,16.24,16.31,15.59,5812148.0,128209139.0,-0.7334963325183463,-0.120000000000001,0.02332759622330215,4.400977995110018,249153318.0
2024-02-28,16.56,15.21,16.56,14.89,4868702.0,106501794.0,-6.342364532019696,-1.0299999999999976,0.01954098801124535,10.283251231527084,249153318.0
2024-02-29,14.86,15.61,15.62,14.66,3726599.0,78885771.0,2.6298487836949214,0.3999999999999986,0.014957051464993936,6.311637080867843,249153318.0
2024-03-01,15.61,15.69,15.96,15.44,3659421.0,79400335.0,0.5124919923126248,0.08000000000000007,0.014687426317958968,3.3311979500320397,249153318.0
2024-03-04,15.67,15.75,15.85,15.1,3423583.0,73490604.0,0.3824091778202643,0.0600000000000005,0.013740868584379036,4.780114722753346,249153318.0
2024-03-05,15.59,15.39,15.73,15.27,1718320.0,36840456.0,-2.28571428571428,-0.35999999999999943,0.006896637033748031,2.920634920634926,249153318.0
2024-03-06,15.39,16.38,16.54,15.32,7363074.0,163635673.0,6.432748538011679,0.9899999999999984,0.0295523818791769,7.927225471085113,249153318.0
2024-03-07,16.26,16.32,16.66,15.78,6979733.0,156432235.0,-0.3663003663003539,-0.05999999999999872,0.028013807145044724,5.372405372405377,249153318.0
2024-03-08,15.98,16.11,16.22,15.56,4450051.0,98121298.0,-1.2867647058823595,-0.21000000000000085,0.01786069331013284,4.044117647058814,249153318.0
2024-03-11,16.04,16.09,16.17,15.62,3207556.0,70723979.0,-0.12414649286157653,-0.019999999999999574,0.012873824140684331,3.414028553693374,249153318.0
2024-03-12,16.06,15.98,16.14,15.78,3184884.0,70261135.0,-0.6836544437538783,-0.10999999999999943,0.012782827961375975,2.2374145431945385,249153318.0
2024-03-13,15.95,15.93,16.01,15.69,2326202.0,51032649.0,-0.31289111389236623,-0.05000000000000071,0.00933642794193092,2.002503128911152,249153318.0
2024-03-14,15.91,15.49,16.17,15.33,3065025.0,66405584.0,-2.762084118016317,-0.4399999999999995,0.012301762724267633,5.2730696798493515,249153318.0
2024-03-15,15.4,16.03,16.03,15.24,3097329.0,67375515.0,3.4861200774693346,0.5400000000000009,0.012431417830847431,5.100064557779219,249153318.0
2024-03-18,16.08,16.33,16.37,15.91,3270291.0,73076752.0,1.8714909544603753,0.29999999999999716,0.01312561689425304,2.8696194635059316,249153318.0
2024-03-19,16.3,16.12,16.37,16.09,2225428.0,49869080.0,-1.285976729944871,-0.2099999999999973,0.008931962126227835,1.7146356399265226,249153318.0
2024-03-20,16.14,16.22,16.3,16.06,2166494.0,48513800.0,0.6203473945409321,0.09999999999999787,0.008695425039453017,1.4888337468982753,249153318.0
2024-03-21,16.22,16.01,16.32,15.92,2122566.0,47289010.0,-1.2946979038224282,-0.2099999999999973,0.008519115928450128,2.4660912453760813,249153318.0
2024-03-22,15.93,15.67,16.06,15.52,2235070.0,48691290.0,-2.123672704559665,-0.34000000000000163,0.008970661189428752,3.372891942535909,249153318.0
2024-03-25,15.58,15.02,15.67,15.02,2035622.0,43344286.0,-4.148053605615831,-0.6500000000000004,0.008170158103212578,4.148053605615829,249153318.0
2024-03-26,15.03,14.59,15.15,14.43,2802147.0,56908491.0,-2.8628495339547255,-0.4299999999999997,0.011246677437384157,4.79360852197071,249153318.0
2024-03-27,14.58,13.87,14.63,13.74,2677267.0,52487721.0,-4.934886908841674,-0.7200000000000006,0.010745459950085834,6.100068540095959,249153318.0
2024-03-28,13.94,14.2,14.45,13.92,1824617.0,35860721.0,2.379235760634457,0.33000000000000007,0.007323269923300801,3.821196827685648,249153318.0
2024-03-29,14.22,14.25,14.38,14.0,1072851.0,21014042.0,0.35211267605634866,0.05000000000000071,0.0043059872074430895,2.6760563380281748,249153318.0
2024-04-01,14.47,14.68,14.78,14.36,1523530.0,30781897.0,3.017543859649119,0.4299999999999997,0.006114829263481853,2.947368421052631,249153318.0
2024-04-02,14.7,14.48,14.76,14.26,1289679.0,25756415.0,-1.3623978201634857,-0.1999999999999993,0.005176246539088835,3.4059945504087197,249153318.0
2024-04-03,14.46,14.39,14.58,14.09,1776612.0,35246466.0,-0.6215469613259694,-0.08999999999999986,0.007130597393850481,3.3839779005524875,249153318.0
2024-04-08,14.39,13.95,14.39,13.95,1099686.0,21510814.0,-3.0576789437109175,-0.4400000000000013,0.004413691974192373,3.0576789437109193,249153318.0
2024-04-09,13.95,14.4,14.42,13.95,1006930.0,19838190.0,3.2258064516129004,0.45000000000000107,0.004041407146743276,3.369175627240148,249153318.0
2024-04-10,14.4,14.18,14.55,14.02,1210028.0,23857907.0,-1.5277777777777835,-0.22000000000000064,0.004856559847218249,3.6805555555555634,249153318.0
2024-04-11,14.15,14.18,14.37,13.96,937070.0,18430642.0,0.0,0.0,0.0037610175434228013,2.891396332863176,249153318.0
2024-04-12,14.28,14.28,14.33,14.15,818930.0,16125524.0,0.7052186177715081,0.09999999999999964,0.003286851672591412,1.2693935119887145,249153318.0
2024-04-15,14.27,14.1,14.41,13.79,1443536.0,28170569.0,-1.2605042016806678,-0.17999999999999972,0.005793765909230236,4.341736694677879,249153318.0
2024-04-16,14.01,13.41,14.01,13.4,2195247.0,41208528.0,-4.893617021276597,-0.6899999999999995,0.008810827877475828,4.326241134751769,249153318.0
2024-04-17,13.53,14.04,14.04,13.53,1342007.0,25774684.0,4.69798657718119,0.629999999999999,0.005386269830851701,3.8031319910514525,249153318.0
2024-04-18,14.01,13.98,14.21,13.82,1162461.0,22598457.0,-0.42735042735041473,-0.05999999999999872,0.0046656452714789855,2.777777777777782,249153318.0
2024-04-19,14.03,13.76,14.06,13.65,923994.0,17628986.0,-1.5736766809728242,-0.22000000000000064,0.0037085358020397708,2.932761087267526,249153318.0
2024-04-22,13.57,14.29,14.64,13.56,1777629.0,34817904.0,3.851744186046502,0.5299999999999994,0.0071346792178782065,7.848837209302325,249153318.0
2024-04-23,14.18,14.37,14.44,14.18,893310.0,17697744.0,0.5598320503848786,0.08000000000000007,0.003585382716035112,1.8194541637508734,249153318.0
2024-04-24,14.37,14.44,14.46,14.25,1045618.0,20802702.0,0.4871259568545616,0.07000000000000028,0.004196685030700655,1.4613778705636804,249153318.0
2024-04-25,14.43,14.34,14.45,14.29,790567.0,15703085.0,-0.6925207756232621,-0.09999999999999964,0.003173014135818171,1.1080332409972309,249153318.0
2024-04-26,14.27,14.47,14.59,14.27,1042500.0,20857864.0,0.9065550906555142,0.13000000000000078,0.004184170647889987,2.231520223152024,249153318.0
2024-04-29,14.46,14.91,15.07,14.43,2141403.0,43713883.0,3.040774015203862,0.4399999999999995,0.008594719978804377,4.4229440221147245,249153318.0
2024-04-30,15.0,15.83,15.98,14.89,4780920.0,103632304.0,6.170355466130117,0.9199999999999999,0.019188666795117694,7.3105298457411125,249153318.0
2024-05-06,15.84,15.88,16.15,15.78,3982548.0,87923174.0,0.31585596967782514,0.05000000000000071,0.01598432656634338,2.337334175615914,249153318.0
2024-05-07,15.85,16.21,16.3,15.85,3102600.0,69283703.0,2.0780856423173732,0.33000000000000007,0.012452573479274316,2.833753148614616,249153318.0
2024-05-08,16.14,16.08,16.38,16.04,2010556.0,45000380.0,-0.8019740900678696,-0.13000000000000256,0.008069553382387627,2.097470697100554,249153318.0
2024-05-09,16.16,16.2,16.37,15.96,1876601.0,42066762.0,0.7462686567164312,0.120000000000001,0.007531912539089686,2.549751243781096,249153318.0
2024-05-10,16.22,15.97,16.25,15.89,1443400.0,31954108.0,-1.4197530864197394,-0.22999999999999865,0.00579322006058936,2.2222222222222188,249153318.0
2024-05-13,15.97,16.1,16.16,15.6,2153660.0,47429960.0,0.8140262993112213,0.13000000000000078,0.00864391458756331,3.5065748278021323,249153318.0
2024-05-14,16.09,15.91,16.16,15.85,1440750.0,31829470.0,-1.1801242236024967,-0.19000000000000128,0.0057825840392781765,1.9254658385093197,249153318.0
2024-05-15,15.82,15.65,16.01,15.62,1269552.0,27767622.0,-1.6341923318667462,-0.2599999999999998,0.005095464953832162,2.4512884978001406,249153318.0
2024-05-16,15.57,15.71,15.87,15.57,1172086.0,25541695.0,0.383386581469658,0.0600000000000005,0.004704276103599792,1.9169329073482357,249153318.0
2024-05-17,15.71,15.79,15.79,15.52,885308.0,19217905.0,0.5092297899427001,0.0799999999999983,0.0035532659452682867,1.7186505410566493,249153318.0
2024-05-20,15.88,15.77,15.98,15.57,1457871.0,31737878.0,-0.1266624445851794,-0.019999999999999574,0.005851300764134315,2.5965801139962013,249153318.0
2024-05-21,15.77,15.61,15.77,15.52,824439.0,17792784.0,-1.0145846544071024,-0.16000000000000014,0.0033089625561398303,1.5852885225110973,249153318.0
2024-05-22,15.79,16.01,16.12,15.69,2798151.0,61555951.0,2.562459961563124,0.40000000000000213,0.011230639119965483,2.754644458680343,249153318.0
2024-05-23,16.08,15.75,16.09,15.69,1370618.0,29993672.0,-1.6239850093691555,-0.26000000000000156,0.00550110273867595,2.4984384759525318,249153318.0
2024-05-24,15.69,15.61,15.87,15.6,981163.0,21320326.0,-0.8888888888888946,-0.14000000000000057,0.003937988897262047,1.7142857142857115,249153318.0
2024-05-27,15.54,15.71,15.72,15.24,1042360.0,22260924.0,0.6406149903907865,0.10000000000000142,0.0041836087448773205,3.0749519538757237,249153318.0
2024-05-28,15.78,15.52,15.82,15.52,794380.0,17200285.0,-1.2094207511139432,-0.19000000000000128,0.003188317965727432,1.9096117122851732,249153318.0
2024-05-29,15.44,15.57,15.7,15.44,746600.0,16097999.0,0.3221649484536071,0.05000000000000071,0.0029965484946903255,1.6752577319587614,249153318.0
2024-05-30,15.62,15.86,15.96,15.41,1553200.0,33905560.0,1.8625561978163008,0.28999999999999915,0.006233912566237629,3.5324341682723226,249153318.0
2024-05-31,15.85,16.06,16.25,15.78,1620560.0,36023335.0,1.261034047919285,0.1999999999999993,0.0065042681871890625,2.9634300126103446,249153318.0
2024-06-03,16.04,15.79,16.06,15.65,1388746.0,30488809.0,-1.6811955168119508,-0.2699999999999996,0.005573861151630339,2.5529265255292555,249153318.0
2024-06-04,15.61,15.54,15.75,15.36,1653340.0,35403049.0,-1.583280557314759,-0.25,0.006635833764011925,2.4699176694110236,249153318.0
2024-06-05,15.43,15.31,15.65,15.29,1083400.0,23166586.0,-1.4800514800514697,-0.22999999999999865,0.004348326599447494,2.3166023166023244,249153318.0
2024-06-06,15.26,14.97,15.5,14.85,1382733.0,28837739.0,-2.2207707380796804,-0.33999999999999986,0.005549727417236322,4.2455911169170495,249153318.0
2024-06-07,14.94,15.2,15.28,14.92,832800.0,17496274.0,1.5364061456245803,0.22999999999999865,0.00334252020677485,2.404809619238473,249153318.0
2024-06-11,15.1,15.67,15.7,14.88,1131944.0,24078714.0,3.092105263157907,0.47000000000000064,0.004543162455496579,5.394736842105254,249153318.0
2024-06-12,15.93,16.17,16.63,15.91,4436840.0,100333939.0,3.1908104658583403,0.5000000000000018,0.017807669733701882,4.594767070835985,249153318.0
2024-06-13,16.29,16.5,16.82,16.29,4008798.0,91959744.0,2.0408163265305923,0.3299999999999983,0.016089683381218307,3.2776747062461413,249153318.0
2024-06-14,16.58,16.4,16.65,16.18,3273145.0,74420585.0,-0.60606060606061,-0.10000000000000142,0.013137071688525537,2.8484848484848415,249153318.0
2024-06-17,16.34,17.21,17.64,16.16,6542220.0,154301242.0,4.939024390243918,0.8100000000000023,0.026257808053754276,9.024390243902443,249153318.0
2024-06-18,17.12,17.36,17.64,16.95,4945131.0,118145424.0,0.8715862870424029,0.14999999999999858,0.019847742906638714,4.009296920395126,249153318.0
2024-06-19,17.45,16.96,17.45,16.89,3040237.0,71756450.0,-2.304147465437778,-0.3999999999999986,0.01220227378228212,3.2258064516128964,249153318.0
2024-06-20,16.86,16.95,17.46,16.78,2693264.0,63582914.0,-0.058962264150952404,-0.010000000000001563,0.010809665396468852,4.00943396226415,249153318.0
2024-06-21,16.87,16.98,17.1,16.56,1647700.0,38497971.0,0.1769911504424737,0.030000000000001137,0.006613197099787369,3.185840707964618,249153318.0
2024-06-24,16.99,16.38,17.11,16.34,2481234.0,57328823.0,-3.5335689045936425,-0.6000000000000014,0.009958663283785769,4.534746760895168,249153318.0
2024-06-25,16.45,16.65,16.95,16.17,2327214.0,53271257.0,1.6483516483516425,0.2699999999999996,0.009340489697993908,4.761904761904748,249153318.0
2024-06-26,16.63,16.92,16.95,16.27,2280330.0,52516460.0,1.6216216216216495,0.2700000000000031,0.009152316406237865,4.084084084084083,249153318.0
2024-06-27,16.9,16.82,17.6,16.72,4780689.0,113375351.0,-0.5910165484633634,-0.10000000000000142,0.019187739655146797,5.200945626477556,249153318.0
2024-06-28,16.57,17.05,17.46,16.37,4138979.0,97610677.0,1.367419738406661,0.23000000000000043,0.016612176924731943,6.480380499405469,249153318.0
2024-07-01,17.1,16.76,17.39,16.48,2721286.0,63300300.0,-1.7008797653958907,-0.28999999999999915,0.010922134298046955,5.337243401759531,249153318.0
2024-07-02,16.79,16.64,16.84,16.46,2691008.0,61952526.0,-0.7159904534606243,-0.120000000000001,0.01080061073077903,2.2673031026252923,249153318.0
2024-07-03,16.71,16.61,16.82,16.4,2314933.0,53163279.0,-0.18028846153846922,-0.030000000000001137,0.009291198763004231,2.5240384615384714,249153318.0
2024-07-04,16.47,16.2,16.92,16.11,2113196.0,48105840.0,-2.4683925346177027,-0.41000000000000014,0.008481508562530963,4.876580373269128,249153318.0
2024-07-05,16.04,16.03,16.22,15.6,2484502.0,54425776.0,-1.049382716049374,-0.16999999999999815,0.009971779705538579,3.8271604938271557,249153318.0
2024-07-08,16.2,15.7,16.2,15.61,1626229.0,34707077.0,-2.058640049906435,-0.33000000000000185,0.006527021245609099,3.680598877105426,249153318.0
2024-07-09,15.75,17.05,17.06,15.59,3446308.0,76775317.0,8.59872611464969,1.3500000000000014,0.013832077484113617,9.363057324840758,249153318.0
2024-07-10,17.35,17.4,17.83,17.15,5898347.0,138965780.0,2.052785923753664,0.34999999999999787,0.02367356392179373,3.988269794721406,249153318.0
2024-07-11,17.69,17.82,17.82,17.24,3782637.0,89477476.0,2.413793103448292,0.4200000000000017,0.015181965186592457,3.3333333333333446,249153318.0
2024-07-12,17.59,17.34,17.65,17.16,2656030.0,61954087.0,-2.6936026936026924,-0.4800000000000004,0.010660223276657306,2.7497194163860743,249153318.0
2024-07-15,17.43,17.05,17.58,16.98,1754695.0,40533161.0,-1.6724336793540906,-0.28999999999999915,0.007042631477217574,3.460207612456735,249153318.0
2024-07-16,16.89,17.3,17.31,16.79,2173666.0,49796943.0,1.4662756598240456,0.25,0.00872421052807332,3.049853372434015,249153318.0
2024-07-17,17.21,16.87,17.46,16.63,2115948.0,48395002.0,-2.485549132947973,-0.4299999999999997,0.008492553970322803,4.797687861271687,249153318.0
2024-07-18,16.63,16.78,16.9,16.2,1902330.0,42278982.0,-0.5334914048606976,-0.08999999999999986,0.007635178272038906,4.149377593360992,249153318.0
2024-07-19,16.72,16.77,17.26,16.57,2071997.0,47221688.0,-0.05959475566150729,-0.010000000000001563,0.00831615254668212,4.11203814064363,249153318.0
2024-07-22,16.76,16.57,16.86,16.43,1294000.0,28880178.0,-1.1926058437686349,-0.1999999999999993,0.005193589274215486,2.5641025641025625,249153318.0
2024-07-23,16.55,15.94,16.59,15.91,1652430.0,36017390.0,-3.80205190102596,-0.6300000000000008,0.006632181394429594,4.103802051901024,249153318.0
2024-07-24,15.87,15.36,16.04,15.31,2221400.0,46532206.0,-3.638644918444167,-0.5800000000000001,0.008915795373834837,4.579673776662476,249153318.0
2024-07-25,15.09,15.16,15.45,15.09,1244430.0,25509953.0,-1.302083333333326,-0.1999999999999993,0.004994635471802146,2.3437499999999964,249153318.0
2024-07-26,15.16,15.5,15.6,15.11,1295402.0,26858127.0,2.242744063324542,0.33999999999999986,0.005199216331528043,3.232189973614777,249153318.0
2024-07-29,15.5,15.04,15.5,15.04,1308830.0,26690148.0,-2.9677419354838808,-0.46000000000000085,0.005253110857628635,2.9677419354838768,249153318.0
2024-07-30,15.16,14.92,15.21,14.77,1030594.0,20729360.0,-0.7978723404255317,-0.11999999999999922,0.004136384810255667,2.9255319148936256,249153318.0
2024-07-31,14.98,15.76,15.8,14.88,1667525.0,34663715.0,5.630026809651478,0.8399999999999999,0.006692766579973862,6.166219839142091,249153318.0
2024-08-01,15.75,15.4,15.82,15.3,1852648.0,38633070.0,-2.2842639593908642,-0.35999999999999943,0.007435774947215433,3.2994923857867993,249153318.0
2024-08-02,15.3,15.02,15.43,14.95,1240700.0,25315299.0,-2.467532467532474,-0.3800000000000008,0.004979664770107537,3.1168831168831197,249153318.0
2024-08-05,14.87,14.54,15.05,14.5,1662200.0,33006498.0,-3.1957390146471365,-0.4800000000000004,0.006671394197527805,3.661784287616516,249153318.0
2024-08-06,14.79,15.01,15.04,14.66,1258203.0,25194477.0,3.232462173314987,0.47000000000000064,0.0050499146874696645,2.6134800550206263,249153318.0
2024-08-07,14.86,14.83,15.09,14.78,919100.0,18437556.0,-1.1992005329780175,-0.17999999999999972,0.0036888932781541364,2.065289806795473,249153318.0
2024-08-08,14.68,14.89,15.15,14.55,1070800.0,21391372.0,0.4045853000674393,0.0600000000000005,0.004297755328307528,4.045853000674306,249153318.0
2024-08-09,15.01,14.97,15.08,14.87,633900.0,12763294.0,0.5372733378106176,0.08000000000000007,0.002544216569493969,1.4103425117528599,249153318.0
2024-08-12,14.84,15.0,15.43,14.78,1489400.0,30399467.0,0.2004008016031955,0.02999999999999936,0.005977845336179709,4.342017368069475,249153318.0
2024-08-13,14.76,14.97,15.16,14.65,1338630.0,26733020.0,-0.20000000000000018,-0.02999999999999936,0.0053727159274676,3.399999999999999,249153318.0
2024-08-14,14.88,14.83,15.04,14.76,833055.0,16661097.0,-0.9352037408149716,-0.14000000000000057,0.0033435436729764923,1.870407481629922,249153318.0
2024-08-15,14.71,14.81,15.04,14.69,1019600.0,20399621.0,-0.13486176668914274,-0.019999999999999574,0.004092259369389574,2.360080917060011,249153318.0
2024-08-16,14.81,14.75,14.98,14.72,1045700.0,20883046.0,-0.4051316677920358,-0.0600000000000005,0.004197014145322359,1.755570560432139,249153318.0
2024-08-19,14.73,14.74,14.92,14.56,899331.0,17849946.0,-0.06779661016949046,-0.009999999999999787,0.00360954855917271,2.440677966101691,249153318.0
2024-08-20,14.66,14.48,14.72,14.41,857100.0,16764943.0,-1.7639077340569909,-0.2599999999999998,0.003440050515401926,2.103120759837181,249153318.0
2024-08-21,14.45,14.54,14.66,14.42,626110.0,12268583.0,0.4143646408839796,0.05999999999999872,0.0025129506804320383,1.657458563535913,249153318.0
2024-08-22,14.5,14.34,14.67,14.3,973560.0,18919227.0,-1.375515818431905,-0.1999999999999993,0.00390747355008132,2.544704264099032,249153318.0
2024-08-23,14.34,14.31,14.46,14.13,1029246.0,19776487.0,-0.20920502092049986,-0.02999999999999936,0.004130974486962281,2.3012552301255234,249153318.0
2024-08-26,14.31,14.41,14.41,14.17,995312.0,19175861.0,0.6988120195667413,0.09999999999999964,0.003994777223877869,1.6771488469601692,249153318.0
2024-08-27,14.34,14.32,14.43,14.19,1144912.0,22074856.0,-0.6245662734212343,-0.08999999999999986,0.0045952107288412675,1.6655100624566286,249153318.0
2024-08-28,14.27,14.53,14.58,14.19,989053.0,19192179.0,1.4664804469273651,0.20999999999999908,0.003969656145618739,2.723463687150842,249153318.0
2024-08-29,14.49,15.01,15.08,14.49,1520431.0,30305617.0,3.30350997935307,0.4800000000000004,0.00610239113893719,4.060564349621472,249153318.0
2024-08-30,15.18,14.98,15.28,14.67,2863730.0,58047139.0,-0.19986675549633626,-0.02999999999999936,0.011493846531877211,4.063957361758823,249153318.0
2024-09-02,14.75,14.81,15.02,14.68,1918034.0,38378648.0,-1.1348464619492682,-0.16999999999999993,0.007698207735688272,2.2696929238985306,249153318.0
2024-09-03,14.79,15.03,15.14,14.75,1724598.0,34823549.0,1.4854827819041017,0.21999999999999886,0.006921834370273166,2.6333558406482145,249153318.0
2024-09-04,14.98,14.86,14.98,14.77,1171400.0,23447703.0,-1.131071190951427,-0.16999999999999993,0.0047015227788377275,1.397205588822361,249153318.0
2024-09-05,14.86,14.35,14.93,14.32,2381900.0,46685912.0,-3.432032301480481,-0.5099999999999998,0.009559977041927252,4.104979811574694,249153318.0
2024-09-06,14.32,13.83,14.38,13.73,2892200.0,54211918.0,-3.6236933797909376,-0.5199999999999996,0.011608113523095848,4.529616724738679,249153318.0
2024-09-09,13.76,13.54,13.88,13.31,2292890.0,41819547.0,-2.0968908170643563,-0.2900000000000009,0.009202727133659926,4.121475054229936,249153318.0
2024-09-10,13.52,13.46,13.55,13.25,2014800.0,36239099.0,-0.5908419497784201,-0.0799999999999983,0.00808658707085731,2.215657311669134,249153318.0
2024-09-11,13.46,13.35,13.53,13.21,1484360.0,26705299.0,-0.8172362555720736,-0.11000000000000121,0.005957616827723723,2.377414561664179,249153318.0
2024-09-12,13.36,13.23,13.54,13.23,1545800.0,27759498.0,-0.8988764044943753,-0.11999999999999922,0.006204211978425268,2.322097378277144,249153318.0
2024-09-13,13.23,13.06,13.3,13.0,1470030.0,25905889.0,-1.2849584278155746,-0.16999999999999993,0.005900102040784382,2.26757369614513,249153318.0
2024-09-18,13.08,13.01,13.08,12.74,1529124.0,26538098.0,-0.3828483920367609,-0.05000000000000071,0.006137281302430819,2.6033690658499222,249153318.0
2024-09-19,13.03,13.15,13.26,12.93,1390837.0,24558414.0,1.0760953112989968,0.14000000000000057,0.005582253574483804,2.5365103766333594,249153318.0
2024-09-20,13.15,13.17,13.25,13.0,1197137.0,21108126.0,0.1520912547528397,0.019999999999999574,0.0048048206205305284,1.9011406844106464,249153318.0
2024-09-23,13.22,14.31,14.49,13.11,8791147.0,168347593.0,8.656036446469262,1.1400000000000006,0.03528408560065815,10.478359908883833,249153318.0
2024-09-24,13.77,14.02,14.06,13.51,8812644.0,163960185.0,-2.0265548567435454,-0.2900000000000009,0.035370365808253056,3.843466107617056,249153318.0
2024-09-25,14.02,14.08,14.32,14.0,6274762.0,119547886.0,0.42796005706133844,0.0600000000000005,0.025184340511170716,2.2824536376604874,249153318.0
2024-09-26,13.97,14.43,14.49,13.97,3994469.0,76527907.0,2.4857954545454586,0.34999999999999964,0.016032172607871913,3.693181818181815,249153318.0
2024-09-27,14.78,15.01,15.24,14.58,4520910.0,90292033.0,4.019404019404016,0.5800000000000001,0.018145092492807983,4.5738045738045745,249153318.0
2024-09-30,15.59,16.34,16.47,15.28,6859462.0,147640218.0,8.860759493670889,1.33,0.027531088307641963,7.928047968021317,249153318.0
2024-10-08,17.98,17.68,17.98,16.55,7469945.0,174606741.0,8.200734394124854,1.3399999999999999,0.029981318571081602,8.751529987760097,249153318.0
2024-10-09,17.1,16.35,17.44,16.2,6828145.0,154143241.0,-7.522624434389136,-1.3299999999999983,0.027405394617301463,7.013574660633496,249153318.0
2024-10-10,16.42,16.23,16.68,16.02,3474273.0,76499805.0,-0.7339449541284515,-0.120000000000001,0.013944317610893707,4.036697247706423,249153318.0
2024-10-11,16.2,15.42,16.21,15.21,3294827.0,68908867.0,-4.990757855822558,-0.8100000000000005,0.013224094410815753,6.161429451632778,249153318.0
2024-10-14,15.42,15.9,15.99,15.23,2913968.0,61247845.0,3.112840466926081,0.4800000000000004,0.011695481414379559,4.928664072632943,249153318.0
2024-10-15,16.03,15.75,16.34,15.74,2298099.0,49551868.0,-0.9433962264150941,-0.15000000000000036,0.00922363393932406,3.773584905660375,249153318.0
2024-10-16,15.56,15.52,15.8,15.39,1735199.0,36300898.0,-1.4603174603174618,-0.23000000000000043,0.006964382469110847,2.603174603174604,249153318.0
2024-10-17,15.61,15.54,15.88,15.54,1802742.0,38090537.0,0.12886597938144284,0.019999999999999574,0.007235472577571694,2.1907216494845465,249153318.0
2024-10-18,15.55,16.28,16.54,15.55,4002010.0,87159699.0,4.761904761904767,0.740000000000002,0.016062439112289887,6.370656370656361,249153318.0
2024-10-21,16.69,16.94,17.35,16.51,5003009.0,114184994.0,4.054054054054057,0.6600000000000001,0.02008004163926085,5.159705159705159,249153318.0
2024-10-22,16.88,17.12,17.32,16.74,3038150.0,69825455.0,1.0625737898465104,0.17999999999999972,0.012193897413800446,3.4238488783943435,249153318.0
2024-10-23,17.26,17.0,17.26,16.9,2358252.0,54320542.0,-0.7009345794392607,-0.120000000000001,0.009465063595902021,2.1028037383177742,249153318.0
2024-10-24,16.83,16.89,17.04,16.64,1633109.0,36965428.0,-0.6470588235294117,-0.10999999999999943,0.006554634765088699,2.35294117647058,249153318.0
2024-10-25,16.89,17.66,18.28,16.75,9481749.0,225746185.0,4.558910597986965,0.7699999999999996,0.03805588091746785,9.058614564831267,249153318.0
2024-10-28,17.84,18.68,18.91,17.65,10843695.0,268058577.0,5.775764439411102,1.0199999999999996,0.04352217777810208,7.1347678369196,249153318.0
2024-10-29,18.33,17.32,18.33,17.29,7102969.0,169362241.0,-7.28051391862955,-1.3599999999999994,0.028508426285537163,5.5674518201284755,249153318.0
2024-10-30,17.22,17.68,17.82,16.95,4344861.0,101879822.0,2.0785219399538146,0.35999999999999943,0.01743850346797308,5.023094688221715,249153318.0
2024-10-31,17.2,17.3,17.7,16.55,6295030.0,144537795.0,-2.149321266968318,-0.379999999999999,0.025265688013033003,6.50452488687782,249153318.0
2024-11-01,17.41,16.6,17.89,16.54,5798995.0,133664804.0,-4.046242774566466,-0.6999999999999993,0.023274805435262155,7.803468208092493,249153318.0
2024-11-04,16.42,17.38,17.44,16.35,6424965.0,147312095.0,4.69879518072287,0.7799999999999976,0.025787194212681528,6.566265060240963,249153318.0
2024-11-05,17.39,18.58,19.11,17.01,10368036.0,252809742.0,6.9044879171461515,1.1999999999999993,0.041613076170231855,12.082853855005741,249153318.0
2024-11-06,17.99,17.91,18.29,17.61,9830466.0,237768346.0,-3.6060279870828715,-0.6699999999999982,0.03945548900938176,3.659849300322927,249153318.0
2024-11-07,17.76,17.89,17.9,17.38,5044497.0,120109389.0,-0.1116694584031297,-0.019999999999999574,0.020246557583471554,2.903405918481293,249153318.0
2024-11-08,17.87,17.8,18.16,17.73,4752819.0,114917404.0,-0.5030743432084983,-0.08999999999999986,0.01907588081969673,2.4035774175517033,249153318.0
2024-11-11,17.98,18.65,18.8,17.83,7353979.0,182732032.0,4.7752808988763995,0.8499999999999979,0.02951587825131833,5.4494382022472045,249153318.0
2024-11-12,18.57,17.93,18.57,17.74,5255638.0,128406535.0,-3.860589812332438,-0.7199999999999989,0.02109399161202421,4.450402144772128,249153318.0
2024-11-13,17.84,18.13,18.36,17.43,3694118.0,89027971.0,1.115448968209698,0.1999999999999993,0.014826685952462412,5.186837702175124,249153318.0
2024-11-14,17.96,18.35,18.68,17.86,6471860.0,159273737.0,1.2134583563155221,0.22000000000000242,0.025975411653959994,4.522890237175954,249153318.0
2024-11-15,18.19,18.54,18.83,17.9,7925269.0,196594565.0,1.0354223433242327,0.18999999999999773,0.03180880376636205,5.068119891008172,249153318.0
2024-11-18,18.54,17.81,18.8,17.57,5314185.0,128508860.0,-3.9374325782092767,-0.7300000000000004,0.021328975438328297,6.634304207119744,249153318.0
2024-11-19,17.58,18.11,18.16,17.58,3536864.0,85296374.0,1.6844469399214024,0.3000000000000007,0.014195532407077958,3.256597417181369,249153318.0
2024-11-20,18.05,18.03,18.25,17.74,4144976.0,100501541.0,-0.4417448923246692,-0.0799999999999983,0.0166362464416388,2.8161236885698595,249153318.0
2024-11-21,17.87,18.2,18.34,17.64,4431120.0,107311629.0,0.9428729894620069,0.16999999999999815,0.017784711982041516,3.8824181919023806,249153318.0
2024-11-22,18.05,17.35,18.19,17.09,3675606.0,87902403.0,-4.670329670329654,-0.8499999999999979,0.014752386319816138,6.043956043956053,249153318.0
2024-11-25,18.2,18.11,18.51,17.76,6294334.0,153656339.0,4.3804034582132445,0.759999999999998,0.025262894552341462,4.322766570605187,249153318.0
2024-11-26,17.9,18.19,18.87,17.73,6087887.0,150214549.0,0.4417448923246914,0.08000000000000185,0.02443430032908492,6.294864715626729,249153318.0
2024-11-27,17.78,17.92,18.02,17.05,5483554.0,129357969.0,-1.4843320505772417,-0.2699999999999996,0.022008753662273124,5.3326003298515605,249153318.0
2024-11-28,17.87,18.5,19.53,17.58,8292523.0,207606931.0,3.2366071428571397,0.5799999999999983,0.03328281183074592,10.881696428571445,249153318.0
2024-11-29,18.48,18.94,19.2,18.03,8467635.0,212876424.0,2.3783783783783763,0.4400000000000013,0.0339856401189889,6.324324324324314,249153318.0
2024-12-02,19.19,19.29,19.5,19.02,8592086.0,222667372.0,1.8479408658922836,0.34999999999999787,0.0344851357749127,2.5343189017951446,249153318.0
2024-12-03,19.69,19.26,20.65,19.17,13426603.0,359870460.0,-0.15552099533435726,-0.029999999999997584,0.053888919111243785,7.672369103162244,249153318.0
2024-12-04,19.13,18.85,19.66,18.77,6235875.0,160888829.0,-2.1287642782969907,-0.41000000000000014,0.02502826392221676,4.620976116303222,249153318.0
2024-12-05,18.74,18.97,19.39,18.74,4514732.0,115896085.0,0.6366047745357983,0.11999999999999744,0.01812029651557761,3.4482758620689764,249153318.0
2024-12-06,19.02,18.76,19.03,18.46,4032296.0,101479158.0,-1.1070110701106861,-0.2099999999999973,0.016183994788301393,3.004744333157619,249153318.0
2024-12-09,18.71,19.01,19.1,18.59,3374722.0,85742769.0,1.3326226012793096,0.25,0.013544760419365557,2.718550106609816,249153318.0
2024-12-10,19.54,19.34,19.59,19.09,5965013.0,155589464.0,1.7359284587059376,0.3299999999999983,0.023941134109239516,2.6301946344029457,249153318.0
2024-12-11,19.39,19.38,19.5,19.13,3140833.0,81822887.0,0.20682523267838704,0.03999999999999915,0.01260602517844053,1.9131334022750828,249153318.0
2024-12-12,19.46,19.37,19.52,19.17,2746836.0,71335761.0,-0.051599587203288166,-0.00999999999999801,0.011024681597858552,1.8059855521155723,249153318.0
2024-12-13,19.39,19.42,19.66,19.31,4032499.0,105671365.0,0.25813113061434745,0.05000000000000071,0.01618480954766976,1.806917914300472,249153318.0
2024-12-16,19.33,18.79,19.46,18.63,3191628.0,81533057.0,-3.244078269824935,-0.6300000000000026,0.012809895632214699,4.27394438722967,249153318.0
2024-12-17,18.65,18.28,18.79,18.24,2448413.0,60802614.0,-2.7142096860031772,-0.509999999999998,0.009826933149652054,2.927088877062271,249153318.0
2024-12-18,18.5,18.36,18.59,18.11,1659760.0,40997971.0,0.4376367614879584,0.0799999999999983,0.006661601030735621,2.6258205689277925,249153318.0
2024-12-19,18.13,18.59,18.68,17.98,1712065.0,42566303.0,1.252723311546844,0.23000000000000043,0.006871532009860692,3.8126361655773384,249153318.0
2024-12-20,18.54,19.32,19.5,18.54,4422182.0,114542266.0,3.926842388380858,0.7300000000000004,0.01774883848827572,5.164066702528245,249153318.0
2024-12-23,19.37,18.67,19.44,18.62,2780900.0,71252813.0,-3.3643892339544457,-0.6499999999999986,0.011161400628026154,4.244306418219463,249153318.0
2024-12-24,18.86,18.57,19.14,18.42,2359911.0,59385170.0,-0.5356186395286677,-0.10000000000000142,0.009471722146602118,3.856454204606314,249153318.0
2024-12-25,18.57,18.07,18.57,17.95,2812900.0,68800524.0,-2.6925148088314477,-0.5,0.011289835602349875,3.3387183629510013,249153318.0
2024-12-26,18.31,18.39,18.44,17.97,3517681.0,86223304.0,1.7708909795240757,0.3200000000000003,0.014118539653563834,2.6009961261759957,249153318.0
2024-12-27,18.33,18.07,18.78,17.96,3534881.0,87419595.0,-1.7400761283306143,-0.3200000000000003,0.014187573452262835,4.458945078847202,249153318.0
2024-12-30,18.04,17.76,18.28,17.5,2797547.0,67338796.0,-1.7155506364139428,-0.3099999999999987,0.011228214909825122,4.316546762589935,249153318.0
2024-12-31,17.96,17.1,17.96,17.1,3368241.0,78737561.0,-3.716216216216217,-0.6600000000000001,0.013518748323472055,4.842342342342339,249153318.0
2025-01-02,17.09,16.68,17.31,16.55,2563360.0,58410972.0,-2.4561403508772006,-0.4200000000000017,0.010288283618201706,4.444444444444432,249153318.0
2025-01-03,16.78,16.15,16.86,16.13,2423900.0,53625725.0,-3.177458033573144,-0.5300000000000011,0.009728547945727136,4.376498800959236,249153318.0
2025-01-06,16.16,16.08,16.34,15.86,2168987.0,46965063.0,-0.43343653250774716,-0.07000000000000028,0.008705430926671424,2.9721362229102195,249153318.0
2025-01-07,16.17,16.24,16.33,15.99,2036468.0,44269927.0,0.995024875621886,0.16000000000000014,0.00817355360284626,2.1144278606965057,249153318.0
2025-01-08,16.19,16.48,16.69,15.6,3911013.0,85098815.0,1.4778325123152802,0.240000000000002,0.01569721419483565,6.711822660098534,249153318.0
2025-01-09,16.36,16.27,16.54,16.05,2631448.0,57675724.0,-1.274271844660202,-0.21000000000000085,0.010561561134819004,2.973300970873777,249153318.0
2025-01-10,16.27,16.2,16.75,16.2,2961665.0,65759543.0,-0.4302397049784856,-0.07000000000000028,0.011886917757202013,3.3804548248309816,249153318.0
2025-01-13,15.9,16.23,16.34,15.83,1417760.0,30788707.0,0.18518518518519933,0.030000000000001137,0.005690311537412478,3.148148148148147,249153318.0
2025-01-14,16.25,17.01,17.06,16.19,3058889.0,68626609.0,4.805914972273584,0.7800000000000011,0.01227713531794106,5.360443622920501,249153318.0
2025-01-15,17.07,17.03,17.24,16.77,2840963.0,64975389.0,0.11757789535566943,0.019999999999999574,0.011402469061238832,2.7630805408583115,249153318.0
2025-01-16,17.06,17.24,17.51,16.9,3217080.0,74654272.0,1.2331180270111375,0.2099999999999973,0.012912049599917428,3.581914268937187,249153318.0
2025-01-17,17.17,17.35,17.45,17.12,2003577.0,46726348.0,0.638051044083543,0.11000000000000298,0.008041542517206212,1.9141531322505703,249153318.0
2025-01-20,17.38,18.1,18.62,17.2,7662695.0,185309565.0,4.3227665706051965,0.75,0.03075493861173464,8.18443804034583,249153318.0
2025-01-21,18.04,17.86,18.04,17.51,4841926.0,115756640.0,-1.3259668508287414,-0.240000000000002,0.019433520046479975,2.928176795580097,249153318.0
2025-01-22,17.8,17.63,17.94,17.58,2452300.0,58529365.0,-1.2877939529675309,-0.23000000000000043,0.009842533985439439,2.0156774916013602,249153318.0
2025-01-23,17.81,17.64,18.02,17.61,2566433.0,61419745.0,0.05672149744753163,0.010000000000001563,0.01030061738932973,2.3255813953488382,249153318.0
2025-01-24,17.47,17.77,17.85,17.44,2367305.0,56439793.0,0.7369614512471534,0.129999999999999,0.009501398652856792,2.3242630385487533,249153318.0
2025-01-27,17.81,17.34,17.84,17.33,2283300.0,53913062.0,-2.419808666291501,-0.4299999999999997,0.009164236777292285,2.8700056274620236,249153318.0
2025-02-05,17.67,17.35,17.68,17.17,2191774.0,51344022.0,0.05767012687429851,0.010000000000001563,0.008796888669168756,2.941176470588224,249153318.0
2025-02-06,17.35,18.02,18.09,17.2,4567604.0,109518662.0,3.861671469740613,0.6699999999999982,0.018332503201903976,5.129682997118159,249153318.0
2025-02-07,17.95,18.01,18.3,17.76,4410521.0,107464601.0,-0.055493895671465676,-0.00999999999999801,0.017702035980913567,2.996670366259707,249153318.0
2025-02-10,17.95,18.07,18.07,17.75,3291990.0,79282067.0,0.3331482509716821,0.05999999999999872,0.013212707847623366,1.7767906718489743,249153318.0
2025-02-11,18.04,17.93,18.07,17.84,1755799.0,42399524.0,-0.7747648035417831,-0.14000000000000057,0.007047062483831743,1.2728278915329299,249153318.0
2025-02-12,17.93,18.33,18.39,17.81,4565497.0,111675001.0,2.230897936419396,0.3999999999999986,0.01832404656156335,3.2348020078081534,249153318.0
2025-02-13,18.33,17.83,18.33,17.83,2860065.0,69221866.0,-2.7277686852154925,-0.5,0.011479136713724197,2.727768685215494,249153318.0
2025-02-14,17.76,17.7,17.9,17.59,2714080.0,64713646.0,-0.7291082445316843,-0.129999999999999,0.010893212347266434,1.7386427369601725,249153318.0
2025-02-17,17.72,17.69,17.85,17.52,2428386.0,57815506.0,-0.056497175141234646,-0.00999999999999801,0.009746552923690144,1.8644067796610275,249153318.0
2025-02-18,17.69,17.66,18.02,17.52,3942147.0,94480223.0,-0.16958733747880483,-0.030000000000001137,0.015822173397666735,2.826455624646693,249153318.0
2025-02-19,17.63,18.16,18.28,17.55,4173646.0,101265050.0,2.8312570781426905,0.5,0.016751316151446958,4.133635334088337,249153318.0
2025-02-20,18.11,18.58,18.65,18.02,5128711.0,127605645.0,2.312775330396466,0.41999999999999815,0.020584558299962114,3.469162995594708,249153318.0
2025-02-21,18.56,18.65,18.68,18.39,3992445.0,99888907.0,0.3767491926802924,0.07000000000000028,0.016024049095745937,1.5608180839612442,249153318.0
2025-02-24,18.65,18.55,18.9,18.28,3351263.0,83723893.0,-0.5361930294906059,-0.09999999999999787,0.013450605542407427,3.3243967828418097,249153318.0
2025-02-25,18.72,18.89,19.61,18.68,7689898.0,196582443.0,1.8328840970350369,0.33999999999999986,0.03086412038068865,5.013477088948785,249153318.0
2025-02-26,18.88,19.03,19.2,18.74,5140630.0,131439380.0,0.7411328745367873,0.14000000000000057,0.020632396314304753,2.4351508734780354,249153318.0
2025-02-27,19.03,18.78,19.21,18.38,4028829.0,101418732.0,-1.3137151865475594,-0.25,0.016170079661552008,4.3615344193378975,249153318.0
2025-02-28,18.67,18.02,18.73,17.94,3577100.0,87876024.0,-4.046858359957406,-0.7600000000000016,0.014357023332918247,4.206602768903084,249153318.0
2025-03-03,18.14,17.99,18.4,17.87,2389500.0,58262304.0,-0.16648168701443034,-0.030000000000001137,0.009590480348329137,2.941176470588222,249153318.0
2025-03-04,17.87,18.39,18.51,17.87,2170319.0,53486167.0,2.2234574763757786,0.40000000000000213,0.008710777032477648,3.5575319622012262,249153318.0
2025-03-05,18.37,18.5,18.56,18.24,1967876.0,48801127.0,0.5981511691136365,0.10999999999999943,0.007898253235383363,1.740076128330616,249153318.0
2025-03-06,18.63,18.74,18.94,18.51,3373532.0,85089924.0,1.297297297297284,0.23999999999999844,0.013539984243757894,2.324324324324323,249153318.0
2025-03-07,18.8,18.6,18.8,18.44,2720827.0,68186341.0,-0.7470651013873897,-0.13999999999999702,0.010920292058884,1.9210245464247568,249153318.0
2025-03-10,18.68,18.88,19.32,18.53,4805528.0,122163838.0,1.5053763440860068,0.2799999999999976,0.01928743329037264,4.247311827956985,249153318.0
2025-03-11,18.72,18.74,19.0,18.5,2824500.0,71103327.0,-0.7415254237288171,-0.14000000000000057,0.011336393280542225,2.648305084745763,249153318.0
2025-03-12,19.61,19.0,19.83,18.97,6991958.0,181580250.0,1.3874066168623411,0.26000000000000156,0.028062873318829333,4.589114194236924,249153318.0
2025-03-13,18.72,18.59,18.93,18.39,4058500.0,101648992.0,-2.157894736842103,-0.41000000000000014,0.016289166977900733,2.8421052631578902,249153318.0
2025-03-14,18.54,18.67,18.77,18.35,2593460.0,64998049.0,0.43033889187735763,0.08000000000000185,0.010409092765924955,2.259279182356096,249153318.0
2025-03-17,18.69,18.76,18.86,18.57,2235000.0,56309825.0,0.48205677557577875,0.08999999999999986,0.008970380237922418,1.5532940546330964,249153318.0
2025-03-18,18.75,19.17,19.46,18.72,4113380.0,106123268.0,2.1855010660980723,0.41000000000000014,0.016509432958865915,3.944562899786791,249153318.0
2025-03-19,19.08,19.2,19.21,18.92,2295474.0,58952016.0,0.15649452269168584,0.029999999999997584,0.009213098257836566,1.5127803860198181,249153318.0
2025-03-20,19.1,19.25,19.46,19.04,2772273.0,71876590.0,0.26041666666667407,0.05000000000000071,0.011126775361667068,2.187500000000009,249153318.0
2025-03-21,19.28,18.93,19.28,18.86,2913530.0,74491169.0,-1.6623376623376651,-0.3200000000000003,0.011693723460668503,2.1818181818181905,249153318.0
2025-03-24,18.94,18.59,18.98,18.23,3140588.0,78505436.0,-1.79609086106709,-0.33999999999999986,0.012605041848168363,3.9619651347068143,249153318.0
2025-03-25,18.65,18.47,18.71,18.39,1342300.0,33463772.0,-0.6455083378160364,-0.120000000000001,0.005387445813585352,1.7213555675094152,249153318.0
2025-03-26,18.46,18.51,18.65,18.39,1256200.0,31321633.0,0.21656740660531693,0.0400000000000027,0.0050418754607955895,1.4076881429344776,249153318.0
2025-03-27,18.46,18.45,18.69,18.24,1561632.0,38838368.0,-0.32414910858996615,-0.060000000000002274,0.00626775518197193,2.4311183144246504,249153318.0
2025-03-28,18.45,18.25,18.67,18.21,1191100.0,29463628.0,-1.0840108401083959,-0.1999999999999993,0.004780590559905769,2.493224932249327,249153318.0
2025-03-31,18.2,18.68,19.23,17.9,6527720.0,164593321.0,2.356164383561632,0.4299999999999997,0.02619961095601384,7.287671232876722,249153318.0
2025-04-01,18.42,18.1,18.62,18.1,4164580.0,102583391.0,-3.1049250535331807,-0.5799999999999983,0.016714928917783867,2.7837259100642378,249153318.0
2025-04-02,18.12,18.24,18.47,17.99,1988491.0,48883137.0,0.7734806629834168,0.13999999999999702,0.007980993453998473,2.6519337016574607,249153318.0
2025-04-03,18.1,17.76,18.27,17.71,2269368.0,54703649.0,-2.631578947368407,-0.4799999999999969,0.009108319400346095,3.0701754385964843,249153318.0
2025-04-07,16.72,15.98,16.86,15.98,2568244.0,56073010.0,-10.022522522522525,-1.7800000000000011,0.010307886006157863,4.954954954954949,249153318.0
2025-04-08,15.98,15.23,16.17,14.71,4902542.0,101034634.0,-4.693366708385483,-0.75,0.019676807996592684,9.136420525657076,249153318.0
2025-04-09,14.86,15.74,16.05,14.32,3646932.0,74798921.0,3.348653972422855,0.5099999999999998,0.014637300555636189,11.359159553512805,249153318.0
2025-04-10,16.13,16.11,16.64,16.04,2749656.0,60199350.0,2.3506988564167663,0.3699999999999992,0.01103599992997083,3.811944091486667,249153318.0
2025-04-11,15.97,16.47,16.83,15.94,2571478.0,56834169.0,2.2346368715083775,0.35999999999999943,0.010320865965750454,5.524518932340154,249153318.0
2025-04-14,16.79,16.57,16.89,16.53,1304100.0,29297767.0,0.6071645415907767,0.10000000000000142,0.00523412656298641,2.1857923497267726,249153318.0
2025-04-15,16.51,16.6,16.69,16.35,951280.0,21163319.0,0.18105009052504784,0.030000000000001137,0.003818050699208429,2.051901025950512,249153318.0
2025-04-16,16.49,16.27,16.62,16.02,1455000.0,31859429.0,-1.987951807228927,-0.33000000000000185,0.0058397777387817085,3.6144578313253093,249153318.0
2025-04-17,16.2,16.46,16.55,16.14,780476.0,17214105.0,1.167793484941626,0.19000000000000128,0.003132512969383775,2.5199754148740023,249153318.0
2025-04-18,16.34,16.55,16.57,16.34,708900.0,15729742.0,0.5467800729040073,0.08999999999999986,0.002845236040565191,1.3973268529769163,249153318.0
2025-04-21,16.46,16.58,16.68,16.29,1626356.0,36120015.0,0.18126888217522286,0.029999999999997584,0.0065275309719134466,2.3564954682779486,249153318.0
2025-04-22,16.49,16.81,16.91,16.46,1588056.0,35790209.0,1.3872135102533267,0.23000000000000043,0.006373810362019742,2.7141133896260516,249153318.0
2025-04-23,16.79,16.92,17.16,16.72,1969710.0,44937673.0,0.65437239738253,0.11000000000000298,0.007905614164849292,2.617489589530049,249153318.0
2025-04-24,16.92,16.79,17.06,16.6,1417454.0,32028888.0,-0.768321513002379,-0.13000000000000256,0.0056890833779705075,2.718676122931426,249153318.0
2025-04-25,16.75,16.92,16.93,16.64,1089000.0,24667937.0,0.7742703990470723,0.13000000000000256,0.004370802719954145,1.727218582489572,249153318.0
2025-04-28,16.92,16.74,16.97,16.7,1107902.0,25091487.0,-1.0638297872340607,-0.18000000000000327,0.004446667653849988,1.5957446808510614,249153318.0
2025-04-29,16.92,17.42,17.52,16.84,3025650.0,70321076.0,4.062126642771835,0.6800000000000033,0.012143727501955241,4.062126642771803,249153318.0
2025-04-30,17.39,17.6,17.67,17.35,1827500.0,43133717.0,1.0332950631458004,0.17999999999999972,0.007334841111768778,1.836969001148107,249153318.0
2025-05-06,17.6,18.01,18.02,17.59,2154620.0,51779522.0,2.3295454545454453,0.41000000000000014,0.00864776763679302,2.443181818181816,249153318.0
2025-05-07,18.2,17.84,18.23,17.75,1867500.0,45162194.0,-0.9439200444197771,-0.1700000000000017,0.0074953848296734306,2.6651860077734613,249153318.0
2025-05-08,17.82,17.99,18.1,17.78,1502400.0,36363038.0,0.8408071748878809,0.14999999999999858,0.006030022044498721,1.793721973094172,249153318.0
2025-05-09,18.04,17.84,18.04,17.54,1372000.0,32817049.0,-0.8337965536409087,-0.14999999999999858,0.005506649524129556,2.7793218454697057,249153318.0
2025-05-12,18.06,18.07,18.2,17.98,1576346.0,38335820.0,1.289237668161447,0.23000000000000043,0.0063268111886031556,1.2331838565022357,249153318.0
2025-05-13,18.13,17.95,18.14,17.92,1377800.0,33388654.0,-0.6640841173215284,-0.120000000000001,0.005529928363225731,1.2174875484227938,249153318.0
2025-05-14,17.97,17.79,18.01,17.75,1093700.0,26256956.0,-0.8913649025069637,-0.16000000000000014,0.004389666606807941,1.448467966573825,249153318.0
2025-05-15,17.7,17.61,17.79,17.57,753540.0,17905470.0,-1.0118043844856595,-0.17999999999999972,0.003024402829746783,1.2366498032602524,249153318.0
2025-05-16,17.67,17.87,18.03,17.67,1564770.0,37695751.0,1.4764338444065883,0.26000000000000156,0.00628034983664155,2.0442930153321943,249153318.0
2025-05-19,18.02,17.75,18.04,17.65,1444732.0,34537748.0,-0.6715165081141672,-0.120000000000001,0.005798566166395585,2.182428651371016,249153318.0
2025-05-20,17.75,17.97,17.99,17.71,1199856.0,28855906.0,1.2394366197183038,0.21999999999999886,0.004815733579755097,1.5774647887323807,249153318.0
2025-05-21,18.02,17.78,18.02,17.65,1220500.0,29173879.0,-1.057317751808562,-0.18999999999999773,0.004898590192565688,2.0589872008903787,249153318.0
2025-05-22,17.78,17.7,18.01,17.67,1079520.0,25910480.0,-0.4499437570303799,-0.08000000000000185,0.004332753858810742,1.912260967379077,249153318.0
2025-05-23,17.67,17.61,17.89,17.59,1321220.0,31531211.0,-0.5084745762711895,-0.08999999999999986,0.005302839274249601,1.6949152542372923,249153318.0
2025-05-26,17.53,17.76,17.78,17.47,918970.0,21881540.0,0.8517887563884274,0.15000000000000213,0.003688371511070946,1.7603634298694053,249153318.0
2025-05-27,17.72,17.59,17.81,17.5,1033612.0,24519080.0,-0.9572072072072113,-0.1700000000000017,0.004148497833771574,1.745495495495488,249153318.0
2025-05-28,17.68,17.74,17.79,17.61,979454.0,23365069.0,0.8527572484366086,0.14999999999999858,0.003931129666914571,1.0233086981239325,249153318.0
2025-05-29,17.74,18.07,18.16,17.74,1673038.0,40574698.0,1.8602029312288826,0.33000000000000185,0.00671489351789407,2.3675310033821972,249153318.0
2025-05-30,18.04,17.59,18.04,17.54,2018883.0,48217476.0,-2.6563364692861136,-0.4800000000000004,0.008102974570862427,2.7670171555063643,249153318.0
2025-06-03,17.61,17.28,17.67,17.23,1949793.0,45742834.0,-1.7623649801023267,-0.3099999999999987,0.007825675434111617,2.501421262080735,249153318.0
2025-06-04,17.29,17.38,17.5,17.29,1244813.0,29168546.0,0.578703703703698,0.09999999999999787,0.004996172677901083,1.2152777777777826,249153318.0
2025-06-05,17.35,17.5,17.53,17.31,1005279.0,23608758.0,0.6904487917146263,0.120000000000001,0.004034780704786761,1.2658227848101407,249153318.0
2025-06-06,17.5,17.53,17.58,17.38,883715.0,20801912.0,0.17142857142857792,0.030000000000001137,0.003546872291702734,1.1428571428571388,249153318.0
2025-06-09,17.59,17.58,17.67,17.5,1149956.0,27241928.0,0.2852253280091199,0.04999999999999716,0.004615455291669044,0.9697661152310421,249153318.0
2025-06-10,17.61,17.35,17.64,17.15,1410960.0,32961308.0,-1.3083048919226181,-0.22999999999999687,0.005663019105368687,2.787258248009113,249153318.0
2025-06-11,17.29,17.38,17.59,17.29,1230161.0,28922196.0,0.17291066282418832,0.029999999999997584,0.004937365514032609,1.7291066282420788,249153318.0
2025-06-12,17.43,17.32,17.47,17.26,967069.0,22607018.0,-0.345224395857302,-0.05999999999999872,0.0038814213182583423,1.20828538550056,249153318.0
2025-06-13,17.32,17.06,17.35,17.0,1222508.0,28191386.0,-1.501154734411092,-0.26000000000000156,0.0049066494872045015,2.0207852193995466,249153318.0
2025-06-16,17.02,17.22,17.24,16.98,1102370.0,25446750.0,0.9378663540445586,0.16000000000000014,0.004424464457663774,1.52403282532238,249153318.0
2025-06-17,17.22,17.2,17.29,17.06,1081830.0,24986602.0,-0.11614401858304202,-0.019999999999999574,0.004342025258519736,1.3356562137049968,249153318.0
2025-06-18,17.17,17.19,17.28,17.1,919768.0,21295445.0,-0.05813953488370549,-0.00999999999999801,0.003691574358243144,1.0465116279069753,249153318.0
2025-06-19,17.21,17.09,17.32,17.0,1188069.0,27470745.0,-0.5817335660267653,-0.10000000000000142,0.004768425359681544,1.861547411285633,249153318.0
2025-06-20,17.03,17.3,17.81,17.03,3649738.0,85674140.0,1.2287887653598561,0.21000000000000085,0.0146485626974472,4.564072557050893,249153318.0
2025-06-23,17.13,17.87,17.97,16.83,5225892.0,122903773.0,3.294797687861273,0.5700000000000003,0.020974603276204415,6.589595375722547,249153318.0
2025-06-24,18.02,17.97,18.09,17.78,3663881.0,85957650.0,0.5595970900951208,0.09999999999999787,0.014705326942505337,1.7347509792949005,249153318.0
2025-06-25,18.09,18.28,18.37,17.92,3530510.0,83881859.0,1.7250973845297946,0.3100000000000023,0.014170030037488804,2.5041736227045037,249153318.0
2025-06-26,18.23,18.35,18.81,18.2,3437462.0,83142066.0,0.3829321663019636,0.07000000000000028,0.013796573240899003,3.3369803063457297,249153318.0
2025-06-27,18.46,18.56,18.77,18.2,2790660.0,67600925.0,1.1444141689373133,0.2099999999999973,0.01120057329519489,3.1062670299727535,249153318.0
2025-06-30,18.62,18.99,19.35,18.62,3258993.0,81130433.0,2.31681034482758,0.4299999999999997,0.013080271321130871,3.9331896551724164,249153318.0
2025-07-01,19.32,20.89,20.89,19.32,10855023.0,291996789.0,10.005265929436558,1.9000000000000021,0.043567643759012675,8.267509215376515,249153318.0
2025-07-02,20.89,19.37,20.99,19.15,17988553.0,465607589.0,-7.276208712302534,-1.5199999999999996,0.07219872945862194,8.80804212541886,249153318.0
2025-07-03,19.28,18.98,19.38,18.89,7917959.0,197644644.0,-2.0134228187919545,-0.39000000000000057,0.03177946440191497,2.5296850800206423,249153318.0
2025-07-04,18.96,18.6,19.03,18.53,5850450.0,143324940.0,-2.002107481559534,-0.379999999999999,0.02348132486038175,2.634351949420443,249153318.0
2025-07-07,18.4,18.59,18.74,18.4,3500634.0,85223021.0,-0.05376344086022167,-0.010000000000001563,0.01405011993458582,1.8279569892473109,249153318.0
2025-07-08,18.7,19.14,19.29,18.63,6378968.0,159426978.0,2.9585798816567976,0.5500000000000007,0.02560258097787002,3.5502958579881665,249153318.0
2025-07-09,19.15,19.46,19.61,19.15,5941525.0,151093558.0,1.6718913270637348,0.3200000000000003,0.023846862838085906,2.4033437826541317,249153318.0
2025-07-10,19.43,19.25,19.43,19.01,3192112.0,80270413.0,-1.0791366906474864,-0.21000000000000085,0.012811838211201345,2.1582733812949546,249153318.0
2025-07-11,19.24,19.22,19.3,18.99,2955536.0,74175174.0,-0.15584415584416478,-0.030000000000001137,0.011862318446026072,1.610389610389622,249153318.0
2025-07-14,19.15,19.22,19.26,18.99,2243530.0,56251426.0,0.0,0.0,0.009004616185765585,1.4047866805411193,249153318.0
2025-07-15,19.22,19.0,19.28,18.96,2129794.0,53285018.0,-1.144640998959412,-0.21999999999999886,0.008548126178275498,1.6649323621227903,249153318.0
2025-07-16,19.04,19.16,19.39,18.97,2603450.0,65548429.0,0.8421052631578885,0.16000000000000014,0.010449188559471643,2.2105263157894828,249153318.0
2025-07-17,19.09,19.32,19.41,19.07,2425792.0,61182983.0,0.8350730688935215,0.16000000000000014,0.009736141663584027,1.7745302713987468,249153318.0
2025-07-18,19.32,19.32,19.39,19.18,1733196.0,43715159.0,0.0,0.0,0.006956343242436771,1.0869565217391348,249153318.0
2025-07-21,19.45,19.28,19.45,19.17,2096926.0,52967820.0,-0.20703933747411307,-0.03999999999999915,0.008416207405273246,1.4492753623188281,249153318.0
2025-07-22,19.2,19.19,19.32,19.12,2224700.0,56044784.0,-0.4668049792531104,-0.08999999999999986,0.008929040230561971,1.0373443983402453,249153318.0
2025-07-23,19.22,19.03,19.24,18.98,1953260.0,48842090.0,-0.8337675872850503,-0.16000000000000014,0.007839590560861004,1.3548723293381866,249153318.0
2025-07-24,19.03,19.1,19.18,19.03,1904316.0,47676617.0,0.3678402522333091,0.07000000000000028,0.007643149267632872,0.7882291119285264,249153318.0
2025-07-25,19.22,19.46,19.53,19.11,3691583.0,93784564.0,1.884816753926688,0.35999999999999943,0.014816511494340203,2.1989528795811606,249153318.0
2025-07-28,19.51,19.62,19.72,19.41,2887550.0,74146437.0,0.8221993833504637,0.16000000000000014,0.011589450315889432,1.5930113052415145,249153318.0
2025-07-29,19.54,20.21,20.46,19.54,5191956.0,136381147.0,3.007135575942921,0.5899999999999999,0.020838397985934107,4.689092762487267,249153318.0
2025-07-30,20.22,20.01,20.33,19.87,3021322.0,79454408.0,-0.9896091044037547,-0.1999999999999993,0.01212635667167796,2.276100940128636,249153318.0
2025-07-31,20.01,19.97,20.3,19.87,2967688.0,78049246.0,-0.19990004997502142,-0.0400000000000027,0.011911091627525506,2.1489255372313827,249153318.0
2025-08-01,20.05,20.32,20.61,19.85,4289899.0,113846368.0,1.7526289434151243,0.3500000000000014,0.017217908372386195,3.8057085628442566,249153318.0
2025-08-04,20.16,20.98,21.06,20.16,4878270.0,132900460.0,3.2480314960629864,0.6600000000000001,0.019579390068568143,4.4291338582677096,249153318.0
2025-08-05,20.98,21.21,21.36,20.84,5228648.0,144614093.0,1.096282173498575,0.23000000000000043,0.020985664738368045,2.4785510009532867,249153318.0
2025-08-06,21.21,21.22,21.41,21.04,4361794.0,121122925.0,0.04714757190003027,0.00999999999999801,0.017506465637355067,1.744460160301749,249153318.0
2025-08-07,21.59,21.45,22.36,21.37,6203805.0,176851753.0,1.083883129123464,0.23000000000000043,0.024899547996386707,4.665409990574922,249153318.0
2025-08-08,21.45,21.4,21.58,21.22,2871853.0,80436107.0,-0.2331002331002363,-0.05000000000000071,0.011526448947390699,1.678321678321676,249153318.0
2025-08-11,21.32,21.51,21.68,21.25,2922303.0,82086675.0,0.5140186915888023,0.11000000000000298,0.01172893471159794,2.009345794392522,249153318.0
2025-08-12,21.89,21.7,22.51,21.54,4104243.0,117936152.0,0.8833100883310019,0.18999999999999773,0.016472760760103546,4.509530450953056,249153318.0
2025-08-13,21.51,21.58,21.78,21.3,3539534.0,99618491.0,-0.552995391705069,-0.120000000000001,0.014206248700248093,2.2119815668202785,249153318.0
2025-08-14,21.51,21.01,21.64,20.98,2971175.0,82834633.0,-2.641334569045395,-0.5699999999999967,0.011925087026133844,3.058387395736794,249153318.0
2025-08-15,21.36,21.17,21.36,20.92,2803083.0,77509484.0,0.7615421227986641,0.16000000000000014,0.011250434160383125,2.094240837696324,249153318.0
2025-08-18,21.18,21.57,22.11,21.11,3895390.0,109985822.0,1.8894662257912032,0.3999999999999986,0.015634509832215038,4.7236655644780345,249153318.0
2025-08-19,21.54,22.79,23.6,21.3,10477512.0,310455861.0,5.656003708854884,1.2199999999999989,0.0420524682717651,10.662957811775616,249153318.0
2025-08-20,22.35,23.17,24.12,22.3,8830064.0,268045422.0,1.6673979815708728,0.38000000000000256,0.03544028259740053,7.985958753839404,249153318.0
2025-08-21,23.06,22.66,23.23,22.52,5813815.0,173713234.0,-2.2011221406991854,-0.5100000000000016,0.023334286882745827,3.064307293914548,249153318.0
2025-08-22,22.57,22.78,23.03,22.33,3970339.0,117877686.0,0.5295675198587757,0.120000000000001,0.01593532461004593,3.0891438658429076,249153318.0
2025-08-25,23.08,22.79,23.23,22.51,4023826.0,120459253.0,0.04389815627743321,0.00999999999999801,0.016149999656035086,3.1606672519754118,249153318.0
2025-08-26,22.78,23.21,23.29,22.5,3487144.0,104667678.0,1.8429135585783296,0.4200000000000017,0.013995976565722476,3.4664326458973194,249153318.0
2025-08-27,23.21,22.61,23.71,22.61,3869427.0,117255023.0,-2.585092632486008,-0.6000000000000014,0.015530304918516076,4.739336492891002,249153318.0
2025-08-28,22.61,23.08,23.13,22.33,3873030.0,115828679.0,2.0787262273330276,0.46999999999999886,0.015544765893906338,3.5382574082264515,249153318.0
2025-08-29,23.08,23.66,23.66,22.83,4766568.0,145472747.0,2.512998266897748,0.5800000000000018,0.019131063709133506,3.596187175043336,249153318.0
2025-09-01,24.12,25.03,25.04,23.77,8309844.0,266122931.0,5.790363482671168,1.370000000000001,0.03335233127419158,5.367709213863058,249153318.0
2025-09-02,24.93,24.38,24.95,23.52,6732351.0,213688174.0,-2.59688373951259,-0.6500000000000021,0.02702091649447751,5.713144226927685,249153318.0
2025-09-03,24.66,23.06,24.7,22.89,6037987.0,186495536.0,-5.414273995077934,-1.3200000000000003,0.02423402204099887,7.424118129614434,249153318.0
2025-09-04,23.09,22.53,23.52,22.0,5835835.0,174368981.0,-2.2983521248915784,-0.5299999999999976,0.02342266619945234,6.591500433651342,249153318.0
2025-09-05,22.69,23.13,23.21,22.43,2831740.0,85084933.0,2.6631158455392656,0.5999999999999979,0.011365451693482966,3.4620505992010697,249153318.0
2025-09-08,23.18,23.45,23.59,22.94,3161120.0,96433684.0,1.3834846519671373,0.3200000000000003,0.012687448938568822,2.8102031993082517,249153318.0
2025-09-09,24.01,23.58,24.01,23.21,4231129.0,131028368.0,0.5543710021321813,0.129999999999999,0.016982029514854786,3.4115138592750567,249153318.0
2025-09-10,23.28,23.17,23.99,23.03,3089003.0,94482300.0,-1.7387616624257696,-0.4099999999999966,0.012398000655965576,4.071246819338411,249153318.0
2025-09-11,23.36,24.12,24.3,22.95,4340288.0,135334888.0,4.100129477772985,0.9499999999999993,0.01742014930742363,5.826499784203717,249153318.0
2025-09-12,24.73,24.96,26.22,24.42,8452240.0,280827006.0,3.482587064676612,0.8399999999999999,0.03392385085556035,7.462686567164168,249153318.0
2025-09-15,24.96,25.13,25.87,24.74,6423165.0,212493160.0,0.6810897435897356,0.16999999999999815,0.025779969745375816,4.5272435897436,249153318.0
2025-09-16,25.12,24.92,25.16,24.41,4545713.0,147535390.0,-0.8356545961002659,-0.2099999999999973,0.01824464163868771,2.9844807003581377,249153318.0
2025-09-17,24.82,24.85,25.17,24.65,3499095.0,113899129.0,-0.2808988764045006,-0.07000000000000028,0.014043943015039438,2.0866773675762564,249153318.0
2025-09-18,24.83,24.59,25.77,24.46,6407611.0,209971986.0,-1.0462776659959871,-0.26000000000000156,0.025717542320668592,5.271629778672027,249153318.0
2025-09-19,24.66,24.58,25.32,24.37,3400865.0,110431834.0,-0.04066693777958763,-0.010000000000001563,0.01364968777979509,3.863359089060591,249153318.0
2025-09-22,25.13,25.73,25.88,24.87,7427577.0,247349133.0,4.6786004882017895,1.1500000000000021,0.029811270665076994,4.109031733116347,249153318.0
2025-09-23,25.76,24.98,25.93,24.12,6994752.0,226272988.0,-2.914885347842988,-0.75,0.02807408729752497,7.034589972794398,249153318.0
2025-09-24,24.51,26.43,26.68,24.45,7558760.0,255433164.0,5.80464371497198,1.4499999999999993,0.030337785828724144,8.927141713370698,249153318.0
2025-09-25,26.34,25.92,26.34,25.74,4585312.0,156120912.0,-1.929625425652659,-0.509999999999998,0.01840357590582037,2.270147559591379,249153318.0
2025-09-26,25.83,25.32,26.06,25.2,3380449.0,112881169.0,-2.314814814814825,-0.6000000000000014,0.013567746266176555,3.3179012345678984,249153318.0
2025-09-29,25.32,25.51,25.66,25.2,2878233.0,95802610.0,0.750394944707744,0.19000000000000128,0.01155205567039649,1.8167456556082182,249153318.0
2025-09-30,25.5,24.99,25.5,24.94,2752360.0,90495058.0,-2.0384163073304706,-0.5200000000000031,0.011046852685301185,2.1952175617404888,249153318.0
2025-10-09,25.1,24.96,25.57,24.87,3327393.0,109647457.0,-0.12004801920767472,-0.029999999999997584,0.013354801078747825,2.801120448179269,249153318.0
2025-10-10,25.03,24.32,25.03,24.26,3257914.0,104693216.0,-2.564102564102566,-0.6400000000000006,0.013075940654340392,3.0849358974358956,249153318.0
2025-10-13,22.76,23.69,23.86,22.67,3687794.0,113259687.0,-2.5904605263157854,-0.629999999999999,0.014801303990661686,4.893092105263149,249153318.0
2025-10-14,23.93,22.91,24.12,22.81,3371960.0,103195431.0,-3.2925284930350407,-0.7800000000000011,0.01353367487564424,5.529759392148595,249153318.0
2025-10-15,23.02,23.72,23.8,22.64,2781388.0,85135539.0,3.5355739851593126,0.8099999999999987,0.01116335926138459,5.063291139240507,249153318.0
2025-10-16,23.73,23.18,23.75,23.08,2209200.0,67573645.0,-2.276559865092742,-0.5399999999999991,0.008866829539873918,2.8246205733558254,249153318.0
2025-10-17,22.99,22.11,23.28,22.05,3809080.0,111904115.0,-4.616048317515098,-1.0700000000000003,0.015288096624906275,5.3062985332182935,249153318.0
2025-10-20,22.52,22.47,22.65,22.26,2297220.0,67601470.0,1.6282225237449044,0.35999999999999943,0.009220105991123105,1.7639077340569742,249153318.0
2025-10-21,22.79,23.09,23.09,22.47,2652060.0,79456079.0,2.759234534935473,0.620000000000001,0.010644289312655271,2.759234534935474,249153318.0
2025-10-22,23.07,22.86,23.29,22.67,2178740.0,65350172.0,-0.9961022087483729,-0.23000000000000043,0.008744575498689526,2.6851450844521327,249153318.0
2025-10-23,22.61,22.98,23.03,22.36,1874536.0,55710360.0,0.5249343832021136,0.120000000000001,0.007523624469652859,2.930883639545064,249153318.0
2025-10-24,23.21,23.47,23.61,22.94,2050600.0,62797881.0,2.1322889469103545,0.48999999999999844,0.008230273698381974,2.9155787641427247,249153318.0
2025-10-27,23.67,23.61,23.99,23.39,1987401.0,61539106.0,0.5965061780996983,0.14000000000000057,0.007976618637685572,2.556455048998713,249153318.0
2025-10-28,23.68,23.85,24.04,23.41,1581330.0,49371837.0,1.016518424396451,0.240000000000002,0.006346814935854075,2.6683608640406566,249153318.0
2025-10-29,23.67,23.99,24.02,23.67,1371320.0,42874113.0,0.5870020964360512,0.13999999999999702,0.005503920280925177,1.467505241090138,249153318.0
2025-10-30,23.95,24.4,24.57,23.71,3432700.0,108954859.0,1.7090454355981777,0.41000000000000014,0.013777460511282454,3.5848270112546876,249153318.0
2025-10-31,24.81,24.86,25.57,24.43,5711450.0,188000813.0,1.885245901639343,0.46000000000000085,0.022923435440663085,4.672131147540986,249153318.0
2025-11-03,24.6,25.06,25.32,24.6,3865295.0,126718604.0,0.8045052292839916,0.1999999999999993,0.015513720752456526,2.896218825422361,249153318.0
2025-11-04,25.0,24.5,25.19,24.32,2462666.0,79548021.0,-2.2346368715083775,-0.5599999999999987,0.00988413888993443,3.4716679968076662,249153318.0
2025-11-05,24.35,24.44,24.65,23.97,2230088.0,71101207.0,-0.2448979591836653,-0.05999999999999872,0.008950665469363727,2.7755102040816317,249153318.0
2025-11-06,24.29,24.9,25.05,24.29,1953338.0,63430463.0,1.8821603927986708,0.4599999999999973,0.007839903621110918,3.109656301145669,249153318.0
2025-11-07,24.96,24.68,24.96,24.48,1964032.0,63439581.0,-0.8835341365461824,-0.21999999999999886,0.007882824984092726,1.927710843373496,249153318.0
2025-11-10,24.54,24.77,24.99,24.54,1897188.0,61424947.0,0.364667747163705,0.08999999999999986,0.007614540377102263,1.8233387358184736,249153318.0
2025-11-11,24.89,24.2,25.01,24.2,2053952.0,66246781.0,-2.301170771094063,-0.5700000000000003,0.008243727261942384,3.2700847799757864,249153318.0
2025-11-12,24.15,23.77,24.44,23.68,1702641.0,53305388.0,-1.7768595041322333,-0.4299999999999997,0.006833707909922356,3.1404958677686015,249153318.0
2025-11-13,23.88,23.67,23.93,23.58,2079300.0,64687228.0,-0.42069835927639465,-0.09999999999999787,0.008345463815978562,1.472444257467402,249153318.0
2025-11-14,23.69,23.5,23.96,23.32,1377865.0,42708710.0,-0.7182087029995898,-0.1700000000000017,0.005530189246767326,2.7038445289395883,249153318.0
2025-11-17,23.36,23.36,23.65,23.13,1519425.0,46505696.0,-0.5957446808510625,-0.14000000000000057,0.006098353464431889,2.212765957446807,249153318.0
2025-11-18,23.13,23.35,23.54,23.09,1488840.0,45435557.0,-0.04280821917806987,-0.00999999999999801,0.005975597724129044,1.9263698630136956,249153318.0
2025-11-19,23.13,22.89,23.71,22.83,1690628.0,51165806.0,-1.970021413276235,-0.46000000000000085,0.006785492617842641,3.7687366167023657,249153318.0
2025-11-20,22.98,22.67,23.56,22.6,1723160.0,51639151.0,-0.9611183923110445,-0.21999999999999886,0.006916062823614494,4.193971166448219,249153318.0
2025-11-21,22.46,21.99,22.72,21.99,1884337.0,54910415.0,-2.999558888398779,-0.6800000000000033,0.007562961694132446,3.220114689016323,249153318.0
2025-11-24,22.22,22.06,22.31,21.82,1427330.0,41228817.0,0.318326512050926,0.07000000000000028,0.005728721621921166,2.228285584356519,249153318.0
2025-11-25,22.18,22.28,22.74,22.14,1175400.0,34475802.0,0.9972801450589319,0.22000000000000242,0.004717577150628193,2.7198549410698,249153318.0
2025-11-26,22.14,22.11,22.45,22.02,1040799.0,30292077.0,-0.763016157989238,-0.1700000000000017,0.004177343526286092,1.9299820466786342,249153318.0
2025-11-27,22.19,22.64,23.29,22.17,2854520.0,85356449.0,2.3971053821800092,0.5300000000000011,0.011456881340829665,5.0655811849841585,249153318.0
2025-11-28,22.43,23.47,23.5,22.43,2448211.0,74012948.0,3.6660777385158827,0.8299999999999983,0.009826122403876637,4.726148409893994,249153318.0
2025-12-01,23.36,23.27,23.65,22.99,1908864.0,58000923.0,-0.852151682999569,-0.1999999999999993,0.007661403088358631,2.8121005538985946,249153318.0
2025-12-02,23.09,23.22,23.48,22.98,1594537.0,48589653.0,-0.21486892995272733,-0.05000000000000071,0.006399822457913243,2.1486892995272884,249153318.0
2025-12-03,23.19,23.11,23.53,23.04,1194022.0,36393599.0,-0.47372954349698126,-0.10999999999999943,0.0047923182784987035,2.1102497846683983,249153318.0
2025-12-04,23.1,23.03,23.27,22.77,1217000.0,36693065.0,-0.3461704889658135,-0.0799999999999983,0.004884542617249031,2.163565556036348,249153318.0
2025-12-05,22.95,23.22,23.23,22.84,1121103.0,33872656.0,0.8250108554059832,0.18999999999999773,0.0044996510943514706,1.6934433347807234,249153318.0
2025-12-08,23.22,23.37,23.49,23.09,1331254.0,40684290.0,0.6459948320413522,0.15000000000000213,0.005343111665885983,1.722652885443577,249153318.0
2025-12-09,23.36,23.31,23.65,23.27,1177691.0,36198943.0,-0.25673940949936247,-0.060000000000002274,0.004726772292071181,1.6260162601625974,249153318.0
2025-12-10,23.34,23.3,23.43,23.06,1151560.0,35075241.0,-0.042900042900029245,-0.00999999999999801,0.00462189309475702,1.5873015873015917,249153318.0
2025-12-11,23.34,23.05,23.4,22.98,1046800.0,31806102.0,-1.0729613733905574,-0.25,0.004201429097564737,1.8025751072961294,249153318.0
2025-12-12,23.13,23.13,23.21,22.75,1123818.0,33913068.0,0.3470715835141025,0.0799999999999983,0.004510547999204249,1.9956616052060772,249153318.0
2025-12-15,23.13,23.43,23.71,22.9,2297100.0,70318952.0,1.2970168612191912,0.3000000000000007,0.00921962435996939,3.5019455252918386,249153318.0
2025-12-16,23.41,23.15,23.48,22.74,2449106.0,74124587.0,-1.1950490823730342,-0.28000000000000114,0.009829714569564753,3.1583440034144346,249153318.0
2025-12-17,22.9,23.67,23.82,22.54,3077659.0,93524777.0,2.246220302375823,0.5200000000000031,0.012352470457567818,5.529157667386615,249153318.0
2025-12-18,23.28,23.1,23.82,23.02,2408519.0,73603764.0,-2.408111533586821,-0.5700000000000003,0.009666814872599851,3.379805661174485,249153318.0
2025-12-19,23.13,23.29,23.41,23.12,1755273.0,53480435.0,0.8225108225108135,0.18999999999999773,0.007044951333941296,1.2554112554112518,249153318.0
2025-12-22,23.29,24.8,24.92,23.29,5235343.0,166331915.0,6.483469300128819,1.5100000000000016,0.021012535743152334,6.998711893516542,249153318.0
2025-12-23,25.03,27.28,27.28,24.8,11058940.0,390412229.0,10.000000000000009,2.4800000000000004,0.04438608359211175,10.000000000000002,249153318.0
2025-12-24,28.67,28.82,29.77,28.12,19629585.0,743198697.0,5.645161290322576,1.5399999999999991,0.0787851639206346,6.048387096774189,249153318.0
2025-12-25,28.25,29.33,29.56,28.25,12524842.0,476140660.0,1.769604441360162,0.509999999999998,0.050269617521208364,4.5454545454545405,249153318.0
2025-12-26,29.12,28.61,29.42,28.23,9695134.0,364910396.0,-2.4548244118649865,-0.7199999999999989,0.03891232144859496,4.057279236276854,249153318.0
2025-12-29,28.69,28.08,28.92,27.48,7766415.0,286029429.0,-1.852499126179663,-0.5300000000000011,0.031171228472261406,5.033205173016432,249153318.0
2025-12-30,27.74,28.58,29.16,27.74,6925933.0,258100815.0,1.7806267806267817,0.5,0.027797875844462968,5.056980056980064,249153318.0
2025-12-31,28.58,27.95,29.09,27.88,4280050.0,158185876.0,-2.2043386983904845,-0.629999999999999,0.017178378495445124,4.233729881035693,249153318.0
2026-01-05,27.94,28.07,28.4,27.8,4805859.0,176582534.0,0.42933810375671566,0.120000000000001,0.019288761789638297,2.146690518783535,249153318.0
2026-01-06,28.09,28.04,28.35,27.81,4259396.0,156362220.0,-0.10687566797292769,-0.030000000000001137,0.017095481746705055,1.9237620235126565,249153318.0
2026-01-07,28.04,28.42,28.73,27.87,5314706.0,197434175.0,1.3552068473609236,0.38000000000000256,0.021331066520254006,3.067047075606275,249153318.0
2026-01-08,28.64,28.0,28.77,27.66,5487846.0,201645337.0,-1.4778325123152802,-0.4200000000000017,0.02202598000320429,3.905700211118928,249153318.0
2026-01-09,27.55,28.0,28.06,27.55,3758564.0,136998833.0,0.0,0.0,0.01508534596356449,1.8214285714285645,249153318.0
2026-01-12,28.06,28.0,28.19,27.6,4142096.0,151034877.0,0.0,0.0,0.016624687293949662,2.1071428571428568,249153318.0
2026-01-13,27.93,27.56,28.16,27.34,4062904.0,147354878.0,-1.5714285714285792,-0.4400000000000013,0.016306842841242033,2.9285714285714297,249153318.0
2026-01-14,27.77,27.65,28.18,27.2,5542600.0,200687378.0,0.3265602322206185,0.08999999999999986,0.022245740271458075,3.5558780841799726,249153318.0
2026-01-15,27.52,28.36,28.39,27.48,5942962.0,218230730.0,2.5678119349005435,0.7100000000000009,0.02385263037115163,3.2911392405063298,249153318.0
2026-01-16,28.55,29.04,29.39,28.02,6570840.0,247584481.0,2.3977433004231274,0.6799999999999997,0.026372677083915053,4.830747531734842,249153318.0
2026-01-19,29.02,29.63,29.93,28.79,5710911.0,220382013.0,2.031680440771355,0.5899999999999999,0.02292127211406432,3.925619834710746,249153318.0
2026-01-20,29.34,28.34,29.34,28.03,6130062.0,228179161.0,-4.353695578805262,-1.2899999999999991,0.02460357361165064,4.421194735065807,249153318.0
2026-01-21,28.09,31.17,31.17,27.87,7659386.0,298976835.0,9.985885673959082,2.830000000000002,0.03074165763267098,11.644318983768526,249153318.0
2026-01-22,31.68,30.78,32.06,30.16,8651967.0,348453892.0,-1.2512030798845108,-0.39000000000000057,0.03472547373420891,6.095604748155284,249153318.0
2026-01-23,31.08,30.54,31.61,30.24,4852267.0,195020613.0,-0.7797270955165803,-0.240000000000002,0.019475024611151276,4.4509421702404195,249153318.0
2026-01-26,30.35,30.03,30.74,29.9,4027263.0,159686525.0,-1.6699410609037235,-0.509999999999998,0.016163794374996043,2.7504911591355596,249153318.0
2026-01-27,29.8,29.79,30.06,28.7,5390482.0,207962164.0,-0.7992007992008054,-0.240000000000002,0.02163520053945258,4.528804528804526,249153318.0
2026-01-28,29.65,29.14,29.92,28.9,3989801.0,152375920.0,-2.1819402484055006,-0.6499999999999986,0.01601343715599244,3.4239677744209573,249153318.0
2026-01-29,29.02,27.93,29.16,27.8,4859108.0,180533348.0,-4.152367879203844,-1.2100000000000009,0.019502481600505918,4.667124227865474,249153318.0
2026-01-30,27.58,28.78,29.24,27.48,4607862.0,171509359.0,3.043322592194775,0.8500000000000014,0.018494082426789113,6.301467955603286,249153318.0
2026-02-02,28.63,27.99,29.18,27.93,3227223.0,120468871.0,-2.744961779013211,-0.7900000000000027,0.012952759473185102,4.343293954134816,249153318.0
2026-02-03,28.32,29.29,29.38,28.21,4187051.0,158336943.0,4.644515898535184,1.3000000000000007,0.016805118364909753,4.180064308681666,249153318.0
2026-02-04,29.01,28.36,29.22,28.1,3650294.0,136389159.0,-3.1751451007169695,-0.9299999999999997,0.014650794255126075,3.8238306589279536,249153318.0
2026-02-05,28.1,27.58,28.29,27.48,2746308.0,99712578.0,-2.7503526093088926,-0.7800000000000011,0.01102256242078221,2.8561354019746075,249153318.0
2026-02-06,27.48,27.87,28.37,27.38,2192160.0,79981221.0,1.0514865844815091,0.2900000000000027,0.008798437916046536,3.5895576504713635,249153318.0
2026-02-09,28.49,28.91,29.24,28.49,3673209.0,139118382.0,3.731611051309658,1.0399999999999991,0.014742765737520702,2.6910656620021527,249153318.0
2026-02-10,28.93,29.27,29.43,28.68,2584776.0,98780919.0,1.2452438602559734,0.35999999999999943,0.010374238724767856,2.5942580421999306,249153318.0
2026-02-11,29.26,29.36,30.19,29.03,2642507.0,102453524.0,0.3074820635462938,0.08999999999999986,0.010605947459226692,3.963102152374445,249153318.0
2026-02-12,29.36,29.78,30.15,29.24,2603520.0,101233419.0,1.4305177111716638,0.4200000000000017,0.010449469510977975,3.0994550408719355,249153318.0
2026-02-13,29.55,29.91,30.46,29.39,3127531.0,122873948.0,0.4365345869711268,0.129999999999999,0.012552636365051337,3.593015446608463,249153318.0
2026-02-24,30.52,29.86,30.54,29.63,3098646.0,122038926.0,-0.16716817118020977,-0.05000000000000071,0.01243670373275944,3.042460715479773,249153318.0
2026-02-25,29.86,30.1,30.23,29.32,3157682.0,123209656.0,0.8037508372404689,0.240000000000002,0.012673650206014917,3.047555257870061,249153318.0
2026-02-26,30.1,31.41,31.57,30.1,4672173.0,189892715.0,4.352159468438543,1.3099999999999987,0.018752200602843265,4.8837209302325535,249153318.0
2026-02-27,31.3,30.31,31.3,29.78,3747920.0,148813189.0,-3.5020694046482004,-1.1000000000000014,0.015042625280230064,4.839223177332058,249153318.0
2026-03-02,29.58,29.84,30.46,29.47,3745086.0,147498902.0,-1.5506433520290241,-0.46999999999999886,0.015031250757816519,3.266248762784566,249153318.0
2026-03-03,29.84,28.99,30.19,28.71,4387309.0,168013702.0,-2.8485254691689055,-0.8500000000000014,0.0176088724614135,4.959785522788205,249153318.0
2026-03-04,28.25,29.03,29.24,28.0,3012423.0,113639574.0,0.13797861331494854,0.0400000000000027,0.01209063970803712,4.277337012763017,249153318.0
2026-03-05,29.67,30.47,30.73,29.0,5956514.0,232603312.0,4.960385807785039,1.4399999999999977,0.023907022582777725,5.959352394075096,249153318.0
2026-03-06,30.02,30.96,31.57,29.99,5514460.0,222914702.0,1.6081391532655198,0.490000000000002,0.022132797765912152,5.185428290121437,249153318.0
2026-03-09,30.05,30.46,30.77,29.07,3972893.0,155612835.0,-1.6149870801033583,-0.5,0.015945575326434144,5.490956072351419,249153318.0
2026-03-10,30.91,31.26,32.38,30.6,7892981.0,324796375.0,2.626395272488513,0.8000000000000007,0.03167921287726941,5.843729481286937,249153318.0
2026-03-11,31.59,32.06,32.77,31.31,8584420.0,360395505.0,2.559181062060145,0.8000000000000007,0.03445436757137627,4.670505438259771,249153318.0
2026-03-12,31.85,30.85,32.28,30.59,6064936.0,248281702.0,-3.774173424828453,-1.2100000000000009,0.024342184357344178,5.27136618839676,249153318.0
2026-03-13,30.69,29.97,31.03,29.88,4328791.0,172367310.0,-2.85251215559158,-0.8800000000000026,0.017374005029304886,3.7277147487844475,249153318.0
2026-03-16,29.77,29.32,29.96,28.5,4792986.0,183872166.0,-2.168835502168831,-0.6499999999999986,0.019237094807623634,4.871538204871541,249153318.0
2026-03-17,29.66,28.4,29.66,28.05,4048455.0,151725646.0,-3.137789904502053,-0.9200000000000017,0.016248850436741926,5.491132332878579,249153318.0
2026-03-18,28.68,29.23,29.31,28.45,3776740.0,142746487.0,2.9225352112676184,0.8300000000000018,0.015158297028980364,3.0281690140845052,249153318.0
2026-03-19,28.63,28.62,29.13,28.44,2824123.0,106394932.0,-2.0868970236058826,-0.6099999999999994,0.011334880156000973,2.3605884365377956,249153318.0
2026-03-20,28.74,28.09,29.36,28.09,3045292.0,115148566.0,-1.85185185185186,-0.5300000000000011,0.01222256249463232,4.4374563242487755,249153318.0
2026-03-23,27.48,26.17,27.76,25.88,5074104.0,178959194.0,-6.835172659309352,-1.9199999999999982,0.02036538802987163,6.692773228907094,249153318.0
2026-03-24,26.49,27.0,27.0,25.96,2730433.0,94787039.0,3.171570500573173,0.8299999999999983,0.010958846632738802,3.974016048910963,249153318.0
2026-03-25,27.26,28.37,28.98,27.21,4488036.0,165309492.0,5.074074074074075,1.370000000000001,0.018013149638248044,6.555555555555554,249153318.0
2026-03-26,28.08,27.58,28.86,27.38,2573735.0,94275664.0,-2.7846316531547455,-0.7900000000000027,0.010329924645033224,5.216778286922807,249153318.0
2026-03-27,27.09,27.15,27.64,26.74,2375000.0,84545257.0,-1.5591007976794802,-0.4299999999999997,0.0095322832505887,3.2632342277012407,249153318.0
2026-03-30,26.75,27.61,27.82,26.69,1966190.0,70431417.0,1.694290976058932,0.46000000000000085,0.007891486317673682,4.162062615101285,249153318.0
2026-03-31,27.61,26.79,27.72,26.63,2136080.0,75762661.0,-2.969938428105756,-0.8200000000000003,0.008573355623544214,3.9478449837015566,249153318.0
2026-04-01,27.41,28.03,28.29,27.3,3291100.0,120400477.0,4.6285927584919895,1.240000000000002,0.013209135749899988,3.695408734602458,249153318.0
2026-04-02,28.17,27.45,28.36,27.1,2316500.0,84008822.0,-2.069211559043893,-0.5800000000000018,0.009297488063153147,4.495183731716011,249153318.0
2026-04-03,27.65,29.0,29.85,27.65,6048266.0,229604009.0,5.64663023679417,1.5500000000000007,0.024275277762907416,8.014571948998189,249153318.0
2026-04-07,29.3,29.22,30.15,28.89,4872876.0,188091019.0,0.7586206896551762,0.21999999999999886,0.0195577407482087,4.34482758620689,249153318.0
2026-04-08,30.11,32.14,32.14,29.4,9334251.0,380545149.0,9.993155373032181,2.9200000000000017,0.03746388398488035,9.377138945927454,249153318.0
2026-04-09,31.97,33.74,34.26,31.13,11960000.0,519103908.0,4.978220286247681,1.6000000000000014,0.04800257165349089,9.738643434971994,249153318.0
2026-04-10,33.74,33.23,33.79,32.91,6961256.0,303332134.0,-1.5115589804386653,-0.5100000000000051,0.027939647988151618,2.608180201541205,249153318.0
2026-04-13,33.23,33.78,34.35,33.13,6708173.0,297763612.0,1.6551309058080221,0.5500000000000043,0.02692387584419004,3.6713812819741167,249153318.0
2026-04-14,34.0,33.57,34.04,33.32,5037122.0,221758036.0,-0.6216696269982225,-0.21000000000000085,0.020216957335482885,2.131438721136764,249153318.0
2026-04-15,33.58,32.9,33.85,32.74,4746048.0,206684965.0,-1.9958296097706385,-0.6700000000000017,0.01904870478184842,3.306523681858801,249153318.0
2026-04-16,32.89,33.48,33.61,32.57,4754736.0,206241268.0,1.7629179331307032,0.5799999999999983,0.01908357487737731,3.1610942249240095,249153318.0
2026-04-17,33.68,36.84,36.84,33.61,8097001.0,378118794.0,10.035842293906839,3.3600000000000065,0.032498066110442085,9.647550776583047,249153318.0
2026-04-20,36.84,35.29,37.03,34.71,10029560.0,466037908.0,-4.20738327904453,-1.5500000000000043,0.04025457128369449,6.297502714440825,249153318.0
2026-04-21,35.13,35.36,36.26,34.43,7729034.0,358672226.0,0.19835647492207897,0.07000000000000028,0.03102119635428656,5.1856049872485075,249153318.0
2026-04-22,34.85,35.88,36.49,34.85,9986750.0,466846450.0,1.4705882352941346,0.5200000000000031,0.04008274936960703,4.638009049773757,249153318.0
2026-04-23,35.58,34.57,35.79,34.13,8061204.0,367233371.0,-3.6510590858417014,-1.3100000000000023,0.03235439152369626,4.626532887402443,249153318.0
2026-04-24,34.36,35.06,35.96,34.14,7578968.0,348129004.0,1.417413942724921,0.490000000000002,0.030418892515009573,5.264680358692509,249153318.0
2026-04-27,35.76,36.84,37.62,35.26,10329309.0,491310234.0,5.077010838562468,1.7800000000000011,0.04145764175614952,6.7313177410154,249153318.0
2026-04-28,36.36,35.64,36.52,35.3,6325574.0,297309645.0,-3.2573289902280256,-1.2000000000000028,0.025388279196024995,3.3116178067318294,249153318.0
2026-04-29,34.95,35.77,36.81,34.95,5926240.0,279165214.0,0.3647586980920492,0.13000000000000256,0.02378551506988159,5.218855218855217,249153318.0
2026-04-30,35.73,35.79,36.62,35.56,4345766.0,204257626.0,0.05591277606931122,0.01999999999999602,0.017442135769590673,2.963377131674574,249153318.0
2026-05-06,36.8,36.39,37.5,36.23,8066741.0,389549273.0,1.67644593461862,0.6000000000000014,0.032376614787847216,3.548477228276064,249153318.0
2026-05-07,37.1,37.24,37.68,36.45,7354853.0,358712104.0,2.3358065402583117,0.8500000000000014,0.029519386131554547,3.3800494641384913,249153318.0
2026-05-08,36.49,37.09,37.75,35.66,5906833.0,285959121.0,-0.4027926960257777,-0.14999999999999858,0.023707623271547202,5.612244897959193,249153318.0
2026-05-11,37.64,38.82,39.29,36.88,10734798.0,533725790.0,4.664330008088435,1.7299999999999969,0.043085109546885506,6.497708277163647,249153318.0
2026-05-12,39.26,42.71,42.71,37.44,14777267.0,762797160.0,10.020607934054615,3.8900000000000006,0.059309934616243,13.575476558475023,249153318.0
2026-05-13,41.84,46.98,46.98,40.92,12275321.0,722747698.0,9.997658627955964,4.269999999999996,0.0492681417953262,14.188714586747823,249153318.0
2026-05-14,48.1,49.34,51.67,46.57,21504002.0,1381541626.0,5.023414218816535,2.3600000000000065,0.0863083107727267,10.855683269476376,249153318.0
2026-05-15,49.34,50.39,52.65,46.26,20319676.0,1306489978.0,2.128090798540727,1.0499999999999972,0.08155490829144808,12.95095257397649,249153318.0
2026-05-18,46.91,45.35,49.08,45.35,14527643.0,893464932.0,-10.001984520738239,-5.039999999999999,0.05830804549028723,7.402262353641589,249153318.0
2026-05-19,43.17,45.12,47.03,42.46,14787332.0,866081344.0,-0.5071664829107037,-0.23000000000000398,0.05935033142926076,10.07717750826902,249153318.0
2026-05-20,44.28,47.65,49.11,44.28,12834611.0,795176670.0,5.607269503546108,2.530000000000001,0.051512904194998516,10.70478723404255,249153318.0
2026-05-21,47.58,45.08,49.62,44.66,17255985.0,1071461759.0,-5.393494228751317,-2.5700000000000003,0.06925849970017256,10.409233997901367,249153318.0
2026-05-22,45.31,46.19,46.57,44.09,12835244.0,765495049.0,2.462289263531492,1.1099999999999994,0.05151544479933436,5.501330967169469,249153318.0
2026-05-25,46.36,50.81,50.81,46.36,13443454.0,854629592.0,10.00216497077291,4.6200000000000045,0.05395655216600407,9.634119939380826,249153318.0
2026-05-26,53.84,52.59,55.3,49.61,22119896.0,1503103988.0,3.503247392245612,1.7800000000000011,0.08878025858760588,11.198582956110997,249153318.0
2026-05-27,50.99,55.03,57.84,50.14,20881909.0,1448121255.0,4.6396653356151285,2.4399999999999977,0.08381148269516524,14.641566837801868,249153318.0
2026-05-28,53.2,57.26,59.47,51.91,17424392.0,1262828764.0,4.052335089950931,2.229999999999997,0.06993441684770178,13.737961112120663,249153318.0
2026-05-29,56.5,51.53,57.72,51.53,14842453.0,1069491526.0,-10.006985679357317,-5.729999999999997,0.059571564686126316,10.810338805448827,249153318.0
2026-06-01,49.63,52.37,53.81,48.01,15766036.0,1051576119.0,1.6301183776440853,0.8399999999999963,0.06327845090146461,11.255579274209207,249153318.0
2026-06-02,51.43,53.4,54.95,50.4,13598625.0,944157502.0,1.9667748711094113,1.0300000000000011,0.054579345397278635,8.688180255871691,249153318.0
2026-06-03,52.68,51.91,55.95,50.91,16872470.0,1193120949.0,-2.790262172284652,-1.490000000000002,0.0677192266008675,9.438202247191024,249153318.0
2026-06-04,50.39,51.98,52.59,49.75,12611116.0,841366386.0,0.13484877672895745,0.07000000000000028,0.050615886239171015,5.471007513003282,249153318.0
2026-06-05,51.3,50.78,53.27,49.24,11186058.0,748176385.0,-2.3085802231627484,-1.1999999999999957,0.044896283500426834,7.752981916121588,249153318.0
2026-06-08,54.3,55.86,55.86,51.05,15047303.0,816606208.0,10.00393855848758,5.079999999999998,0.046456730212329905,9.472233162662471,323899313.0
2026-06-09,57.82,53.97,58.09,52.0,25393674.0,1384367725.0,-3.383458646616544,-1.8900000000000006,0.0783999007741026,10.902255639097751,323899313.0
2026-06-10,51.81,55.3,55.45,51.05,20604414.0,1090589041.0,2.4643320363164634,1.3299999999999983,0.06361363909407242,8.152677413377814,323899313.0
2026-06-11,56.4,59.1,59.9,54.03,26447987.0,1519329952.0,6.871609403254975,3.8000000000000043,0.08165496479456874,10.614828209764916,323899313.0
2026-06-12,58.51,54.1,64.4,54.0,29041818.0,1718909779.0,-8.46023688663282,-5.0,0.08966310465746495,17.597292724196286,323899313.0
2026-06-15,53.0,56.49,56.8,51.43,22075387.0,1210981858.0,4.417744916820698,2.3900000000000006,0.06815509052963012,9.9260628465804,323899313.0
2026-06-16,55.61,58.94,59.5,54.91,23078722.0,1330527375.0,4.3370508054522805,2.4499999999999957,0.07125276613352989,8.125331917153485,323899313.0
2026-06-17,57.53,62.4,64.63,57.52,24674821.0,1505993002.0,5.870376654224629,3.460000000000001,0.07618052897815192,12.06311503223616,323899313.0
2026-06-18,61.0,60.98,64.28,60.4,19434449.0,1195433424.0,-2.2756410256410287,-1.4200000000000017,0.06000151349502862,6.2179487179487225,323899313.0
2026-06-22,61.0,65.8,66.42,59.8,24569205.0,1546570453.0,7.90423089537553,4.82,0.07585445233716813,10.856018366677606,323899313.0
2026-06-23,66.0,63.76,66.0,61.15,17899506.0,1134288345.0,-3.1003039513677777,-2.039999999999999,0.055262562412412404,7.370820668693012,323899313.0
