date,open,close,high,low,volume,amount,pct_chg,change,turnover,amplitude,outstanding_share
2023-06-26,36.98,35.03,37.0,35.03,14112100.0,499015047.0,,,0.0901116451874005,,156606840.0
2023-06-27,32.79,31.56,33.0,31.53,23499364.0,750097856.0,-9.905795032829012,-3.4700000000000024,0.15005324160809325,4.196403083071649,156606840.0
2023-06-28,30.99,29.58,31.0,28.88,23502334.0,700097865.0,-6.273764258555136,-1.9800000000000004,0.1500722062969919,6.717363751584288,156606840.0
2023-06-29,29.68,29.42,29.89,28.82,15720160.0,461636155.0,-0.5409060175794345,-0.1599999999999966,0.10037977906967538,3.6173089925625437,156606840.0
2023-06-30,29.19,29.28,29.85,28.88,14779924.0,434079553.0,-0.47586675730795225,-0.14000000000000057,0.09437598000189519,3.297076818490831,156606840.0
2023-07-03,29.28,30.75,31.15,29.18,25232222.0,766682814.0,5.020491803278682,1.4699999999999989,0.1611182627783052,6.728142076502729,156606840.0
2023-07-04,31.16,31.94,33.12,31.0,22623237.0,722095441.0,3.8699186991870027,1.1900000000000013,0.1444588052475869,6.894308943089422,156606840.0
2023-07-05,31.94,30.52,32.0,30.5,12926240.0,400716596.0,-4.445835942391985,-1.4200000000000017,0.08253943442061662,4.69630557294928,156606840.0
2023-07-06,30.37,30.16,31.88,29.9,15349059.0,471099532.0,-1.1795543905635641,-0.35999999999999943,0.09801014438449815,6.487549148099609,156606840.0
2023-07-07,31.13,30.72,31.5,30.07,14284367.0,439189303.0,1.8567639257294433,0.5599999999999987,0.09121164184144191,4.7413793103448265,156606840.0
2023-07-10,30.42,29.25,30.42,29.02,10635122.0,312749859.0,-4.78515625,-1.4699999999999989,0.06790969027917299,4.557291666666674,156606840.0
2023-07-11,29.13,28.3,29.64,28.3,11924631.0,343503072.0,-3.2478632478632474,-0.9499999999999993,0.07614374314685106,4.581196581196581,156606840.0
2023-07-12,27.72,26.4,27.99,26.23,17473136.0,467947352.0,-6.7137809187279185,-1.9000000000000021,0.11157326206186141,6.219081272084798,156606840.0
2023-07-13,26.29,27.4,27.68,25.81,14318870.0,382917082.0,3.7878787878787845,1.0,0.09143195788894022,7.0833333333333375,156606840.0
2023-07-14,27.4,27.14,27.92,27.02,9101300.0,249981235.0,-0.9489051094890399,-0.259999999999998,0.058115596994358615,3.284671532846723,156606840.0
2023-07-17,27.4,26.53,27.49,26.32,7547701.0,201087250.0,-2.247605011053788,-0.6099999999999994,0.04819521931481409,4.310980103168747,156606840.0
2023-07-18,26.63,26.18,26.88,26.06,5441924.0,143427352.0,-1.3192612137203241,-0.3500000000000014,0.03474895477106875,3.0908405578590283,156606840.0
2023-07-19,26.53,26.47,27.16,26.28,8226300.0,219034799.0,1.1077158135981646,0.28999999999999915,0.05252835699896633,3.3613445378151225,156606840.0
2023-07-20,26.37,26.24,26.75,26.0,5597504.0,147088962.0,-0.8689081979599611,-0.23000000000000043,0.035742397969335184,2.8333962976955047,156606840.0
2023-07-21,26.05,26.42,26.73,25.92,7376084.0,195101788.0,0.6859756097561176,0.18000000000000327,0.0470993731819121,3.0868902439024346,156606840.0
2023-07-24,27.28,28.13,29.06,26.4,26531758.0,731642769.0,6.472369417108248,1.7099999999999973,0.1694163422236219,10.068130204390613,156606840.0
2023-07-25,27.5,27.37,28.12,26.96,18600036.0,508893437.0,-2.7017419125488717,-0.759999999999998,0.11876898863421291,4.123711340206186,156606840.0
2023-07-26,27.11,25.88,27.25,25.69,13302973.0,347835246.0,-5.443916697113638,-1.490000000000002,0.08494503177511276,5.699671172816948,156606840.0
2023-07-27,25.51,24.73,25.63,24.4,13428188.0,334685964.0,-4.443585780525494,-1.1499999999999986,0.08574458178199625,4.752704791344669,156606840.0
2023-07-28,24.38,24.5,25.04,24.0,7484880.0,183607023.0,-0.9300444803881924,-0.23000000000000043,0.04779408102481347,4.205418520016171,156606840.0
2023-07-31,24.36,24.44,25.02,24.16,6160696.0,151458017.0,-0.2448979591836653,-0.05999999999999872,0.03933861381788944,3.5102040816326507,156606840.0
2023-08-01,24.61,24.28,24.78,24.07,5466800.0,133026281.0,-0.6546644844517169,-0.16000000000000014,0.034907798407783464,2.905073649754504,156606840.0
2023-08-02,24.2,24.21,24.43,24.0,5354434.0,129524595.0,-0.2883031301482708,-0.07000000000000028,0.0341902946257009,1.7710049423393728,156606840.0
2023-08-03,24.21,23.83,24.38,23.62,6675199.0,159829548.0,-1.569599339116079,-0.38000000000000256,0.04262393009143151,3.1391986782321273,156606840.0
2023-08-04,23.88,24.44,24.47,23.88,8930534.0,216637417.0,2.5597985732270345,0.610000000000003,0.057025184851440716,2.475870751154007,156606840.0
2023-08-07,24.6,24.5,24.88,24.35,6307300.0,155113590.0,0.24549918166938411,0.05999999999999872,0.040274741511928856,2.1685761047463075,156606840.0
2023-08-08,24.4,24.67,24.95,24.2,5975020.0,147544573.0,0.6938775510204165,0.1700000000000017,0.038152995105450054,3.061224489795918,156606840.0
2023-08-09,24.53,23.85,24.58,23.84,6238743.0,150431295.0,-3.3238751520064835,-0.8200000000000003,0.039836976469227015,2.9995946493717,156606840.0
2023-08-10,23.92,23.9,24.22,23.78,3565020.0,85513533.0,0.20964360587001352,0.04999999999999716,0.02276413980385531,1.844863731656175,156606840.0
2023-08-11,23.78,23.64,24.26,23.64,4753504.0,113968826.0,-1.087866108786606,-0.259999999999998,0.030353105905208226,2.5941422594142303,156606840.0
2023-08-14,23.2,24.17,24.18,23.03,5062100.0,120781407.0,2.2419627749576954,0.5300000000000011,0.032323620092200314,4.8646362098138685,156606840.0
2023-08-15,24.15,23.2,24.35,22.9,7700650.0,180945253.0,-4.013239553165093,-0.9700000000000024,0.04917186248059152,5.999172527927193,156606840.0
2023-08-16,22.9,22.53,23.13,22.48,6543100.0,148676213.0,-2.887931034482749,-0.6699999999999982,0.04178042287297285,2.8017241379310285,156606840.0
2023-08-17,22.0,23.15,23.26,22.0,6088800.0,139726419.0,2.751886373723922,0.6199999999999974,0.038879527867365184,5.592543275632496,156606840.0
2023-08-18,23.22,22.21,23.28,22.21,4857696.0,110012975.0,-4.060475161987032,-0.9399999999999977,0.03101841528760813,4.622030237580995,156606840.0
2023-08-21,22.33,22.44,22.92,22.22,4132500.0,93397426.0,1.035569563259786,0.23000000000000043,0.026387736321095555,3.151733453399382,156606840.0
2023-08-22,22.7,23.15,23.15,22.23,6100569.0,138732642.0,3.1639928698752096,0.7099999999999973,0.038954677841657494,4.099821746880562,156606840.0
2023-08-23,22.88,22.04,23.0,21.9,6275337.0,140049519.0,-4.79481641468682,-1.1099999999999994,0.04007064442396003,4.751619870410374,156606840.0
2023-08-24,22.0,22.37,22.64,21.99,5233144.0,116979518.0,1.4972776769510032,0.33000000000000185,0.03341580738108246,2.9491833030853094,156606840.0
2023-08-25,22.01,21.35,22.25,21.29,5209679.0,112743596.0,-4.559678140366563,-1.0199999999999996,0.03326597356794889,4.291461779168533,156606840.0
2023-08-28,22.36,21.28,22.36,21.23,5426379.0,117376908.0,-0.3278688524590123,-0.07000000000000028,0.034649693461664896,5.292740046838403,156606840.0
2023-08-29,21.23,22.35,22.5,21.11,7767192.0,171466612.0,5.028195488721798,1.0700000000000003,0.04959676090776112,6.531954887218047,156606840.0
2023-08-30,22.65,23.37,24.13,22.4,14374100.0,336790094.0,4.563758389261752,1.0199999999999996,0.0917846244774494,7.740492170022373,156606840.0
2023-08-31,23.45,25.71,25.71,23.03,21596980.0,537514597.0,10.01283697047497,2.34,0.13790572621221397,11.467693624304662,156606840.0
2023-09-01,25.71,26.14,27.38,24.75,36477817.0,962777583.0,1.6725009723842943,0.4299999999999997,0.2329260778137149,10.229482691559701,156606840.0
2023-09-04,26.14,26.52,27.14,25.81,20496396.0,541318373.0,1.4537107880642663,0.379999999999999,0.13087803827725533,5.0879877582249495,156606840.0
2023-09-05,26.35,25.91,26.57,25.66,13027835.0,338780496.0,-2.300150829562597,-0.6099999999999994,0.0831881608747102,3.431372549019608,156606840.0
2023-09-06,26.0,25.36,26.01,25.28,8789532.0,224466505.0,-2.1227325357005,-0.5500000000000007,0.05612482826420608,2.8174450019297583,156606840.0
2023-09-07,25.62,25.44,26.7,24.81,13927916.0,358689602.0,0.3154574132492094,0.08000000000000185,0.0889355535173304,7.45268138801262,156606840.0
2023-09-08,25.72,25.59,26.12,24.89,11204580.0,286695300.0,0.5896226415094352,0.14999999999999858,0.07154591715151139,4.83490566037736,156606840.0
2023-09-11,25.8,26.1,26.66,25.4,12554860.0,326915254.0,1.992966002344665,0.5100000000000016,0.08016801820405801,4.923798358733887,156606840.0
2023-09-12,26.04,25.63,26.4,25.59,8796600.0,227303505.0,-1.8007662835249127,-0.4700000000000024,0.05616996039253458,3.103448275862064,156606840.0
2023-09-13,25.77,25.08,26.11,24.88,7854459.0,198351995.0,-2.145922746781115,-0.5500000000000007,0.05015399710510729,4.799063597346861,156606840.0
2023-09-14,24.93,26.42,27.02,24.93,16441700.0,426019388.0,5.342902711323783,1.3400000000000034,0.10498711295113292,8.333333333333332,156606840.0
2023-09-15,26.92,28.1,28.78,26.42,24824743.0,683467033.0,6.358819076457234,1.6799999999999997,0.15851633938849669,8.932626797880392,156606840.0
2023-09-18,27.89,28.65,30.46,27.1,20234031.0,586702354.0,1.9572953736654686,0.5499999999999972,0.12920272830995122,11.957295373665477,156606840.0
2023-09-19,28.92,27.25,28.92,26.66,12474319.0,342650007.0,-4.88656195462478,-1.3999999999999986,0.07965373032237928,7.8883071553228685,156606840.0
2023-09-20,27.6,28.41,29.39,27.4,15160803.0,431534769.0,4.2568807339449455,1.1600000000000001,0.09680805129584379,7.302752293577989,156606840.0
2023-09-21,28.36,28.03,29.26,27.65,11891640.0,336842707.0,-1.3375571981696588,-0.379999999999999,0.07593308185006478,5.667018655403037,156606840.0
2023-09-22,28.0,28.83,29.22,27.4,12076002.0,343093393.0,2.8540849090260334,0.7999999999999972,0.07711031012438538,6.49304316803425,156606840.0
2023-09-25,29.2,30.0,30.17,28.45,15015252.0,440796432.0,4.058272632674309,1.1700000000000017,0.09587864744605025,5.966007630940002,156606840.0
2023-09-26,29.5,28.86,31.48,28.68,15818635.0,474301596.0,-3.8000000000000034,-1.1400000000000006,0.10100858302229966,9.333333333333336,156606840.0
2023-09-27,29.1,28.89,29.77,28.11,10607511.0,308812860.0,0.10395010395010118,0.030000000000001137,0.06773338252658696,5.751905751905753,156606840.0
2023-09-28,29.1,29.9,30.56,28.0,14220623.0,416081465.0,3.496019383869853,1.009999999999998,0.09080460981142331,8.86119764624437,156606840.0
2023-10-09,29.89,32.29,32.89,29.64,20930696.0,666299584.0,7.993311036789308,2.3900000000000006,0.13365122494011117,10.869565217391305,156606840.0
2023-10-10,32.29,35.52,35.52,32.16,23392036.0,793756072.0,10.003096934035316,3.230000000000004,0.14936790755754986,10.405698358624981,156606840.0
2023-10-11,35.8,36.99,38.98,34.44,25337000.0,918597287.0,4.138513513513509,1.4699999999999989,0.16178731401514773,12.78153153153153,156606840.0
2023-10-12,36.25,36.8,37.73,36.02,14497743.0,533960875.0,-0.5136523384698721,-0.19000000000000483,0.09257413660859258,4.622871046228693,156606840.0
2023-10-13,36.6,36.45,37.05,35.33,15388440.0,555522888.0,-0.9510869565217184,-0.3499999999999943,0.09826160849679362,4.673913043478258,156606840.0
2023-10-16,35.86,35.51,37.34,35.3,11886816.0,431032030.0,-2.578875171467776,-0.9400000000000048,0.07590227859779304,5.596707818930058,156606840.0
2023-10-17,35.87,37.01,37.8,35.38,16576610.0,606860064.0,4.224162207828774,1.5,0.10584856957716533,6.814981695297084,156606840.0
2023-10-18,36.77,37.18,37.86,35.14,13574934.0,494453439.0,0.4593353147797963,0.1700000000000017,0.0866816162052692,7.349365036476625,156606840.0
2023-10-19,37.17,37.15,38.0,36.75,13954481.0,521818959.0,-0.08068854222700317,-0.030000000000001137,0.08910518212359052,3.3620225927918237,156606840.0
2023-10-20,37.0,33.47,37.0,33.44,12626634.0,431506451.0,-9.905787348586815,-3.6799999999999997,0.08062632513369147,9.582772543741596,156606840.0
2023-10-23,32.84,30.12,33.94,30.12,16100888.0,508995514.0,-10.008963250672242,-3.349999999999998,0.10281088616563619,11.41320585599043,156606840.0
2023-10-24,30.6,32.84,33.13,30.4,21385635.0,695741511.0,9.030544488711833,2.7200000000000024,0.13655620022726978,9.063745019920331,156606840.0
2023-10-25,33.13,35.16,36.05,31.52,21489060.0,732532942.0,7.064555420219221,2.319999999999993,0.13721661199472512,13.794153471376362,156606840.0
2023-10-26,35.0,34.61,36.0,33.52,14510938.0,506241252.0,-1.5642775881683613,-0.5499999999999972,0.0926583921877231,7.053469852104656,156606840.0
2023-10-27,34.4,34.61,35.32,33.8,10761089.0,371930475.0,0.0,0.0,0.06871404211974394,4.391794279110093,156606840.0
2023-10-30,33.89,33.18,34.08,32.45,10147448.0,339409237.0,-4.131753828373297,-1.4299999999999997,0.06479568836201535,4.709621496677248,156606840.0
2023-10-31,33.77,32.59,34.34,32.52,7951600.0,264359190.0,-1.7781796262808847,-0.5899999999999963,0.05077428291127003,5.48523206751055,156606840.0
2023-11-01,32.96,35.85,35.85,32.66,17267004.0,611403953.0,10.00306842589751,3.259999999999998,0.11025702325645546,9.788278613071508,156606840.0
2023-11-02,35.84,34.4,35.84,33.99,17881800.0,621768159.0,-4.044630404463046,-1.4500000000000028,0.11418275217097797,5.1603905160390555,156606840.0
2023-11-03,34.7,36.29,36.6,34.31,15864994.0,564670661.0,5.49418604651164,1.8900000000000006,0.10130460457538125,6.656976744186044,156606840.0
2023-11-06,36.3,38.55,39.36,35.91,19534462.0,734557285.0,6.227610912096981,2.259999999999998,0.12473568842842368,9.506751171121529,156606840.0
2023-11-07,38.28,40.7,41.23,38.0,19064480.0,762254916.0,5.577172503242567,2.1500000000000057,0.12173465731126432,8.378728923475997,156606840.0
2023-11-08,40.83,39.39,40.83,38.9,12778598.0,506407753.0,-3.218673218673229,-1.3100000000000023,0.08159667866358838,4.742014742014741,156606840.0
2023-11-09,39.03,39.15,40.1,38.43,8920248.0,349413669.0,-0.6092916984006158,-0.240000000000002,0.056959504450763455,4.239654734704244,156606840.0
2023-11-10,39.16,38.39,39.59,37.83,7648464.0,295548109.0,-1.9412515964240096,-0.759999999999998,0.04883863310184919,4.495530012771405,156606840.0
2023-11-13,38.38,38.07,38.66,37.7,6564616.0,250074874.0,-0.8335504037509822,-0.3200000000000003,0.041917811508105265,2.5006512112529142,156606840.0
2023-11-14,38.28,39.05,39.62,37.67,11190947.0,432215801.0,2.57420541108484,0.9799999999999969,0.07145886475967461,5.122143420015749,156606840.0
2023-11-15,39.5,37.55,39.88,37.3,12358371.0,475929274.0,-3.8412291933418663,-1.5,0.07891335397610985,6.606914212548029,156606840.0
2023-11-16,37.0,37.36,38.28,36.8,6243056.0,234077028.0,-0.5059920106524562,-0.18999999999999773,0.03986451677334144,3.941411451398147,156606840.0
2023-11-17,37.29,37.2,37.77,36.49,6182968.0,229073399.0,-0.4282655246252598,-0.1599999999999966,0.03948082982837787,3.426124197002144,156606840.0
2023-11-20,37.14,38.67,39.51,37.14,8423320.0,322198221.0,3.9516129032258096,1.4699999999999989,0.05378641188341454,6.370967741935477,156606840.0
2023-11-21,38.6,37.59,38.8,37.3,6231892.0,236616447.0,-2.7928626842513515,-1.0799999999999983,0.03979322997641738,3.8789759503491075,156606840.0
2023-11-22,38.0,39.21,41.0,37.7,17895677.0,704969683.0,4.309656823623298,1.6199999999999974,0.11427136260459632,8.778930566640057,156606840.0
2023-11-23,38.98,37.8,38.98,36.28,7734212.0,289743665.0,-3.5960214231063548,-1.4100000000000037,0.049386169850563356,6.885998469778107,156606840.0
2023-11-24,37.81,34.88,37.94,34.02,11453833.0,401222482.0,-7.724867724867712,-2.9199999999999946,0.07313750152930741,10.370370370370356,156606840.0
2023-11-27,34.9,33.58,35.73,33.23,7644895.0,259821318.0,-3.727064220183496,-1.3000000000000043,0.04881584354808513,7.16743119266055,156606840.0
2023-11-28,33.65,33.3,34.15,32.9,5027900.0,167767750.0,-0.8338296605122086,-0.28000000000000114,0.032105238826094694,3.7224538415723645,156606840.0
2023-11-29,33.4,33.79,34.5,33.4,5310300.0,180719285.0,1.471471471471486,0.490000000000002,0.03390848062575045,3.303303303303308,156606840.0
2023-11-30,33.77,33.74,33.82,32.34,6139716.0,202645141.0,-0.14797277300975242,-0.04999999999999716,0.039204647766342776,4.3799940810890705,156606840.0
2023-12-01,33.33,34.65,35.24,33.33,6480464.0,222491497.0,2.6970954356846377,0.9099999999999966,0.041380465885142693,5.660936573799654,156606840.0
2023-12-04,34.99,37.5,38.12,34.99,16027600.0,597997082.0,8.225108225108224,2.8500000000000014,0.1023429117144564,9.033189033189021,156606840.0
2023-12-05,37.45,36.45,37.88,35.45,9404600.0,343063108.0,-2.7999999999999914,-1.0499999999999972,0.06005229401219002,6.4799999999999995,156606840.0
2023-12-06,36.0,36.65,37.84,35.7,6454780.0,236686939.0,0.548696844993124,0.19999999999999574,0.0412164628313808,5.871056241426613,156606840.0
2023-12-07,36.98,37.82,39.18,36.3,8991040.0,338899754.0,3.1923601637107835,1.1700000000000017,0.05741154090076781,7.8581173260573065,156606840.0
2023-12-08,37.91,37.39,38.3,36.81,5402376.0,202882005.0,-1.1369645690111008,-0.4299999999999997,0.03449642429411129,3.939714436805909,156606840.0
2023-12-11,36.8,38.05,38.08,36.55,4434268.0,166499832.0,1.7651778550414443,0.6599999999999966,0.02831465087987217,4.092003209414285,156606840.0
2023-12-12,37.83,37.85,38.88,37.8,5222696.0,199840594.0,-0.525624178712214,-0.19999999999999574,0.03334909254282891,2.8383705650460067,156606840.0
2023-12-13,37.88,37.34,38.16,36.9,3681652.0,137928473.0,-1.3474240422721162,-0.509999999999998,0.023508883775446843,3.328929986789955,156606840.0
2023-12-14,37.3,38.3,38.45,37.07,5735712.0,217533324.0,2.5709694697375385,0.9599999999999937,0.036624913701087385,3.6957686127477305,156606840.0
2023-12-15,38.1,37.32,38.5,37.1,4327500.0,162882400.0,-2.5587467362924166,-0.9799999999999969,0.027632892662925835,3.6553524804177515,156606840.0
2023-12-18,37.47,35.83,37.69,35.69,4528180.0,164851070.0,-3.9924973204715997,-1.490000000000002,0.028914318174097633,5.359056806002144,156606840.0
2023-12-19,35.55,36.09,36.51,35.13,2712692.0,97900757.0,0.7256488975718733,0.2600000000000051,0.017321669985806493,3.85152107172759,156606840.0
2023-12-20,36.3,37.63,38.4,36.3,8013400.0,301843641.0,4.267110002770846,1.5399999999999991,0.051168901690373164,5.8187863674148,156606840.0
2023-12-21,37.7,37.95,38.5,36.87,6741996.0,255474031.0,0.8503853308530429,0.3200000000000003,0.04305045679997119,4.331650279032693,156606840.0
2023-12-22,38.02,37.93,39.9,37.45,13353068.0,522070587.0,-0.052700922266146755,-0.020000000000003126,0.08526490924662039,6.455862977602096,156606840.0
2023-12-25,37.93,37.99,38.16,34.14,10757036.0,391295090.0,0.15818613234908074,0.060000000000002274,0.06868816202408529,10.598470867387281,156606840.0
2023-12-26,37.99,36.4,38.2,35.86,6351100.0,234234090.0,-4.185311924190582,-1.5900000000000034,0.04055442278255535,6.159515662016329,156606840.0
2023-12-27,36.87,36.88,37.49,35.82,4513200.0,165305508.0,1.3186813186813362,0.480000000000004,0.028818664625376515,4.587912087912092,156606840.0
2023-12-28,36.4,35.48,36.75,35.0,5535588.0,198608108.0,-3.7960954446854767,-1.4000000000000057,0.03534703848184409,4.745119305856833,156606840.0
2023-12-29,35.9,37.71,38.28,35.5,7434040.0,276678691.0,6.285231116121781,2.230000000000004,0.04746944641753834,7.835400225479147,156606840.0
2024-01-02,37.63,37.9,39.68,37.6,7404500.0,285472111.0,0.5038451339167249,0.18999999999999773,0.0472808211952939,5.515778308141072,156606840.0
2024-01-03,37.95,37.0,37.99,35.87,5140700.0,189237246.0,-2.37467018469657,-0.8999999999999986,0.03282551387921498,5.593667546174155,156606840.0
2024-01-04,37.0,36.5,37.0,36.0,2419500.0,88059066.0,-1.3513513513513487,-0.5,0.015449516764401861,2.7027027027027026,156606840.0
2024-01-05,36.85,35.31,36.85,35.12,3949400.0,140845719.0,-3.260273972602734,-1.1899999999999977,0.025218566443202608,4.739726027397271,156606840.0
2024-01-08,35.31,34.71,35.66,34.55,1963800.0,68579381.0,-1.6992353440951624,-0.6000000000000014,0.01253968217480156,3.1435853865760386,156606840.0
2024-01-09,34.86,35.02,36.29,34.73,3105300.0,110133897.0,0.893114376260451,0.3100000000000023,0.019828635837361892,4.494382022471917,156606840.0
2024-01-10,34.9,34.68,35.51,33.66,3640172.0,125893709.0,-0.9708737864077777,-0.3400000000000034,0.023244016672579564,5.282695602512853,156606840.0
2024-01-11,35.2,37.29,37.98,35.2,7087484.0,259499258.0,7.525951557093413,2.6099999999999994,0.04525654179600329,8.016147635524781,156606840.0
2024-01-12,37.27,35.72,37.29,35.7,3757200.0,137033313.0,-4.210244033252886,-1.5700000000000003,0.023991289269357584,4.263877715205139,156606840.0
2024-01-15,35.75,35.61,36.31,34.99,2326400.0,82965665.0,-0.3079507278835325,-0.10999999999999943,0.014855034428892123,3.695408734602464,156606840.0
2024-01-16,35.61,35.61,35.84,34.23,3190212.0,111673580.0,0.0,0.0,0.020370834377349035,4.52120190957598,156606840.0
2024-01-17,35.61,34.27,35.61,34.25,2208900.0,76644538.0,-3.7629879247402354,-1.3399999999999963,0.014104747915225159,3.81915192361696,156606840.0
2024-01-18,33.5,34.7,35.38,32.0,4631200.0,156297713.0,1.2547417566384667,0.4299999999999997,0.029572143847612274,9.862853807995338,156606840.0
2024-01-19,34.42,33.39,34.7,33.16,3071375.0,103774893.0,-3.775216138328541,-1.3100000000000023,0.01961201056096911,4.438040345821343,156606840.0
2024-01-22,33.88,30.3,33.88,30.05,5070465.0,159694798.0,-9.254267744833777,-3.09,0.03237703410655626,11.470500149745439,156606840.0
2024-01-23,30.3,31.63,32.22,29.9,5273018.0,164514241.0,4.389438943894386,1.3299999999999983,0.03367041950402677,7.656765676567658,156606840.0
2024-01-24,31.64,31.23,32.39,29.92,4714440.0,145901730.0,-1.2646221941195024,-0.3999999999999986,0.030103665970145365,7.809042048687951,156606840.0
2024-01-25,31.39,31.99,32.41,30.63,3218052.0,102018610.0,2.433557476785131,0.759999999999998,0.020548604390459572,5.699647774575721,156606840.0
2024-01-26,32.0,32.36,33.17,31.61,3844300.0,125123572.0,1.1566114410753503,0.370000000000001,0.024547459102041775,4.876523913723045,156606840.0
2024-01-29,32.34,30.84,32.34,30.03,3679589.0,113392255.0,-4.697156983930773,-1.5199999999999996,0.023495710659891995,7.138442521631651,156606840.0
2024-01-30,30.6,30.0,31.18,29.71,2384600.0,72609013.0,-2.7237354085603127,-0.8399999999999999,0.015226665706299929,4.766536964980541,156606840.0
2024-01-31,30.0,28.63,30.11,28.0,3582889.0,103114674.0,-4.566666666666674,-1.370000000000001,0.022878240822686927,7.033333333333331,156606840.0
2024-02-01,28.29,28.4,28.61,26.7,4727137.0,130674323.0,-0.8033531260915105,-0.23000000000000043,0.03018474161154136,6.6713237862382115,156606840.0
2024-02-02,28.26,27.15,29.0,25.57,4237000.0,116211684.0,-4.401408450704225,-1.25,0.027055012411973833,12.077464788732394,156606840.0
2024-02-05,27.15,25.5,27.15,24.44,4779940.0,121607308.0,-6.077348066298338,-1.6499999999999986,0.030521910792657588,9.98158379373848,156606840.0
2024-02-06,25.25,26.58,27.62,24.0,5362884.0,139353234.0,4.235294117647048,1.0799999999999983,0.03424425140051354,14.196078431372552,156606840.0
2024-02-07,26.75,25.25,27.02,24.85,4047346.0,104920667.0,-5.003762227238518,-1.3299999999999983,0.025843992510161114,8.164033107599693,156606840.0
2024-02-08,25.18,27.66,27.78,25.01,5118692.0,136123363.0,9.544554455445553,2.41,0.032684983618850874,10.97029702970297,156606840.0
2024-02-19,30.4,30.43,30.43,29.0,5117706.0,154628966.0,10.014461315979762,2.7699999999999996,0.03267868759755321,5.16992046276211,156606840.0
2024-02-20,30.84,32.31,33.47,30.43,10194097.0,331008562.0,6.178113703581989,1.8800000000000026,0.06509356168606684,9.990141307919814,156606840.0
2024-02-21,30.55,31.66,32.76,30.21,8383498.0,267322853.0,-2.0117610646858575,-0.6500000000000021,0.05353213180216139,7.892293407613732,156606840.0
2024-02-22,32.49,34.4,34.83,32.29,8379199.0,280468986.0,8.65445356917245,2.7399999999999984,0.05350468089388688,8.022741629816801,156606840.0
2024-02-23,35.0,35.16,36.25,33.95,8609817.0,300400966.0,2.209302325581386,0.759999999999998,0.054977273023323885,6.686046511627899,156606840.0
2024-02-26,35.13,35.16,36.41,34.5,8181556.0,290776271.0,0.0,0.0,0.05224264789456195,5.432309442548341,156606840.0
2024-02-27,34.63,36.36,37.09,34.46,7206900.0,257788582.0,3.412969283276457,1.2000000000000028,0.046019062768905876,7.480091012514229,156606840.0
2024-02-28,36.36,36.5,40.0,35.88,17709341.0,679092102.0,0.38503850385038785,0.14000000000000057,0.11308152951684614,11.331133113311324,156606840.0
2024-02-29,37.55,38.65,39.0,36.51,14988499.0,570961146.0,5.890410958904102,2.1499999999999986,0.09570781838136827,6.821917808219184,156606840.0
2024-03-01,38.19,38.94,39.46,37.73,11825085.0,457948304.0,0.7503234152651972,0.28999999999999915,0.07550810041247241,4.4760672703751725,156606840.0
2024-03-04,38.62,38.33,39.03,37.2,8669014.0,331770201.0,-1.5665125834617322,-0.6099999999999994,0.05535527056161787,4.699537750385204,156606840.0
2024-03-05,38.45,37.37,39.15,36.8,9533302.0,361889652.0,-2.504565614401255,-0.9600000000000009,0.060874109968632274,6.130967910253069,156606840.0
2024-03-06,37.0,37.0,37.67,35.57,8384222.0,306128962.0,-0.9900990099009799,-0.36999999999999744,0.053536754844169004,5.619480867005624,156606840.0
2024-03-07,37.24,35.16,37.78,35.11,8332551.0,302191442.0,-4.972972972972977,-1.8400000000000034,0.05320681395525253,7.21621621621622,156606840.0
2024-03-08,35.17,35.68,35.98,34.59,7136779.0,253391394.0,1.4789533560864765,0.5200000000000031,0.045571310933800846,3.9533560864618704,156606840.0
2024-03-11,35.19,35.61,35.97,34.5,5490400.0,193848603.0,-0.19618834080717962,-0.07000000000000028,0.03505849425223062,4.119955156950669,156606840.0
2024-03-12,35.5,34.75,35.79,34.31,7051620.0,246343332.0,-2.4150519516989544,-0.8599999999999994,0.04502753519578072,4.156135916877273,156606840.0
2024-03-13,36.3,36.77,38.15,34.91,18512475.0,673155811.0,5.812949640287779,2.020000000000003,0.11820987512422829,9.32374100719425,156606840.0
2024-03-14,35.5,35.85,37.51,35.2,12061452.0,434900806.0,-2.5020397062822997,-0.9200000000000017,0.07701740230503341,6.282295349469663,156606840.0
2024-03-15,36.23,36.97,37.39,36.23,14235771.0,525034227.0,3.1241283124128216,1.1199999999999974,0.09090133611022354,3.235704323570442,156606840.0
2024-03-18,37.01,36.61,37.55,35.45,12109450.0,441148509.0,-0.9737625101433611,-0.35999999999999943,0.07732388955680353,5.680281309169581,156606840.0
2024-03-19,36.21,38.03,38.04,36.03,17233007.0,644422124.0,3.87872166074843,1.4200000000000017,0.11003993823002878,5.490303195848123,156606840.0
2024-03-20,38.12,41.83,41.83,37.52,27673690.0,1110312003.0,9.992111490928202,3.799999999999997,0.17670805438638568,11.333158033131726,156606840.0
2024-03-21,43.0,39.5,44.88,39.0,39657897.0,1677380032.0,-5.570164953382739,-2.3299999999999983,0.25323221514462585,14.056896963901513,156606840.0
2024-03-22,39.5,38.33,39.73,36.05,31136688.0,1190245224.0,-2.9620253164556964,-1.1700000000000017,0.19882074116302967,9.316455696202532,156606840.0
2024-03-25,38.71,35.34,38.73,35.12,19128575.0,706456109.0,-7.800678319853882,-2.989999999999995,0.12214393062269821,9.418210279154708,156606840.0
2024-03-26,34.8,32.9,35.29,32.3,18429106.0,616446668.0,-6.904357668364469,-2.440000000000005,0.11767752928288445,8.460667798528585,156606840.0
2024-03-27,33.0,33.29,34.0,31.25,15537741.0,509887969.0,1.185410334346515,0.39000000000000057,0.09921495766085313,8.358662613981762,156606840.0
2024-03-28,32.5,33.63,34.57,32.3,12533190.0,423112523.0,1.0213277260438636,0.3400000000000034,0.0800296462146864,6.818864523881055,156606840.0
2024-03-29,33.4,32.73,33.85,32.4,7785572.0,257000685.0,-2.676181980374681,-0.9000000000000057,0.04971412487475004,4.311626523936969,156606840.0
2024-04-01,32.98,33.2,33.61,32.31,7395559.0,243398228.0,1.4359914451573585,0.47000000000000597,0.047223729180666696,3.971891231286273,156606840.0
2024-04-02,33.09,33.33,33.8,32.75,6933000.0,230488039.0,0.39156626506022807,0.12999999999999545,0.04427009701491966,3.16265060240963,156606840.0
2024-04-03,33.0,31.74,33.45,31.63,7324126.0,236736007.0,-4.770477047704769,-1.5899999999999999,0.04676759967827714,5.460546054605472,156606840.0
2024-04-08,31.74,32.69,33.45,31.35,6911677.0,225237140.0,2.993068683049782,0.9499999999999993,0.044133940765294796,6.6162570888468855,156606840.0
2024-04-09,32.11,32.04,32.87,31.71,5067760.0,162589138.0,-1.9883756500458816,-0.6499999999999986,0.032359761553199085,3.5484857754664936,156606840.0
2024-04-10,31.6,30.92,32.03,30.75,4890000.0,152471435.0,-3.495630461922594,-1.1199999999999974,0.031224689802820872,3.995006242197257,156606840.0
2024-04-11,30.58,31.1,31.74,30.45,3733100.0,116612590.0,0.5821474773609392,0.17999999999999972,0.023837400716341637,4.172056921086672,156606840.0
2024-04-12,31.13,31.46,32.45,31.11,6234400.0,198244346.0,1.1575562700964603,0.35999999999999943,0.03980924460259846,4.308681672025734,156606840.0
2024-04-15,31.2,29.58,31.46,28.7,7475191.0,222468771.0,-5.97584233947871,-1.8800000000000026,0.047732212718167355,8.773045136681505,156606840.0
2024-04-16,28.86,27.51,29.37,27.02,7178616.0,200446470.0,-6.9979716024340615,-2.0699999999999967,0.04583845763058625,7.944557133198112,156606840.0
2024-04-17,27.94,29.1,29.25,27.94,5456912.0,157261152.0,5.77971646673936,1.5899999999999999,0.03484465940312696,4.7619047619047565,156606840.0
2024-04-18,29.0,29.11,29.65,28.12,4508628.0,130676470.0,0.03436426116838476,0.00999999999999801,0.02878947049822345,5.257731958762879,156606840.0
2024-04-19,28.8,28.42,29.1,27.9,4115700.0,117246253.0,-2.370319477842653,-0.6899999999999977,0.026280461313184022,4.122294744074211,156606840.0
2024-04-22,28.0,28.54,28.97,27.16,4608900.0,130020136.0,0.4222378606614896,0.11999999999999744,0.02942974904544399,6.368754398311044,156606840.0
2024-04-23,28.8,28.67,29.08,28.4,3109108.0,89310020.0,0.4555010511562818,0.13000000000000256,0.01985295150582184,2.3826208829712674,156606840.0
2024-04-24,28.64,29.37,29.5,28.64,3886760.0,113602028.0,2.441576560865011,0.6999999999999993,0.024818583913703895,2.9996512033484457,156606840.0
2024-04-25,29.36,29.82,30.0,29.11,4055896.0,120277932.0,1.532175689479054,0.4499999999999993,0.025898587826687518,3.030303030303032,156606840.0
2024-04-26,29.88,31.27,31.71,29.83,6216038.0,192635848.0,4.8625083836351335,1.4499999999999993,0.039691995573118005,6.304493628437299,156606840.0
2024-04-29,32.0,33.07,33.32,31.78,6961782.0,227701896.0,5.756315957787028,1.8000000000000007,0.044453882090973805,4.924848097217778,156606840.0
2024-04-30,33.63,32.55,33.74,32.29,5796398.0,189667211.0,-1.5724221348654477,-0.5200000000000031,0.03701241912549924,4.384638645297861,156606840.0
2024-05-06,33.09,32.0,33.3,31.86,7092700.0,228489410.0,-1.6897081413210335,-0.5499999999999972,0.045289848131792966,4.423963133640546,156606840.0
2024-05-07,31.7,31.9,32.75,31.68,4780704.0,153959038.0,-0.31250000000000444,-0.10000000000000142,0.030526789251350706,3.343750000000001,156606840.0
2024-05-08,31.85,30.97,31.85,30.8,4332200.0,135093945.0,-2.915360501567399,-0.9299999999999997,0.027662904123472512,3.2915360501567426,156606840.0
2024-05-09,30.49,30.78,31.49,30.49,3586100.0,111084914.0,-0.6134969325153339,-0.18999999999999773,0.02289874439711573,3.228931223764934,156606840.0
2024-05-10,30.79,30.72,31.25,30.26,3363000.0,103258418.0,-0.19493177387914784,-0.060000000000002274,0.02147415783371914,3.216374269005843,156606840.0
2024-05-13,30.34,30.01,30.7,29.5,3963062.0,118953794.0,-2.311197916666663,-0.7099999999999973,0.02530580401213638,3.906249999999998,156606840.0
2024-05-14,30.07,30.5,30.6,29.99,2671676.0,81046045.0,1.6327890703098813,0.48999999999999844,0.017059765716491055,2.032655781406208,156606840.0
2024-05-15,30.1,30.28,30.58,30.03,1733596.0,52390555.0,-0.721311475409836,-0.21999999999999886,0.01106973360805952,1.8032786885245808,156606840.0
2024-05-16,30.47,30.35,31.0,30.27,3936700.0,120775079.0,0.2311756935270859,0.07000000000000028,0.0251374716455552,2.410832232496699,156606840.0
2024-05-17,30.82,32.0,32.39,30.17,7343016.0,230567433.0,5.436573311367376,1.6499999999999986,0.04688822020800624,7.314662273476108,156606840.0
2024-05-20,32.11,31.92,32.4,31.21,3837096.0,122216806.0,-0.24999999999999467,-0.0799999999999983,0.024501458556982568,3.718749999999993,156606840.0
2024-05-21,31.5,30.83,31.92,30.5,4943032.0,152837558.0,-3.4147869674185594,-1.0900000000000034,0.03156332124446161,4.448621553884717,156606840.0
2024-05-22,30.66,30.77,30.98,30.33,2481600.0,76044976.0,-0.19461563412260796,-0.05999999999999872,0.015846051168646274,2.1083360363282586,156606840.0
2024-05-23,30.97,30.0,31.02,29.87,2717200.0,82096437.0,-2.5024374390640203,-0.7699999999999996,0.017350455446262757,3.7374065648358745,156606840.0
2024-05-24,29.88,30.0,30.46,29.47,2832600.0,84693182.0,0.0,0.0,0.01808733258394078,3.3000000000000065,156606840.0
2024-05-27,30.0,29.56,30.19,28.72,3743900.0,109415712.0,-1.4666666666666717,-0.4400000000000013,0.02390636322142762,4.9000000000000075,156606840.0
2024-05-28,29.82,28.79,29.84,28.68,3391300.0,99374547.0,-2.604871447902568,-0.7699999999999996,0.02165486513871297,3.9242219215155623,156606840.0
2024-05-29,28.55,29.09,29.1,28.54,3294800.0,94960402.0,1.0420284821118564,0.3000000000000007,0.02103867238493542,1.9451198332754507,156606840.0
2024-05-30,29.08,27.89,29.13,27.69,5752800.0,162898004.0,-4.125128910278441,-1.1999999999999993,0.036734027709134545,4.950154692334128,156606840.0
2024-05-31,28.0,28.77,28.85,27.91,4240300.0,121040631.0,3.155252778773754,0.879999999999999,0.027076084288527882,3.3703836500537867,156606840.0
2024-06-03,28.83,27.69,28.85,27.45,5660780.0,157859381.0,-3.7539103232533844,-1.0799999999999983,0.036146441624133406,4.866180048661808,156606840.0
2024-06-04,27.69,27.02,27.7,26.77,4611900.0,124965707.0,-2.419646081617921,-0.6700000000000017,0.029448905296856766,3.3586132177681463,156606840.0
2024-06-05,26.78,26.5,27.09,26.31,3104056.0,82669789.0,-1.924500370096227,-0.5199999999999996,0.01982069237844273,2.8867505551443418,156606840.0
2024-06-06,26.5,26.58,26.88,25.2,6578939.0,170949585.0,0.30188679245282124,0.0799999999999983,0.041748034524415355,6.339622641509433,157586796.0
2024-06-07,26.58,26.56,26.7,25.89,4038843.0,106416161.0,-0.07524454477050302,-0.019999999999999574,0.02562932366490908,3.0474040632054127,157586796.0
2024-06-11,26.22,25.85,26.5,25.45,3895838.0,100948647.0,-2.6731927710843317,-0.7099999999999973,0.02472185550368065,3.953313253012051,157586796.0
2024-06-12,24.87,25.86,26.35,24.87,5300370.0,137440226.0,0.03868471953578645,0.00999999999999801,0.03363460730555116,5.72533849129594,157586796.0
2024-06-13,25.86,26.38,27.36,25.82,4677868.0,123894870.0,2.010827532869297,0.5199999999999996,0.029684390562772785,5.955143078112912,157586796.0
2024-06-14,26.38,28.53,29.0,26.01,8454244.0,232678163.0,8.15011372251706,2.150000000000002,0.053648174939732896,11.334344200151625,157586796.0
2024-06-17,28.0,27.51,28.41,27.5,4814846.0,134023031.0,-3.5751840168243953,-1.0199999999999996,0.030553613133932872,3.1896249561864707,157586796.0
2024-06-18,27.45,28.24,28.48,27.38,3983646.0,112202462.0,2.653580516175924,0.7299999999999969,0.025279059547603216,3.9985459832788126,157586796.0
2024-06-19,28.13,27.74,28.35,27.58,3103400.0,86424975.0,-1.770538243626063,-0.5,0.019693274301991647,2.7266288951841475,157586796.0
2024-06-20,27.43,26.55,27.94,26.21,4043100.0,108364228.0,-4.2898341744772805,-1.1899999999999977,0.025656337349481997,6.236481614996396,157586796.0
2024-06-21,26.51,26.16,26.67,25.82,3067500.0,80326516.0,-1.4689265536723228,-0.39000000000000057,0.01946546333742327,3.201506591337105,157586796.0
2024-06-24,26.25,25.46,26.25,25.3,3086600.0,79305855.0,-2.675840978593269,-0.6999999999999993,0.01958666638542483,3.6314984709480096,157586796.0
2024-06-25,24.85,24.7,25.55,24.53,3479400.0,86836603.0,-2.9850746268656803,-0.7600000000000016,0.022079261006106122,4.006284367635505,157586796.0
2024-06-26,24.7,26.52,26.54,24.52,6420700.0,165752655.0,7.36842105263158,1.8200000000000003,0.040743895827414375,8.178137651821862,157586796.0
2024-06-27,25.97,25.81,26.24,25.1,6314826.0,162422224.0,-2.677224736048267,-0.7100000000000009,0.04007205019892657,4.298642533936641,157586796.0
2024-06-28,26.0,26.51,27.3,25.75,8766500.0,235392215.0,2.7121270825261723,0.7000000000000028,0.05562966074898813,6.005424254165055,157586796.0
2024-07-01,26.78,28.73,29.16,26.6,14174906.0,407144735.0,8.374198415692181,2.219999999999999,0.08994983310657576,9.656733308185585,157586796.0
2024-07-02,28.59,29.15,30.0,27.97,13176192.0,382819775.0,1.461886529759826,0.41999999999999815,0.08361228436930719,7.065784893839195,157586796.0
2024-07-03,28.99,28.65,30.1,28.65,7636140.0,223620607.0,-1.715265866209259,-0.5,0.048456724762650796,4.974271012006871,157586796.0
2024-07-04,28.91,28.25,29.55,28.11,5411148.0,155753382.0,-1.3961605584642212,-0.3999999999999986,0.034337572292541564,5.0261780104712095,157586796.0
2024-07-05,28.25,29.71,29.97,28.17,10638388.0,313457359.0,5.168141592920361,1.4600000000000009,0.0675081178755611,6.371681415929194,157586796.0
2024-07-08,29.24,28.16,29.6,28.01,7154900.0,204926071.0,-5.217098619993266,-1.5500000000000007,0.04540291560975705,5.351733423089868,157586796.0
2024-07-09,28.5,28.5,28.62,27.7,6868660.0,193935273.0,1.2073863636363535,0.33999999999999986,0.043586519774156715,3.267045454545461,157586796.0
2024-07-10,28.54,28.1,28.85,27.98,5214360.0,147718291.0,-1.4035087719298178,-0.3999999999999986,0.03308881284698497,3.052631578947372,157586796.0
2024-07-11,28.38,28.71,29.04,28.19,6635000.0,190070541.0,2.170818505338068,0.6099999999999994,0.04210378133457324,3.024911032028462,157586796.0
2024-07-12,28.8,28.0,28.8,27.49,5682070.0,158785331.0,-2.47300592128179,-0.7100000000000009,0.036056764552786516,4.562870080111467,157586796.0
2024-07-15,28.21,27.95,29.3,27.48,10263010.0,291413058.0,-0.17857142857142794,-0.05000000000000071,0.06512607820264332,6.500000000000002,157586796.0
2024-07-16,27.84,26.98,27.88,26.4,6498100.0,174845616.0,-3.47048300536672,-0.9699999999999989,0.04123505372874006,5.295169946332739,157586796.0
2024-07-17,26.75,27.46,27.7,26.66,5669740.0,155615063.0,1.779095626389915,0.4800000000000004,0.03597852195687765,3.854707190511487,157586796.0
2024-07-18,27.5,26.92,27.5,26.03,5235736.0,139184623.0,-1.966496722505462,-0.5399999999999991,0.03322445872939761,5.353241077931532,157586796.0
2024-07-19,26.73,27.8,27.86,26.5,5644336.0,154264052.0,3.26894502228825,0.879999999999999,0.035817315557326264,5.052005943536401,157586796.0
2024-07-22,27.94,27.5,27.94,27.12,3753500.0,102789835.0,-1.0791366906474864,-0.3000000000000007,0.023818619930568295,2.949640287769785,157586796.0
2024-07-23,27.3,26.8,27.85,26.8,3589096.0,97682612.0,-2.5454545454545396,-0.6999999999999993,0.02277535993561288,3.8181818181818206,157586796.0
2024-07-24,26.41,26.7,27.17,26.41,2456300.0,65760379.0,-0.3731343283582156,-0.10000000000000142,0.01558696580137336,2.8358208955223936,157586796.0
2024-07-25,26.62,26.59,26.88,26.13,2980420.0,79019605.0,-0.41198501872659055,-0.10999999999999943,0.01891287896988527,2.8089887640449436,157586796.0
2024-07-26,26.57,26.1,26.67,25.74,3715500.0,97144046.0,-1.8427980443775804,-0.48999999999999844,0.023577482976429066,3.4975554719819604,157586796.0
2024-07-29,25.5,26.63,26.83,25.49,4146600.0,109002171.0,2.030651340996159,0.5299999999999976,0.02631311826404542,5.134099616858237,157586796.0
2024-07-30,26.37,26.66,26.89,25.66,4314328.0,113396924.0,0.11265490048817384,0.030000000000001137,0.0273774713967787,4.6188509200150225,157586796.0
2024-07-31,26.55,26.96,27.27,26.16,4624484.0,124620842.0,1.125281320330096,0.3000000000000007,0.029345631216463084,4.163540885221304,157586796.0
2024-08-01,27.7,26.63,27.7,26.59,3827500.0,103239978.0,-1.2240356083086157,-0.33000000000000185,0.024288202420207846,4.11721068249258,157586796.0
2024-08-02,26.58,26.35,27.07,26.27,3064200.0,81555494.0,-1.0514457378895892,-0.2799999999999976,0.019444522496669073,3.004130679684569,157586796.0
2024-08-05,26.08,24.8,26.66,24.5,5083284.0,129895900.0,-5.882352941176472,-1.5500000000000007,0.0322570426522283,8.197343453510436,157586796.0
2024-08-06,25.07,24.73,25.28,24.3,4159940.0,102484912.0,-0.28225806451612767,-0.07000000000000028,0.02639777002636693,3.9516129032258083,157586796.0
2024-08-07,24.33,25.13,25.13,24.33,3508764.0,87043148.0,1.6174686615446854,0.3999999999999986,0.02226559641456255,3.234937323089368,157586796.0
2024-08-08,24.85,25.74,26.11,24.54,4983800.0,127133183.0,2.4273776362912836,0.6099999999999994,0.0316257461062918,6.247512932749703,157586796.0
2024-08-09,25.71,25.15,26.23,25.15,4129796.0,105931514.0,-2.292152292152294,-0.5899999999999999,0.026206484964641327,4.195804195804203,157586796.0
2024-08-12,25.16,24.8,25.37,24.27,3331300.0,81907365.0,-1.391650099403574,-0.34999999999999787,0.021139461455895073,4.373757455268396,157586796.0
2024-08-13,24.49,23.68,24.49,22.32,10337900.0,238875546.0,-4.516129032258065,-1.120000000000001,0.0656013083735772,8.749999999999993,157586796.0
2024-08-14,23.69,23.43,24.11,23.2,4832996.0,114328030.0,-1.0557432432432456,-0.25,0.030668787758080948,3.8429054054054057,157586796.0
2024-08-15,23.3,23.2,23.78,23.12,4106292.0,96126907.0,-0.9816474605207071,-0.23000000000000043,0.026057335412796895,2.816901408450705,157586796.0
2024-08-16,23.03,23.21,23.39,22.81,3601944.0,83242335.0,0.04310344827587187,0.010000000000001563,0.022856889608949216,2.500000000000008,157586796.0
2024-08-19,23.28,23.3,23.75,23.01,2621800.0,61349021.0,0.38776389487289453,0.08999999999999986,0.016637180693742894,3.1882809133993897,157586796.0
2024-08-20,23.3,23.0,23.58,22.55,3425372.0,78304624.0,-1.2875536480686733,-0.3000000000000007,0.02173641502299469,4.420600858369088,157586796.0
2024-08-21,22.7,23.53,24.0,22.63,5149672.0,120657709.0,2.304347826086972,0.5300000000000011,0.03267832160252817,5.956521739130439,157586796.0
2024-08-22,22.9,23.0,23.37,22.57,4394472.0,100685416.0,-2.2524436889077792,-0.5300000000000011,0.02788604192447697,3.3999150021249496,157586796.0
2024-08-23,22.71,23.0,23.0,22.6,2518700.0,57385027.0,0.0,0.0,0.01598293806290725,1.7391304347826024,157586796.0
2024-08-26,23.06,22.8,23.22,22.67,2322300.0,53175928.0,-0.8695652173912993,-0.1999999999999993,0.014736640752566605,2.3913043478260745,157586796.0
2024-08-27,22.6,22.6,22.83,22.11,3586628.0,80153796.0,-0.877192982456132,-0.1999999999999993,0.02275969872501247,3.1578947368421004,157586796.0
2024-08-28,22.78,22.8,23.43,22.52,5226272.0,120385111.0,0.8849557522123908,0.1999999999999993,0.0331644029363983,4.026548672566372,157586796.0
2024-08-29,22.62,23.12,23.15,22.0,3699100.0,84413728.0,1.403508771929829,0.3200000000000003,0.02347341334359003,5.0438596491228,157586796.0
2024-08-30,22.9,24.05,24.38,22.83,5334800.0,127264505.0,4.022491349480961,0.9299999999999997,0.03385309007741994,6.704152249134951,157586796.0
2024-09-02,23.88,24.29,24.75,23.88,4304000.0,104798307.0,0.997920997920998,0.23999999999999844,0.027311932910927386,3.617463617463622,157586796.0
2024-09-03,24.18,25.98,26.2,24.06,8400856.0,212833418.0,6.957595718402643,1.6900000000000013,0.053309390210585915,8.810209962947718,157586796.0
2024-09-04,25.98,26.17,26.5,25.6,6710000.0,174930155.0,0.7313317936874508,0.19000000000000128,0.04257970953353224,3.4642032332563453,157586796.0
2024-09-05,26.17,26.28,27.05,26.03,6953940.0,184330295.0,0.4203286205578971,0.10999999999999943,0.0441276818649197,3.8975926633549847,157586796.0
2024-09-06,26.27,26.0,26.49,25.87,3167400.0,82698580.0,-1.0654490106544956,-0.28000000000000114,0.020099399698436663,2.3592085235920752,157586796.0
2024-09-09,25.9,25.65,26.12,25.31,4575800.0,117210058.0,-1.3461538461538525,-0.3500000000000014,0.029036696703954815,3.115384615384624,157586796.0
2024-09-10,25.45,25.92,26.03,24.98,4516500.0,115508446.0,1.0526315789473717,0.2700000000000031,0.02866039614131123,4.093567251461992,157586796.0
2024-09-11,26.1,25.89,26.2,25.5,2323600.0,59968216.0,-0.11574074074074403,-0.030000000000001137,0.014744890174681894,2.7006172839506144,157586796.0
2024-09-12,26.03,25.87,26.2,25.73,3862724.0,100291178.0,-0.07724990343761506,-0.019999999999999574,0.024511723685276272,1.8153727307840821,157586796.0
2024-09-13,25.8,25.47,25.98,25.47,2915200.0,74868671.0,-1.5461925009663813,-0.40000000000000213,0.01849901180807052,1.9713954387321282,157586796.0
2024-09-18,25.35,24.14,25.46,22.93,8115200.0,192638419.0,-5.221829603455042,-1.3299999999999983,0.05149670026922814,9.933254809579903,157586796.0
2024-09-19,24.34,24.16,24.48,23.89,4489400.0,108472373.0,0.08285004142500885,0.019999999999999574,0.028488427418754042,2.4440762220381105,157586796.0
2024-09-20,24.06,24.28,24.56,23.97,3213300.0,77878258.0,0.4966887417218624,0.120000000000001,0.020390667756199573,2.4420529801324498,157586796.0
2024-09-23,23.9,24.2,24.37,23.9,2578100.0,62282177.0,-0.32948929159802853,-0.08000000000000185,0.016359873196482782,1.9357495881383955,157586796.0
2024-09-24,24.4,25.22,25.41,23.82,4951300.0,122642548.0,4.214876033057857,1.0199999999999996,0.031419510553409566,6.570247933884297,157586796.0
2024-09-25,25.31,25.7,26.41,25.3,5117000.0,131950172.0,1.9032513877874635,0.4800000000000004,0.03247099458764299,4.4012688342585236,157586796.0
2024-09-26,25.6,26.22,26.25,25.18,4793108.0,124355254.0,2.0233463035019383,0.5199999999999996,0.030415670104746592,4.16342412451362,157586796.0
2024-09-27,26.53,27.3,27.83,26.48,4684620.0,126759398.0,4.118993135011451,1.0800000000000018,0.029727236792097735,5.148741418764294,157586796.0
2024-09-30,27.59,29.4,29.5,26.73,15193720.0,432452496.0,7.692307692307687,2.099999999999998,0.09641493060116534,10.146520146520146,157586796.0
2024-10-08,32.3,30.5,32.3,28.51,17219430.0,522979644.0,3.741496598639471,1.1000000000000014,0.10926949742667527,12.891156462585018,157586796.0
2024-10-09,29.62,27.78,29.62,27.45,10830673.0,307987544.0,-8.918032786885243,-2.719999999999999,0.06872830259205219,7.1147540983606605,157586796.0
2024-10-10,27.55,29.63,30.2,27.55,12212351.0,357128574.0,6.659467242620587,1.8499999999999979,0.0774960295531359,9.53923686105111,157586796.0
2024-10-11,29.65,29.15,29.9,28.33,6523174.0,190035913.0,-1.61997975025312,-0.4800000000000004,0.04139416604421604,5.29868376645292,157586796.0
2024-10-14,29.0,30.5,30.66,28.7,8878407.0,265541103.0,4.631217838765012,1.3500000000000014,0.0563397900418002,6.723842195540312,157586796.0
2024-10-15,30.6,29.95,30.84,29.95,8973188.0,272933093.0,-1.80327868852459,-0.5500000000000007,0.05694124271680731,2.918032786885248,157586796.0
2024-10-16,29.7,30.31,30.49,28.69,7333689.0,217489824.0,1.2020033388981721,0.35999999999999943,0.046537458633272806,6.010016694490808,157586796.0
2024-10-17,30.29,30.32,31.22,29.88,8633036.0,262986231.0,0.032992411745302874,0.010000000000001563,0.054782737000376606,4.42098317387001,157586796.0
2024-10-18,29.9,31.05,31.27,29.5,10622633.0,325105627.0,2.4076517150395826,0.7300000000000004,0.06740814122523311,5.8377308707124,157586796.0
2024-10-21,31.3,33.0,33.79,31.03,16439164.0,535757597.0,6.2801932367149815,1.9499999999999993,0.10431815619882265,8.888888888888882,157586796.0
2024-10-22,33.79,33.0,34.87,32.41,17406228.0,583907415.0,0.0,0.0,0.11045486323613052,7.454545454545457,157586796.0
2024-10-23,33.3,33.9,35.2,32.62,15346658.0,523606075.0,2.7272727272727337,0.8999999999999986,0.0973854306930639,7.818181818181835,157586796.0
2024-10-24,33.93,34.54,35.48,33.62,11604820.0,404157870.0,1.887905604719764,0.6400000000000006,0.07364081442457908,5.486725663716813,157586796.0
2024-10-25,35.11,35.22,35.5,34.56,10635944.0,372256437.0,1.968731905037635,0.6799999999999997,0.06749260896198435,2.7214823393167276,157586796.0
2024-10-28,35.09,35.07,35.5,33.66,10249553.0,355989402.0,-0.4258943781942026,-0.14999999999999858,0.06504068399233144,5.2243043725156255,157586796.0
2024-10-29,34.6,34.39,35.89,34.39,8419016.0,294213717.0,-1.9389791844881654,-0.6799999999999997,0.05342462829182719,4.277159965782721,157586796.0
2024-10-30,33.91,34.45,34.72,33.71,6322864.0,215912960.0,0.17446932247746627,0.060000000000002274,0.04012305701043633,2.9369002617039777,157586796.0
2024-10-31,34.42,34.14,34.96,33.9,6107140.0,210071910.0,-0.8998548621190205,-0.3100000000000023,0.038754135213206566,3.0769230769230833,157586796.0
2024-11-01,33.97,32.72,34.49,32.47,8376512.0,277920028.0,-4.159343878148802,-1.4200000000000017,0.05315491026291314,5.916813122437033,157586796.0
2024-11-04,32.75,33.48,33.52,32.57,4793784.0,158505847.0,2.322738386308054,0.759999999999998,0.030419959804246544,2.9034229828850946,157586796.0
2024-11-05,33.68,33.76,34.05,33.13,4904000.0,165188594.0,0.8363201911589124,0.28000000000000114,0.031119358502599417,2.747909199522087,157586796.0
2024-11-06,33.7,34.6,35.3,33.7,7998932.0,277302450.0,2.48815165876779,0.8400000000000034,0.050758897338073934,4.739336492890979,157586796.0
2024-11-07,34.61,35.29,35.39,34.1,5960332.0,207251100.0,1.9942196531791856,0.6899999999999977,0.03782253431943625,3.7283236994219626,157586796.0
2024-11-08,35.99,36.23,37.28,35.61,8818281.0,321113718.0,2.663644091810702,0.9399999999999977,0.05595824792325875,4.732218758855205,157586796.0
2024-11-11,36.68,38.88,39.85,36.58,14194802.0,542530691.0,7.314380347778093,2.6500000000000057,0.0900760873391956,9.02566933480542,157586796.0
2024-11-12,39.0,37.0,39.99,36.68,13985736.0,531695295.0,-4.835390946502061,-1.8800000000000026,0.08874941527461476,8.513374485596712,157586796.0
2024-11-13,37.03,37.2,37.49,35.81,6440870.0,236379692.0,0.5405405405405572,0.20000000000000284,0.04087188878438775,4.54054054054054,157586796.0
2024-11-14,36.94,35.87,37.15,35.6,4332792.0,157239044.0,-3.5752688172043134,-1.3300000000000054,0.02749463857365309,4.166666666666659,157586796.0
2024-11-15,35.87,35.86,36.91,35.32,6245388.0,226244597.0,-0.027878449958174123,-0.00999999999999801,0.03963141683520236,4.43267354335098,157586796.0
2024-11-18,35.8,33.6,36.1,32.93,7460998.0,254500148.0,-6.302286670384827,-2.259999999999998,0.047345324541023096,8.839933073061912,157586796.0
2024-11-19,33.3,34.46,34.57,33.3,5113933.0,174296584.0,2.5595238095238004,0.8599999999999994,0.032451532297160225,3.7797619047619144,157586796.0
2024-11-20,34.6,35.27,35.68,34.18,4960196.0,174581071.0,2.3505513639001885,0.8100000000000023,0.03147596198351542,4.352872896111434,157586796.0
2024-11-21,35.24,34.45,35.52,33.71,5583840.0,192976002.0,-2.3249220300538664,-0.8200000000000003,0.03543342552633661,5.13184009072867,157586796.0
2024-11-22,34.5,33.99,35.3,33.75,4988276.0,172611473.0,-1.335268505079823,-0.46000000000000085,0.031654149501205674,4.499274310595057,157586796.0
2024-11-25,34.03,34.1,34.9,33.37,4708540.0,160045081.0,0.3236245954692629,0.10999999999999943,0.029879026159019058,4.501323918799651,157586796.0
2024-11-26,34.52,35.72,36.25,34.2,8583686.0,302293301.0,4.750733137829899,1.6199999999999974,0.05446957624546158,6.0117302052785835,157586796.0
2024-11-27,35.72,37.68,37.87,35.45,10196662.0,374015401.0,5.487122060470329,1.9600000000000009,0.06470505308071622,6.774916013437834,157586796.0
2024-11-28,37.66,37.91,38.5,37.45,6505980.0,247171089.0,0.6104033970276035,0.22999999999999687,0.04128505791817736,2.7866242038216487,157586796.0
2024-11-29,38.2,38.38,38.98,37.85,6795756.0,260538231.0,1.239778422579807,0.47000000000000597,0.043123892181931286,2.980743867053536,157586796.0
2024-12-02,38.9,38.0,38.9,36.49,7893800.0,297275046.0,-0.9900990099010021,-0.38000000000000256,0.05009176022590116,6.27931214174048,157586796.0
2024-12-03,37.9,37.38,38.2,37.1,7701800.0,290451735.0,-1.6315789473684172,-0.6199999999999974,0.04887338403656611,2.894736842105267,157586796.0
2024-12-04,37.25,37.64,37.83,36.57,6393092.0,237935715.0,0.6955591225254132,0.259999999999998,0.040568703484522906,3.370786516853927,157586796.0
2024-12-05,37.62,37.7,38.2,37.15,5795300.0,218468410.0,0.15940488841659217,0.060000000000002274,0.03677528921902822,2.789585547290128,157586796.0
2024-12-06,37.61,36.7,37.61,36.33,5975468.0,220582309.0,-2.652519893899208,-1.0,0.0379185829756955,3.395225464190984,157586796.0
2024-12-09,36.89,36.2,37.37,35.08,8688404.0,314038904.0,-1.3623978201634857,-0.5,0.0551340862339761,6.239782016348771,157586796.0
2024-12-10,37.02,35.97,37.18,34.48,12631404.0,452407731.0,-0.635359116022105,-0.23000000000000398,0.0801552180805808,7.458563535911609,157586796.0
2024-12-11,35.97,36.67,37.5,35.25,8412872.0,305206118.0,1.9460661662496603,0.7000000000000028,0.05338564025376847,6.255212677231025,157586796.0
2024-12-12,36.68,36.45,36.98,35.46,7007464.0,252964043.0,-0.5999454595036813,-0.21999999999999886,0.04446732961053412,4.145077720207243,157586796.0
2024-12-13,35.89,36.58,37.15,35.62,7431500.0,271472473.0,0.3566529492455395,0.12999999999999545,0.04715813880751786,4.1975308641975335,157586796.0
2024-12-16,36.58,37.02,37.54,36.02,7780045.0,287749078.0,1.202843083652283,0.44000000000000483,0.04936990406226674,4.155276107162373,157586796.0
2024-12-17,37.01,35.42,37.37,35.16,6673992.0,240983986.0,-4.321988114532694,-1.6000000000000014,0.04235121323235736,5.969746083198273,157586796.0
2024-12-18,35.24,38.22,38.6,35.09,14093417.0,529223084.0,7.905138339920947,2.799999999999997,0.08943272759984282,9.909655561829469,157586796.0
2024-12-19,38.2,39.0,39.05,37.83,9966136.0,384852064.0,2.0408163265306145,0.7800000000000011,0.06324220209413992,3.1920460491889036,157586796.0
2024-12-20,39.0,39.2,39.81,38.31,7963360.0,310792872.0,0.512820512820511,0.20000000000000284,0.05053316776616234,3.8461538461538463,157586796.0
2024-12-23,39.8,37.77,40.37,37.71,7922492.0,308492052.0,-3.647959183673466,-1.4299999999999997,0.05027383131769492,6.785714285714277,157586796.0
2024-12-24,37.82,39.72,40.28,37.82,9433164.0,371683921.0,5.162827640984902,1.9499999999999957,0.059860116706732205,6.513105639396348,157586796.0
2024-12-25,39.1,39.44,39.88,38.7,5358326.0,210340271.0,-0.7049345417925457,-0.28000000000000114,0.0340023792348694,2.9707955689828798,157586796.0
2024-12-26,39.5,39.22,39.59,37.8,7430648.0,287887872.0,-0.5578093306288001,-0.21999999999999886,0.047152732263177684,4.5385395537525515,157586796.0
2024-12-27,39.6,39.4,40.22,39.01,8716492.0,345939480.0,0.45894951555329744,0.17999999999999972,0.05531232451734091,3.085160632330446,157586796.0
2024-12-30,39.38,38.46,39.4,38.07,4768200.0,183387433.0,-2.385786802030454,-0.9399999999999977,0.030257611177017647,3.375634517766493,157586796.0
2024-12-31,38.5,38.0,38.77,37.03,4411752.0,167545480.0,-1.1960478419136833,-0.46000000000000085,0.027995695781517126,4.524180967238695,157586796.0
2025-01-02,39.58,36.7,39.71,35.88,4896104.0,184097434.0,-3.421052631578936,-1.2999999999999972,0.031069252781813016,10.078947368421048,157586796.0
2025-01-03,36.41,35.8,37.01,34.88,5574480.0,200922283.0,-2.452316076294292,-0.9000000000000057,0.035374029687106526,5.803814713896445,157586796.0
2025-01-06,36.02,38.88,39.0,36.02,12004054.0,454032320.0,8.603351955307282,3.0800000000000054,0.07617423733902173,8.324022346368707,157586796.0
2025-01-07,39.15,39.34,39.35,38.31,6700702.0,260278542.0,1.1831275720164625,0.46000000000000085,0.04252070712827996,2.674897119341561,157586796.0
2025-01-08,39.54,41.85,41.88,39.33,15274062.0,621726594.0,6.380274529740726,2.509999999999998,0.09692475757930887,6.481952211489589,157586796.0
2025-01-09,41.6,42.01,42.21,40.99,8065914.0,336353261.0,0.38231780167263807,0.1599999999999966,0.05118394563970956,2.9151732377538804,157586796.0
2025-01-10,42.5,41.05,43.53,41.04,9607627.0,407691444.0,-2.2851701975720062,-0.9600000000000009,0.060967208191732,5.927160199952397,157586796.0
2025-01-13,40.15,42.26,42.5,39.88,7103343.0,292137238.0,2.947624847746644,1.2100000000000009,0.045075749874373995,6.382460414129105,157586796.0
2025-01-14,42.26,42.82,43.34,41.7,6803408.0,290332258.0,1.3251301467108512,0.5600000000000023,0.04317244954964374,3.880738286796026,157586796.0
2025-01-15,43.4,38.54,43.63,38.54,14930960.0,605784828.0,-9.995329285380661,-4.280000000000001,0.09474753202038577,11.886968706212059,157586796.0
2025-01-16,38.15,39.2,39.86,35.8,13474444.0,511527045.0,1.712506486766996,0.6600000000000037,0.08550490486525279,10.53450960041516,157586796.0
2025-01-17,39.2,36.26,39.2,35.9,11458164.0,430467114.0,-7.500000000000007,-2.940000000000005,0.07271017807862531,8.418367346938787,157586796.0
2025-01-20,36.05,38.26,39.4,36.02,11168561.0,424134605.0,5.5157198014340825,2.0,0.07087244162258366,9.321566464423595,157586796.0
2025-01-21,38.0,37.7,39.36,36.98,7374716.0,281026543.0,-1.463669628855191,-0.5599999999999952,0.04679780404952202,6.220595922634612,157586796.0
2025-01-22,37.77,37.19,38.1,36.86,4499092.0,168049922.0,-1.352785145888613,-0.5100000000000051,0.028549930033478187,3.289124668435018,157586796.0
2025-01-23,37.5,36.14,38.2,36.14,6232322.0,230266459.0,-2.823339607421338,-1.0499999999999972,0.03954850379723438,5.539123420274274,157586796.0
2025-01-24,36.2,36.26,36.66,35.61,6085048.0,220195685.0,0.3320420586607531,0.11999999999999744,0.038613945802921205,2.9053680132816746,157586796.0
2025-01-27,36.52,36.45,37.28,36.0,4271260.0,155895119.0,0.5239933811362452,0.19000000000000483,0.02710417438780848,3.530060672917819,157586796.0
2025-02-05,39.85,40.1,40.1,37.88,14065803.0,550427239.0,10.013717421124824,3.6499999999999986,0.08925749718269543,6.090534979423865,157586796.0
2025-02-06,41.26,40.63,43.51,40.11,24510051.0,1018215338.0,1.321695760598507,0.5300000000000011,0.15553365905097785,8.4788029925187,157586796.0
2025-02-07,40.43,41.0,41.82,39.95,18837912.0,774123637.0,0.9106571498892491,0.36999999999999744,0.11953991373744283,4.60251046025104,157586796.0
2025-02-10,44.0,41.61,44.0,41.49,28025208.0,1193127324.0,1.4878048780487818,0.6099999999999994,0.17783982358521966,6.12195121951219,157586796.0
2025-02-11,41.65,40.0,41.86,39.54,16546672.0,664279730.0,-3.869262196587353,-1.6099999999999994,0.10500037071633844,5.575582792597935,157586796.0
2025-02-12,40.25,42.06,43.47,39.6,20136144.0,837414271.0,5.15000000000001,2.0600000000000023,0.12777811663865543,9.674999999999994,157586796.0
2025-02-13,43.0,43.43,43.82,41.7,23061996.0,991317309.0,3.2572515454113216,1.3699999999999974,0.14634472294239678,5.040418449833565,157586796.0
2025-02-14,42.5,44.8,46.0,41.4,22614872.0,989027892.0,3.154501496661277,1.3699999999999974,0.1435074040086455,10.59175685010362,157586796.0
2025-02-17,45.6,48.6,49.28,45.11,26323928.0,1249084611.0,8.482142857142861,3.8000000000000043,0.16704399523422,9.308035714285719,157586796.0
2025-02-18,46.82,44.47,47.95,44.3,18825076.0,867360427.0,-8.49794238683128,-4.130000000000003,0.11945846021261831,7.510288065843633,157586796.0
2025-02-19,44.6,46.1,46.68,44.6,11813938.0,542638852.0,3.6653923993703597,1.6300000000000026,0.07496781646604453,4.677310546435796,157586796.0
2025-02-20,45.66,47.13,47.58,44.53,14879028.0,688219614.0,2.2342733188720265,1.0300000000000011,0.09441798664400791,6.616052060737521,157586796.0
2025-02-21,47.4,49.66,51.8,46.65,18997956.0,928383540.0,5.368130702312746,2.529999999999994,0.12055550643976543,10.927222575854017,157586796.0
2025-02-24,49.0,48.91,50.48,47.82,12238920.0,599842520.0,-1.5102698348771648,-0.75,0.07766462870404447,5.356423681031004,157586796.0
2025-02-25,50.0,49.7,51.8,49.03,19315685.0,971099517.0,1.6152116131670446,0.7900000000000063,0.12257172231612602,5.663463504395821,157586796.0
2025-02-26,48.25,49.18,49.97,47.0,14815020.0,715554123.0,-1.0462776659959871,-0.5200000000000031,0.09401181048188835,5.975855130784705,157586796.0
2025-02-27,49.4,51.76,52.36,49.37,24138687.0,1228026704.0,5.246034973566482,2.5799999999999983,0.15317709105526836,6.079707198047991,157586796.0
2025-02-28,52.0,49.5,54.88,48.65,26646244.0,1378281763.0,-4.36630602782071,-2.259999999999998,0.16908931887922896,12.03632148377126,157586796.0
2025-03-03,49.0,46.88,50.58,45.45,17454786.0,827689925.0,-5.292929292929283,-2.6199999999999974,0.11076299818926454,10.363636363636354,157586796.0
2025-03-04,45.58,46.56,47.33,45.07,8600170.0,397584034.0,-0.6825938566552892,-0.3200000000000003,0.05457417891788345,4.820819112627982,157586796.0
2025-03-05,47.3,48.05,48.05,45.91,11919114.0,562752721.0,3.2001718213058306,1.4899999999999949,0.07563523278942735,4.596219931271479,157586796.0
2025-03-06,49.02,49.95,51.66,48.15,19453180.0,972987370.0,3.9542143600416413,1.9000000000000057,0.12344422561900427,7.304890738813732,157586796.0
2025-03-07,50.9,50.29,51.52,49.2,22078873.0,1112781962.0,0.6806806806806787,0.3399999999999963,0.1401061101591278,4.644644644644645,157586796.0
2025-03-10,49.11,48.64,49.97,47.49,13967838.0,682503313.0,-3.280970371843306,-1.6499999999999986,0.08863583976921519,4.931397892225088,157586796.0
2025-03-11,47.0,47.66,47.98,46.68,11625840.0,549037323.0,-2.0148026315789602,-0.980000000000004,0.07377420123447398,2.672697368421047,157586796.0
2025-03-12,48.44,49.1,50.55,47.8,14798288.0,732542110.0,3.0214015946286255,1.4400000000000048,0.09390563407355525,5.770037767519933,157586796.0
2025-03-13,48.3,46.33,48.75,45.18,14447313.0,674646838.0,-5.641547861507135,-2.770000000000003,0.0916784487451601,7.270875763747455,157586796.0
2025-03-14,45.9,47.18,47.28,45.49,7862992.0,365252930.0,1.834664364342764,0.8500000000000014,0.04989626161318744,3.8635873084394543,157586796.0
2025-03-17,46.9,46.18,47.16,46.01,6303584.0,293013814.0,-2.1195421788893554,-1.0,0.04000071173475727,2.437473505722761,157586796.0
2025-03-18,45.9,48.03,48.52,45.9,11478201.0,548229836.0,4.006063230835855,1.8500000000000014,0.0728373270562592,5.6734517106972815,157586796.0
2025-03-19,48.0,48.01,48.65,47.61,7863680.0,378534525.0,-0.04164064126588318,-0.020000000000003126,0.04990062746119922,2.1653133458255236,157586796.0
2025-03-20,48.4,47.81,49.43,47.75,11567356.0,562847965.0,-0.41657987919182515,-0.19999999999999574,0.07340307877063507,3.499270985211414,157586796.0
2025-03-21,47.0,46.5,48.01,45.8,8447500.0,394325570.0,-2.7400125496758077,-1.3100000000000023,0.0536053794760825,4.622463919682077,157586796.0
2025-03-24,46.0,45.47,46.97,44.05,7741196.0,349767566.0,-2.2150537634408662,-1.0300000000000011,0.0491233796009153,6.279569892473122,157586796.0
2025-03-25,45.51,45.65,46.1,44.75,5379896.0,244734231.0,0.39586540576204143,0.17999999999999972,0.034139256184890006,2.96899054321531,157586796.0
2025-03-26,45.99,46.94,47.18,45.31,5892923.0,275506222.0,2.825848849945234,1.2899999999999991,0.03739477639992122,4.09638554216867,157586796.0
2025-03-27,47.1,46.65,47.15,46.16,4548056.0,212254251.0,-0.6178099701746875,-0.28999999999999915,0.0288606413445959,2.10907541542395,157586796.0
2025-03-28,46.54,46.6,47.5,46.23,5034500.0,235658294.0,-0.1071811361200381,-0.04999999999999716,0.03194747356878808,2.7224008574490957,157586796.0
2025-03-31,46.14,46.38,46.45,45.02,3987976.0,182285497.0,-0.47210300429184615,-0.21999999999999886,0.025306536468956448,3.0686695278969953,157586796.0
2025-04-01,46.39,47.69,48.4,46.38,7294800.0,345939711.0,2.8244933160844976,1.3099999999999952,0.04629068034354858,4.35532557136696,157586796.0
2025-04-02,47.32,47.39,48.18,47.25,4192700.0,199526017.0,-0.6290626965820834,-0.29999999999999716,0.026605655463672225,1.9500943594044868,157586796.0
2025-04-03,47.05,47.39,48.31,46.68,5379796.0,255374351.0,0.0,0.0,0.034138621613958066,3.4395442076387477,157586796.0
2025-04-07,43.74,42.65,44.59,42.65,4532120.0,195140334.0,-10.002110149820641,-4.740000000000002,0.028759516120881092,4.0936906520363046,157586796.0
2025-04-08,41.77,38.39,42.77,38.39,10562924.0,418134950.0,-9.988276670574436,-4.259999999999998,0.06702924526747786,10.269636576787814,157586796.0
2025-04-09,38.0,39.4,40.16,35.51,8019040.0,305430832.0,2.6308934618390234,1.009999999999998,0.050886496861069504,12.112529304506378,157586796.0
2025-04-10,40.2,40.2,41.69,40.15,5985800.0,243577379.0,2.0304568527918843,0.8000000000000043,0.037984146844384094,3.9086294416243637,157586796.0
2025-04-11,39.78,40.66,41.47,39.38,4811100.0,194511399.0,1.1442786069651545,0.45999999999999375,0.0305298421068222,5.199004975124369,157586796.0
2025-04-14,40.71,40.45,41.82,40.44,5048300.0,207065684.0,-0.5164781111657524,-0.20999999999999375,0.03203504435739654,3.3939990162321756,157586796.0
2025-04-15,40.45,39.78,40.67,39.5,3205086.0,127658800.0,-1.656365883807176,-0.6700000000000017,0.020338544099849584,2.892459826946852,157586796.0
2025-04-16,39.74,38.7,40.86,38.31,4250496.0,167535899.0,-2.714932126696823,-1.0799999999999983,0.02697241207949935,6.410256410256403,157586796.0
2025-04-17,38.01,38.41,38.95,38.01,3846400.0,147956841.0,-0.7493540051679792,-0.29000000000000625,0.024408136326345514,2.4289405684754644,157586796.0
2025-04-18,38.3,38.64,38.91,37.55,3947099.0,151014802.0,0.5988023952095967,0.23000000000000398,0.02504714290910515,3.540744597760999,157586796.0
2025-04-21,38.77,38.53,39.37,38.28,5192896.0,200936027.0,-0.28467908902691796,-0.10999999999999943,0.03295260854215223,2.8209109730848767,157586796.0
2025-04-22,38.3,36.91,38.45,36.32,6869520.0,254408083.0,-4.204515961588385,-1.6200000000000045,0.043591977084171445,5.528159875421756,157586796.0
2025-04-23,37.01,37.0,37.55,36.8,5734064.0,213044393.0,0.243836358710392,0.09000000000000341,0.036386703363142175,2.0319696559198053,157586796.0
2025-04-24,37.12,37.19,38.6,36.81,10621660.0,400388556.0,0.5135135135134972,0.18999999999999773,0.06740196685006528,4.837837837837836,157586796.0
2025-04-25,36.51,33.47,37.2,33.47,11722040.0,406296291.0,-10.002688894864209,-3.719999999999999,0.07438465847100541,10.029577843506331,157586796.0
2025-04-28,34.5,32.31,35.28,32.2,16793395.0,560101088.0,-3.465790259934265,-1.1599999999999966,0.10656600315676194,9.202270690170296,157586796.0
2025-04-29,31.99,29.3,31.99,29.08,26507160.0,797757072.0,-9.31600123800681,-3.0100000000000016,0.1682067322442421,9.006499535747446,157586796.0
2025-04-30,31.22,32.23,32.23,30.89,11411244.0,359183162.0,9.999999999999986,2.929999999999996,0.07241243739735656,4.573378839590431,157586796.0
2025-05-06,34.0,34.49,35.45,33.33,27193308.0,937786453.0,7.012100527458909,2.260000000000005,0.17256082800236638,6.577722618678266,157586796.0
2025-05-07,34.71,33.78,34.75,33.35,17010896.0,575974643.0,-2.058567700782843,-0.7100000000000009,0.10794620127945237,4.059147579008404,157586796.0
2025-05-08,33.97,34.5,34.86,33.72,14269112.0,489228580.0,2.131438721136769,0.7199999999999989,0.09054763699872419,3.3747779751332163,157586796.0
2025-05-09,34.61,33.79,34.69,33.44,8315300.0,281504973.0,-2.0579710144927543,-0.7100000000000009,0.05276647670405076,3.6231884057971016,157586796.0
2025-05-12,33.83,33.86,34.05,33.52,7868800.0,265740483.0,0.20716188221368004,0.07000000000000028,0.049933117492914826,1.568511393903504,157586796.0
2025-05-13,34.23,34.03,34.5,33.51,9294500.0,316441681.0,0.5020673360897954,0.1700000000000017,0.05898019526965952,2.923803898405204,157586796.0
2025-05-14,34.3,34.38,34.85,33.97,10891400.0,374105397.0,1.028504260946228,0.3500000000000014,0.06911365848189464,2.585953570379085,157586796.0
2025-05-15,34.19,33.75,34.85,33.61,7872700.0,267583331.0,-1.832460732984298,-0.6300000000000026,0.04995786575926069,3.6067481093659164,157586796.0
2025-05-16,33.56,33.39,33.69,32.9,7082405.0,236289774.0,-1.0666666666666602,-0.35999999999999943,0.04494288341264328,2.3407407407407383,157586796.0
2025-05-19,33.36,33.61,33.85,33.0,6187000.0,207147281.0,0.6588799041629123,0.21999999999999886,0.03926090355945812,2.5456723569931157,157586796.0
2025-05-20,33.61,35.44,35.46,33.21,13292844.0,458713110.0,5.444808092829501,1.8299999999999983,0.08435252405284006,6.69443617970842,157586796.0
2025-05-21,35.29,36.88,37.38,35.25,19314472.0,707836042.0,4.06320541760723,1.4400000000000048,0.12256402497072154,6.010158013544026,157586796.0
2025-05-22,36.5,36.64,36.83,35.51,12626776.0,457099204.0,-0.6507592190889477,-0.240000000000002,0.08012585013785038,3.5791757049891544,157586796.0
2025-05-23,36.59,35.2,36.68,35.2,10808492.0,386830696.0,-3.9301310043668103,-1.4399999999999977,0.0685875484136374,4.039301310043659,157586796.0
2025-05-26,35.21,34.87,35.88,34.64,7320800.0,255698925.0,-0.9375000000000133,-0.3300000000000054,0.046455668785854366,3.5227272727272783,157586796.0
2025-05-27,35.04,34.69,35.16,34.42,6137996.0,213288076.0,-0.5162030398623396,-0.17999999999999972,0.03894993841996762,2.1221680527674076,157586796.0
2025-05-28,34.5,37.15,37.78,34.5,16868296.0,611399283.0,7.091380801383695,2.460000000000001,0.10704130313049832,9.455174401844916,157586796.0
2025-05-29,36.99,37.1,37.75,36.83,11141251.0,414180403.0,-0.13458950201883368,-0.04999999999999716,0.07069914030106939,2.476446837146707,157586796.0
2025-05-30,36.83,38.17,38.54,36.75,14861934.0,562737405.0,2.8840970350404227,1.0700000000000003,0.09430951308890118,4.824797843665766,157586796.0
2025-06-03,37.39,38.04,38.31,37.31,9390700.0,354871967.0,-0.3405816085931379,-0.13000000000000256,0.05959065250619094,2.6198585276395074,157586796.0
2025-06-04,37.88,38.26,39.02,37.88,10651570.0,409815073.0,0.5783385909568839,0.21999999999999886,0.06759176701581013,2.9968454258675092,157586796.0
2025-06-05,38.2,38.39,38.65,37.85,8280568.0,316560317.0,0.3397804495556711,0.13000000000000256,0.05254607752796751,2.09095661265028,157586796.0
2025-06-06,38.46,39.45,39.9,38.4,11544196.0,453154917.0,2.7611357124251112,1.0600000000000023,0.07325611214279654,3.9072675175827034,157586796.0
2025-06-09,39.67,41.03,41.38,39.65,11975522.0,486943102.0,4.005069708491749,1.5799999999999983,0.07599318156071909,4.3852978453739,157586796.0
2025-06-10,40.93,39.79,41.15,39.23,12167550.0,489227948.0,-3.0221788934925664,-1.240000000000002,0.07721173542991508,4.679502802827203,157586796.0
2025-06-11,39.56,40.16,40.8,39.56,7371384.0,297706720.0,0.9298818798693098,0.36999999999999744,0.0467766601460696,3.1163608946971473,157586796.0
2025-06-12,40.25,42.56,43.33,39.8,12738063.0,533517560.0,5.976095617529897,2.4000000000000057,0.08083204509088439,8.789840637450203,157586796.0
2025-06-13,42.4,43.51,43.75,42.06,14342900.0,616313025.0,2.232142857142838,0.9499999999999957,0.09101587419798801,3.97086466165413,157586796.0
2025-06-16,43.54,45.39,45.49,43.23,12559800.0,560201517.0,4.320845782578719,1.8800000000000026,0.07970083991047067,5.194208227993577,157586796.0
2025-06-17,46.4,40.85,47.65,40.85,28276040.0,1240853512.0,-10.002203128442389,-4.539999999999999,0.1794315305452368,14.981273408239693,157586796.0
2025-06-18,40.4,39.01,40.53,38.51,17228500.0,676584392.0,-4.504283965728284,-1.8400000000000034,0.10932705301020271,4.944920440636483,157586796.0
2025-06-19,38.88,38.08,39.45,37.96,7949800.0,306906143.0,-2.384004101512427,-0.9299999999999997,0.05044711994779055,3.8195334529607847,157586796.0
2025-06-20,38.09,37.05,38.36,36.34,8254600.0,308488070.0,-2.7048319327731107,-1.0300000000000011,0.052381292148359945,5.304621848739485,157586796.0
2025-06-23,37.73,39.57,39.95,37.09,13021100.0,499748887.0,6.8016194331983915,2.520000000000003,0.08262811561953452,7.719298245614034,157586796.0
2025-06-24,39.4,39.35,40.23,39.18,8601780.0,340075212.0,-0.5559767500631807,-0.21999999999999886,0.05458439550988777,2.6535253980288025,157586796.0
2025-06-25,39.5,39.12,39.7,38.72,5719000.0,223762800.0,-0.5844980940279632,-0.23000000000000398,0.03629111159795393,2.4904701397712934,157586796.0
2025-06-26,39.15,38.34,39.21,38.26,6785800.0,262193798.0,-1.9938650306748351,-0.779999999999994,0.0430607142999468,2.428425357873218,157586796.0
2025-06-27,38.08,38.66,39.09,38.08,5191000.0,201047269.0,0.8346374543557467,0.3199999999999932,0.03294057707728254,2.634324465310394,157586796.0
2025-06-30,39.12,39.48,40.07,39.12,7905042.0,312665699.0,2.121055354371437,0.8200000000000003,0.050163098690070455,2.45732022762546,157586796.0
2025-07-01,41.68,40.27,41.68,40.0,11238996.0,456288817.0,2.0010131712259627,0.7900000000000063,0.07131940165849936,4.25531914893617,157586796.0
2025-07-02,39.8,38.99,39.95,38.79,6570096.0,257683334.0,-3.1785448224484703,-1.2800000000000011,0.04169191941690343,2.880556245343937,157586796.0
2025-07-03,38.86,38.9,39.3,38.6,3627100.0,141446225.0,-0.230828417542972,-0.09000000000000341,0.023016522272589386,1.7953321364452313,157586796.0
2025-07-04,38.9,37.88,39.26,37.85,5986500.0,230390068.0,-2.6221079691516658,-1.019999999999996,0.03798858884090771,3.6246786632390657,157586796.0
2025-07-07,37.87,38.15,38.18,36.95,4659581.0,175551381.0,0.7127771911298764,0.269999999999996,0.02956834657644794,3.247096092925018,157586796.0
2025-07-08,38.1,38.19,38.3,37.71,4251012.0,161810280.0,0.10484927916121212,0.03999999999999915,0.02697568646550819,1.5465268676277755,157586796.0
2025-07-09,38.24,38.04,38.47,37.78,4272720.0,162327446.0,-0.39277297721916904,-0.14999999999999858,0.027113439123414882,1.8067556952081638,157586796.0
2025-07-10,38.05,37.82,38.58,37.65,4767210.0,180728252.0,-0.5783385909568839,-0.21999999999999886,0.03025132892479139,2.4447949526813875,157586796.0
2025-07-11,37.76,37.89,38.05,37.45,3873200.0,146605306.0,0.18508725542041304,0.07000000000000028,0.024578201336106865,1.5864621893178061,157586796.0
2025-07-14,37.8,37.6,37.88,37.36,3481055.0,130767556.0,-0.7653734494589615,-0.28999999999999915,0.022089763155029817,1.372393771443661,157586796.0
2025-07-15,37.9,38.33,38.88,37.3,7884664.0,302096629.0,1.941489361702109,0.7299999999999969,0.05003378582555863,4.202127659574482,157586796.0
2025-07-16,38.35,38.72,39.44,38.1,6984726.0,271059438.0,1.0174797808505165,0.39000000000000057,0.04432304087202839,3.4959561701017385,157586796.0
2025-07-17,38.5,38.62,38.72,38.32,4621944.0,178091608.0,-0.25826446280992066,-0.10000000000000142,0.029329513114791674,1.0330578512396658,157586796.0
2025-07-18,39.01,38.38,39.04,38.33,4807800.0,185921847.0,-0.6214396685654933,-0.23999999999999488,0.030508901266068002,1.8384256861729695,157586796.0
2025-07-21,38.57,38.65,39.05,38.48,4181820.0,161824235.0,0.7034914017717497,0.269999999999996,0.02653661414627657,1.4851485148514858,157586796.0
2025-07-22,38.63,37.83,38.64,37.68,5083800.0,193196775.0,-2.121604139715394,-0.8200000000000003,0.03226031703823714,2.4838292367399766,157586796.0
2025-07-23,37.47,37.72,38.15,37.0,4802832.0,180993106.0,-0.29077451757864026,-0.10999999999999943,0.03047737578216896,3.039915411049428,157586796.0
2025-07-24,37.75,37.63,37.93,37.45,4041000.0,152095891.0,-0.23860021208906845,-0.0899999999999963,0.025643011359911143,1.2725344644750713,157586796.0
2025-07-25,37.63,38.57,38.79,37.61,7740662.0,296693696.0,2.498006909380801,0.9399999999999977,0.04911999099213871,3.1357959075205946,157586796.0
2025-07-28,38.68,38.54,39.33,38.31,7413600.0,287618937.0,-0.07778065854291416,-0.030000000000001137,0.04704455061069964,2.6445423904588954,157586796.0
2025-07-29,38.51,38.06,38.51,37.75,5940128.0,225607451.0,-1.2454592631032657,-0.4799999999999969,0.03769432560834602,1.9719771665801713,157586796.0
2025-07-30,38.06,37.45,38.08,37.13,4535880.0,170104533.0,-1.6027325275880133,-0.6099999999999994,0.028783375987922237,2.4960588544403457,157586796.0
2025-07-31,37.01,38.46,39.59,37.01,12269248.0,472150805.0,2.6969292389853017,1.009999999999998,0.07785708137628485,6.889185580774379,157586796.0
2025-08-01,37.95,36.93,37.95,36.55,9612224.0,357066430.0,-3.978159126365055,-1.5300000000000011,0.06099637941747353,3.640145605824248,157586796.0
2025-08-04,36.3,38.13,38.13,36.19,7816063.0,292485189.0,3.249390739236402,1.2000000000000028,0.04959846382053481,5.253181695098848,157586796.0
2025-08-05,38.3,38.3,38.8,37.98,4882400.0,186966622.0,0.44584316810909463,0.1699999999999946,0.030982291181299224,2.1505376344086025,157586796.0
2025-08-06,38.3,38.73,38.95,38.01,5142000.0,198440975.0,1.1227154046997478,0.4299999999999997,0.032629637320629325,2.4543080939947908,157586796.0
2025-08-07,38.73,38.01,39.0,38.0,4611376.0,177183992.0,-1.8590240123934954,-0.7199999999999989,0.02926245165870369,2.581977794990963,157586796.0
2025-08-08,37.99,37.21,37.99,37.15,4508100.0,168519418.0,-2.104709287029727,-0.7999999999999972,0.028607092183027823,2.2099447513812245,157586796.0
2025-08-11,37.21,37.15,37.56,36.98,5591500.0,207672846.0,-0.1612469766191893,-0.060000000000002274,0.035482033659723626,1.5587207739855022,157586796.0
2025-08-12,37.15,37.47,38.01,36.72,6453323.0,240545132.0,0.8613728129206022,0.3200000000000003,0.0409509119025429,3.472409152086135,157586796.0
2025-08-13,37.33,37.07,37.47,36.95,6290300.0,233761660.0,-1.06752068321323,-0.3999999999999986,0.03991641533215765,1.387776888177198,157586796.0
2025-08-14,37.1,37.03,38.41,36.94,8601124.0,321904291.0,-0.10790396547072367,-0.03999999999999915,0.054580232724574206,3.9654707310493627,157586796.0
2025-08-15,36.8,37.3,37.37,36.76,5781924.0,214499267.0,0.7291385363218827,0.269999999999996,0.03669040901117122,1.6473129894679972,157586796.0
2025-08-18,37.4,38.96,39.75,37.36,15514324.0,600779933.0,4.450402144772125,1.6600000000000037,0.09844939039181938,6.407506702412872,157586796.0
2025-08-19,39.2,39.22,39.64,38.86,9496800.0,372928470.0,0.6673511293634471,0.259999999999998,0.06026393226498494,2.002053388090352,157586796.0
2025-08-20,39.1,39.54,39.64,38.47,7921200.0,310586977.0,0.815910249872509,0.3200000000000003,0.05026563266125418,2.9831718510963836,157586796.0
2025-08-21,39.7,39.11,39.87,38.83,6871400.0,269080441.0,-1.0875063227111736,-0.4299999999999997,0.04360390701769201,2.6302478502781974,157586796.0
2025-08-22,41.22,41.86,42.96,39.93,24938247.0,1024973438.0,7.031449757095376,2.75,0.1582508663987305,7.747379186908722,157586796.0
2025-08-25,43.9,42.22,44.13,41.78,24131147.0,1034079463.0,0.8600095556617227,0.35999999999999943,0.15312924440699968,5.6139512661251825,157586796.0
2025-08-26,41.98,42.79,43.68,41.8,14498259.0,623740486.0,1.3500710563713936,0.5700000000000003,0.09200173725214897,4.4528659403126545,157586796.0
2025-08-27,42.5,42.36,44.3,42.26,18672196.0,812304283.0,-1.0049076887123198,-0.4299999999999997,0.1184883281718603,4.767469034821218,157586796.0
2025-08-28,42.91,43.99,45.36,42.5,16823956.0,736149795.0,3.847969782813987,1.6300000000000026,0.10675993437927375,6.751652502360717,157586796.0
2025-08-29,43.9,42.23,43.95,42.0,13016109.0,552381780.0,-4.000909297567645,-1.7600000000000051,0.08259644418432113,4.432825642191413,157586796.0
2025-09-01,42.23,43.99,45.2,41.98,17995630.0,783923554.0,4.167653327018717,1.7600000000000051,0.11419503700043498,7.624911200568331,157586796.0
2025-09-02,43.58,41.09,43.97,40.75,13666200.0,570856562.0,-6.592407365310294,-2.8999999999999986,0.0867217327015139,7.319845419413499,157586796.0
2025-09-03,41.0,40.01,41.36,39.65,7738404.0,312512766.0,-2.6283767339985498,-1.0800000000000054,0.04910566238049538,4.161596495497689,157586796.0
2025-09-04,40.02,38.1,40.32,37.5,8731958.0,339572141.0,-4.773806548362902,-1.9099999999999966,0.05541046725767557,7.048237940514872,157586796.0
2025-09-05,38.1,39.48,39.53,38.1,5942300.0,231359610.0,3.622047244094473,1.3799999999999955,0.037708108488987875,3.7532808398950124,157586796.0
2025-09-08,39.02,39.28,39.69,38.39,5851980.0,228338904.0,-0.5065856129685797,-0.19999999999999574,0.03713496402325484,3.292806484295839,157586796.0
2025-09-09,39.2,38.33,39.24,38.04,4990700.0,192305464.0,-2.4185336048879957,-0.9500000000000028,0.031669531500596024,3.054989816700618,157586796.0
2025-09-10,38.7,38.65,39.25,38.39,3864500.0,149962913.0,0.8348552048004221,0.3200000000000003,0.02452299366502762,2.2436733629011205,157586796.0
2025-09-11,38.71,40.06,40.15,38.7,7620056.0,301713251.0,3.6481241914618545,1.4100000000000037,0.048354660373956714,3.7516170763259913,157586796.0
2025-09-12,40.11,40.52,41.59,39.7,9111100.0,370225075.0,1.1482775836245684,0.46000000000000085,0.05781639218047177,4.717923115327011,157586796.0
2025-09-15,40.62,39.87,40.63,39.58,5231400.0,209121698.0,-1.6041461006910285,-0.6500000000000057,0.03319694373378846,2.5913129318854993,157586796.0
2025-09-16,39.76,39.93,40.67,39.68,5131600.0,205352275.0,0.15048908954100604,0.060000000000002274,0.03256364194370701,2.483069977426642,157586796.0
2025-09-17,39.99,39.75,40.29,39.39,5512800.0,219822590.0,-0.4507888805409421,-0.17999999999999972,0.03498262633628264,2.2539444027047297,157586796.0
2025-09-18,39.81,41.33,43.73,39.81,22367889.0,942150322.0,3.9748427672955833,1.5799999999999983,0.14194012168379894,9.861635220125772,157586796.0
2025-09-19,41.88,42.14,42.5,41.03,13096700.0,547640424.0,1.9598354706024779,0.8100000000000023,0.08310785124408519,3.5567384466489207,157586796.0
2025-09-22,45.05,46.35,46.35,44.58,25461187.0,1169501527.0,9.990507831039386,4.210000000000001,0.16156929163024547,4.200284765068826,157586796.0
2025-09-23,48.67,50.99,50.99,48.5,32189786.0,1607429205.0,10.01078748651565,4.640000000000001,0.20426702501141022,5.372168284789648,157586796.0
2025-09-24,52.47,51.2,55.55,48.5,49470035.0,2581452041.0,0.41184545989410015,0.21000000000000085,0.3139224621331853,13.826240439301818,157586796.0
2025-09-25,50.0,50.23,54.33,49.92,32506184.0,1679696409.0,-1.8945312500000089,-0.970000000000006,0.20627479474866664,8.613281249999993,157586796.0
2025-09-26,49.49,51.65,54.0,48.8,30857933.0,1583897236.0,2.826995819231537,1.4200000000000017,0.19581547301716826,10.352379056340839,157586796.0
2025-09-29,52.13,53.39,56.5,52.13,28554105.0,1534965048.0,3.368828654404643,1.740000000000002,0.1811960502071506,8.460793804453044,157586796.0
2025-09-30,53.99,53.9,54.56,51.91,22312616.0,1186624603.0,0.9552350627458184,0.509999999999998,0.14158937529258478,4.963476306424434,157586796.0
2025-10-09,54.25,58.18,59.29,53.6,29151750.0,1646742130.0,7.940630797773651,4.280000000000001,0.18498853165337534,10.556586270871982,157586796.0
2025-10-10,56.2,57.82,59.53,53.89,26254804.0,1478737341.0,-0.618769336541769,-0.35999999999999943,0.1666053544232221,9.694052939154348,157586796.0
2025-10-13,54.11,55.21,56.8,53.67,18656280.0,1026844679.0,-4.5140089934278755,-2.6099999999999994,0.11838732986233187,5.4133517813905145,157586796.0
2025-10-14,55.43,50.08,56.3,49.8,23391080.0,1222606310.0,-9.29179496468031,-5.130000000000003,0.14843299434807977,11.773229487411701,157586796.0
2025-10-15,49.91,53.13,53.49,49.91,18015646.0,937639556.0,6.090255591054317,3.0500000000000043,0.11432205271817317,7.1485623003195,157586796.0
2025-10-16,52.7,52.47,53.48,52.01,10453703.0,550256149.0,-1.2422360248447228,-0.6600000000000037,0.06633616054989785,2.7667984189723294,157586796.0
2025-10-17,53.1,52.23,53.9,52.0,12748600.0,675667165.0,-0.4574042309891446,-0.240000000000002,0.08089890982998348,3.621116828663996,157586796.0
2025-10-20,57.45,57.45,57.45,57.45,2706900.0,155511405.0,9.994256174612314,5.220000000000006,0.01717720055682838,0.0,157586796.0
2025-10-21,60.0,55.52,60.0,54.66,36074712.0,2042646513.0,-3.3594429939077464,-1.9299999999999997,0.228919636134997,9.295039164490868,157586796.0
2025-10-22,53.91,52.89,55.4,52.3,21878779.0,1172361846.0,-4.737031700288186,-2.6300000000000026,0.1388363717985611,5.583573487031702,157586796.0
2025-10-23,52.1,54.15,55.28,51.46,17537500.0,948123148.0,2.382302892796373,1.259999999999998,0.1112878771899138,7.222537341652487,157586796.0
2025-10-24,53.68,55.02,56.57,52.8,21076480.0,1156571320.0,1.6066481994459814,0.8700000000000045,0.13374521555727295,6.962142197599268,157586796.0
2025-10-27,54.68,52.32,54.68,52.02,24456917.0,1294441915.0,-4.907306434023995,-2.700000000000003,0.15519648613199802,4.834605597964369,157586796.0
2025-10-28,52.0,50.01,52.13,50.01,17514809.0,883097094.0,-4.415137614678899,-2.3100000000000023,0.11114388669974609,4.051987767584107,157586796.0
2025-10-29,49.9,49.63,50.59,48.63,14825572.0,731102503.0,-0.759848030393917,-0.37999999999999545,0.09407877040662721,3.9192161567686483,157586796.0
2025-10-30,49.4,50.09,51.15,48.77,13187488.0,663135448.0,0.9268587547854201,0.46000000000000085,0.08368396550177973,4.795486600846253,157586796.0
2025-10-31,47.4,46.09,47.45,46.06,18935331.0,881846896.0,-7.985625873427827,-4.0,0.12015810639363465,2.775004991016172,157586796.0
2025-11-03,46.0,47.76,48.33,45.29,14586924.0,680519994.0,3.623345628118879,1.6699999999999946,0.0925643795689583,6.595790844000865,157586796.0
2025-11-04,47.41,46.31,47.44,45.9,8289700.0,386011119.0,-3.0360134003350026,-1.4499999999999957,0.052604026545472755,3.224455611390283,157586796.0
2025-11-05,45.45,46.44,47.15,45.38,7768096.0,358086847.0,0.28071690779527536,0.12999999999999545,0.049294079181608594,3.8220686676743596,157586796.0
2025-11-06,46.8,47.07,47.69,45.84,9136600.0,427564218.0,1.3565891472868241,0.6300000000000026,0.05797820776811783,3.9836347975882735,157586796.0
2025-11-07,46.52,45.76,46.92,45.72,8173200.0,376754893.0,-2.7830890163586197,-1.3100000000000023,0.05186475140975644,2.549394518801791,157586796.0
2025-11-10,45.45,46.49,47.18,45.45,8535672.0,396914592.0,1.5952797202797298,0.730000000000004,0.054164893358197345,3.7805944055943987,157586796.0
2025-11-11,46.67,45.71,46.87,45.56,6100340.0,281226867.0,-1.6777801677780202,-0.7800000000000011,0.03871098438983429,2.817810281781018,157586796.0
2025-11-12,45.7,44.65,45.7,44.05,7996900.0,356977791.0,-2.31896740319405,-1.0600000000000023,0.050746002856736805,3.609713410632259,157586796.0
2025-11-13,44.21,44.24,44.44,43.75,7283896.0,320847317.0,-0.9182530795072696,-0.4099999999999966,0.04622148672912926,1.5453527435610253,157586796.0
2025-11-14,46.01,45.47,47.1,45.44,15477791.0,715407986.0,2.7802893309222254,1.2299999999999969,0.09821756259325179,3.7522603978300264,157586796.0
2025-11-17,44.51,46.34,46.98,43.57,12220456.0,558994331.0,1.9133494611832003,0.8700000000000045,0.07754746152717008,7.499450186936435,157586796.0
2025-11-18,47.0,47.32,48.16,45.86,12027596.0,567576769.0,2.114803625377637,0.9799999999999969,0.0763236280278203,4.96331463098834,157586796.0
2025-11-19,47.11,46.97,47.5,46.49,6577900.0,308904420.0,-0.7396449704141994,-0.3500000000000014,0.04174144133243245,2.1344040574809764,157586796.0
2025-11-20,47.48,48.45,49.2,46.57,11887364.0,569253944.0,3.150947413242511,1.480000000000004,0.0754337565185347,5.599318714072818,157586796.0
2025-11-21,47.6,47.33,49.39,47.2,14490150.0,703069630.0,-2.3116615067079516,-1.1200000000000045,0.09195027989527751,4.520123839009283,157586796.0
2025-11-24,46.88,44.9,47.2,44.0,10975680.0,495949659.0,-5.134164377773088,-2.4299999999999997,0.06964847486333817,6.761039509824641,157586796.0
2025-11-25,44.66,48.2,49.39,44.66,14076644.0,658461221.0,7.349665924276172,3.3000000000000043,0.08932629101742763,10.534521158129186,157586796.0
2025-11-26,47.72,47.63,48.49,47.24,9258800.0,442106578.0,-1.1825726141078796,-0.5700000000000003,0.05875365344695504,2.593360995850622,157586796.0
2025-11-27,49.5,48.5,49.99,48.35,17415284.0,857522791.0,1.8265798866260674,0.8699999999999974,0.11051232997972749,3.4432080621457075,157586796.0
2025-11-28,49.2,47.89,49.49,47.51,10147168.0,487927133.0,-1.2577319587628866,-0.6099999999999994,0.0643909785436592,4.082474226804132,157586796.0
2025-12-01,47.5,49.39,49.7,47.15,11365352.0,551847728.0,3.132177907705147,1.5,0.07212122010526821,5.324702443098777,157586796.0
2025-12-02,49.0,48.13,49.44,47.89,7628500.0,369114001.0,-2.5511237092528782,-1.259999999999998,0.04840824354345018,3.1382871026523533,157586796.0
2025-12-03,47.7,47.99,48.8,46.43,8034100.0,380695994.0,-0.2908788697278175,-0.14000000000000057,0.05098206324342047,4.924163723249527,157586796.0
2025-12-04,48.0,50.76,51.51,47.68,19161138.0,956313631.0,5.772035840800149,2.769999999999996,0.12159101197793247,7.980829339445713,157586796.0
2025-12-05,50.95,49.25,51.93,48.67,17772860.0,880258885.0,-2.974783293932226,-1.509999999999998,0.11278140333534035,6.422379826635143,157586796.0
2025-12-08,48.5,49.97,50.99,48.15,14135464.0,702659414.0,1.4619289340101593,0.7199999999999989,0.08969954563959788,5.7664974619289415,157586796.0
2025-12-09,49.5,51.68,52.0,49.03,16164300.0,821479756.0,3.4220532319391594,1.7100000000000009,0.1025739491524404,5.943566139683808,157586796.0
2025-12-10,51.69,53.21,53.68,50.37,18724376.0,983490947.0,2.960526315789469,1.5300000000000011,0.11881944728414937,6.404798761609912,157586796.0
2025-12-11,53.16,51.72,53.66,51.68,15620968.0,821644088.0,-2.800225521518518,-1.490000000000002,0.09912612221648316,3.721105055440701,157586796.0
2025-12-12,50.5,53.3,55.31,50.0,18199946.0,953875851.0,3.054911059551424,1.5799999999999983,0.11549156694574843,10.26682134570766,157586796.0
2025-12-15,51.97,51.95,53.69,51.34,14393084.0,759630775.0,-2.5328330206378924,-1.3499999999999943,0.09133432727447546,4.409005628517813,157586796.0
2025-12-16,52.7,46.76,52.8,46.76,20379070.0,975099893.0,-9.990375360923975,-5.190000000000005,0.12931965442079296,11.626564003849852,157586796.0
2025-12-17,45.3,42.08,45.8,42.08,21985752.0,938185164.0,-10.008554319931562,-4.68,0.139515191361591,7.955517536355858,157586796.0
2025-12-18,40.5,40.05,41.2,40.0,15348173.0,619189662.0,-4.824144486692017,-2.030000000000001,0.09739504444268288,2.8517110266159764,157586796.0
2025-12-19,40.14,40.62,40.98,39.15,14262400.0,569733114.0,1.4232209737827795,0.5700000000000003,0.090505044597772,4.569288389513105,157586796.0
2025-12-22,40.0,39.82,40.58,39.8,9599884.0,383458399.0,-1.969473165928104,-0.7999999999999972,0.06091807336447148,1.9202363367799142,157586796.0
2025-12-23,39.8,38.77,40.06,38.44,10381900.0,405443891.0,-2.6368658965344016,-1.0499999999999972,0.06588051958363314,4.068307383224521,157586796.0
2025-12-24,38.67,38.82,39.14,38.6,6863800.0,266808498.0,0.12896569512508282,0.04999999999999716,0.04355567962686417,1.3928295073510424,157586796.0
2025-12-25,38.81,38.43,38.83,38.2,8311218.0,319337388.0,-1.004636785162294,-0.39000000000000057,0.05274057351860875,1.6228748068006065,157586796.0
2025-12-26,38.3,38.11,38.68,38.0,7379400.0,282448550.0,-0.8326827998959119,-0.3200000000000003,0.04682752735197434,1.769450949778818,157586796.0
2025-12-29,38.01,38.62,39.2,38.01,8433314.0,326069272.0,1.3382314353188152,0.509999999999998,0.05351535924367674,3.1225400157439123,157586796.0
2025-12-30,38.31,38.7,39.1,38.27,6569599.0,253239687.0,0.20714655618851996,0.0800000000000054,0.041688765599371666,2.149145520455718,157586796.0
2025-12-31,38.7,38.36,38.7,38.23,5391300.0,207184614.0,-0.8785529715762408,-0.3400000000000034,0.03421162265396906,1.2144702842377415,157586796.0
2026-01-05,38.72,39.8,40.18,38.66,11010585.0,435474626.0,3.7539103232533844,1.4399999999999977,0.06986997184713369,3.9624608967674746,157586796.0
2026-01-06,40.0,39.9,40.18,39.33,9782672.0,388543313.0,0.2512562814070307,0.10000000000000142,0.06207799287955572,2.135678391959803,157586796.0
2026-01-07,39.8,39.89,40.13,39.63,7787902.0,310231577.0,-0.025062656641594572,-0.00999999999999801,0.049419762300389684,1.2531328320802007,157586796.0
2026-01-08,39.89,40.66,40.88,39.8,10027988.0,405992841.0,1.9303083479568661,0.769999999999996,0.06363469690696674,2.7074454750564185,157586796.0
2026-01-09,40.95,40.85,40.99,40.3,10205148.0,414620442.0,0.4672897196261738,0.19000000000000483,0.06475890277000111,1.6969995081160965,157586796.0
2026-01-12,40.86,42.4,42.48,40.55,12878255.0,536572281.0,3.7943696450428277,1.5499999999999972,0.0817216627717972,4.724602203182374,157586796.0
2026-01-13,42.85,40.56,42.85,40.23,12549623.0,518250835.0,-4.339622641509422,-1.8399999999999963,0.07963625962672659,6.179245283018879,157586796.0
2026-01-14,40.3,41.78,42.19,40.3,12468120.0,515762664.0,3.0078895463510724,1.2199999999999989,0.07911906528006318,4.659763313609468,157586796.0
2026-01-15,41.37,41.54,42.3,40.9,8566992.0,355525841.0,-0.5744375299186255,-0.240000000000002,0.054363640974082625,3.3508855911919544,157586796.0
2026-01-16,41.42,40.38,41.77,40.16,8568800.0,348386832.0,-2.7924891670678798,-1.1599999999999966,0.054375114016532194,3.8757823784304444,157586796.0
2026-01-19,40.17,39.82,40.17,39.56,5871200.0,233939825.0,-1.3868251609707838,-0.5600000000000023,0.03725692855637473,1.5106488360574526,157586796.0
2026-01-20,39.73,39.17,39.99,38.8,5637200.0,221092856.0,-1.632345554997483,-0.6499999999999986,0.03577203257562264,2.9884480160723377,157586796.0
2026-01-21,38.81,39.1,39.5,38.73,3933600.0,154314877.0,-0.178708195047228,-0.07000000000000028,0.024961482179001848,1.965790145519538,157586796.0
2026-01-22,39.27,39.73,39.86,39.09,7745100.0,305875387.0,1.6112531969309396,0.6299999999999955,0.04914815325009844,1.969309462915591,157586796.0
2026-01-23,39.6,39.84,39.96,39.5,5870311.0,233273814.0,0.27686886483766493,0.11000000000000654,0.03725128722078974,1.157815252957465,157586796.0
2026-01-26,39.83,38.64,40.16,38.26,7502968.0,291296010.0,-3.0120481927710885,-1.2000000000000028,0.04761165396116055,4.76907630522088,157586796.0
2026-01-27,38.99,38.18,38.99,37.09,5976508.0,225908593.0,-1.1904761904761973,-0.46000000000000085,0.03792518251338773,4.9171842650103486,157586796.0
2026-01-28,37.88,36.37,38.19,36.33,10612300.0,390693993.0,-4.7407019381875415,-1.8100000000000023,0.0673425710108352,4.871660555264535,157586796.0
2026-01-29,36.13,36.82,38.36,36.07,9375032.0,350135590.0,1.2372834753918038,0.45000000000000284,0.05949122793257374,6.296398130327191,157586796.0
2026-01-30,36.5,37.26,37.5,36.22,5414196.0,200785490.0,1.195002715915261,0.4399999999999977,0.03435691401454726,3.4763715372080424,157586796.0
2026-02-02,37.26,36.34,37.87,36.33,4707515.0,174199205.0,-2.4691358024691246,-0.9199999999999946,0.029872521806966618,4.133118625872247,157586796.0
2026-02-03,36.88,37.2,37.25,36.6,4697600.0,173735852.0,2.3665382498624155,0.8599999999999994,0.02980960409906424,1.7886626307099573,157586796.0
2026-02-04,37.0,36.43,37.1,36.13,5047700.0,184362761.0,-2.0698924731182844,-0.7700000000000031,0.03203123693180487,2.607526881720427,157586796.0
2026-02-05,36.12,35.99,36.4,35.86,3265400.0,117825865.0,-1.2077957727147925,-0.4399999999999977,0.020721279211743094,1.4822948119681556,157586796.0
2026-02-06,35.72,36.23,36.56,35.5,4053115.0,146283575.0,0.6668519033064646,0.23999999999999488,0.025719889628316322,2.945262572936933,157586796.0
2026-02-09,36.6,37.25,37.3,36.5,4573840.0,169644101.0,2.815346398012708,1.0200000000000031,0.029024259113688687,2.2081148219707347,157586796.0
2026-02-10,37.25,37.62,38.1,37.01,4573352.0,171871167.0,0.9932885906040134,0.36999999999999744,0.029021162407540796,2.9261744966443044,157586796.0
2026-02-11,37.8,37.21,37.98,37.15,3690700.0,138123349.0,-1.0898458266879185,-0.4099999999999966,0.02342010938530662,2.2062732589048335,157586796.0
2026-02-12,37.75,37.51,37.88,37.01,4152552.0,155963732.0,0.8062348830959243,0.29999999999999716,0.026350887925914807,2.338081160978244,157586796.0
2026-02-13,37.31,37.33,38.2,37.25,4020244.0,151863296.0,-0.4798720341242291,-0.17999999999999972,0.02551129981727657,2.5326579578779067,157586796.0
2026-02-24,37.49,37.17,37.6,36.78,3301600.0,122644007.0,-0.4286096972943909,-0.1599999999999966,0.02095099388910731,2.1966246986338076,157586796.0
2026-02-25,37.25,37.1,37.49,37.0,2988100.0,111181182.0,-0.18832391713747842,-0.07000000000000028,0.01896161401745867,1.3182674199623405,157586796.0
2026-02-26,37.1,37.48,37.82,37.06,4248100.0,159118106.0,1.0242587601078101,0.37999999999999545,0.02695720775996994,2.048517520215628,157586796.0
2026-02-27,37.2,37.83,38.06,37.14,4516200.0,170195615.0,0.9338313767342621,0.3500000000000014,0.028658492428515394,2.454642475987198,157586796.0
2026-03-02,37.02,36.32,37.34,36.2,5828000.0,213602910.0,-3.9915411049431637,-1.509999999999998,0.03698279391377435,3.0134813639968296,157586796.0
2026-03-03,36.2,34.5,36.71,34.41,6201066.0,219095207.0,-5.011013215859029,-1.8200000000000003,0.03935016230674555,6.332599118942743,157586796.0
2026-03-04,34.07,34.19,34.82,33.75,4214390.0,144517650.0,-0.8985507246376923,-0.3100000000000023,0.026743293898811166,3.1014492753623197,157586796.0
2026-03-05,35.0,35.26,35.49,34.9,4476500.0,157684078.0,3.1295700497221413,1.0700000000000003,0.028406567768533095,1.725650775080443,157586796.0
2026-03-06,34.96,35.46,35.47,34.88,3209687.0,113143884.0,0.5672149744753385,0.20000000000000284,0.020367740708428388,1.6732841747022018,157586796.0
2026-03-09,35.0,35.52,35.61,34.22,3895400.0,135938993.0,0.16920473773265332,0.060000000000002274,0.02471907608299873,3.9199097574732105,157586796.0
2026-03-10,35.9,35.87,36.39,35.53,4037444.0,144892284.0,0.9853603603603434,0.3499999999999943,0.02562044601757117,2.4211711711711694,157586796.0
2026-03-11,35.57,35.97,36.37,35.57,4485244.0,161614226.0,0.27878449958183005,0.10000000000000142,0.028462054650822396,2.230275996654578,157586796.0
2026-03-12,35.74,35.02,36.07,34.83,3986700.0,140682834.0,-2.6410897970530867,-0.9499999999999957,0.025298439343864824,3.4473172087851043,157586796.0
2026-03-13,36.88,35.45,37.18,35.41,9816247.0,354061033.0,1.2278697886921819,0.4299999999999997,0.06229105006995637,5.054254711593384,157586796.0
2026-03-16,35.28,34.9,35.28,34.34,5361985.0,185555338.0,-1.5514809590973289,-0.5500000000000043,0.034025598185269276,2.6516220028208677,157586796.0
2026-03-17,35.28,34.45,35.96,34.43,5056056.0,178017272.0,-1.2893982808022786,-0.44999999999999574,0.03208426167887822,4.383954154727797,157586796.0
2026-03-18,34.97,35.73,35.77,34.52,6608800.0,232635125.0,3.7155297532655895,1.279999999999994,0.041937523750403556,3.6284470246734397,157586796.0
2026-03-19,35.0,35.05,35.89,34.8,4176900.0,147070439.0,-1.9031626084522801,-0.6799999999999997,0.02650539325642486,3.0506577106073425,157586796.0
2026-03-20,33.8,31.55,34.37,31.55,12764267.0,409844998.0,-9.985734664764612,-3.4999999999999964,0.08099832805789135,8.045649072753202,157586796.0
2026-03-23,29.3,29.03,30.77,28.7,10417575.0,308245905.0,-7.98732171156894,-2.5199999999999996,0.06610690276360463,6.561014263074486,157586796.0
2026-03-24,29.58,29.9,29.98,28.53,8089847.0,236634652.0,2.9968997588701196,0.8699999999999974,0.05133581750085204,4.994832931450222,157586796.0
2026-03-25,29.8,30.79,31.07,29.8,5090000.0,156475375.0,2.976588628762533,0.8900000000000006,0.03229966043601775,4.247491638795985,157586796.0
2026-03-26,30.62,30.42,31.32,30.36,4058600.0,125023671.0,-1.2016888600194786,-0.36999999999999744,0.025754695843933525,3.117895420591104,157586796.0
2026-03-27,29.9,30.48,30.67,29.9,3166200.0,96121322.0,0.19723865877712132,0.05999999999999872,0.02009178484725332,2.5312294543063873,157586796.0
2026-03-30,30.03,31.48,31.92,30.03,5861900.0,182253444.0,3.2808398950131323,1.0,0.03719791345970382,6.200787401574805,157586796.0
2026-03-31,31.35,30.55,31.77,30.5,3471000.0,107781258.0,-2.9542566709021556,-0.9299999999999997,0.022025957047822713,4.034307496823378,157586796.0
2026-04-01,30.85,31.35,31.68,30.69,3916400.0,122351358.0,2.6186579378068675,0.8000000000000007,0.02485233597870725,3.2405891980360013,157586796.0
2026-04-02,31.17,30.42,31.22,30.06,3570500.0,108962352.0,-2.966507177033495,-0.9299999999999997,0.022657355125108324,3.700159489633174,157586796.0
2026-04-03,30.42,30.03,30.75,29.93,3296200.0,99389401.0,-1.2820512820512886,-0.39000000000000057,0.02091672705878226,2.6955950032873117,157586796.0
2026-04-07,30.03,30.18,30.42,29.93,2457380.0,74204640.0,0.4995004995004937,0.14999999999999858,0.015593819167438369,1.6317016317016382,157586796.0
2026-04-08,31.0,31.55,31.58,30.72,5066620.0,158588297.0,4.539430086149765,1.370000000000001,0.03215129775212893,2.8495692511597066,157586796.0
2026-04-09,31.25,31.49,31.89,31.18,3760900.0,118574187.0,-0.19017432646593058,-0.060000000000002274,0.02386557817953225,2.2503961965134733,157586796.0
2026-04-10,31.83,31.54,32.03,31.54,3271783.0,104037865.0,0.15878056525882034,0.05000000000000071,0.020761783874329167,1.5560495395363672,157586796.0
2026-04-13,31.23,31.88,32.05,31.23,3745957.0,119096622.0,1.0779961953075512,0.33999999999999986,0.02377075424517166,2.599873176918189,157586796.0
2026-04-14,32.07,32.38,32.52,32.01,3374000.0,108990180.0,1.5683814303638854,0.5000000000000036,0.021410423243835734,1.5997490589711578,157586796.0
2026-04-15,32.62,32.96,33.66,32.38,9707000.0,320766802.0,1.7912291537986347,0.5799999999999983,0.061597800363934044,3.953057442865948,157586796.0
2026-04-16,33.05,36.26,36.26,32.97,19061853.0,677820100.0,10.012135922330078,3.299999999999997,0.12096097822815054,9.981796116504851,157586796.0
2026-04-17,36.8,38.09,39.7,36.24,32843884.0,1238452481.0,5.0468836183122034,1.8300000000000054,0.20841774078584605,9.542195256480973,157586796.0
2026-04-20,37.47,37.55,38.6,37.3,22909562.0,865088830.0,-1.417694933053315,-0.5400000000000063,0.14537742108799523,3.4129692832764618,157586796.0
2026-04-21,36.38,35.48,36.61,35.08,17630970.0,627328392.0,-5.512649800266312,-2.0700000000000003,0.11188101064000311,4.074567243675103,157586796.0
2026-04-22,35.55,35.89,36.52,35.42,12906568.0,462814142.0,1.1555806087937048,0.4100000000000037,0.08190132883975888,3.100338218714773,157586796.0
2026-04-23,35.4,35.05,35.97,34.74,10221953.0,360364917.0,-2.3404848147116297,-0.8400000000000034,0.06486554241511452,3.4271384786848618,157586796.0
2026-04-24,35.0,34.27,35.0,33.47,8259600.0,281317120.0,-2.2253922967189532,-0.779999999999994,0.05241302069495721,4.365192582025681,157586796.0
2026-04-27,31.2,32.2,32.31,30.84,14386500.0,452718326.0,-6.040268456375841,-2.0700000000000003,0.09129254712431617,4.289466005252414,157586796.0
2026-04-28,32.89,32.72,34.59,32.45,12122869.0,405384383.0,1.6149068322981242,0.519999999999996,0.07692820279181259,6.645962732919256,157586796.0
2026-04-29,33.3,32.16,33.3,32.13,8274800.0,269069231.0,-1.7114914425427896,-0.5600000000000023,0.0525094754766129,3.575794621026879,157586796.0
2026-04-30,32.5,32.5,32.69,32.07,6264300.0,203357545.0,1.0572139303482775,0.3400000000000034,0.039751426889851865,1.9278606965174052,157586796.0
2026-05-06,32.91,33.7,34.13,32.91,8369900.0,282123779.0,3.692307692307706,1.2000000000000028,0.05311295243289292,3.753846153846172,157586796.0
2026-05-07,33.99,36.1,36.99,33.99,16068929.0,575294544.0,7.121661721068251,2.3999999999999986,0.10196875250893482,8.90207715133531,157586796.0
2026-05-08,35.71,36.42,36.67,35.27,10436400.0,376439821.0,0.8864265927977844,0.3200000000000003,0.06622636074154335,3.8781163434903,157586796.0
2026-05-11,36.76,36.39,36.77,35.92,7671483.0,278579804.0,-0.08237232289950436,-0.030000000000001137,0.04868100116712824,2.333882482152667,157586796.0
2026-05-12,36.08,35.77,36.31,35.06,7152096.0,254933086.0,-1.7037647705413494,-0.6199999999999974,0.045385122240825304,3.4350096180269305,157586796.0
2026-05-13,35.5,37.35,37.59,35.3,11490855.0,422799574.0,4.417109309477207,1.5799999999999983,0.07291762566198758,6.402012859938513,157586796.0
2026-05-14,37.87,35.87,37.87,35.84,8734600.0,319267656.0,-3.9625167336010847,-1.480000000000004,0.05542723262169757,5.435073627844695,157586796.0
2026-05-15,35.86,35.75,36.7,35.33,7081600.0,254261384.0,-0.3345413994981783,-0.11999999999999744,0.04493777511664112,3.8193476442709913,157586796.0
2026-05-18,35.8,37.9,38.88,35.7,16300802.0,616843247.0,6.013986013986017,2.1499999999999986,0.10344015116596444,8.895104895104893,157586796.0
2026-05-19,37.53,38.99,39.76,37.02,18250882.0,709931972.0,2.8759894459102986,1.0900000000000034,0.1158147919956441,7.229551451187321,157586796.0
2026-05-20,39.88,37.9,40.16,37.6,17722000.0,682857951.0,-2.795588612464739,-1.0900000000000034,0.11245866055935295,6.56578609899973,157586796.0
2026-05-21,37.78,35.54,37.99,35.47,13919300.0,512694796.0,-6.226912928759898,-2.3599999999999994,0.08832783173026755,6.649076517150404,157586796.0
2026-05-22,36.21,36.37,36.55,35.58,9077100.0,327523842.0,2.3353967360720373,0.8299999999999983,0.057600638063610356,2.7293190770962266,157586796.0
2026-05-25,36.26,35.35,36.9,34.56,10193391.0,359584011.0,-2.8045092108880842,-1.019999999999996,0.06468429626553229,6.4338740720373835,157586796.0
2026-05-26,34.81,34.5,35.11,33.89,8253022.0,283423179.0,-2.40452616690241,-0.8500000000000014,0.05237127861905384,3.451202263083448,157586796.0
2026-05-27,34.37,33.16,34.45,32.94,8289100.0,276654685.0,-3.8840579710144985,-1.3400000000000034,0.05260021911988109,4.3768115942029135,157586796.0
2026-05-28,33.18,33.35,33.57,32.02,7124300.0,234148670.0,0.5729794933655219,0.19000000000000483,0.04520873690458178,4.674306393244866,157586796.0
2026-05-29,33.02,31.17,33.63,30.96,7645000.0,243649302.0,-6.536731634182913,-2.1799999999999997,0.048512947747221154,8.005997001499257,157586796.0
2026-06-01,30.98,31.36,32.09,30.79,5255380.0,165653143.0,0.6095604748155292,0.18999999999999773,0.03334911384326895,4.1706769329483615,157586796.0
2026-06-02,31.2,31.49,31.78,30.54,5486300.0,171574908.0,0.4145408163265252,0.129999999999999,0.03481446503931713,3.9540816326530677,157586796.0
2026-06-03,31.5,31.69,32.97,31.4,8208300.0,264059493.0,0.6351222610352592,0.20000000000000284,0.05208748580686925,4.985709749126708,157586796.0
2026-06-04,31.67,30.82,31.75,30.6,5227300.0,162146765.0,-2.745345534869048,-0.870000000000001,0.0331709263255787,3.6289050173556285,157586796.0
2026-06-05,30.83,30.53,31.46,29.5,6148957.0,187881615.0,-0.9409474367293891,-0.28999999999999915,0.039019493739818153,6.359506813757303,157586796.0
2026-06-08,29.06,29.46,30.08,28.9,6224908.0,183553260.0,-3.504749426793319,-1.0700000000000003,0.03950145670833995,3.8650507697346863,157586796.0
2026-06-09,29.9,30.08,30.48,29.28,4817100.0,144640408.0,2.104548540393747,0.6199999999999974,0.03056791636273892,4.073319755600812,157586796.0
2026-06-10,29.87,29.3,30.5,29.07,4406100.0,130759099.0,-2.593085106382975,-0.7799999999999976,0.027959829832443574,4.753989361702127,157586796.0
2026-06-11,29.34,27.81,29.34,27.65,6381600.0,179585288.0,-5.0853242320819225,-1.490000000000002,0.040495778593023744,5.767918088737205,157586796.0
2026-06-12,28.11,28.01,28.6,27.9,4745356.0,134098922.0,0.7191657677094732,0.20000000000000284,0.030112649793324054,2.51708018698311,157586796.0
2026-06-15,28.01,28.82,28.84,28.01,4293000.0,122646657.0,2.8918243484469697,0.8099999999999987,0.027242130108413396,2.963227418779001,157586796.0
2026-06-16,28.99,29.18,29.44,28.41,4514896.0,131069068.0,1.2491325468424685,0.35999999999999943,0.02865021762356283,3.5739070090215166,157586796.0
2026-06-17,29.02,28.79,29.28,28.6,3759800.0,108520717.0,-1.3365318711446195,-0.39000000000000057,0.02385859789928085,2.3303632625085666,157586796.0
2026-06-18,28.51,29.7,29.85,28.42,5573328.0,163581082.0,3.160819729072606,0.9100000000000001,0.035366719429970515,4.9670024313997905,157586796.0
2026-06-22,29.7,29.5,29.98,28.73,5782747.0,169770005.0,-0.6734006734006703,-0.1999999999999993,0.036695631529941125,4.208754208754209,157586796.0
2026-06-23,29.49,29.26,30.44,28.71,6393789.0,189062444.0,-0.8135593220338966,-0.23999999999999844,0.04057312644391856,5.864406779661018,157586796.0
