date,open,close,high,low,volume,amount,pct_chg,change,turnover,amplitude,outstanding_share
2023-06-26,27.7,26.8,27.73,26.15,1257435.0,33868119.0,,,0.007825559626294684,,160683077.0
2023-06-27,26.63,26.96,27.16,26.1,1123213.0,30308144.0,0.5970149253731405,0.16000000000000014,0.006990238306178316,3.95522388059701,160683077.0
2023-06-28,26.8,27.29,27.33,26.55,722356.0,19621884.0,1.2240356083085935,0.3299999999999983,0.004495532532028871,2.8931750741839672,160683077.0
2023-06-29,27.22,26.67,27.4,26.66,723500.0,19540928.0,-2.271894466837665,-0.6199999999999974,0.004502652136789738,2.71161597654818,160683077.0
2023-06-30,26.73,27.35,29.21,26.25,2357513.0,65752846.0,2.5496812898387677,0.6799999999999997,0.014671818862418225,11.098612673415825,160683077.0
2023-07-03,27.02,27.51,28.02,26.95,1655328.0,45750900.0,0.5850091407678226,0.16000000000000014,0.01030181915174552,3.912248628884827,160683077.0
2023-07-04,27.45,27.87,27.9,27.05,1059543.0,29444753.0,1.3086150490730697,0.35999999999999943,0.00659399247127935,3.0897855325336163,160683077.0
2023-07-05,27.55,28.0,28.27,27.46,898300.0,25119124.0,0.4664513814137017,0.129999999999999,0.005590507829271903,2.9063509149623203,160683077.0
2023-07-06,27.84,28.0,28.79,27.3,1634034.0,45938403.0,0.0,0.0,0.010169297417673922,5.321428571428566,160683077.0
2023-07-07,28.0,27.47,28.84,27.44,951634.0,26728481.0,-1.8928571428571517,-0.5300000000000011,0.005922428284093663,4.999999999999995,160683077.0
2023-07-10,27.25,27.14,27.69,27.1,506000.0,13907349.0,-1.2013105205678887,-0.3299999999999983,0.003149055951922056,2.1477975973789585,160683077.0
2023-07-11,27.2,27.06,27.4,26.74,468752.0,12746971.0,-0.29476787030214835,-0.08000000000000185,0.0029172456039038884,2.431834929992631,160683077.0
2023-07-12,27.25,26.6,27.25,26.55,823136.0,22204205.0,-1.6999260901699786,-0.4599999999999973,0.005122729881504572,2.586844050258682,160683077.0
2023-07-13,26.47,26.7,27.45,26.47,868700.0,23490620.0,0.3759398496240518,0.09999999999999787,0.005406294279515197,3.684210526315791,160683077.0
2023-07-14,26.87,26.35,26.87,26.31,522800.0,13927932.0,-1.3108614232209659,-0.34999999999999787,0.003253609588270456,2.0973782771535667,160683077.0
2023-07-17,26.35,25.66,26.35,25.4,538800.0,13900443.0,-2.6185958254269504,-0.6900000000000013,0.0033531844800308375,3.605313092979138,160683077.0
2023-07-18,25.56,25.6,25.77,25.36,252196.0,6490379.0,-0.23382696804363778,-0.05999999999999872,0.0015695243376500688,1.5978176149649266,160683077.0
2023-07-19,25.37,25.53,25.91,25.37,327548.0,8417263.0,-0.27343749999999556,-0.07000000000000028,0.0020384722903955843,2.1093749999999964,160683077.0
2023-07-20,25.49,26.23,26.59,25.36,898434.0,23483580.0,2.7418723070896878,0.6999999999999993,0.005591341768990396,4.817861339600472,160683077.0
2023-07-21,25.88,25.82,26.19,25.63,601900.0,15697041.0,-1.5630956919557737,-0.41000000000000014,0.0037458829594108406,2.1349599695005805,160683077.0
2023-07-24,25.49,25.16,25.96,25.07,447300.0,11439262.0,-2.5561580170410547,-0.6600000000000001,0.002783740567776157,3.446940356312938,160683077.0
2023-07-25,25.46,25.18,25.85,25.14,986500.0,25232876.0,0.07949125596184992,0.019999999999999574,0.0061394144201010045,2.8219395866454726,160683077.0
2023-07-26,25.2,24.86,25.31,24.77,680300.0,17058684.0,-1.2708498808578272,-0.3200000000000003,0.004233799929036709,2.1445591739475742,160683077.0
2023-07-27,25.1,24.57,25.12,24.57,453100.0,11276609.0,-1.1665325824617878,-0.28999999999999915,0.0028198364660392953,2.212389380530976,160683077.0
2023-07-28,24.57,24.62,24.9,24.36,471600.0,11705154.0,0.20350020350019538,0.05000000000000071,0.002934969934637236,2.197802197802194,160683077.0
2023-07-31,24.74,25.14,25.45,24.62,811392.0,20431729.0,2.1121039805036546,0.5199999999999996,0.005049641910952452,3.371242891957751,160683077.0
2023-08-01,25.51,25.17,25.51,25.07,530017.0,13413113.0,0.11933174224343368,0.030000000000001137,0.003298524087885123,1.7501988862370774,160683077.0
2023-08-02,25.19,26.85,27.57,24.94,3558140.0,95562755.0,6.674612634088195,1.6799999999999997,0.022143837835517675,10.448947159316642,160683077.0
2023-08-03,26.25,26.87,26.93,25.66,1742088.0,46065959.0,0.07448789571693482,0.019999999999999574,0.010841764002316187,4.7299813780260695,160683077.0
2023-08-04,26.85,26.89,27.01,26.3,1288028.0,34617011.0,0.07443245254930009,0.019999999999999574,0.008015953042771268,2.6423520655005617,160683077.0
2023-08-07,26.78,27.35,27.67,26.62,2004500.0,54922180.0,1.7106731126812935,0.46000000000000085,0.012474866908355258,3.904797322424696,160683077.0
2023-08-08,27.56,27.35,27.73,26.79,908617.0,24847899.0,0.0,0.0,0.0056547149641651435,3.4369287020109733,160683077.0
2023-08-09,27.3,27.59,27.9,27.25,1680747.0,46560430.0,0.8775137111517228,0.23999999999999844,0.01046001253759909,2.3765996343692817,160683077.0
2023-08-10,27.73,27.85,28.1,27.47,1280600.0,35803036.0,0.9423704240667075,0.26000000000000156,0.007969725399271512,2.2834360275462218,160683077.0
2023-08-11,28.17,27.76,28.23,27.38,1208200.0,33692389.0,-0.32315978456014527,-0.08999999999999986,0.007519149014055786,3.0520646319569167,160683077.0
2023-08-14,27.4,28.13,28.22,27.26,1304608.0,36584042.0,1.3328530259365978,0.36999999999999744,0.008119137524357964,3.45821325648414,160683077.0
2023-08-15,28.14,28.96,29.02,28.11,1735200.0,50204433.0,2.9505865623889127,0.8300000000000018,0.010798897011413343,3.23498044792037,160683077.0
2023-08-16,28.9,28.92,29.24,28.56,1549900.0,45117780.0,-0.13812154696132284,-0.03999999999999915,0.009645695296213428,2.34806629834254,160683077.0
2023-08-17,28.55,28.84,29.12,28.45,1275800.0,36866268.0,-0.2766251728907432,-0.08000000000000185,0.007939852931743397,2.316735822959895,160683077.0
2023-08-18,28.7,28.76,29.34,28.47,830500.0,24076372.0,-0.2773925104022079,-0.0799999999999983,0.005168559225437287,3.0166435506241367,160683077.0
2023-08-21,28.65,28.5,29.26,28.39,1018900.0,29343848.0,-0.9040333796940248,-0.26000000000000156,0.006341053575915776,3.025034770514607,160683077.0
2023-08-22,28.87,28.65,28.94,28.14,1917800.0,55140621.0,0.5263157894736858,0.14999999999999858,0.011935295463628693,2.8070175438596516,160683077.0
2023-08-23,28.59,28.66,28.72,28.06,935000.0,26766133.0,0.03490401396160081,0.010000000000001563,0.005818907737247277,2.3036649214659692,160683077.0
2023-08-24,28.57,28.31,28.69,27.85,739100.0,21162220.0,-1.2212142358688172,-0.3500000000000014,0.00459973765625611,2.9309141660851354,160683077.0
2023-08-25,28.37,27.43,28.62,27.15,1071396.0,29850063.0,-3.108442246555987,-0.879999999999999,0.006667758795781587,5.192511480042397,160683077.0
2023-08-28,28.63,27.58,29.22,27.55,1402948.0,40194971.0,0.5468465184105042,0.14999999999999858,0.008731149702840207,6.0882245716368875,160683077.0
2023-08-29,27.78,27.12,27.79,27.03,851728.0,23321552.0,-1.6678752719361811,-0.4599999999999973,0.005300670213080373,2.7556200145032563,160683077.0
2023-08-30,26.99,27.24,27.71,26.89,590800.0,16268401.0,0.4424778761061843,0.11999999999999744,0.0036768028782520764,3.0235988200589983,160683077.0
2023-08-31,27.25,26.73,27.25,26.65,516896.0,13990401.0,-1.8722466960352402,-0.509999999999998,0.0032168664532108756,2.2026431718061725,160683077.0
2023-09-01,26.65,26.22,26.98,26.06,484796.0,12847361.0,-1.9079685746352437,-0.5100000000000016,0.0030170943266166106,3.441825664047893,160683077.0
2023-09-04,26.22,25.91,26.38,25.56,744464.0,19342113.0,-1.1823035850495711,-0.3099999999999987,0.004633120138718777,3.1273836765827623,160683077.0
2023-09-05,26.14,25.86,26.24,25.56,571200.0,14829446.0,-0.1929756850636899,-0.05000000000000071,0.003554823635845609,2.6244693168660738,160683077.0
2023-09-06,25.81,26.37,26.72,25.63,752200.0,19853069.0,1.9721577726218076,0.5100000000000016,0.004681264598884922,4.215003866976024,160683077.0
2023-09-07,26.37,26.62,26.85,26.15,701096.0,18748449.0,0.9480470231323368,0.25,0.004363222394602264,2.6545316647705834,160683077.0
2023-09-08,26.62,26.62,26.95,26.34,560100.0,15047104.0,0.0,0.0,0.003485743554686845,2.29151014274981,160683077.0
2023-09-11,26.62,26.15,26.62,25.87,458000.0,12009425.0,-1.765589782118715,-0.4700000000000024,0.0028503312766409122,2.8174305033809164,160683077.0
2023-09-12,26.28,25.97,26.65,25.76,536948.0,14087029.0,-0.6883365200764824,-0.17999999999999972,0.0033416586863095734,3.4034416826003713,160683077.0
2023-09-13,25.81,25.77,25.86,25.46,480296.0,12395042.0,-0.7701193685021201,-0.1999999999999993,0.0029890888883090036,1.5402387370042303,160683077.0
2023-09-14,25.97,25.08,25.98,25.04,575552.0,14632042.0,-2.677532013969741,-0.6900000000000013,0.003581908006404433,3.6476523088863066,160683077.0
2023-09-15,25.4,25.43,25.62,24.93,552100.0,14048978.0,1.3955342902711276,0.3500000000000014,0.0034359561088066542,2.751196172248809,160683077.0
2023-09-18,25.43,25.1,25.76,25.03,589352.0,14965533.0,-1.2976799056232724,-0.3299999999999983,0.003667791350547762,2.870625245772711,160683077.0
2023-09-19,26.18,25.12,26.18,24.95,866996.0,21928717.0,0.07968127490038945,0.019999999999999574,0.005395689553542717,4.900398406374504,160683077.0
2023-09-20,25.01,24.87,25.2,24.84,496496.0,12457026.0,-0.9952229299363013,-0.25,0.0030899084662163894,1.433121019108278,160683077.0
2023-09-21,24.87,24.36,25.04,23.22,1663844.0,40160861.0,-2.0506634499396936,-0.5100000000000016,0.010354817887884983,7.318053880176921,160683077.0
2023-09-22,24.1,23.4,24.34,23.27,1628504.0,38587424.0,-3.9408866995073955,-0.9600000000000009,0.01013488184570924,4.392446633825946,160683077.0
2023-09-25,23.37,24.59,24.72,23.36,2377396.0,57300312.0,5.08547008547009,1.1900000000000013,0.014795559335722703,5.81196581196581,160683077.0
2023-09-26,24.51,24.8,25.16,24.37,1671376.0,41553106.0,0.8540056933712847,0.21000000000000085,0.010401692768181182,3.212688084587227,160683077.0
2023-09-27,24.56,24.69,25.06,24.56,1173000.0,29230150.0,-0.44354838709677047,-0.10999999999999943,0.007300084252182947,2.0161290322580645,160683077.0
2023-09-28,24.61,25.01,25.06,24.49,1133528.0,28224689.0,1.296071283920619,0.3200000000000003,0.007054432994210087,2.3086269744835977,160683077.0
2023-10-09,24.99,24.56,25.16,24.26,928590.0,22974344.0,-1.7992802878848524,-0.45000000000000284,0.005779015546235775,3.598560575769686,160683077.0
2023-10-10,24.83,24.62,24.86,24.24,916500.0,22560109.0,0.2442996742671122,0.060000000000002274,0.005703774268649336,2.5244299674267143,160683077.0
2023-10-11,24.61,24.3,24.67,24.19,543400.0,13283639.0,-1.299756295694554,-0.3200000000000003,0.003381812261411947,1.9496344435418378,160683077.0
2023-10-12,24.86,24.16,24.86,24.06,682986.0,16670856.0,-0.576131687242798,-0.14000000000000057,0.004250516063990983,3.292181069958851,160683077.0
2023-10-13,24.23,24.48,24.58,24.13,646928.0,15853237.0,1.324503311258285,0.3200000000000003,0.0040261115985474934,1.8625827814569507,160683077.0
2023-10-16,24.47,24.36,24.52,24.15,494300.0,12065986.0,-0.4901960784313819,-0.120000000000001,0.003076241812322277,1.511437908496736,160683077.0
2023-10-17,24.02,24.46,24.66,23.97,655828.0,16110450.0,0.4105090311987025,0.10000000000000142,0.004081500132089206,2.8325123152709413,160683077.0
2023-10-18,24.41,24.33,24.62,24.2,724728.0,17807300.0,-0.5314799672935466,-0.13000000000000256,0.004510294509732347,1.7170891251022145,160683077.0
2023-10-19,24.39,23.97,24.51,23.9,574691.0,13999336.0,-1.479654747225645,-0.35999999999999943,0.0035765496325415773,2.507192766132359,160683077.0
2023-10-20,24.0,24.31,24.46,23.77,860034.0,20872264.0,1.4184397163120588,0.33999999999999986,0.005352362028765481,2.8785982478097676,160683077.0
2023-10-23,24.2,23.37,24.28,22.57,1193357.0,27917192.0,-3.8667215137803246,-0.9399999999999977,0.007426774631655828,7.034142328259979,160683077.0
2023-10-24,23.36,24.19,24.35,22.87,1556591.0,37136921.0,3.5087719298245723,0.8200000000000003,0.009687336271261473,6.332905434317502,160683077.0
2023-10-25,24.19,24.86,24.98,23.99,1616748.0,39980332.0,2.769739561802398,0.6699999999999982,0.0100617191939883,4.092600248036387,160683077.0
2023-10-26,24.85,25.19,25.36,24.63,1338700.0,33661190.0,1.3274336283185972,0.33000000000000185,0.008331306724976395,2.9364440868865667,160683077.0
2023-10-27,25.21,26.58,26.95,24.71,1945348.0,50503134.0,5.518062723302886,1.389999999999997,0.01210673853351713,8.892417626042073,160683077.0
2023-10-30,26.58,27.15,27.33,26.15,1315980.0,35703630.0,2.1444695259593693,0.5700000000000003,0.008189910378676654,4.439428141459743,160683077.0
2023-10-31,27.12,27.11,27.53,26.95,688292.0,18796617.0,-0.14732965009207621,-0.03999999999999915,0.004283537587471019,2.136279926335182,160683077.0
2023-11-01,27.17,26.62,27.39,26.5,636093.0,17096281.0,-1.8074511250461,-0.48999999999999844,0.0039586807265335104,3.282921431206199,160683077.0
2023-11-02,27.0,25.75,27.0,25.16,1068800.0,27612023.0,-3.2682193839218665,-0.870000000000001,0.006651602769593465,6.912096168294514,160683077.0
2023-11-03,26.15,25.66,26.15,24.86,889100.0,22731558.0,-0.34951456310680085,-0.08999999999999986,0.005533252266509684,5.009708737864075,160683077.0
2023-11-06,25.91,25.71,26.16,25.52,619832.0,16049422.0,0.1948558067030426,0.05000000000000071,0.003857481519351288,2.494154325798911,160683077.0
2023-11-07,25.84,25.55,25.95,25.55,427086.0,11033619.0,-0.6223259432127537,-0.16000000000000014,0.0026579401388983855,1.5558148580318887,160683077.0
2023-11-08,25.52,25.31,25.64,24.86,878500.0,22242640.0,-0.9393346379647838,-0.240000000000002,0.005467283900718431,3.052837573385523,160683077.0
2023-11-09,25.31,24.91,25.31,24.56,905000.0,22571870.0,-1.5804030027656957,-0.3999999999999986,0.005632204815196562,2.9632556301856976,160683077.0
2023-11-10,25.21,24.92,25.21,24.56,615900.0,15394313.0,0.04014452027298887,0.010000000000001563,0.0038330109897011743,2.6093938177438867,160683077.0
2023-11-13,25.15,25.36,25.6,24.77,813800.0,20598510.0,1.7656500802568198,0.4399999999999977,0.005064627932162389,3.330658105939012,160683077.0
2023-11-14,25.36,25.09,26.0,24.74,1072400.0,27307818.0,-1.0646687697160817,-0.2699999999999996,0.006674007120239551,4.968454258675085,160683077.0
2023-11-15,25.12,25.48,25.71,25.12,724100.0,18511825.0,1.5544041450777257,0.39000000000000057,0.004506386195230752,2.351534475886807,160683077.0
2023-11-16,25.58,25.48,25.58,25.07,648300.0,16517735.0,0.0,0.0,0.004034650145515946,2.001569858712708,160683077.0
2023-11-17,25.2,25.01,25.55,24.88,987800.0,25005066.0,-1.8445839874411285,-0.46999999999999886,0.006147504880056535,2.629513343799065,160683077.0
2023-11-20,24.98,24.85,25.06,24.58,586080.0,14619276.0,-0.6397441023590522,-0.16000000000000014,0.003647428285182764,1.9192323070771709,160683077.0
2023-11-21,25.16,24.4,25.16,24.32,873000.0,21651433.0,-1.8108651911468931,-0.45000000000000284,0.0054330550316758,3.380281690140844,160683077.0
2023-11-22,24.71,24.28,24.75,24.17,528592.0,12966668.0,-0.4918032786885185,-0.11999999999999744,0.003289655699087714,2.377049180327862,160683077.0
2023-11-23,24.3,24.23,24.41,23.93,573100.0,13929936.0,-0.20593080724876645,-0.05000000000000071,0.0035666481542421546,1.97693574958814,160683077.0
2023-11-24,24.12,23.87,24.24,23.47,696528.0,16673085.0,-1.4857614527445273,-0.35999999999999943,0.004334793763004675,3.1778786628146904,160683077.0
2023-11-27,23.87,23.78,23.99,23.48,550900.0,13157910.0,-0.3770423125261879,-0.08999999999999986,0.003428487991924626,2.136573104315031,160683077.0
2023-11-28,24.46,23.87,24.46,23.37,619358.0,14802351.0,0.3784693019343921,0.08999999999999986,0.003854531613182887,4.58368376787216,160683077.0
2023-11-29,23.82,23.76,24.17,23.58,568300.0,13563045.0,-0.4608294930875556,-0.10999999999999943,0.00353677568671404,2.4717218265605507,160683077.0
2023-11-30,23.73,23.47,23.77,23.28,590100.0,13895497.0,-1.220538720538733,-0.2900000000000027,0.00367244647673756,2.0622895622895556,160683077.0
2023-12-01,23.47,23.97,24.13,23.22,656700.0,15669928.0,2.1303792074989447,0.5,0.004086926963690146,3.877290157648062,160683077.0
2023-12-04,23.84,24.39,24.77,23.84,1637800.0,40071695.0,1.7521902377972465,0.4200000000000017,0.010192734857822022,3.8798498122653307,160683077.0
2023-12-05,24.24,24.13,24.62,24.07,661564.0,16197582.0,-1.0660106601066088,-0.26000000000000156,0.0041171977307853025,2.255022550225505,160683077.0
2023-12-06,23.97,23.87,24.24,23.65,676600.0,16270884.0,-1.077496891835883,-0.259999999999998,0.004210773235317121,2.4450891007045166,160683077.0
2023-12-07,23.71,23.95,24.03,23.67,577064.0,13847479.0,0.33514872224549297,0.0799999999999983,0.003591317833675789,1.5081692501047315,160683077.0
2023-12-08,23.86,24.05,24.12,23.68,645888.0,15541115.0,0.41753653444676075,0.10000000000000142,0.0040196392305830685,1.8371607515657675,160683077.0
2023-12-11,23.93,23.97,24.17,23.73,689588.0,16596237.0,-0.33264033264034376,-0.08000000000000185,0.00429160315370361,1.8295218295218347,160683077.0
2023-12-12,23.79,25.72,25.85,23.79,1818152.0,45350171.0,7.300792657488531,1.75,0.01131514303774504,8.594075928243647,160683077.0
2023-12-13,25.95,25.72,26.11,25.21,1652279.0,42810830.0,0.0,0.0,0.010282843911434431,3.499222395023323,160683077.0
2023-12-14,25.79,26.18,26.69,25.71,1641800.0,43185184.0,1.7884914463452528,0.46000000000000085,0.010217628580762117,3.81026438569207,160683077.0
2023-12-15,26.15,27.12,27.34,26.15,1756272.0,47628496.0,3.59052711993888,0.9400000000000013,0.010930037143861765,4.54545454545455,160683077.0
2023-12-18,27.35,26.82,27.96,26.45,2659848.0,72689809.0,-1.106194690265494,-0.3000000000000007,0.016553379793691654,5.5678466076696225,160683077.0
2023-12-19,26.74,26.94,27.14,26.6,867900.0,23457516.0,0.4474272930648837,0.120000000000001,0.005401315534927178,2.013422818791943,160683077.0
2023-12-20,27.24,27.22,27.45,26.85,1060200.0,28999521.0,1.0393466963622755,0.2799999999999976,0.00659808126527226,2.2271714922048917,160683077.0
2023-12-21,27.06,27.15,27.5,26.65,982764.0,26671614.0,-0.25716385011020915,-0.07000000000000028,0.006116163682874955,3.1227038941954497,160683077.0
2023-12-22,27.25,27.19,27.53,27.0,880800.0,24148211.0,0.14732965009209842,0.0400000000000027,0.005481597791408986,1.9521178637200778,160683077.0
2023-12-25,27.51,27.21,27.51,26.86,587500.0,16056719.0,0.0735564545788936,0.019999999999999574,0.003656265556826498,2.39058477381391,160683077.0
2023-12-26,27.18,26.95,27.25,26.75,954900.0,25901708.0,-0.9555310547592843,-0.26000000000000156,0.005942754008874251,1.8375597206909222,160683077.0
2023-12-27,27.15,27.59,27.63,26.71,1055744.0,28801669.0,2.3747680890538136,0.6400000000000006,0.006570349657916994,3.4137291280148356,160683077.0
2023-12-28,27.26,29.44,29.89,27.26,2559240.0,74279508.0,6.705328017397605,1.8500000000000014,0.015927252874302376,9.532439289597678,160683077.0
2023-12-29,29.34,30.29,30.39,29.27,2341860.0,70342583.0,2.8872282608695565,0.8499999999999979,0.014574403501122896,3.8043478260869596,160683077.0
2024-01-02,30.63,31.46,31.72,30.26,2485236.0,77933000.0,3.86266094420602,1.1700000000000017,0.015466694106187673,4.820072631231421,160683077.0
2024-01-03,31.72,29.61,32.29,28.85,7163548.0,220381867.0,-5.880483153210426,-1.8500000000000014,0.044581844795018456,10.934520025429109,160683077.0
2024-01-04,29.6,28.66,30.07,28.39,3971639.0,116527235.0,-3.208375548801079,-0.9499999999999993,0.02471722022101929,5.673758865248226,160683077.0
2024-01-05,28.18,27.01,28.68,26.85,3450900.0,96318264.0,-5.757152826238654,-1.6499999999999986,0.02147643712349372,6.385205861828326,160683077.0
2024-01-08,27.02,24.3,27.85,24.3,2823200.0,70609900.0,-10.033320992225104,-2.710000000000001,0.017569989651119264,13.143280266567938,160683077.0
2024-01-09,21.88,23.84,23.94,21.88,7405127.0,169876764.0,-1.8930041152263377,-0.46000000000000085,0.04608529496855478,8.477366255144043,160683077.0
2024-01-10,23.36,22.61,23.36,22.31,3075827.0,70363615.0,-5.159395973154368,-1.2300000000000004,0.01914219628741613,4.404362416107385,160683077.0
2024-01-11,22.62,21.17,22.62,20.36,9026200.0,190118617.0,-6.368863334807595,-1.4399999999999977,0.05617393050047206,9.995577178239724,160683077.0
2024-01-12,20.54,21.48,22.17,20.49,7485164.0,162055165.0,1.4643363249881913,0.3099999999999987,0.04658339969429388,7.935758148323114,160683077.0
2024-01-15,21.48,21.8,22.16,21.23,3464927.0,75892940.0,1.4897579143389184,0.3200000000000003,0.0215637331864139,4.3296089385474845,160683077.0
2024-01-16,21.83,22.38,22.38,21.54,3089900.0,67998657.0,2.6605504587155826,0.5799999999999983,0.019229778628150118,3.8532110091743115,160683077.0
2024-01-17,22.53,22.59,23.65,21.98,3941561.0,91180211.0,0.9383378016085908,0.21000000000000085,0.024530031871371247,7.462019660411073,160683077.0
2024-01-18,22.57,22.53,22.65,21.75,2265000.0,50512795.0,-0.26560424966799445,-0.05999999999999872,0.014096070614828966,3.984063745019914,160683077.0
2024-01-19,22.43,22.2,22.71,21.97,1113800.0,24959158.0,-1.4647137150466172,-0.33000000000000185,0.0069316571526695375,3.2845095428317888,160683077.0
2024-01-22,22.06,21.18,22.36,20.39,2736488.0,58532184.0,-4.594594594594592,-1.0199999999999996,0.017030343525223878,8.873873873873869,160683077.0
2024-01-23,20.6,21.18,21.53,19.77,5287824.0,108881982.0,0.0,0.0,0.03290840640299662,8.30972615675166,160683077.0
2024-01-24,21.08,21.26,21.28,20.27,2224868.0,46496087.0,0.37771482530690736,0.08000000000000185,0.01384631189257099,4.768649669499536,160683077.0
2024-01-25,21.2,21.37,21.67,21.01,1955285.0,42017626.0,0.5174035747883332,0.10999999999999943,0.012168580764731061,3.10442144873001,160683077.0
2024-01-26,21.72,21.26,21.72,20.94,1208045.0,25922235.0,-0.5147402901263476,-0.10999999999999943,0.007518184382291858,3.649976602714074,160683077.0
2024-01-29,21.25,20.99,21.68,20.57,1140900.0,23916357.0,-1.2699905926622956,-0.2700000000000031,0.007100312125588683,5.221072436500467,160683077.0
2024-01-30,20.88,20.56,21.38,20.06,1966500.0,40816578.0,-2.04859456884231,-0.4299999999999997,0.012238376540424353,6.288708909004289,160683077.0
2024-01-31,20.54,18.5,20.56,18.5,3540800.0,66884697.0,-10.019455252918286,-2.0599999999999987,0.022035923546572363,10.019455252918283,160683077.0
2024-02-01,18.8,19.24,19.81,18.5,4013888.0,77347006.0,3.9999999999999813,0.7399999999999984,0.024980153946143314,7.081081081081074,160683077.0
2024-02-02,19.17,18.75,19.59,17.59,4176632.0,77421463.0,-2.5467775467775344,-0.48999999999999844,0.025992979957684032,10.395010395010395,160683077.0
2024-02-05,18.75,17.56,18.75,17.01,3184300.0,56284287.0,-6.346666666666678,-1.1900000000000013,0.019817270489536368,9.27999999999999,160683077.0
2024-02-06,17.5,17.37,18.2,16.09,3013164.0,52082292.0,-1.0820045558086466,-0.18999999999999773,0.018752217447267332,12.015945330296125,160683077.0
2024-02-07,17.77,16.05,17.77,16.05,2633108.0,44603621.0,-7.599309153713296,-1.3200000000000003,0.016386965255837115,9.90213010938399,160683077.0
2024-02-08,16.71,17.65,17.65,16.71,3135160.0,54429045.0,9.968847352024902,1.5999999999999979,0.0195114511032173,5.856697819314627,160683077.0
2024-02-19,17.78,18.85,19.14,17.72,2381257.0,44191218.0,6.798866855524088,1.2000000000000028,0.01481958800179063,8.045325779036837,160683077.0
2024-02-20,18.78,18.58,19.02,18.38,1304510.0,24441792.0,-1.432360742705585,-0.2700000000000031,0.008118527628145931,3.395225464190984,160683077.0
2024-02-21,18.58,18.67,19.32,18.31,1874810.0,35818342.0,0.4843918191604013,0.09000000000000341,0.01166775017633002,5.435952637244357,160683077.0
2024-02-22,18.78,18.73,18.88,18.45,809548.0,15176825.0,0.32137118371717843,0.05999999999999872,0.005038165904677068,2.3031601499732175,160683077.0
2024-02-23,18.74,18.96,18.98,18.47,851704.0,16083260.0,1.2279765082754857,0.23000000000000043,0.005300520850742733,2.722904431393495,160683077.0
2024-02-26,18.96,20.04,20.32,18.96,2487304.0,49740241.0,5.696202531645556,1.0799999999999983,0.015479564160947703,7.172995780590714,160683077.0
2024-02-27,20.07,20.82,20.97,19.77,2200600.0,45606674.0,3.8922155688622784,0.7800000000000011,0.01369528167549343,5.988023952095805,160683077.0
2024-02-28,20.73,19.91,21.8,19.69,2850248.0,60096387.0,-4.370797310278574,-0.9100000000000001,0.01773832100564019,10.13448607108549,160683077.0
2024-02-29,19.91,20.43,20.76,19.05,1614700.0,33073864.0,2.6117528879959773,0.5199999999999996,0.010048973607842971,8.588648920140637,160683077.0
2024-03-01,20.63,21.25,21.29,20.46,2259448.0,47702179.0,4.01370533529124,0.8200000000000003,0.014061518127388112,4.062652961331367,160683077.0
2024-03-04,21.3,21.86,21.93,21.09,2946769.0,64016292.0,2.8705882352941137,0.6099999999999994,0.018339012763615423,3.9529411764705875,160683077.0
2024-03-05,21.78,22.38,22.38,21.78,2727894.0,60631213.0,2.3787740164684434,0.5199999999999996,0.016976859361487084,2.7447392497712624,160683077.0
2024-03-06,22.52,22.85,22.87,21.88,2284808.0,51408746.0,2.10008936550492,0.4700000000000024,0.014219344330828318,4.423592493297597,160683077.0
2024-03-07,22.85,22.59,22.98,22.4,2793419.0,63453186.0,-1.1378555798687184,-0.26000000000000156,0.017384649660399522,2.538293216630205,160683077.0
2024-03-08,22.72,24.08,24.12,22.6,3102689.0,73188663.0,6.595838866755188,1.4899999999999984,0.01930937008382034,6.728640991589197,160683077.0
2024-03-11,24.51,24.07,24.51,23.28,4518800.0,108335167.0,-0.041528239202648365,-0.00999999999999801,0.028122438805425663,5.107973421926912,160683077.0
2024-03-12,23.57,21.93,23.57,21.73,4596807.0,102394128.0,-8.890735355213963,-2.1400000000000006,0.028607909966772666,7.644370585791441,160683077.0
2024-03-13,21.32,20.88,21.38,20.62,4681053.0,97898743.0,-4.78796169630643,-1.0500000000000007,0.029132209112475486,3.4655722754217875,160683077.0
2024-03-14,20.65,20.66,20.83,20.38,2469357.0,51065206.0,-1.0536398467432928,-0.21999999999999886,0.015367872249546229,2.1551724137931,160683077.0
2024-03-15,20.6,20.64,20.8,20.45,1758900.0,36575930.0,-0.09680542110358514,-0.019999999999999574,0.010946392319833407,1.6940948693126883,160683077.0
2024-03-18,20.58,20.71,20.81,20.4,1579730.0,32765268.0,0.33914728682171713,0.07000000000000028,0.009831340235039189,1.9864341085271326,160683077.0
2024-03-19,20.74,20.83,21.04,20.59,1620500.0,33909069.0,0.5794302269434892,0.11999999999999744,0.01008506950610611,2.172863351038142,160683077.0
2024-03-20,20.69,20.76,20.93,20.48,1401200.0,29125844.0,-0.3360537686029619,-0.06999999999999673,0.008720271145915384,2.1603456553048455,160683077.0
2024-03-21,20.86,20.92,20.98,20.6,1575700.0,32989999.0,0.7707129094412402,0.16000000000000014,0.009806259809177043,1.8304431599229238,160683077.0
2024-03-22,20.9,20.65,20.9,19.89,1837700.0,37540244.0,-1.2906309751434142,-0.2700000000000031,0.011436798661753284,4.82791586998087,160683077.0
2024-03-25,20.29,20.26,20.96,19.99,1619400.0,33450007.0,-1.8886198547215405,-0.389999999999997,0.010078223732297583,4.697336561743353,160683077.0
2024-03-26,20.26,20.39,20.76,20.06,1109000.0,22785059.0,0.6416584402763936,0.129999999999999,0.006901784685141423,3.455083909180665,160683077.0
2024-03-27,20.37,19.56,20.58,19.45,1594200.0,31890583.0,-4.070622854340367,-0.8300000000000018,0.009921393277774982,5.541932319764586,160683077.0
2024-03-28,19.49,19.62,19.9,19.35,1165934.0,23121864.0,0.30674846625768915,0.060000000000002274,0.0072561094906092695,2.811860940695282,160683077.0
2024-03-29,19.68,19.61,19.77,19.29,913448.0,17928117.0,-0.05096839959226607,-0.010000000000001563,0.005684780358046044,2.4464831804281366,160683077.0
2024-04-01,19.66,20.2,20.2,19.51,1428900.0,28337004.0,3.008669046404888,0.5899999999999999,0.008892660177275545,3.518612952575205,160683077.0
2024-04-02,20.22,19.88,20.38,19.76,1233234.0,24802681.0,-1.5841584158415856,-0.3200000000000003,0.007674946379076373,3.069306930693057,160683077.0
2024-04-03,19.94,19.42,20.08,19.3,1036654.0,20339945.0,-2.31388329979878,-0.4599999999999973,0.006451544365185389,3.9235412474848976,160683077.0
2024-04-08,19.22,18.68,19.22,18.62,1414700.0,26767773.0,-3.810504634397538,-0.740000000000002,0.008804287460838207,3.089598352214201,160683077.0
2024-04-09,19.87,18.75,19.99,18.48,1326154.0,25013918.0,0.37473233404710093,0.07000000000000028,0.008253227562974787,8.083511777301917,160683077.0
2024-04-10,18.66,18.39,18.83,17.93,1827330.0,33668532.0,-1.9199999999999995,-0.35999999999999943,0.011372261685031087,4.799999999999993,160683077.0
2024-04-11,18.17,17.85,18.47,17.84,1553151.0,28345243.0,-2.9363784665579096,-0.5399999999999991,0.00966592766953299,3.4257748776508916,160683077.0
2024-04-12,17.68,17.74,18.2,17.67,1490996.0,26855120.0,-0.6162464985994598,-0.11000000000000298,0.009279110332197584,2.9691876750700144,160683077.0
2024-04-15,17.5,18.71,19.19,17.5,6080604.0,114297976.0,5.467869222096966,0.9700000000000024,0.03784221782110882,9.526493799323571,160683077.0
2024-04-16,18.38,17.16,18.6,17.1,2973433.0,53264463.0,-8.284339925173711,-1.5500000000000007,0.0185049543207341,8.017103153393906,160683077.0
2024-04-17,17.47,17.9,18.09,17.3,1383555.0,24793369.0,4.312354312354305,0.7399999999999984,0.008610458710595889,4.603729603729598,160683077.0
2024-04-18,18.2,18.43,18.69,17.38,2198980.0,40104890.0,2.960893854748603,0.5300000000000011,0.013685199717702693,7.318435754189958,160683077.0
2024-04-19,18.42,17.85,18.58,17.81,1692036.0,30882380.0,-3.1470428648941895,-0.5799999999999983,0.010530268847166775,4.177970699945739,160683077.0
2024-04-22,17.7,17.77,18.24,17.41,930600.0,16558962.0,-0.448179271708693,-0.08000000000000185,0.005791524642013172,4.649859943977582,160683077.0
2024-04-23,17.91,18.42,18.47,17.77,2179880.0,39919080.0,3.6578503095104242,0.6500000000000021,0.013566332190663737,3.9392234102419774,160683077.0
2024-04-24,18.55,18.38,18.64,17.95,1275000.0,23321198.0,-0.21715526601521207,-0.0400000000000027,0.007934874187155378,3.7459283387622215,160683077.0
2024-04-25,18.25,18.88,18.9,18.12,1706400.0,32049316.0,2.7203482045701888,0.5,0.010619662206244657,4.243743199129476,160683077.0
2024-04-26,19.09,18.75,19.28,18.62,1319400.0,25095468.0,-0.6885593220338881,-0.129999999999999,0.008211194511790436,3.495762711864408,160683077.0
2024-04-29,18.63,19.07,19.16,18.08,3238500.0,60599125.0,1.7066666666666785,0.3200000000000003,0.020154580435374658,5.76000000000001,160683077.0
2024-04-30,18.96,19.28,19.89,18.81,4896600.0,96252476.0,1.101206082852646,0.21000000000000085,0.030473650937117666,5.663345568956486,160683077.0
2024-05-06,19.37,19.38,19.64,19.01,2015148.0,39167628.0,0.5186721991701226,0.09999999999999787,0.012541133998821792,3.267634854771779,160683077.0
2024-05-07,19.55,19.47,19.57,19.32,1255444.0,24543631.0,0.4643962848297267,0.08999999999999986,0.007813168775701252,1.2899896800825594,160683077.0
2024-05-08,19.42,18.96,19.49,18.92,1108000.0,21299740.0,-2.6194144838212585,-0.509999999999998,0.006895561254406399,2.927580893682572,160683077.0
2024-05-09,19.38,19.17,19.39,18.9,2075908.0,39814374.0,1.1075949367088667,0.21000000000000085,0.01291926965028184,2.584388185654019,160683077.0
2024-05-10,19.44,18.81,19.44,18.66,1431100.0,27108751.0,-1.8779342723004855,-0.360000000000003,0.008906351724892597,4.068857589984356,160683077.0
2024-05-13,18.8,18.62,18.96,18.46,1453800.0,27327615.0,-1.0101010101009944,-0.18999999999999773,0.009047623602577638,2.658160552897395,160683077.0
2024-05-14,18.8,19.24,19.59,18.68,2508758.0,48365960.0,3.329752953813081,0.6199999999999974,0.015613081643936903,4.887218045112783,160683077.0
2024-05-15,19.04,18.9,19.35,18.87,1135800.0,21768573.0,-1.7671517671517645,-0.33999999999999986,0.007068572628840061,2.494802494802497,160683077.0
2024-05-16,19.12,19.09,19.37,18.8,1503492.0,28802521.0,1.0052910052910091,0.19000000000000128,0.009356878322662443,3.0158730158730176,160683077.0
2024-05-17,19.1,19.52,19.57,18.99,1535048.0,29975928.0,2.2524882137244573,0.4299999999999997,0.009553264902936854,3.038239916186495,160683077.0
2024-05-20,19.81,19.61,20.3,18.84,2410400.0,47797753.0,0.4610655737704805,0.08999999999999986,0.01500095744370143,7.479508196721316,160683077.0
2024-05-21,19.52,20.04,20.22,19.4,1554700.0,31136707.0,2.192758796532379,0.4299999999999997,0.009675567763741542,4.1815400305966355,160683077.0
2024-05-22,20.03,20.56,20.59,19.97,1924780.0,39320933.0,2.594810379241519,0.5199999999999996,0.011978735010159159,3.093812375249506,160683077.0
2024-05-23,20.39,20.48,20.59,20.04,2914800.0,59671851.0,-0.38910505836574627,-0.0799999999999983,0.018140055906447447,2.6750972762645953,160683077.0
2024-05-24,20.29,20.7,20.94,20.21,3420616.0,71193561.0,1.07421875,0.21999999999999886,0.021287966747114258,3.564453125000002,160683077.0
2024-05-27,21.06,20.91,21.08,20.29,1895080.0,39267302.0,1.0144927536231974,0.21000000000000085,0.011793899117328952,3.8164251207729425,160683077.0
2024-05-28,21.12,21.09,21.37,20.7,1674280.0,35451347.0,0.8608321377331363,0.17999999999999972,0.010419765611035692,3.2042085126733704,160683077.0
2024-05-29,20.88,21.03,21.43,20.73,1790800.0,37904105.0,-0.2844950213371167,-0.05999999999999872,0.011144919760280668,3.3191085822664737,160683077.0
2024-05-30,21.13,20.75,21.38,20.74,1392900.0,29441097.0,-1.3314312886352875,-0.28000000000000114,0.008668616670814687,3.0432715168806492,160683077.0
2024-05-31,20.73,21.52,21.63,20.66,3043748.0,65183187.0,3.710843373493966,0.7699999999999996,0.0189425548528673,4.674698795180717,160683077.0
2024-06-03,21.58,21.49,21.85,21.29,1103000.0,23846377.0,-0.13940520446097393,-0.030000000000001137,0.00686444410073128,2.602230483271386,160683077.0
2024-06-04,21.46,21.88,22.24,21.23,3415648.0,74742146.0,1.8147975802699001,0.39000000000000057,0.02125704874322266,4.699860400186124,160683077.0
2024-06-05,21.38,21.55,21.81,21.02,1720900.0,37232689.0,-1.508226691042036,-0.3299999999999983,0.010709901951902502,3.6106032906764134,160683077.0
2024-06-06,21.56,21.12,22.06,20.95,1478000.0,31801672.0,-1.995359628770299,-0.4299999999999997,0.009198230626365215,5.150812064965194,160683077.0
2024-06-07,21.56,21.12,21.71,21.07,936900.0,20124434.0,0.0,0.0,0.005830732255643822,3.030303030303033,160683077.0
2024-06-11,21.09,21.07,21.47,20.75,952600.0,20081332.0,-0.23674242424243097,-0.05000000000000071,0.0059284401181836964,3.4090909090909034,160683077.0
2024-06-12,20.89,21.05,21.18,20.76,1026000.0,21614238.0,-0.09492168960607561,-0.019999999999999574,0.006385239934134445,1.993355481727566,160683077.0
2024-06-13,21.02,20.88,21.13,20.77,412623.0,8688902.0,-0.8076009501187698,-0.1700000000000017,0.002567930660177736,1.7102137767220873,160683077.0
2024-06-14,21.54,20.46,21.54,20.39,677900.0,14124030.0,-2.011494252873558,-0.41999999999999815,0.004218863695272652,5.507662835249036,160683077.0
2024-06-17,20.44,19.81,20.58,19.73,2269200.0,45502958.0,-3.1769305962854433,-0.6500000000000021,0.014122209023916065,4.154447702834789,160683077.0
2024-06-18,20.17,19.99,20.45,19.73,2484353.0,50116781.0,0.9086320040383677,0.17999999999999972,0.015461198816848647,3.6345280161534523,160683077.0
2024-06-19,19.98,20.15,20.45,19.86,816813.0,16613337.0,0.8004002001000599,0.16000000000000014,0.005083379128967017,2.951475737868934,160683077.0
2024-06-20,20.29,19.94,20.4,19.83,631800.0,12722642.0,-1.042183622828774,-0.2099999999999973,0.003931963538388053,2.8287841191067016,160683077.0
2024-06-21,19.92,20.59,20.66,19.76,1557658.0,31690602.0,3.259779338014024,0.6499999999999986,0.009693976671855743,4.513540621865589,160683077.0
2024-06-24,20.3,20.34,20.68,19.59,1467158.0,29890317.0,-1.214181641573575,-0.25,0.009130756190336086,5.293831957260806,160683077.0
2024-06-25,20.49,20.32,20.49,20.24,658900.0,13485785.0,-0.0983284169124854,-0.019999999999999574,0.004100618511307199,1.2291052114060963,160683077.0
2024-06-26,20.39,20.32,20.48,20.18,1049300.0,21424284.0,0.0,0.0,0.0065302458702605004,1.4763779527559089,160683077.0
2024-06-27,20.4,20.49,20.98,20.32,710700.0,14727521.0,0.8366141732283339,0.16999999999999815,0.004437224040424079,3.2480314960629926,160167707.0
2024-06-28,20.47,20.39,20.78,19.59,1765414.0,35621668.0,-0.48804294777939905,-0.09999999999999787,0.011022284286057739,5.807711078574921,160167707.0
2024-07-01,20.32,20.29,20.32,19.79,1045149.0,21096286.0,-0.49043648847475474,-0.10000000000000142,0.006525341590861384,2.599313388916141,160167707.0
2024-07-02,20.28,20.7,21.08,20.14,3798428.0,78705813.0,2.0206998521439035,0.41000000000000014,0.023715317345462155,4.632824051256765,160167707.0
2024-07-03,20.87,20.69,21.01,20.49,1963266.0,41003662.0,-0.048309178743954906,-0.00999999999999801,0.012257564503935866,2.5120772946860055,160167707.0
2024-07-04,20.59,20.68,20.77,20.39,886700.0,18381866.0,-0.048332527791206115,-0.010000000000001563,0.00553607226205717,1.8366360560657273,160167707.0
2024-07-05,20.62,20.7,20.76,20.58,499200.0,10379642.0,0.09671179883945502,0.019999999999999574,0.0031167331377229494,0.8704061895551415,160167707.0
2024-07-08,20.71,21.25,21.41,20.71,3030200.0,64383096.0,2.657004830917886,0.5500000000000007,0.018918919779503367,3.3816425120772915,160167707.0
2024-07-09,21.25,21.71,21.74,21.08,3100200.0,66925412.0,2.1647058823529353,0.46000000000000085,0.01935596168583471,3.105882352941177,160167707.0
2024-07-10,21.72,22.69,22.85,21.72,2756820.0,62355904.0,4.514048825426076,0.9800000000000004,0.017212083831605333,5.204974666052522,160167707.0
2024-07-11,22.66,22.57,22.97,22.54,2581700.0,58960646.0,-0.5288673424416079,-0.120000000000001,0.016118729851080406,1.8951079770824135,160167707.0
2024-07-12,22.65,22.8,22.96,22.54,1750100.0,40068994.0,1.0190518387239722,0.23000000000000043,0.01092667200386405,1.8608772707133439,160167707.0
2024-07-15,22.79,23.39,23.43,22.74,2220900.0,51737534.0,2.5877192982456165,0.5899999999999999,0.013866090996732569,3.02631578947369,160167707.0
2024-07-16,23.39,23.33,23.86,23.18,2173800.0,51466977.0,-0.2565198802907287,-0.060000000000002274,0.013572024228329623,2.907225309961521,160167707.0
2024-07-17,23.47,23.31,23.55,23.14,936900.0,21959043.0,-0.08572653236176286,-0.019999999999999574,0.00584949374345479,1.7573939134162029,160167707.0
2024-07-18,23.24,23.91,24.02,23.07,2707080.0,64089035.0,2.5740025740025763,0.6000000000000014,0.01690153433987789,4.075504075504073,160167707.0
2024-07-19,23.97,23.63,23.97,23.27,2512600.0,59911228.0,-1.1710581346716875,-0.28000000000000114,0.015687307054973322,2.927645336679211,160167707.0
2024-07-22,23.65,23.36,23.87,23.31,1132800.0,26774193.0,-1.1426153195090993,-0.2699999999999996,0.007072586735602077,2.3698688108336956,160167707.0
2024-07-23,23.36,23.21,23.51,22.86,1374300.0,32082520.0,-0.6421232876712257,-0.14999999999999858,0.00858038131244521,2.7825342465753513,160167707.0
2024-07-24,23.14,22.99,23.28,22.9,1075900.0,24983257.0,-0.9478672985782088,-0.22000000000000242,0.006717334100312743,1.637225333907809,160167707.0
2024-07-25,22.96,22.97,23.23,22.76,1151400.0,26508012.0,-0.08699434536755257,-0.019999999999999574,0.00718871501357012,2.044367116137446,160167707.0
2024-07-26,23.0,23.3,23.67,22.96,1564720.0,36741862.0,1.4366565084893423,0.33000000000000185,0.009769260166782558,3.0909882455376616,160167707.0
2024-07-29,23.3,23.86,23.98,23.12,4003900.0,94433518.0,2.403433476394845,0.5599999999999987,0.02499817269657235,3.690987124463517,160167707.0
2024-07-30,23.83,23.98,24.1,23.6,2367500.0,56767308.0,0.5029337803855949,0.120000000000001,0.014781381617706495,2.095557418273261,160167707.0
2024-07-31,23.94,21.58,23.94,21.58,3244520.0,73449793.0,-10.00834028356965,-2.400000000000002,0.020257017227573844,9.841534612176826,160167707.0
2024-08-01,19.42,19.42,19.42,19.42,635600.0,12413268.0,-10.009267840593129,-2.1599999999999966,0.003968340509488595,0.0,160167707.0
2024-08-02,17.48,17.48,17.48,17.48,923900.0,16242162.0,-9.989701338825963,-1.9400000000000013,0.005768328817993255,0.0,160167707.0
2024-08-05,16.23,15.73,17.34,15.73,16019836.0,264197691.0,-10.011441647597252,-1.75,0.10001913806507826,9.21052631578947,160167707.0
2024-08-06,15.26,15.86,15.9,14.42,14361852.0,215598994.0,0.8264462809917328,0.129999999999999,0.08966758823612303,9.408773045136684,160167707.0
2024-08-07,15.22,15.13,15.67,15.01,7236638.0,111488069.0,-4.6027742749054195,-0.7299999999999986,0.04518162952785482,4.161412358133671,160167707.0
2024-08-08,14.82,14.87,14.96,14.63,4692516.0,69874154.0,-1.7184401850627973,-0.26000000000000156,0.029297516259004695,2.1810971579643095,160167707.0
2024-08-09,14.91,14.51,15.09,14.46,4697148.0,69637573.0,-2.4209818426361718,-0.35999999999999943,0.02932643594629222,4.236718224613309,160167707.0
2024-08-12,14.52,13.93,14.52,13.82,5478139.0,77306318.0,-3.99724328049621,-0.5800000000000001,0.03420251873868682,4.824259131633352,160167707.0
2024-08-13,13.93,13.93,13.93,13.56,4272696.0,59028101.0,0.0,0.0,0.02667638864306149,2.6561378320172238,160167707.0
2024-08-14,13.93,14.04,14.17,13.8,4599979.0,64577165.0,0.7896625987078298,0.10999999999999943,0.028719765589202074,2.6561378320172238,160167707.0
2024-08-15,13.94,14.01,14.09,13.76,3600736.0,50497724.0,-0.21367521367521292,-0.02999999999999936,0.022481036080512783,2.350427350427351,160167707.0
2024-08-16,13.92,13.92,14.05,13.77,2633091.0,36779427.0,-0.6423982869378952,-0.08999999999999986,0.016439587288341464,1.9985724482512572,160167707.0
2024-08-19,13.89,13.64,13.89,13.62,2427836.0,33428569.0,-2.011494252873558,-0.27999999999999936,0.015158086767140894,1.939655172413803,160167707.0
2024-08-20,13.6,12.96,13.61,12.95,3677400.0,48894954.0,-4.985337243401755,-0.6799999999999997,0.02295968437632687,4.838709677419355,160167707.0
2024-08-21,12.85,12.86,12.88,12.48,5058192.0,64521000.0,-0.7716049382716195,-0.10000000000000142,0.03158059820385641,3.0864197530864224,160167707.0
2024-08-22,12.74,13.4,13.67,12.69,5928758.0,78880536.0,4.199066874028001,0.5400000000000009,0.03701593854996001,7.62052877138414,160167707.0
2024-08-23,13.29,13.02,13.31,12.91,3446100.0,45299662.0,-2.8358208955223896,-0.3800000000000008,0.02151557304869202,2.9850746268656745,160167707.0
2024-08-26,12.92,13.84,13.99,12.9,6015744.0,82153446.0,6.298003072196634,0.8200000000000003,0.03755903179659056,8.371735791090629,160167707.0
2024-08-27,13.93,13.62,14.17,13.54,4690400.0,65357317.0,-1.5895953757225523,-0.22000000000000064,0.029284305106521878,4.552023121387289,160167707.0
2024-08-28,13.62,13.62,14.01,13.5,3264201.0,45225366.0,0.0,0.0,0.020379894681266806,3.744493392070483,160167707.0
2024-08-29,13.44,13.43,13.62,13.36,2485700.0,33596923.0,-1.3950073421439058,-0.1899999999999995,0.015519358093825993,1.9089574155653437,160167707.0
2024-08-30,13.5,13.64,13.92,13.34,4038592.0,55707327.0,1.5636634400595817,0.21000000000000085,0.025214770665350165,4.3186895011169035,160167707.0
2024-09-02,13.72,13.78,14.4,13.65,5451951.0,76990684.0,1.026392961876832,0.1399999999999988,0.03403901511807246,5.4985337243401755,160167707.0
2024-09-03,13.67,13.82,14.15,13.67,2608300.0,36336773.0,0.2902757619738905,0.040000000000000924,0.016284805775486317,3.4833091436865056,160167707.0
2024-09-04,13.86,13.91,14.21,13.67,2960292.0,41397356.0,0.651230101302458,0.08999999999999986,0.01848245227110606,3.9073806078147677,160167707.0
2024-09-05,14.02,14.12,14.19,13.88,3454992.0,48951061.0,1.5097052480230078,0.20999999999999908,0.02157108985770771,2.2286125089863313,160167707.0
2024-09-06,14.21,13.93,14.3,13.92,3987900.0,56564903.0,-1.3456090651558061,-0.1899999999999995,0.024898277403696614,2.6912181303116203,160167707.0
2024-09-09,13.84,13.84,13.91,13.71,2301001.0,31950284.0,-0.6460875807609456,-0.08999999999999986,0.014366198050147525,1.4357501794687673,160167707.0
2024-09-10,13.91,13.81,13.98,13.57,1680101.0,23245264.0,-0.21676300578034047,-0.02999999999999936,0.010489636340988512,2.962427745664741,160167707.0
2024-09-11,13.86,13.83,14.02,13.7,1594700.0,22224466.0,0.14482259232440065,0.019999999999999574,0.009956438971808469,2.3171614771904436,160167707.0
2024-09-12,14.02,13.69,14.08,13.66,2050400.0,28596943.0,-1.0122921185827916,-0.14000000000000057,0.012801581782025511,3.0368763557483724,160167707.0
2024-09-13,13.74,13.24,13.78,13.23,2414300.0,32483205.0,-3.2870708546384186,-0.4499999999999993,0.015073575349368023,4.017531044558064,160167707.0
2024-09-18,13.31,13.08,13.38,12.7,2310500.0,30061420.0,-1.2084592145015116,-0.16000000000000014,0.014425504636836688,5.135951661631431,160167707.0
2024-09-19,13.08,13.43,13.61,12.92,2390900.0,32133721.0,2.67584097859328,0.34999999999999964,0.014927478483537258,5.275229357798161,160167707.0
2024-09-20,13.35,13.07,13.47,13.05,1907700.0,25214622.0,-2.6805658972449686,-0.35999999999999943,0.011910640638690045,3.127326880119136,160167707.0
2024-09-23,13.33,13.41,13.56,12.93,2951500.0,39249367.0,2.601377199693955,0.33999999999999986,0.018427559807670843,4.820198928844689,160167707.0
2024-09-24,13.39,13.66,13.7,13.23,3954500.0,53806381.0,1.8642803877703118,0.25,0.024689745979818517,3.504847129008194,160167707.0
2024-09-25,13.68,13.95,14.3,13.68,3987200.0,56232101.0,2.1229868228404003,0.28999999999999915,0.024893906984633302,4.538799414348469,160167707.0
2024-09-26,13.87,14.22,14.22,13.82,3004148.0,42508287.0,1.935483870967758,0.27000000000000135,0.018756265268878452,2.8673835125448055,160167707.0
2024-09-27,14.32,14.79,15.03,14.28,3208500.0,47202950.0,4.008438818565385,0.5699999999999985,0.020032127949487347,5.2742616033755265,160167707.0
2024-09-30,15.24,15.92,16.14,14.74,7895984.0,122700207.0,7.640297498309678,1.1300000000000008,0.04929822713888262,9.4658553076403,160167707.0
2024-10-08,17.43,16.13,17.43,14.98,10264184.0,166910581.0,1.3190954773869334,0.20999999999999908,0.06408397917565244,15.389447236180901,160167707.0
2024-10-09,15.75,14.52,15.86,14.52,7246721.0,108772084.0,-9.981401115933043,-1.6099999999999994,0.045244582292733954,8.307501549907006,160167707.0
2024-10-10,14.4,14.18,14.68,13.95,5138816.0,73859529.0,-2.3415977961432466,-0.33999999999999986,0.03208397058465724,5.027548209366394,160167707.0
2024-10-11,14.21,13.69,14.44,13.57,4244940.0,59540428.0,-3.4555712270804007,-0.4900000000000002,0.026503095283745306,6.135401974612124,160167707.0
2024-10-14,13.76,14.12,14.3,13.72,4595464.0,64787599.0,3.140978816654494,0.4299999999999997,0.0286915763862437,4.236669101533967,160167707.0
2024-10-15,14.1,13.72,14.1,13.72,3730028.0,52193932.0,-2.832861189801694,-0.3999999999999986,0.023288264968418383,2.691218130311608,160167707.0
2024-10-16,13.72,13.73,13.99,13.63,2621509.0,36439875.0,0.07288629737609575,0.009999999999999787,0.01636727558321104,2.6239067055393543,160167707.0
2024-10-17,13.82,13.43,13.98,13.42,3486948.0,47980396.0,-2.1849963583394083,-0.3000000000000007,0.021770605731403773,4.078659868900222,160167707.0
2024-10-18,13.4,13.69,13.81,13.36,4136796.0,56736713.0,1.93596425912137,0.2599999999999998,0.02582790299919821,3.3507073715562252,160167707.0
2024-10-21,13.69,13.76,13.91,13.55,4542600.0,62660156.0,0.511322132943759,0.07000000000000028,0.02836152233858227,2.629656683710734,160167707.0
2024-10-22,13.68,14.18,14.18,13.67,4719592.0,66136235.0,3.052325581395343,0.41999999999999993,0.029466564068373658,3.7063953488372077,160167707.0
2024-10-23,14.3,14.58,14.93,14.04,6799540.0,99680150.0,2.8208744710860323,0.40000000000000036,0.042452627482517435,6.276445698166436,160167707.0
2024-10-24,14.59,14.6,14.7,14.3,3533400.0,51556202.0,0.137174211248281,0.019999999999999574,0.02206062674044525,2.7434842249656968,160167707.0
2024-10-25,14.76,14.91,15.01,14.64,4416700.0,66089283.0,2.1232876712328874,0.3100000000000005,0.027575471252766326,2.5342465753424603,160167707.0
2024-10-28,15.0,14.93,15.11,14.82,4353200.0,65409876.0,0.13413816230716247,0.019999999999999574,0.02717901180916575,1.9450033534540518,160167707.0
2024-10-29,14.93,14.38,15.05,14.36,4749280.0,69704328.0,-3.6838580040187474,-0.5499999999999989,0.029651919784304585,4.621567314132627,160167707.0
2024-10-30,14.1,14.35,14.52,14.08,2969096.0,42707872.0,-0.20862308762170656,-0.030000000000001137,0.018537419656010933,3.059805285118216,160167707.0
2024-10-31,14.26,14.19,14.42,14.04,4467800.0,63614609.0,-1.1149825783972167,-0.16000000000000014,0.02789451184438821,2.648083623693385,160167707.0
2024-11-01,14.15,14.7,15.61,14.08,10648908.0,160580593.0,3.594080338266381,0.5099999999999998,0.06648598646667271,10.78224101479915,160167707.0
2024-11-04,14.66,15.15,15.41,14.52,9127422.0,138006106.0,3.061224489795933,0.45000000000000107,0.056986655868152,6.0544217687074875,160167707.0
2024-11-05,15.06,15.35,15.6,14.86,8510268.0,130417744.0,1.320132013201314,0.1999999999999993,0.05313348214443752,4.884488448844886,160167707.0
2024-11-06,15.36,16.19,16.7,15.36,11827467.0,190816609.0,5.472312703583082,0.8400000000000016,0.07384426749644359,8.729641693811075,160167707.0
2024-11-07,16.21,17.15,17.4,15.78,12004700.0,203182337.0,5.929586164298928,0.9599999999999973,0.07495081389908391,10.006176652254473,160167707.0
2024-11-08,17.4,16.81,17.54,16.7,7847060.0,133919372.0,-1.9825072886297423,-0.33999999999999986,0.04899277230709184,4.8979591836734695,160167707.0
2024-11-11,16.63,16.37,16.78,15.94,6800016.0,111408853.0,-2.617489589530031,-0.4399999999999977,0.04245559936748049,4.997025580011908,160167707.0
2024-11-12,16.37,16.25,16.64,16.15,4283275.0,70568027.0,-0.7330482590103937,-0.120000000000001,0.026742438162019763,2.9932803909590833,160167707.0
2024-11-13,16.24,16.32,16.4,15.89,3241798.0,52676675.0,0.43076923076923457,0.07000000000000028,0.02024002254087336,3.138461538461526,160167707.0
2024-11-14,16.3,15.76,16.54,15.73,3697701.0,59602057.0,-3.4313725490196068,-0.5600000000000005,0.023086432772618765,4.963235294117639,160167707.0
2024-11-15,15.86,15.24,15.86,15.17,3423822.0,53456718.0,-3.2994923857867953,-0.5199999999999996,0.021376481340274166,4.378172588832484,160167707.0
2024-11-18,15.41,14.77,15.51,14.67,3245701.0,48745906.0,-3.0839895013123453,-0.47000000000000064,0.020264390748879237,5.511811023622046,160167707.0
2024-11-19,14.95,15.07,15.08,14.62,2480648.0,37087800.0,2.031144211239,0.3000000000000007,0.015487816155100479,3.114421123899803,160167707.0
2024-11-20,15.05,15.52,15.55,14.95,3680345.0,56687589.0,2.9860650298606517,0.4499999999999993,0.02297807135367181,3.9814200398142097,160167707.0
2024-11-21,15.52,17.08,17.08,15.51,8120300.0,134916041.0,10.051546391752563,1.5599999999999987,0.050698734171177214,10.115979381443289,160167707.0
2024-11-22,17.28,16.4,17.4,16.37,8936138.0,151630809.0,-3.9812646370023352,-0.6799999999999997,0.05579238266799936,6.030444964871181,160167707.0
2024-11-25,16.87,16.74,17.05,16.39,5811692.0,97692942.0,2.073170731707319,0.33999999999999986,0.03628504215272308,4.024390243902441,160167707.0
2024-11-26,16.76,17.2,17.49,16.57,9172500.0,157464074.0,2.7479091995221028,0.46000000000000085,0.057268098368917775,5.495818399044195,160167707.0
2024-11-27,16.92,16.75,17.08,16.21,5272900.0,87644490.0,-2.6162790697674354,-0.4499999999999993,0.032921118112779126,5.058139534883707,160167707.0
2024-11-28,16.75,16.57,16.84,16.31,4232078.0,70430669.0,-1.0746268656716351,-0.17999999999999972,0.026422791955184825,3.1641791044776184,160167707.0
2024-11-29,16.94,16.55,17.07,16.43,6823944.0,114586508.0,-0.12070006035003189,-0.019999999999999574,0.04260499277797615,3.862401931200969,160167707.0
2024-12-02,16.57,17.34,18.2,16.06,16183517.0,283994832.0,4.773413897280965,0.7899999999999991,0.10104107315465283,12.930513595166165,160167707.0
2024-12-03,16.94,18.42,19.07,16.71,17665859.0,320917003.0,6.228373702422152,1.0800000000000018,0.11029600991915306,13.610149942329869,160167707.0
2024-12-04,18.01,17.02,18.23,16.82,12578583.0,222001760.0,-7.600434310532044,-1.4000000000000021,0.07853382704667178,7.654723127035831,160167707.0
2024-12-05,17.01,16.94,17.17,16.57,6771517.0,114884062.0,-0.4700352526439411,-0.0799999999999983,0.042277667120501385,3.5252643948296205,160167707.0
2024-12-06,16.82,17.1,17.53,16.53,6752300.0,115062652.0,0.9445100354191327,0.16000000000000014,0.042157686630301824,5.903187721369539,160167707.0
2024-12-09,16.91,17.15,17.58,16.83,5232213.0,90161739.0,0.29239766081869956,0.04999999999999716,0.032667090626451935,4.385964912280701,160167707.0
2024-12-10,17.6,16.94,17.71,16.87,4722876.0,81551783.0,-1.2244897959183487,-0.2099999999999973,0.029487067577236403,4.8979591836734695,160167707.0
2024-12-11,16.95,16.99,17.42,16.62,4311528.0,74030923.0,0.2951593860684554,0.04999999999999716,0.026918834518870897,4.722550177095636,160167707.0
2024-12-12,17.02,16.92,17.15,16.66,3762400.0,63833556.0,-0.41200706297820355,-0.06999999999999673,0.023490378119729215,2.8840494408475483,160167707.0
2024-12-13,16.83,16.96,17.15,16.74,4412596.0,75055816.0,0.23640661938533203,0.03999999999999915,0.0275498481101437,2.423167848699764,160167707.0
2024-12-16,16.86,16.74,17.01,16.63,3304983.0,55823291.0,-1.2971698113207641,-0.22000000000000242,0.020634515295895446,2.240566037735864,160167707.0
2024-12-17,16.85,15.91,16.85,15.59,3991168.0,64577674.0,-4.958183990442045,-0.8299999999999983,0.02491868101726648,7.526881720430118,160167707.0
2024-12-18,15.89,15.62,15.99,15.61,2450087.0,38848225.0,-1.8227529855436853,-0.2900000000000009,0.015297009902252018,2.388434946574486,160167707.0
2024-12-19,15.49,15.53,15.67,15.14,2244200.0,34853645.0,-0.5761843790012766,-0.08999999999999986,0.014011563516982859,3.3930857874519806,160167707.0
2024-12-20,15.54,15.91,16.01,15.53,2256086.0,35880355.0,2.446877012234383,0.3800000000000008,0.01408577323267792,3.0907920154539745,160167707.0
2024-12-23,15.97,14.94,15.97,14.92,2845345.0,43951416.0,-6.0967944688875,-0.9700000000000006,0.017764785756719362,6.59962287869265,160167707.0
2024-12-24,14.94,15.08,15.17,14.7,1998768.0,29939704.0,0.9370816599732379,0.14000000000000057,0.012479219671915513,3.1459170013386926,160167707.0
2024-12-25,15.06,14.68,15.06,14.24,2886000.0,42167899.0,-2.652519893899208,-0.40000000000000036,0.0180186134524608,5.4376657824933705,160167707.0
2024-12-26,14.62,14.69,14.87,14.53,1718700.0,25383098.0,0.06811989100816707,0.009999999999999787,0.010730627491595418,2.3160762942779285,160167707.0
2024-12-27,14.69,14.72,14.88,14.55,2016612.0,29879411.0,0.2042205582028611,0.030000000000001137,0.012590627897295177,2.2464261402314505,160167707.0
2024-12-30,14.64,14.33,14.72,14.25,1949712.0,28226376.0,-2.6494565217391353,-0.39000000000000057,0.012172940703958508,3.1929347826087002,160167707.0
2024-12-31,14.34,14.04,14.45,14.01,1827700.0,26056694.0,-2.023726448011176,-0.2900000000000009,0.011411164174311367,3.070481507327282,160167707.0
2025-01-02,13.95,13.85,14.23,13.76,1863380.0,26227805.0,-1.3532763532763448,-0.1899999999999995,0.011633930677424258,3.3475783475783527,160167707.0
2025-01-03,13.9,13.18,13.98,13.16,2011300.0,27180536.0,-4.837545126353793,-0.6699999999999999,0.012557462660060434,5.920577617328522,160167707.0
2025-01-06,13.1,13.23,13.46,12.7,1964980.0,25996291.0,0.3793626707132125,0.05000000000000071,0.012268265787185179,5.766312594840679,160167707.0
2025-01-07,13.29,13.54,13.54,13.14,1713860.0,23031659.0,2.3431594860166216,0.3099999999999987,0.010700409165500508,3.023431594860156,160167707.0
2025-01-08,13.53,13.51,13.64,13.17,1710400.0,23035534.0,-0.22156573116690614,-0.02999999999999936,0.010678806808416132,3.471196454948306,160167707.0
2025-01-09,13.51,13.46,13.65,13.33,1164480.0,15836827.0,-0.37009622501850137,-0.049999999999998934,0.007270379415496034,2.3686158401184327,160167707.0
2025-01-10,13.46,13.01,13.5,13.01,1356645.0,18075819.0,-3.343239227340278,-0.45000000000000107,0.008470153100212641,3.640416047548293,160167707.0
2025-01-13,12.99,13.36,13.5,12.66,2274645.0,30001954.0,2.690238278247503,0.34999999999999964,0.014201645528957968,6.456571867794003,160167707.0
2025-01-14,13.36,13.81,13.84,13.34,2466600.0,33863752.0,3.3682634730539007,0.45000000000000107,0.015400108087955583,3.7425149700598808,160167707.0
2025-01-15,13.83,13.69,14.07,13.57,1651040.0,22814672.0,-0.8689355539464261,-0.120000000000001,0.010308195271847152,3.6205648081100645,160167707.0
2025-01-16,13.63,13.61,14.07,13.57,2921000.0,40616222.0,-0.5843681519357213,-0.08000000000000007,0.018237134405626472,3.6523009495982475,160167707.0
2025-01-17,13.61,13.23,13.7,13.23,2786248.0,37698229.0,-2.7920646583394437,-0.379999999999999,0.017395816249027026,3.453343130051425,160167707.0
2025-01-20,13.09,13.69,13.8,12.9,3370000.0,45380261.0,3.4769463340891926,0.4599999999999991,0.021040446061951802,6.802721088435376,160167707.0
2025-01-21,13.64,13.62,13.86,13.33,2825880.0,38509493.0,-0.511322132943759,-0.07000000000000028,0.017643256889480225,3.8714390065741373,160167707.0
2025-01-22,13.47,13.9,14.5,13.47,5048326.0,71487531.0,2.055800293685772,0.28000000000000114,0.03151900026888691,7.562408223201171,160167707.0
2025-01-23,14.19,14.77,14.92,13.9,7320106.0,106064574.0,6.258992805755392,0.8699999999999992,0.04570275829696432,7.338129496402875,160167707.0
2025-01-24,14.78,15.99,16.11,14.32,10212260.0,156904605.0,8.259986459038604,1.2200000000000006,0.06375979397644745,12.119160460392681,160167707.0
2025-01-27,15.51,14.95,15.95,14.39,6860200.0,104136401.0,-6.504065040650408,-1.040000000000001,0.042831355511632564,9.756097560975602,160167707.0
2025-02-05,14.96,14.42,14.96,14.22,3390100.0,49528301.0,-3.545150501672234,-0.5299999999999994,0.021165939523626946,4.949832775919734,160167707.0
2025-02-06,14.38,14.62,14.91,14.22,2715448.0,39982034.0,1.386962552011095,0.1999999999999993,0.016953779578051897,4.785020804438276,160167707.0
2025-02-07,14.62,14.63,14.81,14.42,2512900.0,36988189.0,0.06839945280439075,0.010000000000001563,0.015689180091714744,2.6675786593707294,160167707.0
2025-02-10,14.6,15.51,15.82,14.59,5646296.0,86928445.0,6.015037593984962,0.879999999999999,0.035252399536443386,8.40738209159262,160167707.0
2025-02-11,15.56,16.31,16.65,15.4,6394248.0,104029110.0,5.157962604771105,0.7999999999999989,0.0399222047925054,8.059316569954857,160167707.0
2025-02-12,16.31,16.08,16.61,15.87,4763000.0,77289447.0,-1.4101778050275904,-0.23000000000000043,0.02973757999794553,4.537093807480075,160167707.0
2025-02-13,16.49,16.18,16.49,15.79,4013444.0,65229192.0,0.6218905472636926,0.10000000000000142,0.025057760238772726,4.353233830845768,160167707.0
2025-02-14,16.21,16.23,16.71,16.03,3584100.0,59162356.0,0.30902348578492056,0.05000000000000071,0.02237716994974524,4.202719406674905,160167707.0
2025-02-17,16.3,16.21,16.6,15.82,3699648.0,60094210.0,-0.12322858903265343,-0.019999999999999574,0.02309858878107058,4.805914972273574,160167707.0
2025-02-18,16.11,16.24,16.84,16.11,4878610.0,80464688.0,0.18507094386179812,0.029999999999997584,0.030459385923530764,4.503392967304136,160167707.0
2025-02-19,16.39,17.86,17.86,16.33,7999713.0,139332318.0,9.975369458128093,1.620000000000001,0.04994585456605182,9.42118226600986,160167707.0
2025-02-20,17.79,18.22,19.26,17.35,14336422.0,261937059.0,2.015677491601342,0.35999999999999943,0.08950881715500865,10.694288913773796,160167707.0
2025-02-21,18.16,18.14,19.43,17.6,9455796.0,172427094.0,-0.4390779363336872,-0.0799999999999983,0.059036844424575546,10.04390779363336,160167707.0
2025-02-24,18.75,19.14,19.95,18.71,17918336.0,349748823.0,5.512679162072764,1.0,0.11187233891036474,6.835722160970223,160167707.0
2025-02-25,19.14,19.58,20.14,18.5,13421008.0,258870948.0,2.298850574712641,0.4399999999999977,0.08379347030297436,8.568443051201674,160167707.0
2025-02-26,19.44,20.01,20.78,19.44,9309266.0,189212495.0,2.19611848825334,0.43000000000000327,0.058121990845507954,6.8437180796731365,160167707.0
2025-02-27,19.86,18.68,20.02,18.14,11142119.0,211907259.0,-6.64667666166917,-1.3300000000000018,0.06956532754758112,9.395302348825583,160167707.0
2025-02-28,18.83,17.39,18.85,17.3,6477800.0,116219400.0,-6.905781584582438,-1.2899999999999991,0.040443858011902485,8.297644539614565,160167707.0
2025-03-03,17.48,17.1,17.8,16.97,4494400.0,78213925.0,-1.6676250718803853,-0.28999999999999915,0.028060587768794117,4.772857964347336,160167707.0
2025-03-04,16.9,17.06,17.38,16.87,3475700.0,59764699.0,-0.2339181286549863,-0.0400000000000027,0.02170037934051213,2.982456140350865,160167707.0
2025-03-05,17.04,17.02,17.12,16.71,3259800.0,55454575.0,-0.23446658851112856,-0.03999999999999915,0.020352417232270173,2.403282532239157,160167707.0
2025-03-06,17.11,17.08,17.32,16.88,4806600.0,82543537.0,0.3525264394829586,0.05999999999999872,0.030009794671031906,2.5851938895417232,160167707.0
2025-03-07,17.0,16.92,17.25,16.76,3822700.0,65313745.0,-0.9367681498828828,-0.1599999999999966,0.023866858504754646,2.8688524590163844,160167707.0
2025-03-10,16.9,16.97,17.04,16.74,2748146.0,46622743.0,0.2955082742316595,0.04999999999999716,0.017157928095955073,1.7730496453900748,160167707.0
2025-03-11,16.86,17.51,17.62,16.86,5040801.0,87430419.0,3.1820860341779778,0.5400000000000027,0.03147201826395629,4.478491455509732,160167707.0
2025-03-12,17.6,18.36,18.7,17.51,4995000.0,91985940.0,4.854368932038833,0.8499999999999979,0.031186061744643695,6.796116504854355,160167707.0
2025-03-13,18.15,17.59,18.83,17.41,3967100.0,71624843.0,-4.193899782135069,-0.7699999999999996,0.02476841352295816,7.734204793028312,160167707.0
2025-03-14,17.5,17.87,17.93,17.41,3524900.0,62665879.0,1.5918135304150205,0.28000000000000114,0.022007557366105015,2.956225127913585,160167707.0
2025-03-17,17.98,17.57,18.12,17.4,2632700.0,46696023.0,-1.6787912702853958,-0.3000000000000007,0.016437146097121814,4.0290990486849605,160167707.0
2025-03-18,17.57,18.67,18.78,17.5,4534648.0,82826506.0,6.260671599317025,1.1000000000000014,0.02831187437802303,7.285145133750717,160167707.0
2025-03-19,18.62,18.27,18.81,18.22,2581657.0,48180104.0,-2.1424745581146376,-0.40000000000000213,0.0161184613824808,3.1601499732190668,160167707.0
2025-03-20,18.13,18.18,18.41,18.01,1533580.0,28066852.0,-0.49261083743842304,-0.08999999999999986,0.009574838953023159,2.1893814997263195,160167707.0
2025-03-21,18.2,17.93,18.37,17.8,2209548.0,40003227.0,-1.3751375137513788,-0.25,0.013795215286437235,3.135313531353137,160167707.0
2025-03-24,17.77,17.1,17.89,16.55,3822800.0,65786209.0,-4.629113218070269,-0.8299999999999983,0.023867482850335117,7.473508087005019,160167707.0
2025-03-25,17.1,17.25,17.4,16.79,1879086.0,32322220.0,0.8771929824561209,0.14999999999999858,0.011731990394293401,3.5672514619883002,160167707.0
2025-03-26,17.25,17.77,17.77,17.0,1860166.0,32945538.0,3.014492753623177,0.5199999999999996,0.011613864210467844,4.463768115942027,160167707.0
2025-03-27,17.95,17.58,17.95,17.32,1559120.0,27519638.0,-1.0692177827799743,-0.19000000000000128,0.009734296814276051,3.5453010692177775,160167707.0
2025-03-28,17.5,17.03,17.75,17.02,1227945.0,21262613.0,-3.1285551763367336,-0.5499999999999972,0.007666620338143444,4.152445961319684,160167707.0
2025-03-31,17.02,17.16,17.33,16.68,2427100.0,41666576.0,0.7633587786259444,0.129999999999999,0.01515349158366861,3.8167938931297622,160167707.0
2025-04-01,17.01,17.81,18.19,17.01,3202300.0,57279475.0,3.7878787878787845,0.6499999999999986,0.019993418523497997,6.876456876456875,160167707.0
2025-04-02,18.12,17.95,18.38,17.74,2202348.0,40155580.0,0.7860752386299907,0.14000000000000057,0.013750262404643153,3.5934868051656412,160167707.0
2025-04-03,17.4,16.84,17.68,16.21,5817630.0,98082739.0,-6.1838440111420585,-1.1099999999999994,0.03632211579329159,8.189415041782725,160167707.0
2025-04-07,15.81,15.16,15.81,15.16,1248500.0,19120831.0,-9.97624703087886,-1.6799999999999997,0.00779495457220974,3.8598574821852756,160167707.0
2025-04-08,14.19,14.16,14.93,13.64,5408940.0,74764998.0,-6.596306068601587,-1.0,0.03377047784045507,8.509234828496036,160167707.0
2025-04-09,13.97,14.34,14.46,13.17,3956300.0,55101450.0,1.2711864406779627,0.17999999999999972,0.024700984200267038,9.11016949152543,160167707.0
2025-04-10,14.34,15.77,15.77,14.34,3194148.0,49739098.0,9.97210599721059,1.4299999999999997,0.01994252187177781,9.972105997210598,160167707.0
2025-04-11,15.76,15.73,16.26,15.63,3974400.0,63380606.0,-0.25364616360177283,-0.03999999999999915,0.024813990750332714,3.9949270767279694,160167707.0
2025-04-14,15.73,16.56,16.69,15.73,4138244.0,68100484.0,5.27654164017799,0.8299999999999983,0.025836943523203464,6.102987921169745,160167707.0
2025-04-15,16.81,17.03,17.09,16.52,3338448.0,56675946.0,2.838164251207753,0.4700000000000024,0.020843452544400853,3.4420289855072483,160167707.0
2025-04-16,17.2,16.35,17.2,16.01,2446900.0,40430229.0,-3.992953611274219,-0.6799999999999997,0.015277112008602333,6.987668819729875,160167707.0
2025-04-17,16.29,16.32,16.59,16.12,1352100.0,22271005.0,-0.18348623853211565,-0.030000000000001137,0.008441776593580128,2.874617737003051,160167707.0
2025-04-18,16.16,16.26,16.44,15.96,1064400.0,17352165.0,-0.367647058823517,-0.05999999999999872,0.006645534358558308,2.9411764705882377,160167707.0
2025-04-21,16.21,16.52,16.61,15.84,2345800.0,38242722.0,1.59901599015988,0.259999999999998,0.01464589862674378,4.735547355473551,160167707.0
2025-04-22,16.56,17.04,17.18,16.32,2877660.0,49044242.0,3.147699757869238,0.5199999999999996,0.017966543031049324,5.205811138014525,160167707.0
2025-04-23,17.07,18.01,18.1,16.96,3487500.0,62115308.0,5.692488262910822,0.9700000000000024,0.021774052119007986,6.6901408450704265,160167707.0
2025-04-24,18.15,18.58,18.77,17.85,4041542.0,74807736.0,3.1649083842309578,0.5699999999999967,0.025233188859974127,5.108273181565786,160167707.0
2025-04-25,18.5,18.05,18.95,17.99,2690900.0,49818642.0,-2.8525296017222646,-0.5299999999999976,0.0168005152249573,5.166846071044138,160167707.0
2025-04-28,18.07,19.13,19.29,18.07,3520688.0,67050451.0,5.983379501385033,1.0799999999999983,0.02198125993025548,6.759002770083096,160167707.0
2025-04-29,18.9,19.44,19.86,18.74,4995348.0,96939446.0,1.6204913748039784,0.3100000000000023,0.03118823446726374,5.854678515420811,160167707.0
2025-04-30,19.63,19.32,19.63,18.77,5411580.0,104239385.0,-0.6172839506172867,-0.120000000000001,0.03378696056377956,4.4238683127571985,160167707.0
2025-05-06,19.35,20.03,21.25,19.32,7106792.0,144187635.0,3.674948240165632,0.7100000000000009,0.0443709417654334,9.989648033126294,160167707.0
2025-05-07,20.43,19.98,20.7,19.75,5023668.0,102211714.0,-0.24962556165751826,-0.05000000000000071,0.03136504913565379,4.742885671492758,160167707.0
2025-05-08,19.99,19.86,20.14,19.77,2542604.0,50877443.0,-0.6006006006006093,-0.120000000000001,0.015874635702938546,1.851851851851857,160167707.0
2025-05-09,19.89,19.4,19.89,19.23,3181300.0,62280580.0,-2.316213494461228,-0.46000000000000085,0.019862305951598595,3.323262839879155,160167707.0
2025-05-12,19.59,19.94,20.15,19.22,3516765.0,69377435.0,2.7835051546391876,0.5400000000000027,0.02195676685313351,4.79381443298969,160167707.0
2025-05-13,20.02,19.97,20.62,19.85,3174204.0,64610611.0,0.15045135406217547,0.029999999999997584,0.019818002389208205,3.861584754262786,160167707.0
2025-05-14,19.96,19.66,20.04,19.49,3065600.0,60662796.0,-1.552328492739108,-0.3099999999999987,0.019139938114990932,2.7541311967951962,160167707.0
2025-05-15,20.23,19.96,20.23,19.37,2141988.0,42625181.0,1.5259409969481164,0.3000000000000007,0.013373407412269441,4.374364191251269,160167707.0
2025-05-16,19.75,21.96,21.96,19.75,9518136.0,203862314.0,10.020040080160332,2.0,0.05942606145944263,11.072144288577158,160167707.0
2025-05-19,22.38,22.92,23.37,21.63,9997582.0,227083098.0,4.371584699453557,0.9600000000000009,0.06241946137119888,7.923497267759572,160167707.0
2025-05-20,22.83,23.65,23.71,22.39,8070253.0,187156236.0,3.184991273996496,0.7299999999999969,0.05038626793851772,5.759162303664922,160167707.0
2025-05-21,23.84,23.22,24.22,22.6,6381433.0,149709122.0,-1.8181818181818188,-0.4299999999999997,0.039842194906367735,6.8498942917547465,160167707.0
2025-05-22,23.26,24.12,24.31,22.87,5977120.0,143274787.0,3.875968992248069,0.9000000000000021,0.03731788455958853,6.20155038759689,160167707.0
2025-05-23,23.47,23.33,24.25,23.32,5179200.0,123465094.0,-3.275290215588733,-0.7900000000000027,0.0323361063038756,3.855721393034824,160167707.0
2025-05-26,23.7,23.37,23.7,22.88,2833100.0,66053986.0,0.17145306472354793,0.0400000000000027,0.0176883346403904,3.5147878268324058,160167707.0
2025-05-27,23.38,23.37,23.57,22.87,2985800.0,69873863.0,0.0,0.0,0.018641710341773202,2.995293110825842,160167707.0
2025-05-28,23.49,23.5,23.82,23.1,2546600.0,59909468.0,0.5562687205819428,0.129999999999999,0.01589958455233426,3.080872913992293,160167707.0
2025-05-29,23.5,24.58,24.89,23.37,4704244.0,114496510.0,4.595744680851066,1.0799999999999983,0.02937073950868261,6.468085106382977,160167707.0
2025-05-30,24.47,26.02,26.34,24.47,5834148.0,148690512.0,5.858421480878762,1.4400000000000013,0.03642524519627418,7.607811228641176,160167707.0
2025-06-03,25.9,25.7,26.35,24.78,5635700.0,145257850.0,-1.2298232129131503,-0.3200000000000003,0.03518624387873643,6.033820138355113,160167707.0
2025-06-04,25.6,25.62,26.2,25.48,3138500.0,81332153.0,-0.3112840466926059,-0.0799999999999983,0.019595086043156004,2.8015564202334584,160167707.0
2025-06-05,25.62,25.3,25.76,24.92,3496100.0,88823091.0,-1.2490241998438734,-0.3200000000000003,0.021827745838928693,3.2786885245901636,160167707.0
2025-06-06,25.41,25.85,26.14,25.26,3372400.0,87337987.0,2.1739130434782705,0.5500000000000007,0.021055430355883163,3.4782608695652133,160167707.0
2025-06-09,25.86,27.16,27.84,25.86,6184196.0,169424311.0,5.067698259187625,1.3099999999999987,0.03861075441380952,7.659574468085108,160167707.0
2025-06-10,27.51,24.44,27.55,24.44,7768700.0,199532925.0,-10.014727540500735,-2.719999999999999,0.04850353511023293,11.450662739322532,160167707.0
2025-06-11,24.44,25.9,26.4,24.04,7174282.0,181614131.0,5.97381342062191,1.4599999999999973,0.04479231259769487,9.656301145662844,160167707.0
2025-06-12,25.66,24.86,25.86,24.36,5457490.0,136355966.0,-4.0154440154440145,-1.0399999999999991,0.034073597619774874,5.7915057915057915,160167707.0
2025-06-13,24.86,25.27,25.68,24.55,3606000.0,90907590.0,1.6492357200321717,0.41000000000000014,0.0225139016318689,4.545454545454541,160167707.0
2025-06-16,24.88,24.18,25.42,23.88,3973500.0,97631306.0,-4.3134151167392165,-1.0899999999999999,0.02480837164010845,6.094182825484775,160167707.0
2025-06-17,24.18,24.17,24.94,23.53,4250400.0,103624383.0,-0.041356492969391034,-0.00999999999999801,0.026537184552439152,5.831265508684864,160167707.0
2025-06-18,24.52,23.85,24.52,23.43,2378544.0,56650308.0,-1.3239553165080742,-0.3200000000000003,0.014850334343613972,4.5097227968556055,160167707.0
2025-06-19,23.67,24.05,24.86,23.67,3381600.0,83295756.0,0.8385744234800763,0.1999999999999993,0.02111287014928671,4.989517819706489,160167707.0
2025-06-20,23.26,23.26,24.46,23.17,2650100.0,62771771.0,-3.2848232848232795,-0.7899999999999991,0.016545782228124174,5.36382536382536,160167707.0
2025-06-23,23.28,23.74,23.84,22.99,3014000.0,71089678.0,2.063628546861551,0.4799999999999969,0.018817775795466684,3.654342218400694,160167707.0
2025-06-24,24.26,24.32,24.6,23.56,2382400.0,58152461.0,2.443133951137333,0.5800000000000018,0.014874409109197025,4.380791912384174,160167707.0
2025-06-25,24.31,24.29,24.69,24.15,2194900.0,53836759.0,-0.12335526315789824,-0.030000000000001137,0.013703761145809498,2.2203947368421164,160167707.0
2025-06-26,24.29,24.09,24.65,23.85,2098000.0,50918956.0,-0.8233841086866978,-0.1999999999999993,0.013098770278330825,3.293536434746798,160167707.0
2025-06-27,24.03,25.85,25.85,23.64,5836700.0,146635764.0,7.30593607305936,1.7600000000000016,0.03644117849548786,9.173931091739314,160167707.0
2025-06-30,25.84,24.64,25.84,23.78,5171048.0,127127148.0,-4.6808510638297935,-1.2100000000000009,0.032285209652155415,7.969052224371367,160167707.0
2025-07-01,24.46,25.16,25.44,24.36,3344400.0,83713332.0,2.110389610389607,0.5199999999999996,0.020880613593350625,4.383116883116891,160167707.0
2025-07-02,24.46,25.37,25.45,24.46,2596200.0,65784694.0,0.8346581875993575,0.21000000000000085,0.01620925996024904,3.9348171701112813,160167707.0
2025-07-03,25.46,25.42,26.2,25.07,2982000.0,76852434.0,0.19708316909736734,0.05000000000000071,0.018617985209715214,4.454079621600311,160167707.0
2025-07-04,25.3,24.67,25.69,24.51,2259400.0,56317018.0,-2.9504327301337563,-0.75,0.014106464045214807,4.642014162077103,160167707.0
2025-07-07,24.67,24.65,25.02,24.01,1765100.0,43903815.0,-0.08107012565871097,-0.020000000000003126,0.011020323840935053,4.094041345764078,160167707.0
2025-07-08,24.52,24.96,25.06,24.52,2013600.0,50335295.0,1.2576064908722095,0.3100000000000023,0.01257182260841132,2.190669371196751,160167707.0
2025-07-09,25.05,24.71,25.21,24.59,1654700.0,41283121.0,-1.001602564102566,-0.25,0.010331046320092477,2.483974358974363,160167707.0
2025-07-10,24.71,24.74,24.98,24.42,1512160.0,37577370.0,0.121408336705775,0.029999999999997584,0.009441104129685768,2.2662889518413545,160167707.0
2025-07-11,24.75,25.01,26.14,24.51,3139648.0,79579727.0,1.0913500404203802,0.2700000000000031,0.019602253530419837,6.588520614389649,160167707.0
2025-07-14,25.14,24.92,25.2,24.73,1389800.0,34833051.0,-0.35985605757696826,-0.08999999999999986,0.00867715487741858,1.8792483006797236,160167707.0
2025-07-15,24.92,24.15,24.92,23.77,2770399.0,67152006.0,-3.0898876404494513,-0.7700000000000031,0.01729686371797781,4.614767255216702,160167707.0
2025-07-16,24.14,24.85,25.05,24.13,2211348.0,54835478.0,2.898550724637694,0.7000000000000028,0.013806453506885754,3.809523809523817,160167707.0
2025-07-17,24.74,24.93,25.09,24.64,1150600.0,28749040.0,0.32193158953721657,0.0799999999999983,0.007183720248926333,1.8108651911468783,160167707.0
2025-07-18,24.92,24.68,25.42,24.25,2236500.0,55317479.0,-1.0028078620136327,-0.25,0.01396348890728641,4.693140794223834,160167707.0
2025-07-21,24.72,24.6,24.85,24.28,1605748.0,39660131.0,-0.32414910858994395,-0.0799999999999983,0.010025416671539163,2.3095623987034046,160167707.0
2025-07-22,24.52,24.48,24.72,24.36,911900.0,22432775.0,-0.4878048780487809,-0.120000000000001,0.005693407348336454,1.4634146341463392,160167707.0
2025-07-23,24.36,24.07,24.53,23.93,1645800.0,39969440.0,-1.6748366013071947,-0.41000000000000014,0.010275479563430348,2.4509803921568687,160167707.0
2025-07-24,24.07,24.28,24.81,23.88,1605140.0,39474577.0,0.8724553385957678,0.21000000000000085,0.010021620650409886,3.8637307852098033,160167707.0
2025-07-25,24.28,24.27,24.62,24.07,1393580.0,34247673.0,-0.04118616144975773,-0.010000000000001563,0.008700755140360472,2.2652388797364114,160167707.0
2025-07-28,24.86,24.97,25.2,24.12,3250212.0,81500369.0,2.8842192006592438,0.6999999999999993,0.02029255497801439,4.4499381953028365,160167707.0
2025-07-29,24.87,24.99,25.34,24.81,1380172.0,34623117.0,0.08009611533841277,0.019999999999999574,0.008617042884930606,2.122547056467766,160167707.0
2025-07-30,24.99,25.79,26.55,24.87,3851492.0,100185428.0,3.201280512204896,0.8000000000000007,0.024046620084284532,6.722689075630252,160167707.0
2025-07-31,26.15,25.67,26.27,25.45,2884200.0,75163121.0,-0.46529662659944293,-0.11999999999999744,0.01800737523201228,3.179526948429625,160167707.0
2025-08-01,25.81,25.32,25.86,25.17,1592100.0,40798911.0,-1.363459291001179,-0.3500000000000014,0.00994020598671616,2.6879626022594376,160167707.0
2025-08-04,25.11,25.37,25.37,24.87,1467780.0,37106126.0,0.1974723538704648,0.05000000000000071,0.009164019561071697,1.9747235387045814,160167707.0
2025-08-05,25.46,25.79,25.96,25.29,1621400.0,41770020.0,1.6554986204178057,0.41999999999999815,0.010123139241794851,2.6409144659046184,160167707.0
2025-08-06,25.96,27.03,27.2,25.96,3699996.0,99749231.0,4.80806514152774,1.240000000000002,0.02310076150369063,4.8080651415277185,160167707.0
2025-08-07,27.15,26.8,27.17,26.74,2057800.0,55716890.0,-0.8509064002959699,-0.23000000000000043,0.01284778335498054,1.5908250092489946,160167707.0
2025-08-08,26.59,26.41,26.8,26.26,2012500.0,53572523.0,-1.455223880597012,-0.39000000000000057,0.012564954807026112,2.014925373134325,160167707.0
2025-08-11,26.35,27.81,27.96,26.16,4415724.0,121728197.0,5.301022340022721,1.3999999999999986,0.027569377639900906,6.815600151457783,160167707.0
2025-08-12,27.79,27.9,28.08,27.56,1839744.0,51407300.0,0.3236245954692629,0.08999999999999986,0.011486360356023578,1.869830996044587,160167707.0
2025-08-13,28.04,27.59,28.08,27.46,1698000.0,47240987.0,-1.1111111111111072,-0.3099999999999987,0.010601387956437437,2.2222222222222134,160167707.0
2025-08-14,27.62,27.0,27.94,26.94,1770900.0,48655149.0,-2.1384559623051858,-0.5899999999999999,0.011056535884602507,3.624501631025734,160167707.0
2025-08-15,26.98,27.2,27.3,26.66,1674744.0,45556950.0,0.7407407407407307,0.1999999999999993,0.010456190148242554,2.3703703703703725,160167707.0
2025-08-18,27.24,27.4,27.73,26.88,2251744.0,61711242.0,0.7352941176470562,0.1999999999999993,0.014058664147573768,3.1250000000000053,160167707.0
2025-08-19,27.4,27.32,27.6,27.02,1489848.0,40935788.0,-0.29197080291970545,-0.0799999999999983,0.009301800143770553,2.11678832116789,160167707.0
2025-08-20,27.24,27.07,27.47,26.88,1795900.0,48998790.0,-0.9150805270863871,-0.25,0.011212622279720842,2.1595900439238647,160167707.0
2025-08-21,27.07,26.69,27.26,26.58,2118984.0,57459295.0,-1.4037680088659021,-0.379999999999999,0.013229782954937352,2.5120059106021544,160167707.0
2025-08-22,26.7,26.14,26.82,26.04,2506284.0,66368518.0,-2.0606968902210587,-0.5500000000000007,0.015647873388110627,2.9224428624953207,160167707.0
2025-08-25,26.45,26.12,26.45,25.72,2648727.0,69627079.0,-0.07651109410864443,-0.019999999999999574,0.016537209963304277,2.7926549349655714,160167707.0
2025-08-26,26.12,26.21,26.65,25.41,2849399.0,75042744.0,0.34456355283307705,0.08999999999999986,0.01779009672655175,4.747320061255737,160167707.0
2025-08-27,26.29,25.29,26.45,25.27,3104080.0,80861430.0,-3.510110644792075,-0.9200000000000017,0.019380186294357078,4.502098435711559,160167707.0
2025-08-28,25.17,24.75,25.63,23.97,3199196.0,79678750.0,-2.1352313167259718,-0.5399999999999991,0.019974038836680107,6.56385923289838,160167707.0
2025-08-29,25.73,26.7,26.95,24.87,5159700.0,135562786.0,7.878787878787885,1.9499999999999993,0.0322143589156833,8.404040404040398,160167707.0
2025-09-01,26.71,28.1,28.78,26.7,6339322.0,179091235.0,5.243445692883908,1.4000000000000021,0.03957927673897461,7.790262172284651,160167707.0
2025-09-02,28.1,27.78,28.64,27.55,3702248.0,104072489.0,-1.1387900355871894,-0.3200000000000003,0.023114821766162887,3.8790035587188605,160167707.0
2025-09-03,27.74,27.53,28.34,27.47,3435975.0,96488032.0,-0.8999280057595427,-0.25,0.02145235805866909,3.1317494600431997,160167707.0
2025-09-04,27.56,27.85,29.2,27.55,4811268.0,136809308.0,1.1623683254631256,0.3200000000000003,0.030038939122728404,5.993461678169265,160167707.0
2025-09-05,28.12,28.99,29.24,27.64,3301280.0,94519395.0,4.093357271095144,1.139999999999997,0.020611395779050516,5.745062836624768,160167707.0
2025-09-08,28.92,28.13,29.43,28.04,3513000.0,100711996.0,-2.966540186271127,-0.8599999999999994,0.02193326024202869,4.794756812694034,160167707.0
2025-09-09,28.04,27.91,28.49,27.77,2581048.0,72780014.0,-0.7820831852115129,-0.21999999999999886,0.016114659117895717,2.559544969783146,160167707.0
2025-09-10,27.98,26.91,27.99,26.75,2818370.0,76838617.0,-3.5829451809387347,-1.0,0.017596368536386676,4.442852024364022,160167707.0
2025-09-11,27.01,27.04,27.33,26.1,2740899.0,73923115.0,0.48309178743961567,0.129999999999999,0.01711268177173817,4.570791527313254,160167707.0
2025-09-12,27.15,26.8,27.4,26.6,1470499.0,39814678.0,-0.8875739644970349,-0.23999999999999844,0.009180995517404766,2.958579881656794,160167707.0
2025-09-15,26.93,26.56,27.03,26.3,2098947.0,56143284.0,-0.8955223880597107,-0.240000000000002,0.013104682830977907,2.7238805970149267,160167707.0
2025-09-16,26.78,26.78,27.1,26.15,2531700.0,67635201.0,0.8283132530120474,0.22000000000000242,0.01580655706084373,3.5768072289156736,160167707.0
2025-09-17,26.8,26.13,26.85,25.87,2793243.0,73481175.0,-2.4271844660194275,-0.6500000000000021,0.017439489222381137,3.659447348767739,160167707.0
2025-09-18,25.9,25.6,26.35,25.37,2373100.0,61495130.0,-2.0283199387676865,-0.5299999999999976,0.014816344970213002,3.7504783773440504,160167707.0
2025-09-19,25.64,26.65,26.71,25.38,3465100.0,91298736.0,4.101562499999978,1.0499999999999972,0.021634198708981953,5.195312500000007,160167707.0
2025-09-22,26.65,26.15,27.05,25.72,1958314.0,51379114.0,-1.8761726078799223,-0.5,0.012226646910790825,4.990619136960608,160167707.0
2025-09-23,25.69,25.9,26.33,25.46,2118148.0,55221049.0,-0.9560229445506718,-0.25,0.013224563425884595,3.326959847036319,160167707.0
2025-09-24,25.67,26.69,27.08,25.67,3036680.0,81308206.0,3.0501930501930508,0.7900000000000027,0.01895937737311804,5.444015444015431,160167707.0
2025-09-25,26.56,25.95,26.94,25.88,2150200.0,56983240.0,-2.7725739977519703,-0.740000000000002,0.013424678671337911,3.9715249156987724,160167707.0
2025-09-26,25.76,25.73,26.25,25.54,1464100.0,38092568.0,-0.8477842003853486,-0.21999999999999886,0.009141043643710278,2.736030828516381,160167707.0
2025-09-29,25.73,25.72,26.22,25.22,2039600.0,52674890.0,-0.03886513797124458,-0.010000000000001563,0.01273415245933439,3.8865137971239796,160167707.0
2025-09-30,26.3,27.55,27.9,25.86,5827985.0,158646044.0,7.11508553654745,1.8300000000000018,0.03638676677814961,7.931570762052874,160167707.0
2025-10-09,27.62,26.81,27.71,26.55,3022800.0,81874982.0,-2.686025408348469,-0.740000000000002,0.01887271820654834,4.210526315789474,160167707.0
2025-10-10,26.81,26.12,27.15,25.86,2641900.0,70101374.0,-2.5736665423349403,-0.6899999999999977,0.01649458589052536,4.811637448713164,160167707.0
2025-10-13,24.86,25.94,26.15,24.27,2899792.0,74267858.0,-0.6891271056661541,-0.17999999999999972,0.018104723194919684,7.19754977029096,160167707.0
2025-10-14,25.94,25.6,26.77,25.53,2316900.0,60704965.0,-1.3107170393215073,-0.33999999999999986,0.014465462753986982,4.7802621434078585,160167707.0
2025-10-15,25.25,26.44,26.85,25.19,3088000.0,81475812.0,3.281249999999991,0.8399999999999999,0.01927979152501696,6.484375000000001,160167707.0
2025-10-16,26.35,26.33,27.0,26.11,3021972.0,80731827.0,-0.4160363086233132,-0.11000000000000298,0.01886754862514202,3.366111951588504,160167707.0
2025-10-17,26.15,25.36,26.73,25.33,2679432.0,69415214.0,-3.684010634257495,-0.9699999999999989,0.016728915273788617,5.317128750474752,160167707.0
2025-10-20,25.89,26.1,26.5,25.65,2828648.0,74212401.0,2.917981072555209,0.740000000000002,0.017660538775147727,3.351735015772876,160167707.0
2025-10-21,26.03,25.93,26.23,25.57,1508300.0,39183961.0,-0.6513409961685923,-0.1700000000000017,0.009417004390279496,2.5287356321839085,160167707.0
2025-10-22,25.9,26.43,26.48,25.66,2063576.0,54246813.0,1.9282684149633633,0.5,0.01288384555570868,3.1623602005399163,160167707.0
2025-10-23,26.43,25.41,26.55,24.86,3754800.0,95999465.0,-3.859250851305329,-1.0199999999999996,0.023442927855613242,6.394248959515707,160167707.0
2025-10-24,25.42,25.6,26.17,25.24,2126700.0,54727258.0,0.747737111373481,0.19000000000000128,0.013277957459926675,3.6599763872491273,160167707.0
2025-10-27,25.64,26.25,27.05,25.43,4516400.0,120474064.0,2.5390625,0.6499999999999986,0.028197943796498256,6.3281250000000036,160167707.0
2025-10-28,26.25,25.93,26.37,25.6,2679100.0,69888051.0,-1.2190476190476196,-0.3200000000000003,0.016726842446461446,2.9333333333333313,160167707.0
2025-10-29,25.88,26.25,26.35,25.49,2452640.0,64235546.0,1.2340917855765632,0.3200000000000003,0.015312949444921503,3.3166216737369956,160167707.0
2025-10-30,26.25,26.81,26.95,25.92,3622640.0,96537253.0,2.1333333333333204,0.5599999999999987,0.022617792736459665,3.9238095238095148,160167707.0
2025-10-31,26.49,27.08,27.2,26.49,3205748.0,87003109.0,1.0070869078701916,0.2699999999999996,0.02001494595911272,2.64826557254756,160167707.0
2025-11-03,27.05,26.55,27.05,26.2,3055248.0,81866446.0,-1.9571639586410505,-0.5299999999999976,0.01907530586050033,3.1388478581979373,160167707.0
2025-11-04,26.37,25.81,26.63,25.58,2549932.0,66475602.0,-2.7871939736346607,-0.740000000000002,0.01592038774707563,3.954802259887008,160167707.0
2025-11-05,25.77,26.79,27.42,25.46,4525352.0,121463664.0,3.7969779155366146,0.9800000000000004,0.02825383521286223,7.593955831073231,160167707.0
2025-11-06,27.15,27.35,27.52,26.86,3601943.0,98856442.0,2.0903322135125135,0.5600000000000023,0.0224885719316691,2.4636058230683098,160167707.0
2025-11-07,27.25,27.2,27.73,26.83,2663280.0,73404854.0,-0.5484460694698434,-0.15000000000000213,0.01662807097563056,3.29067641681902,160167707.0
2025-11-10,27.07,27.48,27.51,26.73,2531260.0,68810097.0,1.0294117647058787,0.28000000000000114,0.01580380994028965,2.867647058823534,160167707.0
2025-11-11,27.45,28.29,28.34,27.26,2935399.0,82590416.0,2.9475982532751077,0.8099999999999987,0.01832703392575883,3.9301310043668063,160167707.0
2025-11-12,28.24,31.13,31.13,28.24,3705736.0,112604298.0,10.038882997525622,2.84,0.023136598940009797,10.215623895369392,160167707.0
2025-11-13,32.82,31.3,32.82,30.83,11749797.0,372492744.0,0.5460970125281239,0.1700000000000017,0.07335933828408994,6.392547381946683,160167707.0
2025-11-14,31.32,31.04,32.25,30.69,7376624.0,232361956.0,-0.8306709265175738,-0.26000000000000156,0.046055625932136246,4.984025559105427,160167707.0
2025-11-17,30.64,31.0,31.44,30.07,5490865.0,170077991.0,-0.12886597938144284,-0.03999999999999915,0.03428197295725786,4.413659793814436,160167707.0
2025-11-18,30.83,31.13,34.1,30.13,13518448.0,442173966.0,0.4193548387096735,0.129999999999999,0.0844018326365876,12.806451612903233,160167707.0
2025-11-19,30.78,33.51,33.6,30.72,11305268.0,367010008.0,7.645358175393513,2.379999999999999,0.07058394111866757,9.25152585929972,160167707.0
2025-11-20,32.05,32.95,34.01,31.83,7628856.0,252356614.0,-1.6711429424052349,-0.5599999999999952,0.04763042527667578,6.505520740077589,160167707.0
2025-11-21,32.13,33.62,33.89,32.13,6609948.0,219928711.0,2.033383915022746,0.6699999999999946,0.041268918209586405,5.341426403641876,160167707.0
2025-11-24,33.36,31.53,33.61,31.48,7262900.0,233936967.0,-6.216537775133835,-2.0899999999999963,0.04534559516419873,6.33551457465794,160167707.0
2025-11-25,31.5,32.31,32.61,30.44,5568348.0,177465087.0,2.473834443387246,0.7800000000000011,0.03476573464337602,6.882334284808113,160167707.0
2025-11-26,32.77,31.22,32.77,31.19,3983800.0,126725971.0,-3.37356855462706,-1.0900000000000034,0.024872679234897208,4.890126895697932,160167707.0
2025-11-27,31.72,31.1,31.72,30.89,3314400.0,104450255.0,-0.3843689942344519,-0.11999999999999744,0.02069330991920862,2.6585522101217114,160167707.0
2025-11-28,31.1,31.59,31.94,29.6,5817700.0,178848808.0,1.5755627009646167,0.48999999999999844,0.03632255283519792,7.524115755627009,160167707.0
2025-12-01,31.59,30.85,31.77,30.67,3311700.0,103865802.0,-2.3425134536245618,-0.7399999999999984,0.02067645258853584,3.4821145932256976,160167707.0
2025-12-02,30.8,30.42,30.93,30.38,1929400.0,59319319.0,-1.3938411669367934,-0.4299999999999997,0.012046123629652761,1.7828200972447348,160167707.0
2025-12-03,30.43,30.86,31.11,30.17,2436896.0,75099226.0,1.4464168310322156,0.4399999999999977,0.01521465247673178,3.0900723208415437,160167707.0
2025-12-04,30.83,30.37,31.32,29.94,2620300.0,80316011.0,-1.5878159429682404,-0.48999999999999844,0.01635972724514312,4.471808165910561,160167707.0
2025-12-05,30.37,30.76,31.01,29.94,2595800.0,79553990.0,1.2841620019756306,0.39000000000000057,0.016206762577927147,3.5232136977280217,160167707.0
2025-12-08,30.98,30.71,30.98,29.9,2913800.0,88841057.0,-0.16254876462938883,-0.05000000000000071,0.018192181523832392,3.511053315994804,160167707.0
2025-12-09,30.7,30.58,31.3,30.43,1872800.0,58006962.0,-0.4233148811462195,-0.13000000000000256,0.011692744031104848,2.832953435363077,160167707.0
2025-12-10,30.65,30.53,31.56,30.43,2372344.0,73844861.0,-0.16350555918900334,-0.04999999999999716,0.014811624917624625,3.695225637671678,160167707.0
2025-12-11,30.5,30.13,30.92,30.05,2346444.0,71801938.0,-1.3101867016049873,-0.40000000000000213,0.014649919412282027,2.849656075990832,160167707.0
2025-12-12,30.2,30.79,31.08,29.73,2827600.0,87193160.0,2.1905077995353572,0.6600000000000001,0.017653995633464366,4.480584135413203,160167707.0
2025-12-15,30.8,30.32,31.22,30.23,2120200.0,65347440.0,-1.5264696329977179,-0.46999999999999886,0.013237374997195907,3.215329652484568,160167707.0
2025-12-16,30.3,29.08,30.3,28.85,3531900.0,104284311.0,-4.089709762532989,-1.240000000000002,0.02205126155673815,4.782321899736145,160167707.0
2025-12-17,29.19,30.33,30.4,28.85,2718900.0,81070699.0,4.298486932599732,1.25,0.016975331987489836,5.33012379642365,160167707.0
2025-12-18,30.06,31.03,31.2,29.88,2554000.0,78926967.0,2.307945928123978,0.7000000000000028,0.01594578612528929,4.352126607319487,160167707.0
2025-12-19,31.32,30.08,31.38,29.83,3305228.0,101042491.0,-3.0615533354818036,-0.9500000000000028,0.020636044942567607,4.995165968417663,160167707.0
2025-12-22,30.08,30.12,30.4,29.85,1550500.0,46939396.0,0.13297872340425343,0.0400000000000027,0.009680478225239248,1.8284574468085013,160167707.0
2025-12-23,30.02,30.04,30.22,29.76,1388600.0,41901432.0,-0.26560424966800555,-0.08000000000000185,0.0086696627304529,1.5272244355909605,160167707.0
2025-12-24,29.93,30.09,30.53,29.64,2046200.0,62097036.0,0.1664447403462166,0.05000000000000071,0.012775359267645631,2.962716378162452,160167707.0
2025-12-25,30.16,31.75,31.9,29.86,3879500.0,121808415.0,5.516782984380186,1.6600000000000001,0.024221486794463506,6.77966101694915,160167707.0
2025-12-26,31.75,31.38,32.02,31.31,2682296.0,85224349.0,-1.1653543307086678,-0.370000000000001,0.016746796531213373,2.2362204724409587,160167707.0
2025-12-29,31.08,31.92,32.1,30.74,3007648.0,95429077.0,1.7208413001912115,0.5400000000000027,0.01877811736419502,4.333970681963043,160167707.0
2025-12-30,31.57,31.24,32.32,31.23,2584532.0,82166907.0,-2.130325814536349,-0.6800000000000033,0.01613641131791941,3.4147869674185456,160167707.0
2025-12-31,31.25,31.74,32.02,31.03,2545764.0,81293654.0,1.6005121638924535,0.5,0.015894365023281502,3.1690140845070482,160167707.0
2026-01-05,31.79,31.82,32.31,31.18,3040600.0,96996907.0,0.2520478890989386,0.08000000000000185,0.018983851719872595,3.5601764335223773,160167707.0
2026-01-06,31.89,32.18,33.11,31.87,2990000.0,97359288.0,1.13136392206159,0.35999999999999943,0.01866793285615308,3.8969201759899383,160167707.0
2026-01-07,32.25,32.57,33.12,31.58,3642700.0,118129508.0,1.211932877563715,0.39000000000000057,0.02274303645990262,4.7855811062771885,160167707.0
2026-01-08,32.57,30.69,33.1,30.58,6054800.0,190424708.0,-5.772182990482033,-1.879999999999999,0.037802876206500226,7.737181455326998,160167707.0
2026-01-09,30.58,30.93,31.21,29.99,3787833.0,116244060.0,0.782013685239491,0.23999999999999844,0.023649167931211003,3.975236233300757,160167707.0
2026-01-12,30.94,30.33,31.24,30.14,3095448.0,94694351.0,-1.9398642095053376,-0.6000000000000014,0.019326292783850618,3.5564177174264398,160167707.0
2026-01-13,30.2,30.06,31.4,29.93,2896260.0,88760128.0,-0.8902077151335286,-0.2699999999999996,0.018082671309017365,4.846686449060333,160167707.0
2026-01-14,29.9,30.33,30.37,29.34,3736973.0,111703301.0,0.8982035928143617,0.2699999999999996,0.023331625768982258,3.426480372588161,160167707.0
2026-01-15,30.17,32.57,32.85,29.93,7674460.0,247220951.0,7.385426969996711,2.240000000000002,0.04791515183519485,9.627431585888566,160167707.0
2026-01-16,33.02,35.83,35.83,32.91,6927258.0,243834004.0,10.009210930303958,3.259999999999998,0.04325002917098639,8.965305495855086,160167707.0
2026-01-19,35.38,33.59,35.98,33.08,8645176.0,296161625.0,-6.251744348311461,-2.239999999999995,0.053975774280142504,8.093776165224668,160167707.0
2026-01-20,33.81,32.27,33.97,31.94,5643892.0,185133887.0,-3.9297409943435557,-1.3200000000000003,0.03523739026868881,6.04346531705864,160167707.0
2026-01-21,32.52,32.83,32.97,31.63,3886200.0,125933898.0,1.7353579175704903,0.5599999999999952,0.02426331794835522,4.152463588472265,160167707.0
2026-01-22,32.82,36.11,36.11,32.82,9484044.0,338780905.0,9.990862016448364,3.280000000000001,0.05921320956414766,10.021321961620467,160167707.0
2026-01-23,36.8,36.32,37.17,34.74,8357444.0,301421072.0,0.5815563555801706,0.21000000000000085,0.05217933225453493,6.7294378288562715,160167707.0
2026-01-26,36.1,35.22,36.6,34.52,4820964.0,171868086.0,-3.0286343612334843,-1.1000000000000014,0.0300994756702111,5.726872246696031,160167707.0
2026-01-27,35.22,35.38,35.69,33.82,3875232.0,136205326.0,0.4542873367404887,0.1600000000000037,0.024194839725088905,5.309483248154451,160167707.0
2026-01-28,35.02,37.16,37.19,34.69,7194144.0,261807034.0,5.031091011871092,1.779999999999994,0.04491632011688848,7.066139061616732,160167707.0
2026-01-29,36.89,35.37,36.89,35.04,5389600.0,193415769.0,-4.817007534983853,-1.7899999999999991,0.03364972940519152,4.978471474703987,160167707.0
2026-01-30,35.25,36.53,36.99,35.15,5183632.0,189079737.0,3.2796154933559585,1.1600000000000037,0.03236377730000218,5.202148713599105,160167707.0
2026-02-02,35.68,34.61,35.83,34.49,3961302.0,140142925.0,-5.255954010402409,-1.9200000000000017,0.024732213966202312,3.6682179030933377,160167707.0
2026-02-03,35.01,35.65,35.84,34.01,2628480.0,93010647.0,3.0049118751805715,1.0399999999999991,0.016410798713625836,5.287489164981235,160167707.0
2026-02-04,35.69,36.78,37.16,35.69,3774915.0,138902569.0,3.1697054698457405,1.1300000000000026,0.023568514969125456,4.123422159887795,160167707.0
2026-02-05,37.01,37.59,37.89,36.45,3768500.0,140763942.0,2.2022838499184294,0.8100000000000023,0.02352846320013809,3.915171288743876,160167707.0
2026-02-06,37.51,38.95,40.23,36.83,5550368.0,217969010.0,3.617983506251665,1.3599999999999994,0.034653477308006914,9.044958765629152,160167707.0
2026-02-09,38.96,38.98,40.55,38.5,4353040.0,171047074.0,0.07702182284978765,0.02999999999999403,0.027178012856236992,5.2631578947368345,160167707.0
2026-02-10,38.98,37.86,39.78,37.79,4350537.0,169870380.0,-2.8732683427398653,-1.1199999999999974,0.027162385486357746,5.10518214468959,160167707.0
2026-02-11,38.04,35.26,38.04,34.97,7598068.0,278470407.0,-6.867406233491813,-2.6000000000000014,0.047438201759359644,8.108821975699948,160167707.0
2026-02-12,35.1,32.82,35.1,32.69,9408020.0,317808213.0,-6.92002268859897,-2.4399999999999977,0.0587385570800486,6.8349404424276905,160167707.0
2026-02-13,33.1,32.84,33.71,32.42,5489753.0,182553056.0,0.06093845216332827,0.020000000000003126,0.034275030234402995,3.9305301645338178,160167707.0
2026-02-24,33.09,32.79,33.09,31.25,4065208.0,131503473.0,-0.1522533495737055,-0.05000000000000426,0.02538094648504895,5.6029232643118245,160167707.0
2026-02-25,32.77,32.03,32.78,31.82,2713941.0,87506674.0,-2.3177798109179526,-0.759999999999998,0.016944370690154163,2.9277218664226923,160167707.0
2026-02-26,32.12,32.37,33.02,31.75,3219037.0,104770331.0,1.0615048392132342,0.3399999999999963,0.020097915243301824,3.9650327817671025,160167707.0
2026-02-27,32.52,32.05,32.52,31.92,2839904.0,91789591.0,-0.9885696632684571,-0.3200000000000003,0.017730815113685808,1.853568118628364,160167707.0
2026-03-02,31.56,32.2,32.31,30.63,3378900.0,106952600.0,0.46801872074884177,0.15000000000000568,0.02109601281861393,5.241809672386906,160167707.0
2026-03-03,32.19,32.8,32.9,32.14,3547429.0,116141730.0,1.8633540372670732,0.5999999999999943,0.02214821618192986,2.3602484472049623,160167707.0
2026-03-04,32.32,31.7,32.62,31.33,2495600.0,80413396.0,-3.3536585365853577,-1.0999999999999979,0.015581168306292853,3.9329268292682906,160167707.0
2026-03-05,31.71,32.77,33.2,31.71,3085033.0,101125857.0,3.375394321766567,1.0700000000000038,0.019261267191644317,4.7003154574132555,160167707.0
2026-03-06,32.62,33.4,33.98,32.62,3343396.0,112720086.0,1.9224900823924251,0.6299999999999955,0.020874345163722673,4.150137320720169,160167707.0
2026-03-09,32.83,32.5,33.67,32.01,4672500.0,153712590.0,-2.6946107784431073,-0.8999999999999986,0.02917254724761715,4.970059880239532,160167707.0
2026-03-10,32.5,32.15,32.9,31.9,2181300.0,70937078.0,-1.0769230769230864,-0.3500000000000014,0.013618850146865123,3.076923076923077,160167707.0
2026-03-11,32.28,31.73,32.42,31.55,1899900.0,60930149.0,-1.3063763608087031,-0.41999999999999815,0.011861941683413124,2.7060653188180437,160167707.0
2026-03-12,31.94,32.5,33.07,31.46,3276200.0,106598620.0,2.426725496375659,0.7699999999999996,0.020454809907467803,5.074062401512762,160167707.0
2026-03-13,32.5,31.91,32.67,31.84,1916300.0,62045319.0,-1.8153846153846187,-0.5899999999999999,0.011964334358610752,2.55384615384616,160167707.0
2026-03-16,31.59,31.37,31.82,31.13,2188200.0,69094932.0,-1.692259479786895,-0.5399999999999991,0.013661929991917784,2.1623315575054884,160167707.0
2026-03-17,31.37,30.06,31.48,29.82,4300796.0,131730222.0,-4.175964297099144,-1.3100000000000023,0.0268518297511745,5.291679948995856,160167707.0
2026-03-18,29.98,30.21,30.29,29.62,2565300.0,77338045.0,0.4990019960079861,0.15000000000000213,0.016016337175882776,2.2288755821689894,160167707.0
2026-03-19,29.91,29.02,30.1,28.84,2451431.0,72388499.0,-3.939093015557771,-1.1900000000000013,0.015305401106853581,4.170804369414107,160167707.0
2026-03-20,29.49,29.29,30.16,29.07,2740000.0,81738566.0,0.9303928325292921,0.2699999999999996,0.017107068904969713,3.7560303239145414,160167707.0
2026-03-23,29.02,27.2,29.02,26.87,3501099.0,98404747.0,-7.1355411403209335,-2.09,0.021858956874496554,7.340389211334922,160167707.0
2026-03-24,27.75,28.89,29.14,27.61,3939936.0,112585654.0,6.213235294117658,1.6900000000000013,0.024598816289478378,5.625000000000004,160167707.0
2026-03-25,29.81,29.03,29.81,28.58,2692900.0,78132984.0,0.48459674627898686,0.14000000000000057,0.01681300213656677,4.257528556593979,160167707.0
2026-03-26,28.99,29.36,29.63,28.94,2610700.0,77030160.0,1.1367550809507243,0.3299999999999983,0.016299790069417674,2.3768515328969952,160167707.0
2026-03-27,29.27,30.12,30.18,29.15,2484700.0,74775201.0,2.588555858310637,0.7600000000000016,0.015513114638021259,3.508174386920985,160167707.0
2026-03-30,30.06,29.98,30.6,29.71,2375300.0,71853338.0,-0.4648074369189903,-0.14000000000000057,0.014830080572983417,2.9548472775564427,160167707.0
2026-03-31,29.88,30.01,30.35,29.73,2097700.0,63544369.0,0.10006671114075605,0.030000000000001137,0.013096897241589404,2.0680453635757203,160167707.0
2026-04-01,30.22,31.1,31.42,30.22,3159100.0,98425048.0,3.6321226257914008,1.0899999999999999,0.019723701232733513,3.9986671109630216,160167707.0
2026-04-02,31.72,30.23,31.81,30.11,2771700.0,85480208.0,-2.79742765273312,-0.870000000000001,0.017304986453979765,5.466237942122184,160167707.0
2026-04-03,30.23,28.84,30.42,28.81,2136400.0,63029319.0,-4.598081376116447,-1.3900000000000006,0.01333851898123259,5.325835262983801,160167707.0
2026-04-07,28.86,28.1,29.34,28.07,2212740.0,63410810.0,-2.565880721220526,-0.7399999999999984,0.013815144397365944,4.403606102635227,160167707.0
2026-04-08,28.69,28.64,29.04,28.19,2587700.0,74089960.0,1.9217081850533724,0.5399999999999991,0.016156190585908805,3.024911032028462,160167707.0
2026-04-09,28.62,28.36,28.94,27.88,2072288.0,59215590.0,-0.9776536312849249,-0.28000000000000114,0.012938238542679517,3.701117318435762,160167707.0
2026-04-10,28.44,28.55,29.31,28.3,3028800.0,87470334.0,0.6699576868829382,0.19000000000000128,0.01891017894137674,3.561354019746114,160167707.0
2026-04-13,28.39,28.4,29.34,27.87,4068400.0,116669806.0,-0.5253940455341555,-0.15000000000000213,0.02540087559597766,5.148861646234672,160167707.0
2026-04-14,28.45,28.14,28.64,27.42,3103100.0,87097174.0,-0.9154929577464666,-0.259999999999998,0.01937406770766844,4.29577464788732,160167707.0
2026-04-15,28.29,28.14,28.49,27.92,2140026.0,60621716.0,0.0,0.0,0.013361157751980554,2.025586353944551,160167707.0
2026-04-16,28.24,28.03,28.34,27.82,2296576.0,64801806.0,-0.39090262970860046,-0.10999999999999943,0.014338570758211579,1.8479033404406524,160167707.0
2026-04-17,28.03,28.15,28.54,27.26,4225400.0,118509958.0,0.4281127363539028,0.11999999999999744,0.026381098157320815,4.5665358544416605,160167707.0
2026-04-20,28.11,28.18,28.83,27.76,3906600.0,110833928.0,0.1065719360568318,0.030000000000001137,0.024390684446771782,3.8010657193605573,160167707.0
2026-04-21,28.24,27.56,28.3,27.45,3734500.0,103906911.0,-2.200141944641598,-0.620000000000001,0.023316185702777152,3.0163236337828296,160167707.0
2026-04-22,27.32,27.02,27.61,26.55,3991048.0,108137874.0,-1.9593613933236553,-0.5399999999999991,0.024917931802569914,3.8461538461538414,160167707.0
2026-04-23,27.03,26.14,27.49,26.08,3228600.0,86495798.0,-3.2568467801628365,-0.879999999999999,0.02015762141116249,5.218356772760918,160167707.0
2026-04-24,26.25,26.15,26.35,25.85,2014700.0,52759683.0,0.038255547054322214,0.00999999999999801,0.012578690409796527,1.9127773527161436,160167707.0
2026-04-27,26.47,26.6,26.81,24.86,3789970.0,98843393.0,1.7208413001912115,0.45000000000000284,0.023662510196265717,7.456978967495218,160167707.0
2026-04-28,26.49,26.44,27.03,26.16,2482198.0,66081651.0,-0.6015037593984918,-0.16000000000000014,0.015497493511597816,3.2706766917293266,160167707.0
2026-04-29,26.28,27.53,28.11,26.1,4938600.0,135381406.0,4.122541603630858,1.0899999999999999,0.030833930837256725,7.602118003025711,160167707.0
2026-04-30,27.32,28.24,28.32,27.16,3356696.0,93373034.0,2.579004722121314,0.7099999999999973,0.020957383125925627,4.21358517980385,160167707.0
2026-05-06,27.96,28.57,29.14,27.96,4021967.0,115647597.0,1.168555240793201,0.33000000000000185,0.02511097321259647,4.178470254957507,160167707.0
2026-05-07,28.84,29.09,29.3,28.5,3226900.0,93652526.0,1.8200910045502283,0.5199999999999996,0.02014700753629444,2.8001400070003526,160167707.0
2026-05-08,28.98,30.59,31.14,28.74,5674915.0,173870076.0,5.15641113784806,1.5,0.03543108099811905,8.2502578205569,160167707.0
2026-05-11,30.39,30.35,30.97,29.69,3775292.0,115104291.0,-0.784570120954553,-0.23999999999999844,0.02357086875196384,4.184373978424314,160167707.0
2026-05-12,30.37,30.59,31.02,30.08,3065015.0,94002319.0,0.7907742998352507,0.23999999999999844,0.019136285693345162,3.097199341021421,160167707.0
2026-05-13,30.59,30.54,31.05,30.34,3018000.0,93203324.0,-0.1634521085322027,-0.05000000000000071,0.01884274961868562,2.321019941157244,160167707.0
2026-05-14,30.54,30.38,30.87,29.58,3152180.0,95702221.0,-0.5239030779305875,-0.16000000000000014,0.019680496518564756,4.2239685658153325,160167707.0
2026-05-15,30.39,30.3,31.42,30.13,3823202.0,117969057.0,-0.26333113890717463,-0.0799999999999983,0.02386999271956862,4.246214614878219,160167707.0
2026-05-18,30.02,32.81,33.33,30.01,11458553.0,375139967.0,8.283828382838298,2.5100000000000016,0.07154096924169615,10.957095709570947,160167707.0
2026-05-19,32.55,31.74,33.69,30.83,9294396.0,298770079.0,-3.2612008533983605,-1.0700000000000038,0.05802915065769156,8.716854617494665,160167707.0
2026-05-20,31.74,31.04,32.11,30.62,4953848.0,155140704.0,-2.2054190296156295,-0.6999999999999993,0.0309291310513673,4.694391934467544,160167707.0
2026-05-21,31.14,30.41,31.47,30.34,4526153.0,140332462.0,-2.0296391752577247,-0.629999999999999,0.02825883622096182,3.64046391752577,160167707.0
2026-05-22,30.53,30.28,30.93,29.69,2955000.0,89637137.0,-0.42749095692206085,-0.129999999999999,0.01844941190298741,4.077606050641231,160167707.0
2026-05-25,30.23,30.08,30.58,29.75,3125500.0,94470644.0,-0.6605019815059565,-0.20000000000000284,0.01951392111769447,2.741083223249664,160167707.0
2026-05-26,30.08,29.95,30.08,28.92,2860900.0,85345738.0,-0.43218085106382365,-0.129999999999999,0.017861902711761992,3.856382978723393,160167707.0
2026-05-27,29.88,29.15,30.0,28.9,2871448.0,84570589.0,-2.6711185308848084,-0.8000000000000007,0.01792775868359032,3.672787979966616,160167707.0
2026-05-28,29.73,28.29,29.73,28.02,3311848.0,95726902.0,-2.9502572898799317,-0.8599999999999994,0.02067737661999494,5.866209262435681,160167707.0
2026-05-29,28.34,26.85,28.34,26.55,3737500.0,101773365.0,-5.090137857900312,-1.4399999999999977,0.023334916070191353,6.327324142806642,160167707.0
2026-06-01,26.85,28.8,29.54,26.29,5390992.0,153546903.0,7.2625698324022325,1.9499999999999993,0.03365842029567171,12.104283054003725,160167707.0
2026-06-02,29.03,28.5,29.67,28.43,3601600.0,104425418.0,-1.041666666666674,-0.3000000000000007,0.022486430426328075,4.3055555555555625,160167707.0
2026-06-03,28.49,27.69,29.25,27.4,4619780.0,129968504.0,-2.8421052631578902,-0.8099999999999987,0.0288433922575916,6.491228070175444,160167707.0
2026-06-04,27.58,26.97,27.91,26.5,3159500.0,85103127.0,-2.600216684723733,-0.7200000000000024,0.019726198615055406,5.092091007583965,160167707.0
2026-06-05,26.91,26.74,27.66,25.6,3379148.0,89599536.0,-0.8527994067482392,-0.23000000000000043,0.021097561195653505,7.638116425658134,160167707.0
2026-06-08,26.13,26.69,27.56,26.13,3144375.0,84546507.0,-0.18698578908001862,-0.04999999999999716,0.01963176634600881,5.347793567688855,160167707.0
2026-06-09,26.7,26.8,26.98,25.92,2243600.0,59100470.0,0.4121393780442073,0.10999999999999943,0.014007817443500018,3.971524915698758,160167707.0
2026-06-10,27.45,26.9,27.45,26.36,1983900.0,53210306.0,0.3731343283581934,0.09999999999999787,0.012386391971010735,4.067164179104477,160167707.0
2026-06-11,26.7,26.36,27.28,25.9,2603000.0,68869955.0,-2.007434944237918,-0.5399999999999991,0.01625171545972123,5.130111524163579,160167707.0
2026-06-12,26.23,26.03,26.55,25.7,1754092.0,45808077.0,-1.251896813353559,-0.3299999999999983,0.010951595879436546,3.224582701062221,160167707.0
2026-06-15,25.85,26.46,26.5,25.85,1688600.0,44421529.0,1.65194006915097,0.4299999999999997,0.010542699471872941,2.4971187091817075,160167707.0
2026-06-16,27.52,26.27,27.52,26.01,2763600.0,73243417.0,-0.7180650037792891,-0.19000000000000128,0.017254414461961423,5.706727135298556,160167707.0
2026-06-17,26.43,26.25,26.6,25.81,2019391.0,52814622.0,-0.07613247049866878,-0.019999999999999574,0.012607978460976532,3.007232584697384,160167707.0
2026-06-18,26.29,28.61,28.85,26.0,5828800.0,161872377.0,8.990476190476194,2.3599999999999994,0.036391855194630465,10.857142857142863,160167707.0
2026-06-22,28.61,25.97,28.61,25.85,6159452.0,163849800.0,-9.227542817196788,-2.6400000000000006,0.0384562663433772,9.646976581614814,160167707.0
2026-06-23,25.86,27.0,27.59,25.86,3707636.0,99356954.0,3.9661147477859204,1.0300000000000011,0.023148461506038793,6.661532537543321,160167707.0
