date,open,close,high,low,volume,amount,pct_chg,change,turnover,amplitude,outstanding_share
2023-06-26,10.03,10.01,10.19,9.99,2181653.0,31245333.0,,,0.007249629665938927,,300933027.0
2023-06-27,10.02,10.24,10.27,9.99,2480980.0,35918474.0,2.2977022977022976,0.23000000000000043,0.008244292840612672,2.797202797202791,300933027.0
2023-06-28,10.24,10.2,10.27,10.01,2221980.0,32015145.0,-0.3906250000000111,-0.040000000000000924,0.007370845820497251,2.539062499999998,301455227.0
2023-06-29,10.14,10.36,10.41,10.14,2899361.0,42601006.0,1.5686274509803866,0.16000000000000014,0.009617882658242977,2.6470588235294077,301455227.0
2023-06-30,10.33,10.52,10.58,10.31,3681094.0,54941597.0,1.5444015444015413,0.16000000000000014,0.012204179413936983,2.6061776061776025,301625687.0
2023-07-03,10.65,10.56,10.76,10.52,3792208.0,57126932.0,0.38022813688214363,0.040000000000000924,0.012572563158389094,2.281368821292778,301625687.0
2023-07-04,10.66,10.67,10.75,10.58,2954500.0,44720909.0,1.0416666666666519,0.10999999999999943,0.009795253280268534,1.6098484848484842,301625687.0
2023-07-05,10.68,10.98,11.1,10.58,9009475.0,140427050.0,2.9053420805998265,0.3100000000000005,0.02986972061169313,4.873477038425488,301625687.0
2023-07-06,11.17,11.4,11.64,11.05,15717019.0,254115942.0,3.825136612021862,0.41999999999999993,0.05210769399756063,5.373406193078322,301625687.0
2023-07-07,11.26,11.05,11.33,11.0,8556565.0,134990296.0,-3.0701754385964897,-0.34999999999999964,0.028368157517035343,2.8947368421052637,301625687.0
2023-07-10,11.03,11.08,11.21,10.98,4870980.0,76604352.0,0.2714932126696823,0.02999999999999936,0.016149088787653552,2.0814479638009087,301625687.0
2023-07-11,11.09,11.1,11.15,10.98,3486200.0,54894097.0,0.18050541516245744,0.019999999999999574,0.011558034180291813,1.5342960288808658,301625687.0
2023-07-12,11.05,10.99,11.15,10.96,3748420.0,58830037.0,-0.9909909909909809,-0.10999999999999943,0.012427389846276587,1.7117117117117073,301625687.0
2023-07-13,11.07,11.15,11.17,11.02,3924796.0,61966394.0,1.455868971792551,0.16000000000000014,0.01301214110454724,1.3648771610555084,301625687.0
2023-07-14,11.14,11.15,11.25,10.98,6848274.0,76796884.0,0.0,0.0,0.016217532173901008,2.421524663677126,422275962.0
2023-07-17,11.17,10.99,11.17,10.91,5995985.0,66521634.0,-1.4349775784753382,-0.16000000000000014,0.014199209852252969,2.3318385650224194,422275962.0
2023-07-18,11.01,11.04,11.11,10.93,4101592.0,45586858.0,0.45495905368515555,0.049999999999998934,0.009713060579091168,1.6378525932666033,422275962.0
2023-07-19,11.05,10.85,11.06,10.79,4499894.0,49348857.0,-1.7210144927536142,-0.1899999999999995,0.010656287368779944,2.445652173913056,422275962.0
2023-07-20,10.88,10.67,10.9,10.61,3839503.0,41699661.0,-1.6589861751152069,-0.17999999999999972,0.009092402470212122,2.672811059907843,422275962.0
2023-07-21,10.61,10.62,10.76,10.54,3546664.0,38110735.0,-0.46860356138707093,-0.05000000000000071,0.008398924682338419,2.061855670103099,422275962.0
2023-07-24,10.67,10.57,10.76,10.53,2793501.0,29985664.0,-0.47080979284368496,-0.049999999999998934,0.006615344588333447,2.1657250470809837,422275962.0
2023-07-25,10.7,10.77,10.9,10.61,4516607.0,49026631.0,1.8921475875118166,0.1999999999999993,0.010695865752358407,2.743614001892156,422275962.0
2023-07-26,10.81,10.55,10.82,10.49,3514456.0,37527654.0,-2.042711234911787,-0.21999999999999886,0.008322652284905576,3.064066852367689,422275962.0
2023-07-27,10.55,10.47,10.66,10.43,2789968.0,29668771.0,-0.758293838862556,-0.08000000000000007,0.0066069780216378975,2.1800947867298617,422275962.0
2023-07-28,10.51,10.55,10.64,10.37,3725770.0,39575506.0,0.764087870105068,0.08000000000000007,0.00882306911895686,2.5787965616045976,422275962.0
2023-07-31,10.54,10.79,10.79,10.46,6115667.0,66104257.0,2.274881516587657,0.23999999999999844,0.0144826311472591,3.1279620853080408,422275962.0
2023-08-01,10.8,10.76,10.8,10.63,4194054.0,45306537.0,-0.278035217794248,-0.02999999999999936,0.009932021657439265,1.5755329008341052,422275962.0
2023-08-02,10.81,10.86,10.91,10.71,4973759.0,54336848.0,0.9293680297397744,0.09999999999999964,0.011778456382984926,1.8587360594795475,422275962.0
2023-08-03,10.8,10.8,10.86,10.66,4108496.0,44538638.0,-0.5524861878452914,-0.05999999999999872,0.009729410077100245,1.8416206261510064,422275962.0
2023-08-04,10.72,10.81,10.89,10.72,3689594.0,40258359.0,0.09259259259259967,0.009999999999999787,0.008737400022784152,1.5740740740740733,422275962.0
2023-08-07,10.82,10.82,10.93,10.77,3667068.0,40111647.0,0.09250693802034249,0.009999999999999787,0.008684055759726148,1.4801110083256257,422275962.0
2023-08-08,10.83,10.73,10.83,10.66,2341472.0,25335394.0,-0.8317929759704246,-0.08999999999999986,0.005544885834633419,1.571164510166358,422275962.0
2023-08-09,10.71,10.71,10.81,10.56,2288028.0,24733256.0,-0.18639328984155767,-0.019999999999999574,0.005418324048480884,2.3299161230195713,422275962.0
2023-08-10,10.71,10.63,10.76,10.58,2537724.0,27235707.0,-0.7469654528478031,-0.08000000000000007,0.006009634050635352,1.6806722689075602,422275962.0
2023-08-11,10.61,10.41,10.7,10.39,3150777.0,33398173.0,-2.069614299153344,-0.22000000000000064,0.00746141690158532,2.916274694261512,422275962.0
2023-08-14,10.31,10.13,10.46,9.94,4980680.0,50815951.0,-2.6897214217098897,-0.27999999999999936,0.011794846139027919,4.995196926032674,422275962.0
2023-08-15,10.12,10.03,10.23,9.99,2717725.0,27602915.0,-0.9871668311944859,-0.10000000000000142,0.0064358979543334745,2.369200394866734,422275962.0
2023-08-16,10.03,9.98,10.12,9.97,2442780.0,24714812.0,-0.49850448654036317,-0.049999999999998934,0.005784795299335556,1.4955134596211224,422275962.0
2023-08-17,9.95,10.17,10.17,9.88,3235790.0,32866727.0,1.9038076152304573,0.1899999999999995,0.0076627378567193935,2.9058116232464846,422275962.0
2023-08-18,10.15,9.78,10.23,9.77,5736121.0,57630159.0,-3.8348082595870303,-0.39000000000000057,0.013583820809577601,4.523107177974444,422275962.0
2023-08-21,9.77,9.56,9.88,9.56,4599816.0,44968218.0,-2.249488752556228,-0.21999999999999886,0.010892914619658127,3.2719836400818028,422275962.0
2023-08-22,9.62,9.63,9.74,9.45,3298692.0,31800259.0,0.7322175732217495,0.07000000000000028,0.007811697318446936,3.03347280334729,422275962.0
2023-08-23,9.62,9.48,9.65,9.45,2398815.0,23028117.0,-1.5576323987538943,-0.15000000000000036,0.005680680919270513,2.0768431983385365,422275962.0
2023-08-24,9.46,9.46,9.6,9.4,2593978.0,24851836.0,-0.21097046413501852,-0.019999999999999574,0.006142850252982195,2.1097046413502034,422275962.0
2023-08-25,9.42,9.32,9.51,9.28,2920124.0,27591835.0,-1.4799154334038112,-0.14000000000000057,0.006915203001775412,2.4312896405919706,422275962.0
2023-08-28,9.82,9.33,9.87,9.31,4934632.0,47466500.0,0.10729613733906351,0.009999999999999787,0.011685798965748374,6.008583690987111,422275962.0
2023-08-29,9.34,9.6,9.64,9.3,3170018.0,30374658.0,2.893890675241151,0.2699999999999996,0.007506981891619017,3.644158628081456,422275962.0
2023-08-30,9.61,9.64,9.79,9.56,3463879.0,33798232.0,0.4166666666666874,0.040000000000000924,0.008202879897766949,2.3958333333333193,422275962.0
2023-08-31,9.61,9.58,9.67,9.55,1817816.0,17579329.0,-0.6224066390041583,-0.0600000000000005,0.004304805775328505,1.2448132780082906,422275962.0
2023-09-01,9.65,9.65,9.74,9.58,2474101.0,24113637.0,0.7306889352818313,0.07000000000000028,0.005858967174645854,1.670146137787058,422275962.0
2023-09-04,9.66,9.91,9.94,9.62,4343356.0,43034697.0,2.694300518134707,0.2599999999999998,0.010285586656244478,3.3160621761658056,422275962.0
2023-09-05,9.87,10.18,10.32,9.85,7263293.0,74213094.0,2.724520686175569,0.2699999999999996,0.017200346819646817,4.7426841574167575,422275962.0
2023-09-06,10.12,10.49,10.52,10.05,7321000.0,76086295.0,3.045186640471509,0.3100000000000005,0.017337003899833635,4.61689587426325,422275962.0
2023-09-07,10.46,10.5,10.89,10.42,12452230.0,133247199.0,0.09532888465204614,0.009999999999999787,0.02948837045098011,4.480457578646336,422275962.0
2023-09-08,10.53,10.77,10.83,10.47,9444274.0,101675596.0,2.571428571428558,0.2699999999999996,0.022365170764799536,3.428571428571423,422275962.0
2023-09-11,10.71,10.49,10.83,10.33,11612500.0,123189033.0,-2.599814298978642,-0.27999999999999936,0.027499789343917235,4.642525533890437,422275962.0
2023-09-12,10.56,10.41,10.6,10.38,5179278.0,54472727.0,-0.7626310772164024,-0.08000000000000007,0.012265149963710224,2.0972354623450795,422275962.0
2023-09-13,10.44,10.25,10.52,10.18,4229948.0,43925004.0,-1.5369836695485084,-0.16000000000000014,0.010017022943872899,3.2660902977905844,422275962.0
2023-09-14,10.29,10.15,10.29,10.04,4016467.0,41026345.0,-0.9756097560975618,-0.09999999999999964,0.009511474394557178,2.4390243902439024,422275962.0
2023-09-15,10.16,10.24,10.41,10.13,3557285.0,36734691.0,0.8866995073891548,0.08999999999999986,0.008424076481057191,2.758620689655166,422275962.0
2023-09-18,10.18,10.22,10.36,10.06,2812527.0,29068398.0,-0.1953125,-0.019999999999999574,0.006660400432644092,2.92968749999999,422275962.0
2023-09-19,10.22,9.95,10.22,9.92,3102029.0,31343501.0,-2.6418786692759433,-0.27000000000000135,0.007345975805272098,2.9354207436399284,422275962.0
2023-09-20,9.98,9.95,10.06,9.93,3464925.0,34863786.0,0.0,0.0,0.008205356950912589,1.3065326633165908,422275962.0
2023-09-21,9.92,9.83,9.97,9.81,2609080.0,25959665.0,-1.2060301507537563,-0.11999999999999922,0.00617861359581723,1.6080402010050268,422275962.0
2023-09-22,9.84,9.98,10.0,9.76,2529360.0,25216125.0,1.5259409969481164,0.15000000000000036,0.005989827097948805,2.4415055951169906,422275962.0
2023-09-25,9.97,9.93,9.98,9.82,2015412.0,20117757.0,-0.5010020040080221,-0.05000000000000071,0.0047727367441294235,1.6032064128256525,422275962.0
2023-09-26,9.86,9.83,9.93,9.81,2083240.0,20692306.0,-1.0070493454179208,-0.09999999999999964,0.004933361563213963,1.2084592145015027,422275962.0
2023-09-27,9.83,9.95,10.08,9.77,2735008.0,27474298.0,1.2207527975584886,0.11999999999999922,0.0064768261661079345,3.1536113936927825,422275962.0
2023-09-28,10.01,9.99,10.06,9.92,2186224.0,22006573.0,0.4020100502512669,0.040000000000000924,0.005176249306682141,1.4070351758794029,422356782.0
2023-10-09,9.99,9.97,10.04,9.84,2747700.0,27549888.0,-0.2002002002001957,-0.019999999999999574,0.00650563721739882,2.0020020020019946,422356782.0
2023-10-10,9.95,9.97,10.13,9.93,2690820.0,27168460.0,0.0,0.0,0.0063709643473891225,2.006018054162498,422356782.0
2023-10-11,9.97,10.08,10.22,9.91,4345124.0,44204943.0,1.1033099297893534,0.10999999999999943,0.01028780449416342,3.1093279839518604,422356782.0
2023-10-12,10.15,10.19,10.23,10.05,2560290.0,26225263.0,1.0912698412698374,0.10999999999999943,0.006061912840315182,1.785714285714283,422356782.0
2023-10-13,10.16,10.05,10.16,10.01,2751192.0,27948069.0,-1.3738959764474812,-0.1399999999999988,0.006513905108785491,1.472031403336608,422356782.0
2023-10-16,10.03,9.81,10.11,9.73,3825538.0,38073430.0,-2.3880597014925398,-0.2400000000000002,0.009057598132755923,3.781094527363174,422356782.0
2023-10-17,9.85,9.78,9.85,9.71,2088459.0,20618917.0,-0.3058103975535298,-0.030000000000001137,0.004944774392186746,1.4271151885830662,422356782.0
2023-10-18,9.78,9.62,9.8,9.6,2355206.0,22936086.0,-1.6359918200409052,-0.16000000000000014,0.005576342325669107,2.0449897750511354,422356782.0
2023-10-19,9.61,9.54,9.76,9.5,2636156.0,25534843.0,-0.8316008316008316,-0.08000000000000007,0.006241538226323545,2.702702702702701,422356782.0
2023-10-20,9.49,9.48,9.66,9.45,2327400.0,22372718.0,-0.6289308176100517,-0.05999999999999872,0.00551050699121957,2.2012578616352294,422356782.0
2023-10-23,9.52,9.14,9.52,9.1,3192277.0,29759381.0,-3.5864978902953593,-0.33999999999999986,0.007558247282980767,4.430379746835443,422356782.0
2023-10-24,9.16,9.41,9.45,9.15,3211228.0,30290438.0,2.9540481400437635,0.2699999999999996,0.007603116930652246,3.282275711159725,422356782.0
2023-10-25,9.47,9.52,9.61,9.43,2525104.0,24293805.0,1.1689691817215575,0.10999999999999943,0.005978604127161855,1.9128586609989344,422356782.0
2023-10-26,9.52,9.54,9.55,9.33,2315820.0,22046719.0,0.21008403361344463,0.019999999999999574,0.005483089413253461,2.310924369747906,422356782.0
2023-10-27,9.55,9.64,9.65,9.38,2920640.0,28200611.0,1.048218029350112,0.10000000000000142,0.0069151014603572765,2.830188679245279,422356782.0
2023-10-30,9.43,8.98,9.48,8.85,14771404.0,134924106.0,-6.846473029045641,-0.6600000000000001,0.03497375827624333,6.5352697095435754,422356782.0
2023-10-31,8.93,9.03,9.05,8.9,4931750.0,44778078.0,0.556792873051215,0.049999999999998934,0.011676739217129464,1.670378619153679,422356782.0
2023-11-01,8.98,9.08,9.13,8.98,4184888.0,38272505.0,0.5537098560354448,0.05000000000000071,0.00990841908630699,1.6611295681063163,422356782.0
2023-11-02,9.08,8.95,9.15,8.93,2994598.0,27246559.0,-1.4317180616740144,-0.13000000000000078,0.007090209338700758,2.422907488986791,422356782.0
2023-11-03,8.99,9.08,9.13,8.97,2680772.0,24547920.0,1.452513966480451,0.13000000000000078,0.0063471740344872695,1.7877094972067056,422356782.0
2023-11-06,9.19,9.31,9.32,9.12,3816830.0,35554721.0,2.5330396475770955,0.23000000000000043,0.009036980492952047,2.202643171806179,422356782.0
2023-11-07,9.31,9.33,9.38,9.22,2801722.0,26279973.0,0.21482277121374072,0.019999999999999574,0.006633543296577158,1.7185821697099906,422356782.0
2023-11-08,9.29,9.3,9.34,9.17,3419132.0,31958949.0,-0.3215434083601254,-0.02999999999999936,0.008095364264803022,1.822079314040728,422356782.0
2023-11-09,9.3,9.34,9.39,9.25,3662796.0,34471955.0,0.4301075268817067,0.03999999999999915,0.008672279352672974,1.5053763440860275,422356782.0
2023-11-10,9.29,9.26,9.34,9.23,2261991.0,21148898.0,-0.8565310492505307,-0.08000000000000007,0.005355640293707891,1.17773019271948,422356782.0
2023-11-13,9.27,9.36,9.39,9.23,2938830.0,27596005.0,1.0799136069114423,0.09999999999999964,0.0069581693138290835,1.7278617710583168,422356782.0
2023-11-14,9.39,9.31,9.41,9.27,2980096.0,28024946.0,-0.5341880341880212,-0.049999999999998934,0.007055873439247864,1.495726495726502,422356782.0
2023-11-15,9.35,9.42,9.45,9.34,3278799.0,31068327.0,1.1815252416756072,0.10999999999999943,0.0077631025231175285,1.1815252416756115,422356782.0
2023-11-16,9.39,9.32,9.42,9.31,2635806.0,24896042.0,-1.0615711252653925,-0.09999999999999964,0.006240709543051685,1.167728237791926,422356782.0
2023-11-17,9.28,9.61,9.62,9.27,6115619.0,58647119.0,3.11158798283262,0.28999999999999915,0.014479746178196803,3.755364806866949,422356782.0
2023-11-20,9.65,10.57,10.57,9.57,12599659.0,129821548.0,9.989594172736748,0.9600000000000009,0.02983179041268479,10.405827263267431,422356782.0
2023-11-21,10.9,11.63,11.63,10.88,20368243.0,236061991.0,10.02838221381268,1.0600000000000005,0.0482252064322244,7.095553453169347,422356782.0
2023-11-22,12.79,12.79,12.79,12.79,13187839.0,170123123.0,9.974204643164208,1.1599999999999984,0.031224404489377893,0.0,422356782.0
2023-11-23,12.81,11.51,13.77,11.51,65178251.0,814421057.0,-10.007818608287721,-1.2799999999999994,0.15432036083654033,17.670054730258013,422356782.0
2023-11-24,10.41,10.38,10.9,10.38,48370494.0,514143830.0,-9.817549956559501,-1.129999999999999,0.11452519779829178,4.51781059947871,422356782.0
2023-11-27,10.36,10.33,10.48,10.11,21374435.0,221396121.0,-0.4816955684007751,-0.05000000000000071,0.05060753351416528,3.5645472061657126,422356782.0
2023-11-28,10.24,10.66,10.7,10.21,23814241.0,253488766.0,3.19457889641821,0.33000000000000007,0.056384180424975394,4.743465634075493,422356782.0
2023-11-29,10.71,10.46,10.71,10.38,15693309.0,167078029.0,-1.8761726078799223,-0.1999999999999993,0.037156521852654896,3.095684803001877,422356782.0
2023-11-30,10.55,10.36,10.66,10.31,14042996.0,148300229.0,-0.9560229445506829,-0.10000000000000142,0.03324913106284629,3.3460803059273387,422356782.0
2023-12-01,10.39,10.5,10.51,10.32,11034723.0,116001972.0,1.3513513513513598,0.14000000000000057,0.026126543884880723,1.8339768339768292,422356782.0
2023-12-04,10.54,10.6,10.69,10.47,11584677.0,123748699.0,0.952380952380949,0.09999999999999964,0.027428651542287772,2.0952380952380842,422356782.0
2023-12-05,10.48,10.51,10.73,10.45,11507434.0,122688385.0,-0.8490566037735792,-0.08999999999999986,0.027245765879521263,2.641509433962275,422356782.0
2023-12-06,10.5,10.84,10.95,10.45,20984676.0,228046296.0,3.1398667935299773,0.33000000000000007,0.04968471419028853,4.757373929590866,422356782.0
2023-12-07,10.8,10.58,10.8,10.49,13346609.0,142177061.0,-2.398523985239853,-0.2599999999999998,0.03160031889815847,2.8597785977859824,422356782.0
2023-12-08,10.54,10.3,10.61,10.26,13268004.0,139207177.0,-2.6465028355387443,-0.27999999999999936,0.03141420847363119,3.3081285444234374,422356782.0
2023-12-11,10.34,10.47,10.48,10.11,7691967.0,80250692.0,1.650485436893212,0.16999999999999993,0.018212012515996488,3.5922330097087474,422356782.0
2023-12-12,10.42,10.51,10.55,10.4,6988859.0,73880202.0,0.3820439350525229,0.03999999999999915,0.01654728726482247,1.4326647564469948,422356782.0
2023-12-13,10.49,10.37,10.51,10.36,5444291.0,57311778.0,-1.3320647002854513,-0.14000000000000057,0.012890265368107667,1.4272121788772631,422356782.0
2023-12-14,10.36,10.31,10.5,10.27,5465241.0,57160882.0,-0.5785920925747257,-0.05999999999999872,0.012939867981094713,2.217936354869821,422356782.0
2023-12-15,10.31,10.32,10.47,10.29,5526455.0,57898391.0,0.09699321047527132,0.009999999999999787,0.013084802317676527,1.7458777885548153,422356782.0
2023-12-18,10.27,10.16,10.36,10.11,5801740.0,59755853.0,-1.5503875968992276,-0.16000000000000014,0.01373658538765929,2.4224806201550386,422356782.0
2023-12-19,10.15,10.09,10.18,9.96,5058630.0,51328095.0,-0.6889763779527547,-0.07000000000000028,0.011977148741511153,2.1653543307086505,422356782.0
2023-12-20,10.09,10.03,10.22,9.99,3748468.0,38249789.0,-0.594648166501488,-0.0600000000000005,0.00887512207629236,2.279484638255703,422356782.0
2023-12-21,10.21,10.24,10.29,9.86,6962488.0,70927923.0,2.0937188434696052,0.21000000000000085,0.016484849531787558,4.287138584247256,422356782.0
2023-12-22,10.21,10.11,10.29,10.04,5302023.0,54285471.0,-1.269531250000011,-0.13000000000000078,0.012553422191762035,2.44140625,422356782.0
2023-12-25,10.11,10.07,10.14,9.99,3924496.0,39867210.0,-0.39564787339266827,-0.03999999999999915,0.009291897673375113,1.4836795252225554,422356782.0
2023-12-26,10.22,10.6,10.84,10.14,24531532.0,259860349.0,5.263157894736836,0.5299999999999994,0.058082486289991665,6.951340615690162,422356782.0
2023-12-27,10.53,10.66,10.82,10.47,21015181.0,225901380.0,0.5660377358490676,0.0600000000000005,0.049756939856597356,3.3018867924528266,422356782.0
2023-12-28,10.61,10.82,10.9,10.57,20818062.0,226735504.0,1.5009380863039379,0.16000000000000014,0.04929022780555232,3.095684803001877,422356782.0
2023-12-29,10.8,10.89,10.97,10.63,16578194.0,180539991.0,0.6469500924214389,0.07000000000000028,0.039229262159881866,3.142329020332716,422597650.0
2024-01-02,10.92,10.95,11.08,10.83,12503369.0,137794851.0,0.550964187327807,0.05999999999999872,0.029586934522707355,2.295684113865932,422597650.0
2024-01-03,10.91,10.78,11.03,10.69,12555781.0,137123759.0,-1.5525114155251152,-0.16999999999999993,0.029710957928895252,3.1050228310502272,422597650.0
2024-01-04,10.76,10.75,10.86,10.67,7408447.0,80391621.0,-0.2782931354359919,-0.02999999999999936,0.01753073402088251,1.762523191094615,422597650.0
2024-01-05,11.33,11.43,11.82,11.03,47059252.0,547559898.0,6.325581395348845,0.6799999999999997,0.11135710764127534,7.348837209302333,422597650.0
2024-01-08,11.26,11.78,12.32,11.2,42782435.0,506663681.0,3.062117235345574,0.34999999999999964,0.10123680290224046,9.79877515310587,422597650.0
2024-01-09,11.4,11.16,11.6,10.97,28909133.0,328891191.0,-5.263157894736836,-0.6199999999999992,0.06840817264364817,5.348047538200332,422597650.0
2024-01-10,10.98,11.17,11.5,10.69,23869618.0,267174302.0,0.08960573476701761,0.009999999999999787,0.056483082667402436,7.258064516129037,422597650.0
2024-01-11,10.9,11.18,11.32,10.83,17240835.0,192725672.0,0.08952551477170445,0.009999999999999787,0.04079728081781808,4.386750223813789,422597650.0
2024-01-12,11.15,11.73,12.3,11.0,38668398.0,460784722.0,4.919499105545633,0.5500000000000007,0.09150168724317326,11.627906976744192,422597650.0
2024-01-15,11.9,12.06,12.34,11.72,33471807.0,405734436.0,2.813299232736566,0.33000000000000007,0.07920490565908259,5.285592497868706,422597650.0
2024-01-16,11.92,11.75,12.06,11.56,22402780.0,265473904.0,-2.570480928689889,-0.3100000000000005,0.05301207898340182,4.1459369817578775,422597650.0
2024-01-17,11.59,11.0,11.63,10.95,18284785.0,207436698.0,-6.382978723404253,-0.75,0.043267597441680045,5.787234042553204,422597650.0
2024-01-18,10.71,11.38,11.38,10.41,19361975.0,212521402.0,3.4545454545454657,0.3800000000000008,0.045816570442358116,8.818181818181824,422597650.0
2024-01-19,11.21,10.77,11.25,10.76,13525061.0,149461006.0,-5.360281195079097,-0.6100000000000012,0.03200458166296003,4.305799648506152,422597650.0
2024-01-22,10.75,11.85,11.85,10.45,40676141.0,473865268.0,10.027855153203348,1.08,0.09625264361976457,12.999071494893224,422597650.0
2024-01-23,11.85,12.2,12.79,11.67,54006339.0,657356499.0,2.9535864978902815,0.34999999999999964,0.12779611765470064,9.45147679324894,422597650.0
2024-01-24,11.88,12.84,13.09,11.86,48001847.0,598772890.0,5.245901639344264,0.6400000000000006,0.11358758620640697,10.081967213114758,422597650.0
2024-01-25,12.38,12.3,12.49,11.92,36757412.0,451809945.0,-4.2056074766355085,-0.5399999999999991,0.08697968859978279,4.4392523364486,422597650.0
2024-01-26,12.07,12.04,12.57,11.9,27358159.0,336953115.0,-2.1138211382113914,-0.26000000000000156,0.06473807651320351,5.447154471544715,422597650.0
2024-01-29,12.22,11.18,12.32,11.05,24837073.0,288700575.0,-7.14285714285714,-0.8599999999999994,0.0587723878729567,10.54817275747508,422597650.0
2024-01-30,11.16,11.26,11.67,10.61,17294050.0,194105740.0,0.7155635062611854,0.08000000000000007,0.0409232043765506,9.481216457960649,422597650.0
2024-01-31,11.0,10.13,11.24,10.13,20393027.0,219833574.0,-10.035523978685601,-1.129999999999999,0.048256366309656476,9.857904085257543,422597650.0
2024-02-01,9.61,9.75,10.17,9.37,16563382.0,163682752.0,-3.751233958539002,-0.3800000000000008,0.03919421227259546,7.8973346495557815,422597650.0
2024-02-02,9.75,8.98,9.93,8.78,21273199.0,197890124.0,-7.897435897435889,-0.7699999999999996,0.0503391322691927,11.7948717948718,422597650.0
2024-02-05,8.96,8.09,8.96,8.08,15294863.0,127934479.0,-9.910913140311806,-0.8900000000000006,0.03619249420814337,9.799554565701566,422597650.0
2024-02-06,7.93,8.5,8.8,7.59,13010060.0,108148925.0,5.067985166872679,0.41000000000000014,0.03078592604573168,14.956736711990121,422597650.0
2024-02-07,8.78,8.86,9.1,8.59,12148597.0,108892878.0,4.235294117647048,0.35999999999999943,0.02874743151079993,5.999999999999997,422597650.0
2024-02-08,8.75,9.3,9.34,8.69,10856426.0,99282924.0,4.966139954853288,0.4400000000000013,0.02568974531685162,7.3363431151241585,422597650.0
2024-02-19,9.32,9.4,9.59,9.31,9543493.0,90571910.0,1.0752688172043001,0.09999999999999964,0.022582929649514142,3.010752688172036,422597650.0
2024-02-20,9.32,9.54,9.72,9.08,9420115.0,89476400.0,1.4893617021276562,0.1399999999999988,0.022290978191667653,6.808510638297878,422597650.0
2024-02-21,9.35,9.6,9.85,9.35,9462689.0,92637993.0,0.6289308176100628,0.0600000000000005,0.022391721771287655,5.241090146750524,422597650.0
2024-02-22,9.6,9.73,9.77,9.48,10236445.0,99537381.0,1.3541666666666785,0.13000000000000078,0.024222673741796718,3.0208333333333246,422597650.0
2024-02-23,9.73,10.33,10.57,9.61,17845689.0,180790860.0,6.166495375128456,0.5999999999999996,0.04222855711573408,9.866392600205558,422597650.0
2024-02-26,10.31,10.51,10.68,10.21,15679842.0,165847761.0,1.742497579864466,0.17999999999999972,0.03710347655742998,4.549854791868333,422597650.0
2024-02-27,10.44,10.78,10.8,10.37,10275172.0,110647906.0,2.5689819219790744,0.2699999999999996,0.02431431409994826,4.091341579448159,422597650.0
2024-02-28,10.77,10.12,11.12,10.11,16154311.0,173134483.0,-6.1224489795918435,-0.6600000000000001,0.03822622061433612,9.369202226345081,422597650.0
2024-02-29,10.06,10.44,10.49,9.99,11066190.0,114959058.0,3.1620553359683834,0.3200000000000003,0.02618611343437428,4.940711462450594,422597650.0
2024-03-01,10.48,10.6,10.75,10.46,8475279.0,90713256.0,1.5325670498084198,0.16000000000000014,0.020055196710156813,2.7777777777777697,422597650.0
2024-03-04,10.65,10.56,10.69,10.36,6969112.0,73995815.0,-0.37735849056602655,-0.03999999999999915,0.016491128145175442,3.113207547169812,422597650.0
2024-03-05,10.56,10.38,10.57,10.31,5635543.0,59134633.0,-1.7045454545454475,-0.17999999999999972,0.013335481160389793,2.46212121212121,422597650.0
2024-03-06,10.31,10.63,10.79,10.31,9533927.0,102304302.0,2.4084778420038644,0.25,0.02256029346116809,4.624277456647386,422597650.0
2024-03-07,10.67,10.66,10.93,10.63,9671204.0,104909774.0,0.2822201317027151,0.02999999999999936,0.02288513435888723,2.822201317027271,422597650.0
2024-03-08,10.67,10.96,10.97,10.64,10636940.0,116663056.0,2.8142589118199,0.3000000000000007,0.025170371865532143,3.095684803001877,422597650.0
2024-03-11,11.02,11.2,11.29,10.9,13354049.0,150020846.0,2.1897810218977964,0.23999999999999844,0.03159991306151371,3.5583941605839304,422597650.0
2024-03-12,11.13,11.02,11.16,10.86,11518262.0,128004933.0,-1.6071428571428514,-0.17999999999999972,0.02725585908960923,2.678571428571435,422597650.0
2024-03-13,10.97,11.18,11.4,10.91,10403787.0,116983330.0,1.4519056261343088,0.16000000000000014,0.024618657959882172,4.4464609800363,422597650.0
2024-03-14,10.99,10.97,11.13,10.76,10277691.0,113387971.0,-1.878354203935595,-0.20999999999999908,0.02432027485245126,3.3094812164579697,422597650.0
2024-03-15,10.92,11.19,11.2,10.87,8444494.0,94505507.0,2.0054694621695512,0.21999999999999886,0.019982349641556218,3.0082041932543304,422597650.0
2024-03-18,11.2,11.12,11.21,10.99,9350128.0,104679070.0,-0.6255585344057235,-0.07000000000000028,0.02212536676434429,1.9660411081322666,422597650.0
2024-03-19,11.15,11.13,11.24,11.08,6596221.0,74220729.0,0.08992805755396738,0.010000000000001563,0.015608749835688863,1.4388489208633108,422597650.0
2024-03-20,11.13,11.14,11.18,11.05,5970223.0,66978813.0,0.08984725965857088,0.009999999999999787,0.014127440131292732,1.1680143755615364,422597650.0
2024-03-21,11.14,11.02,11.21,10.98,5852388.0,65466501.0,-1.0771992818671583,-0.120000000000001,0.013848605168533238,2.064631956912032,422597650.0
2024-03-22,11.01,10.64,11.07,10.61,10584662.0,114878550.0,-3.4482758620689613,-0.379999999999999,0.025046665545821186,4.174228675136124,422597650.0
2024-03-25,10.59,10.94,11.6,10.38,18279236.0,202381297.0,2.819548872180433,0.29999999999999893,0.0432544667486911,11.466165413533822,422597650.0
2024-03-26,10.93,12.03,12.03,10.9,31737336.0,370676130.0,9.963436928702007,1.0899999999999999,0.07510059745954574,10.329067641681892,422597650.0
2024-03-27,13.18,12.22,13.23,12.12,59149133.0,768460567.0,1.5793848711554537,0.19000000000000128,0.13996559848356943,9.226932668329187,422597650.0
2024-03-28,11.78,13.44,13.44,11.78,55637851.0,716813911.0,9.983633387888702,1.2199999999999989,0.13165679222305188,13.584288052373159,422597650.0
2024-03-29,13.53,14.79,14.79,13.44,54916683.0,793662354.0,10.044642857142861,1.3499999999999996,0.12991858547607105,10.044642857142854,422700746.0
2024-04-01,15.85,16.27,16.27,15.5,16654926.0,269628184.0,10.006761325219738,1.4800000000000004,0.03940122215918682,5.206220419202161,422700746.0
2024-04-02,17.89,17.89,17.89,17.89,3499629.0,63168303.0,9.956976029502162,1.620000000000001,0.00827921179017744,0.0,422700746.0
2024-04-03,19.69,19.69,19.69,17.17,89789732.0,1723041780.0,10.061486864169922,1.8000000000000007,0.21241914723282745,14.086081609837894,422700746.0
2024-04-08,19.72,18.24,21.66,18.14,105155431.0,2197129783.0,-7.364144235652626,-1.4500000000000028,0.24877039370070098,17.877094972067038,422700746.0
2024-04-09,18.13,20.06,20.06,18.13,75059299.0,1476456438.0,9.978070175438592,1.8200000000000003,0.17757077485735026,10.581140350877192,422700746.0
2024-04-10,20.94,22.07,22.07,19.71,107268129.0,2296865915.0,10.019940179461617,2.0100000000000016,0.25376848755313053,11.76470588235294,422700746.0
2024-04-11,20.27,19.86,20.77,19.86,66535342.0,1348393103.0,-10.01359311282284,-2.210000000000001,0.1574053100914092,4.123244222927051,422700746.0
2024-04-12,18.32,17.87,18.71,17.87,50830461.0,925429076.0,-10.020140986908356,-1.9899999999999984,0.12025164724928117,4.229607250755286,422700746.0
2024-04-15,16.98,16.09,17.15,16.09,49487434.0,817831101.0,-9.96082820369335,-1.7800000000000011,0.11707439475396621,5.931729155008386,422700746.0
2024-04-16,15.18,15.24,16.08,14.48,66118623.0,1006516935.0,-5.282784338098201,-0.8499999999999996,0.15641946134630194,9.944064636420123,422700746.0
2024-04-17,15.56,15.96,16.4,15.25,64971252.0,1037596704.0,4.7244094488189115,0.7200000000000006,0.1537050800473392,7.545931758530175,422700746.0
2024-04-18,15.27,16.62,17.38,14.76,71584630.0,1178808586.0,4.135338345864659,0.6600000000000001,0.16935061193386208,16.41604010025062,422700746.0
2024-04-19,16.02,17.44,17.92,15.9,66162252.0,1113159625.0,4.933814681107096,0.8200000000000003,0.1565226762102757,12.154031287605301,422700746.0
2024-04-22,16.65,15.69,17.45,15.69,53219790.0,882619871.0,-10.034403669724778,-1.7500000000000018,0.1259041780825246,10.091743119266052,422700746.0
2024-04-23,14.97,16.01,16.28,14.97,40143444.0,642993388.0,2.0395156150414318,0.32000000000000206,0.09496894524051774,8.349267049075848,422700746.0
2024-04-24,15.76,16.72,17.23,15.51,49604880.0,830419126.0,4.434728294815726,0.7099999999999973,0.11735224143654575,10.74328544659588,422700746.0
2024-04-25,16.64,18.4,18.4,16.64,84479719.0,1538002390.0,10.047846889952151,1.6799999999999997,0.19985703786763603,10.526315789473673,422700746.0
2024-04-26,17.92,18.1,18.79,17.56,76419886.0,1404248649.0,-1.6304347826086807,-0.29999999999999716,0.18078956974445462,6.684782608695655,422700746.0
2024-04-29,18.02,18.57,18.74,17.74,60589172.0,1124437660.0,2.596685082872918,0.46999999999999886,0.14333821875961392,5.524861878453039,422700746.0
2024-04-30,18.29,16.9,18.52,16.71,51949175.0,899223770.0,-8.992999461497043,-1.6700000000000017,0.12289823354132429,9.746903607969838,422700746.0
2024-05-06,17.23,18.6,18.6,17.13,60589542.0,1100709370.0,10.059171597633142,1.7000000000000028,0.1433390940833589,8.698224852071021,422700746.0
2024-05-07,18.79,19.22,19.23,18.41,68206386.0,1298160520.0,3.3333333333333215,0.6199999999999974,0.16135856547553856,4.408602150537636,422700746.0
2024-05-08,18.88,18.64,19.08,17.93,38658391.0,725745682.0,-3.0176899063475426,-0.5799999999999983,0.09145569617707748,5.983350676378765,422700746.0
2024-05-09,19.43,18.88,19.81,18.85,66910173.0,1307905917.0,1.2875536480686511,0.23999999999999844,0.15829206272562385,5.150214592274663,422700746.0
2024-05-10,18.64,18.22,18.83,17.79,47062570.0,869791080.0,-3.495762711864403,-0.6600000000000001,0.11133779735510568,5.508474576271182,422700746.0
2024-05-13,17.82,16.89,17.99,16.69,37950866.0,661790077.0,-7.299670691547744,-1.3299999999999983,0.08978187608876376,7.135016465422598,422700746.0
2024-05-14,16.57,16.34,16.96,16.06,31007996.0,513818188.0,-3.256364712847848,-0.5500000000000007,0.07335685184714578,5.328596802841931,422700746.0
2024-05-15,16.3,16.46,16.81,16.06,24082816.0,400460141.0,0.7343941248470154,0.120000000000001,0.05697367754349788,4.589963280293758,422700746.0
2024-05-16,16.35,16.52,16.72,16.28,20033115.0,333280972.0,0.36452004860265674,0.05999999999999872,0.0473931385018185,2.6731470230862557,422700746.0
2024-05-17,16.35,17.1,17.23,15.96,34043511.0,572417300.0,3.510895883777243,0.5800000000000018,0.08053809065196209,7.687651331719126,422700746.0
2024-05-20,17.04,16.97,17.33,16.75,22807310.0,390777599.0,-0.7602339181286721,-0.13000000000000256,0.0539561621686847,3.391812865497066,422700746.0
2024-05-21,16.96,16.38,16.96,16.35,19520708.0,324960408.0,-3.4767236299351745,-0.5899999999999999,0.04618091684181698,3.594578668238064,422700746.0
2024-05-22,16.31,16.21,16.6,16.11,15774920.0,259304384.0,-1.037851037851023,-0.16999999999999815,0.03731935689557548,2.991452991453004,422700746.0
2024-05-23,15.98,15.5,16.02,15.41,21667937.0,342093943.0,-4.380012338062933,-0.7100000000000009,0.05126070205705291,3.763109191856875,422700746.0
2024-05-24,15.52,15.11,15.56,15.1,15970681.0,245274822.0,-2.516129032258063,-0.39000000000000057,0.037782476494612104,2.9677419354838768,422700746.0
2024-05-27,15.39,16.04,16.49,15.39,32257940.0,520417442.0,6.154864328259424,0.9299999999999997,0.07631389417987922,7.279947054930496,422700746.0
2024-05-28,15.76,15.39,15.94,15.38,19634322.0,309579746.0,-4.052369077306728,-0.6499999999999986,0.04644969800928622,3.49127182044887,422700746.0
2024-05-29,15.23,16.5,16.93,15.23,37545264.0,614859973.0,7.21247563352827,1.1099999999999994,0.08882232727358376,11.046133853151392,422700746.0
2024-05-30,16.56,16.47,17.26,16.23,43235273.0,729411933.0,-0.1818181818181941,-0.030000000000001137,0.10228340831932196,6.242424242424249,422700746.0
2024-05-31,16.58,15.81,16.69,15.69,27459000.0,443045291.0,-4.007285974499075,-0.6599999999999984,0.06496085057772763,6.071645415907722,422700746.0
2024-06-03,15.58,15.17,15.66,14.88,21795136.0,334859291.0,-4.048070841239726,-0.6400000000000006,0.0515616218004025,4.933586337760906,422700746.0
2024-06-04,15.06,15.0,15.09,14.77,14979459.0,225320496.0,-1.1206328279498967,-0.16999999999999993,0.035437503107695015,2.109426499670404,422700746.0
2024-06-05,14.87,14.6,14.9,14.54,11504440.0,170745041.0,-2.6666666666666727,-0.40000000000000036,0.027216512175258854,2.400000000000008,422700746.0
2024-06-06,14.65,14.0,14.74,13.86,19183757.0,273923328.0,-4.109589041095885,-0.5999999999999996,0.045383778433170784,6.027397260273978,422700746.0
2024-06-07,14.09,14.16,14.27,13.98,11450248.0,163171968.0,1.1428571428571344,0.16000000000000014,0.027088308001235465,2.0714285714285654,422700746.0
2024-06-11,14.04,14.22,14.23,13.73,9285313.0,131238330.0,0.4237288135593209,0.0600000000000005,0.021966634996191847,3.531073446327684,422700746.0
2024-06-12,14.23,14.5,14.53,14.18,10715671.0,155815668.0,1.9690576652601877,0.27999999999999936,0.0253504899184635,2.4613220815752435,422700746.0
2024-06-13,14.42,14.32,14.52,14.27,8242780.0,119391456.0,-1.2413793103448256,-0.17999999999999972,0.019500273131763057,1.7241379310344827,422700746.0
2024-06-14,14.27,14.75,14.91,14.13,14848000.0,218425797.0,3.00279329608939,0.4299999999999997,0.03512650531257875,5.446927374301672,422700746.0
2024-06-17,14.62,14.85,15.1,14.51,14956556.0,224236420.0,0.6779661016949046,0.09999999999999964,0.035383320567879954,3.9999999999999987,422700746.0
2024-06-18,14.81,14.83,15.01,14.72,12617664.0,188981358.0,-0.13468013468013185,-0.019999999999999574,0.02985011055551816,1.952861952861947,422700746.0
2024-06-19,14.84,14.88,15.16,14.74,13871412.0,208971011.0,0.3371544167228624,0.05000000000000071,0.03281615216264605,2.8320971004720157,422700746.0
2024-06-20,14.89,14.4,14.91,14.38,11393180.0,167814866.0,-3.2258064516129115,-0.4800000000000004,0.026953299959399647,3.5618279569892426,422700746.0
2024-06-21,14.45,14.34,14.6,14.23,7896900.0,114788560.0,-0.4166666666666652,-0.0600000000000005,0.018682011031984316,2.569444444444439,422700746.0
2024-06-24,14.35,13.76,14.35,13.74,9681746.0,136191367.0,-4.044630404463046,-0.5800000000000001,0.022904492342674977,4.253835425383539,422700746.0
2024-06-25,13.94,14.02,14.2,13.78,8757816.0,123503677.0,1.8895348837209225,0.2599999999999998,0.020718714321833726,3.0523255813953485,422700746.0
2024-06-26,13.91,14.36,14.41,13.78,9578264.0,136647215.0,2.4251069900142586,0.33999999999999986,0.02265968085137943,4.493580599144085,422700746.0
2024-06-27,14.23,13.91,14.32,13.91,7942378.0,112855829.0,-3.1337047353760417,-0.4499999999999993,0.018789600148943195,2.8551532033426192,422700746.0
2024-06-28,13.83,14.26,14.56,13.78,10640275.0,153429697.0,2.5161754133716796,0.34999999999999964,0.0251650378204897,5.607476635514027,422819750.0
2024-07-01,14.47,14.39,14.63,14.03,10701021.0,154761034.0,0.911640953716697,0.13000000000000078,0.025308706606065587,4.20757363253858,422819750.0
2024-07-02,14.45,14.37,14.76,14.23,10597439.0,154664182.0,-0.1389854065323215,-0.02000000000000135,0.025063727510363457,3.683113273106319,422819750.0
2024-07-03,14.22,13.93,14.37,13.88,7725659.0,109329456.0,-3.061934585942938,-0.4399999999999995,0.018271755281062438,3.4098816979818958,422819750.0
2024-07-04,13.93,13.5,14.04,13.43,8612525.0,118629392.0,-3.086862885857855,-0.4299999999999997,0.020369259004575826,4.379038047379752,422819750.0
2024-07-05,13.36,13.73,13.81,13.23,7195319.0,98023208.0,1.7037037037036962,0.23000000000000043,0.0170174619326557,4.296296296296297,422819750.0
2024-07-08,13.76,13.27,13.77,13.2,6161109.0,83254623.0,-3.350327749453752,-0.46000000000000085,0.014571478744784273,4.151493080844867,422819750.0
2024-07-09,13.33,13.7,13.73,13.09,8609875.0,116786064.0,3.240391861341374,0.4299999999999997,0.020362991558459605,4.822908816880185,422819750.0
2024-07-10,13.66,13.33,13.85,13.3,6961107.0,95201045.0,-2.700729927007295,-0.3699999999999992,0.016463533219533855,4.014598540145978,422819750.0
2024-07-11,13.58,14.11,14.16,13.56,12595736.0,176773271.0,5.851462865716428,0.7799999999999994,0.02978984780157502,4.501125281320328,422819750.0
2024-07-12,14.67,14.28,14.77,14.03,18540974.0,269251217.0,1.2048192771084265,0.16999999999999993,0.043850775655583735,5.244507441530831,422819750.0
2024-07-15,14.19,13.58,14.19,13.55,11308995.0,156886432.0,-4.901960784313719,-0.6999999999999993,0.0267466101098636,4.481792717086827,422819750.0
2024-07-16,13.64,13.66,13.87,13.46,6603021.0,90807123.0,0.589101620029453,0.08000000000000007,0.015616633328977655,3.0191458026509452,422819750.0
2024-07-17,13.61,13.05,13.73,13.03,8778740.0,117043917.0,-4.465592972181542,-0.6099999999999994,0.020762369780503394,5.124450951683756,422819750.0
2024-07-18,13.05,13.18,13.24,12.71,6828820.0,88883517.0,0.9961685823754785,0.129999999999999,0.016150664674485997,4.061302681992332,422819750.0
2024-07-19,13.07,13.1,13.29,12.96,4868039.0,63999185.0,-0.6069802731411222,-0.08000000000000007,0.011513272499688107,2.503793626707119,422819750.0
2024-07-22,13.07,13.03,13.15,12.95,4102089.0,53616653.0,-0.5343511450381699,-0.07000000000000028,0.009701744064698965,1.5267175572519165,422819750.0
2024-07-23,13.08,12.64,13.2,12.61,6519274.0,84272089.0,-2.993092862624702,-0.3899999999999988,0.015418565476186957,4.528012279355333,422819750.0
2024-07-24,12.56,12.62,12.8,12.44,5371260.0,68051028.0,-0.15822784810127777,-0.02000000000000135,0.012703427406122823,2.848101265822794,422819750.0
2024-07-25,12.5,12.74,12.9,12.46,4629400.0,59013602.0,0.9508716323296529,0.120000000000001,0.010948873603941159,3.4865293185419928,422819750.0
2024-07-26,12.66,12.82,13.04,12.64,5571164.0,72033027.0,0.6279434850863463,0.08000000000000007,0.013176215160242633,3.1397174254316997,422819750.0
2024-07-29,12.77,12.89,13.06,12.58,5942980.0,76193382.0,0.546021840873645,0.07000000000000028,0.014055587516902888,3.7441497659906426,422819750.0
2024-07-30,12.77,13.17,13.59,12.72,13137780.0,173997918.0,2.172226532195487,0.27999999999999936,0.03107182197614941,6.749418153607441,422819750.0
2024-07-31,13.23,13.8,13.89,13.13,14725556.0,199695789.0,4.783599088838275,0.6300000000000008,0.03482702972129376,5.770690964312831,422819750.0
2024-08-01,13.96,14.02,14.43,13.85,15774401.0,223352741.0,1.5942028985507228,0.21999999999999886,0.03730762576724479,4.202898550724639,422819750.0
2024-08-02,13.96,13.92,14.38,13.77,12162723.0,171956004.0,-0.7132667617688937,-0.09999999999999964,0.028765740010962118,4.350927246790309,422819750.0
2024-08-05,14.11,13.33,14.11,13.32,11655179.0,160414520.0,-4.238505747126431,-0.5899999999999999,0.027565360889598937,5.6752873563218325,422819750.0
2024-08-06,13.84,14.15,14.56,13.46,19229649.0,270697160.0,6.151537884471114,0.8200000000000003,0.0454795429967498,8.252063015753935,422819750.0
2024-08-07,14.19,13.77,14.24,13.75,10605004.0,148290351.0,-2.685512367491172,-0.3800000000000008,0.02508161929521977,3.4628975265017683,422819750.0
2024-08-08,13.77,13.13,13.81,13.11,10627756.0,142182700.0,-4.6477850399418985,-0.6399999999999988,0.02513542945900706,5.083514887436464,422819750.0
2024-08-09,13.26,13.2,13.49,13.16,5943900.0,79399083.0,0.5331302361005319,0.06999999999999851,0.014057763384988521,2.513328255902514,422819750.0
2024-08-12,13.26,12.88,13.31,12.78,5072114.0,65861083.0,-2.4242424242424176,-0.3199999999999985,0.011995924977487452,4.015151515151524,422819750.0
2024-08-13,12.92,13.07,13.07,12.76,4099240.0,53111710.0,1.4751552795031042,0.1899999999999995,0.009695005968855523,2.4068322981366497,422819750.0
2024-08-14,13.07,12.68,13.07,12.56,5461096.0,69890209.0,-2.9839326702371882,-0.39000000000000057,0.012915896194536798,3.9020657995409316,422819750.0
2024-08-15,12.58,12.82,12.95,12.48,5254984.0,67195105.0,1.104100946372255,0.14000000000000057,0.01242842606098698,3.706624605678224,422819750.0
2024-08-16,12.88,12.7,12.93,12.66,3744700.0,47964671.0,-0.9360374414976724,-0.120000000000001,0.008856492630725032,2.1060842433697315,422819750.0
2024-08-19,12.69,12.59,12.84,12.57,3120314.0,39686332.0,-0.8661417322834652,-0.10999999999999943,0.007379773532338544,2.1259842519685006,422819750.0
2024-08-20,12.65,12.48,13.07,12.41,7062157.0,89746505.0,-0.8737092930897528,-0.10999999999999943,0.016702523947852484,5.242255758538524,422819750.0
2024-08-21,12.31,13.73,13.73,12.31,20424584.0,275887214.0,10.016025641025639,1.25,0.04830565270425518,11.378205128205126,422819750.0
2024-08-22,13.96,14.41,15.05,13.84,44670584.0,646051961.0,4.952658412235977,0.6799999999999997,0.10564923705668905,8.812818645302265,422819750.0
2024-08-23,14.2,13.49,14.31,13.34,28451454.0,389137082.0,-6.3844552394170755,-0.9199999999999999,0.06728979429177563,6.731436502428874,422819750.0
2024-08-26,13.66,14.84,14.84,13.56,19377468.0,279614668.0,10.007412898443292,1.3499999999999996,0.045829145871260746,9.488510007412893,422819750.0
2024-08-27,14.75,14.83,15.3,14.51,44907051.0,674383065.0,-0.06738544474393926,-0.009999999999999787,0.1062084990116947,5.323450134770895,422819750.0
2024-08-28,14.93,14.21,14.99,14.19,27392709.0,396767624.0,-4.1807147673634475,-0.6199999999999992,0.064785784013164,5.3944706675657494,422819750.0
2024-08-29,14.46,14.82,15.17,14.4,36969760.0,548025174.0,4.292751583391974,0.6099999999999994,0.08743621838856865,5.418719211822657,422819750.0
2024-08-30,14.58,14.7,14.92,14.26,32849482.0,483081767.0,-0.809716599190291,-0.120000000000001,0.07769145599277233,4.453441295546559,422819750.0
2024-09-02,14.71,14.77,15.6,14.43,33141522.0,497145253.0,0.4761904761904745,0.07000000000000028,0.0783821522055202,7.959183673469387,422819750.0
2024-09-03,14.62,15.03,15.43,14.45,30459310.0,457164492.0,1.760324983073791,0.2599999999999998,0.07203852232541172,6.635071090047397,422819750.0
2024-09-04,14.76,15.2,15.76,14.56,40329695.0,617177043.0,1.1310711909514382,0.16999999999999993,0.09538271331932816,7.9840319361277405,422819750.0
2024-09-05,14.95,14.95,15.15,14.46,25948421.0,384619125.0,-1.6447368421052655,-0.25,0.06136993600701008,4.539473684210523,422819750.0
2024-09-06,14.95,14.41,15.2,14.36,22614523.0,336130663.0,-3.6120401337792596,-0.5399999999999991,0.053485020508147976,5.618729096989966,422819750.0
2024-09-09,14.36,14.24,14.66,14.02,13387591.0,192011365.0,-1.179736294240108,-0.16999999999999993,0.03166264347869275,4.44136016655101,422819750.0
2024-09-10,14.44,14.16,14.44,13.88,13444009.0,190457720.0,-0.5617977528089901,-0.08000000000000007,0.03179607622397014,3.9325842696629123,422819750.0
2024-09-11,14.15,14.52,14.83,14.06,20987790.0,305825018.0,2.5423728813559254,0.35999999999999943,0.04963767657494712,5.43785310734463,422819750.0
2024-09-12,14.46,14.1,14.54,14.1,16388472.0,235416461.0,-2.892561983471076,-0.41999999999999993,0.03875994912725813,3.0303030303030267,422819750.0
2024-09-13,14.26,13.23,14.26,13.2,19754993.0,267692508.0,-6.170212765957439,-0.8699999999999992,0.04672202043542195,7.517730496453905,422819750.0
2024-09-18,13.46,13.25,13.46,12.97,8689156.0,114930019.0,0.15117157974300355,0.019999999999999574,0.02055049699073896,3.703703703703705,422819750.0
2024-09-19,13.46,13.39,13.63,13.18,10209200.0,137537437.0,1.0566037735849187,0.14000000000000057,0.024145513543300662,3.3962264150943478,422819750.0
2024-09-20,13.41,13.17,13.46,13.07,8764612.0,116208195.0,-1.643017176997763,-0.22000000000000064,0.020728956014944903,2.912621359223305,422819750.0
2024-09-23,13.15,13.19,13.42,13.1,7952524.0,106105702.0,0.15186028853455547,0.019999999999999574,0.018808307795461304,2.4297646165527738,422819750.0
2024-09-24,13.21,13.7,13.71,13.18,17304407.0,233786433.0,3.8665655799848375,0.5099999999999998,0.04092620318705548,4.0181956027293495,422819750.0
2024-09-25,13.94,13.91,14.43,13.85,22394001.0,316927685.0,1.532846715328473,0.21000000000000085,0.05296346965816994,4.233576642335767,422819750.0
2024-09-26,14.05,14.26,14.26,13.75,15969391.0,224529231.0,2.5161754133716796,0.34999999999999964,0.037768791547698514,3.666427030913011,422819750.0
2024-09-27,14.54,14.91,14.94,14.41,13087559.0,193574719.0,4.558204768583463,0.6500000000000004,0.030953045594487957,3.716690042075732,422819750.0
2024-09-30,15.75,16.4,16.41,15.46,36378523.0,585131551.0,9.993293091884636,1.4899999999999984,0.0860378991284111,6.371562709590874,422819750.0
2024-10-08,18.05,17.88,18.05,16.8,37242523.0,654926484.0,9.024390243902447,1.4800000000000004,0.0880813230697005,7.621951219512196,422819750.0
2024-10-09,18.44,16.12,18.44,16.11,28538722.0,485513096.0,-9.843400447427285,-1.759999999999998,0.06749618957014189,13.031319910514553,422819750.0
2024-10-10,16.45,16.06,16.73,15.83,18502770.0,302957120.0,-0.3722084367245748,-0.060000000000002274,0.043760420368253845,5.583126550868489,422819750.0
2024-10-11,15.98,15.14,15.98,14.92,13414680.0,207163294.0,-5.72851805728517,-0.9199999999999982,0.031726710968444594,6.600249066002495,422819750.0
2024-10-14,15.23,16.14,16.15,14.95,17537345.0,275895679.0,6.605019815059454,1.0,0.041477118795893525,7.92602377807133,422819750.0
2024-10-15,16.14,15.81,16.3,15.79,15196453.0,243896122.0,-2.0446096654275103,-0.33000000000000007,0.0359407359755546,3.159851301115251,422819750.0
2024-10-16,15.81,15.53,15.95,15.36,10204553.0,159572975.0,-1.7710309930423884,-0.28000000000000114,0.024134523044394212,3.7318153067678677,422819750.0
2024-10-17,15.53,15.3,15.77,15.25,9843071.0,153202859.0,-1.4810045074050149,-0.22999999999999865,0.023279591362513223,3.3483580167417877,422819750.0
2024-10-18,15.23,15.81,16.26,15.15,17222955.0,272199251.0,3.3333333333333215,0.5099999999999998,0.040733563179108825,7.254901960784322,422819750.0
2024-10-21,16.43,16.75,17.1,16.13,25450395.0,426849068.0,5.945604048070829,0.9399999999999995,0.060192067660037166,6.135357368753968,422819750.0
2024-10-22,16.96,16.93,17.28,16.55,21297003.0,363111022.0,1.0746268656716351,0.17999999999999972,0.050368988203602125,4.3582089552238825,422819750.0
2024-10-23,17.15,17.11,17.53,16.71,24690964.0,426455784.0,1.0632014176018778,0.17999999999999972,0.05839595714249393,4.843473124630834,422819750.0
2024-10-24,17.08,16.87,17.27,16.51,17570535.0,297054713.0,-1.4026884862653355,-0.23999999999999844,0.04155561560215671,4.441846873173571,422819750.0
2024-10-25,17.25,18.03,18.24,17.23,33607626.0,598882746.0,6.876111440426791,1.1600000000000001,0.07948452266006968,5.986959098992282,422819750.0
2024-10-28,18.24,17.49,18.32,17.37,24329718.0,430863132.0,-2.9950083194675736,-0.5400000000000027,0.05754158361807839,5.268996117581804,422819750.0
2024-10-29,17.75,17.26,17.75,17.25,17269316.0,302635333.0,-1.3150371640937464,-0.22999999999999687,0.04084321037510665,2.858776443682104,422819750.0
2024-10-30,17.2,17.05,17.6,16.78,17413926.0,299931842.0,-1.2166859791425289,-0.21000000000000085,0.04118522372713195,4.750869061413675,422819750.0
2024-10-31,17.25,17.56,17.62,16.96,19178553.0,333879003.0,2.991202346041044,0.509999999999998,0.04535869717533299,3.870967741935485,422819750.0
2024-11-01,17.45,17.95,18.82,17.25,37984418.0,690094787.0,2.220956719817768,0.39000000000000057,0.08983595964947239,8.94077448747153,422819750.0
2024-11-04,17.95,17.3,18.05,16.98,31205835.0,546798107.0,-3.62116991643453,-0.6499999999999986,0.07380410919783194,5.961002785515322,422819750.0
2024-11-05,17.17,17.71,18.11,17.03,29592926.0,522705137.0,2.3699421965317935,0.41000000000000014,0.06998946004769172,6.242774566473979,422819750.0
2024-11-06,18.07,18.66,19.48,18.07,48946537.0,930963597.0,5.364201016374914,0.9499999999999993,0.1157621823483884,7.961603613777528,422819750.0
2024-11-07,18.86,18.7,19.24,18.31,37528822.0,705262703.0,0.2143622722400762,0.03999999999999915,0.08875844139257923,4.983922829581992,422819750.0
2024-11-08,18.64,18.68,19.94,18.62,33012716.0,631762267.0,-0.10695187165775666,-0.019999999999999574,0.07807751648308765,7.058823529411766,422819750.0
2024-11-11,18.34,19.34,19.82,18.16,27241497.0,522364124.0,3.5331905781584627,0.6600000000000001,0.06442815644255029,8.886509635974305,422819750.0
2024-11-12,19.33,18.44,19.78,18.28,25557096.0,483508857.0,-4.653567735263698,-0.8999999999999986,0.06044442342156439,7.755946225439504,422819750.0
2024-11-13,18.23,18.63,18.99,18.05,19085249.0,355280493.0,1.0303687635574654,0.18999999999999773,0.04513802631026578,5.097613882863328,422819750.0
2024-11-14,18.73,18.66,20.28,18.44,34822890.0,670340855.0,0.16103059581320522,0.030000000000001137,0.08235871195704553,9.876543209876543,422819750.0
2024-11-15,18.01,17.91,19.2,17.84,27462514.0,506233355.0,-4.0192926045016115,-0.75,0.06495087800416134,7.288317256162912,422819750.0
2024-11-18,17.99,17.46,18.6,17.23,22245461.0,398994836.0,-2.5125628140703515,-0.4499999999999993,0.05261216156530058,7.649357900614187,422819750.0
2024-11-19,17.35,18.61,18.62,16.85,23210759.0,410610123.0,6.586483390607101,1.1499999999999986,0.05489516277326213,10.137457044673537,422819750.0
2024-11-20,18.39,19.34,19.43,18.25,29645181.0,565348335.0,3.922622246104246,0.7300000000000004,0.07011304698988162,6.340677055346587,422819750.0
2024-11-21,19.3,18.84,19.59,18.62,23457576.0,448594129.0,-2.585315408479838,-0.5,0.05547890324423114,5.015511892450873,422819750.0
2024-11-22,18.82,17.76,19.18,17.74,23769031.0,440135421.0,-5.732484076433108,-1.0799999999999983,0.056215517368807866,7.643312101910834,422819750.0
2024-11-25,17.86,19.17,19.45,17.86,33574794.0,632531844.0,7.939189189189189,1.4100000000000001,0.07940687255030068,8.952702702702702,422819750.0
2024-11-26,18.98,17.29,19.03,17.28,31998840.0,577494513.0,-9.806990088680244,-1.8800000000000026,0.07567962471005671,9.128847157016171,422819750.0
2024-11-27,16.86,17.37,17.39,16.32,20037254.0,336721482.0,0.46269519953732186,0.08000000000000185,0.04738958858946395,6.188548293811453,422819750.0
2024-11-28,17.23,16.93,17.78,16.91,16542284.0,288209874.0,-2.533103051237773,-0.4400000000000013,0.039123725890287765,5.008635578583771,422819750.0
2024-11-29,16.71,17.08,17.23,16.35,16059078.0,271082352.0,0.8860011813349056,0.14999999999999858,0.03798090794008558,5.197873597164791,422819750.0
2024-12-02,17.08,17.53,17.81,16.83,13356166.0,233869079.0,2.634660421545676,0.45000000000000284,0.03158832102805037,5.73770491803279,422819750.0
2024-12-03,17.53,17.45,17.69,17.25,9635940.0,168467798.0,-0.4563605248146141,-0.08000000000000185,0.022789711218551167,2.5099828864803264,422819750.0
2024-12-04,17.32,16.8,17.41,16.76,10171108.0,173188050.0,-3.72492836676217,-0.6499999999999986,0.02405542314425946,3.7249283667621693,422819750.0
2024-12-05,16.75,17.04,17.34,16.63,10006949.0,170525093.0,1.4285714285714235,0.23999999999999844,0.023667174960488483,4.226190476190482,422819750.0
2024-12-06,17.03,17.0,17.23,16.71,9228384.0,156992661.0,-0.23474178403755097,-0.03999999999999915,0.021825811116912112,3.0516431924882603,422819750.0
2024-12-09,17.0,17.1,17.61,16.87,12691060.0,219331434.0,0.588235294117645,0.10000000000000142,0.030015296116134595,4.352941176470579,422819750.0
2024-12-10,17.5,17.15,17.61,17.04,12392760.0,214674651.0,0.29239766081869956,0.04999999999999716,0.029309794540108403,3.333333333333335,422819750.0
2024-12-11,17.15,17.09,17.23,17.0,6431792.0,110173887.0,-0.3498542274052441,-0.05999999999999872,0.015211664071983393,1.3411078717201192,422819750.0
2024-12-12,17.18,17.04,17.21,16.79,7573337.0,128942546.0,-0.29256875365711865,-0.05000000000000071,0.017911502478301925,2.457577530719729,422819750.0
2024-12-13,16.95,16.64,16.95,16.64,7194279.0,120859964.0,-2.3474178403755763,-0.3999999999999986,0.017015002255689332,1.8192488262910724,422819750.0
2024-12-16,16.7,16.91,17.1,16.42,9949108.0,167525018.0,1.6225961538461453,0.2699999999999996,0.02353037671490038,4.08653846153846,422819750.0
2024-12-17,16.82,16.35,17.31,16.14,11400319.0,190869705.0,-3.3116499112950892,-0.5599999999999987,0.026962598128398685,6.918982850384377,422819750.0
2024-12-18,16.27,16.13,16.33,15.96,5543144.0,89833179.0,-1.3455657492354889,-0.22000000000000242,0.013109945786591094,2.2629969418960085,422819750.0
2024-12-19,16.06,16.13,16.18,15.9,4811967.0,77526876.0,0.0,0.0,0.011380658070016833,1.735895846249221,422819750.0
2024-12-20,16.12,16.37,16.78,16.06,7148293.0,117715460.0,1.4879107253565005,0.240000000000002,0.016906241962443808,4.463732176069451,422819750.0
2024-12-23,16.37,15.81,16.5,15.79,6392676.0,102939355.0,-3.420891875381804,-0.5600000000000005,0.015119151837159924,4.337202199144782,422819750.0
2024-12-24,15.81,16.15,16.18,15.81,5650895.0,91000759.0,2.1505376344086002,0.3399999999999981,0.013364784875824745,2.340290955091709,422819750.0
2024-12-25,16.15,15.95,16.25,15.76,4287800.0,68500510.0,-1.238390092879249,-0.1999999999999993,0.010140964323449886,3.0340557275541813,422819750.0
2024-12-26,16.25,16.45,16.73,16.25,10243462.0,169788116.0,3.1347962382445083,0.5,0.024226545708898414,3.0094043887147364,422819750.0
2024-12-27,16.42,16.5,16.67,16.31,7752042.0,128000061.0,0.3039513677811634,0.05000000000000071,0.018334153028565954,2.188449848024334,422819750.0
2024-12-30,16.39,16.34,16.58,16.16,4824906.0,79208172.0,-0.9696969696969759,-0.16000000000000014,0.011411259762582046,2.5454545454545343,422819750.0
2024-12-31,16.35,15.9,16.4,15.88,5036200.0,81293181.0,-2.692778457772338,-0.4399999999999995,0.011910985709631587,3.182374541003659,422819750.0
2025-01-02,15.87,16.06,16.5,15.69,8306952.0,134492195.0,1.0062893081761004,0.15999999999999837,0.01964655624530311,5.094339622641512,422819750.0
2025-01-03,16.05,16.72,17.28,15.88,20283344.0,341482846.0,4.109589041095885,0.6600000000000001,0.04797160965163051,8.717310087173104,422819750.0
2025-01-06,16.9,16.54,17.24,16.29,15609581.0,262187804.0,-1.0765550239234423,-0.17999999999999972,0.03691781426955576,5.681818181818178,422819750.0
2025-01-07,16.45,16.8,16.84,15.95,11622192.0,191578200.0,1.5719467956469169,0.26000000000000156,0.02748734419335899,5.38089480048368,422819750.0
2025-01-08,16.6,17.33,18.13,16.04,20398604.0,345741402.0,3.1547619047618936,0.5299999999999976,0.04824420808157613,12.44047619047619,422819750.0
2025-01-09,17.05,17.74,18.35,17.02,22057340.0,395670635.0,2.3658395845354896,0.41000000000000014,0.0521672414781949,7.674552798615129,422819750.0
2025-01-10,17.48,16.82,17.88,16.82,15577959.0,271738265.0,-5.186020293122873,-0.9199999999999982,0.03684302589933417,5.975197294250275,422819750.0
2025-01-13,16.75,16.7,16.99,16.44,7976124.0,133740286.0,-0.7134363852556502,-0.120000000000001,0.018864123542005784,3.269916765755036,422819750.0
2025-01-14,16.66,17.41,17.49,16.46,12717112.0,218022703.0,4.251497005988036,0.7100000000000009,0.030076911024142085,6.167664670658668,422819750.0
2025-01-15,16.94,16.72,17.25,16.71,12008874.0,203219584.0,-3.9632395175186796,-0.6900000000000013,0.028401875740194257,3.1016657093624307,422819750.0
2025-01-16,16.81,17.43,17.66,16.79,15999265.0,278039097.0,4.246411483253598,0.7100000000000009,0.037839445768557405,5.203349282296657,422819750.0
2025-01-17,17.33,17.73,17.8,17.2,14029831.0,246472291.0,1.721170395869187,0.3000000000000007,0.03318158860838454,3.44234079173839,422819750.0
2025-01-20,17.75,17.81,17.96,17.54,11403927.0,203240589.0,0.4512126339537348,0.0799999999999983,0.026971131315412775,2.3688663282572007,422819750.0
2025-01-21,17.85,17.59,17.87,17.38,6844840.0,120508293.0,-1.2352610892756855,-0.21999999999999886,0.01618855316006407,2.7512633352049525,422819750.0
2025-01-22,17.44,17.42,17.88,17.35,6347000.0,111481718.0,-0.9664582148948164,-0.16999999999999815,0.015011124716856295,3.013075611142681,422819750.0
2025-01-23,17.48,17.18,17.73,17.17,6996558.0,122735783.0,-1.3777267508610858,-0.240000000000002,0.016547377458124887,3.214695752009177,422819750.0
2025-01-24,17.06,17.33,17.37,17.06,5342041.0,92483495.0,0.8731082654249045,0.14999999999999858,0.012634322308737943,1.804423748544833,422819750.0
2025-01-27,17.4,17.02,17.55,16.87,5046495.0,86706257.0,-1.7888055395268276,-0.3099999999999987,0.011935334146524612,3.9238315060588564,422819750.0
2025-02-05,17.1,17.07,17.24,16.96,4953975.0,84872381.0,0.2937720329024618,0.05000000000000071,0.011716517499478206,1.6451233842538049,422819750.0
2025-02-06,17.08,18.21,18.22,16.95,15401359.0,274916547.0,6.678383128295251,1.1400000000000006,0.03642535382985303,7.439953134153483,422819750.0
2025-02-07,18.05,18.02,18.19,17.73,12839371.0,231185716.0,-1.0433827567270848,-0.19000000000000128,0.030366062607056554,2.5260845689181814,422819750.0
2025-02-10,18.02,18.18,18.23,17.66,11572034.0,208855980.0,0.8879023307436285,0.16000000000000014,0.027368716811359925,3.1631520532741417,422819750.0
2025-02-11,18.18,18.1,18.34,18.01,6923096.0,125994058.0,-0.44004400440043057,-0.0799999999999983,0.016373634391487153,1.8151815181518058,422819750.0
2025-02-12,18.02,18.29,18.38,17.77,10696451.0,193883002.0,1.0497237569060625,0.18999999999999773,0.02529789821785761,3.37016574585635,422819750.0
2025-02-13,18.26,19.02,19.71,18.24,28671663.0,549511987.0,3.9912520503007087,0.7300000000000004,0.06781060487358975,8.037178786221993,422819750.0
2025-02-14,19.0,19.8,20.53,18.92,29184904.0,584541525.0,4.100946372239744,0.7800000000000011,0.06902445782156581,8.464773922187169,422819750.0
2025-02-17,19.82,20.16,20.65,19.82,26161350.0,529063573.0,1.8181818181818077,0.35999999999999943,0.06187352885005963,4.191919191919183,422819750.0
2025-02-18,20.3,19.49,20.5,19.42,18014169.0,358677816.0,-3.323412698412709,-0.6700000000000017,0.04260484284378863,5.357142857142849,422819750.0
2025-02-19,19.46,20.07,20.17,19.44,14235247.0,284570947.0,2.975885069266293,0.5800000000000018,0.033667412650426096,3.7455105182144712,422819750.0
2025-02-20,20.08,20.96,21.13,20.08,19876842.0,412744868.0,4.434479322371709,0.8900000000000006,0.04701020233799391,5.231689088191334,422819750.0
2025-02-21,20.95,21.44,21.78,20.59,17748510.0,379318882.0,2.2900763358778553,0.4800000000000004,0.041976539648396274,5.67748091603054,422819750.0
2025-02-24,21.23,21.12,21.58,20.24,17127576.0,360369777.0,-1.4925373134328401,-0.3200000000000003,0.04050798478547892,6.249999999999999,422819750.0
2025-02-25,20.62,21.25,21.89,20.62,14495129.0,310416434.0,0.6155303030302983,0.129999999999999,0.03428205281328509,6.0132575757575735,422819750.0
2025-02-26,21.45,23.37,23.37,21.45,16422578.0,372286138.0,9.976470588235298,2.120000000000001,0.03884061234131093,9.035294117647066,422819750.0
2025-02-27,24.8,25.32,25.7,23.99,50366324.0,1270492987.0,8.34403080872914,1.9499999999999993,0.11912008367631834,7.317073170731711,422819750.0
2025-02-28,25.96,27.86,27.86,25.96,22623451.0,618843429.0,10.031595576619278,2.539999999999999,0.05350613588887463,7.503949447077403,422819750.0
2025-03-03,29.51,27.42,30.64,27.05,67824483.0,2006635843.0,-1.5793251974156375,-0.4399999999999977,0.16040992172196308,12.885857860732234,422819750.0
2025-03-04,24.68,24.68,25.98,24.68,61577183.0,1542276491.0,-9.992706053975208,-2.740000000000002,0.14563459488351715,4.7410649161196226,422819750.0
2025-03-05,24.13,25.0,25.68,23.89,58488669.0,1460015048.0,1.296596434359798,0.3200000000000003,0.13833003070457328,7.252836304700158,422819750.0
2025-03-06,24.63,25.87,26.65,24.53,48332797.0,1243455805.0,3.479999999999994,0.870000000000001,0.1143106418278711,8.47999999999999,422819750.0
2025-03-07,25.86,24.82,26.18,24.6,36179808.0,915250369.0,-4.058755315036722,-1.0500000000000007,0.08556792344728457,6.107460378817156,422819750.0
2025-03-10,24.63,25.33,25.59,24.47,29862343.0,754556762.0,2.054794520547931,0.509999999999998,0.07062665119119908,4.512489927477844,422819750.0
2025-03-11,24.93,24.79,25.86,24.57,25566690.0,642617113.0,-2.131859455191465,-0.5399999999999991,0.06046711394157912,5.092775365179627,422819750.0
2025-03-12,24.93,24.28,24.97,24.27,22122777.0,544240053.0,-2.0572811617587616,-0.509999999999998,0.05232200482593351,2.8237192416296866,422819750.0
2025-03-13,24.29,23.9,24.53,23.61,21979663.0,530025216.0,-1.565074135090616,-0.38000000000000256,0.05198352962462137,3.789126853377272,422819750.0
2025-03-14,23.9,24.48,24.54,23.56,21607152.0,521458433.0,2.4267782426778295,0.5800000000000018,0.05110251354152685,4.100418410041843,422819750.0
2025-03-17,24.92,25.85,26.42,24.05,41809277.0,1072070431.0,5.596405228758172,1.370000000000001,0.09888203424745415,9.681372549019612,422819750.0
2025-03-18,26.12,26.13,26.91,25.77,29602027.0,781260488.0,1.0831721470019318,0.2799999999999976,0.07001098458622143,4.410058027079305,422819750.0
2025-03-19,25.92,25.35,26.06,25.11,19829404.0,507421636.0,-2.985074626865658,-0.7799999999999976,0.046898007957291495,3.63566781477229,422819750.0
2025-03-20,25.35,24.43,25.35,24.4,14649160.0,364041553.0,-3.6291913214990257,-0.9200000000000017,0.03464634752752207,3.7475345167652967,422819750.0
2025-03-21,24.05,23.11,24.23,23.02,20672478.0,487177087.0,-5.403192795742939,-1.3200000000000003,0.04889194035992879,4.952926729431031,422819750.0
2025-03-24,23.11,22.95,23.62,22.38,14464178.0,332292511.0,-0.692340977931627,-0.16000000000000014,0.03420885140772161,5.365642578970151,422819750.0
2025-03-25,23.03,23.06,24.3,22.99,19679627.0,465057680.0,0.4793028322439996,0.10999999999999943,0.04654377426787656,5.708061002178659,422819750.0
2025-03-26,23.24,22.82,23.53,22.72,11528837.0,266561059.0,-1.0407632263659927,-0.23999999999999844,0.027266552709517472,3.512575888985266,422819750.0
2025-03-27,22.73,22.6,23.14,22.37,10529800.0,240002472.0,-0.9640666082383786,-0.21999999999999886,0.024903756269663374,3.3742331288343537,422819750.0
2025-03-28,22.41,23.18,23.93,22.08,24458028.0,562942055.0,2.566371681415913,0.5799999999999983,0.0578450462638039,8.185840707964607,422819750.0
2025-03-31,22.8,23.05,23.18,22.25,16774368.0,382432999.0,-0.5608283002588421,-0.129999999999999,0.03967262172592458,4.012079378774805,422819750.0
2025-04-01,23.13,23.26,23.48,22.79,12486457.0,290139520.0,0.9110629067245135,0.21000000000000085,0.029531394879260014,2.993492407809116,422819750.0
2025-04-02,23.55,23.39,23.76,23.03,13228300.0,310373908.0,0.5588993981083368,0.129999999999999,0.031285908475183574,3.138435081685298,422819750.0
2025-04-03,22.75,23.24,23.5,22.73,10882864.0,252057041.0,-0.6412997007268162,-0.15000000000000213,0.02573877875856083,3.292005130397604,422819750.0
2025-04-07,20.95,20.92,21.82,20.92,9182145.0,193234634.0,-9.982788296041289,-2.3199999999999967,0.021716452459943036,3.8726333907056736,422819750.0
2025-04-08,20.14,20.31,20.8,19.08,21683059.0,433512350.0,-2.9158699808795596,-0.610000000000003,0.05128203921410956,8.221797323135766,422819750.0
2025-04-09,19.82,20.82,21.04,18.72,17821791.0,360502899.0,2.5110782865583436,0.5100000000000016,0.0421498546366389,11.422944362383063,422819750.0
2025-04-10,21.44,21.61,22.11,21.25,14568705.0,316379625.0,3.794428434197883,0.7899999999999991,0.03445606549835953,4.13064361191162,422819750.0
2025-04-11,21.35,22.42,23.08,21.23,16355094.0,368950308.0,3.7482646922720964,0.8100000000000023,0.03868100768708179,8.560851457658481,422819750.0
2025-04-14,22.75,23.58,23.89,22.75,18159412.0,427400272.0,5.1739518287243325,1.1599999999999966,0.042948353287659814,5.084745762711867,422819750.0
2025-04-15,23.73,23.54,24.66,23.47,18178856.0,435805623.0,-0.16963528413910245,-0.03999999999999915,0.04299433978663485,5.046649703138258,422819750.0
2025-04-16,23.54,23.31,24.8,23.01,16940870.0,404325309.0,-0.977060322854717,-0.23000000000000043,0.04006641127809191,7.604078164825825,422819750.0
2025-04-17,23.83,23.79,24.42,23.31,18430218.0,440526837.0,2.05920205920207,0.4800000000000004,0.04358882951896169,4.761904761904775,422819750.0
2025-04-18,23.7,23.3,23.7,22.83,13363364.0,309959388.0,-2.0596889449348454,-0.48999999999999844,0.03160534483074644,3.6569987389659566,422819750.0
2025-04-21,23.2,24.43,24.54,23.2,17939168.0,434175453.0,4.8497854077253155,1.129999999999999,0.04242745992825548,5.75107296137339,422819750.0
2025-04-22,24.26,23.71,24.36,23.68,12137953.0,291255787.0,-2.9471960704052336,-0.7199999999999989,0.028707157127830476,2.783462955382725,422819750.0
2025-04-23,23.9,24.1,24.43,23.75,12727673.0,307661453.0,1.6448755799240766,0.39000000000000057,0.03010188857072074,2.867988190636861,422819750.0
2025-04-24,23.98,24.42,24.68,23.7,15634814.0,379690085.0,1.327800829875514,0.3200000000000003,0.03697749218195224,4.0663900414937775,422819750.0
2025-04-25,23.42,23.21,23.48,22.83,22336077.0,517795158.0,-4.95495495495496,-1.2100000000000009,0.05282647511143933,2.6617526617526703,422819750.0
2025-04-28,23.39,22.08,23.51,21.93,17183641.0,388922154.0,-4.868591124515309,-1.1300000000000026,0.04064058265963215,6.807410598879801,422819750.0
2025-04-29,22.15,22.89,23.12,22.04,11529500.0,262097623.0,3.6684782608695787,0.8100000000000023,0.027268120753583532,4.891304347826096,422819750.0
2025-04-30,22.93,23.69,23.9,22.63,13205300.0,312598404.0,3.494975972040204,0.8000000000000007,0.03123151177304277,5.548274355613803,422819750.0
2025-05-06,24.13,24.37,24.5,23.78,12444344.0,301998805.0,2.8704094554664383,0.6799999999999997,0.0294317945176402,3.0392570704938744,422819750.0
2025-05-07,24.59,24.52,24.69,24.13,13277195.0,325091802.0,0.6155108740254267,0.14999999999999858,0.03140154876871291,2.2979072630283226,422819750.0
2025-05-08,24.58,24.79,24.92,24.22,11654157.0,288393309.0,1.1011419249592258,0.2699999999999996,0.02756294378396468,2.854812398042426,422819750.0
2025-05-09,24.75,24.27,24.75,23.8,14174023.0,342908890.0,-2.0976200080677687,-0.5199999999999996,0.03352261335947528,3.832190399354576,422819750.0
2025-05-12,24.91,25.48,25.57,24.25,24972247.0,626736327.0,4.985578903996712,1.2100000000000009,0.059061212254157947,5.438813349814587,422819750.0
2025-05-13,25.49,25.25,25.97,24.88,19262317.0,489917194.0,-0.9026687598116201,-0.23000000000000043,0.04555680523438179,4.277864992150706,422819750.0
2025-05-14,24.92,24.68,25.09,24.53,13055075.0,324055573.0,-2.2574257425742594,-0.5700000000000003,0.030876218530473093,2.2178217821782127,422819750.0
2025-05-15,24.43,24.13,24.68,23.87,10607600.0,256814069.0,-2.228525121555913,-0.5500000000000007,0.025087759027339663,3.2820097244732525,422819750.0
2025-05-16,24.13,24.01,24.52,23.94,9951576.0,241584750.0,-0.4973062577704024,-0.11999999999999744,0.02353621371754749,2.403646912556976,422819750.0
2025-05-19,24.09,24.15,24.25,23.43,10209280.0,243635874.0,0.5830903790087438,0.13999999999999702,0.024145702749221152,3.4152436484798008,422819750.0
2025-05-20,24.19,23.04,24.37,22.44,20236552.0,476943394.0,-4.596273291925468,-1.1099999999999994,0.04786094310873605,7.991718426501035,422819750.0
2025-05-21,23.03,23.95,24.44,22.88,20777498.0,495454091.0,3.949652777777768,0.9100000000000001,0.04914032043205172,6.770833333333344,422819750.0
2025-05-22,23.95,22.9,23.95,22.83,15054273.0,350250370.0,-4.384133611691022,-1.0500000000000007,0.03560446975336417,4.676409185803762,422819750.0
2025-05-23,22.73,22.96,23.37,22.63,8092748.0,187116684.0,0.26200873362447474,0.060000000000002274,0.019139947932895755,3.2314410480349434,422819750.0
2025-05-26,22.95,23.0,23.13,22.63,6098930.0,139959354.0,0.17421602787455193,0.03999999999999915,0.014424420808157614,2.1777003484320554,422819750.0
2025-05-27,23.43,23.49,23.88,23.16,11153312.0,263247603.0,2.130434782608681,0.48999999999999844,0.02637840829336851,3.130434782608691,422819750.0
2025-05-28,23.03,23.49,24.82,23.03,15496467.0,371807991.0,0.0,0.0,0.03665029128842728,7.62026394210302,422819750.0
2025-05-29,23.04,23.22,23.37,23.03,9959665.0,231490998.0,-1.1494252873563204,-0.2699999999999996,0.02355534480118301,1.4474244359301824,422819750.0
2025-05-30,23.14,22.77,23.18,22.53,7001941.0,160204092.0,-1.9379844961240233,-0.4499999999999993,0.01656010865149984,2.799310938845817,422819750.0
2025-06-03,22.78,22.76,22.96,22.64,4323300.0,98820149.0,-0.04391743522177416,-0.00999999999999801,0.010224924450667217,1.4053579270970589,422819750.0
2025-06-04,22.8,23.11,23.46,22.7,7236540.0,167876842.0,1.537785588752194,0.34999999999999787,0.017114952648262054,3.339191564147634,422819750.0
2025-06-05,22.94,23.44,23.53,22.83,8080089.0,187278826.0,1.4279532669839945,0.33000000000000185,0.019110008461052257,3.0289917784508997,422819750.0
2025-06-06,23.38,23.07,23.44,23.02,6964588.0,162312670.0,-1.5784982935153624,-0.370000000000001,0.016471766042149165,1.7918088737201439,422819750.0
2025-06-09,23.7,24.17,24.41,23.37,19517459.0,469938411.0,4.7680970957954205,1.1000000000000014,0.046160234946451766,4.508019072388379,422819750.0
2025-06-10,24.43,24.04,25.15,23.79,23782167.0,586612040.0,-0.5378568473314083,-0.13000000000000256,0.05624658498095229,5.626810095159286,422819750.0
2025-06-11,23.73,23.64,24.52,23.54,14032151.0,335920159.0,-1.6638935108153063,-0.3999999999999986,0.033187075580078745,4.076539101497506,422819750.0
2025-06-12,23.64,23.54,23.83,23.21,7785800.0,184104321.0,-0.4230118443316444,-0.10000000000000142,0.018413993196864622,2.622673434856165,422819750.0
2025-06-13,23.33,23.66,24.38,23.33,15359590.0,369146563.0,0.5097706032285432,0.120000000000001,0.03632656705369132,4.460492778249791,422819750.0
2025-06-16,23.73,23.36,23.73,23.08,8764800.0,205144025.0,-1.2679628064243498,-0.3000000000000007,0.020729400648858053,2.747252747252756,422819750.0
2025-06-17,23.58,24.03,24.58,23.38,15304349.0,369788531.0,2.868150684931514,0.6700000000000017,0.036195918000519134,5.13698630136986,422819750.0
2025-06-18,23.88,23.7,24.1,23.28,10490084.0,247851587.0,-1.3732833957553092,-0.33000000000000185,0.02480982499043623,3.412401165210155,422819750.0
2025-06-19,23.63,23.43,24.13,23.28,11889056.0,283469082.0,-1.139240506329109,-0.2699999999999996,0.02811849730292873,3.5864978902953495,422819750.0
2025-06-20,23.23,23.35,23.9,23.23,7792027.0,183892460.0,-0.34144259496371454,-0.0799999999999983,0.018428720512700742,2.8595817328211615,422819750.0
2025-06-23,23.13,23.73,23.82,23.03,8798856.0,208044143.0,1.6274089935760072,0.379999999999999,0.020809945609210543,3.383297644539611,422819750.0
2025-06-24,23.91,25.21,25.61,23.79,29762237.0,735879652.0,6.23683101559207,1.4800000000000004,0.07038989309274224,7.669616519174043,422819750.0
2025-06-25,25.25,26.49,26.89,25.25,34561500.0,910764192.0,5.077350257834179,1.2799999999999976,0.08174050526258529,6.505355017850062,422819750.0
2025-06-26,26.2,26.95,28.61,26.17,40839156.0,1126522685.0,1.7365043412608472,0.46000000000000085,0.09658762628756107,9.21102302755756,422819750.0
2025-06-27,26.92,26.19,27.42,26.12,27136135.0,726956124.0,-2.820037105751383,-0.759999999999998,0.06417896751511726,4.823747680890541,422819750.0
2025-06-30,26.19,26.26,26.51,25.6,16598696.0,435052780.0,0.2672775868652222,0.07000000000000028,0.03925714444512112,3.474608629247805,422819750.0
2025-07-01,25.92,25.98,26.22,25.27,17151435.0,442751115.0,-1.066260472201075,-0.28000000000000114,0.040564413086190985,3.617669459253615,422819750.0
2025-07-02,25.72,25.91,26.5,25.42,19230760.0,500392005.0,-0.2694380292532772,-0.07000000000000028,0.0454821705939706,4.157043879907615,422819750.0
2025-07-03,25.8,25.73,26.08,25.36,14483282.0,373246941.0,-0.6947124662292525,-0.17999999999999972,0.03425403378153457,2.778849864917016,422819750.0
2025-07-04,25.54,24.88,25.73,24.62,15940530.0,398809239.0,-3.3035367275553895,-0.8500000000000014,0.03770053314680783,4.314030314807615,422819750.0
2025-07-07,24.89,25.07,25.42,24.88,9610324.0,242568250.0,0.7636655948553006,0.19000000000000128,0.022729127482810346,2.170418006430879,422819750.0
2025-07-08,25.39,25.21,25.41,25.02,8282180.0,209202095.0,0.5584363781412138,0.14000000000000057,0.019587968632023455,1.5556441962505008,422819750.0
2025-07-09,25.22,24.79,25.35,24.73,10934153.0,274465899.0,-1.6660055533518459,-0.4200000000000017,0.02586008103926082,2.459341531138441,422819750.0
2025-07-10,24.86,24.94,24.95,24.55,7019312.0,173675391.0,0.6050826946349508,0.15000000000000213,0.016601192352060187,1.613553852359817,422819750.0
2025-07-11,24.97,25.0,25.42,24.69,11057380.0,277535835.0,0.2405773857257376,0.05999999999999872,0.026151522013813214,2.9270248596631934,422819750.0
2025-07-14,24.99,24.92,25.28,24.85,6922100.0,172880537.0,-0.31999999999999806,-0.0799999999999983,0.016371278777777054,1.7199999999999989,422819750.0
2025-07-15,25.04,24.63,25.13,24.43,7679508.0,190087661.0,-1.1637239165329105,-0.2900000000000027,0.018162604750605903,2.8089887640449405,422819750.0
2025-07-16,24.63,24.71,24.85,24.56,5045788.0,124665322.0,0.32480714575722214,0.08000000000000185,0.011933662039202285,1.177425903369885,422819750.0
2025-07-17,24.68,25.0,25.08,24.45,8856350.0,220212973.0,1.1736139214892694,0.28999999999999915,0.020945923174118523,2.5495750708215255,422819750.0
2025-07-18,25.17,26.01,26.43,25.13,22065864.0,572905263.0,4.039999999999999,1.0100000000000016,0.05218740136902309,5.200000000000003,422819750.0
2025-07-21,25.98,26.34,26.46,25.68,17751596.0,464186513.0,1.2687427912341231,0.3299999999999983,0.041983838266779164,2.9988465974625185,422819750.0
2025-07-22,26.1,26.38,27.24,25.93,22084953.0,586747536.0,0.15186028853455547,0.03999999999999915,0.05223254826672595,4.9734244495064495,422819750.0
2025-07-23,26.06,26.4,26.7,25.78,14596413.0,383829859.0,0.07581501137225999,0.019999999999999574,0.03452159696892115,3.4874905231235718,422819750.0
2025-07-24,26.4,26.98,27.01,26.27,16537301.0,441850962.0,2.1969696969696972,0.5800000000000018,0.039111940726515255,2.8030303030303108,422819750.0
2025-07-25,27.46,28.03,29.5,27.07,31310780.0,878382486.0,3.8917716827279403,1.0500000000000007,0.0740523118894044,9.00667160859896,422819750.0
2025-07-28,28.3,28.66,29.11,28.2,23232503.0,663884845.0,2.247591865858012,0.629999999999999,0.05494658894245125,3.246521584017125,422819750.0
2025-07-29,28.66,29.03,29.8,28.45,23573161.0,688406309.0,1.290997906489877,0.370000000000001,0.05575227032322875,4.710397766922545,422819750.0
2025-07-30,28.98,27.58,29.21,27.26,23309389.0,649052510.0,-4.994832931450233,-1.4500000000000028,0.05512843002248594,6.717189114708918,422819750.0
2025-07-31,27.41,27.04,27.88,26.87,14479149.0,395353658.0,-1.9579405366207392,-0.5399999999999991,0.034244258930667265,3.6620739666424873,422819750.0
2025-08-01,27.13,26.7,27.47,26.68,9607658.0,259412873.0,-1.25739644970414,-0.33999999999999986,0.022722822195510025,2.9215976331360913,422819750.0
2025-08-04,26.81,27.3,27.37,26.48,11469302.0,310160858.0,2.2471910112359605,0.6000000000000014,0.027125748028562997,3.3333333333333353,422819750.0
2025-08-05,27.37,26.97,27.45,26.88,9493144.0,257279787.0,-1.2087912087912156,-0.33000000000000185,0.02245198811077297,2.087912087912089,422819750.0
2025-08-06,27.0,27.18,27.3,26.56,9960613.0,268929306.0,0.7786429365962189,0.21000000000000085,0.023557586891340812,2.7437893956247756,422819750.0
2025-08-07,27.29,26.78,27.3,26.62,9267344.0,248648016.0,-1.471670345842524,-0.3999999999999986,0.021917954400190624,2.5018395879323023,422819750.0
2025-08-08,26.79,26.53,27.09,26.47,8766185.0,234070164.0,-0.9335324869305439,-0.25,0.020732676276356533,2.3151605675877556,422819750.0
2025-08-11,26.57,26.67,26.75,26.32,10162752.0,269902339.0,0.5277044854881341,0.14000000000000057,0.02403566058586431,1.620806633999245,422819750.0
2025-08-12,26.7,26.25,26.74,25.89,12171529.0,318188757.0,-1.5748031496063075,-0.4200000000000017,0.02878656685266003,3.187101612298455,422819750.0
2025-08-13,26.24,26.66,26.74,26.16,10534836.0,280023884.0,1.5619047619047643,0.41000000000000014,0.024915666782358202,2.209523809523803,422819750.0
2025-08-14,26.86,26.17,27.0,26.06,9661780.0,255833432.0,-1.837959489872465,-0.48999999999999844,0.02285082473086936,3.5258814703675965,422819750.0
2025-08-15,26.16,26.59,26.6,26.0,8510964.0,224913581.0,1.6048910966755647,0.41999999999999815,0.02012905972344007,2.2927015666794093,422819750.0
2025-08-18,26.7,26.68,26.93,26.44,14042105.0,374920456.0,0.3384731101917948,0.08999999999999986,0.03321061752673568,1.8427980443775798,422819750.0
2025-08-19,26.68,27.61,27.61,26.27,22680383.0,615809946.0,3.4857571214392813,0.9299999999999997,0.05364078428219117,5.022488755622188,422819750.0
2025-08-20,27.5,27.68,28.09,27.05,18126279.0,502752381.0,0.25353132922854016,0.07000000000000028,0.04286999129061497,3.7667511771097395,422819750.0
2025-08-21,27.36,26.78,27.72,26.68,15139059.0,409930743.0,-3.251445086705196,-0.8999999999999986,0.03580499491804723,3.7572254335260085,422819750.0
2025-08-22,26.78,27.28,28.26,26.78,16326801.0,449155603.0,1.8670649738610878,0.5,0.03861409264822658,5.526512322628829,422819750.0
2025-08-25,27.33,28.39,28.42,27.33,21200285.0,592572041.0,4.068914956011738,1.1099999999999994,0.05014024297587802,3.9956011730205403,422819750.0
2025-08-26,28.02,27.79,28.31,27.65,12626757.0,352162187.0,-2.1134202183867634,-0.6000000000000014,0.029863214762318933,2.3247622402254318,422819750.0
2025-08-27,27.94,26.82,27.98,26.82,14579579.0,399116847.0,-3.490464195753862,-0.9699999999999989,0.034481783313102095,4.174163368118029,422819750.0
2025-08-28,26.77,26.56,26.95,25.75,13662492.0,359892585.0,-0.9694258016405777,-0.26000000000000156,0.032312804688049694,4.474272930648767,422819750.0
2025-08-29,26.68,27.39,27.85,26.45,18310802.0,500488919.0,3.125,0.8300000000000018,0.04330640184144662,5.271084337349405,422819750.0
2025-09-01,27.65,28.01,28.09,27.1,18489010.0,513882659.0,2.2635998539612956,0.620000000000001,0.043727876949929606,3.6144578313252955,422819750.0
2025-09-02,28.14,27.69,28.48,27.51,20898614.0,585407077.0,-1.1424491253123947,-0.3200000000000003,0.04942676873537719,3.4630489111031735,422819750.0
2025-09-03,27.91,27.19,28.3,27.06,14433609.0,399745125.0,-1.8057060310581408,-0.5,0.034136553460428466,4.478150957024203,422819750.0
2025-09-04,27.3,28.01,29.18,27.3,30226074.0,859107593.0,3.0158146377344597,0.8200000000000003,0.07148690192451984,6.91430673041559,422819750.0
2025-09-05,28.02,29.8,29.94,27.85,35278238.0,1033036930.0,6.390574794716164,1.7899999999999991,0.08343564367558516,7.461620849696536,422819750.0
2025-09-08,30.11,31.18,31.9,29.08,36250958.0,1104795843.0,4.630872483221471,1.379999999999999,0.08573619846282014,9.463087248322148,422819750.0
2025-09-09,30.39,29.91,31.0,29.85,28257876.0,857116880.0,-4.073123797305966,-1.2699999999999996,0.06683196799581854,3.6882617062219327,422819750.0
2025-09-10,29.38,29.13,29.95,28.8,20724599.0,605510290.0,-2.6078234704112413,-0.7800000000000011,0.04901521038220187,3.844867937144763,422819750.0
2025-09-11,29.02,29.8,30.1,28.86,18454076.0,546854242.0,2.3000343288705816,0.6700000000000017,0.04364525545459974,4.256779951939588,422819750.0
2025-09-12,29.6,29.62,30.4,29.2,17433887.0,517390317.0,-0.6040268456375841,-0.17999999999999972,0.041232432969368155,4.02684563758389,422819750.0
2025-09-15,29.63,29.03,30.26,28.95,14576003.0,430085705.0,-1.9918973666441575,-0.5899999999999999,0.034473325808456204,4.422687373396361,422819750.0
2025-09-16,29.0,28.95,29.12,28.38,11701280.0,336115756.0,-0.2755769893214022,-0.08000000000000185,0.027674393166355168,2.5490871512228797,422819750.0
2025-09-17,28.88,29.04,29.42,28.58,11383735.0,330417155.0,0.31088082901553626,0.08999999999999986,0.026923375741081158,2.9015544041450894,422819750.0
2025-09-18,29.05,28.35,29.27,28.03,13507370.0,388076035.0,-2.3760330578512345,-0.6899999999999977,0.03194592967807204,4.269972451790628,422819750.0
2025-09-19,28.36,28.42,29.13,28.31,11599762.0,332200713.0,0.24691358024691024,0.07000000000000028,0.027434295583401675,2.8924162257495603,422819750.0
2025-09-22,28.44,28.02,28.79,27.77,7920266.0,221788686.0,-1.407459535538358,-0.40000000000000213,0.01873201523817182,3.589021815622799,422819750.0
2025-09-23,28.0,27.49,28.17,26.8,10312636.0,282149877.0,-1.891506067094939,-0.5300000000000011,0.024390147338197898,4.88936473947181,422819750.0
2025-09-24,27.27,28.16,28.19,27.09,8395541.0,233419235.0,2.437249909057848,0.6700000000000017,0.019856075786431452,4.001455074572577,422819750.0
2025-09-25,28.16,27.82,28.76,27.8,7772002.0,218321537.0,-1.2073863636363646,-0.33999999999999986,0.01838135990572815,3.4090909090909123,422819750.0
2025-09-26,27.52,26.96,27.8,26.91,10088720.0,275516685.0,-3.0913012221423397,-0.8599999999999994,0.023860569427043083,3.199137311286846,422819750.0
2025-09-29,27.05,28.9,28.9,26.9,20738739.0,581497083.0,7.195845697329362,1.9399999999999977,0.049048652528648436,7.418397626112759,422819750.0
2025-09-30,28.5,28.7,29.16,28.4,11267124.0,324088992.0,-0.692041522491349,-0.1999999999999993,0.026647582096153265,2.6297577854671337,422819750.0
2025-10-09,29.01,28.59,29.16,28.32,14336032.0,410045912.0,-0.3832752613240453,-0.10999999999999943,0.033905776634133106,2.9268292682926824,422819750.0
2025-10-10,28.66,27.81,28.86,27.6,10665490.0,298015374.0,-2.7282266526757692,-0.7800000000000011,0.025224673161554065,4.407135362014683,422819750.0
2025-10-13,26.68,27.99,28.08,26.68,10373972.0,284598593.0,0.6472491909385036,0.17999999999999972,0.024535211517437396,5.034160373966194,422819750.0
2025-10-14,28.06,27.03,28.43,26.96,10359447.0,284765199.0,-3.4297963558413636,-0.9599999999999973,0.024500858817498472,5.251875669882097,422819750.0
2025-10-15,27.0,27.05,27.4,26.75,6492548.0,175085778.0,0.07399186089529497,0.019999999999999574,0.01535535650829934,2.404735479097294,422819750.0
2025-10-16,26.89,25.97,27.0,25.89,9840793.0,258676687.0,-3.9926062846580512,-1.0800000000000018,0.023274203723927276,4.103512014787428,422819750.0
2025-10-17,26.0,25.03,26.33,25.01,7583981.0,193742770.0,-3.6195610319599503,-0.9399999999999977,0.017936676326023086,5.082787832113966,422819750.0
2025-10-20,25.5,25.1,25.77,25.04,5626258.0,142879799.0,0.2796644027167394,0.07000000000000028,0.013306516547535919,2.9165001997602893,422819750.0
2025-10-21,25.11,25.12,25.19,24.68,6149595.0,153325054.0,0.07968127490038945,0.019999999999999574,0.014544247282677784,2.0318725099601656,422819750.0
2025-10-22,25.0,24.87,25.38,24.7,5680460.0,142070325.0,-0.9952229299363013,-0.25,0.013434708288815742,2.7070063694267503,422819750.0
2025-10-23,24.81,24.76,24.92,24.27,4834931.0,118612577.0,-0.44229995979091496,-0.10999999999999943,0.011434969629493419,2.6135906714917656,422819750.0
2025-10-24,24.82,25.12,25.29,24.82,6446778.0,161886748.0,1.453957996768973,0.35999999999999943,0.015247107071039137,1.8982229402261666,422819750.0
2025-10-27,25.3,25.69,25.78,25.25,7081498.0,181056532.0,2.2691082802547724,0.5700000000000003,0.016748266844204888,2.1098726114649726,422819750.0
2025-10-28,25.75,25.55,26.0,25.48,5439482.0,140147022.0,-0.544959128065392,-0.14000000000000057,0.012864777484968476,2.0241339042428943,422819750.0
2025-10-29,25.71,26.17,26.17,25.5,5762997.0,148878463.0,2.426614481408995,0.620000000000001,0.013629914402059034,2.62230919765167,422819750.0
2025-10-30,26.17,26.05,26.68,26.0,7483528.0,196614748.0,-0.45854031333588674,-0.120000000000001,0.017699097546886113,2.598395108903323,422819750.0
2025-10-31,26.0,26.49,27.1,25.98,9399845.0,250755380.0,1.6890595009596776,0.4399999999999977,0.022231329071075796,4.29942418426104,422819750.0
2025-11-03,26.49,26.25,26.66,25.59,8168239.0,213468698.0,-0.9060022650056565,-0.23999999999999844,0.01931848973469191,4.039260098150247,422819750.0
2025-11-04,26.11,27.18,28.19,25.77,15441856.0,416495509.0,3.5428571428571365,0.9299999999999997,0.03652113223187895,9.219047619047625,422819750.0
2025-11-05,26.34,28.18,28.58,26.33,26856369.0,750537814.0,3.679175864606332,1.0,0.06351730022072054,8.27814569536424,422819750.0
2025-11-06,28.09,29.05,29.72,27.69,23481144.0,678854332.0,3.087295954577729,0.870000000000001,0.055534643308407426,7.203690560681326,422819750.0
2025-11-07,29.3,31.96,31.96,29.0,41865151.0,1290387314.0,10.017211703958683,2.91,0.0990141803924722,10.189328743545614,422819750.0
2025-11-10,33.9,34.07,34.68,32.8,53073916.0,1794914769.0,6.602002503128901,2.1099999999999994,0.1255237391347022,5.882352941176478,422819750.0
2025-11-11,34.37,37.48,37.48,34.37,45788065.0,1661107691.0,10.008805400645727,3.4099999999999966,0.10829216232212427,9.12826533607279,422819750.0
2025-11-12,37.48,39.07,39.2,36.23,41678074.0,1568020300.0,4.242262540021358,1.5900000000000034,0.09857172944262892,7.924226254002151,422819750.0
2025-11-13,38.29,38.8,39.55,37.0,38894749.0,1496064111.0,-0.6910673150755109,-0.2700000000000031,0.09198895983453942,6.526746864601988,422819750.0
2025-11-14,38.76,36.3,39.06,36.19,33371761.0,1234317776.0,-6.443298969072164,-2.5,0.07892668447961572,7.396907216494858,422819750.0
2025-11-17,37.02,35.78,37.19,35.46,20588457.0,739198431.0,-1.4325068870523316,-0.519999999999996,0.04869322447686041,4.765840220385667,422819750.0
2025-11-18,36.14,33.76,36.22,33.38,23852500.0,816038048.0,-5.645612073784245,-2.020000000000003,0.05641292773102486,7.937395192845155,422819750.0
2025-11-19,33.8,33.3,34.44,32.88,11981253.0,399995275.0,-1.3625592417061627,-0.46000000000000085,0.028336550031071158,4.620853080568707,422819750.0
2025-11-20,33.3,32.1,33.72,31.85,17359795.0,562982896.0,-3.603603603603589,-1.1999999999999957,0.04105719990610656,5.615615615615608,422819750.0
2025-11-21,31.63,30.52,31.63,30.45,14435595.0,447700501.0,-4.9221183800623125,-1.5800000000000018,0.03414125049740463,3.6760124610591887,422819750.0
2025-11-24,30.8,30.89,31.46,30.69,12826869.0,398112372.0,1.2123197903014526,0.370000000000001,0.030336494451832015,2.5229357798165126,422819750.0
2025-11-25,30.9,31.31,31.6,30.6,13447041.0,418815921.0,1.3596633214632448,0.41999999999999815,0.03180324712835671,3.2372936225315634,422819750.0
2025-11-26,31.0,31.04,31.39,30.83,8875271.0,275549847.0,-0.8623442989460273,-0.2699999999999996,0.020990672739388358,1.7885659533695377,422819750.0
2025-11-27,31.21,31.85,32.44,31.11,16902248.0,541201758.0,2.6095360824742286,0.8100000000000023,0.039975067389827465,4.284793814432984,422819750.0
2025-11-28,31.86,31.45,31.99,31.2,11363438.0,357614455.0,-1.2558869701726927,-0.40000000000000213,0.0268753718339789,2.480376766091049,422819750.0
2025-12-01,31.6,32.01,32.55,31.54,13867569.0,444228688.0,1.780604133545305,0.5599999999999987,0.03279782697000318,3.2114467408584995,422819750.0
2025-12-02,31.86,32.24,32.79,31.86,14069534.0,455731557.0,0.7185254607935176,0.23000000000000398,0.03327548914164961,2.905342080599812,422819750.0
2025-12-03,32.19,31.0,32.4,30.66,16523243.0,514583351.0,-3.8461538461538547,-1.240000000000002,0.039078692516137194,5.397022332506198,422819750.0
2025-12-04,30.98,31.36,31.79,30.86,9224063.0,289912256.0,1.1612903225806326,0.35999999999999943,0.02181559163213166,2.999999999999999,422819750.0
2025-12-05,31.36,31.96,32.2,31.04,8432742.0,267028979.0,1.913265306122458,0.6000000000000014,0.019944058904533195,3.6989795918367463,422819750.0
2025-12-08,32.0,32.77,32.82,31.55,13093118.0,422938510.0,2.534418022528162,0.8100000000000023,0.03096619304088799,3.9737171464330396,422819750.0
2025-12-09,32.45,33.39,33.74,32.37,13412217.0,445513610.0,1.8919743667988875,0.6199999999999974,0.03172088579116751,4.180653036313715,422819750.0
2025-12-10,33.02,33.68,33.93,32.71,15550375.0,520990338.0,0.868523510032948,0.28999999999999915,0.0367777876979493,3.653788559448933,422819750.0
2025-12-11,33.81,35.0,35.78,33.69,23229619.0,810473918.0,3.9192399049881255,1.3200000000000003,0.05493976806901759,6.205463182897873,422819750.0
2025-12-12,35.01,35.8,36.0,33.35,23675905.0,826689616.0,2.2857142857142687,0.7999999999999972,0.05599526748691375,7.571428571428568,422819750.0
2025-12-15,35.58,36.01,37.08,35.32,16729473.0,606650562.0,0.5865921787709505,0.21000000000000085,0.039566441728419735,4.916201117318431,422819750.0
2025-12-16,35.88,36.11,36.4,35.3,13982587.0,502399534.0,0.27770063871146444,0.10000000000000142,0.033069853052039314,3.0547070258261635,422819750.0
2025-12-17,35.88,36.27,36.51,34.84,13430338.0,477682953.0,0.4430905566325194,0.1600000000000037,0.03176374329723245,4.624757684851827,422819750.0
2025-12-18,36.11,35.3,36.5,35.22,9598186.0,343714724.0,-2.6743865453543014,-0.970000000000006,0.022700420214524036,3.5290874000551447,422819750.0
2025-12-19,35.29,35.61,36.24,35.26,8680301.0,309555734.0,0.8781869688385235,0.3100000000000023,0.02052955426041475,2.776203966005677,422819750.0
2025-12-22,36.0,37.02,37.36,35.75,11762507.0,430956386.0,3.959561920808774,1.4100000000000037,0.027819199552528,4.52120190957596,422819750.0
2025-12-23,37.5,35.83,37.5,35.45,10682061.0,386137520.0,-3.214478660183695,-1.1900000000000048,0.025263864802909514,5.5375472717449945,422819750.0
2025-12-24,35.83,35.5,36.45,35.32,7847594.0,279620004.0,-0.9210159084565905,-0.3299999999999983,0.018560140579998923,3.153781747139276,422819750.0
2025-12-25,35.37,35.31,35.65,35.01,7439516.0,262960383.0,-0.5352112676056286,-0.18999999999999773,0.01759500590972867,1.8028169014084523,422819750.0
2025-12-26,35.3,35.77,36.35,35.1,7852265.0,280979744.0,1.3027470971396227,0.46000000000000085,0.01857118784068152,3.540073633531577,422819750.0
2025-12-29,35.4,35.44,36.07,34.61,7724603.0,273008421.0,-0.9225608051439904,-0.3300000000000054,0.018269257762911974,4.081632653061226,422819750.0
2025-12-30,35.36,35.29,35.89,34.88,6933460.0,245627695.0,-0.4232505643340767,-0.14999999999999858,0.0163981460184866,2.849887133182839,422819750.0
2025-12-31,35.58,35.35,35.6,34.72,5410479.0,190171265.0,0.17001983564750578,0.060000000000002274,0.012796183243568921,2.4936242561632262,422819750.0
2026-01-05,35.86,35.62,36.7,35.4,8329115.0,298632821.0,0.7637906647807613,0.269999999999996,0.019698973380500792,3.6775106082036895,422819750.0
2026-01-06,35.68,35.96,36.13,35.37,7329850.0,262520658.0,0.9545199326221221,0.3400000000000034,0.017335637703773298,2.1336327905671117,422819750.0
2026-01-07,36.1,36.59,36.88,35.79,11779821.0,430151077.0,1.7519466073415035,0.6300000000000026,0.027860148443869994,3.031145717463858,422819750.0
2026-01-08,36.5,35.99,36.99,35.9,11533758.0,420625893.0,-1.6397922929762276,-0.6000000000000014,0.027278191238701597,2.978955998906814,422819750.0
2026-01-09,35.81,36.67,37.53,35.81,13887631.0,513198590.0,1.8894137260350163,0.6799999999999997,0.03284527508471399,4.7791053070297265,422819750.0
2026-01-12,36.67,37.2,37.3,35.91,13518864.0,496559191.0,1.4453231524406807,0.5300000000000011,0.03197311383869841,3.790564494136898,422819750.0
2026-01-13,37.9,36.51,39.5,36.37,20025828.0,753901062.0,-1.854838709677431,-0.6900000000000048,0.04736256525387,8.413978494623663,422819750.0
2026-01-14,36.7,36.18,38.0,35.65,13705166.0,503585180.0,-0.9038619556285932,-0.3299999999999983,0.03241373185618694,6.436592714324847,422819750.0
2026-01-15,36.32,37.91,37.97,36.18,14799187.0,552285513.0,4.781647318960736,1.7299999999999969,0.035001172485438534,4.947484798231065,422819750.0
2026-01-16,37.7,37.89,38.98,37.08,10778887.0,411683123.0,-0.052756528620401255,-0.01999999999999602,0.025492865458626283,5.01187021893959,422819750.0
2026-01-19,37.88,37.25,38.36,37.02,7951359.0,297687136.0,-1.6891000263921874,-0.6400000000000006,0.018805552484244172,3.5365531802586334,422819750.0
2026-01-20,37.49,35.93,37.53,35.6,9190538.0,332375694.0,-3.5436241610738217,-1.3200000000000003,0.021736302526076418,5.181208053691274,422819750.0
2026-01-21,35.85,38.23,38.3,35.7,14258945.0,536683632.0,6.4013359309768925,2.299999999999997,0.033723460174223174,7.236292791539088,422819750.0
2026-01-22,38.23,37.56,38.24,37.38,7618662.0,287057780.0,-1.7525503531258035,-0.6699999999999946,0.018018699457629402,2.2495422443107493,422819750.0
2026-01-23,37.75,38.72,38.78,37.66,9625857.0,370386611.0,3.088391906283272,1.1599999999999966,0.02276586417734744,2.981895633652834,422819750.0
2026-01-26,38.8,37.7,38.9,37.33,9033480.0,341600417.0,-2.634297520661144,-1.019999999999996,0.021364848732822912,4.054752066115704,422819750.0
2026-01-27,38.18,41.47,41.47,38.0,22879294.0,925571454.0,9.999999999999986,3.769999999999996,0.0541112235178229,9.204244031830235,422819750.0
2026-01-28,42.3,44.3,44.74,42.01,34119477.0,1478903389.0,6.82421027248612,2.8299999999999983,0.08069508815517723,6.583072100313489,422819750.0
2026-01-29,44.77,42.18,45.27,42.0,23883009.0,1028726330.0,-4.785553047404056,-2.1199999999999974,0.05648508377387764,7.381489841986463,422819750.0
2026-01-30,42.0,42.19,43.35,39.4,18000973.0,741758555.0,0.02370791844474862,0.00999999999999801,0.04257363332720385,9.364627785680424,422819750.0
2026-02-02,41.0,39.76,42.29,39.67,11413861.0,467285979.0,-5.7596586868926325,-2.4299999999999997,0.02699462596058959,6.2100023702299065,422819750.0
2026-02-03,40.45,40.19,40.53,39.38,8219759.0,328375390.0,1.0814889336016043,0.4299999999999997,0.019440338347487315,2.8923541247484876,422819750.0
2026-02-04,39.95,39.84,40.18,39.31,7160628.0,283720658.0,-0.870863398855426,-0.3499999999999943,0.016935415150309323,2.1647175914406507,422819750.0
2026-02-05,39.66,39.03,40.58,38.86,8957925.0,353513590.0,-2.033132530120485,-0.8100000000000023,0.021186155566290363,4.317269076305218,422819750.0
2026-02-06,38.75,42.93,42.93,38.19,15509018.0,637719563.0,9.992313604919278,3.8999999999999986,0.03667997533227812,12.144504227517299,422819750.0
2026-02-09,42.94,46.01,47.01,42.08,20436690.0,915236416.0,7.17447006755183,3.0799999999999983,0.04833428429017329,11.483810854880035,422819750.0
2026-02-10,46.05,45.97,47.18,44.52,16874288.0,776395412.0,-0.08693762225603363,-0.03999999999999915,0.03990893992061629,5.781351880026074,422819750.0
2026-02-11,46.0,46.27,47.74,46.0,10795242.0,504390531.0,0.6525995214270219,0.30000000000000426,0.02553154624399641,3.785077224276707,422819750.0
2026-02-12,46.61,45.94,47.01,45.4,8789902.0,406594087.0,-0.7132051004970941,-0.3300000000000054,0.02078876873655973,3.4795763993948547,422819750.0
2026-02-13,45.65,45.14,46.55,45.09,6280390.0,287332836.0,-1.7414018284719113,-0.7999999999999972,0.01485358713730851,3.1780583369612403,422819750.0
2026-02-24,45.14,44.56,45.66,43.84,11270301.0,501315451.0,-1.2848914488258756,-0.5799999999999983,0.026655095936270717,4.031900753212214,422819750.0
2026-02-25,44.36,44.57,45.4,44.16,9256236.0,414045305.0,0.022441651705551457,0.00999999999999801,0.021891683158130622,2.78276481149013,422819750.0
2026-02-26,44.6,45.6,46.1,44.18,9593314.0,434276848.0,2.3109715054969726,1.0300000000000011,0.02268889757396621,4.3078303791788235,422819750.0
2026-02-27,45.58,47.83,48.1,45.3,12153515.0,571064020.0,4.890350877192984,2.229999999999997,0.028743962409513747,6.140350877192992,422819750.0
2026-03-02,47.36,49.63,50.35,46.86,16543181.0,807866275.0,3.7633284549446033,1.8000000000000043,0.039125847361671254,7.296675726531469,422819750.0
2026-03-03,51.13,52.66,54.59,51.13,25489253.0,1366529687.0,6.1051783195647635,3.029999999999994,0.060283969705767056,6.9715897642554925,422819750.0
2026-03-04,52.66,55.41,56.9,52.23,17715607.0,970606065.0,5.222180022787692,2.75,0.04189872161837284,8.86821116597038,422819750.0
2026-03-05,54.5,53.27,54.5,52.45,13421033.0,713793608.0,-3.862118751127941,-2.1399999999999935,0.031741736283605486,3.699693196173971,422819750.0
2026-03-06,52.69,52.9,53.63,51.69,9028958.0,476288073.0,-0.6945748075840141,-0.37000000000000455,0.021354153868167226,3.641824666791824,422819750.0
2026-03-09,51.0,50.93,51.5,49.2,14569666.0,733204674.0,-3.7240075614366708,-1.9699999999999989,0.03445833833447941,4.347826086956517,422819750.0
2026-03-10,50.92,52.32,52.57,50.9,7603532.0,394270079.0,2.729236206558028,1.3900000000000006,0.017982915887916777,3.2790104064402157,422819750.0
2026-03-11,52.45,52.29,53.13,51.77,8307478.0,435105820.0,-0.05733944954128267,-0.030000000000001137,0.01964780027423033,2.5993883792048917,422819750.0
2026-03-12,52.37,50.65,52.75,50.12,7802103.0,399710605.0,-3.1363549435838634,-1.6400000000000006,0.018452550998386427,5.0296423790399745,422819750.0
2026-03-13,50.5,50.09,51.18,49.86,5956133.0,300595460.0,-1.105626850937802,-0.5599999999999952,0.014086695335305412,2.6061204343534063,422819750.0
2026-03-16,49.9,47.55,50.66,46.46,14544018.0,692789261.0,-5.070872429626682,-2.5400000000000063,0.03439767891637039,8.384907167099213,422819750.0
2026-03-17,48.5,46.39,48.58,46.31,7676000.0,362001461.0,-2.439537329127228,-1.1599999999999966,0.018154308070992428,4.773922187171391,422819750.0
2026-03-18,46.39,46.15,46.73,45.73,5963562.0,275211720.0,-0.51735287777539,-0.240000000000002,0.014104265470096891,2.155636990730761,422819750.0
2026-03-19,46.01,43.2,46.01,42.82,10493194.0,460543617.0,-6.392199349945815,-2.9499999999999957,0.02481718037059527,6.91224268689057,422819750.0
2026-03-20,43.58,43.11,44.8,43.04,6897518.0,302776090.0,-0.2083333333333437,-0.09000000000000341,0.016313140528558565,4.07407407407407,422819750.0
2026-03-23,42.5,40.49,42.98,40.23,10882426.0,450178865.0,-6.077476223614009,-2.6199999999999974,0.025737742856146148,6.3790303873811185,422819750.0
2026-03-24,42.0,41.11,42.0,39.14,12095382.0,485117451.0,1.5312422820449534,0.6199999999999974,0.028606473562315857,7.063472462336377,422819750.0
2026-03-25,41.43,41.98,42.3,41.35,7468374.0,312638827.0,2.1162734127949445,0.8699999999999974,0.01766325721539734,2.3108732668450394,422819750.0
2026-03-26,42.26,41.04,42.29,40.8,4825431.0,199823807.0,-2.239161505478793,-0.9399999999999977,0.01141250142643526,3.5493091948546973,422819750.0
2026-03-27,40.52,41.28,42.3,40.18,7573279.0,313689727.0,0.5847953216374213,0.240000000000002,0.01791136530400957,5.165692007797265,422819750.0
2026-03-30,41.13,41.56,42.22,40.4,6586950.0,271653752.0,0.6782945736434121,0.28000000000000114,0.015578624224625269,4.408914728682172,422819750.0
2026-03-31,41.73,40.98,42.0,40.6,4389694.0,181083940.0,-1.3955726660250356,-0.5800000000000054,0.010381951174229681,3.3686236766121236,422819750.0
2026-04-01,41.7,42.59,43.0,41.06,7669137.0,322262292.0,3.928745729624228,1.6100000000000065,0.018138076568088413,4.734016593460219,422819750.0
2026-04-02,42.41,40.72,42.55,40.5,9080400.0,375169691.0,-4.390702042733041,-1.8700000000000045,0.021475818005190155,4.813336463958668,422819750.0
2026-04-03,40.8,40.26,41.26,40.06,5412396.0,219285234.0,-1.129666011787822,-0.46000000000000085,0.012800717090438656,2.9469548133595183,422819750.0
2026-04-07,40.47,40.34,41.18,40.15,4242856.0,172293059.0,0.1987083954297253,0.0800000000000054,0.010034668437318739,2.5583705911574794,422819750.0
2026-04-08,41.5,42.75,42.88,41.33,8749786.0,369005680.0,5.97421913733267,2.4099999999999966,0.02069389142773014,3.842340109072891,422819750.0
2026-04-09,42.88,41.9,42.89,41.78,6242096.0,263475793.0,-1.9883040935672502,-0.8500000000000014,0.014763018993318075,2.596491228070174,422819750.0
2026-04-10,42.8,42.99,43.6,42.08,8679696.0,372367435.0,2.601431980906921,1.0900000000000034,0.020528123390641046,3.627684964200485,422819750.0
2026-04-13,42.81,42.59,43.33,41.86,7401753.0,315284126.0,-0.9304489416143258,-0.3999999999999986,0.017505693620035487,3.4193998604326556,422819750.0
2026-04-14,43.44,43.64,43.72,42.33,8539570.0,368478519.0,2.4653674571495587,1.0499999999999972,0.020196715030459198,3.263676919464664,422819750.0
2026-04-15,43.7,43.28,44.39,43.1,9059412.0,396205911.0,-0.8249312557286892,-0.35999999999999943,0.021426179831949665,2.956003666361134,422819750.0
2026-04-16,43.5,44.51,44.69,43.12,7333515.0,323581217.0,2.8419593345656136,1.2299999999999969,0.017344305700005735,3.6275415896487995,422819750.0
2026-04-17,44.49,45.61,45.93,44.28,9793113.0,444358268.0,2.471354751741184,1.1000000000000014,0.02316143699531538,3.7070321276117695,422819750.0
2026-04-20,45.64,48.7,49.37,45.62,13889392.0,665323939.0,6.774830081122563,3.0900000000000034,0.03284943998003877,8.221881166410874,422819750.0
2026-04-21,48.3,47.92,48.7,47.55,8008036.0,384340414.0,-1.6016427104722841,-0.7800000000000011,0.018939597783689147,2.361396303901449,422819750.0
2026-04-22,48.4,48.42,48.77,47.63,8152173.0,393762154.0,1.043405676126885,0.5,0.019280492455709553,2.3789649415692833,422819750.0
2026-04-23,48.2,48.73,49.37,47.23,9240251.0,446563750.0,0.6402313093762713,0.30999999999999517,0.02185387745014276,4.419661296984718,422819750.0
2026-04-24,48.9,48.65,49.0,47.5,8803157.0,424107459.0,-0.16416991586291063,-0.0799999999999983,0.020820117792510875,3.078185922429715,422819750.0
2026-04-27,48.9,48.73,49.48,47.79,9318726.0,453142689.0,0.16443987667009718,0.0799999999999983,0.022039476632773187,3.4737923946556997,422819750.0
2026-04-28,48.42,47.0,48.42,46.73,9128216.0,432607348.0,-3.550174430535602,-1.7299999999999969,0.021588906383866884,3.468089472604156,422819750.0
2026-04-29,46.79,47.21,47.61,46.76,5519380.0,260734473.0,0.44680851063829685,0.21000000000000085,0.013053742167909612,1.8085106382978753,422819750.0
2026-04-30,47.5,46.35,47.7,46.32,6147314.0,287469520.0,-1.821647955941541,-0.8599999999999994,0.014538852548869819,2.9231095106968916,422819750.0
2026-05-06,47.0,45.9,47.25,45.6,10452415.0,482123080.0,-0.9708737864077777,-0.45000000000000284,0.024720735017699624,3.5598705501618086,422819750.0
2026-05-07,46.1,45.89,46.3,45.07,7939491.0,362659451.0,-0.02178649237472019,-0.00999999999999801,0.018777483785939516,2.6797385620914964,422819750.0
2026-05-08,46.0,45.3,46.46,45.0,6829316.0,311209964.0,-1.285683155371553,-0.5900000000000034,0.016151837751193034,3.181521028546526,422819750.0
2026-05-11,45.3,45.34,46.06,44.44,8872840.0,402036421.0,0.08830022075057009,0.04000000000000625,0.020984923244479474,3.5761589403973613,422819750.0
2026-05-12,45.45,44.07,45.87,43.76,11855491.0,527085372.0,-2.8010586678429705,-1.2700000000000031,0.028039113593913246,4.653727393030435,422819750.0
2026-05-13,44.08,44.02,44.6,43.7,8496755.0,373939156.0,-0.11345586566824384,-0.04999999999999716,0.020095454386887084,2.0422055820285876,422819750.0
2026-05-14,43.83,41.81,44.0,41.78,11508511.0,490036684.0,-5.020445252158112,-2.210000000000001,0.027218480215269035,5.043162199000451,422819750.0
2026-05-15,41.96,42.89,44.35,41.2,13433738.0,576238727.0,2.5831140875388625,1.0799999999999983,0.031771784548853266,7.53408275532169,422819750.0
2026-05-18,42.69,42.87,44.09,42.6,8524659.0,369124503.0,-0.046630916297507596,-0.020000000000003126,0.020161449411953913,3.4740032641641454,422819750.0
2026-05-19,42.86,41.57,43.04,41.35,8764768.0,365744116.0,-3.0324236062514554,-1.2999999999999972,0.020729324966489857,3.94215068812689,422819750.0
2026-05-20,41.3,45.73,45.73,40.96,17935511.0,787861151.0,10.007216742843394,4.159999999999997,0.04241881085261509,11.474621121000713,422819750.0
2026-05-21,48.0,45.9,48.24,45.58,19514709.0,920154206.0,0.3717472118959231,0.1700000000000017,0.04615373099293493,5.816750492018377,422819750.0
2026-05-22,46.2,50.49,50.49,45.8,21588211.0,1036780194.0,10.000000000000009,4.590000000000003,0.0510577166747769,10.217864923747287,422819750.0
2026-05-25,53.0,55.54,55.54,51.12,30521881.0,1629108338.0,10.001980590215886,5.049999999999997,0.07218650737104877,8.754208754208758,422819750.0
2026-05-26,55.54,58.3,60.26,55.54,35840720.0,2087124777.0,4.9693914296002895,2.759999999999998,0.08476595523269667,8.498379546272956,422819750.0
2026-05-27,58.8,64.13,64.13,58.73,21140757.0,1322340965.0,9.999999999999986,5.829999999999998,0.04999945485044159,9.262435677530014,422819750.0
2026-05-28,64.68,63.7,66.06,59.36,39107047.0,2436982199.0,-0.6705130204272436,-0.4299999999999926,0.0924910603158911,10.44752845782006,422819750.0
2026-05-29,64.77,58.87,64.78,58.45,33593530.0,2042377034.0,-7.582417582417589,-4.830000000000005,0.07945118457687939,9.937205651491363,422819750.0
2026-06-01,58.5,59.53,62.87,58.11,21958626.0,1329434489.0,1.121114319687444,0.6600000000000037,0.05193377556275458,8.085612366230675,422819750.0
2026-06-02,60.04,61.79,62.6,59.88,20913725.0,1281935586.0,3.7964051738619053,2.259999999999998,0.0494625073686837,4.569124811019652,422819750.0
2026-06-03,61.79,67.97,67.97,61.79,19596261.0,1318117930.0,10.001618384851918,6.18,0.04634660750828219,10.001618384851918,422819750.0
2026-06-04,69.05,66.9,71.2,65.0,37585216.0,2544332488.0,-1.5742239223186627,-1.0699999999999932,0.08889181737608047,9.12167132558482,422819750.0
2026-06-05,65.0,65.27,67.33,63.28,22776607.0,1485379026.0,-2.436472346786267,-1.6300000000000097,0.053868361163356256,6.053811659192821,422819750.0
2026-06-08,60.06,63.45,65.72,60.06,16658372.0,1052549399.0,-2.7884173433430304,-1.8199999999999932,0.03939828260151045,8.67167151830856,422819750.0
2026-06-09,65.48,69.8,69.8,64.0,25645563.0,1763753078.0,10.00788022064616,6.349999999999994,0.06065365442366399,9.141055949566583,422819750.0
2026-06-10,71.2,74.79,75.09,70.2,35654753.0,2597220030.0,7.148997134670498,4.990000000000009,0.08432612951500018,7.005730659025788,422819750.0
2026-06-11,73.86,74.39,76.26,71.25,29183797.0,2158902096.0,-0.5348308597406093,-0.4000000000000057,0.06902183968464103,6.698756518251109,422819750.0
2026-06-12,76.0,72.6,79.5,71.7,26590434.0,1999271378.0,-2.4062373974996776,-1.7900000000000063,0.06288834426490247,10.48528027960747,422819750.0
2026-06-15,75.43,75.44,76.18,69.9,23070928.0,1699004414.0,3.9118457300275633,2.8400000000000034,0.054564452109912086,8.650137741046834,422819750.0
2026-06-16,76.0,82.98,82.98,73.49,19190679.0,1535609188.0,9.994697773064697,7.540000000000006,0.045372376835886664,12.579533404029705,422959525.99999994
2026-06-17,83.0,79.54,86.0,77.31,29479299.0,2344520538.0,-4.14557724752952,-3.4399999999999977,0.06969768308280165,10.472402988671965,422959525.99999994
2026-06-18,83.26,87.49,87.49,83.23,18681400.0,1624257923.0,9.994971083731441,7.949999999999989,0.044168292358073055,5.355795825999485,422959525.99999994
2026-06-22,91.86,96.24,96.24,90.15,26815955.0,2547006671.0,10.00114298777004,8.75,0.06340075905986334,6.960795519487929,422959525.99999994
2026-06-23,100.0,101.07,105.86,96.3,48524041.0,4943636314.0,5.0187032418952615,4.829999999999998,0.11472502217623538,9.933499584372406,422959525.99999994
