date,open,close,high,low,volume,amount,pct_chg,change,turnover,amplitude,outstanding_share
2023-06-26,13.91,14.8,15.18,13.91,4804849.0,72476450.0,,,0.017548754565376187,,273800000.0
2023-06-27,14.8,15.08,15.24,14.73,2830649.0,43225828.0,1.8918918918918948,0.27999999999999936,0.010338382030679327,3.445945945945944,273800000.0
2023-06-28,15.18,15.32,15.41,15.04,3426936.0,52944221.0,1.5915119363395291,0.2400000000000002,0.012516201607012417,2.4535809018567707,273800000.0
2023-06-29,15.28,15.52,15.67,15.25,3424882.0,54063270.0,1.305483028720622,0.1999999999999993,0.012508699780861943,2.741514360313315,273800000.0
2023-06-30,15.62,15.6,15.71,15.47,2687651.0,42586451.0,0.5154639175257714,0.08000000000000007,0.009816110299488678,1.546391752577321,273800000.0
2023-07-03,15.63,15.74,15.94,15.6,3811349.0,61055448.0,0.8974358974358942,0.14000000000000057,0.013920193571950328,2.179487179487179,273800000.0
2023-07-04,15.67,15.71,15.89,15.63,3008553.0,48169671.0,-0.1905972045743276,-0.02999999999999936,0.010988140978816655,1.651842439644217,273800000.0
2023-07-05,15.74,15.47,15.77,15.45,2607561.0,41134188.0,-1.5276893698281335,-0.2400000000000002,0.009523597516435355,2.0369191597708483,273800000.0
2023-07-06,15.52,15.46,15.55,15.35,1801749.0,28245669.0,-0.06464124111182912,-0.009999999999999787,0.006580529583637692,1.292824822236594,273800000.0
2023-07-07,15.52,15.34,15.52,15.32,2212151.0,34535139.0,-0.7761966364812523,-0.120000000000001,0.008079441197954711,1.2936610608020653,273800000.0
2023-07-10,15.45,15.62,15.91,15.36,4266849.0,67808260.0,1.8252933507170832,0.27999999999999936,0.01558381665449233,3.585397653194268,273800000.0
2023-07-11,15.67,15.63,15.67,15.39,2293339.0,36144793.0,0.0640204865557159,0.010000000000001563,0.008375964207450693,1.792573623559535,273800000.0
2023-07-12,15.62,15.68,15.86,15.47,2743249.0,43700776.0,0.31989763275750427,0.049999999999998934,0.01001917092768444,2.4952015355086297,273800000.0
2023-07-13,15.82,15.77,15.92,15.64,2639888.0,42250282.0,0.5739795918367374,0.08999999999999986,0.009641665449233016,1.7857142857142818,273800000.0
2023-07-14,15.77,15.83,16.09,15.67,4134200.0,66590540.0,0.38046924540267035,0.0600000000000005,0.015099342585829073,2.6632847178186427,273800000.0
2023-07-17,16.12,15.94,16.26,15.91,5585204.0,90965323.0,0.6948831332912242,0.10999999999999943,0.020398845872899928,2.2109917877447973,273800000.0
2023-07-18,15.98,15.97,16.12,15.81,3300800.0,53482910.0,0.18820577164366803,0.030000000000001137,0.012055514974433893,1.944792973651195,273800000.0
2023-07-19,16.05,15.75,16.05,15.63,2759900.0,44205325.0,-1.3775829680651275,-0.22000000000000064,0.010079985390796202,2.629931120851596,273800000.0
2023-07-20,15.83,15.56,15.9,15.55,2018200.0,32122426.0,-1.2063492063491998,-0.1899999999999995,0.007371073776479182,2.2222222222222197,273800000.0
2023-07-21,15.47,15.29,15.62,15.29,2116400.0,33054426.0,-1.7352185089974381,-0.27000000000000135,0.00772972972972973,2.1208226221079696,273800000.0
2023-07-24,15.29,15.33,15.52,15.06,2263000.0,35288852.0,0.2616088947024364,0.040000000000000924,0.008265157048940833,3.008502289077823,273800000.0
2023-07-25,15.38,15.5,15.74,15.38,2311479.0,36510087.0,1.108936725375087,0.16999999999999993,0.008442216946676406,2.3483365949119337,273800000.0
2023-07-26,15.76,15.33,15.76,15.22,2768079.0,43116564.0,-1.0967741935483888,-0.16999999999999993,0.010109857560262966,3.4838709677419297,273800000.0
2023-07-27,15.35,15.14,15.47,15.14,2142645.0,33213572.0,-1.2393998695368502,-0.1899999999999995,0.007825584368151936,2.1526418786692765,273800000.0
2023-07-28,15.06,14.96,15.28,14.9,2300100.0,35038661.0,-1.1889035667106973,-0.17999999999999972,0.008400657414170927,2.5099075297225824,273800000.0
2023-07-31,14.98,14.93,15.02,14.83,2206900.0,33416937.0,-0.20053475935829512,-0.030000000000001137,0.00806026296566837,1.2700534759358255,273800000.0
2023-08-01,14.92,14.82,14.93,14.7,2383418.0,35726794.0,-0.7367716008037428,-0.10999999999999943,0.008704959824689554,1.540522438044209,273800000.0
2023-08-02,14.85,14.75,14.87,14.72,1904761.0,28533583.0,-0.47233468286099756,-0.07000000000000028,0.006956760409057706,1.0121457489878447,273800000.0
2023-08-03,14.68,14.78,15.01,14.67,2215900.0,33356511.0,0.20338983050847137,0.02999999999999936,0.008093133674214756,2.305084745762711,273800000.0
2023-08-04,14.98,15.16,15.92,14.98,6706555.0,104708876.0,2.571041948579156,0.3800000000000008,0.02449435719503287,6.359945872801079,273800000.0
2023-08-07,15.08,14.76,15.12,14.56,5726800.0,85584632.0,-2.638522427440637,-0.40000000000000036,0.02091599707815924,3.6939313984168782,273800000.0
2023-08-08,14.63,14.37,14.69,14.27,4305824.0,62936741.0,-2.6422764227642337,-0.39000000000000057,0.015726165084002923,2.8455284552845526,273800000.0
2023-08-09,14.29,14.3,14.47,14.29,2312300.0,33733612.0,-0.4871259568545505,-0.06999999999999851,0.008445215485756026,1.2526096033403027,273800000.0
2023-08-10,14.31,14.48,14.8,14.3,3379049.0,49924114.0,1.2587412587412583,0.17999999999999972,0.012341303871439007,3.4965034965034962,273800000.0
2023-08-11,14.59,14.16,14.61,14.13,2274700.0,33032759.0,-2.209944751381221,-0.3200000000000003,0.008307888970051133,3.314917127071814,273800000.0
2023-08-14,14.0,14.06,14.14,13.84,2634100.0,37335703.0,-0.7062146892655385,-0.09999999999999964,0.009620525931336742,2.118644067796615,273800000.0
2023-08-15,14.06,13.92,14.19,13.85,2218700.0,31442098.0,-0.9957325746799417,-0.14000000000000057,0.008103360116873631,2.4182076813655753,273800000.0
2023-08-16,13.91,13.72,13.91,13.71,2093700.0,29291973.0,-1.4367816091953922,-0.1999999999999993,0.0076468224981738496,1.4367816091953973,273800000.0
2023-08-17,13.72,13.83,13.86,13.49,2784500.0,38714602.0,0.8017492711370311,0.10999999999999943,0.010169831994156319,2.696793002915446,273800000.0
2023-08-18,13.83,13.75,14.2,13.75,2621477.0,37068252.0,-0.5784526391901634,-0.08000000000000007,0.009574422936449964,3.2537960954446805,273800000.0
2023-08-21,13.66,13.42,13.82,13.4,2754910.0,37973991.0,-2.400000000000002,-0.33000000000000007,0.010061760409057706,3.054545454545454,273800000.0
2023-08-22,13.5,13.49,13.65,13.2,1993200.0,27115826.0,0.5216095380029762,0.07000000000000028,0.007279766252739225,3.353204172876312,273800000.0
2023-08-23,13.63,13.21,13.64,13.21,2107110.0,28533574.0,-2.075611564121571,-0.27999999999999936,0.007695799853907962,3.1875463306152687,273800000.0
2023-08-24,13.25,13.32,13.49,13.12,2111000.0,28555789.0,0.832702498107496,0.10999999999999943,0.007710007304601899,2.8009084027252156,273800000.0
2023-08-25,13.24,13.05,13.38,13.02,1772301.0,23694951.0,-2.0270270270270285,-0.2699999999999996,0.006472976625273923,2.702702702702712,273800000.0
2023-08-28,13.82,13.12,13.94,13.04,3559300.0,48409660.0,0.5363984674329414,0.06999999999999851,0.01299963476990504,6.896551724137934,273800000.0
2023-08-29,13.03,13.44,13.47,13.03,2737370.0,37090190.0,2.4390243902439046,0.3200000000000003,0.009997699050401753,3.353658536585376,273800000.0
2023-08-30,13.49,13.69,13.78,13.44,3207780.0,44381259.0,1.8601190476190466,0.25,0.011715777940102265,2.5297619047619038,273800000.0
2023-08-31,13.7,13.42,13.7,13.36,2906090.0,39691827.0,-1.9722425127830512,-0.2699999999999996,0.010613915266617969,2.483564645726807,273800000.0
2023-09-01,13.47,13.35,13.59,13.29,2624726.0,35610955.0,-0.5216095380029873,-0.07000000000000028,0.009586289262235209,2.235469448584208,273800000.0
2023-09-04,13.39,13.6,13.61,13.33,3469400.0,47572903.0,1.8726591760299671,0.25,0.012671292914536158,2.0973782771535534,273800000.0
2023-09-05,13.61,13.77,13.84,13.59,2851710.0,39753895.0,1.2499999999999956,0.16999999999999993,0.010415303140978816,1.8382352941176472,273800000.0
2023-09-06,13.83,13.7,13.83,13.57,2230500.0,30917142.0,-0.5083514887436524,-0.07000000000000028,0.00814645726807889,1.8881626724763967,273800000.0
2023-09-07,13.66,13.37,13.68,13.36,2262394.0,31031490.0,-2.4087591240875894,-0.33000000000000007,0.008262943754565375,2.3357664233576667,273800000.0
2023-09-08,13.32,13.24,13.45,13.23,1659467.0,22381173.0,-0.9723261032161479,-0.129999999999999,0.006060872899926954,1.645474943904255,273800000.0
2023-09-11,13.31,13.28,13.42,13.19,2892373.0,39080630.0,0.302114803625364,0.03999999999999915,0.01056381665449233,1.7371601208459246,273800000.0
2023-09-12,13.35,13.27,13.41,13.26,2086600.0,28206663.0,-0.07530120481927804,-0.009999999999999787,0.007620891161431702,1.1295180722891593,273800000.0
2023-09-13,13.34,13.06,13.42,12.98,2564173.0,34133765.0,-1.5825169555388041,-0.20999999999999908,0.009365131482834186,3.3157498116051203,273800000.0
2023-09-14,13.16,12.9,13.16,12.84,2386480.0,31460063.0,-1.2251148545176171,-0.16000000000000014,0.008716143170197223,2.450229709035224,273800000.0
2023-09-15,13.01,12.81,13.01,12.8,2428273.0,31738580.0,-0.6976744186046546,-0.08999999999999986,0.008868783783783784,1.6279069767441787,273800000.0
2023-09-18,12.91,13.07,13.25,12.67,2722886.0,35979887.0,2.029664324746294,0.2599999999999998,0.009944799123447772,4.5277127244340365,273800000.0
2023-09-19,13.07,12.96,13.11,12.87,2177686.0,28635312.0,-0.8416220351950998,-0.10999999999999943,0.007953564645726809,1.8362662586074996,273800000.0
2023-09-20,13.18,12.87,13.32,12.82,3343380.0,44195644.0,-0.6944444444444531,-0.09000000000000163,0.012211029948867786,3.8580246913580245,273800000.0
2023-09-21,12.87,12.8,12.9,12.66,2327900.0,30160593.0,-0.5439005439005329,-0.06999999999999851,0.008502191380569759,1.8648018648018665,273800000.0
2023-09-22,13.7,12.95,13.7,12.51,6562793.0,86513450.0,1.1718749999999778,0.14999999999999858,0.02396929510591673,9.296874999999996,273800000.0
2023-09-25,12.91,12.98,13.02,12.52,5456370.0,70494402.0,0.23166023166023564,0.030000000000001137,0.019928305332359387,3.861003861003861,273800000.0
2023-09-26,12.99,12.61,13.4,12.56,6749032.0,88143878.0,-2.850539291217269,-0.370000000000001,0.024649495982468954,6.471494607087826,273800000.0
2023-09-27,12.52,12.93,13.04,12.49,6176487.0,80739502.0,2.5376685170499735,0.3200000000000003,0.022558389335281228,4.361617763679611,273800000.0
2023-09-28,12.88,13.01,13.18,12.88,3777163.0,50012317.0,0.6187161639597871,0.08000000000000007,0.013795336011687363,2.32018561484918,273800000.0
2023-10-09,13.0,12.87,13.12,12.84,3504995.0,46002192.0,-1.076095311299008,-0.14000000000000057,0.012801296566837107,2.1521906225979968,273800000.0
2023-10-10,12.9,12.94,13.05,12.83,2655300.0,34851486.0,0.543900543900544,0.07000000000000028,0.009697954711468225,1.7094017094017144,273800000.0
2023-10-11,12.86,12.91,13.05,12.86,2307987.0,30349114.0,-0.23183925811436357,-0.02999999999999936,0.00842946311176041,1.4683153013910455,273800000.0
2023-10-12,12.86,13.11,13.15,12.86,2825758.0,37369238.0,1.549186676994574,0.1999999999999993,0.010320518626734844,2.2463206816421453,273800000.0
2023-10-13,13.02,12.83,13.03,12.69,3351989.0,43615098.0,-2.135774218154074,-0.27999999999999936,0.012242472607742878,2.59344012204424,273800000.0
2023-10-16,12.81,12.58,12.83,12.54,2366151.0,30315578.0,-1.9485580670303926,-0.25,0.008641895544192842,2.2603273577552683,273800000.0
2023-10-17,12.58,12.57,12.7,12.52,1512398.0,19304201.0,-0.07949125596183881,-0.009999999999999787,0.005523732651570489,1.4308426073131935,273800000.0
2023-10-18,12.52,12.22,12.53,12.19,2228578.0,27826053.0,-2.7844073190135266,-0.34999999999999964,0.008139437545653761,2.7048528241845653,273800000.0
2023-10-19,12.21,12.18,12.34,12.1,1799661.0,22323296.0,-0.327332242225864,-0.040000000000000924,0.00657290357925493,1.9639934533551573,273800000.0
2023-10-20,12.17,12.29,12.43,12.12,2187385.0,27341758.0,0.9031198686371145,0.10999999999999943,0.007988988312636962,2.5451559934318597,273800000.0
2023-10-23,12.3,11.77,12.3,11.71,2503700.0,30331812.0,-4.23108218063466,-0.5199999999999996,0.00914426588750913,4.800650935720096,273800000.0
2023-10-24,11.84,12.07,12.12,11.8,2016514.0,24548321.0,2.548853016142738,0.3000000000000007,0.007364915997078159,2.718776550552239,273800000.0
2023-10-25,12.08,12.05,12.29,12.0,2081900.0,25575822.0,-0.1657000828500399,-0.019999999999999574,0.0076037253469685906,2.4026512013255936,273800000.0
2023-10-26,12.0,12.02,12.08,11.74,2714000.0,32808776.0,-0.24896265560166997,-0.030000000000001137,0.009912344777209642,2.821576763485476,273800000.0
2023-10-27,12.0,12.37,12.47,11.88,4164864.0,51590957.0,2.911813643926786,0.34999999999999964,0.015211336742147552,4.908485856905157,273800000.0
2023-10-30,12.22,12.36,12.42,12.14,3627400.0,45319988.0,-0.08084074373484462,-0.009999999999999787,0.01324835646457268,2.263540824575581,273800000.0
2023-10-31,12.3,11.78,12.4,11.58,7764622.0,93047158.0,-4.692556634304212,-0.5800000000000001,0.028358736303871437,6.634304207119744,273800000.0
2023-11-01,11.74,11.67,11.81,11.51,4405500.0,51993986.0,-0.9337860780984641,-0.10999999999999943,0.016090211833455076,2.54668930390493,273800000.0
2023-11-02,11.61,11.4,11.73,11.39,3586200.0,41903960.0,-2.3136246786632397,-0.2699999999999996,0.013097881665449233,2.913453299057411,273800000.0
2023-11-03,11.46,11.73,11.84,11.46,4856720.0,57810455.0,2.894736842105261,0.33000000000000007,0.0177382030679328,3.333333333333324,273800000.0
2023-11-06,11.81,12.02,12.2,11.81,4664200.0,56918096.0,2.4722932651321416,0.28999999999999915,0.01703506208911614,3.324808184143212,273800000.0
2023-11-07,11.99,11.99,12.02,11.85,2737900.0,33195779.0,-0.24958402662229595,-0.02999999999999936,0.00999963476990504,1.414309484193011,273800000.0
2023-11-08,11.99,11.99,12.03,11.85,2108300.0,25581131.0,0.0,0.0,0.007700146092037984,1.501251042535444,273800000.0
2023-11-09,11.94,12.13,12.29,11.94,4034500.0,49838174.0,1.1676396997498006,0.14000000000000057,0.014735208181154128,2.9190992493744754,273800000.0
2023-11-10,12.11,12.0,12.13,11.91,2304329.0,28112292.0,-1.0717230008244094,-0.13000000000000078,0.008416102994886779,1.8136850783182243,273800000.0
2023-11-13,11.99,12.11,12.16,11.97,2630014.0,32172114.0,0.9166666666666545,0.10999999999999943,0.009605602629656684,1.5833333333333293,273800000.0
2023-11-14,12.11,12.15,12.31,12.05,2838118.0,35064790.0,0.3303055326176807,0.040000000000000924,0.010365661066471877,2.146985962014862,273800000.0
2023-11-15,12.24,12.44,12.47,12.23,5275218.0,66286162.0,2.386831275720147,0.28999999999999915,0.019266683710737764,1.9753086419753103,273800000.0
2023-11-16,12.38,12.15,12.4,12.13,3582509.0,44447272.0,-2.331189710610926,-0.28999999999999915,0.013084401022644266,2.170418006430865,273800000.0
2023-11-17,12.08,12.21,12.26,12.03,2298100.0,28377561.0,0.49382716049382047,0.0600000000000005,0.00839335281227173,1.8930041152263408,273800000.0
2023-11-20,12.23,12.31,12.33,12.12,2408600.0,29917302.0,0.8190008190008147,0.09999999999999964,0.008796932067202338,1.7199017199017268,273800000.0
2023-11-21,12.38,12.14,12.4,12.1,2686000.0,33292591.0,-1.380991064175463,-0.16999999999999993,0.00981008035062089,2.4370430544273005,273800000.0
2023-11-22,12.07,11.88,12.14,11.88,2455400.0,29878136.0,-2.1416803953871466,-0.2599999999999998,0.008967859751643536,2.141680395387148,273800000.0
2023-11-23,11.93,12.0,12.07,11.93,1833296.0,22294150.0,1.0101010101009944,0.11999999999999922,0.006695748721694668,1.178451178451183,273800000.0
2023-11-24,12.02,11.8,12.02,11.78,1874500.0,22519942.0,-1.6666666666666607,-0.1999999999999993,0.0068462381300219135,2.0000000000000018,273800000.0
2023-11-27,11.82,11.72,11.88,11.67,2561697.0,30498943.0,-0.6779661016949157,-0.08000000000000007,0.00935608838568298,1.7796610169491596,273800000.0
2023-11-28,11.73,11.82,11.88,11.65,2157594.0,25789553.0,0.8532423208191142,0.09999999999999964,0.00788018261504748,1.9624573378839625,273800000.0
2023-11-29,11.86,11.7,11.91,11.69,1861886.0,22201317.0,-1.0152284263959421,-0.120000000000001,0.006800168005843681,1.8612521150592272,273800000.0
2023-11-30,11.75,11.5,11.77,11.43,3017500.0,35453577.0,-1.7094017094017033,-0.1999999999999993,0.01102081811541271,2.905982905982905,273800000.0
2023-12-01,11.49,11.32,11.54,11.23,3723129.0,42798668.0,-1.565217391304341,-0.17999999999999972,0.013597987582176771,2.6956521739130324,273800000.0
2023-12-04,11.33,11.28,11.4,11.19,2577049.0,29505160.0,-0.35335689045937757,-0.040000000000000924,0.009412158509861213,1.8551236749116684,273800000.0
2023-12-05,11.22,11.09,11.31,11.09,2414100.0,27383726.0,-1.6843971631205656,-0.1899999999999995,0.008817019722425127,1.950354609929084,273800000.0
2023-12-06,11.1,11.19,11.34,11.07,2927200.0,33411090.0,0.9017132551848439,0.09999999999999964,0.010691015339663988,2.4346257889990945,273800000.0
2023-12-07,11.16,11.11,11.21,11.04,2631300.0,29672394.0,-0.7149240393208189,-0.08000000000000007,0.009610299488677867,1.5192135835567624,273800000.0
2023-12-08,11.17,10.93,11.2,10.92,2522100.0,28230374.0,-1.6201620162016206,-0.17999999999999972,0.009211468224981739,2.5202520252025145,273800000.0
2023-12-11,10.84,11.02,11.02,10.78,3011000.0,33378241.0,0.8234217749313766,0.08999999999999986,0.010997078159240321,2.1957913998170193,273800000.0
2023-12-12,11.07,11.02,11.09,10.93,1483300.0,16549318.0,0.0,0.0,0.005417457998539079,1.4519056261343026,273800000.0
2023-12-13,10.97,10.9,11.02,10.9,1515700.0,16856247.0,-1.0889292196007205,-0.11999999999999922,0.005535792549306063,1.088929219600719,273800000.0
2023-12-14,10.97,10.88,11.06,10.85,1810339.0,20089482.0,-0.18348623853210455,-0.019999999999999574,0.0066119028487947405,1.9266055045871637,273800000.0
2023-12-15,10.88,10.87,11.06,10.83,2084900.0,23140501.0,-0.09191176470589868,-0.010000000000001563,0.007614682249817385,2.113970588235298,273800000.0
2023-12-18,10.85,10.62,10.86,10.6,1996600.0,21717292.0,-2.2999080036798514,-0.25,0.00729218407596786,2.3919043238270454,273800000.0
2023-12-19,10.62,10.76,10.82,10.59,2034000.0,22150950.0,1.318267419962349,0.14000000000000057,0.0074287801314828344,2.1657250470809837,273800000.0
2023-12-20,10.78,10.62,10.86,10.62,1630900.0,17735874.0,-1.3011152416356975,-0.14000000000000057,0.005956537618699781,2.2304832713754665,273800000.0
2023-12-21,10.63,11.68,11.68,10.52,14720585.0,170332182.0,9.981167608286267,1.0600000000000005,0.05376400657414171,10.922787193973637,273800000.0
2023-12-22,11.71,12.85,12.85,11.68,26024383.0,321058148.0,10.017123287671236,1.17,0.09504887874360847,10.017123287671232,273800000.0
2023-12-25,13.31,14.13,14.13,13.14,43881660.0,620823279.0,9.961089494163433,1.2800000000000011,0.1602690284879474,7.704280155642025,273800000.0
2023-12-26,14.09,15.54,15.54,13.62,46333949.0,692982022.0,9.97876857749469,1.4099999999999984,0.16922552593133675,13.588110403397028,273800000.0
2023-12-27,15.54,17.1,17.1,15.53,57420608.0,965339949.0,10.038610038610063,1.5600000000000023,0.2097173411249087,10.102960102960116,273800000.0
2023-12-28,17.78,18.82,18.82,17.78,24507099.0,456963606.0,10.058479532163744,1.7199999999999989,0.08950730094959825,6.081871345029234,273800000.0
2023-12-29,20.7,20.7,20.7,20.13,35511244.0,745128877.0,9.989373007438896,1.879999999999999,0.12969775018261503,3.0286928799149857,273800000.0
2024-01-02,21.68,21.02,22.33,19.86,75050125.0,1594973797.0,1.5458937198067568,0.3200000000000003,0.27410564280496713,11.932367149758448,273800000.0
2024-01-03,20.7,20.92,20.99,19.54,59782289.0,1235178358.0,-0.4757373929590747,-0.09999999999999787,0.21834291088385682,6.898192197906752,273800000.0
2024-01-04,20.4,21.39,21.68,19.97,59998727.0,1281253525.0,2.246653919694075,0.46999999999999886,0.21913340759678598,8.173996175908226,273800000.0
2024-01-05,20.9,23.1,23.53,20.7,84272952.0,1937821854.0,7.9943899018232845,1.7100000000000009,0.3077901826150475,13.230481533426843,273800000.0
2024-01-08,22.65,25.41,25.41,22.18,36218659.0,894509885.0,9.999999999999986,2.3099999999999987,0.1322814426588751,13.982683982683982,273800000.0
2024-01-09,26.4,22.87,27.15,22.87,69387274.0,1720150115.0,-9.996064541519079,-2.539999999999999,0.2534232067202338,16.843762298307745,273800000.0
2024-01-10,20.58,20.58,22.33,20.58,70068143.0,1500343819.0,-10.013117621338008,-2.2900000000000027,0.25590994521548577,7.651945780498469,273800000.0
2024-01-11,20.6,22.64,22.64,20.59,75880661.0,1709013876.0,10.009718172983483,2.0600000000000023,0.27713901022644266,9.961127308066088,273800000.0
2024-01-12,22.5,24.91,24.91,22.22,65342830.0,1593899790.0,10.026501766784456,2.2699999999999996,0.23865168005843682,11.881625441696118,273800000.0
2024-01-15,25.51,24.47,25.96,22.41,65523205.0,1604090967.0,-1.7663588920112439,-0.4400000000000013,0.2393104638422206,14.251304696908877,273800000.0
2024-01-16,24.73,26.92,26.92,24.73,69029087.0,1820845743.0,10.012259910094002,2.450000000000003,0.252115,8.949734368614635,273800000.0
2024-01-17,26.12,25.45,27.89,24.23,75266837.0,1946026614.0,-5.460624071322451,-1.4700000000000024,0.2748971402483565,13.595839524517087,273800000.0
2024-01-18,25.82,27.99,27.99,25.63,80997586.0,2242122613.0,9.980353634577611,2.539999999999999,0.2958275602629657,9.273084479371315,273800000.0
2024-01-19,26.62,25.19,27.37,25.19,72396610.0,1907760153.0,-10.003572704537323,-2.799999999999997,0.26441420745069394,7.788495891389781,273800000.0
2024-01-22,23.56,24.69,25.78,22.78,53705837.0,1332039061.0,-1.9849146486701108,-0.5,0.19614987947406867,11.909487892020643,273800000.0
2024-01-23,24.56,22.26,25.5,22.23,63440765.0,1516825261.0,-9.842041312272176,-2.4299999999999997,0.23170476625273922,13.24422843256379,273800000.0
2024-01-24,22.08,24.05,24.48,21.6,73889994.0,1762117867.0,8.041329739442936,1.7899999999999991,0.2698684952520088,12.938005390835574,273800000.0
2024-01-25,23.01,23.18,23.65,21.64,64112400.0,1449543874.0,-3.617463617463623,-0.870000000000001,0.23415777940102264,8.35758835758835,273800000.0
2024-01-26,22.45,21.1,22.97,20.94,51530484.0,1141794850.0,-8.973252804141495,-2.0799999999999983,0.18820483564645726,8.757549611734243,273800000.0
2024-01-29,20.7,18.99,20.85,18.99,32299062.0,636565406.0,-10.000000000000009,-2.110000000000003,0.11796589481373265,8.815165876777264,273800000.0
2024-01-30,18.33,18.38,19.17,18.09,37284171.0,700988186.0,-3.2122169562927794,-0.6099999999999994,0.13617301314828342,5.687203791469204,273800000.0
2024-01-31,18.39,17.65,18.62,17.43,33509715.0,613644278.0,-3.971708378672467,-0.7300000000000004,0.12238756391526662,6.474428726877048,273800000.0
2024-02-01,17.65,17.79,18.42,17.55,39627227.0,725162639.0,0.7932011331444722,0.14000000000000057,0.1447305588020453,4.929178470254963,273800000.0
2024-02-02,17.29,16.77,17.54,16.26,42374409.0,729601970.0,-5.733558178752107,-1.0199999999999996,0.1547640942293645,7.1950534007869456,273800000.0
2024-02-05,16.57,15.09,16.62,15.09,26219581.0,411864736.0,-10.017889087656528,-1.6799999999999997,0.09576180058436815,9.12343470483006,273800000.0
2024-02-06,14.29,14.54,14.94,13.58,38589097.0,552863225.0,-3.644797879390327,-0.5500000000000007,0.14093899561723885,9.01259111994698,273800000.0
2024-02-07,14.46,14.0,15.45,14.0,33369830.0,494091415.0,-3.7138927097661534,-0.5399999999999991,0.12187666179693207,9.972489683631359,273800000.0
2024-02-08,13.6,14.51,14.76,12.82,33709418.0,471060364.0,3.6428571428571477,0.5099999999999998,0.12311693937180423,13.857142857142854,273800000.0
2024-02-19,14.33,15.08,15.21,14.21,33946279.0,510113121.0,3.928325292901458,0.5700000000000003,0.12398202702702703,6.891798759476224,273800000.0
2024-02-20,15.08,16.59,16.59,14.59,45128632.0,709568254.0,10.013262599469485,1.5099999999999998,0.16482334550766983,13.262599469496022,273800000.0
2024-02-21,16.14,17.01,18.02,15.88,56297771.0,964800155.0,2.5316455696202667,0.4200000000000017,0.20561640248356464,12.899336949969854,273800000.0
2024-02-22,16.43,17.33,17.51,16.43,44267123.0,768198682.0,1.8812463256907552,0.31999999999999673,0.1616768553688824,6.34920634920636,273800000.0
2024-02-23,17.33,17.82,18.21,17.21,48709549.0,875250216.0,2.8274668205424236,0.490000000000002,0.17790193206720234,5.770340450086556,273800000.0
2024-02-26,17.45,17.54,18.17,17.34,38240385.0,685906177.0,-1.5712682379349086,-0.28000000000000114,0.13966539444850257,4.6576879910213345,273800000.0
2024-02-27,17.49,18.22,18.6,17.24,41420677.0,749256989.0,3.876852907639683,0.6799999999999997,0.15128077794010225,7.753705815279378,273800000.0
2024-02-28,18.43,17.86,20.05,17.73,68904057.0,1339869336.0,-1.9758507135016479,-0.35999999999999943,0.2516583528122717,12.73326015367728,273800000.0
2024-02-29,17.1,18.24,18.41,17.05,47343993.0,856834328.0,2.127659574468077,0.379999999999999,0.17291451059167276,7.614781634938407,273800000.0
2024-03-01,18.14,17.97,18.23,17.27,39379700.0,712219658.0,-1.4802631578947345,-0.2699999999999996,0.14382651570489408,5.263157894736848,273800000.0
2024-03-04,17.8,17.55,18.05,17.15,29936446.0,535183501.0,-2.3372287145241977,-0.41999999999999815,0.10933691015339664,5.008347245409027,273800000.0
2024-03-05,17.52,16.83,17.52,16.66,29767485.0,512203021.0,-4.102564102564122,-0.7200000000000024,0.10871981373265158,4.9002849002848965,273800000.0
2024-03-06,16.81,17.94,18.48,16.74,51627461.0,930541198.0,6.59536541889485,1.110000000000003,0.18855902483564646,10.338680926916235,273800000.0
2024-03-07,17.94,17.14,18.21,17.08,35918289.0,641658374.0,-4.4593088071348985,-0.8000000000000007,0.13118440102264425,6.298773690078052,273800000.0
2024-03-08,17.24,18.04,18.23,17.16,40338175.0,732400939.0,5.250875145857625,0.8999999999999986,0.14732715485756026,6.2427071178529765,273800000.0
2024-03-11,18.48,19.84,19.84,18.34,54194549.0,1049348898.0,9.977827050997789,1.8000000000000007,0.1979348027757487,8.314855875831487,273800000.0
2024-03-12,20.65,19.71,21.77,19.66,75513235.0,1580804276.0,-0.6552419354838634,-0.129999999999999,0.27579705989773556,10.635080645161288,273800000.0
2024-03-13,19.68,19.28,20.16,19.03,42872564.0,843203627.0,-2.181633688482998,-0.4299999999999997,0.15658350620891162,5.733130390664632,273800000.0
2024-03-14,18.87,19.04,19.42,18.58,30575605.0,589928718.0,-1.2448132780083054,-0.240000000000002,0.1116713111760409,4.356846473029063,273800000.0
2024-03-15,18.86,19.0,19.09,18.46,23625059.0,449833489.0,-0.21008403361344463,-0.03999999999999915,0.0862858254200146,3.30882352941176,273800000.0
2024-03-18,19.22,19.38,19.49,18.83,29509840.0,574100277.0,2.0000000000000018,0.379999999999999,0.10777881665449233,3.4736842105263164,273800000.0
2024-03-19,19.22,18.95,19.51,18.91,24611133.0,478530699.0,-2.2187822497420018,-0.4299999999999997,0.08988726442658874,3.09597523219815,273800000.0
2024-03-20,18.83,19.02,19.34,18.63,18262416.0,352703838.0,0.3693931398417005,0.07000000000000028,0.06669983929875822,3.746701846965704,273800000.0
2024-03-21,18.86,18.64,18.97,18.49,19237087.0,364892343.0,-1.9978969505783373,-0.379999999999999,0.0702596311176041,2.5236593059936934,273800000.0
2024-03-22,18.65,17.67,18.79,17.67,21846282.0,399859301.0,-5.203862660944203,-0.9699999999999989,0.07978919649379108,6.008583690987111,273800000.0
2024-03-25,17.49,17.54,18.11,17.37,17655909.0,316933460.0,-0.7357102433503293,-0.13000000000000256,0.06448469320672023,4.187889077532532,273800000.0
2024-03-26,17.39,17.18,17.56,16.72,19401009.0,336554377.0,-2.052451539338651,-0.35999999999999943,0.07085832359386414,4.789053591790193,273800000.0
2024-03-27,16.98,15.96,16.99,15.94,18121833.0,302664917.0,-7.101280558789281,-1.2199999999999989,0.06618638787436085,6.111757857974383,273800000.0
2024-03-28,15.95,16.23,16.41,15.95,13858887.0,228187418.0,1.6917293233082775,0.2699999999999996,0.050616826150474796,2.882205513784466,273800000.0
2024-03-29,16.21,16.6,17.01,16.19,17065819.0,288293458.0,2.2797288971041274,0.370000000000001,0.0623295069393718,5.05237215033888,273800000.0
2024-04-01,16.56,16.95,17.02,16.47,14346023.0,245047702.0,2.108433734939741,0.34999999999999787,0.05239599342585829,3.3132530120481967,273800000.0
2024-04-02,16.94,16.49,16.94,16.34,12334244.0,207489141.0,-2.7138643067846635,-0.46000000000000085,0.04504837107377648,3.5398230088495657,273800000.0
2024-04-03,16.55,15.98,16.55,15.85,10220549.0,166589200.0,-3.092783505154628,-0.509999999999998,0.03732852081811541,4.244996967859316,273800000.0
2024-04-08,15.97,15.4,15.97,15.38,10242150.0,162489309.0,-3.629536921151444,-0.5800000000000001,0.03740741417092768,3.692115143929912,273800000.0
2024-04-09,15.48,15.9,15.93,15.48,10688300.0,171773879.0,3.2467532467532534,0.5,0.03903688823959094,2.9220779220779174,273800000.0
2024-04-10,15.9,16.04,16.29,15.61,15220314.0,246180046.0,0.8805031446540879,0.1399999999999988,0.05558916727538349,4.276729559748426,273800000.0
2024-04-11,15.96,17.17,17.45,15.53,29756657.0,504458585.0,7.0448877805486365,1.1300000000000026,0.10868026661796933,11.970074812967582,273800000.0
2024-04-12,17.52,16.85,17.57,16.76,29638314.0,518393464.0,-1.863715783343045,-0.3200000000000003,0.10824804236669101,4.7175305765870625,273800000.0
2024-04-15,16.62,17.17,17.26,16.28,19779742.0,339545745.0,1.8991097922848699,0.3200000000000003,0.07224157048940832,5.816023738872405,273800000.0
2024-04-16,16.67,15.45,16.83,15.45,18722271.0,299105865.0,-10.017472335468858,-1.7200000000000024,0.06837936815193572,8.037274315666853,273800000.0
2024-04-17,15.24,15.92,16.11,15.24,13574294.0,218691151.0,3.0420711974110004,0.47000000000000064,0.049577406866325786,5.631067961165043,273800000.0
2024-04-18,15.73,15.46,15.86,15.31,12583855.0,199297620.0,-2.8894472361808976,-0.4599999999999991,0.04596002556610665,3.454773869346727,273800000.0
2024-04-19,15.33,14.81,15.44,14.69,14379954.0,217676669.0,-4.204398447606728,-0.6500000000000004,0.05251991964937911,4.851228978007762,273800000.0
2024-04-22,14.88,14.92,15.4,14.54,11737266.0,178927714.0,0.7427413909520508,0.10999999999999943,0.042868027757487215,5.806887238352473,273800000.0
2024-04-23,14.95,14.63,15.14,14.63,9036866.0,135675754.0,-1.943699731903481,-0.28999999999999915,0.03300535427319211,3.41823056300268,273800000.0
2024-04-24,14.63,14.69,14.72,14.46,8121174.0,120400576.0,0.41011619958988277,0.05999999999999872,0.029660971512052593,1.7771701982228283,273800000.0
2024-04-25,14.78,14.88,15.13,14.64,11032780.0,166990611.0,1.293396868618113,0.19000000000000128,0.04029503287070855,3.3356024506466997,273800000.0
2024-04-26,14.98,15.03,15.11,14.63,12436753.0,188624335.0,1.0080645161290258,0.14999999999999858,0.045422764791818844,3.225806451612894,273800000.0
2024-04-29,14.96,15.65,15.68,14.94,15244097.0,238859883.0,4.125083166999333,0.620000000000001,0.055676029948867785,4.92348636061211,273800000.0
2024-04-30,15.39,14.57,15.55,14.52,20080224.0,303264491.0,-6.900958466453677,-1.08,0.07333902118334551,6.581469648562307,273800000.0
2024-05-06,14.68,14.95,14.96,14.64,12639800.0,190030567.0,2.6080988332189303,0.379999999999999,0.04616435354273192,2.196293754289638,273800000.0
2024-05-07,14.92,15.83,16.42,14.8,25115235.0,398414631.0,5.886287625418074,0.8800000000000008,0.09172839663988312,10.8361204013378,273800000.0
2024-05-08,15.66,16.07,16.21,15.58,23572836.0,381907951.0,1.516108654453574,0.2400000000000002,0.08609509130752374,3.9797852179406243,273800000.0
2024-05-09,15.87,16.28,16.81,15.85,26398377.0,440566333.0,1.306782825140007,0.21000000000000085,0.09641481738495251,5.973864343497194,273800000.0
2024-05-10,16.38,15.66,16.41,15.51,17542267.0,280397332.0,-3.808353808353815,-0.620000000000001,0.06406963842220599,5.528255528255531,273800000.0
2024-05-13,15.47,15.5,15.91,15.18,10756396.0,170060854.0,-1.0217113665389577,-0.16000000000000014,0.03928559532505478,4.661558109833975,273800000.0
2024-05-14,15.53,15.55,15.75,15.1,12458766.0,194178430.0,0.3225806451612856,0.05000000000000071,0.04550316289262235,4.193548387096777,273800000.0
2024-05-15,15.55,15.19,15.87,15.17,9965631.0,155951604.0,-2.315112540192932,-0.3600000000000012,0.03639748356464573,4.501607717041796,273800000.0
2024-05-16,15.01,14.93,15.15,14.84,8401592.0,127833886.0,-1.7116524028966462,-0.2599999999999998,0.030685142439737034,2.0408163265306154,273800000.0
2024-05-17,14.88,14.81,14.96,14.63,7580100.0,113500781.0,-0.8037508372404467,-0.11999999999999922,0.02768480642804967,2.210314802411253,273800000.0
2024-05-20,14.84,14.88,15.07,14.84,6763600.0,102519889.0,0.47265361242403436,0.07000000000000028,0.0247027027027027,1.553004726536127,273800000.0
2024-05-21,14.94,14.73,14.94,14.66,5763700.0,86190980.0,-1.008064516129037,-0.15000000000000036,0.021050766983199416,1.8817204301075225,273800000.0
2024-05-22,15.03,16.19,16.19,15.03,19089066.0,310878803.0,9.91174473862866,1.4600000000000009,0.0697190138787436,7.875084860828255,273800000.0
2024-05-23,17.81,17.81,17.81,17.81,7793402.0,140826774.0,10.00617665225445,1.6199999999999974,0.028463849525200875,0.0,273800000.0
2024-05-24,17.74,17.7,19.42,17.3,74312719.0,1373485789.0,-0.6176305446378372,-0.10999999999999943,0.2714124141709277,11.90342504211118,273800000.0
2024-05-27,17.2,15.99,17.46,15.93,47164117.0,774892517.0,-9.661016949152534,-1.709999999999999,0.17225754930606282,8.644067796610177,273800000.0
2024-05-28,15.43,16.02,16.12,15.29,36737932.0,585306960.0,0.18761726078799779,0.02999999999999936,0.13417798392987582,5.190744215134471,273800000.0
2024-05-29,15.92,16.44,17.41,15.85,46743622.0,793865130.0,2.621722846441954,0.4200000000000017,0.1707217750182615,9.737827715355808,273800000.0
2024-05-30,16.17,15.86,16.7,15.77,28386390.0,462897896.0,-3.5279805352798177,-0.5800000000000018,0.10367563915266619,5.656934306569341,273800000.0
2024-05-31,15.68,15.35,15.95,15.33,21808000.0,343168411.0,-3.215636822194201,-0.5099999999999998,0.07964937910883857,3.909205548549806,273800000.0
2024-06-03,15.31,14.94,15.34,14.69,17124900.0,258672658.0,-2.6710097719869763,-0.41000000000000014,0.06254528853177502,4.23452768729642,273800000.0
2024-06-04,14.8,15.13,15.13,14.47,16269744.0,245235855.0,1.2717536813922514,0.19000000000000128,0.05942200146092038,4.4176706827309244,273800000.0
2024-06-05,14.97,14.57,14.97,14.51,13111705.0,196183532.0,-3.701255783212165,-0.5600000000000005,0.04788789262235208,3.0403172504957094,273800000.0
2024-06-06,14.61,13.11,14.82,13.11,15994181.0,224917150.0,-10.020590253946471,-1.4600000000000009,0.05841556245434624,11.73644474948525,273800000.0
2024-06-07,12.71,13.19,13.45,12.71,18222924.0,242937329.0,0.6102212051868783,0.08000000000000007,0.06655560262965668,5.64454614797863,273800000.0
2024-06-11,13.01,13.21,13.27,12.5,10865663.0,143067688.0,0.15163002274451998,0.02000000000000135,0.03968467129291454,5.837755875663379,273800000.0
2024-06-12,13.21,13.58,13.67,13.02,12713407.0,173647180.0,2.8009084027251996,0.3699999999999992,0.046433188458729,4.920514761544287,273800000.0
2024-06-13,13.68,13.94,14.0,13.54,15904586.0,223125859.0,2.6509572901325384,0.35999999999999943,0.058088334550766986,3.387334315169373,273800000.0
2024-06-14,13.8,13.6,14.08,13.5,11169600.0,155194024.0,-2.4390243902439046,-0.33999999999999986,0.04079474068663258,4.160688665710187,273800000.0
2024-06-17,13.46,13.4,13.59,13.24,7558116.0,103058339.0,-1.4705882352941124,-0.1999999999999993,0.027604514243973702,2.5735294117647034,273800000.0
2024-06-18,13.41,13.46,13.73,13.37,8024137.0,110350002.0,0.4477611940298498,0.0600000000000005,0.029306563184806428,2.6865671641791136,273800000.0
2024-06-19,13.43,13.18,13.45,13.11,9022900.0,121035055.0,-2.08023774145617,-0.28000000000000114,0.032954346238130025,2.5260029717682007,273800000.0
2024-06-20,13.8,13.19,13.8,13.18,13524100.0,184247432.0,0.07587253414262918,0.009999999999999787,0.04939408327246165,4.704097116843711,273800000.0
2024-06-21,13.63,13.74,14.51,13.61,25038490.0,356086167.0,4.169825625473855,0.5500000000000007,0.09144810080350621,6.823351023502656,273800000.0
2024-06-24,12.93,12.88,13.12,12.5,16424745.0,211329327.0,-6.259097525473067,-0.8599999999999994,0.05998811176040906,4.512372634643371,273800000.0
2024-06-25,12.71,12.32,12.82,12.25,11642191.0,145932969.0,-4.34782608695653,-0.5600000000000005,0.042520785244704165,4.425465838509319,273800000.0
2024-06-26,12.29,12.62,12.68,12.03,11919255.0,148119904.0,2.4350649350649345,0.29999999999999893,0.04353270635500365,5.275974025974028,273800000.0
2024-06-27,12.52,12.21,12.56,12.19,8120600.0,101128525.0,-3.2488114104595733,-0.40999999999999837,0.029658875091307525,2.9318541996830505,273800000.0
2024-06-28,12.19,12.2,12.39,12.08,7258520.0,89565299.0,-0.08190008190009923,-0.010000000000001563,0.026510299488677867,2.538902538902543,273800000.0
2024-07-01,12.21,12.59,12.72,12.21,10778044.0,135002540.0,3.1967213114754145,0.39000000000000057,0.039364660336011686,4.180327868852458,273800000.0
2024-07-02,12.43,12.52,12.69,12.33,8176483.0,103012783.0,-0.5559968228753043,-0.07000000000000028,0.029862976625273922,2.859412231930099,273800000.0
2024-07-03,12.48,12.35,12.58,12.26,6031200.0,75070504.0,-1.3578274760383424,-0.16999999999999993,0.022027757487216946,2.5559105431309925,273800000.0
2024-07-04,12.38,11.96,12.46,11.95,6769400.0,82425036.0,-3.157894736842093,-0.3899999999999988,0.024723886048210374,4.129554655870458,273800000.0
2024-07-05,11.83,12.05,12.14,11.79,5458200.0,65860947.0,0.7525083612040184,0.08999999999999986,0.01993498904309715,2.926421404682286,273800000.0
2024-07-08,11.98,11.66,11.98,11.64,6803545.0,80309004.0,-3.2365145228215764,-0.39000000000000057,0.024848593864134405,2.821576763485476,273800000.0
2024-07-09,11.66,11.78,11.79,11.29,10373764.0,120778311.0,1.0291595197255532,0.11999999999999922,0.03788810810810811,4.288164665523156,273800000.0
2024-07-10,11.56,11.7,12.13,11.36,11422100.0,136006199.0,-0.6791171477079749,-0.08000000000000007,0.04171694667640614,6.536502546689316,273800000.0
2024-07-11,11.9,12.15,12.27,11.79,12310284.0,149320062.0,3.8461538461538547,0.45000000000000107,0.04496086194302411,4.102564102564107,273800000.0
2024-07-12,12.07,12.39,12.67,12.07,16667761.0,208239536.0,1.975308641975304,0.2400000000000002,0.06087567932797663,4.938271604938269,273800000.0
2024-07-15,12.26,12.02,12.28,11.94,9434860.0,114501999.0,-2.986279257465707,-0.370000000000001,0.034458948137326514,2.74414850686037,273800000.0
2024-07-16,12.01,12.12,12.16,11.87,6137000.0,74301331.0,0.8319467554076532,0.09999999999999964,0.02241417092768444,2.4126455906822044,273800000.0
2024-07-17,12.52,13.34,13.34,12.52,18363557.0,241647283.0,10.066006600660081,1.2200000000000006,0.06706923666910153,6.765676567656769,273800000.0
2024-07-18,13.03,13.55,14.35,12.63,40042095.0,536315791.0,1.5742128935532396,0.21000000000000085,0.1462457815924032,12.893553223388299,273800000.0
2024-07-19,13.02,13.3,13.49,13.02,21976627.0,293144135.0,-1.845018450184499,-0.25,0.08026525566106647,3.468634686346868,273800000.0
2024-07-22,13.13,13.13,13.41,13.04,14269600.0,189401419.0,-1.2781954887218006,-0.16999999999999993,0.052116873630387146,2.7819548872180526,273800000.0
2024-07-23,13.08,12.9,13.24,12.79,13384000.0,174711980.0,-1.7517136329017524,-0.23000000000000043,0.048882395909422935,3.4272658035034356,273800000.0
2024-07-24,12.73,12.43,12.83,12.33,13386684.0,168927508.0,-3.6434108527131803,-0.47000000000000064,0.04889219868517166,3.875968992248062,273800000.0
2024-07-25,12.25,13.45,13.67,12.2,38785537.0,518302967.0,8.205953338696691,1.0199999999999996,0.14165645361577794,11.826226870474663,273800000.0
2024-07-26,12.97,13.09,13.27,12.97,27211100.0,358360325.0,-2.6765799256505574,-0.35999999999999943,0.09938312636961286,2.2304832713754568,273800000.0
2024-07-29,13.16,12.87,13.18,12.76,12799082.0,165522349.0,-1.6806722689075682,-0.22000000000000064,0.04674609934258583,3.20855614973262,273800000.0
2024-07-30,12.87,12.85,13.12,12.67,12527100.0,161849770.0,-0.15540015540015384,-0.019999999999999574,0.0457527392257122,3.4965034965034913,273800000.0
2024-07-31,12.73,13.27,13.28,12.65,17781200.0,233955047.0,3.268482490272384,0.41999999999999993,0.06494229364499635,4.902723735408553,273800000.0
2024-08-01,13.14,13.14,13.36,13.11,12505900.0,165963807.0,-0.9796533534287777,-0.129999999999999,0.045675310445580715,1.8839487565938209,273800000.0
2024-08-02,13.11,13.11,13.64,13.06,16163500.0,216075993.0,-0.22831050228311334,-0.030000000000001137,0.05903396639883127,4.414003044140031,273800000.0
2024-08-05,12.98,12.8,13.5,12.7,17135900.0,226152933.0,-2.3646071700991533,-0.3099999999999987,0.06258546384222059,6.1022120518688086,273800000.0
2024-08-06,13.0,13.53,13.77,12.99,27484076.0,371508402.0,5.703124999999987,0.7299999999999986,0.10038011687363038,6.093749999999995,273800000.0
2024-08-07,13.57,13.91,14.3,13.3,31077605.0,426791953.0,2.8085735402808565,0.3800000000000008,0.11350476625273923,7.390983000739099,273800000.0
2024-08-08,13.61,13.58,14.2,13.35,24306156.0,335198107.0,-2.372393961179009,-0.33000000000000007,0.08877339663988312,6.110711718188351,273800000.0
2024-08-09,13.49,13.09,13.64,13.08,16149700.0,216571617.0,-3.6082474226804107,-0.4900000000000002,0.05898356464572681,4.123711340206189,273800000.0
2024-08-12,13.81,13.43,14.32,13.32,23892732.0,330837555.0,2.5974025974025983,0.33999999999999986,0.08726344777209642,7.639419404125286,273800000.0
2024-08-13,13.13,13.73,14.11,12.69,27636100.0,369517917.0,2.2338049143708183,0.3000000000000007,0.10093535427319211,10.573343261355175,273800000.0
2024-08-14,13.93,13.68,14.08,13.64,25576510.0,356334234.0,-0.36416605972323657,-0.05000000000000071,0.09341311176040906,3.2046613255644534,273800000.0
2024-08-15,13.4,13.68,14.2,13.33,20157410.0,278028845.0,0.0,0.0,0.0736209276844412,6.359649122807013,273800000.0
2024-08-16,13.67,13.26,13.67,13.23,14902252.0,200210578.0,-3.0701754385964897,-0.41999999999999993,0.05442750913075237,3.2163742690058443,273800000.0
2024-08-19,13.18,12.87,13.34,12.79,11964840.0,156282592.0,-2.941176470588236,-0.39000000000000057,0.04369919649379109,4.147812971342389,273800000.0
2024-08-20,12.8,12.46,12.92,12.39,10167400.0,128792520.0,-3.1857031857031703,-0.40999999999999837,0.037134404674945214,4.118104118104114,273800000.0
2024-08-21,12.44,12.38,12.55,12.31,6270876.0,78427968.0,-0.6420545746388395,-0.08000000000000007,0.022903126369612857,1.9261637239165346,273800000.0
2024-08-22,12.56,11.94,12.66,11.92,9994630.0,122504646.0,-3.5541195476575194,-0.4400000000000013,0.036503396639883126,5.977382875605817,273800000.0
2024-08-23,11.95,11.81,12.06,11.78,6126551.0,73146781.0,-1.0887772194304812,-0.129999999999999,0.022376008035062088,2.345058626465671,273800000.0
2024-08-26,11.89,12.02,12.27,11.81,8509676.0,103357668.0,1.7781541066892448,0.20999999999999908,0.03107989773557341,3.895004233700246,273800000.0
2024-08-27,11.88,12.36,12.97,11.62,17998500.0,221738910.0,2.828618968386021,0.33999999999999986,0.06573593864134404,11.231281198003341,273800000.0
2024-08-28,12.11,12.1,12.28,12.01,9582076.0,116727482.0,-2.1035598705501646,-0.2599999999999998,0.03499662527392257,2.1844660194174725,273800000.0
2024-08-29,11.99,12.46,12.68,11.98,13941000.0,173569236.0,2.975206611570247,0.3600000000000012,0.05091672753834916,5.785123966942144,273800000.0
2024-08-30,12.28,12.49,12.69,12.21,15705400.0,197267466.0,0.24077046548955927,0.02999999999999936,0.057360847333820304,3.8523274478330545,273800000.0
2024-09-02,12.58,12.29,12.71,12.29,9547700.0,119904003.0,-1.6012810248198672,-0.20000000000000107,0.03487107377647918,3.3626901521217114,273800000.0
2024-09-03,12.18,12.59,12.73,12.18,10623500.0,133705528.0,2.4410089503661636,0.3000000000000007,0.03880021913805697,4.475183075671284,273800000.0
2024-09-04,12.54,12.64,12.88,12.47,11948900.0,152531813.0,0.3971405877680745,0.05000000000000071,0.04364097881665449,3.256552819698174,273800000.0
2024-09-05,12.63,12.69,13.07,12.63,14580764.0,188404957.0,0.39556962025315556,0.049999999999998934,0.053253338203067935,3.4810126582278436,273800000.0
2024-09-06,12.58,12.22,12.66,12.14,11818500.0,146581092.0,-3.703703703703698,-0.46999999999999886,0.043164718772826884,4.097714736012605,273800000.0
2024-09-09,12.19,12.19,12.31,12.03,5832300.0,71367326.0,-0.24549918166940632,-0.030000000000001137,0.021301314828341855,2.291325695581024,273800000.0
2024-09-10,12.23,12.21,12.27,11.99,4864700.0,59447450.0,0.1640689089417613,0.02000000000000135,0.017767348429510593,2.2969647251845724,273800000.0
2024-09-11,12.15,12.29,12.47,12.12,7295500.0,90315133.0,0.6552006552006384,0.0799999999999983,0.02664536157779401,2.866502866502878,273800000.0
2024-09-12,12.33,12.19,12.79,12.19,10436100.0,130811604.0,-0.8136696501220508,-0.09999999999999964,0.03811577794010226,4.882017900732301,273800000.0
2024-09-13,12.18,11.87,12.3,11.87,7407786.0,89519094.0,-2.625102543068092,-0.3200000000000003,0.0270554638422206,3.527481542247756,273800000.0
2024-09-18,11.88,11.71,12.01,11.57,4742794.0,55743008.0,-1.3479359730412699,-0.15999999999999837,0.017322111029948867,3.706823925863518,273800000.0
2024-09-19,11.77,11.96,12.04,11.7,6464900.0,77558665.0,2.1349274124679685,0.25,0.023611760409057707,2.903501280956446,273800000.0
2024-09-20,11.92,11.88,11.97,11.71,5770300.0,68579600.0,-0.6688963210702337,-0.08000000000000007,0.021074872169466765,2.173913043478259,273800000.0
2024-09-23,11.87,11.89,11.96,11.79,4221300.0,50369493.0,0.08417508417508657,0.009999999999999787,0.01541745799853908,1.4309764309764452,273800000.0
2024-09-24,11.96,12.29,12.31,11.84,11491686.0,140204161.0,3.3641715727501964,0.3999999999999986,0.04197109569028488,3.9529015979815023,273800000.0
2024-09-25,12.43,12.44,12.79,12.43,13539400.0,171396046.0,1.2205044751830707,0.15000000000000036,0.0494499634769905,2.9292107404393772,273800000.0
2024-09-26,12.39,12.8,12.8,12.33,11628200.0,147254993.0,2.893890675241173,0.3600000000000012,0.04246968590211833,3.7781350482315164,273800000.0
2024-09-27,13.05,13.44,13.65,12.99,14506676.0,194429581.0,4.999999999999982,0.6399999999999988,0.052982746530314095,5.156250000000001,273800000.0
2024-09-30,13.92,14.61,14.68,13.54,27609385.0,393721912.0,8.705357142857139,1.17,0.1008377830533236,8.482142857142861,273800000.0
2024-10-08,16.07,15.45,16.07,14.47,28946371.0,446050159.0,5.749486652977409,0.8399999999999999,0.10572085829072315,10.951403148528403,273800000.0
2024-10-09,15.17,13.91,15.17,13.91,20217292.0,289215973.0,-9.967637540453067,-1.5399999999999991,0.07383963476990504,8.15533980582524,273800000.0
2024-10-10,13.76,13.52,14.15,13.29,16102601.0,220858076.0,-2.8037383177570097,-0.39000000000000057,0.05881154492330168,6.182602444284696,273800000.0
2024-10-11,13.57,13.03,13.62,12.93,12448900.0,165019399.0,-3.624260355029585,-0.4900000000000002,0.04546712929145361,5.103550295857985,273800000.0
2024-10-14,13.02,13.63,13.66,13.02,13992650.0,188862712.0,4.604758250191887,0.6000000000000014,0.05110536888239591,4.911742133537994,273800000.0
2024-10-15,13.42,13.3,13.76,13.29,9831298.0,133670168.0,-2.421129860601612,-0.33000000000000007,0.035906859021183346,3.44827586206897,273800000.0
2024-10-16,13.07,13.11,13.35,13.03,7494800.0,99150801.0,-1.4285714285714346,-0.19000000000000128,0.02737326515704894,2.406015037593987,273800000.0
2024-10-17,13.27,13.1,13.39,13.06,8152576.0,108104025.0,-0.07627765064835978,-0.009999999999999787,0.02977566106647188,2.517162471395882,273800000.0
2024-10-18,13.15,13.47,13.73,13.09,15011515.0,202393236.0,2.8244274809160475,0.370000000000001,0.054826570489408324,4.8854961832061115,273800000.0
2024-10-21,13.6,13.92,14.37,13.59,19626141.0,275640467.0,3.3407572383073347,0.4499999999999993,0.07168057341124909,5.790645879732734,273800000.0
2024-10-22,13.84,14.18,14.34,13.62,17404500.0,244887527.0,1.867816091954011,0.2599999999999998,0.06356647187728269,5.172413793103453,273800000.0
2024-10-23,14.15,14.5,14.99,13.93,30237929.0,441371237.0,2.256699576868826,0.3200000000000003,0.11043801680058436,7.475317348378001,273800000.0
2024-10-24,14.51,14.09,14.52,14.04,17759423.0,253308274.0,-2.8275862068965485,-0.41000000000000014,0.06486275748721694,3.31034482758621,273800000.0
2024-10-25,14.06,14.77,15.11,14.05,30351604.0,449297149.0,4.826117814052511,0.6799999999999997,0.11085319211102995,7.523066004258331,273800000.0
2024-10-28,14.91,14.63,14.91,14.43,20450476.0,300243121.0,-0.9478672985781866,-0.1399999999999988,0.07469129291453616,3.2498307379823994,273800000.0
2024-10-29,14.81,14.15,15.3,14.12,17500823.0,255761849.0,-3.2809295967190732,-0.4800000000000004,0.06391827246165084,8.065618591934392,273800000.0
2024-10-30,14.05,14.36,14.56,14.05,14281600.0,205433818.0,1.4840989399293125,0.20999999999999908,0.05216070124178232,3.6042402826855104,273800000.0
2024-10-31,15.41,15.79,15.79,15.09,15230066.0,239327285.0,9.958217270194991,1.4299999999999997,0.05562478451424397,4.874651810584953,273800000.0
2024-11-01,17.04,15.34,17.04,15.24,62315639.0,1023148188.0,-2.849905003166553,-0.4499999999999993,0.22759546749452156,11.399620012666238,273800000.0
2024-11-04,15.07,15.4,15.69,15.07,29593437.0,456751221.0,0.39113428943937656,0.0600000000000005,0.10808413805697589,4.041720990873529,273800000.0
2024-11-05,15.31,15.4,15.56,15.17,27414738.0,423469763.0,0.0,0.0,0.10012687363038715,2.5324675324675363,273800000.0
2024-11-06,15.46,15.23,15.76,15.13,22655080.0,351611583.0,-1.103896103896107,-0.16999999999999993,0.08274317019722426,4.090909090909085,273800000.0
2024-11-07,14.82,14.87,14.92,14.36,27536567.0,406187931.0,-2.3637557452396707,-0.3600000000000012,0.10057182980277575,3.676953381483916,273800000.0
2024-11-08,14.96,14.87,15.15,14.78,16911400.0,254033402.0,0.0,0.0,0.06176552227903579,2.48823133826497,273800000.0
2024-11-11,14.79,15.27,15.29,14.69,17873430.0,271304568.0,2.689979825151312,0.40000000000000036,0.06527914536157779,4.034969737726965,273800000.0
2024-11-12,15.35,14.97,15.43,14.85,16052409.0,244764503.0,-1.9646365422396839,-0.29999999999999893,0.05862822863403944,3.7982973149967263,273800000.0
2024-11-13,14.84,15.22,15.22,14.72,13249715.0,200023696.0,1.6700066800267255,0.25,0.04839194667640614,3.34001336005344,273800000.0
2024-11-14,15.17,15.02,15.61,14.99,22712727.0,348860728.0,-1.3140604467805628,-0.20000000000000107,0.08295371439006574,4.073587385019706,273800000.0
2024-11-15,15.08,14.33,15.08,14.32,15184100.0,224273315.0,-4.593874833555256,-0.6899999999999995,0.05545690284879474,5.059920106524633,273800000.0
2024-11-18,14.36,13.71,14.48,13.61,11472700.0,160166312.0,-4.326587578506624,-0.6199999999999992,0.041901753104455805,6.071179344033503,273800000.0
2024-11-19,13.73,14.21,14.22,13.73,9276839.0,130748908.0,3.6469730123997124,0.5,0.03388180788897005,3.5740335521517155,273800000.0
2024-11-20,14.2,14.26,14.31,14.02,7958800.0,113469888.0,0.3518648838845895,0.049999999999998934,0.029067932797662527,2.0408163265306185,273800000.0
2024-11-21,14.47,14.41,14.89,14.23,10807800.0,157568484.0,1.051893408134652,0.15000000000000036,0.039473338203067934,4.628330995792427,273800000.0
2024-11-22,14.27,13.69,14.37,13.67,9371000.0,132536511.0,-4.996530187369885,-0.7200000000000006,0.03422571219868517,4.8577376821651574,273800000.0
2024-11-25,13.81,14.04,14.04,13.65,6726015.0,93553858.0,2.5566106647187725,0.34999999999999964,0.024565430971512054,2.848794740686624,273800000.0
2024-11-26,14.02,13.86,14.26,13.83,5918100.0,83484459.0,-1.2820512820512775,-0.17999999999999972,0.021614682249817385,3.062678062678061,273800000.0
2024-11-27,13.86,14.06,14.06,13.55,6052500.0,84035526.0,1.443001443001446,0.20000000000000107,0.02210555149744339,3.6796536796536787,273800000.0
2024-11-28,14.1,14.11,14.28,13.97,7094500.0,101247200.0,0.35561877667140696,0.049999999999998934,0.025911249086924763,2.204836415362722,273800000.0
2024-11-29,14.07,14.27,14.38,13.97,7231900.0,103189197.0,1.1339475549255962,0.16000000000000014,0.026413075237399563,2.905740609496812,273800000.0
2024-12-02,14.22,14.34,14.42,13.93,8873600.0,126860511.0,0.4905395935529189,0.07000000000000028,0.032409057706355,3.4337771548703593,273800000.0
2024-12-03,14.4,14.36,14.47,14.22,7922200.0,114306883.0,0.1394700139470073,0.019999999999999574,0.02893425858290723,1.7433751743375174,273800000.0
2024-12-04,14.33,14.04,14.34,13.98,7116000.0,101140132.0,-2.228412256267409,-0.3200000000000003,0.025989773557341125,2.506963788300832,273800000.0
2024-12-05,14.04,14.16,14.17,14.0,4770092.0,67637559.0,0.8547008547008517,0.120000000000001,0.017421811541271,1.2108262108262104,273800000.0
2024-12-06,14.12,14.22,14.24,13.88,6835300.0,96956022.0,0.4237288135593209,0.0600000000000005,0.0249645726807889,2.542372881355928,273800000.0
2024-12-09,14.21,14.24,14.3,14.04,5649200.0,80564980.0,0.14064697609001975,0.019999999999999574,0.020632578524470417,1.8284106891701937,273800000.0
2024-12-10,14.47,14.18,14.58,14.17,8576100.0,123894047.0,-0.4213483146067398,-0.0600000000000005,0.03132249817384952,2.879213483146068,273800000.0
2024-12-11,14.25,14.26,14.28,14.13,4870400.0,69635562.0,0.5641748942172065,0.08000000000000007,0.017788166544923302,1.0578279266572537,273800000.0
2024-12-12,14.26,14.43,14.48,14.19,7286700.0,105255622.0,1.192145862552585,0.16999999999999993,0.026613221329437546,2.033660589060315,273800000.0
2024-12-13,14.36,14.23,14.51,14.18,6577500.0,94840607.0,-1.3860013860013787,-0.1999999999999993,0.02402300949598247,2.2869022869022873,273800000.0
2024-12-16,14.29,14.21,14.48,14.12,6461600.0,92883548.0,-0.14054813773717312,-0.019999999999999574,0.02359970781592403,2.5298664792691583,273800000.0
2024-12-17,14.22,13.66,14.25,13.5,7695620.0,106704842.0,-3.870513722730473,-0.5500000000000007,0.02810672023374726,5.277973258268824,273800000.0
2024-12-18,13.71,13.57,13.72,13.37,5022700.0,68395874.0,-0.658857979502192,-0.08999999999999986,0.018344411979547115,2.5622254758418848,273800000.0
2024-12-19,13.48,13.53,13.57,13.34,4005040.0,54312468.0,-0.29476787030214835,-0.040000000000000924,0.014715301262012783,1.6949152542372912,272168400.0
2024-12-20,13.51,13.59,13.69,13.5,3804071.0,52068685.0,0.44345898004434225,0.0600000000000005,0.013976901800502924,1.4042867701404251,272168400.0
2024-12-23,13.63,13.07,13.66,13.05,6056998.0,81071319.0,-3.8263428991905823,-0.5199999999999996,0.02225459678640136,4.488594554819716,272168400.0
2024-12-24,13.14,13.34,13.58,13.14,5394904.0,72507060.0,2.0657995409334218,0.2699999999999996,0.019821933773355026,3.366488140780409,272168400.0
2024-12-25,13.38,13.09,13.48,12.89,5117100.0,67300305.0,-1.874062968515744,-0.25,0.01880122747534247,4.422788605697151,272168400.0
2024-12-26,13.07,13.1,13.24,13.02,3331300.0,44054061.0,0.07639419404124048,0.009999999999999787,0.012239848564344721,1.6806722689075677,272168400.0
2024-12-27,12.79,12.88,13.06,12.63,6781100.0,87907123.0,-1.6793893129770865,-0.21999999999999886,0.02491508933439738,3.282442748091601,272168400.0
2024-12-30,12.87,12.79,12.93,12.64,4017400.0,51627025.0,-0.6987577639751663,-0.09000000000000163,0.014760714322456243,2.251552795031049,272168400.0
2024-12-31,12.8,12.41,13.04,12.41,5436000.0,69110404.0,-2.9710711493354136,-0.379999999999999,0.019972928525133705,4.925723221266607,272168400.0
2025-01-02,12.41,12.2,12.57,12.08,5126000.0,63540730.0,-1.692183722804197,-0.21000000000000085,0.018833927818218427,3.9484286865431124,272168400.0
2025-01-03,12.25,11.85,12.3,11.81,5285700.0,63809620.0,-2.868852459016391,-0.34999999999999964,0.019420696892071234,4.016393442622953,272168400.0
2025-01-06,11.8,12.09,12.15,11.6,4817900.0,57886581.0,2.0253164556962133,0.2400000000000002,0.01770190808337779,4.6413502109704705,272168400.0
2025-01-07,12.1,12.19,12.21,11.91,4146900.0,50374863.0,0.8271298593879317,0.09999999999999964,0.01523652268228053,2.481389578163778,272168400.0
2025-01-08,12.17,12.17,12.27,11.85,4645800.0,56531444.0,-0.1640689089417502,-0.019999999999999574,0.017069578981248373,3.445447087776866,272168400.0
2025-01-09,12.11,12.16,12.3,12.1,3749500.0,45976491.0,-0.08216926869351049,-0.009999999999999787,0.01377639725993172,1.6433853738701814,272168400.0
2025-01-10,12.18,11.73,12.2,11.73,4372797.0,52587750.0,-3.5361842105263164,-0.4299999999999997,0.01606651249740969,3.865131578947359,272168400.0
2025-01-13,11.63,11.75,11.78,11.47,3567300.0,41748104.0,0.17050298380221207,0.019999999999999574,0.013106958779931836,2.6427962489343453,272168400.0
2025-01-14,11.78,12.18,12.18,11.77,5385000.0,65150592.0,3.659574468085114,0.4299999999999997,0.019785544537866996,3.4893617021276606,272168400.0
2025-01-15,12.25,12.77,13.33,12.01,15871602.0,202363427.0,4.844006568144499,0.5899999999999999,0.05831537386412236,10.837438423645322,272168400.0
2025-01-16,12.45,12.72,12.84,12.45,10869657.0,137974100.0,-0.3915426781519127,-0.049999999999998934,0.03993724840944063,3.054032889584969,272168400.0
2025-01-17,12.58,12.43,12.7,12.43,6081762.0,76538827.0,-2.279874213836486,-0.2900000000000009,0.022345584571904747,2.122641509433959,272168400.0
2025-01-20,12.51,12.54,12.61,12.34,5177550.0,65053232.0,0.8849557522123908,0.10999999999999943,0.01902333261319095,2.1721641190667706,272168400.0
2025-01-21,12.6,12.43,12.6,12.32,4381100.0,54790549.0,-0.877192982456132,-0.10999999999999943,0.016097019345375878,2.232854864433807,272168400.0
2025-01-22,12.41,12.08,12.43,12.03,5292400.0,64906361.0,-2.8157683024939595,-0.34999999999999964,0.019445314004123918,3.218020917135964,272168400.0
2025-01-23,12.18,12.17,12.39,12.07,6093946.0,74939145.0,0.7450331125827825,0.08999999999999986,0.022390350973882346,2.6490066225165587,272168400.0
2025-01-24,12.11,12.24,12.34,12.06,4844300.0,59630681.0,0.5751848808545734,0.07000000000000028,0.017798906853257027,2.3007395234182364,272168400.0
2025-01-27,12.24,12.01,12.42,12.01,4068600.0,49925117.0,-1.8790849673202659,-0.23000000000000043,0.014948833148888703,3.3496732026143805,272168400.0
2025-02-05,12.06,12.23,12.28,12.01,3735592.0,45732647.0,1.831806827643634,0.22000000000000064,0.01372529654434534,2.248126561198997,272168400.0
2025-02-06,12.28,12.55,12.57,12.13,5971600.0,74364967.0,2.6165167620605168,0.3200000000000003,0.021940827811017003,3.597710547833193,272168400.0
2025-02-07,12.56,12.73,12.95,12.55,10042800.0,129265328.0,1.4342629482071656,0.17999999999999972,0.036899213869060477,3.187250996015925,272168400.0
2025-02-10,12.72,12.73,12.74,12.54,5749797.0,73131733.0,0.0,0.0,0.02112588015361078,1.5710919088766775,272168400.0
2025-02-11,12.74,12.59,12.78,12.5,4216938.0,53311243.0,-1.099764336213671,-0.14000000000000057,0.015493856009735149,2.199528672427332,272168400.0
2025-02-12,12.62,12.67,12.67,12.48,4558000.0,57684991.0,0.6354249404289192,0.08000000000000007,0.01674698458748334,1.5091342335186617,272168400.0
2025-02-13,12.68,12.52,12.7,12.52,4018492.0,50959262.0,-1.1838989739542227,-0.15000000000000036,0.014764726544301249,1.4206787687450648,272168400.0
2025-02-14,12.59,12.54,12.73,12.51,4393800.0,55720848.0,0.15974440894568342,0.019999999999999574,0.016143681632401118,1.757188498402561,272168400.0
2025-02-17,12.53,12.66,12.71,12.49,4688200.0,59423623.0,0.9569377990430672,0.120000000000001,0.017225364884387754,1.7543859649122857,272168400.0
2025-02-18,12.72,12.49,12.89,12.46,7114900.0,90935872.0,-1.3428120063191162,-0.16999999999999993,0.026141535902037123,3.396524486571878,272168400.0
2025-02-19,12.43,12.6,12.68,12.43,4943800.0,62502839.0,0.8807045636509248,0.10999999999999943,0.018164489338218542,2.00160128102482,272168400.0
2025-02-20,12.61,12.54,12.61,12.44,4357100.0,54788941.0,-0.4761904761904856,-0.0600000000000005,0.016008838645485662,1.3492063492063489,272168400.0
2025-02-21,12.56,12.62,12.62,12.44,5556670.0,70084547.0,0.6379585326953707,0.08000000000000007,0.02041629373579005,1.435406698564591,272168400.0
2025-02-24,12.62,12.69,12.78,12.57,5629487.0,71773101.0,0.5546751188589605,0.07000000000000028,0.02068383765345279,1.664025356576855,272168400.0
2025-02-25,12.67,12.72,12.91,12.57,6832485.0,87771609.0,0.23640661938535423,0.030000000000001137,0.025103887887058158,2.6792750197005506,272168400.0
2025-02-26,12.82,12.98,13.0,12.75,8640195.0,112099038.0,2.0440251572326984,0.2599999999999998,0.03174576842866402,1.9654088050314464,272168400.0
2025-02-27,12.94,12.87,12.97,12.73,7495449.0,96688430.0,-0.8474576271186529,-0.11000000000000121,0.027539747450475514,1.8489984591679522,272168400.0
2025-02-28,12.81,12.79,13.02,12.74,9034700.0,116958338.0,-0.6216006216006265,-0.08000000000000007,0.03319525705408857,2.1756021756021706,272168400.0
2025-03-03,12.89,12.75,12.96,12.65,8416970.0,108657599.0,-0.31274433150898506,-0.03999999999999915,0.0309255960647893,2.4237685691946873,272168400.0
2025-03-04,12.63,12.76,12.77,12.57,4611248.0,58731068.0,0.07843137254901489,0.009999999999999787,0.016942628166973096,1.5686274509803866,272168400.0
2025-03-05,12.73,12.62,12.76,12.45,5851000.0,73946339.0,-1.0971786833855801,-0.14000000000000057,0.021497719794068674,2.4294670846395023,272168400.0
2025-03-06,12.68,12.72,12.83,12.57,5854600.0,74850857.0,0.7923930269413848,0.10000000000000142,0.021510946899052204,2.060221870047542,272168400.0
2025-03-07,12.68,12.63,12.78,12.52,5415000.0,68696385.0,-0.7075471698113178,-0.08999999999999986,0.019895770412729767,2.0440251572327024,272168400.0
2025-03-10,12.62,12.79,12.86,12.59,5366800.0,68872706.0,1.2668250197941378,0.15999999999999837,0.019718674173783583,2.1377672209026093,272168400.0
2025-03-11,12.68,12.92,12.95,12.59,6406900.0,82317995.0,1.016419077404218,0.13000000000000078,0.023540205255275778,2.8146989835809184,272168400.0
2025-03-12,12.94,12.8,13.0,12.8,4668500.0,60455579.0,-0.9287925696594312,-0.11999999999999922,0.017152983226561204,1.5479876160990658,272168400.0
2025-03-13,12.84,12.77,12.88,12.62,4435800.0,56817645.0,-0.23437500000000888,-0.030000000000001137,0.016297997857208993,2.0312500000000124,272168400.0
2025-03-14,12.8,12.84,12.92,12.7,6338564.0,81916925.0,0.5481597494126911,0.07000000000000028,0.023289125409121706,1.7227877838684469,272168400.0
2025-03-17,12.86,12.92,13.07,12.85,6134400.0,79821082.0,0.6230529595015577,0.08000000000000007,0.02253898689193896,1.7133956386292886,272168400.0
2025-03-18,12.98,13.01,13.06,12.93,5372000.0,70158637.0,0.6965944272445901,0.08999999999999986,0.01973777999209313,1.0061919504644024,272168400.0
2025-03-19,13.02,13.13,13.22,12.92,8510046.0,111900770.0,0.9223674096848544,0.120000000000001,0.03126757551574687,2.30591852421215,272168400.0
2025-03-20,13.08,13.19,13.31,13.03,8662476.0,115146414.0,0.4569687738004369,0.05999999999999872,0.031827633185924596,2.132520944402141,272168400.0
2025-03-21,13.19,13.0,13.29,12.98,6385906.0,84174162.0,-1.4404852160727732,-0.1899999999999995,0.023463069188046814,2.350265352539793,272168400.0
2025-03-24,13.06,12.7,13.11,12.36,8636500.0,110248409.0,-2.3076923076923106,-0.3000000000000007,0.03173219227507675,5.769230769230769,272168400.0
2025-03-25,12.68,12.74,12.9,12.6,4786700.0,61373334.0,0.31496062992126816,0.040000000000000924,0.01758727317352051,2.362204724409455,272168400.0
2025-03-26,12.69,13.05,13.14,12.64,8957100.0,116875266.0,2.4332810047095865,0.3100000000000005,0.03291013945777688,3.924646781789639,272168400.0
2025-03-27,13.05,12.78,13.12,12.77,6400200.0,82822436.0,-2.0689655172413945,-0.27000000000000135,0.023515588143223094,2.6819923371647483,272168400.0
2025-03-28,12.73,12.77,13.16,12.73,7808750.0,101574488.0,-0.07824726134585402,-0.009999999999999787,0.028690876677821525,3.3646322378716724,272168400.0
2025-03-31,12.72,12.39,12.72,12.31,7892996.0,98744885.0,-2.9757243539545786,-0.379999999999999,0.029000412979611152,3.2106499608457337,272168400.0
2025-04-01,12.4,12.69,12.77,12.4,5992696.0,76291922.0,2.4213075060532496,0.29999999999999893,0.022018338646220503,2.986279257465692,272168400.0
2025-04-02,12.68,12.73,12.83,12.55,3956500.0,50584010.0,0.3152088258471242,0.040000000000000924,0.014536955796484823,2.2064617809298612,272168400.0
2025-04-03,12.83,12.77,12.83,12.62,8064800.0,103329637.0,0.3142183817753219,0.03999999999999915,0.029631654519775258,1.6496465043205095,272168400.0
2025-04-07,12.27,11.5,12.27,11.5,11706115.0,137822126.0,-9.94518402505873,-1.2699999999999996,0.043010558903972686,6.029757243539543,272168400.0
2025-04-08,10.74,10.89,11.24,10.5,9664973.0,105998800.0,-5.3043478260869525,-0.6099999999999994,0.03551100348166797,6.434782608695653,272168400.0
2025-04-09,10.73,10.82,10.87,9.93,7193921.0,75577204.0,-0.6427915518824601,-0.07000000000000028,0.026431874530621482,8.631772268135899,272168400.0
2025-04-10,11.14,11.02,11.24,10.99,5759793.0,64412767.0,1.8484288354898348,0.1999999999999993,0.021162607415115053,2.310536044362292,272168400.0
2025-04-11,11.01,11.05,11.15,10.92,3694654.0,41168699.0,0.27223230490018846,0.030000000000001137,0.013574882315507604,2.087114337568062,272168400.0
2025-04-14,11.23,11.29,11.46,11.19,4595201.0,52269502.0,2.1719457013574583,0.23999999999999844,0.016883668346509,2.4434389140271615,272168400.0
2025-04-15,11.25,11.31,11.36,11.2,2651423.0,30029459.0,0.1771479185119773,0.02000000000000135,0.009741847326875566,1.4171833480956613,272168400.0
2025-04-16,11.31,11.09,11.32,10.94,3313960.0,36941250.0,-1.945181255526085,-0.22000000000000064,0.012176138008674042,3.359858532272332,272168400.0
2025-04-17,11.05,11.13,11.2,11.0,2050747.0,22967858.0,0.36068530207395977,0.040000000000000924,0.00753484607323995,1.8034265103696963,272168400.0
2025-04-18,11.17,11.09,11.21,11.06,2344600.0,26226283.0,-0.3593890386343279,-0.040000000000000924,0.008614519540108256,1.3477088948787093,272168400.0
2025-04-21,11.14,11.15,11.21,11.02,2233200.0,25010687.0,0.5410279531109063,0.0600000000000005,0.008205214124784508,1.7132551848512287,272168400.0
2025-04-22,11.15,11.23,11.38,11.05,4808800.0,54256685.0,0.7174887892376747,0.08000000000000007,0.017668472901336083,2.9596412556053817,272168400.0
2025-04-23,11.22,11.37,11.42,11.22,3732009.0,42484130.0,1.2466607301869992,0.1399999999999988,0.013712131900690896,1.7809439002671352,272168400.0
2025-04-24,11.38,11.21,11.39,11.17,2995500.0,33944482.0,-1.4072119613016576,-0.15999999999999837,0.011006053605047464,1.9349164467898035,272168400.0
2025-04-25,11.18,11.22,11.31,11.18,2395550.0,27107705.0,0.0892060660124816,0.009999999999999787,0.008801719817583525,1.1596788581623618,272168400.0
2025-04-28,11.22,11.04,11.28,11.02,2781333.0,31064459.0,-1.6042780748663277,-0.1800000000000015,0.010219162106989643,2.317290552584668,272168400.0
2025-04-29,11.05,11.11,11.2,11.04,2324697.0,26029066.0,0.6340579710145011,0.07000000000000028,0.008541392020528466,1.449275362318842,272168400.0
2025-04-30,11.58,11.27,11.81,11.27,7057783.0,81791125.0,1.4401440144014455,0.16000000000000014,0.025931676858885897,4.860486048604868,272168400.0
2025-05-06,11.43,11.55,11.56,11.37,6154740.0,70917966.0,2.4844720496894457,0.28000000000000114,0.02261372003509592,1.6858917480035607,272168400.0
2025-05-07,11.7,11.69,11.75,11.6,5410600.0,63537437.0,1.2121212121211977,0.1399999999999988,0.019879603951083225,1.2987012987013018,272168400.0
2025-05-08,11.65,11.89,11.95,11.62,5538600.0,66037493.0,1.7108639863131048,0.20000000000000107,0.020349901017164374,2.822925577416596,272168400.0
2025-05-09,11.9,11.8,11.93,11.75,3441500.0,40905951.0,-0.7569386038687953,-0.08999999999999986,0.01264474494467396,1.5138772077375922,272168400.0
2025-05-12,11.94,11.95,11.96,11.8,3984250.0,47643612.0,1.2711864406779627,0.14999999999999858,0.014638914730732885,1.3559322033898318,272168400.0
2025-05-13,12.07,12.06,12.43,11.99,11530500.0,141502093.0,0.9205020920502127,0.11000000000000121,0.04236531500350518,3.6820083682008327,272168400.0
2025-05-14,12.0,11.92,12.06,11.83,7416750.0,88942055.0,-1.1608623548922115,-0.14000000000000057,0.027250591912948013,1.907131011608627,272168400.0
2025-05-15,12.31,11.9,12.33,11.9,7014700.0,85019807.0,-0.1677852348993203,-0.019999999999999574,0.025773381479995472,3.607382550335568,272168400.0
2025-05-16,11.89,11.86,12.03,11.78,4086800.0,48988621.0,-0.3361344537815225,-0.040000000000000924,0.015015703512972116,2.1008403361344534,272168400.0
2025-05-19,11.83,11.97,12.01,11.79,3738750.0,44844055.0,0.927487352445211,0.11000000000000121,0.01373689965477256,1.8549747048903935,272168400.0
2025-05-20,12.01,12.03,12.05,11.89,3288212.0,39572925.0,0.5012531328320691,0.05999999999999872,0.012081534814475155,1.3366750208855482,272168400.0
2025-05-21,12.03,11.96,12.07,11.91,2673200.0,32162922.0,-0.5818786367414619,-0.06999999999999851,0.00982186028943845,1.3300083125519546,272168400.0
2025-05-22,11.96,11.77,12.0,11.76,2796100.0,33328699.0,-1.5886287625418216,-0.19000000000000128,0.010273418956792927,2.006688963210704,272168400.0
2025-05-23,11.78,11.63,11.91,11.62,3575300.0,42331669.0,-1.189464740866597,-0.1399999999999988,0.013136352346561908,2.463891248937986,272168400.0
2025-05-26,11.62,11.75,11.87,11.6,2731453.0,32225259.0,1.0318142734307756,0.11999999999999922,0.010035893219051146,2.321582115219257,272168400.0
2025-05-27,11.75,11.76,11.79,11.63,2187500.0,25738891.0,0.08510638297871687,0.009999999999999787,0.008037303375410225,1.3617021276595607,272168400.0
2025-05-28,11.74,11.66,11.81,11.64,2346800.0,27667603.0,-0.8503401360544172,-0.09999999999999964,0.008622602770931527,1.4455782312925163,272168400.0
2025-05-29,11.66,11.82,11.87,11.66,3244400.0,38544957.0,1.3722126929674117,0.16000000000000014,0.011920560946825568,1.8010291595197176,272168400.0
2025-05-30,11.82,11.67,11.86,11.65,2676500.0,31472864.0,-1.269035532994922,-0.15000000000000036,0.009833985135673354,1.7766497461928856,272168400.0
2025-06-03,11.67,11.69,11.78,11.61,1837200.0,21600861.0,0.1713796058268935,0.019999999999999574,0.00675023257659596,1.4567266495287055,272168400.0
2025-06-04,11.74,11.81,11.86,11.69,2762200.0,32759764.0,1.0265183917878673,0.120000000000001,0.010148863718197999,1.4542343883661244,272168400.0
2025-06-05,11.82,11.76,11.86,11.7,2074300.0,24536988.0,-0.42337002540220325,-0.05000000000000071,0.00762138440759471,1.354784081287046,272168400.0
2025-06-06,11.76,11.85,11.86,11.76,2291522.0,27248199.0,0.7653061224489832,0.08999999999999986,0.008419500573909389,0.8503401360544187,272168400.0
2025-06-09,11.91,11.96,11.96,11.81,3311209.0,39658459.0,0.9282700421941126,0.11000000000000121,0.012166030295949126,1.2658227848101298,272168400.0
2025-06-10,11.93,11.78,12.01,11.7,3651600.0,43585111.0,-1.5050167224080369,-0.1800000000000015,0.013416693488296216,2.591973244147161,272168400.0
2025-06-11,11.81,11.88,11.99,11.78,2728100.0,32702966.0,0.8488964346349936,0.10000000000000142,0.010023573640437317,1.782682512733454,272168400.0
2025-06-12,11.88,11.88,11.9,11.78,2608450.0,31047681.0,0.0,0.0,0.009583956109526308,1.0101010101010184,272168400.0
2025-06-13,11.88,11.63,11.9,11.6,3477972.0,40975524.0,-2.1043771043771087,-0.25,0.012778750214940456,2.5252525252525313,272168400.0
2025-06-16,11.64,11.7,11.77,11.63,2741950.0,32299936.0,0.6018916595012858,0.06999999999999851,0.01007446125266563,1.203783319002569,272168400.0
2025-06-17,11.71,11.71,11.73,11.64,2126009.0,24998441.0,0.08547008547010737,0.010000000000001563,0.007811373399704007,0.769230769230768,272168400.0
2025-06-18,11.7,11.71,11.78,11.62,2258000.0,26524961.0,0.0,0.0,0.00829633418133773,1.3663535439795058,272168400.0
2025-06-19,11.69,11.51,11.82,11.5,3366191.0,39367078.0,-1.707941929974388,-0.20000000000000107,0.012368044931005951,2.7327070879590116,272168400.0
2025-06-20,11.54,11.52,11.93,11.51,5396800.0,63690967.0,0.08688097306690512,0.009999999999999787,0.019828900048646354,3.64900086880973,272168400.0
2025-06-23,11.43,11.8,11.8,11.34,4101753.0,48068248.0,2.430555555555558,0.28000000000000114,0.015070643763199549,3.993055555555563,272168400.0
2025-06-24,11.84,11.96,11.97,11.76,4346300.0,52019640.0,1.3559322033898313,0.16000000000000014,0.015969157330535066,1.7796610169491596,272168400.0
2025-06-25,11.95,11.98,12.03,11.87,4235000.0,50866482.0,0.16722408026754731,0.019999999999999574,0.015560219334794194,1.3377926421404693,272168400.0
2025-06-26,11.93,11.88,12.02,11.86,3638600.0,43700466.0,-0.8347245409014992,-0.09999999999999964,0.01336892894252235,1.335559265442405,272168400.0
2025-06-27,11.94,11.97,12.1,11.93,3383452.0,40569495.0,0.7575757575757569,0.08999999999999986,0.012431465225206158,1.4309764309764303,272168400.0
2025-06-30,12.07,12.21,12.37,12.07,5114247.0,62242995.0,2.0050125313283207,0.2400000000000002,0.018790744994643022,2.506265664160392,272168400.0
2025-07-01,12.2,12.17,12.22,12.08,3815922.0,46351669.0,-0.3276003276003303,-0.040000000000000924,0.014020444695269547,1.1466011466011512,272168400.0
2025-07-02,12.22,12.58,12.59,12.17,13941173.0,173073861.0,3.3689400164338634,0.41000000000000014,0.05122259968460703,3.451109285127362,272168400.0
2025-07-03,12.49,12.65,12.73,12.45,13425495.0,169326007.0,0.556438791732905,0.07000000000000028,0.04932789772802427,2.225755166931646,272168400.0
2025-07-04,12.9,12.41,12.99,12.33,11266220.0,141633460.0,-1.8972332015810278,-0.2400000000000002,0.04139429852988077,5.217391304347827,272168400.0
2025-07-07,12.33,12.51,12.57,12.25,7071747.0,88054803.0,0.8058017727639033,0.09999999999999964,0.025982983329438686,2.5785656728444826,272168400.0
2025-07-08,12.54,13.04,13.1,12.46,18090332.0,233190610.0,4.236610711430844,0.5299999999999994,0.06646742237526472,5.115907274180645,272168400.0
2025-07-09,12.85,12.84,13.09,12.8,10483559.0,135339262.0,-1.5337423312883347,-0.1999999999999993,0.03851864874834845,2.2239263803680918,272168400.0
2025-07-10,12.8,12.96,13.23,12.8,13099950.0,170695227.0,0.9345794392523477,0.120000000000001,0.04813178164695093,3.3489096573208696,272168400.0
2025-07-11,12.99,12.88,13.12,12.79,9407900.0,121147624.0,-0.6172839506172867,-0.08000000000000007,0.03456646693738141,2.5462962962962967,272168400.0
2025-07-14,12.7,13.01,13.08,12.63,8432052.0,108574798.0,1.0093167701863193,0.129999999999999,0.030981010286278643,3.4937888198757703,272168400.0
2025-07-15,13.08,14.31,14.31,12.98,26183623.0,367321949.0,9.9923136049193,1.3000000000000007,0.09620375840839715,10.22290545734051,272168400.0
2025-07-16,14.36,14.05,14.5,13.54,41211238.0,571126946.0,-1.8169112508735097,-0.2599999999999998,0.15141815875759274,6.708595387840677,272168400.0
2025-07-17,13.85,13.86,14.27,13.68,28114831.0,389794480.0,-1.3523131672597999,-0.19000000000000128,0.10329939478646309,4.1992882562277565,272168400.0
2025-07-18,13.87,13.62,14.1,13.56,21132350.0,291504939.0,-1.7316017316017285,-0.2400000000000002,0.0776443922218744,3.89610389610389,272168400.0
2025-07-21,13.62,13.77,13.77,13.42,13758661.0,188003997.0,1.1013215859030812,0.15000000000000036,0.05055201485550857,2.5697503671071926,272168400.0
2025-07-22,13.65,13.66,13.82,13.5,14252139.0,194386817.0,-0.7988380537400142,-0.10999999999999943,0.05236514966469289,2.3238925199709533,272168400.0
2025-07-23,13.66,13.31,13.68,13.3,13080165.0,176334753.0,-2.5622254758418728,-0.34999999999999964,0.048059087682478935,2.781844802342599,272168400.0
2025-07-24,13.29,13.43,13.45,13.22,10176097.0,136035538.0,0.9015777610818843,0.11999999999999922,0.037388973150446564,1.7280240420736188,272168400.0
2025-07-25,13.43,13.41,13.5,13.35,7180944.0,96441384.0,-0.14892032762471308,-0.019999999999999574,0.026384194491351678,1.1169024571854085,272168400.0
2025-07-28,13.4,13.44,13.5,13.3,5856900.0,78457610.0,0.22371364653244186,0.02999999999999936,0.02151939754945835,1.4914243102162512,272168400.0
2025-07-29,13.48,13.39,13.52,13.17,8588053.0,114407794.0,-0.37202380952380265,-0.049999999999998934,0.03155418850976087,2.604166666666664,272168400.0
2025-07-30,13.35,13.18,13.4,13.15,7008190.0,92959314.0,-1.5683345780433178,-0.21000000000000085,0.025749462465150252,1.8670649738610903,272168400.0
2025-07-31,13.26,12.9,13.29,12.85,8394215.0,109501980.0,-2.124430955993928,-0.27999999999999936,0.03084198973870589,3.3383915022761723,272168400.0
2025-08-01,12.99,13.16,13.25,12.93,8706670.0,114491821.0,2.0155038759689825,0.2599999999999998,0.03199001059638077,2.480620155038762,272168400.0
2025-08-04,13.1,13.07,13.15,12.91,5251670.0,68460890.0,-0.6838905775075954,-0.08999999999999986,0.019295664008018566,1.8237082066869317,272168400.0
2025-08-05,13.12,13.2,13.24,13.05,6256400.0,82255770.0,0.9946442234123776,0.129999999999999,0.022987238783047554,1.4537107880642655,272168400.0
2025-08-06,13.21,13.19,13.22,13.11,4520642.0,59498716.0,-0.07575757575757347,-0.009999999999999787,0.01660972397971256,0.8333333333333425,272168400.0
2025-08-07,13.24,13.1,13.28,13.02,4915792.0,64475069.0,-0.6823351023502622,-0.08999999999999986,0.018061582461446662,1.9711902956785428,272168400.0
2025-08-08,13.08,13.16,13.26,13.06,6370433.0,83838574.0,0.45801526717557106,0.0600000000000005,0.023406218355988426,1.526717557251903,272168400.0
2025-08-11,13.22,13.29,13.35,13.14,6832132.0,90528634.0,0.9878419452887366,0.129999999999999,0.02510259089593061,1.5957446808510567,272168400.0
2025-08-12,13.3,13.19,13.3,13.12,5434450.0,71625720.0,-0.7524454477050413,-0.09999999999999964,0.019967233521599126,1.3544018058690857,272168400.0
2025-08-13,13.2,13.21,13.3,13.13,5666650.0,74813328.0,0.15163002274451998,0.02000000000000135,0.020820381793036958,1.2888551933282786,272168400.0
2025-08-14,13.22,12.96,13.24,12.91,7091100.0,92611983.0,-1.8925056775170312,-0.25,0.026054090041312657,2.4981074943224835,272168400.0
2025-08-15,12.95,13.23,13.24,12.94,7100093.0,93478001.0,2.083333333333326,0.2699999999999996,0.026087132084400687,2.31481481481482,272168400.0
2025-08-18,13.32,13.46,13.47,13.29,10149152.0,135936628.0,1.7384731670446074,0.23000000000000043,0.03728997194384065,1.360544217687086,272168400.0
2025-08-19,13.86,13.82,14.37,13.78,24524461.0,342732663.0,2.6745913818722045,0.35999999999999943,0.09010767230876178,4.383358098068349,272168400.0
2025-08-20,13.96,13.68,14.08,13.6,13138600.0,180905633.0,-1.013024602026058,-0.14000000000000057,0.048273789315732465,3.4732272069464574,272168400.0
2025-08-21,13.61,13.63,13.75,13.55,8697380.0,118580641.0,-0.36549707602338,-0.049999999999998934,0.0319558773171316,1.4619883040935622,272168400.0
2025-08-22,13.62,13.55,13.65,13.48,7538900.0,102129609.0,-0.5869405722670584,-0.08000000000000007,0.02769939493343092,1.2472487160674977,272168400.0
2025-08-25,13.59,13.58,13.66,13.46,9131692.0,123629841.0,0.22140221402213722,0.02999999999999936,0.03355162465591156,1.4760147601475961,272168400.0
2025-08-26,13.58,13.61,13.67,13.5,7454600.0,101422789.0,0.22091310751104487,0.02999999999999936,0.027389660225066538,1.2518409425625916,272168400.0
2025-08-27,13.62,13.15,13.64,13.15,8876300.0,119106384.0,-3.3798677443056535,-0.4599999999999991,0.032613264434813154,3.600293901542985,272168400.0
2025-08-28,13.15,13.27,13.32,12.86,8091310.0,106110697.0,0.9125475285171047,0.11999999999999922,0.029729057451195657,3.498098859315596,272168400.0
2025-08-29,13.18,13.21,13.27,13.11,5458520.0,71940354.0,-0.45214770158250595,-0.05999999999999872,0.020055671415197356,1.2057272042200462,272168400.0
2025-09-01,13.29,13.24,13.35,13.08,8051940.0,106412420.0,0.2271006813020282,0.02999999999999936,0.029584404361417415,2.043906131718392,272168400.0
2025-09-02,13.22,13.2,13.42,13.08,7449532.0,98539999.0,-0.30211480362538623,-0.040000000000000924,0.027371039400606388,2.567975830815709,272168400.0
2025-09-03,13.24,13.25,13.31,13.01,8351300.0,110165444.0,0.37878787878788955,0.05000000000000071,0.0306843116247147,2.2727272727272783,272168400.0
2025-09-04,13.26,13.47,13.75,13.22,16639366.0,224853721.0,1.6603773584905612,0.22000000000000064,0.06113628915039365,3.999999999999995,272168400.0
2025-09-05,13.41,14.06,14.07,13.41,25992967.0,361454407.0,4.380103934669632,0.5899999999999999,0.09550325092846929,4.89977728285078,272168400.0
2025-09-08,14.12,14.14,14.2,13.83,21809624.0,305451198.0,0.5689900426742556,0.08000000000000007,0.0801328295276013,2.6315789473684155,272168400.0
2025-09-09,14.05,13.97,14.23,13.9,12477101.0,175073776.0,-1.202263083451205,-0.16999999999999993,0.04584331244920424,2.3338048090523342,272168400.0
2025-09-10,13.96,13.88,14.05,13.7,10023900.0,138670146.0,-0.6442376521116677,-0.08999999999999986,0.036829771567896935,2.5053686471009406,272168400.0
2025-09-11,13.82,13.88,13.9,13.71,7699165.0,106498041.0,0.0,0.0,0.028288239927926975,1.368876080691639,272168400.0
2025-09-12,13.95,13.75,13.99,13.71,7450200.0,102769650.0,-0.9365994236311348,-0.13000000000000078,0.02737349376342,2.0172910662824157,272168400.0
2025-09-15,13.77,13.61,13.86,13.59,6468538.0,88679662.0,-1.018181818181818,-0.14000000000000057,0.02376667533776882,1.9636363636363605,272168400.0
2025-09-16,13.6,13.62,13.69,13.34,8137600.0,109921305.0,0.07347538574578039,0.009999999999999787,0.02989913597610891,2.5716385011021283,272168400.0
2025-09-17,13.6,13.57,13.73,13.52,6440100.0,87651200.0,-0.36710719530101965,-0.049999999999998934,0.023662188556790576,1.5418502202643236,272168400.0
2025-09-18,13.57,13.15,13.59,13.08,9215699.0,122911238.0,-3.095062638172441,-0.41999999999999993,0.033860282824898114,3.7582903463522457,272168400.0
2025-09-19,13.19,13.1,13.27,13.02,5694733.0,74652803.0,-0.38022813688213253,-0.05000000000000071,0.020923564234495994,1.9011406844106464,272168400.0
2025-09-22,13.08,12.8,13.11,12.71,7789900.0,99933215.0,-2.2900763358778553,-0.29999999999999893,0.02862161808644942,3.053435114503806,272168400.0
2025-09-23,12.8,12.83,12.89,12.39,8467598.0,106804427.0,0.23437499999998668,0.02999999999999936,0.031111613251207707,3.90625,272168400.0
2025-09-24,12.83,13.03,13.05,12.66,7177036.0,92424624.0,1.5588464536243185,0.1999999999999993,0.02636983573405289,3.0397505845674244,272168400.0
2025-09-25,12.97,12.97,13.24,12.92,5779537.0,75543854.0,-0.46047582501917983,-0.05999999999999872,0.02123515073755807,2.455871066768997,272168400.0
2025-09-26,12.91,13.07,13.18,12.83,6742531.0,88421291.0,0.7710100231302919,0.09999999999999964,0.024773379275477975,2.6985350809560495,272168400.0
2025-09-29,13.16,13.1,13.31,12.92,7011305.0,92172945.0,0.22953328232593329,0.02999999999999936,0.025760907585156836,2.9839326702371887,272168400.0
2025-09-30,13.11,13.23,13.32,13.05,7107052.0,93976398.0,0.992366412213741,0.13000000000000078,0.02611270081317302,2.0610687022900733,272168400.0
2025-10-09,13.28,13.34,13.36,13.17,6737400.0,89576102.0,0.8314436885865417,0.10999999999999943,0.024754526976680614,1.4361300075585752,272168400.0
2025-10-10,13.29,13.23,13.36,13.19,4856074.0,64411410.0,-0.8245877061469176,-0.10999999999999943,0.017842166834944835,1.274362818590704,272168400.0
2025-10-13,12.86,13.26,13.3,12.77,7422778.0,96991181.0,0.22675736961450532,0.02999999999999936,0.02727273996540377,4.006046863189729,272168400.0
2025-10-14,13.3,13.42,13.75,13.29,11066840.0,149715853.0,1.2066365007541435,0.16000000000000014,0.0406617373655428,3.4690799396681813,272168400.0
2025-10-15,13.42,13.55,13.6,13.26,8224674.0,110793356.0,0.9687034277198192,0.13000000000000078,0.030219062903702267,2.533532041728762,272168400.0
2025-10-16,13.55,13.43,13.6,13.4,5728600.0,77268224.0,-0.8856088560885711,-0.120000000000001,0.021047998224628574,1.4760147601475961,272168400.0
2025-10-17,13.43,12.98,13.48,12.92,6943903.0,91368634.0,-3.3507073715562163,-0.4499999999999993,0.025513259437906825,4.169769173492186,272168400.0
2025-10-20,13.18,13.33,13.37,13.09,7995385.0,106209624.0,2.6964560862865916,0.34999999999999964,0.029376610216321954,2.1571648690292706,272168400.0
2025-10-21,13.33,13.3,13.35,13.21,4116870.0,54666472.0,-0.22505626406601476,-0.02999999999999936,0.015126186581542897,1.0502625656414013,272168400.0
2025-10-22,13.31,13.32,13.45,13.2,4339700.0,57932295.0,0.15037593984961184,0.019999999999999574,0.015944907638065258,1.8796992481203008,272168400.0
2025-10-23,13.26,13.44,13.44,13.12,5145798.0,68460673.0,0.9009009009008917,0.11999999999999922,0.018906669547236195,2.4024024024024047,272168400.0
2025-10-24,13.4,13.36,13.48,13.32,4345300.0,58183072.0,-0.5952380952380931,-0.08000000000000007,0.015965483134706308,1.1904761904761916,272168400.0
2025-10-27,13.39,13.42,13.46,13.28,5544700.0,74268519.0,0.44910179640718084,0.0600000000000005,0.020372313611719803,1.347305389221568,272168400.0
2025-10-28,13.51,13.87,14.01,13.47,18296179.0,251720160.0,3.3532041728763007,0.4499999999999993,0.06722374456402727,4.023845007451558,272168400.0
2025-10-29,13.86,13.88,14.02,13.58,13935785.0,192495427.0,0.07209805335257613,0.010000000000001563,0.051202803117481675,3.1723143475126134,272168400.0
2025-10-30,13.85,13.98,14.12,13.8,14247400.0,199241119.0,0.7204610951008661,0.09999999999999964,0.0523477376506604,2.3054755043227555,272168400.0
2025-10-31,13.6,13.72,13.95,13.45,13353297.0,183537908.0,-1.859799713876964,-0.2599999999999998,0.04906262813757953,3.5765379113018594,272168400.0
2025-11-03,13.83,13.75,13.89,13.63,7110000.0,97595293.0,0.21865889212826506,0.02999999999999936,0.0261235323424762,1.8950437317784241,272168400.0
2025-11-04,13.75,14.29,14.47,13.66,22861353.0,322999407.0,3.9272727272727126,0.5399999999999991,0.08399708783238613,5.890909090909094,272168400.0
2025-11-05,14.15,14.57,14.72,14.04,24867400.0,358684236.0,1.9594121763470973,0.28000000000000114,0.09136769735208056,4.758572428271529,272168400.0
2025-11-06,14.56,14.39,14.59,14.32,15771600.0,227481470.0,-1.2354152367879179,-0.17999999999999972,0.05794794693285481,1.8531228551818775,272168400.0
2025-11-07,14.37,14.75,14.86,14.31,19415649.0,285353875.0,2.5017373175816537,0.35999999999999943,0.07133689656844806,3.8220986796386303,272168400.0
2025-11-10,15.0,14.6,15.0,14.51,21008133.0,309191770.0,-1.016949152542379,-0.15000000000000036,0.07718799463861345,3.3220338983050866,272168400.0
2025-11-11,14.73,14.92,15.14,14.68,23027700.0,344163280.0,2.191780821917799,0.3200000000000003,0.08460827928591269,3.1506849315068552,272168400.0
2025-11-12,14.93,14.21,14.98,14.13,20793129.0,298905030.0,-4.75871313672922,-0.7099999999999991,0.07639802783864695,5.697050938337799,272168400.0
2025-11-13,14.21,14.31,14.88,14.21,17743340.0,257908550.0,0.703729767769179,0.09999999999999964,0.065192505816252,4.714989444053483,272168400.0
2025-11-14,14.3,15.74,15.74,14.15,27687046.0,427326492.0,9.993011879804325,1.4299999999999997,0.10172762892385744,11.111111111111109,272168400.0
2025-11-17,16.77,15.8,16.77,15.74,64956400.0,1047870931.0,0.3811944091486774,0.0600000000000005,0.2386625339311985,6.543837357052093,272168400.0
2025-11-18,16.0,15.27,16.09,15.16,29495971.0,455580910.0,-3.354430379746842,-0.5300000000000011,0.10837397361339524,5.886075949367086,272168400.0
2025-11-19,15.21,14.98,15.67,14.81,21726255.0,328947844.0,-1.8991486574983618,-0.28999999999999915,0.07982651549555349,5.631958087753762,272168400.0
2025-11-20,14.99,14.97,15.6,14.57,25766223.0,386970586.0,-0.06675567423231055,-0.009999999999999787,0.09467014906947316,6.875834445927899,272168400.0
2025-11-21,14.55,13.64,14.7,13.6,24881006.0,348655428.0,-8.884435537742153,-1.33,0.09141768846052664,7.3480293921175655,272168400.0
2025-11-24,13.91,13.55,13.95,13.25,14890135.0,201437549.0,-0.6598240469208205,-0.08999999999999986,0.05470927190665779,5.131964809384159,272168400.0
2025-11-25,13.58,13.81,13.89,13.48,11835987.0,163080725.0,1.9188191881918781,0.2599999999999998,0.04348773406464527,3.0258302583025842,272168400.0
2025-11-26,13.87,13.67,14.0,13.66,10332825.0,142842277.0,-1.0137581462708267,-0.14000000000000057,0.037964822514296295,2.4619840695148434,272168400.0
2025-11-27,13.65,13.81,13.94,13.65,9449684.0,130431155.0,1.0241404535479282,0.14000000000000057,0.034719989535890276,2.121433796634961,272168400.0
2025-11-28,13.8,14.16,14.41,13.53,13558080.0,191876651.0,2.5343953656770335,0.34999999999999964,0.04981504098198027,6.37219406227372,272168400.0
2025-12-01,14.23,13.96,14.3,13.91,10641329.0,149288745.0,-1.412429378531066,-0.1999999999999993,0.03909832662425175,2.7542372881355974,272168400.0
2025-12-02,13.95,14.05,14.08,13.65,9408775.0,130499507.0,0.6446991404011504,0.08999999999999986,0.03456968185873158,3.080229226361029,272168400.0
2025-12-03,14.02,14.04,14.18,13.85,8355364.0,116962153.0,-0.0711743772242146,-0.010000000000001563,0.030699243556562776,2.348754448398577,272168400.0
2025-12-04,14.0,13.57,14.0,13.55,8278317.0,113565431.0,-3.3475783475783394,-0.46999999999999886,0.030416157790544383,3.2051282051282,272168400.0
2025-12-05,13.57,13.98,14.0,13.46,9997244.0,138211831.0,3.0213706705969123,0.41000000000000014,0.03673183220388553,3.979366249078844,272168400.0
2025-12-08,14.06,14.68,14.7,14.05,18881279.0,273910211.0,5.007153075822601,0.6999999999999993,0.06937351654343414,4.649499284692407,272168400.0
2025-12-09,14.41,15.41,16.15,14.39,39823576.0,611199996.0,4.972752043596729,0.7300000000000004,0.1463196168254654,11.989100817438679,272168400.0
2025-12-10,15.25,15.08,15.6,15.0,29853002.0,454120302.0,-2.14146658014277,-0.33000000000000007,0.10968577542433287,3.89357560025957,272168400.0
2025-12-11,14.89,14.7,15.14,14.7,16124050.0,239854196.0,-2.5198938992042508,-0.3800000000000008,0.0592429172527009,2.917771883289133,272168400.0
2025-12-12,14.75,14.87,15.5,14.71,19224070.0,289830105.0,1.1564625850340127,0.16999999999999993,0.07063299780577025,5.37414965986394,272168400.0
2025-12-15,14.7,14.77,15.16,14.68,13373772.0,199702726.0,-0.672494956287828,-0.09999999999999964,0.04913785729717337,3.227975790181577,272168400.0
2025-12-16,14.89,14.04,14.92,13.96,13574833.0,192418808.0,-4.942450914014895,-0.7300000000000004,0.049876594784699475,6.499661475964788,272168400.0
2025-12-17,13.9,13.78,14.11,13.46,11627845.0,159195185.0,-1.851851851851849,-0.2599999999999998,0.042722979596455726,4.62962962962962,272168400.0
2025-12-18,13.61,13.72,13.98,13.47,9373413.0,128607027.0,-0.4354136429608024,-0.05999999999999872,0.034439754945835004,3.7010159651669072,272168400.0
2025-12-19,13.66,14.0,14.34,13.66,11864117.0,166770832.0,2.0408163265306145,0.27999999999999936,0.04359108919330826,4.956268221574342,272168400.0
2025-12-22,14.04,13.74,14.17,13.71,10634966.0,146898873.0,-1.8571428571428572,-0.2599999999999998,0.03907494771619335,3.2857142857142794,272168400.0
2025-12-23,13.73,13.69,13.93,13.52,9320500.0,127764277.0,-0.3639010189228631,-0.05000000000000071,0.03424534222194788,2.9839883551673956,272168400.0
2025-12-24,13.59,14.04,14.16,13.48,10652200.0,147856280.0,2.5566106647187725,0.34999999999999964,0.03913826880710619,4.967129291453614,272168400.0
2025-12-25,13.94,14.26,14.28,13.85,11208207.0,158097475.0,1.5669515669515688,0.22000000000000064,0.04118114740726697,3.062678062678061,272168400.0
2025-12-26,14.22,14.17,14.55,14.12,11770477.0,168654235.0,-0.6311360448807868,-0.08999999999999986,0.04324703749590327,3.0154277699859855,272168400.0
2025-12-29,14.13,14.07,14.4,13.99,8157764.0,115116524.0,-0.7057163020465773,-0.09999999999999964,0.029973222460800003,2.8934368383909677,272168400.0
2025-12-30,14.01,13.69,14.08,13.69,9083000.0,125154222.0,-2.7007818052594224,-0.3800000000000008,0.033372720712617626,2.771855010660985,272168400.0
2025-12-31,13.7,13.5,13.81,13.3,10303007.0,138814945.0,-1.3878743608473298,-0.1899999999999995,0.037854909838359097,3.7253469685902103,272170956.0
2026-01-05,13.59,13.34,13.65,13.26,13370066.0,178511077.0,-1.1851851851851891,-0.16000000000000014,0.04912377939400705,2.8888888888888933,272170956.0
2026-01-06,13.35,13.54,13.59,13.31,9942231.0,134294277.0,1.4992503748125774,0.1999999999999993,0.036529360612599676,2.0989505247376266,272170956.0
2026-01-07,13.53,13.49,13.59,13.35,7572050.0,102038835.0,-0.36927621861151394,-0.049999999999998934,0.027820933251966825,1.7725258493353047,272170956.0
2026-01-08,13.39,13.75,13.8,13.39,10044048.0,137095723.0,1.9273535952557541,0.2599999999999998,0.03690345269610619,3.039288361749445,272170956.0
2026-01-09,13.7,13.69,13.82,13.51,10791522.0,147301502.0,-0.43636363636363473,-0.0600000000000005,0.03964979275746087,2.254545454545458,272170956.0
2026-01-12,13.51,13.9,14.02,13.5,14309044.0,198652303.0,1.5339663988312768,0.21000000000000085,0.05257373604551692,3.798392987582174,272170956.0
2026-01-13,13.89,13.7,13.95,13.58,12605535.0,172801599.0,-1.4388489208633115,-0.20000000000000107,0.04631476916295213,2.661870503597117,272170956.0
2026-01-14,13.73,13.52,13.87,13.36,12076404.0,164717252.0,-1.31386861313868,-0.17999999999999972,0.04437065650752243,3.7226277372262757,272170956.0
2026-01-15,13.45,13.42,13.59,13.33,6954218.0,93396480.0,-0.7396449704141994,-0.09999999999999964,0.025550918812953724,1.9230769230769214,272170956.0
2026-01-16,13.51,13.62,13.83,13.51,7599939.0,103360493.0,1.4903129657227954,0.1999999999999993,0.027923401937126606,2.384500745156485,272170956.0
2026-01-19,13.53,13.97,13.97,13.46,13096582.0,181262760.0,2.569750367107204,0.3500000000000014,0.048118955058525786,3.744493392070483,272170956.0
2026-01-20,13.99,13.71,14.03,13.66,8636400.0,119122847.0,-1.8611309949892574,-0.2599999999999998,0.03173152685696559,2.6485325697924065,272170956.0
2026-01-21,13.69,13.77,13.81,13.52,5919100.0,81196877.0,0.4376367614879584,0.05999999999999872,0.021747728291772617,2.115244347191837,272170956.0
2026-01-22,13.73,13.93,14.01,13.73,8768636.0,122078763.0,1.161946259985469,0.16000000000000014,0.03221738325378113,2.0334059549745778,272170956.0
2026-01-23,13.93,14.73,14.74,13.93,23498679.0,340957000.0,5.743000717875102,0.8000000000000007,0.08633793754246136,5.814788226848532,272170956.0
2026-01-26,14.88,14.45,14.89,14.33,17905200.0,260181725.0,-1.9008825526137252,-0.28000000000000114,0.06578659333510957,3.8017651052274304,272170956.0
2026-01-27,14.32,14.74,14.83,13.93,19258356.0,277281798.0,2.006920415224922,0.2900000000000009,0.07075830677539303,6.2283737024221475,272170956.0
2026-01-28,14.6,14.35,14.64,14.31,10537773.0,152103482.0,-2.6458616010854863,-0.39000000000000057,0.038717477995705026,2.2388059701492544,272170956.0
2026-01-29,14.19,14.01,14.49,13.95,10789337.0,152793845.0,-2.369337979094077,-0.33999999999999986,0.03964176471496834,3.7630662020905987,272170956.0
2026-01-30,13.95,13.83,14.15,13.49,11707357.0,160847975.0,-1.2847965738758016,-0.17999999999999972,0.04301471829345377,4.710920770877945,272170956.0
2026-02-02,13.78,13.73,14.04,13.67,7637873.0,105857817.0,-0.7230657989877098,-0.09999999999999964,0.02806277757278407,2.6753434562545135,272170956.0
2026-02-03,13.82,14.13,14.19,13.82,9673300.0,135684177.0,2.9133284777858703,0.40000000000000036,0.035541264733625726,2.6948288419519244,272170956.0
2026-02-04,14.09,14.69,14.78,14.02,19327325.0,280844588.0,3.963198867657458,0.5599999999999987,0.07101171000773498,5.378627034677988,272170956.0
2026-02-05,14.58,14.18,14.59,14.15,12443100.0,177843926.0,-3.4717494894486056,-0.5099999999999998,0.04571795676831881,2.99523485364193,272170956.0
2026-02-06,14.04,14.36,14.52,14.03,11392200.0,163573691.0,1.2693935119887145,0.17999999999999972,0.041856780633125305,3.4555712270803967,272170956.0
2026-02-09,14.55,14.79,14.99,14.42,20686400.0,306347335.0,2.9944289693593307,0.4299999999999997,0.0760051708088941,3.969359331476325,272170956.0
2026-02-10,14.67,14.67,14.88,14.61,11659100.0,171533616.0,-0.8113590263691628,-0.11999999999999922,0.04283741429045059,1.8255578093306382,272170956.0
2026-02-11,14.63,14.6,14.77,14.53,8042344.0,117561901.0,-0.47716428084526585,-0.07000000000000028,0.02954886927758743,1.6359918200409014,272170956.0
2026-02-12,14.5,14.49,14.62,14.33,8147844.0,118125782.0,-0.7534246575342407,-0.10999999999999943,0.029936493297249542,1.9863013698630079,272170956.0
2026-02-13,14.44,14.18,14.56,14.18,7914450.0,113595417.0,-2.1394064872325758,-0.3100000000000005,0.02907896608923988,2.622498274672193,272170956.0
2026-02-24,14.25,14.4,14.48,14.23,5392200.0,77459091.0,1.5514809590973178,0.22000000000000064,0.01981181269025634,1.7630465444287728,272170956.0
2026-02-25,14.41,14.67,15.04,14.32,12440500.0,182829188.0,1.8750000000000044,0.2699999999999996,0.045708403948876895,4.999999999999992,272170956.0
2026-02-26,14.66,14.63,14.69,14.5,8642800.0,126114938.0,-0.27266530334014716,-0.03999999999999915,0.03175504148943798,1.2951601908657089,272170956.0
2026-02-27,14.6,14.83,14.84,14.55,12350777.0,182156542.0,1.36705399863295,0.1999999999999993,0.04537874717242056,1.9822282980177657,272170956.0
2026-03-02,14.61,14.35,14.67,14.21,12908275.0,186104389.0,-3.236682400539448,-0.4800000000000004,0.04742708476212282,3.101820633850297,272170956.0
2026-03-03,14.44,14.18,14.87,14.16,14871700.0,215953481.0,-1.184668989547033,-0.16999999999999993,0.0546410249593274,4.947735191637624,272170956.0
2026-03-04,14.0,13.99,14.38,13.9,8849975.0,124522917.0,-1.3399153737658653,-0.1899999999999995,0.032516235861698634,3.385049365303247,272170956.0
2026-03-05,14.21,14.14,14.35,14.05,9016400.0,128114510.0,1.0721944245889903,0.15000000000000036,0.03312770816001396,2.1443888491779766,272170956.0
2026-03-06,14.13,14.37,14.44,14.01,7601344.0,108768627.0,1.6265912305516217,0.22999999999999865,0.02792856413378656,3.0410183875530388,272170956.0
2026-03-09,14.15,14.63,14.68,14.12,11289303.0,163268958.0,1.8093249826026447,0.26000000000000156,0.04147872045538908,3.8970076548364685,272170956.0
2026-03-10,14.6,14.71,14.72,14.5,9209474.0,134801609.0,0.5468215994531844,0.08000000000000007,0.03383709318344754,1.503759398496245,272170956.0
2026-03-11,14.7,14.86,14.97,14.58,12733216.0,188801593.0,1.0197144799455993,0.14999999999999858,0.046783889754937705,2.651257647858603,272170956.0
2026-03-12,14.8,14.97,15.08,14.62,15325400.0,227782995.0,0.7402422611036519,0.11000000000000121,0.056307991951940674,3.095558546433384,272170956.0
2026-03-13,14.9,15.08,15.3,14.86,21052662.0,317886918.0,0.7348029392117539,0.10999999999999943,0.07735087648367595,2.9392117568470355,272170956.0
2026-03-16,15.09,14.88,15.28,14.75,13660546.0,204026920.0,-1.3262599469495928,-0.1999999999999993,0.050191049775347815,3.5145888594164414,272170956.0
2026-03-17,14.98,14.78,15.25,14.72,12215241.0,183163104.0,-0.6720430107526987,-0.10000000000000142,0.044880766043236445,3.5618279569892426,272170956.0
2026-03-18,14.72,14.89,14.97,14.64,8218200.0,121683720.0,0.7442489851150258,0.11000000000000121,0.030194992591347624,2.2327469553450614,272170956.0
2026-03-19,14.77,15.22,15.5,14.72,22774046.0,346005425.0,2.2162525184687754,0.33000000000000007,0.08367551899990387,5.238415043653454,272170956.0
2026-03-20,15.26,15.31,15.7,14.75,37137672.0,569528537.0,0.5913272010512394,0.08999999999999986,0.13644979811879707,6.241787122207616,272170956.0
2026-03-23,15.03,15.06,15.55,14.91,28153682.0,429305141.0,-1.6329196603527052,-0.25,0.10344116952728784,4.180274330502943,272170956.0
2026-03-24,15.33,15.99,16.1,15.09,35589050.0,558659966.0,6.175298804780871,0.9299999999999997,0.13075991106119347,6.706507304116877,272170956.0
2026-03-25,15.84,16.65,16.96,15.84,45483179.0,751442101.0,4.127579737335818,0.6599999999999984,0.16711253716579516,7.0043777360850585,272170956.0
2026-03-26,16.34,16.67,17.47,16.11,36460571.0,606176392.0,0.1201201201201485,0.020000000000003126,0.13396201981228298,8.168168168168165,272170956.0
2026-03-27,16.11,16.35,16.93,16.04,29299154.0,479892076.0,-1.919616076784647,-0.3200000000000003,0.10764981844719684,5.338932213557292,272170956.0
2026-03-30,16.0,15.7,16.23,14.72,31657502.0,488979493.0,-3.975535168195732,-0.6500000000000021,0.11631476945688503,9.235474006116204,272170956.0
2026-03-31,15.51,15.15,15.97,14.94,19632693.0,302992508.0,-3.5031847133757843,-0.5499999999999989,0.07213349710694153,6.560509554140134,272171651.0
2026-04-01,15.35,14.84,15.59,14.75,24530044.0,368113738.0,-2.0462046204620443,-0.3100000000000005,0.09012710879282575,5.544554455445543,272171651.0
2026-04-02,14.7,14.16,15.44,14.0,25267331.0,370777736.0,-4.582210242587603,-0.6799999999999997,0.09283601325547311,9.703504043126681,272171651.0
2026-04-03,14.11,13.28,14.16,13.2,21675764.0,293523038.0,-6.214689265536732,-0.8800000000000008,0.07964005038864243,6.7796610169491585,272171651.0
2026-04-07,13.13,13.21,13.35,13.03,11033424.0,145536207.0,-0.5271084337349241,-0.06999999999999851,0.04053847621330702,2.40963855421687,272171651.0
2026-04-08,13.34,13.54,13.56,13.3,12260914.0,165010842.0,2.4981074943224657,0.3299999999999983,0.04504846098023633,1.968205904617712,272171651.0
2026-04-09,13.4,13.15,13.41,12.92,13216280.0,173539418.0,-2.8803545051698576,-0.3899999999999988,0.04855862082417981,3.6189069423929117,272171651.0
2026-04-10,13.17,13.28,13.4,13.16,9359361.0,124483631.0,0.9885931558935246,0.129999999999999,0.03438771439131256,1.825095057034222,272171651.0
2026-04-13,13.33,13.42,13.48,13.18,9207793.0,122828197.0,1.0542168674698926,0.14000000000000057,0.0338308305298115,2.2590361445783187,272171651.0
2026-04-14,13.4,13.4,13.43,13.28,8073438.0,107702882.0,-0.14903129657227732,-0.019999999999999574,0.029663037903973326,1.117734724292104,272171651.0
2026-04-15,13.39,13.25,13.44,13.17,8463721.0,112606260.0,-1.1194029850746245,-0.15000000000000036,0.031096996946239637,2.014925373134325,272171651.0
2026-04-16,13.22,13.33,13.34,13.1,6472841.0,85954600.0,0.6037735849056647,0.08000000000000007,0.023782201328528516,1.8113207547169825,272171651.0
2026-04-17,13.28,13.24,13.36,13.16,5957300.0,78912038.0,-0.6751687921980443,-0.08999999999999986,0.02188802536234753,1.500375093773438,272171651.0
2026-04-20,13.23,13.3,13.32,13.19,5483291.0,72732854.0,0.45317220543807935,0.0600000000000005,0.02014644427460963,0.9818731117824833,272171651.0
2026-04-21,13.33,13.68,13.71,13.3,12835756.0,173244165.0,2.857142857142847,0.379999999999999,0.04716051783071265,3.082706766917294,272171651.0
2026-04-22,13.56,13.6,13.64,13.47,7834535.0,106372298.0,-0.5847953216374324,-0.08000000000000007,0.02878527198264304,1.2426900584795317,272171651.0
2026-04-23,13.6,13.44,13.65,13.32,7261500.0,97526315.0,-1.17647058823529,-0.16000000000000014,0.026679854324725392,2.426470588235295,272171651.0
2026-04-24,13.36,13.19,13.39,13.12,6724731.0,88694352.0,-1.8601190476190466,-0.25,0.024707683461125788,2.008928571428582,272171651.0
2026-04-27,13.1,12.81,13.19,12.6,9626621.0,123221240.0,-2.8809704321455576,-0.379999999999999,0.03536966823925391,4.473085670962849,272171651.0
2026-04-28,12.79,12.41,12.83,12.31,9714300.0,121162939.0,-3.1225604996096834,-0.40000000000000036,0.035691743393431404,4.05932864949258,272172191.0
2026-04-29,12.3,12.7,12.76,12.26,6888267.0,86967485.0,2.3368251410152974,0.28999999999999915,0.02530848935995816,4.0290088638195005,272172191.0
2026-04-30,12.41,12.4,12.55,12.29,7839594.0,97297912.0,-2.3622047244094446,-0.29999999999999893,0.028803802369361094,2.0472440944882013,272172191.0
2026-05-06,12.43,12.48,12.55,12.41,5720733.0,71480527.0,0.6451612903225712,0.08000000000000007,0.02101880055776896,1.1290322580645207,272172191.0
2026-05-07,12.55,12.78,12.8,12.51,7263499.0,92331213.0,2.4038461538461453,0.29999999999999893,0.026687146006037037,2.323717948717956,272172191.0
2026-05-08,12.76,12.84,12.98,12.61,8031907.0,103144079.0,0.46948356807512415,0.0600000000000005,0.029510388149831222,2.8951486697965647,272172191.0
2026-05-11,12.96,12.69,12.98,12.67,8219655.0,105126019.0,-1.1682242990654235,-0.15000000000000036,0.030200201459964732,2.4143302180685398,272172191.0
2026-05-12,12.81,12.58,12.85,12.53,5961064.0,75571640.0,-0.8668242710795804,-0.10999999999999943,0.021901811416141337,2.521670606776992,272172191.0
2026-05-13,12.53,12.73,12.73,12.52,5501188.0,69650724.0,1.19236883942766,0.15000000000000036,0.020212160470134143,1.6693163751987348,272172191.0
2026-05-14,12.73,12.3,12.88,12.3,7492000.0,94460741.0,-3.377847604084838,-0.4299999999999997,0.027526691733175634,4.556166535742341,272172191.0
2026-05-15,12.32,12.11,12.45,11.8,9416000.0,113413368.0,-1.5447154471544766,-0.19000000000000128,0.03459574604372421,5.284552845528443,272172191.0
2026-05-18,11.99,11.97,12.11,11.8,5889918.0,70380211.0,-1.156069364161838,-0.1399999999999988,0.021640410720726425,2.5598678777869424,272172191.0
2026-05-19,11.96,12.15,12.22,11.91,5027500.0,60770601.0,1.5037593984962294,0.17999999999999972,0.018471762238192805,2.5898078529657518,272172191.0
2026-05-20,12.15,12.04,12.15,11.84,4425400.0,52974498.0,-0.9053497942386968,-0.11000000000000121,0.016259559743192133,2.551440329218111,272172191.0
2026-05-21,12.04,11.46,12.15,11.42,8836184.0,104296368.0,-4.817275747508287,-0.5799999999999983,0.03246541818814987,6.063122923588043,272172191.0
2026-05-22,11.5,11.64,11.75,11.32,5363843.0,61930742.0,1.5706806282722585,0.17999999999999972,0.019707535072898023,3.752181500872598,272172191.0
2026-05-25,11.76,11.48,11.76,11.39,4738484.0,54512232.0,-1.3745704467354014,-0.16000000000000014,0.017409875647435267,3.178694158075594,272172191.0
2026-05-26,11.48,11.2,11.48,11.08,5354759.0,59985404.0,-2.4390243902439157,-0.28000000000000114,0.019674159142878782,3.4843205574912925,272172191.0
2026-05-27,11.19,11.01,11.4,10.95,4754399.0,52735458.0,-1.6964285714285654,-0.1899999999999995,0.01746834965957268,4.017857142857153,272172191.0
2026-05-28,11.01,11.08,11.2,10.86,4074600.0,44900561.0,0.6357856494096259,0.07000000000000028,0.014970669799252195,3.0881017257039045,272172191.0
2026-05-29,11.0,10.76,11.08,10.72,4399137.0,47846044.0,-2.8880866425992857,-0.3200000000000003,0.016163065682195284,3.2490974729241824,272172191.0
2026-06-01,10.72,11.08,11.19,10.72,4360220.0,48182171.0,2.973977695167296,0.3200000000000003,0.016020078994771366,4.368029739776942,272172191.0
2026-06-02,11.08,10.8,11.08,10.6,4485107.0,48322342.0,-2.5270758122743597,-0.27999999999999936,0.016478931897932217,4.332129963898921,272172191.0
2026-06-03,10.79,10.74,10.96,10.62,3636440.0,38986651.0,-0.5555555555555647,-0.0600000000000005,0.013360806578508971,3.148148148148163,272172191.0
2026-06-04,10.58,10.52,10.72,10.45,3461900.0,36529786.0,-2.0484171322160183,-0.22000000000000064,0.012719521370939766,2.51396648044694,272172191.0
2026-06-05,10.46,10.56,10.74,10.28,4064983.0,42776416.0,0.38022813688214363,0.040000000000000924,0.014935335550133409,4.3726235741444945,272172191.0
2026-06-08,10.3,10.09,10.53,9.98,4521900.0,46168045.0,-4.45075757575758,-0.47000000000000064,0.016614114702115178,5.208333333333323,272172191.0
2026-06-09,10.4,10.51,11.05,10.02,9042493.0,95549225.0,4.162537165510405,0.41999999999999993,0.03322342729717012,10.208126858275532,272172191.0
2026-06-10,10.4,10.53,10.69,10.2,6311600.0,65761665.0,0.19029495718363432,0.019999999999999574,0.02318973138589313,4.66222645099905,272172191.0
2026-06-11,10.42,10.31,10.6,10.16,4892996.0,50587272.0,-2.089268755935414,-0.21999999999999886,0.017977575085913168,4.178537511870841,272172191.0
2026-06-12,10.37,10.38,10.56,10.32,4634897.0,48447456.0,0.678952473326877,0.07000000000000028,0.017029282025363128,2.3278370514064033,272172191.0
2026-06-15,10.39,10.35,10.56,10.26,4653742.0,48248164.0,-0.28901734104047616,-0.030000000000001137,0.017098521281331054,2.8901734104046306,272172191.0
2026-06-16,10.35,10.26,10.38,10.1,3494907.0,35800175.0,-0.8695652173912993,-0.08999999999999986,0.012840793863470056,2.705314009661847,272172191.0
2026-06-17,10.2,10.02,10.25,10.0,4548873.0,45800580.0,-2.3391812865497075,-0.2400000000000002,0.01671321740581498,2.436647173489279,272172191.0
2026-06-18,10.02,9.94,10.03,9.77,3809390.0,37819491.0,-0.7984031936127733,-0.08000000000000007,0.013996249896081411,2.594810379241515,272172191.0
2026-06-22,9.91,9.94,10.01,9.49,4734788.0,45975303.0,0.0,0.0,0.01739629600880128,5.231388329979875,272172191.0
2026-06-23,9.94,10.0,10.14,9.8,4783200.0,47935077.0,0.6036217303823088,0.0600000000000005,0.017574168699696437,3.420523138832997,272172191.0
