date,open,close,high,low,volume,amount,pct_chg,change,turnover,amplitude,outstanding_share
2023-06-26,29.18,28.82,29.42,28.66,665000.0,19873005.0,,,0.0067434862308810885,,98613681.0
2023-06-27,28.87,28.93,29.26,28.69,703572.0,21039911.0,0.3816793893129722,0.10999999999999943,0.007134628713433788,1.9777931991672457,98613681.0
2023-06-28,29.03,30.35,31.65,28.91,2624147.0,82633788.0,4.9083995852056805,1.4200000000000017,0.02661037468016228,9.471137227791216,98613681.0
2023-06-29,30.2,30.25,30.5,29.73,1455498.0,45288109.0,-0.32948929159802853,-0.10000000000000142,0.014759595070789416,2.537067545304776,98613681.0
2023-06-30,30.04,30.39,30.5,30.04,1104373.0,34628682.0,0.4628099173553668,0.14000000000000057,0.011198983637980211,1.520661157024796,98613681.0
2023-07-03,30.39,30.81,31.27,30.12,1298100.0,41231612.0,1.382033563672258,0.41999999999999815,0.01316348793429585,3.7841395195788037,98613681.0
2023-07-04,30.76,30.82,31.05,30.52,973206.0,30902203.0,0.03245699448231054,0.010000000000001563,0.009868874076407309,1.7202207075624834,98613681.0
2023-07-05,30.82,30.32,31.1,30.14,720198.0,22562603.0,-1.6223231667748195,-0.5,0.007303226009786614,3.11486048020766,98613681.0
2023-07-06,30.07,30.03,30.49,29.92,445432.0,13861492.0,-0.9564643799472305,-0.28999999999999915,0.004516939186156128,1.8799472295514401,98613681.0
2023-07-07,29.91,29.65,29.95,29.33,506000.0,15475198.0,-1.265401265401278,-0.38000000000000256,0.005131133883948618,2.064602064602068,98613681.0
2023-07-10,29.65,29.72,30.18,29.62,569861.0,17611062.0,0.23608768971332683,0.07000000000000028,0.005778721514309967,1.8887015177065727,98613681.0
2023-07-11,29.73,30.01,30.01,29.62,379272.0,11690200.0,0.9757738896366108,0.2900000000000027,0.003846038360539447,1.3122476446837166,98613681.0
2023-07-12,30.23,29.74,30.23,29.72,394200.0,12138621.0,-0.8997000999666827,-0.2700000000000031,0.003997416950696729,1.6994335221592856,98613681.0
2023-07-13,29.78,29.98,30.18,29.62,503500.0,15598608.0,0.806993947545398,0.240000000000002,0.005105782431952824,1.8829858776059138,98613681.0
2023-07-14,29.83,29.94,30.16,29.73,490700.0,15140526.0,-0.13342228152101177,-0.03999999999999915,0.004975982997734361,1.4342895263508995,98613681.0
2023-07-17,29.85,30.3,30.63,29.36,1044489.0,32596373.0,1.2024048096192397,0.35999999999999943,0.01059172509745377,4.241816967267868,98613681.0
2023-07-18,30.3,30.12,30.6,29.82,710000.0,22087537.0,-0.5940594059405946,-0.17999999999999972,0.007199812366805372,2.574257425742578,98613681.0
2023-07-19,30.14,30.58,30.81,29.93,1185969.0,37218469.0,1.527224435590968,0.4599999999999973,0.01202641446879972,2.921646746347938,98613681.0
2023-07-20,30.73,30.76,31.62,30.32,1800269.0,57519403.0,0.5886200130804653,0.18000000000000327,0.018255773253206115,4.251144538914326,98613681.0
2023-07-21,30.86,31.2,32.23,30.86,2318369.0,75584560.0,1.4304291287386084,0.4399999999999977,0.023509608164814372,4.4538361508452455,98613681.0
2023-07-24,31.03,32.19,32.19,30.04,2641784.0,85319371.0,3.173076923076912,0.9899999999999984,0.026789224103702203,6.891025641025636,98613681.0
2023-07-25,32.47,31.92,32.53,31.76,2000313.0,66258731.0,-0.8387698042870317,-0.269999999999996,0.020284335598424727,2.392047219633425,98613681.0
2023-07-26,31.95,31.87,32.27,31.37,1377781.0,45292638.0,-0.1566416040100327,-0.05000000000000071,0.013971499552886582,2.8195488721804574,98613681.0
2023-07-27,31.87,31.92,32.24,31.51,1108793.0,36476339.0,0.15688735487919825,0.05000000000000071,0.011243805005108774,2.2905553812362736,98613681.0
2023-07-28,31.89,32.23,32.24,31.52,1019900.0,33748120.0,0.9711779448621449,0.30999999999999517,0.010342378356203942,2.2556390977443685,98613681.0
2023-07-31,32.27,31.77,33.19,31.56,1758700.0,58581758.0,-1.427241700279236,-0.4599999999999973,0.017834239450000858,5.05739993794601,98613681.0
2023-08-01,31.87,31.33,32.27,31.17,1135300.0,37139478.0,-1.3849543594586122,-0.4400000000000013,0.011512601380329774,3.4623858986465263,98613681.0
2023-08-02,31.34,31.27,31.58,31.08,582300.0,18830467.0,-0.19150973507819913,-0.05999999999999872,0.005904860198860237,1.5959144589849987,98613681.0
2023-08-03,31.27,31.94,32.03,31.08,926100.0,30333020.0,2.1426287176207204,0.6700000000000017,0.00939119187732177,3.038055644387601,98613681.0
2023-08-04,32.15,31.27,32.15,31.21,917900.0,29853581.0,-2.0976831559173514,-0.6700000000000017,0.009308039114775565,2.9430181590482083,98613681.0
2023-08-07,31.05,30.82,31.36,30.8,554500.0,17741179.0,-1.4390789894467515,-0.4499999999999993,0.005622952052667013,1.7908538535337342,98613681.0
2023-08-08,30.81,31.51,31.56,30.48,758371.0,24386243.0,2.238805970149249,0.6900000000000013,0.007690322400600785,3.5042180402336087,98613681.0
2023-08-09,31.45,31.09,31.5,31.04,357600.0,11530158.0,-1.3329101872421534,-0.4200000000000017,0.0036262716934783116,1.4598540145985428,98613681.0
2023-08-10,31.12,31.16,31.22,30.7,449900.0,14373632.0,0.22515278224508606,0.07000000000000028,0.00456224730116301,1.6725635252492748,98613681.0
2023-08-11,31.31,30.46,31.42,30.46,645200.0,20649975.0,-2.24646983311938,-0.6999999999999993,0.006542702731074403,3.0808729139923003,98613681.0
2023-08-14,30.32,30.17,30.64,29.9,549045.0,17087454.0,-0.9520682862770857,-0.28999999999999915,0.005567635184412191,2.4294156270518776,98613681.0
2023-08-15,30.14,30.05,30.45,29.89,380200.0,11820616.0,-0.3977461054027187,-0.120000000000001,0.0038554488195202854,1.856148491879346,98613681.0
2023-08-16,30.01,30.23,30.57,30.0,410500.0,12851543.0,0.5990016638935058,0.17999999999999972,0.004162708417709303,1.896838602329452,98613681.0
2023-08-17,30.48,30.89,30.92,29.72,566500.0,17838012.0,2.183261660602054,0.6600000000000001,0.005744639022246822,3.969566655640102,98613681.0
2023-08-18,30.7,30.27,31.08,30.23,440945.0,13935597.0,-2.007122045969567,-0.620000000000001,0.004471438400114078,2.751699579151822,98613681.0
2023-08-21,30.19,31.05,31.73,30.19,1316008.0,42421393.0,2.5768087215064517,0.7800000000000011,0.013345085455232119,5.087545424512716,98613681.0
2023-08-22,30.95,29.6,31.15,28.99,1257200.0,38669084.0,-4.669887278582929,-1.4499999999999993,0.012748738179644668,6.956521739130435,98613681.0
2023-08-23,29.3,28.89,29.73,28.73,587400.0,17625569.0,-2.398648648648649,-0.7100000000000009,0.005956577160931656,3.378378378378378,98613681.0
2023-08-24,28.71,29.24,29.4,27.97,760698.0,22488358.0,1.2114918656974671,0.34999999999999787,0.00771391953211847,4.949809622706818,98613681.0
2023-08-25,28.8,28.04,29.2,27.73,902600.0,26430496.0,-4.103967168262656,-1.1999999999999993,0.009152888228561308,5.027359781121747,98613681.0
2023-08-28,30.01,27.54,30.16,27.41,1209500.0,35212711.0,-1.783166904422251,-0.5,0.012265032475564926,9.807417974322396,98613681.0
2023-08-29,27.49,28.61,28.72,27.4,1151898.0,33632933.0,3.8852578068264254,1.0700000000000003,0.011680914740420247,4.7930283224400885,98613681.0
2023-08-30,28.61,29.26,29.45,28.61,695900.0,20995526.0,2.2719328905977054,0.6500000000000021,0.007056830177549097,2.936036350926249,98613681.0
2023-08-31,29.09,29.2,29.85,29.09,757892.0,23073961.0,-0.2050580997949525,-0.060000000000002274,0.007685465062398391,2.5974025974026027,98613681.0
2023-09-01,29.62,29.58,29.82,29.14,486400.0,14822250.0,1.3013698630137016,0.379999999999999,0.0049323785003015964,2.3287671232876703,98613681.0
2023-09-04,29.68,30.81,30.85,29.68,929400.0,29185047.0,4.158215010141997,1.2300000000000004,0.009424655793956216,3.9553752535497018,98613681.0
2023-09-05,30.57,30.69,31.05,30.39,585800.0,18598947.0,-0.3894839337877265,-0.11999999999999744,0.005940352231654348,2.1421616358325224,98613681.0
2023-09-06,30.87,30.16,30.87,30.11,561000.0,17560506.0,-1.726946888237213,-0.5300000000000011,0.005688865827856076,2.476376669925062,98613681.0
2023-09-07,30.51,29.9,30.51,29.8,561800.0,17421169.0,-0.8620689655172487,-0.26000000000000156,0.00569697829249473,2.3541114058355466,98613681.0
2023-09-08,29.98,29.57,30.08,29.56,357100.0,10977735.0,-1.1036789297658833,-0.3299999999999983,0.003621201403079153,1.7391304347826073,98613681.0
2023-09-11,29.69,30.2,30.39,29.36,513100.0,15943502.0,2.1305377071356046,0.629999999999999,0.005203132007616671,3.4832600608725097,98613681.0
2023-09-12,30.06,30.31,30.69,29.9,394400.0,12364044.0,0.36423841059602946,0.10999999999999943,0.003999445066856393,2.6158940397351085,98613681.0
2023-09-13,30.28,29.79,30.34,29.54,332700.0,10259531.0,-1.7156054107555274,-0.5199999999999996,0.0033737712316002076,2.639392939623889,98613681.0
2023-09-14,29.76,29.18,29.97,29.04,431300.0,13090979.0,-2.0476670023497845,-0.6099999999999994,0.004373632498314306,3.121852970795568,98613681.0
2023-09-15,29.21,29.49,29.83,28.93,493200.0,14974144.0,1.0623714873200685,0.3099999999999987,0.005001334449730155,3.0843043180260405,98613681.0
2023-09-18,29.21,30.21,30.45,29.09,589200.0,18253556.0,2.4415055951169995,0.7200000000000024,0.0059748302063686275,4.611732790776533,98613681.0
2023-09-19,30.2,29.66,30.2,29.31,410500.0,12547163.0,-1.8205892088712372,-0.5500000000000007,0.004162708417709303,2.9460443561734544,98613681.0
2023-09-20,29.43,29.74,30.08,29.43,345800.0,10635734.0,0.2697235333782855,0.0799999999999983,0.003506612840058166,2.1915037086985794,98613681.0
2023-09-21,29.74,29.08,30.02,29.07,489800.0,14850228.0,-2.219233355749828,-0.6600000000000001,0.004966856475015875,3.19435104236718,98613681.0
2023-09-22,29.3,29.8,29.92,28.82,479200.0,14561358.0,2.475928473177458,0.7200000000000024,0.004859366318553711,3.782668500687763,98613681.0
2023-09-25,30.05,29.83,30.06,29.72,317000.0,9782103.0,0.10067114093958995,0.029999999999997584,0.0032145641130666243,1.1409395973154357,98613681.0
2023-09-26,29.92,29.18,29.92,29.11,459195.0,13903144.0,-2.179014415018432,-0.6499999999999986,0.00465650399968337,2.7153871940999075,98613681.0
2023-09-27,29.3,29.33,29.87,28.95,478851.0,14536262.0,0.5140507196710109,0.14999999999999858,0.004855827255855098,3.152844413982185,98613681.0
2023-09-28,29.24,29.41,29.67,29.16,335200.0,10158382.0,0.27275826798500713,0.08000000000000185,0.003399122683596001,1.7388339584043695,98613681.0
2023-10-09,29.33,29.05,29.51,28.9,470600.0,14136848.0,-1.2240734444066592,-0.35999999999999943,0.00477215732368818,2.074124447466858,98613681.0
2023-10-10,29.05,29.08,29.48,28.85,397500.0,11953127.0,0.10327022375213879,0.029999999999997584,0.004030880867331177,2.168674698795177,98613681.0
2023-10-11,29.02,29.3,29.48,28.89,375800.0,11355729.0,0.7565337001375516,0.22000000000000242,0.003810830264007689,2.0288858321870697,98613681.0
2023-10-12,29.14,29.31,29.48,28.91,348300.0,10502313.0,0.03412969283276279,0.00999999999999801,0.0035319642920539594,1.9453924914675778,98613681.0
2023-10-13,29.2,28.72,29.21,28.64,364700.0,10856997.0,-2.0129648584100934,-0.5899999999999999,0.0036982698171463655,1.9447287615148423,98613681.0
2023-10-16,28.66,28.11,28.69,27.96,452300.0,13191705.0,-2.123955431754876,-0.6099999999999994,0.004586584695078972,2.5417827298050155,98613681.0
2023-10-17,28.2,28.27,28.34,27.9,353700.0,10268320.0,0.5691924581999297,0.16000000000000014,0.0035867234283648735,1.565279260049809,98613681.0
2023-10-18,28.32,27.69,28.32,27.55,412700.0,11836570.0,-2.051644853201262,-0.5799999999999983,0.004185017695465602,2.72373540856031,98613681.0
2023-10-19,27.58,27.29,28.04,27.28,325100.0,9264561.0,-1.4445648248465282,-0.40000000000000213,0.003296702817532995,2.744673167208371,98613681.0
2023-10-20,27.11,27.03,27.57,26.81,468700.0,13115441.0,-0.9527299377061094,-0.259999999999998,0.004752890220171378,2.7849028948332784,98613681.0
2023-10-23,26.72,26.76,27.41,26.6,914843.0,25442418.0,-0.9988901220865709,-0.2699999999999996,0.009277039359275109,2.9966703662597065,98613681.0
2023-10-24,27.38,27.27,27.48,26.32,839500.0,23447105.0,1.905829596412545,0.509999999999998,0.008513017580187479,4.334828101644246,98613681.0
2023-10-25,27.48,27.96,28.11,27.25,701100.0,20105944.0,2.5302530253025424,0.6900000000000013,0.007109561197700348,3.1536486982031513,98613681.0
2023-10-26,27.95,27.85,28.09,27.49,545600.0,15632809.0,-0.3934191702432033,-0.10999999999999943,0.005532700883561988,2.1459227467811206,98613681.0
2023-10-27,27.59,28.75,28.77,27.55,827800.0,24332896.0,3.2315978456014305,0.8999999999999986,0.008394372784847165,4.380610412926387,98613681.0
2023-10-30,28.77,29.25,29.29,28.69,898714.0,26932332.0,1.7391304347825987,0.5,0.009113481931579048,2.086956521739123,98613681.0
2023-10-31,29.31,29.55,29.63,29.12,632400.0,19215026.0,1.025641025641022,0.3000000000000007,0.00641290329685594,1.743589743589737,98613681.0
2023-11-01,29.58,29.47,29.72,29.07,634795.0,19348492.0,-0.2707275803722542,-0.08000000000000185,0.00643718998786791,2.19966159052453,98613681.0
2023-11-02,29.51,28.95,29.61,28.83,602900.0,18104321.0,-1.7645062775704101,-0.5199999999999996,0.006113756163305576,2.6467594163556196,98613681.0
2023-11-03,29.12,29.44,29.6,28.97,545800.0,16586027.0,1.692573402417974,0.490000000000002,0.005534728999721651,2.1761658031088174,98613681.0
2023-11-06,29.65,29.64,29.77,29.21,579800.0,17685872.0,0.6793478260869623,0.1999999999999993,0.005879508746864444,1.9021739130434738,98613681.0
2023-11-07,29.76,29.29,29.76,29.14,1017100.0,30841223.0,-1.1808367071524994,-0.3500000000000014,0.010313984729968655,2.091767881241569,98613681.0
2023-11-08,29.61,29.21,29.61,28.98,510200.0,15375098.0,-0.27313076135199177,-0.0799999999999983,0.005173724323301551,2.150904745646975,98613681.0
2023-11-09,29.33,29.14,29.5,28.96,431700.0,13019045.0,-0.2396439575487852,-0.07000000000000028,0.004377688730633633,1.8486819582334786,98613681.0
2023-11-10,28.99,28.99,29.19,28.73,463800.0,13872993.0,-0.514756348661638,-0.15000000000000213,0.004703201374259622,1.578586135895679,98613681.0
2023-11-13,29.0,29.06,29.33,28.91,430100.0,12927403.0,0.2414625733011322,0.07000000000000028,0.004361463801356325,1.4487754398068238,98613681.0
2023-11-14,29.19,29.29,29.34,28.94,472500.0,14221194.0,0.791465932553348,0.23000000000000043,0.004791424427204984,1.3764624913971046,98613681.0
2023-11-15,29.33,30.14,30.31,29.29,952853.0,29413803.0,2.9020143393649667,0.8500000000000014,0.009662482835419154,3.4824172072379636,98613681.0
2023-11-16,29.97,29.28,29.99,29.2,729300.0,22234111.0,-2.853351028533513,-0.8599999999999994,0.007395525576212899,2.6211015262110124,98613681.0
2023-11-17,29.28,29.29,29.45,29.04,429600.0,12970090.0,0.03415300546447675,0.00999999999999801,0.004356393510957166,1.4002732240437163,98613681.0
2023-11-20,29.27,29.63,29.76,29.1,535041.0,16139733.0,1.1608057357459955,0.33999999999999986,0.005425626490912554,2.2533287811539777,98613681.0
2023-11-21,29.77,30.23,30.41,29.61,760241.0,23409005.0,2.0249746878164165,0.6000000000000014,0.007709285286693638,2.6999662504218724,98613681.0
2023-11-22,29.96,30.46,30.72,29.88,670700.0,20839428.0,0.7608336089976797,0.23000000000000043,0.006801287541431497,2.7786966589480646,98613681.0
2023-11-23,30.37,30.36,30.62,29.89,629635.0,19515830.0,-0.32829940906107247,-0.10000000000000142,0.006384864590948593,2.3965856861457664,98613681.0
2023-11-24,30.36,30.39,30.52,29.9,492000.0,15259207.0,0.09881422924902239,0.030000000000001137,0.004989165752772174,2.042160737812915,98613681.0
2023-11-27,30.21,30.16,30.43,30.04,376200.0,11632061.0,-0.7568279039157577,-0.23000000000000043,0.003814886496327016,1.2833168805528155,98613681.0
2023-11-28,30.08,30.36,30.63,29.81,455300.0,14160684.0,0.6631299734747964,0.1999999999999993,0.004617006437473924,2.7188328912466853,98613681.0
2023-11-29,30.58,30.51,30.65,30.26,374600.0,11686791.0,0.49407114624506754,0.15000000000000213,0.003798661567049708,1.2845849802371443,98613681.0
2023-11-30,30.51,30.15,30.51,29.51,1053402.0,32358573.0,-1.179941002949858,-0.360000000000003,0.010682108094109173,3.277613897082923,98613681.0
2023-12-01,30.15,27.52,30.33,27.29,4824000.0,139674087.0,-8.723051409618577,-2.629999999999999,0.04891816177108326,10.082918739635154,98613681.0
2023-12-04,27.53,27.67,27.74,27.07,3554656.0,99909314.0,0.545058139534893,0.15000000000000213,0.03604627637822383,2.434593023255807,98613681.0
2023-12-05,27.35,28.0,28.6,27.35,2561000.0,73751959.0,1.1926273942898469,0.3299999999999983,0.025970027424490928,4.517528008673653,98613681.0
2023-12-06,27.79,27.91,28.54,27.43,1733603.0,49560453.0,-0.3214285714285725,-0.08999999999999986,0.017579741293705486,3.9642857142857126,98613681.0
2023-12-07,27.88,27.52,28.25,27.11,1262403.0,35397672.0,-1.3973486205661079,-0.39000000000000057,0.012801499621538313,4.084557506270156,98613681.0
2023-12-08,27.51,26.94,27.7,26.84,1085400.0,30268929.0,-2.107558139534882,-0.5799999999999983,0.011006586398493735,3.124999999999998,98613681.0
2023-12-11,26.77,26.74,26.87,26.26,1468600.0,39992661.0,-0.742390497401646,-0.20000000000000284,0.014892456960408971,2.2642910170749793,98613681.0
2023-12-12,26.84,26.79,26.89,26.37,789700.0,21538047.0,0.18698578908002972,0.05000000000000071,0.008008016656431272,1.9446522064323095,98613681.0
2023-12-13,26.85,26.18,26.89,26.17,932400.0,25237189.0,-2.276969018290409,-0.6099999999999994,0.009455077536351168,2.6875699888017874,98613681.0
2023-12-14,26.27,26.21,26.64,26.17,750243.0,20246182.0,0.11459129106188293,0.030000000000001137,0.007607899759872061,1.795263559969438,98613681.0
2023-12-15,26.3,26.21,26.69,26.17,645400.0,17405574.0,0.0,0.0,0.006544730847234067,1.9839755818389913,98613681.0
2023-12-18,26.21,26.02,26.53,25.93,1029014.0,27675514.0,-0.7249141549027116,-0.19000000000000128,0.010434799609599808,2.2892025944296126,98613681.0
2023-12-19,26.18,26.02,26.45,25.7,682500.0,18110002.0,0.0,0.0,0.0069209463948516434,2.882398155265181,98613681.0
2023-12-20,25.78,25.68,26.21,25.67,657500.0,17489282.0,-1.3066871637202104,-0.33999999999999986,0.0066674318748937075,2.075326671790927,98613681.0
2023-12-21,25.69,26.02,26.1,25.36,763500.0,20121241.0,1.3239875389408073,0.33999999999999986,0.007742333439515355,2.881619937694712,98613681.0
2023-12-22,26.07,25.73,26.07,25.5,821900.0,21652152.0,-1.114527286702538,-0.28999999999999915,0.008334543358137093,2.1906225980015384,98613681.0
2023-12-25,25.86,25.37,25.87,25.2,1335200.0,34733223.0,-1.3991449669646272,-0.35999999999999943,0.013539703481913428,2.6039642440730733,98613681.0
2023-12-26,25.3,24.84,25.52,24.79,910400.0,23397511.0,-2.089081592432007,-0.5300000000000011,0.009231984758788185,2.877414268821444,98613681.0
2023-12-27,25.05,25.23,25.4,24.84,996300.0,25671360.0,1.570048309178751,0.39000000000000057,0.010103060649363652,2.254428341384858,98613681.0
2023-12-28,25.23,25.82,26.07,25.12,1065300.0,28005085.0,2.3384859294490745,0.5899999999999999,0.010802760724447554,3.7653586999603617,98613681.0
2023-12-29,25.91,25.95,26.04,25.65,945843.0,25041099.0,0.5034856700232293,0.129999999999999,0.009591397364022949,1.5104570100697157,98613681.0
2024-01-02,26.0,26.14,26.25,25.62,1250800.0,33331765.0,0.7321772639691693,0.19000000000000128,0.012683838462535436,2.4277456647398807,98613681.0
2024-01-03,26.01,25.89,26.15,25.68,599900.0,15918125.0,-0.9563886763580665,-0.25,0.006083334420910624,1.7980107115531707,98613681.0
2024-01-04,25.92,25.88,26.14,25.77,677039.0,18000139.0,-0.03862495171881308,-0.010000000000001563,0.006865568683112032,1.4291232135959868,98613681.0
2024-01-05,25.88,25.41,26.18,25.41,666700.0,17637388.0,-1.8160741885625886,-0.46999999999999886,0.006760725218238228,2.975270479134465,98613681.0
2024-01-08,25.73,25.23,25.74,25.09,753046.0,19542376.0,-0.708382526564344,-0.17999999999999972,0.007636323807849744,2.5580480125934617,98613681.0
2024-01-09,25.23,25.41,25.61,25.11,635200.0,16514302.0,0.7134363852556502,0.17999999999999972,0.006441296923091229,1.9817677368212445,98613681.0
2024-01-10,25.11,25.61,25.77,25.08,772800.0,20164564.0,0.7870916961826069,0.1999999999999993,0.007836640840939707,2.7154663518299933,98613681.0
2024-01-11,25.43,25.68,25.77,25.43,481700.0,12628161.0,0.2733307301835186,0.07000000000000028,0.004884717770549504,1.3276064037485353,98613681.0
2024-01-12,25.54,25.7,26.16,25.54,639000.0,16952599.0,0.07788161993769194,0.019999999999999574,0.0064798311301248355,2.4143302180685398,98613681.0
2024-01-15,25.48,25.54,25.91,25.37,681000.0,17887766.0,-0.6225680933852118,-0.16000000000000014,0.006905735523654167,2.101167315175094,98613681.0
2024-01-16,25.43,25.44,25.78,25.17,695700.0,18092633.0,-0.3915426781519127,-0.09999999999999787,0.007054802061389433,2.388410336726701,98613681.0
2024-01-17,25.65,24.85,25.65,24.85,566702.0,14683813.0,-2.3191823899371022,-0.5899999999999999,0.005746687419568082,3.1446540880503036,98613681.0
2024-01-18,24.79,24.31,24.79,23.76,878300.0,21805649.0,-2.1730382293762673,-0.5400000000000027,0.008906472115162196,4.14486921529174,98613681.0
2024-01-19,24.06,24.07,24.42,23.63,583414.0,14417169.0,-0.9872480460715649,-0.23999999999999844,0.005916156805869563,3.2496914849856138,98613681.0
2024-01-22,24.17,22.25,24.18,21.96,1250753.0,29364502.0,-7.561279601163273,-1.8200000000000003,0.012683361855237916,9.223099293726627,98613681.0
2024-01-23,21.95,21.46,22.24,21.11,1457300.0,31951435.0,-3.550561797752805,-0.7899999999999991,0.014777868397387985,5.078651685393254,98613681.0
2024-01-24,21.52,21.6,21.96,20.91,1269141.0,27896350.0,0.6523765144454741,0.14000000000000057,0.012869826854957377,4.892823858341103,98613681.0
2024-01-25,21.71,22.65,22.73,21.43,1246741.0,28201515.0,4.861111111111094,1.0499999999999972,0.012642677845075067,6.018518518518522,98613681.0
2024-01-26,22.84,22.75,23.12,22.56,1002744.0,23492911.0,0.44150110375276164,0.10000000000000142,0.01016840655202801,2.4724061810154625,98613681.0
2024-01-29,22.76,22.04,23.21,21.93,845900.0,19352996.0,-3.1208791208791276,-0.7100000000000009,0.00857791729729671,5.626373626373631,98613681.0
2024-01-30,21.66,21.08,21.93,21.0,892700.0,19589540.0,-4.355716878402904,-0.9600000000000009,0.009052496478657966,4.219600725952812,98613681.0
2024-01-31,21.01,19.9,21.45,19.72,1213400.0,25334720.0,-5.597722960151796,-1.1799999999999997,0.012304580740678365,8.206831119544594,98613681.0
2024-02-01,19.81,19.29,20.0,18.74,1677000.0,33076129.0,-3.0653266331658213,-0.6099999999999994,0.017005753998778322,6.331658291457294,98613681.0
2024-02-02,19.29,18.3,19.98,17.61,1980800.0,38220621.0,-5.132192846034211,-0.9899999999999984,0.02008646244530716,12.286158631415246,98613681.0
2024-02-05,18.05,16.48,18.05,16.48,1167500.0,19963861.0,-9.945355191256834,-1.8200000000000003,0.011839128082035594,8.579234972677597,98613681.0
2024-02-06,14.91,15.37,16.32,14.83,3518135.0,54635253.0,-6.735436893203895,-1.1100000000000012,0.03567593222688848,9.04126213592233,98613681.0
2024-02-07,15.63,15.02,15.63,13.83,3147900.0,47127125.0,-2.2771633051398843,-0.34999999999999964,0.031921534295023424,11.71112556929083,98613681.0
2024-02-08,14.72,16.53,16.53,14.09,2943940.0,45891112.0,10.053262316910793,1.5100000000000016,0.029853261435398605,16.245006657789624,98613681.0
2024-02-19,16.88,17.55,18.18,16.54,2959919.0,53414813.0,6.170598911070768,1.0199999999999996,0.030015297775974916,9.921355111917727,98613681.0
2024-02-20,17.57,17.93,18.11,16.7,1724559.0,30743221.0,2.165242165242165,0.379999999999999,0.0174880298809655,8.034188034188034,98613681.0
2024-02-21,17.73,19.73,19.73,17.57,1427270.0,27657126.0,10.03904071388735,1.8000000000000007,0.014473346756014513,12.046848856664809,98613681.0
2024-02-22,19.86,20.31,21.35,18.86,2371996.0,47275623.0,2.939685757729338,0.5799999999999983,0.02405341709128574,12.620375063355308,98613681.0
2024-02-23,20.01,19.79,20.01,19.42,2368939.0,47760417.0,-2.5603151157065462,-0.5199999999999996,0.024022417335785286,2.904972919743968,98613681.0
2024-02-26,19.78,19.67,20.11,19.39,2392919.0,48414227.0,-0.6063668519454168,-0.11999999999999744,0.024265588463328935,3.6382011116725566,98613681.0
2024-02-27,19.62,19.9,20.0,19.23,1486239.0,30111431.0,1.169293340111821,0.22999999999999687,0.015071326665110494,3.9145907473309585,98613681.0
2024-02-28,20.08,18.76,20.61,18.76,1957000.0,39614542.0,-5.728643216080387,-1.139999999999997,0.019845116622307202,9.296482412060293,98613681.0
2024-02-29,18.32,19.18,19.36,18.18,1219082.0,23637801.0,2.238805970149249,0.41999999999999815,0.012362199520774405,6.289978678038377,98613681.0
2024-03-01,19.38,19.07,19.47,18.79,891600.0,17437357.0,-0.573514077163706,-0.10999999999999943,0.009041341839779816,3.54535974973931,98613681.0
2024-03-04,19.03,18.86,19.37,18.36,954439.0,18318716.0,-1.101206082852657,-0.21000000000000085,0.009678565796565286,5.296276874672269,98613681.0
2024-03-05,18.78,18.36,18.85,18.2,794800.0,15042623.0,-2.6511134676564185,-0.5,0.00805973361850269,3.446447507953352,98613681.0
2024-03-06,18.37,18.53,18.63,18.06,643300.0,12100737.0,0.92592592592593,0.1700000000000017,0.006523435627557601,3.1045751633986947,98613681.0
2024-03-07,18.6,18.45,18.87,18.16,814539.0,15473558.0,-0.431732325957912,-0.08000000000000185,0.008259898542880678,3.8316243928764213,98613681.0
2024-03-08,18.45,18.27,18.67,17.98,780939.0,14598786.0,-0.9756097560975618,-0.17999999999999972,0.007919175028057213,3.7398373983739908,98613681.0
2024-03-11,18.3,19.47,19.47,18.24,1438578.0,27893605.0,6.568144499178974,1.1999999999999993,0.014588016443681887,6.732348111658459,98613681.0
2024-03-12,19.52,19.81,19.91,19.38,1506400.0,30395160.0,1.746276322547513,0.33999999999999986,0.01527577091458537,2.7221366204417112,98613681.0
2024-03-13,19.91,19.75,19.96,19.52,978000.0,19728568.0,-0.3028773346794522,-0.05999999999999872,0.009917488020754444,2.2211004543160087,98613681.0
2024-03-14,19.57,19.54,19.96,19.29,724000.0,14538950.0,-1.0632911392405076,-0.21000000000000085,0.007341780497981816,3.3924050632911475,98613681.0
2024-03-15,19.56,19.94,19.96,19.42,972098.0,19683567.0,2.0470829068577334,0.40000000000000213,0.009857638312882774,2.763561924257928,98613681.0
2024-03-18,19.91,20.29,20.3,19.71,879098.0,18041818.0,1.7552657973921582,0.34999999999999787,0.008914564298639252,2.958876629889668,98613681.0
2024-03-19,20.28,20.57,20.79,20.09,911700.0,19147055.0,1.3799901429275563,0.28000000000000114,0.009245167513825998,3.4499753573188725,98613681.0
2024-03-20,20.7,20.82,20.89,20.4,677700.0,14361033.0,1.2153621779290136,0.25,0.006872271607019719,2.3821098687408946,98613681.0
2024-03-21,20.93,21.05,21.29,20.47,891600.0,19149451.0,1.1047070124879932,0.23000000000000043,0.009041341839779816,3.938520653218061,98613681.0
2024-03-22,21.05,20.42,21.13,20.21,1405600.0,29524587.0,-2.9928741092636546,-0.629999999999999,0.014253600370114975,4.370546318289778,98613681.0
2024-03-25,20.42,19.88,20.5,19.73,843629.0,17362287.0,-2.6444662095984506,-0.5400000000000027,0.008554888038303732,3.7708129285014667,98613681.0
2024-03-26,19.88,20.14,20.18,19.6,664729.0,13573905.0,1.307847082494984,0.26000000000000156,0.0067407381334847446,2.9175050301810783,98613681.0
2024-03-27,20.17,19.87,20.43,19.66,808500.0,16679316.0,-1.3406156901688115,-0.2699999999999996,0.00819865957543964,3.8232373386295904,98613681.0
2024-03-28,19.61,19.98,20.21,19.55,851400.0,17371837.0,0.5535983895319507,0.10999999999999943,0.008633690491687456,3.3215903371917466,98613681.0
2024-03-29,20.13,20.37,20.4,19.82,781500.0,16125165.0,1.9519519519519468,0.39000000000000057,0.00792486389388507,2.9029029029028943,98613681.0
2024-04-01,20.84,20.83,21.03,20.3,1791639.0,38044113.0,2.25822287677957,0.4599999999999973,0.018168260040916637,3.5837015218458537,98613681.0
2024-04-02,20.93,21.36,21.63,20.54,2117675.0,46151201.0,2.5444071051368367,0.5300000000000011,0.021474454442076855,5.232837253960634,98613681.0
2024-04-03,21.28,21.31,21.64,20.99,1324700.0,28857099.0,-0.23408239700374311,-0.05000000000000071,0.013433227383531095,3.043071161048699,98613681.0
2024-04-08,21.33,20.81,21.44,20.69,1294962.0,27662935.0,-2.3463162834350126,-0.5,0.013131666791750731,3.5194744251525107,98613681.0
2024-04-09,20.7,21.56,21.67,20.7,1276593.0,27858189.0,3.6040365209034197,0.75,0.012945394463066438,4.661220567035091,98613681.0
2024-04-10,21.57,22.12,23.62,21.28,2818767.0,64649371.0,2.5974025974025983,0.5600000000000023,0.028583934515130815,10.85343228200371,98613681.0
2024-04-11,21.91,21.94,22.15,21.29,1611500.0,36000393.0,-0.8137432188065064,-0.17999999999999972,0.016341545956488533,3.8878842676311005,98613681.0
2024-04-12,21.91,21.87,22.34,21.67,1222500.0,27491836.0,-0.31905195989061497,-0.07000000000000028,0.012396860025943054,3.053783044667266,98613681.0
2024-04-15,21.94,20.76,22.05,20.38,2355560.0,50620116.0,-5.075445816186552,-1.1099999999999994,0.023886746505284596,7.6360310928212245,98613681.0
2024-04-16,20.92,19.4,20.92,19.23,2069539.0,41991268.0,-6.551059730250497,-1.360000000000003,0.020986327444769047,8.140655105973032,98613681.0
2024-04-17,19.55,20.08,20.74,19.55,1842839.0,38202986.0,3.5051546391752675,0.6799999999999997,0.018687457777790486,6.13402061855669,98613681.0
2024-04-18,20.14,20.67,21.89,20.13,1515958.0,32281606.0,2.9382470119521997,0.5900000000000034,0.015372694585855688,8.764940239043833,98613681.0
2024-04-19,20.29,20.21,20.5,19.98,1005262.0,20771439.0,-2.2254475084663827,-0.46000000000000085,0.010193940534478172,2.5157232704402492,98613681.0
2024-04-22,19.57,20.48,20.8,19.57,832867.0,17396697.0,1.3359722909450644,0.2699999999999996,0.00844575510775224,6.086095992083129,98613681.0
2024-04-23,20.39,20.7,20.77,20.21,693300.0,14609222.0,1.07421875,0.21999999999999886,0.007030464667473472,2.734374999999994,98613681.0
2024-04-24,20.79,21.11,21.22,20.47,878223.0,18820820.0,1.9806763285024065,0.41000000000000014,0.008905691290440726,3.6231884057971016,98613681.0
2024-04-25,20.97,21.69,21.96,20.89,1016277.0,22445778.0,2.7475130270014247,0.5800000000000018,0.010305639031971639,5.0686878256750365,98613681.0
2024-04-26,21.51,21.83,21.87,21.23,802900.0,17825057.0,0.6454587367450193,0.13999999999999702,0.008141872322969061,2.9506685108344883,98613681.0
2024-04-29,21.81,22.04,22.12,21.72,947500.0,21301036.0,0.9619789280806312,0.21000000000000085,0.009608200306405761,1.8323408153916727,98613681.0
2024-04-30,22.13,21.94,22.32,21.82,763393.0,17213969.0,-0.45372050816695486,-0.09999999999999787,0.007741248397369935,2.268602540834846,98613681.0
2024-05-06,22.24,22.48,22.6,21.98,944600.0,21606341.0,2.4612579762989917,0.5399999999999991,0.00957879262209064,2.825888787602557,98613681.0
2024-05-07,22.45,22.9,23.17,22.45,1080793.0,25316269.0,1.868327402135228,0.41999999999999815,0.010959868742755886,3.2028469750889785,98613681.0
2024-05-08,22.79,22.75,23.23,22.55,940798.0,22028994.0,-0.6550218340611313,-0.14999999999999858,0.009540238133895438,2.9694323144104793,98613681.0
2024-05-09,22.7,22.55,23.12,22.45,1123193.0,26189233.0,-0.879120879120876,-0.1999999999999993,0.011389829368604545,2.9450549450549524,98613681.0
2024-05-10,22.64,22.57,22.9,22.4,869800.0,20147434.0,0.08869179600887733,0.019999999999999574,0.008820277178376497,2.2172949002217295,98613681.0
2024-05-13,22.35,22.34,22.6,22.07,587700.0,13433497.0,-1.0190518387239722,-0.23000000000000043,0.0059596193351711515,2.348249889233501,98613681.0
2024-05-14,22.45,22.85,23.02,22.45,879100.0,20575527.0,2.282900626678619,0.5100000000000016,0.00891458457980085,2.5514771709937345,98613681.0
2024-05-15,22.8,22.69,22.92,22.3,696388.0,16170505.0,-0.700218818380749,-0.16000000000000014,0.007061778780978676,2.7133479212253873,98613681.0
2024-05-16,22.64,22.68,22.91,22.6,616100.0,14351562.0,-0.04407227853681084,-0.010000000000001563,0.006247611829843366,1.3662406346408051,98613681.0
2024-05-17,22.73,22.77,23.18,22.34,719700.0,16766302.0,0.3968253968253954,0.08999999999999986,0.007298176000549051,3.703703703703703,98613681.0
2024-05-20,22.76,23.24,23.42,22.68,1058000.0,25120016.0,2.0641194554237963,0.46999999999999886,0.010728734484619838,3.249890206411955,98613681.0
2024-05-21,23.26,22.9,23.37,22.8,764300.0,17964701.0,-1.4629948364888068,-0.33999999999999986,0.0077504459041540085,2.4526678141135987,98613681.0
2024-05-22,22.9,22.53,23.08,22.46,634600.0,14753943.0,-1.615720524017461,-0.36999999999999744,0.006435212574612239,2.707423580786015,98613681.0
2024-05-23,22.54,22.26,22.54,22.12,790400.0,18013887.0,-1.1984021304926706,-0.2699999999999996,0.008015115062990094,1.8641810918774884,98613681.0
2024-05-24,22.34,22.36,22.51,22.06,538000.0,12322713.0,0.4492362982928988,0.09999999999999787,0.005455632469494775,2.021563342318072,98613681.0
2024-05-27,22.36,22.52,22.6,22.1,582200.0,13312925.0,0.7155635062611854,0.16000000000000014,0.0059038461407804055,2.23613595706619,98613681.0
2024-05-28,22.36,22.23,22.53,22.15,397098.0,9061530.0,-1.28774422735346,-0.28999999999999915,0.004026804353850253,1.6873889875666188,98613681.0
2024-05-29,22.23,22.29,22.63,21.58,579400.0,13271737.0,0.26990553306343035,0.05999999999999872,0.005875452514545116,4.72334682860999,98613681.0
2024-05-30,22.11,22.53,22.66,21.89,598398.0,13739496.0,1.0767160161507583,0.240000000000002,0.006068103268551551,3.45446388515029,98613681.0
2024-05-31,22.6,22.98,23.11,22.28,1339259.0,31155558.0,1.9973368841544659,0.4499999999999993,0.013580864099373797,3.683976919662664,98613681.0
2024-06-03,23.03,22.94,23.52,22.14,1876000.0,43684758.0,-0.17406440382941035,-0.03999999999999915,0.01902372957764349,6.005221932114877,98613681.0
2024-06-04,22.68,23.1,23.1,22.51,745600.0,17409310.0,0.6974716652136115,0.16000000000000014,0.007560817043225473,2.5719267654751516,98613681.0
2024-06-05,23.3,23.5,23.58,22.86,1776100.0,42523562.0,1.7316017316017174,0.3999999999999986,0.01801068555589158,3.1168831168831117,98613681.0
2024-06-06,23.69,22.93,23.8,22.74,1797400.0,42688882.0,-2.4255319148936194,-0.5700000000000003,0.018226679926895743,4.51063829787235,98613681.0
2024-06-07,22.96,24.21,24.27,22.94,1846000.0,44840390.0,5.582206716092464,1.2800000000000011,0.018719512153693968,5.800261665939809,98613681.0
2024-06-11,24.17,23.88,24.17,23.26,1272559.0,30791781.0,-1.363073110285018,-0.33000000000000185,0.012904487360126025,3.758777364725321,98613681.0
2024-06-12,23.5,24.32,24.49,23.5,1370088.0,33903406.0,1.8425460636515956,0.4400000000000013,0.013893488064805126,4.145728643216074,98613681.0
2024-06-13,24.24,24.79,24.84,24.21,1671061.0,42129147.0,1.9325657894736725,0.46999999999999886,0.016945529089417117,2.5904605263157854,98613681.0
2024-06-14,24.79,24.52,24.81,24.14,1002488.0,25074761.0,-1.0891488503428803,-0.2699999999999996,0.01016581056334364,2.702702702702695,98613681.0
2024-06-17,24.4,24.19,24.52,23.99,651988.0,16169770.0,-1.3458401305057044,-0.3299999999999983,0.006611536993533382,2.16150081566069,98613681.0
2024-06-18,24.16,24.05,24.64,23.54,1246729.0,30646166.0,-0.5787515502273743,-0.14000000000000057,0.012642556158105486,4.547333608929315,98613681.0
2024-06-19,23.92,24.01,24.18,23.68,490800.0,12066141.0,-0.16632016632016633,-0.03999999999999915,0.004976997055814193,2.0790020790020787,98613681.0
2024-06-20,23.94,23.57,24.29,23.43,894000.0,21762825.0,-1.8325697625989235,-0.4400000000000013,0.00906567923369578,3.5818408996251536,98613681.0
2024-06-21,23.04,23.48,23.57,23.04,537000.0,12829781.0,-0.38184132371659185,-0.08999999999999986,0.005445491888696458,2.2486211285532502,98613681.0
2024-06-24,23.48,22.32,23.49,22.3,879700.0,20394126.0,-4.940374787052814,-1.1600000000000001,0.00892066892827984,5.0681431005110635,98613681.0
2024-06-25,22.36,22.95,23.27,22.26,1052888.0,24526803.0,2.8225806451612767,0.629999999999999,0.010676895835578838,4.525089605734759,98613681.0
2024-06-26,22.75,23.18,23.27,22.74,521500.0,12352645.0,1.002178649237484,0.23000000000000043,0.005288312886322538,2.3093681917211377,98613681.0
2024-06-27,23.14,23.01,23.36,22.75,295900.0,7012061.0,-0.7333908541846346,-0.16999999999999815,0.0030005978582221264,2.6315789473684186,98613681.0
2024-06-28,22.69,22.58,23.1,22.28,920893.0,21286511.0,-1.8687527162103534,-0.43000000000000327,0.00933838987310493,3.563667970447632,98613681.0
2024-07-01,22.65,22.84,23.28,22.45,542100.0,12684788.0,1.1514614703277415,0.26000000000000156,0.005497208850767877,3.675819309123126,98613681.0
2024-07-02,22.84,22.83,22.99,22.6,245000.0,5720669.0,-0.04378283712784814,-0.010000000000001563,0.0024844422955877694,1.7075306479859764,98613681.0
2024-07-03,22.85,22.69,22.88,22.57,353793.0,8229026.0,-0.6132282084975738,-0.13999999999999702,0.0035876665023791172,1.3578624616732315,98613681.0
2024-07-04,22.71,21.82,22.71,21.62,890788.0,20033877.0,-3.8342882327016325,-0.870000000000001,0.009033107688171584,4.803878360511238,98613681.0
2024-07-05,21.81,22.02,22.1,21.48,351500.0,7870187.0,0.9165902841429929,0.1999999999999993,0.003564414150608575,2.8414298808432674,98613681.0
2024-07-08,22.06,21.62,22.06,21.34,493000.0,10884568.0,-1.8165304268846438,-0.3999999999999986,0.004999306333570491,3.2697547683923656,98613681.0
2024-07-09,21.21,21.96,21.96,21.18,707100.0,15604965.0,1.5726179463459777,0.33999999999999986,0.007170404682490252,3.6077705827937145,98613681.0
2024-07-10,21.69,22.21,22.33,21.62,439400.0,9944991.0,1.1384335154827063,0.25,0.004455771202780677,3.2331511839708433,98613681.0
2024-07-11,22.23,22.68,22.82,22.23,383000.0,8880689.0,2.1161638901395774,0.46999999999999886,0.003883842445755574,2.6564610535794677,98613681.0
2024-07-12,22.68,22.09,22.83,21.95,672100.0,15299370.0,-2.6014109347442638,-0.5899999999999999,0.006815484354549142,3.880070546737209,98613681.0
2024-07-15,22.09,21.98,22.13,21.68,220100.0,4937979.0,-0.49796287913083104,-0.10999999999999943,0.0022319418337096654,2.0371208691715674,98613681.0
2024-07-16,22.16,21.93,22.16,21.77,160800.0,3606531.0,-0.22747952684258888,-0.05000000000000071,0.001630605392369442,1.774340309372159,98613681.0
2024-07-17,22.18,21.71,22.18,21.61,205200.0,4581420.0,-1.0031919744642015,-0.21999999999999886,0.002080847179814736,2.599179206566349,98613681.0
2024-07-18,21.48,21.59,21.89,21.38,256500.0,5690793.0,-0.5527406725011508,-0.120000000000001,0.00260105897476842,2.3491478581299012,98613681.0
2024-07-19,21.63,21.62,21.92,21.43,271400.0,6003246.0,0.1389532190829046,0.030000000000001137,0.0027521536286633495,2.269569245020852,98613681.0
2024-07-22,21.64,21.14,21.76,20.86,486900.0,10559437.0,-2.2201665124884418,-0.4800000000000004,0.0049374487907007545,4.1628122109158285,98613681.0
2024-07-23,21.11,20.85,21.31,20.63,266200.0,5702190.0,-1.3718070009460681,-0.28999999999999915,0.0026994226085120987,3.216650898770103,98613681.0
2024-07-24,20.75,21.11,21.3,20.51,446100.0,9614663.0,1.2470023980815315,0.259999999999998,0.0045237130941294034,3.7889688249400435,98613681.0
2024-07-25,20.72,21.13,21.59,20.7,433600.0,9381400.0,0.0947418285172974,0.019999999999999574,0.004396955834150436,4.216011369019425,98613681.0
2024-07-26,21.38,21.94,21.96,21.31,403200.0,8948033.0,3.8334122101277845,0.8100000000000023,0.004088682177881586,3.076194983435883,98613681.0
2024-07-29,21.94,21.28,21.95,21.18,501200.0,10991246.0,-3.008204193254327,-0.6600000000000001,0.005082459096116694,3.5095715587967162,98613681.0
2024-07-30,21.08,21.41,21.49,21.08,255200.0,5565692.0,0.6109022556390897,0.129999999999999,0.002587876219730607,1.9266917293233088,98613681.0
2024-07-31,21.41,21.85,21.96,21.28,349700.0,7788822.0,2.055114432508187,0.4400000000000013,0.003546161105171604,3.1760859411489943,98613681.0
2024-08-01,21.83,21.82,22.02,21.69,204200.0,4569143.0,-0.13729977116705427,-0.030000000000001137,0.0020707065990164183,1.5102974828375206,98613681.0
2024-08-02,21.81,21.77,22.0,21.65,176200.0,3940447.0,-0.22914757103574823,-0.05000000000000071,0.0017867703366635304,1.6040329972502356,98613681.0
2024-08-05,21.63,21.53,21.98,21.39,198800.0,4413544.0,-1.1024345429490046,-0.23999999999999844,0.0020159474627055043,2.7101515847496547,98613681.0
2024-08-06,21.6,21.9,21.92,21.18,277704.0,6168452.0,1.718532280538776,0.36999999999999744,0.0028160798500159426,3.4370645610775754,98613681.0
2024-08-07,21.93,21.86,21.93,21.65,222138.0,4964524.0,-0.18264840182647957,-0.03999999999999915,0.0022526083373766363,1.2785388127853934,98613681.0
2024-08-08,21.85,22.04,22.25,21.55,392600.0,8810763.0,0.8234217749313766,0.17999999999999972,0.0039811920214194215,3.202195791399814,98613681.0
2024-08-09,22.01,21.98,22.06,21.72,212666.0,4769393.0,-0.27223230490017736,-0.05999999999999872,0.002156556756054974,1.5426497277676945,98613681.0
2024-08-12,21.98,21.96,22.01,21.55,278900.0,6251405.0,-0.09099181073702889,-0.019999999999999574,0.00282820798465073,2.092811646951778,98613681.0
2024-08-13,21.84,22.16,22.16,21.81,363400.0,8182957.0,0.9107468123861429,0.1999999999999993,0.0036850870621085528,1.5938069216757804,98613681.0
2024-08-14,22.17,22.68,22.92,21.87,548238.0,12690229.0,2.3465703971119023,0.5199999999999996,0.005559451735707949,4.738267148014444,98613681.0
2024-08-15,22.65,23.36,24.12,22.52,1201300.0,28716980.0,2.998236331569659,0.6799999999999997,0.012181879713018724,7.054673721340395,98613681.0
2024-08-16,23.28,23.08,23.41,22.79,719400.0,17007827.0,-1.1986301369863117,-0.28000000000000114,0.007295133826309556,2.6541095890411004,98613681.0
2024-08-19,23.04,22.72,23.14,22.61,473200.0,11052729.0,-1.559792027729634,-0.35999999999999943,0.004798522833763806,2.296360485268636,98613681.0
2024-08-20,22.84,22.38,22.84,22.23,561400.0,12878413.0,-1.4964788732394374,-0.33999999999999986,0.005692922060175403,2.684859154929575,98613681.0
2024-08-21,22.45,22.83,22.92,22.24,418100.0,9694536.0,2.0107238605898026,0.4499999999999993,0.0042397768317765155,3.038427167113509,98613681.0
2024-08-22,22.84,23.55,23.56,22.84,1408700.0,33635382.0,3.1537450722733285,0.7200000000000024,0.014285036170589759,3.15374507227332,98613681.0
2024-08-23,23.53,23.29,23.9,23.15,846700.0,20304883.0,-1.1040339702760193,-0.26000000000000156,0.008586029761935364,3.1847133757961785,98613681.0
2024-08-26,23.29,23.51,23.73,23.16,702200.0,16826994.0,0.9446114212108281,0.22000000000000242,0.007120715836578496,2.4474023185916716,98613681.0
2024-08-27,23.3,23.24,23.58,23.07,481600.0,11488702.0,-1.1484474691620727,-0.2700000000000031,0.004883703712469672,2.1692896639727692,98613681.0
2024-08-28,23.23,23.26,23.53,23.07,442600.0,10528214.0,0.0860585197934638,0.020000000000003126,0.0044882210613352925,1.9793459552495736,98613681.0
2024-08-29,23.21,22.97,23.31,22.89,446400.0,10537030.0,-1.2467755803955427,-0.2900000000000027,0.004526755268368899,1.805674978503861,98613681.0
2024-08-30,22.97,23.21,23.56,22.84,505500.0,12090296.0,1.04484109708316,0.240000000000002,0.005126063593549459,3.134523291249451,98613681.0
2024-09-02,23.14,22.83,23.2,22.75,308600.0,7233449.0,-1.6372253339078102,-0.38000000000000256,0.0031293832343607577,1.9388194743644949,98613681.0
2024-09-03,22.83,23.19,23.22,22.83,235093.0,5563875.0,1.5768725361366753,0.360000000000003,0.0023839795616188387,1.70827858081472,98613681.0
2024-09-04,23.42,22.76,23.42,22.69,323200.0,7588055.0,-1.8542475204829656,-0.4299999999999997,0.003277435714016192,3.147908581285038,98613681.0
2024-09-05,22.75,22.82,23.13,22.75,239900.0,5644301.0,0.2636203866432263,0.05999999999999872,0.0024327253335163506,1.6695957820738092,98613681.0
2024-09-06,22.83,22.45,22.92,22.2,342395.0,7876238.0,-1.6213847502191125,-0.370000000000001,0.003472084162439895,3.1551270815074606,98613681.0
2024-09-09,22.44,22.49,22.69,22.13,172300.0,3972176.0,0.17817371937638438,0.03999999999999915,0.0017472220715500926,2.4944320712694976,98613681.0
2024-09-10,22.61,22.71,22.84,22.29,294100.0,6809094.0,0.978212538906198,0.22000000000000242,0.002982344812785155,2.4455313472654545,98613681.0
2024-09-11,22.6,22.61,22.82,22.52,158700.0,3682946.0,-0.44033465433730434,-0.10000000000000142,0.0016093101726929755,1.321003963011892,98613681.0
2024-09-12,23.78,22.28,23.82,21.48,685100.0,15586241.0,-1.459531180893403,-0.3299999999999983,0.006947311904927269,10.349402919062362,98613681.0
2024-09-13,22.04,22.06,22.23,21.62,404600.0,9052310.0,-0.987432675044897,-0.22000000000000242,0.0041028789909992305,2.737881508078992,98613681.0
2024-09-18,21.95,21.48,22.05,21.09,387800.0,8543520.0,-2.6291931097008114,-0.5799999999999983,0.003932517233587498,4.351767905711699,98613681.0
2024-09-19,21.75,22.0,22.22,21.46,394600.0,8832502.0,2.4208566108007368,0.5199999999999996,0.0040014731830160565,3.5381750465549255,98613681.0
2024-09-20,21.88,21.28,21.88,21.22,436200.0,9561905.0,-3.2727272727272716,-0.7199999999999989,0.004423321344226061,3.0000000000000004,98613681.0
2024-09-23,21.52,21.57,21.57,20.7,442200.0,9528085.0,1.3627819548872155,0.28999999999999915,0.004484164829015966,4.088345864661658,98613681.0
2024-09-24,21.46,21.96,22.04,21.38,421900.0,9406235.0,1.8080667593880495,0.39000000000000057,0.004278311038810122,3.0598052851182205,98613681.0
2024-09-25,22.07,21.8,22.34,21.77,551300.0,12472200.0,-0.7285974499089298,-0.16000000000000014,0.005590502194112397,2.5956284153005478,98613681.0
2024-09-26,21.5,22.31,22.45,21.5,663700.0,15042991.0,2.3394495412843996,0.509999999999998,0.006730303475843275,4.357798165137612,98613681.0
2024-09-27,22.68,23.0,23.18,22.32,1015295.0,23695995.0,3.0927835051546504,0.6900000000000013,0.01029568098162769,3.85477364410578,98613681.0
2024-09-30,23.62,24.83,24.83,22.94,3105957.0,76307112.0,7.956521739130418,1.8299999999999983,0.031496207914599596,8.217391304347812,98613681.0
2024-10-08,26.89,26.32,27.31,24.86,3843297.0,103813218.0,6.000805477245286,1.490000000000002,0.03897326376043097,9.867096254530807,98613681.0
2024-10-09,26.03,23.73,26.03,23.72,1757602.0,43953216.0,-9.840425531914898,-2.59,0.017823105092284304,8.77659574468086,98613681.0
2024-10-10,23.74,23.3,24.19,23.05,1383400.0,33458616.0,-1.8120522545301276,-0.4299999999999997,0.014028479476392327,4.804045512010116,98613681.0
2024-10-11,23.33,22.77,23.66,22.41,1101959.0,26018800.0,-2.274678111587991,-0.5300000000000011,0.011174504275933073,5.36480686695279,98613681.0
2024-10-14,22.93,23.18,23.3,22.2,1155697.0,26955731.0,1.800614844093107,0.41000000000000014,0.011719438806873055,4.830917874396142,98613681.0
2024-10-15,23.08,23.97,24.09,22.94,1596259.0,38943314.0,3.4081104400345064,0.7899999999999991,0.016186993364541376,4.961173425366689,98613681.0
2024-10-16,23.73,24.47,24.7,23.64,1922724.0,47986694.0,2.085940759282434,0.5,0.019497538074864075,4.4221944096787595,98613681.0
2024-10-17,24.48,24.81,25.72,24.3,2698844.0,68856819.0,1.389456477319162,0.33999999999999986,0.027367845644054197,5.80302411115651,98613681.0
2024-10-18,24.7,24.38,24.94,24.23,1827495.0,45771784.0,-1.7331721080209528,-0.4299999999999997,0.018531860706021103,2.861749294639262,98613681.0
2024-10-21,24.68,26.83,26.83,24.68,1448700.0,39522018.0,10.049220672682523,2.4499999999999993,0.014690659402522455,8.818703855619354,98613681.0
2024-10-22,26.87,28.33,29.18,26.84,8052805.0,233641544.0,5.590756615728654,1.5,0.08166011975559456,8.721580320536711,98613681.0
2024-10-23,28.07,28.31,28.75,27.39,4085030.0,118166678.0,-0.0705965407694964,-0.019999999999999574,0.04142457677855064,4.800564772326155,98613681.0
2024-10-24,27.58,27.38,27.97,27.23,1699800.0,47910526.0,-3.2850582832921194,-0.9299999999999997,0.01723695924097996,2.613917343694802,98613681.0
2024-10-25,27.33,27.49,27.72,26.94,2226561.0,62263112.0,0.40175310445580426,0.10999999999999943,0.022578621722882445,2.848794740686624,98613681.0
2024-10-28,27.5,28.01,29.29,26.91,3187078.0,90888400.0,1.8915969443433989,0.5200000000000031,0.032318821969539904,8.65769370680247,98613681.0
2024-10-29,28.15,25.76,28.15,25.56,3342678.0,90473686.0,-8.03284541235273,-2.25,0.0338966963417581,9.246697607997142,98613681.0
2024-10-30,25.84,25.06,25.99,24.75,2279077.0,59038840.0,-2.717391304347838,-0.7000000000000028,0.023111164464086884,4.813664596273286,98613681.0
2024-10-31,25.17,24.51,25.2,24.17,3542600.0,88830671.0,-2.194732641660002,-0.5499999999999972,0.035924021536119316,4.110135674381475,98613681.0
2024-11-01,24.48,23.87,24.84,23.81,2865681.0,71266909.0,-2.611179110567119,-0.6400000000000006,0.02905966972270308,4.2023663810689555,98613681.0
2024-11-04,23.87,24.58,24.59,23.57,1845878.0,45730610.0,2.974444909928775,0.7099999999999973,0.018718275002836574,4.273146208630077,98613681.0
2024-11-05,24.69,24.63,24.79,24.26,2359643.0,59346389.0,0.20341741253051548,0.05000000000000071,0.023928150496684127,2.156224572823424,98613681.0
2024-11-06,24.6,24.39,24.8,24.25,1983300.0,49787259.0,-0.9744214372716109,-0.23999999999999844,0.02011181389730295,2.2330491270807986,98613681.0
2024-11-07,24.22,25.25,25.48,24.16,3107700.0,79897890.0,3.5260352603526,0.8599999999999994,0.03151388294693107,5.412054120541207,98613681.0
2024-11-08,25.73,25.1,25.97,24.71,2817200.0,72517941.0,-0.5940594059405835,-0.14999999999999858,0.028568044225019854,4.990099009900982,98613681.0
2024-11-11,24.92,25.19,25.2,24.7,1539000.0,39384556.0,0.35856573705179695,0.08999999999999986,0.015606353848610519,1.9920318725099602,98613681.0
2024-11-12,25.19,24.88,25.62,24.63,1642000.0,42431966.0,-1.2306470821754734,-0.3100000000000023,0.016650833670837212,3.93013100436682,98613681.0
2024-11-13,25.13,25.23,25.26,24.5,1129800.0,28800438.0,1.4067524115755736,0.3500000000000014,0.011456828185939029,3.054662379421228,98613681.0
2024-11-14,25.29,24.58,25.29,24.58,1021700.0,26051149.0,-2.576298057867621,-0.6500000000000021,0.010360631401640914,2.814110186286171,98613681.0
2024-11-15,24.4,24.56,25.04,24.4,1008500.0,25584932.0,-0.08136696501220841,-0.019999999999999574,0.010226775735103125,2.6037428803905636,98613681.0
2024-11-18,24.61,23.75,24.88,23.43,990200.0,24525867.0,-3.298045602605859,-0.8099999999999987,0.010041203106493915,5.90390879478827,98613681.0
2024-11-19,23.75,24.22,24.3,23.6,755874.0,18508730.0,1.978947368421058,0.46999999999999886,0.007665001370347386,2.9473684210526288,98613681.0
2024-11-20,24.23,24.61,24.7,23.97,709300.0,17824927.0,1.6102394715111545,0.39000000000000057,0.0071927139602465506,3.014037985136253,98613681.0
2024-11-21,24.71,25.37,25.97,24.62,2882354.0,75205717.0,3.0881755383990406,0.7600000000000016,0.029228743626353425,5.485574969524575,98613681.0
2024-11-22,25.36,25.06,25.76,25.0,2023300.0,52442921.0,-1.2219156484036375,-0.3100000000000023,0.02051743712923565,2.995664170279864,98613681.0
2024-11-25,25.01,25.64,25.87,25.01,1551600.0,40529593.0,2.314445331205106,0.5800000000000018,0.01573412516666932,3.4317637669592957,98613681.0
2024-11-26,25.58,26.63,26.96,25.45,3317000.0,89606940.0,3.86115444617785,0.9899999999999984,0.0336363065080189,5.889235569422783,98613681.0
2024-11-27,26.62,26.72,26.84,25.9,1921700.0,51969803.0,0.3379647014645215,0.08999999999999986,0.0194871541201266,3.5298535486293705,98613681.0
2024-11-28,26.72,26.98,27.29,26.36,2065800.0,56756782.0,0.9730538922155807,0.26000000000000156,0.02094841181316414,3.4805389221556875,98613681.0
2024-11-29,26.77,27.87,29.68,26.56,6535614.0,190061791.0,3.29873980726465,0.8900000000000006,0.06627492183361455,11.564121571534473,98613681.0
2024-12-02,28.63,28.53,30.66,28.21,7374977.0,222656501.0,2.3681377825618855,0.6600000000000001,0.07478655015423266,8.790814495873695,98613681.0
2024-12-03,28.13,26.93,28.59,26.45,5830430.0,162886859.0,-5.608131791097093,-1.6000000000000014,0.05912394650393387,7.500876270592361,98613681.0
2024-12-04,26.88,26.43,27.58,26.26,2807500.0,77011584.0,-1.8566654288897144,-0.5,0.028469680591276175,4.901596732268833,98613681.0
2024-12-05,26.07,26.95,27.21,25.91,2048935.0,55920475.0,1.9674612183125273,0.5199999999999996,0.020777390918000516,4.918653045781312,98613681.0
2024-12-06,27.14,27.88,28.46,27.04,3369320.0,95970697.0,3.450834879406317,0.9299999999999997,0.03416686169538687,5.269016697588133,98613681.0
2024-12-09,27.85,27.29,28.29,26.99,2259420.0,63732565.0,-2.11621233859397,-0.5899999999999999,0.022911831067334357,4.662840746054522,98613681.0
2024-12-10,28.25,28.4,29.29,28.0,4709910.0,137512131.0,4.06742396482227,1.1099999999999994,0.04776122290780323,4.727006229388051,98613681.0
2024-12-11,28.42,28.25,28.75,28.04,2250000.0,65247806.0,-0.5281690140845008,-0.14999999999999858,0.022816306796214207,2.500000000000003,98613681.0
2024-12-12,28.25,29.28,29.54,28.02,3956100.0,117098394.0,3.646017699115056,1.0300000000000011,0.04011715169622357,5.380530973451326,98613681.0
2024-12-13,28.69,29.41,30.26,28.41,3386343.0,101795800.0,0.44398907103824214,0.129999999999999,0.034339484802316626,6.318306010928966,98613681.0
2024-12-16,29.01,28.49,29.77,28.29,1999500.0,59067618.0,-3.128187691261486,-0.9200000000000017,0.020276091306235693,5.032301938116288,98613681.0
2024-12-17,28.48,27.72,28.71,27.66,1934300.0,55702588.0,-2.7027027027026973,-0.7699999999999996,0.019614925438185396,3.6855036855036882,98613681.0
2024-12-18,27.63,27.26,27.82,26.94,1361700.0,38088681.0,-1.6594516594516495,-0.4599999999999973,0.013808428873068839,3.174603174603171,98613681.0
2024-12-19,27.24,27.24,27.63,26.72,1200561.0,33294318.0,-0.07336757153338924,-0.020000000000003126,0.012174385823808767,3.3382245047688928,98613681.0
2024-12-20,27.1,27.95,28.68,27.1,1768500.0,50981476.0,2.6064610866372906,0.7100000000000009,0.017933617141824367,5.800293685756235,98613681.0
2024-12-23,27.68,26.48,28.36,26.46,1221400.0,33738564.0,-5.259391771019672,-1.4699999999999989,0.012385705387064905,6.797853309481211,98613681.0
2024-12-24,26.59,26.62,26.83,26.08,1267300.0,34342777.0,0.5287009063444037,0.14000000000000057,0.012851158045707673,2.8323262839879155,98613681.0
2024-12-25,26.48,26.31,26.74,25.99,830200.0,22298583.0,-1.1645379413974588,-0.3100000000000023,0.008418710178763127,2.8174305033809164,98613681.0
2024-12-26,26.19,26.71,27.24,26.19,1922400.0,52764862.0,1.520334473584195,0.40000000000000213,0.01949425252668542,3.990877993158484,98613681.0
2024-12-27,26.71,27.01,27.29,26.36,1034500.0,28546069.0,1.1231748408835562,0.3000000000000007,0.010490430835859377,3.481842006739048,98613681.0
2024-12-30,26.84,26.46,26.96,26.06,859700.0,23243995.0,-2.0362828582006665,-0.5500000000000007,0.008717857312313492,3.332099222510189,98613681.0
2024-12-31,26.99,26.45,27.06,26.23,890700.0,24277007.0,-0.03779289493576199,-0.010000000000001563,0.009032215317061332,3.136810279667416,98613681.0
2025-01-02,26.43,26.35,27.22,25.87,1309500.0,35671642.0,-0.3780718336483857,-0.09999999999999787,0.01327909055539667,5.1039697542533,98613681.0
2025-01-03,26.35,25.2,26.41,25.12,1283600.0,33575074.0,-4.36432637571158,-1.1500000000000021,0.013016449512720248,4.895635673624285,98613681.0
2025-01-06,25.06,24.87,25.06,23.93,1210900.0,30377080.0,-1.3095238095238049,-0.3299999999999983,0.012279229288682572,4.48412698412698,98613681.0
2025-01-07,24.94,25.21,25.26,24.29,675900.0,17196636.0,1.3671089666264624,0.33999999999999986,0.006854018561582748,3.900281463610786,98613681.0
2025-01-08,25.13,25.19,25.87,24.94,969100.0,25161388.0,-0.07933359777865245,-0.019999999999999574,0.009827236851649417,3.689012296707654,98613681.0
2025-01-09,25.05,24.99,25.5,24.81,828540.0,21306094.0,-0.7939658594680488,-0.20000000000000284,0.00840187681463792,2.7391822151647527,98613681.0
2025-01-10,25.08,24.49,25.23,24.4,517240.0,13121429.0,-2.000800320128049,-0.5,0.005245114012121706,3.321328531412573,98613681.0
2025-01-13,24.49,24.76,25.14,24.09,859500.0,21696231.0,1.1024908125765842,0.2700000000000031,0.008715829196153827,4.2874642711310775,98613681.0
2025-01-14,24.82,25.89,25.92,24.82,970000.0,25373714.0,4.563812600969297,1.129999999999999,0.009836363374367904,4.442649434571896,98613681.0
2025-01-15,26.04,25.88,26.14,25.7,839809.0,22295245.0,-0.03862495171881308,-0.010000000000001563,0.00851615101965416,1.6994978756276604,98613681.0
2025-01-16,25.67,25.81,26.0,25.4,916000.0,24162369.0,-0.2704791344667723,-0.07000000000000028,0.009288772011258762,2.318392581143746,98613681.0
2025-01-17,25.52,26.09,26.16,25.52,832000.0,22143681.0,1.0848508330104645,0.28000000000000114,0.008436963224200098,2.479659046881056,98613681.0
2025-01-20,26.17,26.28,26.53,26.06,748398.0,20193688.0,0.7282483710233878,0.19000000000000128,0.007589190388299165,1.801456496742056,98613681.0
2025-01-21,26.28,26.29,26.49,25.92,630000.0,16853612.0,0.03805175038051889,0.00999999999999801,0.0063885659029399786,2.168949771689485,98613681.0
2025-01-22,26.12,25.97,26.32,25.76,623100.0,16598124.0,-1.2171928489920103,-0.3200000000000003,0.006318595895431588,2.130087485736017,98613681.0
2025-01-23,26.2,25.73,26.31,25.7,909398.0,24216322.0,-0.9241432422025353,-0.23999999999999844,0.00922182389682827,2.3488640739314572,98613681.0
2025-01-24,25.77,26.0,26.18,25.39,918100.0,24243968.0,1.0493587252234704,0.2699999999999996,0.00931006723093523,3.0703458997279407,98613681.0
2025-01-27,25.97,26.09,26.73,25.97,903400.0,24362468.0,0.3461538461538405,0.08999999999999986,0.009161000693199963,2.923076923076929,98613681.0
2025-02-05,26.09,24.96,26.11,24.8,1303700.0,33674014.0,-4.331161364507475,-1.129999999999999,0.013220275186766429,5.02108087389804,98613681.0
2025-02-06,25.01,25.43,25.56,24.8,838600.0,21688874.0,1.8830128205128194,0.46999999999999886,0.008503891057468994,3.0448717948717867,98613681.0
2025-02-07,25.61,25.31,25.74,24.92,1065000.0,27641601.0,-0.4718836020448314,-0.120000000000001,0.01079971855020806,3.2245379473063185,98613681.0
2025-02-10,25.54,25.67,25.67,25.12,992800.0,25859198.0,1.4223627024891439,0.360000000000003,0.010067568616569541,2.1730541288028475,98613681.0
2025-02-11,25.67,25.7,25.84,25.19,631500.0,16493142.0,0.11686793922867089,0.029999999999997584,0.006403776774137455,2.532138683287879,98613681.0
2025-02-12,25.7,25.47,25.7,25.14,1131200.0,29404727.0,-0.894941634241242,-0.23000000000000043,0.011471024999056672,2.178988326848244,98613681.0
2025-02-13,25.57,25.6,25.74,25.36,759300.0,19910677.0,0.5104043973302108,0.13000000000000256,0.0076997430001624215,1.4919513152728663,98613681.0
2025-02-14,25.59,25.56,25.64,25.23,854100.0,22016302.0,-0.15625000000001332,-0.0400000000000027,0.008661070059842913,1.6015625000000004,98613681.0
2025-02-17,25.41,25.68,25.68,25.29,799898.0,20727111.0,0.46948356807512415,0.120000000000001,0.008111430299412513,1.5258215962441337,98613681.0
2025-02-18,25.65,25.82,26.7,25.58,1063300.0,28096795.0,0.5451713395638658,0.14000000000000057,0.01078247956285092,4.3613707165109075,98613681.0
2025-02-19,25.67,26.56,26.68,25.62,1368900.0,36663293.0,2.865995352439965,0.7399999999999984,0.013881441054816725,4.105344694035627,98613681.0
2025-02-20,26.58,26.5,27.67,26.41,1339300.0,36547319.0,-0.22590361445782303,-0.05999999999999872,0.013581279863186529,4.743975903614464,98613681.0
2025-02-21,26.5,26.14,26.63,26.06,955400.0,25483030.0,-1.3584905660377289,-0.35999999999999943,0.00968831089471247,2.1509433962264164,98613681.0
2025-02-24,26.0,26.51,26.56,25.99,671700.0,17915293.0,1.4154552410099441,0.370000000000001,0.006811428122229815,2.1805661820964053,98613681.0
2025-02-25,26.32,26.6,27.1,26.31,1851105.0,49969757.0,0.3394945303659025,0.08999999999999986,0.01877127981866938,2.980007544322907,98613681.0
2025-02-26,26.61,26.51,27.19,26.36,990700.0,26879797.0,-0.33834586466164884,-0.08999999999999986,0.010046273396893074,3.120300751879706,98613681.0
2025-02-27,26.67,26.82,26.9,26.42,796900.0,21575405.0,1.1693700490380987,0.3099999999999987,0.008081028838179157,1.8106374952847863,98613681.0
2025-02-28,26.82,26.89,27.1,26.62,903200.0,24607321.0,0.26099925428784143,0.07000000000000028,0.009158972577040299,1.7897091722595095,98613681.0
2025-03-03,26.99,26.66,27.12,26.57,999600.0,27257015.0,-0.8553365563406468,-0.23000000000000043,0.0101365245659981,2.0453700260319847,98613681.0
2025-03-04,27.19,26.46,27.19,26.45,1508500.0,40911998.0,-0.7501875468867159,-0.1999999999999993,0.015297066134261838,2.775693923480878,98613681.0
2025-03-05,26.46,25.81,26.46,25.66,1075370.0,28216465.0,-2.4565381708238965,-0.6500000000000021,0.010904876373086611,3.0234315948601687,98613681.0
2025-03-06,25.76,25.93,26.06,25.5,655600.0,17210775.0,0.46493607129021175,0.120000000000001,0.006648164771376905,2.169701666020917,98613681.0
2025-03-07,25.92,25.78,26.0,25.7,503400.0,13194362.0,-0.5784805244890001,-0.14999999999999858,0.0051047683738729924,1.1569610489780204,98613681.0
2025-03-10,25.88,26.2,26.59,25.88,964800.0,25798409.0,1.6291698991466097,0.41999999999999815,0.009783632354216653,2.7540729247478697,98613681.0
2025-03-11,26.18,26.36,26.4,25.62,1111000.0,29354614.0,0.6106870229007688,0.16000000000000014,0.01126618526693066,2.9770992366412123,98613681.0
2025-03-12,26.36,26.82,27.05,26.25,970900.0,26315469.0,1.7450682852807375,0.46000000000000085,0.009845489897086388,3.0349013657056174,98613681.0
2025-03-13,26.82,27.37,27.41,26.65,1143800.0,31411903.0,2.050708426547354,0.5500000000000007,0.011598796317115473,2.8337061894108935,98613681.0
2025-03-14,27.47,27.43,27.74,26.98,1275500.0,35412372.0,0.219218122031406,0.05999999999999872,0.012934310808253876,2.776762879064662,98613681.0
2025-03-17,27.43,27.16,27.62,27.1,1093700.0,30257416.0,-0.9843237331388921,-0.2699999999999996,0.01109075321911977,1.8957345971563966,98613681.0
2025-03-18,27.13,26.95,27.23,26.71,592300.0,16185159.0,-0.7731958762886681,-0.21000000000000085,0.006006266006843412,1.9145802650957273,98613681.0
2025-03-19,26.88,27.05,28.09,26.84,1334700.0,37059739.0,0.37105751391466324,0.10000000000000142,0.013534633191514269,4.63821892393321,98613681.0
2025-03-20,27.1,27.1,27.38,26.8,565300.0,15563505.0,0.1848428835489857,0.05000000000000071,0.005732470325288841,2.144177449168201,98613681.0
2025-03-21,26.92,26.95,27.26,26.77,719700.0,19718482.0,-0.5535055350553542,-0.15000000000000213,0.007298176000549051,1.8081180811808188,98613681.0
2025-03-24,27.09,26.76,27.15,26.41,791000.0,21426588.0,-0.7050092764378402,-0.18999999999999773,0.008021199411469084,2.7458256029684542,98613681.0
2025-03-25,26.75,27.17,27.33,26.5,770300.0,20972569.0,1.5321375186845954,0.41000000000000014,0.0078112893889439134,3.1016442451419968,98613681.0
2025-03-26,27.18,27.36,27.41,26.99,633600.0,17512997.0,0.6993006993006867,0.18999999999999773,0.006425071993813921,1.5458225984541836,98613681.0
2025-03-27,27.2,27.0,27.48,26.9,447700.0,12287663.0,-1.3157894736842035,-0.35999999999999943,0.004539938023406712,2.1198830409356795,98613681.0
2025-03-28,27.0,26.49,27.12,26.46,525100.0,14223361.0,-1.8888888888888955,-0.5100000000000016,0.00532481897719648,2.444444444444445,98613681.0
2025-03-31,26.32,26.1,26.51,25.79,629300.0,16699540.0,-1.4722536806341946,-0.389999999999997,0.006381467496381157,2.718006795016997,98613681.0
2025-04-01,26.1,27.01,27.31,26.1,1187500.0,32548181.0,3.4865900383141746,0.9100000000000001,0.012041939698001944,4.6360153256704875,98613681.0
2025-04-02,27.1,26.87,27.45,26.75,437320.0,11988521.0,-0.5183265457238129,-0.14000000000000057,0.004434678794720177,2.591632728619027,98613681.0
2025-04-03,26.63,27.28,27.31,26.63,799900.0,22011252.0,1.525865277260885,0.41000000000000014,0.008111450580574109,2.53070338667659,98613681.0
2025-04-07,26.71,24.55,26.71,24.55,1246200.0,31858513.0,-10.007331378299122,-2.7300000000000004,0.012637191790863176,7.9178885630498534,98613681.0
2025-04-08,24.55,24.81,25.03,24.14,1318100.0,32990792.0,1.0590631364562064,0.259999999999998,0.0133662995502622,3.625254582484727,98613681.0
2025-04-09,24.71,25.42,25.56,23.16,1389500.0,34448322.0,2.458686013704159,0.610000000000003,0.014090337019262064,9.673518742442559,98613681.0
2025-04-10,25.63,26.15,26.3,25.42,988000.0,26064596.0,2.871754523996839,0.7299999999999969,0.010018893828737618,3.4618410700235995,98613681.0
2025-04-11,25.97,26.12,26.39,25.86,644400.0,17069820.0,-0.11472275334607485,-0.029999999999997584,0.006534590266435749,2.0267686424474234,98613681.0
2025-04-14,26.28,26.84,27.69,26.21,1789200.0,49114959.0,2.7565084226646164,0.7199999999999989,0.01814352716434954,5.666156202143952,98613681.0
2025-04-15,26.66,26.6,26.83,26.05,1167000.0,31281185.0,-0.894187779433675,-0.23999999999999844,0.011834057791636435,2.9061102831594545,98613681.0
2025-04-16,26.47,26.5,26.73,25.63,1032105.0,27422018.0,-0.3759398496240629,-0.10000000000000142,0.010466144144847407,4.135338345864667,98613681.0
2025-04-17,26.5,26.95,27.2,26.05,1641600.0,44898244.0,1.6981132075471583,0.4499999999999993,0.016646777438517887,4.339622641509429,98613681.0
2025-04-18,27.06,26.56,27.19,26.29,856300.0,23145745.0,-1.4471243042671667,-0.39000000000000057,0.008683379337599212,3.3395176252319194,98613681.0
2025-04-21,26.41,26.88,27.02,26.17,957400.0,26020849.0,1.2048192771084265,0.3200000000000003,0.009708592056309103,3.200301204819269,98613681.0
2025-04-22,27.03,27.0,27.06,26.62,730600.0,19963001.0,0.44642857142858094,0.120000000000001,0.007408708331250712,1.6369047619047536,98613681.0
2025-04-23,27.1,26.79,27.1,26.62,707100.0,19184815.0,-0.7777777777777772,-0.21000000000000085,0.007170404682490252,1.7777777777777795,98613681.0
2025-04-24,26.79,26.81,27.05,26.46,832100.0,22639601.0,0.0746547219111493,0.019999999999999574,0.00843797728227993,2.2023142963792455,98613681.0
2025-04-25,26.86,26.75,27.09,26.6,1218500.0,33228840.0,-0.22379709063781172,-0.05999999999999872,0.012356297702749784,1.8276762402088715,98613681.0
2025-04-28,26.75,25.97,26.87,25.41,1390220.0,36660230.0,-2.9158878504672914,-0.7800000000000011,0.014097638237436852,5.457943925233648,98613681.0
2025-04-29,25.85,26.27,26.47,25.64,847000.0,22465022.0,1.1551790527531747,0.3000000000000007,0.00858907193617486,3.195995379283782,98613681.0
2025-04-30,25.79,26.19,26.6,25.79,1130100.0,30142412.0,-0.304529881994664,-0.0799999999999983,0.011459870360178523,3.08336505519605,98613681.0
2025-05-06,26.26,26.49,26.95,26.24,914400.0,24653987.0,1.145475372279492,0.29999999999999716,0.009272547081981454,2.710958381061477,98613681.0
2025-05-07,26.56,26.71,26.9,26.41,1083200.0,29280236.0,0.8305020762551907,0.22000000000000242,0.010984277120737436,1.8497546243865552,98613681.0
2025-05-08,26.66,26.77,26.85,26.54,902700.0,24496272.0,0.2246349681767068,0.05999999999999872,0.00915390228664114,1.1606140022463582,98613681.0
2025-05-09,26.9,26.59,26.9,26.49,713000.0,19280872.0,-0.6723944714232322,-0.17999999999999972,0.0072302341092003244,1.5315651849084801,98613681.0
2025-05-12,26.85,26.39,26.85,26.32,790100.0,21210291.0,-0.7521624670928873,-0.1999999999999993,0.008012072888750598,1.9932305377961683,98613681.0
2025-05-13,26.37,26.06,26.78,26.02,587600.0,15657608.0,-1.2504736642667713,-0.33000000000000185,0.00595860527709132,2.879878741947713,98613681.0
2025-05-14,26.26,25.73,26.26,25.51,844300.0,22055936.0,-1.2663085188027612,-0.3299999999999983,0.008561692368019402,2.8779739063699155,98613681.0
2025-05-15,25.9,25.84,26.01,25.38,716494.0,18690930.0,0.42751651768364596,0.10999999999999943,0.007265665298509646,2.448503692188117,98613681.0
2025-05-16,25.97,25.81,25.97,25.59,409050.0,10700994.0,-0.11609907120743168,-0.030000000000001137,0.004148004575551743,1.4705882352941138,98613681.0
2025-05-19,25.91,26.11,26.4,25.5,806100.0,21303452.0,1.162340178225496,0.3000000000000007,0.008174322181523678,3.487020534676476,98613681.0
2025-05-20,26.18,26.57,26.74,26.03,1171700.0,31505479.0,1.7617770968977542,0.46000000000000085,0.011881718521388529,2.7192646495595456,98613681.0
2025-05-21,26.56,26.22,27.04,26.05,902300.0,24117306.0,-1.3172751223184065,-0.3500000000000014,0.009149846054321814,3.7260067745577663,98613681.0
2025-05-22,26.01,25.77,26.33,25.58,811200.0,21266608.0,-1.7162471395881007,-0.4499999999999993,0.008226039143595097,2.8604118993135015,98613681.0
2025-05-23,25.63,25.65,26.1,25.52,615300.0,16076004.0,-0.465657741559955,-0.120000000000001,0.006239499365204713,2.250679084206449,98613681.0
2025-05-26,25.6,25.88,26.09,25.5,528900.0,13887885.0,0.8966861598440623,0.23000000000000043,0.0053633531842300864,2.300194931773879,98613681.0
2025-05-27,25.96,26.06,26.17,25.82,647300.0,17074442.0,0.6955177743431129,0.17999999999999972,0.00656399795075087,1.352395672333854,98613681.0
2025-05-28,26.0,25.87,26.2,25.69,399300.0,10498561.0,-0.7290867229470366,-0.18999999999999773,0.004049133912768148,1.9570222563315351,98613681.0
2025-05-29,26.08,25.58,26.08,25.53,1137050.0,29663178.0,-1.120989563200625,-0.2900000000000027,0.01153034739672683,2.1260146888287483,98613681.0
2025-05-30,25.47,25.65,25.89,25.38,938000.0,24345501.0,0.2736512900703758,0.07000000000000028,0.009511864788821746,1.9937451133698263,98613681.0
2025-06-03,25.56,25.82,25.85,25.38,1025450.0,26692466.0,0.6627680311890982,0.1700000000000017,0.010398658579634604,1.832358674463947,98613681.0
2025-06-04,25.87,26.16,26.21,25.5,1092200.0,28796038.0,1.3168086754453912,0.33999999999999986,0.011075542347922292,2.749806351665379,98613681.0
2025-06-05,26.27,25.79,26.27,25.52,942800.0,24584020.0,-1.414373088685017,-0.370000000000001,0.009560539576653669,2.86697247706422,98613681.0
2025-06-06,25.79,25.72,25.87,25.61,954500.0,24902954.0,-0.2714230321830158,-0.07000000000000028,0.009679184371993983,1.0081426909654965,98613681.0
2025-06-09,25.8,25.77,25.82,25.62,721594.0,18837329.0,0.19440124416796323,0.05000000000000071,0.007317382260581064,0.7776049766718479,98613681.0
2025-06-10,26.16,25.45,26.16,25.17,909303.0,23575165.0,-1.2417539774932096,-0.3200000000000003,0.00922086054165243,3.84167636786961,98613681.0
2025-06-11,25.42,25.62,25.77,25.34,774575.0,20141087.0,0.6679764243614938,0.1700000000000017,0.00785464037185672,1.6895874263261286,98613681.0
2025-06-12,25.62,25.41,25.63,25.23,857909.0,22125095.0,-0.8196721311475419,-0.21000000000000085,0.008699695532103705,1.5612802498048344,98613681.0
2025-06-13,25.42,25.14,25.42,24.96,835600.0,21330691.0,-1.0625737898465104,-0.2699999999999996,0.00847346931507404,1.8103109012199956,98613681.0
2025-06-16,25.12,25.27,25.32,24.94,622850.0,15921117.0,0.51710421638822,0.129999999999999,0.0063160607502320085,1.511535401750195,98613681.0
2025-06-17,25.81,25.03,25.81,24.74,1143400.0,29046443.0,-0.9497427779976197,-0.23999999999999844,0.011594740084796145,4.234269885239415,98613681.0
2025-06-18,24.83,24.88,25.03,24.66,836300.0,21055151.0,-0.5992808629644464,-0.15000000000000213,0.008480567721632864,1.4782261286456293,98613681.0
2025-06-19,24.91,24.29,24.98,24.21,903600.0,22515033.0,-2.37138263665595,-0.5899999999999999,0.009163028809359626,3.0948553054662367,98613681.0
2025-06-20,24.34,24.31,24.61,24.24,583000.0,14445050.0,0.08233841086866533,0.019999999999999574,0.00591195860541906,1.5232606010704035,98613681.0
2025-06-23,24.54,25.1,25.18,24.12,1276700.0,32234567.0,3.2496914849856173,0.7900000000000027,0.012946479505211859,4.36034553681612,98613681.0
2025-06-24,25.15,25.33,25.5,24.99,747400.0,19184609.0,0.9163346613545675,0.22999999999999687,0.007579070088662444,2.0318725099601656,98613681.0
2025-06-25,25.33,25.32,25.51,25.19,532700.0,13709856.0,-0.0394788787998368,-0.00999999999999801,0.005401887391263693,1.2633241215949478,98613681.0
2025-06-26,25.32,25.31,25.53,25.21,657600.0,16913400.0,-0.03949447077409296,-0.010000000000001563,0.00666844593297354,1.263823064770933,98613681.0
2025-06-27,25.3,25.65,25.67,25.25,752691.0,19489938.0,1.3433425523508458,0.33999999999999986,0.0076327239016663415,1.6594231529039973,98613681.0
2025-06-30,25.69,25.74,25.98,25.47,1095000.0,28617350.0,0.35087719298245723,0.08999999999999986,0.011103935974157582,1.9883040935672576,98613681.0
2025-07-01,25.73,25.73,25.86,25.43,1130758.0,29454883.0,-0.038850038850035684,-0.00999999999999801,0.011466542862343816,1.6705516705516694,98613681.0
2025-07-02,25.88,25.7,25.88,25.43,406400.0,10552244.0,-0.11659541391372263,-0.030000000000001137,0.004121132036436202,1.7489312087057882,98613681.0
2025-07-03,25.77,25.65,25.77,25.61,721200.0,18810908.0,-0.1945525291828787,-0.05000000000000071,0.007313386871746528,0.6225680933852146,98613681.0
2025-07-04,25.67,25.5,25.82,25.45,984700.0,25582944.0,-0.5847953216374213,-0.14999999999999858,0.00998542991210317,1.442495126705657,98613681.0
2025-07-07,25.32,25.44,25.67,25.26,1334709.0,34430620.0,-0.23529411764705577,-0.05999999999999872,0.013534724456741453,1.6078431372549025,98613681.0
2025-07-08,25.44,25.68,25.71,25.14,1183100.0,30764259.0,0.943396226415083,0.23999999999999844,0.011997321142489347,2.24056603773585,98613681.0
2025-07-09,25.62,25.79,25.87,25.6,865500.0,22620687.0,0.42834890965732786,0.10999999999999943,0.008776672680943733,1.051401869158877,98613681.0
2025-07-10,25.82,25.74,25.82,25.48,542800.0,14118790.0,-0.19387359441643826,-0.05000000000000071,0.005504307257326699,1.3183404420317948,98613681.0
2025-07-11,25.82,25.8,25.9,25.6,609000.0,15906753.0,0.2331002331002363,0.060000000000002274,0.006175613706175313,1.1655011655011545,98613681.0
2025-07-14,25.8,26.11,26.13,25.58,971300.0,25624711.0,1.2015503875968836,0.3099999999999987,0.009849546129405716,2.131782945736437,98613681.0
2025-07-15,26.11,25.63,26.11,25.53,639599.0,16662345.0,-1.8383761011106836,-0.4800000000000004,0.006485905338023027,2.2213711221754053,98613681.0
2025-07-16,25.63,26.14,26.17,25.63,1059600.0,27899069.0,1.9898556379243093,0.5100000000000016,0.010744959413897144,2.1069059695669248,98613681.0
2025-07-17,26.11,25.93,26.72,25.77,1014900.0,26935457.0,-0.8033664881407887,-0.21000000000000085,0.010291675452212356,3.6342769701606707,98613681.0
2025-07-18,25.86,25.93,26.1,25.76,459600.0,12100394.0,0.0,0.0,0.004660610934906689,1.3112225221750862,98613681.0
2025-07-21,26.07,26.14,26.39,25.79,779200.0,20621150.0,0.8098727342846113,0.21000000000000085,0.007901540558048939,2.313922097956041,98613681.0
2025-07-22,26.14,26.14,26.35,25.91,769058.0,20387938.0,0.0,0.0,0.007798694787592403,1.6832440703902114,98613681.0
2025-07-23,26.17,25.88,26.21,25.84,663200.0,17552200.0,-0.9946442234123998,-0.26000000000000156,0.006725233185444117,1.4154552410099501,98613681.0
2025-07-24,26.01,26.31,26.46,25.88,1229300.0,32779261.0,1.6615146831530092,0.4299999999999997,0.012465815975371611,2.2411128284389563,98613681.0
2025-07-25,26.38,26.4,26.43,26.19,641000.0,17137398.0,0.3420752565564511,0.08999999999999986,0.0065001122917214705,0.9122006841505073,98613681.0
2025-07-28,26.32,26.24,26.57,26.19,1052800.0,28136827.0,-0.60606060606061,-0.16000000000000014,0.010676003464468587,1.4393939393939357,98613681.0
2025-07-29,26.24,26.2,26.45,25.82,901700.0,23825374.0,-0.1524390243902385,-0.03999999999999915,0.009143761705842824,2.400914634146338,98613681.0
2025-07-30,26.31,26.2,26.36,25.98,900500.0,23897542.0,0.0,0.0,0.009131593008884843,1.4503816793893094,98613681.0
2025-07-31,26.11,25.97,26.31,25.67,824100.0,21688939.0,-0.8778625954198538,-0.23000000000000043,0.008356852635893391,2.442748091603042,98613681.0
2025-08-01,25.77,26.33,26.36,25.65,1577300.0,41816284.0,1.386214863303814,0.35999999999999943,0.015994738093186075,2.7339237581825215,98613681.0
2025-08-04,26.33,26.62,26.85,26.14,1424700.0,38477173.0,1.1014052411697728,0.2900000000000027,0.014447285463362837,2.6965438663121946,98613681.0
2025-08-05,26.79,26.62,26.79,26.5,895100.0,24167595.0,0.0,0.0,0.009076833872573927,1.0894064613072845,98613681.0
2025-08-06,26.69,26.68,26.8,26.38,760400.0,20485050.0,0.22539444027047661,0.05999999999999872,0.007710897639040571,1.5777610818933197,98613681.0
2025-08-07,26.55,26.67,26.85,26.55,774300.0,20993778.0,-0.037481259370308884,-0.00999999999999801,0.007851851712137183,1.124437781109448,98613681.0
2025-08-08,26.78,26.73,26.78,26.38,659100.0,17767679.0,0.22497187851517886,0.05999999999999872,0.006683656804171016,1.4998125234345785,98613681.0
2025-08-11,26.73,26.79,27.05,26.61,918500.0,25048465.0,0.22446689113355678,0.05999999999999872,0.009314123463254557,1.6460905349794286,98613681.0
2025-08-12,26.98,26.87,27.09,26.79,750500.0,20523906.0,0.2986188876446416,0.08000000000000185,0.007610505889137228,1.119820828667416,98613681.0
2025-08-13,27.08,26.88,27.27,26.61,963100.0,26231825.0,0.03721622627463894,0.00999999999999801,0.009766393366859513,2.45627093412728,98613681.0
2025-08-14,27.14,27.16,27.59,26.8,1992700.0,54822322.0,1.041666666666674,0.28000000000000114,0.020207135356807134,2.9389880952380922,98613681.0
2025-08-15,27.25,28.13,28.45,26.91,4870900.0,137364246.0,3.5714285714285587,0.9699999999999989,0.04939375501052435,5.670103092783502,98613681.0
2025-08-18,28.09,27.77,28.18,27.7,2927501.0,82862297.0,-1.2797724848915726,-0.35999999999999943,0.029686560427655065,1.7063633131887679,98613681.0
2025-08-19,27.87,27.75,27.97,27.6,1381759.0,38890903.0,-0.07202016564638036,-0.019999999999999574,0.014011838783302288,1.3323730644580392,98613681.0
2025-08-20,27.8,27.84,27.97,27.61,1138890.0,32065473.0,0.324324324324321,0.08999999999999986,0.011549006065395733,1.2972972972972954,98613681.0
2025-08-21,27.84,27.78,27.93,27.64,987120.0,27849634.0,-0.21551724137930384,-0.05999999999999872,0.010009970117635098,1.0416666666666636,98613681.0
2025-08-22,27.78,27.59,27.94,27.51,1065400.0,29863275.0,-0.683945284377252,-0.19000000000000128,0.010803774782527385,1.5478761699064063,98613681.0
2025-08-25,27.6,28.79,28.92,27.41,2703024.0,77116281.0,4.349401957230881,1.1999999999999993,0.02741023327179116,5.472997462848864,98613681.0
2025-08-26,28.58,28.33,28.6,28.13,1949858.0,56033854.0,-1.5977770059048324,-0.46000000000000085,0.01977269259424562,1.632511288641898,98613681.0
2025-08-27,28.24,27.75,28.51,27.75,1782937.0,50960264.0,-2.047299682315562,-0.5799999999999983,0.018080016706809678,2.6826685492410927,98613681.0
2025-08-28,27.74,26.72,27.92,25.67,3139289.0,85652137.0,-3.711711711711718,-1.0300000000000011,0.03183421375376912,8.108108108108109,98613681.0
2025-08-29,26.73,26.86,27.13,26.49,1769100.0,48191639.0,0.5239520958083776,0.14000000000000057,0.01793970149030336,2.3952095808383254,98613681.0
2025-09-01,26.81,26.49,27.28,26.42,2113304.0,57278157.0,-1.3775130305286654,-0.370000000000001,0.02143012996340741,3.201787043931495,98613681.0
2025-09-02,26.47,26.31,26.62,25.98,1349040.0,35915370.0,-0.6795016987542479,-0.17999999999999972,0.01368004912016214,2.416006040015102,98613681.0
2025-09-03,26.41,25.64,26.61,25.59,1201305.0,31716374.0,-2.546560243253504,-0.6699999999999982,0.012181930415922715,3.8768529076396794,98613681.0
2025-09-04,25.64,26.37,26.57,25.44,1517100.0,40340662.0,2.8471138845553856,0.7300000000000004,0.015384275129127368,4.4071762870514775,98613681.0
2025-09-05,26.4,26.56,26.56,25.92,1035440.0,27599342.0,0.7205157375805848,0.18999999999999773,0.010499962981809796,2.4270003792187977,98613681.0
2025-09-08,26.56,26.82,27.0,26.28,1277140.0,34651983.0,0.9789156626506035,0.26000000000000156,0.012950941360763118,2.710843373493972,98613681.0
2025-09-09,26.89,27.79,28.82,26.75,3718288.0,105553413.0,3.616703952274425,0.9699999999999989,0.0377055998954141,7.718120805369129,98613681.0
2025-09-10,27.99,27.82,28.05,27.42,1702254.0,47860226.0,0.10795250089961073,0.030000000000001137,0.01726184422625903,2.267002518891684,98613681.0
2025-09-11,27.86,27.54,28.0,27.35,1151700.0,32187031.0,-1.0064701653486718,-0.28000000000000114,0.01167890690542218,2.336448598130836,98613681.0
2025-09-12,27.5,27.19,27.87,27.13,1401200.0,38945192.0,-1.2708787218591033,-0.34999999999999787,0.014208981814602378,2.6870007262164197,98613681.0
2025-09-15,27.51,27.76,28.57,27.2,2812800.0,79484968.0,2.0963589554983564,0.5700000000000003,0.028523425669507257,5.038617138653921,98613681.0
2025-09-16,27.67,28.07,28.38,27.52,1752900.0,49751506.0,1.1167146974063291,0.3099999999999987,0.017775424081370617,3.0979827089337153,98613681.0
2025-09-17,28.08,27.67,28.2,27.61,1301858.0,36768657.0,-1.4250089063056581,-0.3999999999999986,0.013201596236935927,2.1018881368008544,98613681.0
2025-09-18,27.77,29.33,30.13,27.77,5943400.0,175418550.0,5.999277195518604,1.6599999999999966,0.060269527916719794,8.529092880375856,98613681.0
2025-09-19,29.12,30.3,30.42,28.94,5047465.0,152257937.0,3.3071939993181143,0.9700000000000024,0.051184226659179266,5.04602795772247,98613681.0
2025-09-22,30.33,30.69,31.8,29.57,4127365.0,128532985.0,1.2871287128712883,0.39000000000000057,0.0418538782666474,7.3597359735973615,98613681.0
2025-09-23,30.55,30.24,31.17,29.55,2631400.0,80656056.0,-1.4662756598240567,-0.45000000000000284,0.026683924312692474,5.278592375366572,98613681.0
2025-09-24,30.24,31.11,31.5,30.09,2609865.0,82176099.0,2.876984126984139,0.870000000000001,0.02646554690520071,4.662698412698414,98613681.0
2025-09-25,31.44,31.04,31.44,30.85,1581700.0,49971362.0,-0.22500803600128405,-0.07000000000000028,0.016039356648698672,1.8964963034394082,98613681.0
2025-09-26,31.09,30.3,31.4,30.21,2852200.0,88360940.0,-2.3840206185566926,-0.7399999999999984,0.028922964552960964,3.8337628865979307,98613681.0
2025-09-29,30.49,31.44,31.71,29.85,2748101.0,85940796.0,3.7623762376237657,1.1400000000000006,0.027867340232436918,6.138613861386136,98613681.0
2025-09-30,31.45,31.96,32.23,31.0,1840200.0,58663758.0,1.653944020356235,0.5199999999999996,0.018660696785063727,3.912213740458005,98613681.0
2025-10-09,31.79,31.15,31.95,30.84,2638900.0,82969457.0,-2.534418022528162,-0.8100000000000023,0.026759978668679855,3.4730913642052545,98613681.0
2025-10-10,30.94,30.51,31.61,30.38,1949700.0,60751033.0,-2.0545746388442976,-0.639999999999997,0.019771090382479487,3.948635634028894,98613681.0
2025-10-13,29.45,30.5,30.71,28.81,2395000.0,72594996.0,-0.032776138970835866,-0.010000000000001563,0.024286691011970236,6.227466404457561,98613681.0
2025-10-14,30.35,30.22,31.15,29.75,1486400.0,45358396.0,-0.9180327868852478,-0.28000000000000114,0.015072959298619022,4.590163934426225,98613681.0
2025-10-15,30.37,31.14,32.41,29.96,2501000.0,78107493.0,3.0443414956982107,0.9200000000000017,0.025361592576591884,8.107213765718054,98613681.0
2025-10-16,30.97,30.93,31.92,30.44,2506900.0,78535185.0,-0.6743737957610851,-0.21000000000000085,0.025421422003301955,4.752729608220939,98613681.0
2025-10-17,30.82,30.74,31.95,30.73,1906900.0,60368228.0,-0.6142903330100258,-0.19000000000000128,0.0193370735243115,3.9443905593275104,98613681.0
2025-10-20,31.14,31.19,31.25,30.42,1484800.0,46159687.0,1.4638906961613518,0.45000000000000284,0.015056734369341714,2.7000650618087128,98613681.0
2025-10-21,31.46,31.28,31.81,30.89,1382100.0,43615691.0,0.2885540237255624,0.08999999999999986,0.014015296721354514,2.949663353638981,98613681.0
2025-10-22,31.24,31.86,31.89,30.95,1613700.0,51159229.0,1.8542199488490896,0.5799999999999983,0.016363855234244832,3.0051150895140704,98613681.0
2025-10-23,31.34,31.22,31.81,30.5,2175200.0,67964198.0,-2.0087884494664143,-0.6400000000000006,0.022057791352500064,4.111738857501565,98613681.0
2025-10-24,31.29,32.33,32.38,31.05,2176300.0,70056627.0,3.5554131966688107,1.1099999999999994,0.022068945991378215,4.26008968609866,98613681.0
2025-10-27,32.6,33.89,33.89,32.04,2329201.0,77621800.0,4.825239715434582,1.5600000000000023,0.023619450936021746,5.722239406124348,98613681.0
2025-10-28,33.7,33.65,33.97,33.12,1969700.0,66810121.0,-0.7081735025081248,-0.240000000000002,0.019973901998445835,2.5081144880495763,98613681.0
2025-10-29,33.71,34.42,34.42,32.95,1931249.0,65703039.0,2.288261515601797,0.7700000000000031,0.01958398652616973,4.368499257057946,98613681.0
2025-10-30,34.5,34.62,35.17,33.79,1706900.0,59448381.0,0.5810575246949279,0.19999999999999574,0.017308957364648013,4.009296920395126,98613681.0
2025-10-31,34.62,38.08,38.08,34.46,3728770.0,140810412.0,9.994222992489888,3.460000000000001,0.03781189346334207,10.456383593298664,98613681.0
2025-11-03,38.67,39.78,40.43,37.68,8086591.0,320942012.0,4.464285714285721,1.7000000000000028,0.08200272941844651,7.221638655462185,98613681.0
2025-11-04,40.26,38.35,40.88,37.68,5908252.0,230481998.0,-3.5947712418300637,-1.4299999999999997,0.05991310678282053,8.044243338360992,98613681.0
2025-11-05,38.16,38.57,39.25,37.68,3268693.0,127462418.0,0.5736636245110782,0.21999999999999886,0.03314644547139458,4.09387222946545,98613681.0
2025-11-06,38.29,37.21,38.48,36.69,4023392.0,151656255.0,-3.5260565206118755,-1.3599999999999994,0.040799531659303945,4.640912626393568,98613681.0
2025-11-07,36.97,36.84,37.69,36.54,2038858.0,76095698.0,-0.9943563558183266,-0.36999999999999744,0.02067520428529587,3.0905670518677737,98613681.0
2025-11-10,36.84,36.95,37.47,36.35,2026758.0,75543471.0,0.2985884907708902,0.10999999999999943,0.02055250325763623,3.0401737242128046,98613681.0
2025-11-11,36.69,37.86,38.06,36.69,2796501.0,106259148.0,2.46278755074425,0.9099999999999966,0.02835814434307548,3.70771312584575,98613681.0
2025-11-12,37.96,36.89,38.26,36.69,2473900.0,93065467.0,-2.5620707871104043,-0.9699999999999989,0.02508678283695748,4.1468568409931335,98613681.0
2025-11-13,36.71,38.13,38.45,35.48,2387200.0,90498803.0,3.3613445378151363,1.240000000000002,0.02420759448174336,8.05096232041205,98613681.0
2025-11-14,38.08,38.29,38.7,37.59,1605800.0,61881884.0,0.41961709939679626,0.1599999999999966,0.016283744645938122,2.911093627065301,98613681.0
2025-11-17,39.18,38.96,39.86,38.0,3096201.0,121989718.0,1.7498041264037756,0.6700000000000017,0.03139727640833121,4.857665186732827,98613681.0
2025-11-18,38.48,38.17,38.95,37.93,1973700.0,76284644.0,-2.027720739219707,-0.7899999999999991,0.020014464321639103,2.6180698151950796,98613681.0
2025-11-19,38.17,37.28,38.2,36.75,1502900.0,56746886.0,-2.331674089599167,-0.8900000000000006,0.01524027888179126,3.798794865077293,98613681.0
2025-11-20,37.68,38.1,38.55,36.68,2336370.0,88727022.0,2.1995708154506355,0.8200000000000003,0.023692148759764886,5.016094420600852,98613681.0
2025-11-21,37.68,35.72,38.02,35.52,2462149.0,90463245.0,-6.2467191601049965,-2.3800000000000026,0.024967620871996454,6.561679790026247,98613681.0
2025-11-24,35.72,36.27,36.83,35.72,1796200.0,65707542.0,1.5397536394176958,0.5500000000000043,0.018214511229937762,3.10750279955207,98613681.0
2025-11-25,36.7,36.97,37.68,36.2,1481200.0,55076999.0,1.9299696719051518,0.6999999999999957,0.015020228278467771,4.080507306313749,98613681.0
2025-11-26,36.99,36.81,37.33,36.67,979900.0,36470216.0,-0.43278333784148026,-0.1599999999999966,0.009936755124271246,1.7852312685961498,98613681.0
2025-11-27,36.84,36.8,37.29,36.32,1089700.0,40345668.0,-0.027166530834021874,-0.010000000000005116,0.0110501908959265,2.635153490899209,98613681.0
2025-11-28,36.6,37.06,37.43,36.41,1789950.0,66708874.0,0.706521739130439,0.2600000000000051,0.018151132599948275,2.771739130434791,98613681.0
2025-12-01,37.59,35.45,37.59,35.25,2325800.0,84159852.0,-4.3443065299514245,-1.6099999999999994,0.023584962820726668,6.314085267134385,98613681.0
2025-12-02,35.8,35.16,35.8,34.7,1921400.0,68105215.0,-0.8180535966149649,-0.29000000000000625,0.019484111945887103,3.102961918194624,98613681.0
2025-12-03,35.16,35.27,35.55,34.83,1376700.0,48899933.0,0.31285551763369224,0.11000000000000654,0.0139605375850436,2.047781569965867,98613681.0
2025-12-04,34.92,34.52,35.62,34.36,1658600.0,58302829.0,-2.126453076268786,-0.75,0.016819167312089284,3.572441168131551,98613681.0
2025-12-05,34.56,34.28,34.77,33.93,1715800.0,59313567.0,-0.6952491309385911,-0.240000000000002,0.01739920853375304,2.4333719582850617,98613681.0
2025-12-08,34.43,34.35,34.91,33.88,1796300.0,62239055.0,0.20420070011668567,0.07000000000000028,0.018215525288017592,3.004667444574078,98613681.0
2025-12-09,34.17,35.17,35.36,33.97,2044500.0,71746102.0,2.387190684133911,0.8200000000000003,0.02073241744215998,4.0465793304221265,98613681.0
2025-12-10,34.71,35.72,36.88,34.68,2078900.0,75278904.0,1.563832812055721,0.5499999999999972,0.021081253421622096,6.255331248222926,98613681.0
2025-12-11,35.89,34.82,35.9,34.73,1547700.0,54813503.0,-2.519596864501672,-0.8999999999999986,0.01569457690155588,3.275475923852188,98613681.0
2025-12-12,34.83,34.82,35.34,34.26,1792372.0,62925881.0,0.0,0.0,0.0181756930866418,3.1016657093624507,98613681.0
2025-12-15,34.29,35.59,35.64,34.22,1812300.0,64011248.0,2.2113727742676614,0.7700000000000031,0.018377774580790672,4.078116025272836,98613681.0
2025-12-16,35.74,35.18,36.19,34.92,1361800.0,48596745.0,-1.1520089912896991,-0.4100000000000037,0.01380944293114867,3.568418094970486,98613681.0
2025-12-17,35.03,35.58,35.7,34.3,1323500.0,46693067.0,1.1370096645821448,0.3999999999999986,0.013421058686573114,3.9795338260375375,98613681.0
2025-12-18,35.2,33.22,35.61,32.38,3893700.0,132456643.0,-6.6329398538504725,-2.3599999999999994,0.03948437945440856,9.078133783024162,98613681.0
2025-12-19,33.12,33.37,33.7,32.14,3021400.0,100564184.0,0.4515352197471456,0.14999999999999858,0.030638750824036273,4.6959662853702655,98613681.0
2025-12-22,33.22,33.22,33.66,32.63,1963600.0,65370745.0,-0.44950554390170705,-0.14999999999999858,0.019912044455576098,3.0866047347917114,98613681.0
2025-12-23,33.19,33.16,33.39,32.73,1279300.0,42691778.0,-0.18061408789886713,-0.060000000000002274,0.012972845015287483,1.9867549668874285,98613681.0
2025-12-24,32.97,34.66,34.66,32.92,2023500.0,68761113.0,4.523522316043427,1.5,0.020519465245395312,5.247285886610359,98613681.0
2025-12-25,34.32,36.97,37.09,34.32,3968100.0,145260666.0,6.664743219849978,2.3100000000000023,0.04023883866580338,7.991921523369888,98613681.0
2025-12-26,36.57,36.37,36.66,35.43,2898200.0,105797577.0,-1.6229375169055982,-0.6000000000000014,0.029389431269683564,3.32702190965647,98613681.0
2025-12-29,36.61,36.59,37.29,35.97,2403800.0,89259020.0,0.6048941435248922,0.22000000000000597,0.024375928122995428,3.6293648611493,98613681.0
2025-12-30,36.6,36.52,37.27,36.24,1994900.0,73894408.0,-0.19130910084722563,-0.07000000000000028,0.020229444634563432,2.814976769609186,98613681.0
2025-12-31,36.47,36.36,37.27,35.2,3390498.0,124220029.0,-0.4381161007667167,-0.1600000000000037,0.03438161891553364,5.668127053669222,98613681.0
2026-01-05,36.29,37.68,38.49,36.2,2936958.0,111859601.0,3.630363036303641,1.3200000000000003,0.029782459900264752,6.298129812981296,98613681.0
2026-01-06,37.99,38.18,39.17,37.56,2485200.0,96749744.0,1.3269639065817351,0.5,0.025201371399978467,4.272823779193204,98613681.0
2026-01-07,38.07,37.39,38.52,37.24,1360900.0,51766095.0,-2.0691461498166586,-0.7899999999999991,0.013800316408430185,3.3525405971712967,98613681.0
2026-01-08,37.31,36.79,37.82,36.37,2138500.0,79781417.0,-1.6047071409467817,-0.6000000000000014,0.021685632037201814,3.8780422572880524,98613681.0
2026-01-09,36.78,36.87,37.88,36.74,1635140.0,61430063.0,0.2174503941288375,0.0799999999999983,0.016581269286560757,3.0986681163359626,98613681.0
2026-01-12,37.23,37.53,37.64,36.77,2036000.0,76476535.0,1.7900732302685185,0.6600000000000037,0.02064622250537428,2.3596419853539397,98613681.0
2026-01-13,37.78,38.46,40.01,37.33,4338941.0,169781551.0,2.478017585931247,0.9299999999999997,0.04399938178963221,7.140953903543831,98613681.0
2026-01-14,40.16,37.67,40.16,35.71,6825141.0,260876207.0,-2.0540821632865303,-0.7899999999999991,0.069210893770409,11.570462818512729,98613681.0
2026-01-15,37.58,38.38,38.76,36.49,3124701.0,119984917.0,1.8847889567294995,0.7100000000000009,0.03168628296108326,6.026015396867523,98613681.0
2026-01-16,38.87,38.11,38.87,37.51,1732350.0,66367638.0,-0.7034914017717608,-0.2700000000000031,0.017567035145965193,3.5435122459614368,98613681.0
2026-01-19,38.16,36.59,38.3,35.98,3786558.0,140140195.0,-3.9884544738913563,-1.519999999999996,0.03839789734651523,6.087641039097351,98613681.0
2026-01-20,36.41,36.62,37.15,35.82,1945101.0,71736988.0,0.08198961464880306,0.02999999999999403,0.019724453851388025,3.6348729160972892,98613681.0
2026-01-21,36.48,37.68,37.79,36.2,1931800.0,72459469.0,2.894593118514477,1.0600000000000023,0.019589573986189605,4.341889677771699,98613681.0
2026-01-22,37.87,38.08,39.24,37.19,2926540.0,113229270.0,1.0615711252653925,0.3999999999999986,0.02967681532950788,5.44055201698515,98613681.0
2026-01-23,38.42,38.66,39.37,37.84,2122400.0,82398777.0,1.5231092436974736,0.5799999999999983,0.021522368686348905,4.017857142857127,98613681.0
2026-01-26,38.67,37.06,39.17,36.66,2677400.0,101361444.0,-4.13864459389548,-1.5999999999999943,0.027150391029415077,6.492498706673579,98613681.0
2026-01-27,37.18,36.95,37.59,36.51,1455300.0,54301640.0,-0.2968159740960541,-0.10999999999999943,0.01475758723579135,2.914193200215881,98613681.0
2026-01-28,36.69,35.61,37.06,35.3,1919900.0,69441035.0,-3.6265223274695613,-1.3400000000000034,0.019468901074689626,4.763193504736144,98613681.0
2026-01-29,35.61,34.87,35.78,34.2,1754100.0,61352253.0,-2.0780679584386452,-0.740000000000002,0.017787592778328597,4.436955911260878,98613681.0
2026-01-30,34.8,34.85,35.35,34.58,1475800.0,51553113.0,-0.05735589331802293,-0.01999999999999602,0.014965469142156858,2.208201892744489,98613681.0
2026-02-02,34.85,34.31,35.67,34.08,1649100.0,57693003.0,-1.5494978479196564,-0.5399999999999991,0.016722831794505268,4.562410329985663,98613681.0
2026-02-03,34.68,34.29,34.76,33.54,1553700.0,52674276.0,-0.05829204313612113,-0.020000000000003126,0.015755420386345784,3.5558146313028236,98613681.0
2026-02-04,33.96,34.58,35.3,33.8,1518500.0,52527765.0,0.8457276173811534,0.28999999999999915,0.015398471942245012,4.374453193350831,98613681.0
2026-02-05,34.58,35.97,36.3,34.23,2159000.0,76666917.0,4.019664545980328,1.3900000000000006,0.02189351394356732,5.986119144013882,98613681.0
2026-02-06,35.9,38.81,38.88,35.84,5140800.0,194462152.0,7.895468445927167,2.8400000000000034,0.052130697767990224,8.451487350569916,98613681.0
2026-02-09,38.9,35.78,38.9,34.93,9209200.0,324811253.0,-7.807266168513271,-3.030000000000001,0.09338663668786484,10.229322339603192,98613681.0
2026-02-10,34.85,34.82,34.85,32.96,6928500.0,234907822.0,-2.683063163778654,-0.9600000000000009,0.07025901406114228,5.282280603689213,98613681.0
2026-02-11,33.38,33.97,34.18,33.38,2824200.0,95616610.0,-2.4411257897759997,-0.8500000000000014,0.028639028290608076,2.297530155083277,98613681.0
2026-02-12,33.87,33.4,33.97,32.98,2054400.0,68709419.0,-1.6779511333529618,-0.5700000000000003,0.02083280919206332,2.9143361789814604,98613681.0
2026-02-13,33.17,33.15,33.58,32.69,2030450.0,67113936.0,-0.7485029940119792,-0.25,0.020589942281943618,2.6646706586826365,98613681.0
2026-02-24,33.44,33.67,33.74,33.28,1871800.0,62787722.0,1.5686274509804088,0.5200000000000031,0.018981139138290557,1.3876319758672726,98613681.0
2026-02-25,33.62,33.7,33.99,33.5,1509600.0,50911818.0,0.08910008910010259,0.030000000000001137,0.015308220773139987,1.4553014553014612,98613681.0
2026-02-26,33.7,33.09,33.8,32.96,2395600.0,79544220.0,-1.8100890207715103,-0.6099999999999994,0.024292775360449225,2.492581602373876,98613681.0
2026-02-27,33.02,33.01,33.5,32.8,1734400.0,57431530.0,-0.24176488365066362,-0.0800000000000054,0.017587823336601745,2.1154427319431934,98613681.0
2026-03-02,32.51,31.66,32.81,31.07,3102200.0,98161119.0,-4.089669797031192,-1.3499999999999979,0.03145810975254032,5.271129960618001,98613681.0
2026-03-03,31.19,29.83,31.72,29.8,2932550.0,89863456.0,-5.780164245104236,-1.8300000000000018,0.02973776022010577,6.064434617814271,98613681.0
2026-03-04,29.72,29.7,30.19,29.42,2143483.0,63917636.0,-0.43580288300368863,-0.129999999999999,0.02173616255131983,2.581293999329533,98613681.0
2026-03-05,29.97,29.73,30.11,29.45,1383183.0,41135800.0,0.10101010101011276,0.030000000000001137,0.014026278970359093,2.2222222222222228,98613681.0
2026-03-06,29.72,30.67,31.05,29.61,2404900.0,72990734.0,3.161789438277829,0.9400000000000013,0.02438708276187358,4.843592330978814,98613681.0
2026-03-09,30.4,30.25,30.4,29.66,1709700.0,51335868.0,-1.3694163677861138,-0.4200000000000017,0.017337350990883304,2.412781219432665,98613681.0
2026-03-10,30.47,31.27,31.27,30.35,1581700.0,48910871.0,3.3719008264462724,1.0199999999999996,0.016039356648698672,3.0413223140495806,98613681.0
2026-03-11,31.27,30.64,31.35,30.16,1872900.0,57273763.0,-2.0147105852254543,-0.629999999999999,0.018992293777168708,3.8055644387591987,98613681.0
2026-03-12,30.6,30.05,30.64,29.96,1354900.0,40923546.0,-1.9255874673629214,-0.5899999999999999,0.013739472923640281,2.219321148825064,98613681.0
2026-03-13,30.17,29.84,30.39,29.81,989100.0,29787878.0,-0.6988352745424309,-0.21000000000000085,0.010030048467615767,1.9301164725457631,98613681.0
2026-03-16,29.75,30.1,30.34,29.7,1516200.0,45636999.0,0.8713136729222581,0.26000000000000156,0.015375148606408881,2.1447721179624684,98613681.0
2026-03-17,30.09,29.55,30.3,29.54,904800.0,27083888.0,-1.82724252491695,-0.5500000000000007,0.009175197506317607,2.5249169435215997,98613681.0
2026-03-18,29.57,29.73,29.73,29.29,903600.0,26665148.0,0.6091370558375608,0.17999999999999972,0.009163028809359626,1.4890016920473816,98613681.0
2026-03-19,29.67,28.96,29.77,28.89,946400.0,27615725.0,-2.5899764547595017,-0.7699999999999996,0.009597045667527612,2.9599730911537137,98613681.0
2026-03-20,29.11,28.19,29.22,28.13,1337400.0,38311662.0,-2.6588397790055285,-0.7699999999999996,0.013562012759669726,3.763812154696132,98613681.0
2026-03-23,27.8,26.95,27.86,26.38,1993417.0,54312174.0,-4.398722951401213,-1.240000000000002,0.02021440615323953,5.250088683930473,98613681.0
2026-03-24,27.33,27.85,27.91,26.55,1849630.0,50201689.0,3.3395176252319247,0.9000000000000021,0.01875632246199186,5.04638218923933,98613681.0
2026-03-25,28.12,28.39,28.39,27.85,1434300.0,40263320.0,1.9389587073608494,0.5399999999999991,0.014544635039026685,1.9389587073608585,98613681.0
2026-03-26,28.44,27.67,28.95,27.5,1600800.0,45015613.0,-2.5361042620640983,-0.7199999999999989,0.016233041741946536,5.107432194434657,98613681.0
2026-03-27,27.5,28.11,28.22,27.43,1051000.0,29376623.0,1.5901698590531144,0.4399999999999977,0.010657750419031616,2.855077701481746,98613681.0
2026-03-30,27.93,28.47,28.5,27.93,1244600.0,35138409.0,1.2806830309498363,0.35999999999999943,0.01262096686158587,2.0277481323372473,98613681.0
2026-03-31,28.34,27.7,28.58,27.68,944500.0,26636036.0,-2.7046013347383213,-0.7699999999999996,0.009577778564010809,3.1612223393045267,98613681.0
2026-04-01,28.1,28.58,28.77,27.92,2699050.0,76752071.0,3.1768953068592065,0.879999999999999,0.02736993460369865,3.068592057761725,98613681.0
2026-04-02,28.6,27.92,28.6,27.75,1427584.0,40307415.0,-2.309307207837641,-0.6599999999999966,0.014476530898385185,2.9741077676697043,98613681.0
2026-04-03,28.09,27.37,28.09,27.36,1042700.0,28756589.0,-1.9699140401146176,-0.5500000000000007,0.01057358359840558,2.614613180515761,98613681.0
2026-04-07,27.37,27.81,28.09,27.22,1254033.0,34803133.0,1.607599561563755,0.4399999999999977,0.012716622960256397,3.1786627694556118,98613681.0
2026-04-08,28.09,28.66,28.78,28.09,1293600.0,36991294.0,3.0564545127651943,0.8500000000000014,0.013117855320703423,2.4811218985976313,98613681.0
2026-04-09,28.68,28.25,28.68,28.19,878200.0,24934959.0,-1.4305652477320296,-0.41000000000000014,0.008905458057082363,1.709699930216324,98613681.0
2026-04-10,28.35,28.76,29.05,28.35,1110000.0,31989224.0,1.8053097345132718,0.5100000000000016,0.011256044686132343,2.477876106194688,98613681.0
2026-04-13,29.01,28.41,29.08,28.0,1226200.0,34684074.0,-1.2169680111265735,-0.3500000000000014,0.012434380174896828,3.7552155771905364,98613681.0
2026-04-14,28.69,28.63,28.73,28.2,1026600.0,29323560.0,0.774375219992951,0.21999999999999886,0.01041032024755267,1.8655403027103172,98613681.0
2026-04-15,28.7,28.35,28.79,28.33,762700.0,21727330.0,-0.9779951100244433,-0.2799999999999976,0.007734220974876701,1.6067062521830278,98613681.0
2026-04-16,28.34,28.74,28.84,28.16,823700.0,23518295.0,1.3756613756613634,0.389999999999997,0.008352796403574064,2.398589065255731,98613681.0
2026-04-17,28.9,28.71,28.95,28.5,810000.0,23229000.0,-0.10438413361167909,-0.029999999999997584,0.008213870446637116,1.5657620041753628,98613681.0
2026-04-20,28.68,28.75,28.76,28.25,1110084.0,31631009.0,0.13932427725531493,0.03999999999999915,0.011256896494919401,1.77638453500523,98613681.0
2026-04-21,28.88,28.52,28.91,28.46,1104300.0,31666341.0,-0.8000000000000007,-0.23000000000000043,0.011198243375581934,1.5652173913043455,98613681.0
2026-04-22,28.73,28.52,28.73,28.34,1115700.0,31820022.0,0.0,0.0,0.011313845996682753,1.367461430575037,98613681.0
2026-04-23,28.75,28.08,28.75,28.0,1253778.0,35496657.0,-1.5427769985974837,-0.4400000000000013,0.012714037112152826,2.6297335203366057,98613681.0
2026-04-24,28.02,28.4,28.59,27.7,1087622.0,30675425.0,1.139601139601143,0.3200000000000003,0.011029118769027596,3.169515669515672,98613681.0
2026-04-27,28.16,28.22,28.5,27.16,1774726.0,49293885.0,-0.6338028169014076,-0.17999999999999972,0.017996752397874693,4.71830985915493,98613681.0
2026-04-28,28.22,28.19,28.55,27.87,1424900.0,40119505.0,-0.1063075832742677,-0.029999999999997584,0.014449313579522501,2.4096385542168663,98613681.0
2026-04-29,28.19,29.03,29.15,27.94,1901000.0,54596546.0,2.979780063852422,0.8399999999999999,0.019277244097601426,4.292302234835038,98613681.0
2026-04-30,29.0,29.09,29.22,28.59,1855500.0,53629054.0,0.20668274199104886,0.05999999999999872,0.018815847671277985,2.1701687909059557,98613681.0
2026-05-06,29.09,28.93,29.3,28.38,2173100.0,62557953.0,-0.5500171880371219,-0.16000000000000014,0.0220364961328236,3.162598831213481,98613681.0
2026-05-07,28.93,29.29,29.45,28.7,1840000.0,53686830.0,1.2443829934324135,0.35999999999999943,0.018658668668904064,2.5924645696508817,98613681.0
2026-05-08,29.29,29.48,29.55,29.07,1272427.0,37308356.0,0.648685558211004,0.19000000000000128,0.012903148803460648,1.638784568111985,98613681.0
2026-05-11,29.43,29.07,29.45,28.76,1427300.0,41433200.0,-1.3907734056987753,-0.41000000000000014,0.014473650973438463,2.340569877883303,98613681.0
2026-05-12,29.04,28.6,29.13,28.41,1120800.0,32087072.0,-1.6167870657034733,-0.46999999999999886,0.01136556295875417,2.47678018575851,98613681.0
2026-05-13,28.65,28.58,28.74,28.22,1283500.0,36609173.0,-0.06993006993007977,-0.020000000000003126,0.013015435454640416,1.8181818181818168,98613681.0
2026-05-14,28.61,27.87,28.68,27.87,1436100.0,40437259.0,-2.4842547235829127,-0.7099999999999973,0.014562888084463656,2.8341497550734736,98613681.0
2026-05-15,28.68,27.65,28.68,27.4,1920800.0,53180274.0,-0.7893792608539729,-0.22000000000000242,0.01947802759740811,4.5927520631503445,98613681.0
2026-05-18,27.65,27.8,27.91,27.3,1727400.0,47712569.0,0.5424954792043524,0.15000000000000213,0.017516839271013523,2.2061482820976472,98613681.0
2026-05-19,27.8,27.94,28.13,27.63,1262400.0,35222936.0,0.5035971223021685,0.14000000000000057,0.012801469199795919,1.7985611510791366,98613681.0
2026-05-20,27.9,28.03,28.28,27.51,1324860.0,37122569.0,0.3221188260558394,0.08999999999999986,0.013434849876458824,2.755905511811022,98613681.0
2026-05-21,28.0,27.42,28.7,27.33,2239900.0,63222892.0,-2.1762397431323577,-0.6099999999999994,0.0227138869301512,4.887620406707103,98613681.0
2026-05-22,27.57,27.5,28.15,27.2,1654400.0,45570534.0,0.29175784099197966,0.0799999999999983,0.01677657687273635,3.46462436177972,98613681.0
2026-05-25,27.48,27.37,28.01,26.81,1896700.0,51829855.0,-0.4727272727272691,-0.129999999999999,0.01923363960016866,4.363636363636374,98613681.0
2026-05-26,27.06,26.71,27.42,26.64,1337800.0,35946057.0,-2.4113993423456326,-0.6600000000000001,0.013566068991989052,2.84983558640848,98613681.0
2026-05-27,26.71,26.11,26.89,25.83,1814300.0,47432316.0,-2.2463496817671347,-0.6000000000000014,0.018398055742387308,3.9685511044552686,98613681.0
2026-05-28,25.97,26.03,26.27,25.4,1321295.0,34207650.0,-0.3063960168517732,-0.0799999999999983,0.013398698705912824,3.3320566832631218,98613681.0
2026-05-29,25.99,25.26,26.18,25.05,1808300.0,46256635.0,-2.9581252401075675,-0.7699999999999996,0.0183372122575974,4.341144832885129,98613681.0
2026-06-01,25.18,26.41,26.55,25.0,2065600.0,53917558.0,4.552652414885183,1.1499999999999986,0.020946383697004474,6.136183689627873,98613681.0
2026-06-02,26.63,25.8,26.65,25.41,1477000.0,37981418.0,-2.3097311624384664,-0.6099999999999994,0.014977637839114839,4.695191215448688,98613681.0
2026-06-03,25.79,24.99,25.8,24.91,1234096.0,31011723.0,-3.1395348837209403,-0.8100000000000023,0.012514450200880342,3.4496124031007778,98613681.0
2026-06-04,24.98,24.47,25.12,24.06,874600.0,21364775.0,-2.080832332933169,-0.5199999999999996,0.00886895196620842,4.241696678671477,98613681.0
2026-06-05,24.03,24.95,25.05,24.03,1080500.0,26648122.0,1.96158561503883,0.4800000000000004,0.010956897552581979,4.1683694319574975,98613681.0
2026-06-08,24.48,24.43,24.93,23.95,1070484.0,26166546.0,-2.084168336673342,-0.5199999999999996,0.010855329495306031,3.9278557114228474,98613681.0
2026-06-09,24.47,25.1,25.44,24.17,1204000.0,30064011.0,2.7425296766271146,0.6700000000000017,0.012209259281174181,5.198526401964796,98613681.0
2026-06-10,24.5,25.93,26.09,24.5,1646326.0,42130205.0,3.3067729083665176,0.8299999999999983,0.016694701823370735,6.334661354581672,98613681.0
2026-06-11,25.8,26.56,26.66,25.21,1963700.0,51443885.0,2.429618202853834,0.629999999999999,0.01991305851365593,5.59197840339375,98613681.0
2026-06-12,26.84,26.72,27.17,26.3,1940000.0,51797089.0,0.6024096385542244,0.16000000000000014,0.019672726748735807,3.2756024096385583,98613681.0
2026-06-15,26.87,26.44,27.1,26.28,2009100.0,53625466.0,-1.0479041916167553,-0.2799999999999976,0.020373440881899543,3.0688622754491033,98613681.0
2026-06-16,26.39,25.61,26.45,25.39,1083700.0,27841934.0,-3.1391830559758027,-0.8300000000000018,0.010989347411136595,4.009077155824503,98613681.0
2026-06-17,25.61,25.24,25.72,25.04,1067010.0,27010960.0,-1.4447481452557587,-0.370000000000001,0.010820101117612677,2.6552128074970707,98613681.0
2026-06-18,25.59,25.0,25.59,24.8,1008400.0,25226266.0,-0.9508716323296307,-0.23999999999999844,0.010225761677023293,3.1299524564183807,98613681.0
2026-06-22,25.1,24.37,25.1,23.5,1470650.0,35360285.0,-2.52,-0.629999999999999,0.014913245151045524,6.400000000000006,98613681.0
2026-06-23,24.06,24.8,25.15,24.06,1171000.0,29128907.0,1.764464505539598,0.4299999999999997,0.011874620114829705,4.472712351251538,98613681.0
