date,open,close,high,low,volume,amount,pct_chg,change,turnover,amplitude,outstanding_share
2023-06-26,20.36,19.49,20.5,19.34,3410552.0,70382045.0,,,0.008508933028450474,,400820172.0
2023-06-27,19.41,19.59,19.7,19.37,1766145.0,36021809.0,0.5130836326321164,0.10000000000000142,0.004406327633630176,1.6931759876859842,400820172.0
2023-06-28,19.59,19.6,19.65,19.03,2146920.0,43362914.0,0.051046452271585885,0.010000000000001563,0.005356317246428406,3.164880040837149,400820172.0
2023-06-29,19.6,19.96,20.04,19.53,1927764.0,40097593.0,1.8367346938775508,0.35999999999999943,0.004809548357760796,2.6020408163265203,400820172.0
2023-06-30,19.94,20.45,20.61,19.94,2422506.0,50854039.0,2.4549098196392727,0.48999999999999844,0.006043872462586539,3.3567134268536982,400820172.0
2023-07-03,20.54,20.38,20.85,20.34,1818568.0,38457559.0,-0.3422982885085579,-0.07000000000000028,0.004537116959273197,2.493887530562355,400820172.0
2023-07-04,20.38,20.76,20.91,20.27,2070396.0,44157268.0,1.864573110893053,0.38000000000000256,0.005165398711519938,3.140333660451426,400820172.0
2023-07-05,20.77,20.61,20.87,20.58,1271065.0,27064719.0,-0.7225433526011682,-0.15000000000000213,0.0031711602578724505,1.396917148362248,400820172.0
2023-07-06,20.69,20.86,21.15,20.52,2307825.0,49768162.0,1.2130033964095066,0.25,0.005757756623087323,3.05676855895196,400820172.0
2023-07-07,20.91,20.67,20.92,20.42,1695970.0,36057884.0,-0.9108341323106339,-0.18999999999999773,0.004231249119867151,2.3969319271332696,400820172.0
2023-07-10,20.75,20.5,20.88,20.45,1228113.0,26075988.0,-0.8224479922593231,-0.1700000000000017,0.00306399998251585,2.080309627479437,400820172.0
2023-07-11,20.61,20.92,20.98,20.47,1770369.0,38065116.0,2.04878048780488,0.4200000000000017,0.004416866025395548,2.487804878048788,400820172.0
2023-07-12,20.93,20.62,20.93,20.54,1492831.0,31871826.0,-1.4340344168260022,-0.3000000000000007,0.0037244407948609933,1.8642447418738075,400820172.0
2023-07-13,20.65,21.14,21.22,20.6,2890143.0,62614411.0,2.5218234723569433,0.5199999999999996,0.007210572725366726,3.0067895247332563,400820172.0
2023-07-14,21.23,21.1,21.32,21.07,1397669.0,30437435.0,-0.18921475875117721,-0.03999999999999915,0.003487022604241585,1.1825922421948913,400820172.0
2023-07-17,21.08,21.34,21.37,20.93,2552965.0,55621902.0,1.1374407582938284,0.23999999999999844,0.006369352588372224,2.085308056872044,400820172.0
2023-07-18,21.27,21.47,21.57,21.16,2234036.0,49243928.0,0.6091846298031722,0.129999999999999,0.005573661597051557,1.9212746016869735,400820172.0
2023-07-19,21.38,21.59,21.6,21.26,1657118.0,36692682.0,0.5589194224499439,0.120000000000001,0.004134317870608568,1.5836050302748015,400820172.0
2023-07-20,21.45,21.05,21.83,21.01,2417855.0,52836848.0,-2.501157943492349,-0.5399999999999991,0.006032268755176324,3.798054654932824,400820172.0
2023-07-21,20.99,21.0,21.23,20.86,1733689.0,37632097.0,-0.23752969121140222,-0.05000000000000071,0.004325353665084501,1.757719714964375,400820172.0
2023-07-24,21.1,21.14,21.2,20.86,1359164.0,29487228.0,0.6666666666666599,0.14000000000000057,0.0033909570798747123,1.6190476190476182,400820172.0
2023-07-25,21.17,21.39,21.46,21.14,1915053.0,41990155.0,1.182592242194902,0.25,0.004777835881972527,1.5137180700094621,400820172.0
2023-07-26,21.38,21.57,21.71,21.26,2043691.0,45275928.0,0.8415147265077083,0.17999999999999972,0.0050987728232400435,2.103786816269281,400820172.0
2023-07-27,21.53,21.42,21.8,21.36,1939611.0,43193316.0,-0.6954102920723182,-0.14999999999999858,0.00483910525341524,2.0398701900788194,400820172.0
2023-07-28,21.58,22.01,22.63,21.39,4609285.0,104890290.0,2.754435107376274,0.5899999999999999,0.011499633306878577,5.788982259570487,400820172.0
2023-07-31,21.75,22.63,23.59,21.75,5953482.0,140027109.0,2.8169014084507005,0.6199999999999974,0.014853249451726697,8.359836437982734,400820172.0
2023-08-01,22.36,22.06,22.63,21.96,3354150.0,76600107.0,-2.5187803800265196,-0.5700000000000003,0.008368216557723547,2.960671674767999,400820172.0
2023-08-02,22.07,22.0,22.14,21.86,1664700.0,37740255.0,-0.27198549410697437,-0.05999999999999872,0.004153234084236659,1.2692656391659163,400820172.0
2023-08-03,21.9,22.01,22.22,21.69,1932000.0,43682545.0,0.04545454545454852,0.010000000000001563,0.004820116688139139,2.409090909090898,400820172.0
2023-08-04,22.04,21.91,22.22,21.81,1415788.0,32034079.0,-0.45433893684689863,-0.10000000000000142,0.0035322274149415813,1.8627896410722404,400820172.0
2023-08-07,21.77,21.81,21.9,21.58,1718340.0,38403764.0,-0.45641259698768755,-0.10000000000000142,0.004287059684211701,1.460520310360567,400820172.0
2023-08-08,21.76,21.22,21.81,20.99,3094570.0,67714183.0,-2.705181109582755,-0.5899999999999999,0.00772059446149831,3.759743237047228,400820172.0
2023-08-09,21.2,21.4,21.54,21.2,2140837.0,47082587.0,0.8482563619227168,0.17999999999999972,0.005341140864537127,1.6022620169651267,400820172.0
2023-08-10,21.44,21.61,21.66,21.3,1728730.0,38272184.0,0.9813084112149539,0.21000000000000085,0.004312981533274728,1.6822429906542031,400820172.0
2023-08-11,21.64,21.03,21.71,20.99,1647531.0,36038220.0,-2.6839426191577864,-0.5799999999999983,0.0041103994137301056,3.331790837575208,400820172.0
2023-08-14,20.95,20.8,21.06,20.47,1441500.0,30675801.0,-1.0936757013789822,-0.23000000000000043,0.0035963758829982238,2.8055159296243453,400820172.0
2023-08-15,20.8,20.54,20.88,20.26,1829900.0,38587194.0,-1.2500000000000067,-0.26000000000000156,0.004565388989454353,2.9807692307692184,400820172.0
2023-08-16,20.47,20.86,21.26,20.44,1920530.0,41445477.0,1.5579357351509282,0.3200000000000003,0.004791500363908831,3.9922103213242464,400820172.0
2023-08-17,20.83,21.17,21.21,20.66,1322777.0,28511240.0,1.4860977948226273,0.3100000000000023,0.0033001757206970114,2.6366251198465998,400820172.0
2023-08-18,21.02,21.11,21.61,21.02,2237677.0,49238773.0,-0.28341993386868936,-0.060000000000002274,0.00558274547120348,2.7869626830420398,400820172.0
2023-08-21,21.18,20.68,21.48,20.67,1304909.0,28333049.0,-2.0369493131217387,-0.4299999999999997,0.0032555971259849666,3.8370440549502547,400820172.0
2023-08-22,20.91,20.88,20.98,20.17,1992604.0,42117696.0,0.9671179883945724,0.1999999999999993,0.004971316663174328,3.9168278529980594,400820172.0
2023-08-23,20.69,20.52,20.78,20.32,911800.0,19260443.0,-1.724137931034475,-0.35999999999999943,0.002274835608822602,2.203065134099621,400820172.0
2023-08-24,20.5,20.59,20.95,20.39,1021200.0,21748077.0,0.3411306042885087,0.07000000000000028,0.0025477759637306877,2.7290448343079863,400820172.0
2023-08-25,20.67,20.1,20.67,19.79,1532860.0,31779685.0,-2.3797960174842037,-0.48999999999999844,0.0038243085230750314,4.273919378339012,400820172.0
2023-08-28,21.12,19.7,21.12,19.62,2061617.0,43176915.0,-1.9900497512437942,-0.40000000000000213,0.00514349612124811,7.462686567164178,400820172.0
2023-08-29,19.76,21.27,21.27,19.72,3660711.0,78051443.0,7.969543147208125,1.5700000000000003,0.009133050818609998,7.868020304568532,400820172.0
2023-08-30,21.47,21.36,21.63,21.08,2316900.0,50956981.0,0.42313117066290484,0.08999999999999986,0.005780397699145741,2.5858015984955367,400820172.0
2023-08-31,21.36,21.34,21.53,21.04,1525940.0,33509481.0,-0.0936329588014928,-0.019999999999999574,0.0038070439229291085,2.2940074906367136,400820172.0
2023-09-01,21.28,21.16,21.6,21.02,1139148.0,24859125.0,-0.8434864104967188,-0.17999999999999972,0.0028420425906109338,2.7179006560449945,400820172.0
2023-09-04,21.27,21.41,21.44,21.0,1457050.0,31868598.0,1.1814744801512234,0.25,0.003635171335638267,2.0793950850661687,400820172.0
2023-09-05,21.41,21.64,21.8,21.27,1916139.0,42614392.0,1.0742643624474635,0.23000000000000043,0.004780545326446295,2.475478748248487,400820172.0
2023-09-06,21.54,22.03,22.06,21.46,2209950.0,49779766.0,1.802218114602594,0.39000000000000057,0.005513569811052324,2.7726432532347403,400820172.0
2023-09-07,22.04,21.66,22.09,21.57,1512662.0,33790476.0,-1.67952791647753,-0.370000000000001,0.0037739168476780154,2.3604176123467977,400820172.0
2023-09-08,21.66,21.59,21.88,21.56,1336030.0,29779461.0,-0.3231763619575223,-0.07000000000000028,0.0033332404238377504,1.4773776546629747,400820172.0
2023-09-11,21.88,21.59,21.93,21.44,1535780.0,34181750.0,0.0,0.0,0.0038315935855643512,2.269569245020836,400820172.0
2023-09-12,21.56,21.66,21.74,21.34,1338500.0,29754643.0,0.3242241778601107,0.07000000000000028,0.0033394027883407026,1.85270958777211,400820172.0
2023-09-13,21.75,21.22,21.76,21.0,2446088.0,53516089.0,-2.031394275161591,-0.4400000000000013,0.00610270682684104,3.5087719298245688,400820172.0
2023-09-14,21.22,20.88,21.29,20.75,1402308.0,30255920.0,-1.602262016965128,-0.33999999999999986,0.00349859637303883,2.5447690857681393,400820172.0
2023-09-15,20.94,20.97,21.27,20.67,1479863.0,31820911.0,0.4310344827586299,0.08999999999999986,0.0036920871337782868,2.8735632183907946,400820172.0
2023-09-18,20.91,21.05,21.15,20.65,1265167.0,27335911.0,0.3814973772055419,0.08000000000000185,0.00315644542959779,2.3843586075345735,400820172.0
2023-09-19,20.94,20.62,21.07,20.49,1182856.0,25148008.0,-2.0427553444180457,-0.4299999999999997,0.0029510889985846322,2.7553444180522653,400820172.0
2023-09-20,20.54,20.56,20.76,20.4,1031800.0,21823528.0,-0.29097963142581396,-0.060000000000002274,0.002574221738520685,1.7458777885548153,400820172.0
2023-09-21,20.56,20.5,20.67,20.38,1115950.0,23561593.0,-0.29182879377431803,-0.05999999999999872,0.002784166261971466,1.4105058365758887,400820172.0
2023-09-22,20.51,21.11,21.12,20.43,1754281.0,37725129.0,2.9756097560975636,0.6099999999999994,0.004376728324940692,3.365853658536592,400820172.0
2023-09-25,21.15,20.56,21.17,20.44,2019458.0,42961948.0,-2.6054002842254897,-0.5500000000000007,0.00503831428923193,3.458076740881101,400820172.0
2023-09-26,20.45,20.23,20.52,20.2,1238500.0,25906016.0,-1.6050583657587492,-0.3299999999999983,0.003089914346925633,1.5564202334630364,400820172.0
2023-09-27,20.19,20.39,20.52,20.11,937695.0,19666512.0,0.7909045971329798,0.16000000000000014,0.002339440640727034,2.0266930301532384,400820172.0
2023-09-28,20.5,20.65,20.76,20.3,1423403.0,30140888.0,1.2751348700343224,0.259999999999998,0.003551225959755339,2.25600784698382,400820172.0
2023-10-09,20.62,20.53,20.74,20.4,1076151.0,22765208.0,-0.5811138014527706,-0.11999999999999744,0.0026848723571726825,1.6464891041162222,400820172.0
2023-10-10,20.66,20.63,20.79,20.53,1095444.0,23321284.0,0.4870920603994078,0.09999999999999787,0.0027330061621748916,1.2664393570384707,400820172.0
2023-10-11,20.83,21.12,21.41,20.67,2320136.0,50390550.0,2.375181774115376,0.490000000000002,0.005788471145109933,3.5870092098885045,400820172.0
2023-10-12,21.32,21.28,21.42,21.09,1395721.0,30575365.0,0.7575757575757569,0.16000000000000014,0.003482162569402819,1.5625000000000087,400820172.0
2023-10-13,21.24,21.42,21.52,21.1,2015900.0,44334822.0,0.6578947368421018,0.14000000000000057,0.005029437490486382,1.973684210526307,400820172.0
2023-10-16,21.54,21.06,21.54,20.93,1873900.0,40630387.0,-1.6806722689075793,-0.360000000000003,0.0046751639036769835,2.8478057889822566,400820172.0
2023-10-17,20.99,21.05,21.2,20.69,1497866.0,32304302.0,-0.04748338081670411,-0.00999999999999801,0.0037370025378862417,2.4216524216524125,400820172.0
2023-10-18,21.15,20.5,21.15,20.5,1417491.0,30170653.0,-2.6128266033254244,-0.5500000000000007,0.00353647620309888,3.087885985748212,400820172.0
2023-10-19,20.39,20.92,21.13,20.39,3117268.0,67074970.0,2.04878048780488,0.4200000000000017,0.007777223347930702,3.6097560975609677,400820172.0
2023-10-20,20.68,20.23,20.91,20.18,2115209.0,44552762.0,-3.298279158699813,-0.6900000000000013,0.005277201966771273,3.489483747609944,400820172.0
2023-10-23,20.12,19.81,20.27,19.67,2506719.0,51585438.0,-2.076124567474058,-0.4200000000000017,0.006253974163755411,2.96589223924863,400820172.0
2023-10-24,19.81,20.17,20.4,19.13,3588773.0,73314112.0,1.8172640080767355,0.360000000000003,0.008953573823624826,6.410903584048458,400820172.0
2023-10-25,20.24,20.1,20.25,19.98,1937361.0,40122655.0,-0.3470500743678717,-0.07000000000000028,0.004833491763483401,1.3386217154189368,400820172.0
2023-10-26,20.01,20.38,20.48,19.84,1960202.0,40840098.0,1.3930348258706315,0.2799999999999976,0.004890477418387017,3.184079601990052,400820172.0
2023-10-27,20.33,20.71,20.83,20.08,1645050.0,34793056.0,1.6192345436702782,0.33000000000000185,0.004104209605498598,3.680078508341512,400820172.0
2023-10-30,20.69,21.44,21.82,20.61,3816363.0,84064585.0,3.524867213906324,0.7300000000000004,0.009521384567441381,5.842588121680352,400820172.0
2023-10-31,22.08,22.21,22.69,22.04,8214628.0,188348097.0,3.5914179104477695,0.7699999999999996,0.02049454736524588,3.0317164179104577,400820172.0
2023-11-01,22.24,22.09,22.37,21.82,3687204.0,83935117.0,-0.5402971634398956,-0.120000000000001,0.009199147791394092,2.476361999099508,400820172.0
2023-11-02,22.24,21.8,22.38,21.77,2994800.0,68227564.0,-1.3128112267994485,-0.28999999999999915,0.007471679843498495,2.7614305115436824,400820172.0
2023-11-03,21.75,22.62,22.7,21.75,3768558.0,86874706.0,3.7614678899082543,0.8200000000000003,0.009402116618022907,4.357798165137612,400820172.0
2023-11-06,22.64,22.59,22.92,22.47,3927027.0,91752962.0,-0.13262599469496816,-0.030000000000001137,0.009797478456248954,1.9893899204244156,400820172.0
2023-11-07,22.62,22.4,22.8,22.32,4275100.0,98949010.0,-0.8410801239486565,-0.19000000000000128,0.010665880358935627,2.1248339973439596,400820172.0
2023-11-08,22.48,22.27,22.57,22.12,2660500.0,61208612.0,-0.5803571428571352,-0.129999999999999,0.006637639983847919,2.0089285714285685,400820172.0
2023-11-09,22.31,21.91,22.39,21.85,2380639.0,54040891.0,-1.616524472384373,-0.35999999999999943,0.005939419136819292,2.4247867085765566,400820172.0
2023-11-10,21.97,21.93,22.2,21.81,2253500.0,51085220.0,0.09128251939753973,0.019999999999999574,0.005622222027288587,1.7800091282519426,400820172.0
2023-11-13,22.03,22.17,22.29,21.99,2545000.0,58081605.0,1.0943912448700521,0.240000000000002,0.006349480834013514,1.3679890560875545,400820172.0
2023-11-14,22.34,22.06,22.41,22.03,1938443.0,44299486.0,-0.49616599007669127,-0.11000000000000298,0.004836191228419512,1.714027965719436,400820172.0
2023-11-15,22.43,22.29,22.5,22.14,2836660.0,65168032.0,1.042611060743437,0.23000000000000043,0.007077138822244705,1.6319129646418833,400820172.0
2023-11-16,22.33,22.09,22.35,22.03,1513359.0,34542391.0,-0.8972633467922764,-0.1999999999999993,0.0037756557821146787,1.435621354867655,400820172.0
2023-11-17,22.05,22.38,22.46,22.03,2451579.0,56197510.0,1.3128112267994485,0.28999999999999915,0.006116406237159142,1.9465821638750553,400820172.0
2023-11-20,22.31,22.48,22.82,22.23,3487132.0,80733884.0,0.44682752457552155,0.10000000000000142,0.008699991276886134,2.6362823949955314,400820172.0
2023-11-21,22.48,22.04,22.61,21.96,2144232.0,48950522.0,-1.9572953736654908,-0.4400000000000013,0.005349610997123169,2.8914590747330897,400820172.0
2023-11-22,21.95,21.73,22.21,21.66,1689082.0,37995047.0,-1.4065335753176034,-0.3099999999999987,0.004214064356022481,2.4954627949183337,400820172.0
2023-11-23,21.67,22.19,22.24,21.67,1452798.0,32964203.0,2.1168890934192497,0.46000000000000085,0.0036245630871092984,2.6231017027151253,400820172.0
2023-11-24,22.16,21.79,22.2,21.74,2000100.0,45072630.0,-1.8026137899954997,-0.40000000000000213,0.004990018316742801,2.073005858494821,400820172.0
2023-11-27,21.66,21.93,22.11,21.64,1858252.0,41810285.0,0.6424965580541508,0.14000000000000057,0.004636123952364354,2.1569527306103664,400820172.0
2023-11-28,21.93,22.12,22.32,21.91,1993766.0,45415658.0,0.8663930688554533,0.19000000000000128,0.004974215718863571,1.8695850433196541,400820172.0
2023-11-29,22.14,22.21,22.45,22.03,2163520.0,49642443.0,0.4068716094032476,0.08999999999999986,0.005397732327703307,1.8987341772151816,400820172.0
2023-11-30,22.21,21.89,22.21,21.7,2106900.0,47534884.0,-1.4407924358397106,-0.3200000000000003,0.005256471972174095,2.296262944619548,400820172.0
2023-12-01,21.93,21.75,21.93,21.52,2107800.0,47148645.0,-0.6395614435815489,-0.14000000000000057,0.00525871736814683,1.8730013704888082,400820172.0
2023-12-04,21.89,21.76,21.95,21.58,1508766.0,33865603.0,0.04597701149426925,0.010000000000001563,0.0037641967780004844,1.701149425287361,400820172.0
2023-12-05,21.59,21.09,21.66,21.02,1822704.0,39968433.0,-3.0790441176470673,-0.6700000000000017,0.004547435801210125,2.9411764705882377,400820172.0
2023-12-06,20.89,21.02,21.25,20.88,1534707.0,33354483.0,-0.33191085822664723,-0.07000000000000028,0.0038289165745879674,1.7543859649122855,400820172.0
2023-12-07,20.9,20.95,21.12,20.76,1425407.0,30737530.0,-0.3330161750713656,-0.07000000000000028,0.003556225708121297,1.7126546146527093,400820172.0
2023-12-08,21.01,21.13,21.32,21.0,1860700.0,40520522.0,0.8591885441527447,0.17999999999999972,0.004642231429410194,1.527446300715992,400820172.0
2023-12-11,21.06,21.58,21.63,20.76,2740750.0,60163709.0,2.129673450070979,0.4499999999999993,0.006837854458083512,4.117368670137234,400820172.0
2023-12-12,21.6,21.73,21.81,21.37,1737157.0,38731746.0,0.6950880444856367,0.15000000000000213,0.0043340059242327755,2.038924930491185,400820172.0
2023-12-13,21.68,21.57,21.72,21.54,972700.0,21660805.0,-0.7363092498849477,-0.16000000000000014,0.0024267740696443793,0.8283479061205693,400820172.0
2023-12-14,21.66,21.58,21.83,21.43,1355602.0,30156718.0,0.046360686138147145,0.00999999999999801,0.003382070301591508,1.8544274455261873,400820172.0
2023-12-15,21.61,21.44,21.73,21.33,1138449.0,25237862.0,-0.6487488415199083,-0.13999999999999702,0.0028402986664054423,1.8535681186283695,400820172.0
2023-12-18,21.36,20.93,21.4,20.88,1198665.0,25992877.0,-2.378731343283591,-0.5100000000000016,0.0029905306262879403,2.425373134328356,400820172.0
2023-12-19,20.92,21.0,21.16,20.81,1340600.0,28934898.0,0.33444816053511683,0.07000000000000028,0.003344642045610419,1.6722408026755922,400820172.0
2023-12-20,21.02,20.82,21.22,20.8,1287800.0,27839464.0,-0.8571428571428563,-0.17999999999999972,0.0032129121485432624,1.9999999999999913,400820172.0
2023-12-21,20.78,20.89,20.98,20.42,1753600.0,37380942.0,0.336215177713739,0.07000000000000028,0.0043750293086546556,2.6897214217098884,400820172.0
2023-12-22,20.83,20.64,20.91,20.54,1696100.0,36167468.0,-1.1967448539971226,-0.25,0.00423157345484099,1.771182383915754,400820172.0
2023-12-25,20.6,20.56,20.83,20.24,2291214.0,48292309.0,-0.387596899224818,-0.08000000000000185,0.005716314098083866,2.858527131782945,400820172.0
2023-12-26,20.68,20.26,20.68,20.02,2092525.0,43541939.0,-1.459143968871579,-0.29999999999999716,0.0052206080087206785,3.2101167315175108,400820172.0
2023-12-27,20.25,20.33,20.44,20.13,1494300.0,31231416.0,0.34550839091804786,0.06999999999999673,0.0037281057800653806,1.5301085883514425,400820172.0
2023-12-28,20.35,20.44,20.59,19.96,2319500.0,48588023.0,0.5410723069355861,0.11000000000000298,0.0057868843986225325,3.098868666994585,400820172.0
2023-12-29,20.51,20.9,21.12,20.43,2427200.0,52130966.0,2.250489236790587,0.4599999999999973,0.0060555214324006625,3.375733855185916,400824277.0
2024-01-02,20.9,20.93,21.17,20.87,2424592.0,52441039.0,0.14354066985646785,0.030000000000001137,0.0060490148404858226,1.4354066985645968,400824277.0
2024-01-03,20.86,20.72,20.87,20.57,1842798.0,39335097.0,-1.0033444816053505,-0.21000000000000085,0.004597520923115143,1.4333492594362194,400824277.0
2024-01-04,20.64,20.36,20.7,20.2,1979164.0,41465108.0,-1.737451737451734,-0.35999999999999943,0.00493773484683414,2.413127413127413,400824277.0
2024-01-05,20.16,19.93,20.51,19.82,2296200.0,47428013.0,-2.111984282907664,-0.4299999999999997,0.005728694921340805,3.388998035363464,400824277.0
2024-01-08,19.9,19.46,19.9,19.42,2230262.0,45020094.0,-2.358253888610129,-0.46999999999999886,0.0055641889176288595,2.408429503261399,400824277.0
2024-01-09,19.43,19.28,19.7,19.19,2676000.0,53539350.0,-0.9249743062692661,-0.17999999999999972,0.006676242317528087,2.620760534429589,400824277.0
2024-01-10,19.26,19.13,19.47,18.76,1957769.0,38593821.0,-0.7780082987551951,-0.15000000000000213,0.004884357341459135,3.6825726141078694,400824277.0
2024-01-11,19.1,19.59,19.73,19.1,1861376.0,37324099.0,2.4046001045478382,0.46000000000000085,0.0046438704110729305,3.2932566649241974,400824277.0
2024-01-12,19.48,19.27,19.56,19.26,1652300.0,32987650.0,-1.6334864726901488,-0.3200000000000003,0.004122255299421397,1.5313935681469992,400824277.0
2024-01-15,19.25,19.21,19.5,19.11,2094770.0,41556011.0,-0.3113648157758053,-0.05999999999999872,0.00522615550055617,2.023871302542816,400824277.0
2024-01-16,19.39,19.13,19.39,18.85,1530514.0,30067917.0,-0.41644976574701786,-0.08000000000000185,0.003818416417925704,2.811035918792291,400824277.0
2024-01-17,19.06,18.39,19.12,18.39,1966772.0,37968710.0,-3.868269733403029,-0.7399999999999984,0.004906818555803195,3.8159958180867775,400824277.0
2024-01-18,18.35,18.27,18.55,17.71,3167106.0,59020309.0,-0.6525285481239873,-0.120000000000001,0.007901482474326274,4.567699836867862,400824277.0
2024-01-19,18.26,18.15,18.54,18.12,2036130.0,38294730.0,-0.6568144499179085,-0.120000000000001,0.005079856976826781,2.2988505747126338,400824277.0
2024-01-22,18.05,16.99,18.24,16.92,3052495.0,55139127.0,-6.39118457300275,-1.1600000000000001,0.007615544205172981,7.272727272727256,400824277.0
2024-01-23,16.97,17.12,17.24,16.64,2373057.0,41482227.0,0.7651559741024272,0.13000000000000256,0.005920442288978419,3.531489111241895,400824277.0
2024-01-24,17.16,17.15,17.37,16.39,3292720.0,57259457.0,0.17523364485980686,0.029999999999997584,0.008214871675549733,5.7242990654205625,400824277.0
2024-01-25,17.14,17.8,17.84,16.89,3579754.0,64052630.0,3.790087463556868,0.6500000000000021,0.008930980994447101,5.539358600583086,400824277.0
2024-01-26,17.7,17.55,17.98,17.44,2519541.0,46066080.0,-1.4044943820224698,-0.25,0.00628589919467378,3.0337078651685343,400824277.0
2024-01-29,17.53,16.85,17.87,16.85,2599260.0,45965490.0,-3.9886039886039892,-0.6999999999999993,0.00648478684837745,5.811965811965809,400824277.0
2024-01-30,16.82,16.43,17.06,16.33,2165600.0,37308433.0,-2.4925816023739,-0.4200000000000017,0.005402866353826168,4.332344213649854,400824277.0
2024-01-31,16.31,15.65,16.57,15.64,4609890.0,75777745.0,-4.747413268411438,-0.7799999999999994,0.011501024924196395,5.660377358490564,400824277.0
2024-02-01,15.65,15.54,15.9,15.2,3755830.0,60226305.0,-0.7028753993610248,-0.11000000000000121,0.009370265763617906,4.47284345047924,400824277.0
2024-02-02,15.58,14.57,15.73,14.08,4348421.0,66343747.0,-6.241956241956236,-0.9699999999999989,0.01084869667213296,10.61776061776062,400824277.0
2024-02-05,14.42,13.5,14.57,13.11,6248484.0,87702192.0,-7.343857240905971,-1.0700000000000003,0.015589085688040797,10.020590253946471,400824277.0
2024-02-06,13.45,14.66,14.78,12.99,6221593.0,89435302.0,8.592592592592595,1.1600000000000001,0.015521996438354457,13.259259259259254,400824277.0
2024-02-07,14.66,15.2,15.63,14.59,6521379.0,101973905.0,3.6834924965893467,0.5399999999999991,0.01626992019747347,7.094133697135067,400824277.0
2024-02-08,15.54,15.4,16.13,15.22,7361248.0,118701608.0,1.3157894736842257,0.20000000000000107,0.018365274815926383,5.986842105263148,400824277.0
2024-02-19,15.89,16.1,16.36,15.63,6251522.0,103237368.0,4.545454545454541,0.7000000000000011,0.01559666506926675,4.740259740259732,400824277.0
2024-02-20,15.98,15.98,16.1,15.6,2730690.0,44470538.0,-0.7453416149068359,-0.120000000000001,0.00681268614874842,3.105590062111812,400824277.0
2024-02-21,15.74,16.08,16.57,15.59,3481520.0,58105437.0,0.6257822277847103,0.09999999999999787,0.008685901028894015,6.132665832290366,400824277.0
2024-02-22,16.16,16.47,16.48,15.95,2751052.0,46104562.0,2.425373134328357,0.39000000000000057,0.006863486464917893,3.2960199004975195,400824277.0
2024-02-23,16.51,16.53,16.55,16.19,3042570.0,51274537.0,0.36429872495447047,0.060000000000002274,0.007590782730957187,2.1857923497267726,400824277.0
2024-02-26,16.57,16.7,16.98,16.41,2898458.0,49826735.0,1.0284331518451095,0.16999999999999815,0.007231243630484987,3.448275862068967,400824277.0
2024-02-27,16.62,17.22,17.22,16.51,2643101.0,45908856.0,3.113772455089814,0.5199999999999996,0.006594163955792528,4.251497005988008,400824277.0
2024-02-28,17.22,16.12,17.45,16.07,4452082.0,77037992.0,-6.3879210220673555,-1.0999999999999979,0.01110731623673583,8.01393728222996,400824277.0
2024-02-29,15.82,16.83,16.85,15.82,3510940.0,59935625.0,4.404466501240667,0.7099999999999973,0.008759299776645016,6.389578163771718,400824277.0
2024-03-01,16.85,17.36,17.45,16.82,4100957.0,72954512.0,3.1491384432561054,0.5300000000000011,0.010223495712691858,3.7433155080213845,401130603.0
2024-03-04,17.48,17.4,17.66,17.02,3893705.0,69536519.0,0.23041474654377225,0.03999999999999915,0.009706826083274429,3.6866359447004644,401130603.0
2024-03-05,17.36,17.02,17.56,16.96,2507953.0,44311642.0,-2.183908045977001,-0.379999999999999,0.006252210579904321,3.4482758620689538,401130603.0
2024-03-06,16.95,16.99,17.33,16.82,2396372.0,42061719.0,-0.1762632197414904,-0.030000000000001137,0.00597404431892722,2.9964747356051586,401130603.0
2024-03-07,17.03,16.58,17.21,16.56,2590860.0,44954822.0,-2.413184226015308,-0.41000000000000014,0.006458893887983909,3.825779870512079,401130603.0
2024-03-08,16.74,16.98,17.0,16.47,2765579.0,47666312.0,2.4125452352231624,0.40000000000000213,0.006894460256376899,3.1966224366706952,401130603.0
2024-03-11,16.94,17.09,17.2,16.81,2815663.0,49357294.0,0.6478209658421719,0.10999999999999943,0.00701931734687418,2.2968197879858687,401130603.0
2024-03-12,17.15,17.32,17.36,16.98,2749789.0,48657728.0,1.345816266822708,0.23000000000000043,0.006855096518277864,2.223522527794026,401130603.0
2024-03-13,17.19,17.46,17.66,17.19,2370941.0,42590709.0,0.8083140877598094,0.14000000000000057,0.0059106460147095785,2.7136258660508017,401130603.0
2024-03-14,17.29,17.05,17.44,16.95,2502150.0,44256772.0,-2.3482245131729695,-0.41000000000000014,0.006237743969886037,2.8064146620847765,401130603.0
2024-03-15,17.16,17.3,17.3,16.91,2175950.0,38299119.0,1.4662756598240456,0.25,0.005424542489968037,2.2873900293255165,401130603.0
2024-03-18,17.3,17.75,17.77,17.22,2841528.0,51165545.0,2.6011560693641522,0.4499999999999993,0.007083797592974974,3.179190751445091,401130603.0
2024-03-19,17.6,17.58,17.79,17.55,2037480.0,37055166.0,-0.9577464788732448,-0.1700000000000017,0.005079343198354776,1.3521126760563293,401130603.0
2024-03-20,17.57,17.66,17.79,17.4,2575550.0,46650778.0,0.4550625711035483,0.08000000000000185,0.006420726767635826,2.2184300341296965,401130603.0
2024-03-21,17.69,17.55,17.82,17.21,3219874.0,57993014.0,-0.6228765571913875,-0.10999999999999943,0.008026996633812055,3.454133635334085,401130603.0
2024-03-22,17.38,16.9,17.6,16.87,4174414.0,73457860.0,-3.70370370370372,-0.6500000000000021,0.010406620608799573,4.159544159544161,401130603.0
2024-03-25,16.78,16.46,17.07,16.44,3567889.0,61663298.0,-2.6035502958579704,-0.4399999999999977,0.00889458189755719,3.727810650887568,401130603.0
2024-03-26,16.46,16.22,16.66,16.07,2618942.0,44106353.0,-1.4580801944107047,-0.240000000000002,0.0065289010123219145,3.5844471445929518,401130603.0
2024-03-27,16.26,15.48,16.3,15.48,2405200.0,39320105.0,-4.562268803945734,-0.7399999999999984,0.005996052113730151,5.055487053020964,401130603.0
2024-03-28,15.56,16.06,16.33,15.5,3653995.0,60254592.0,3.746770025839785,0.5799999999999983,0.009109240164356146,5.361757105943141,401130603.0
2024-03-29,16.07,16.37,16.39,15.77,2036400.0,33659967.0,1.930261519302623,0.3100000000000023,0.005076650808415134,3.860523038605237,401130603.0
2024-04-01,16.49,17.17,17.2,16.41,4166069.0,72612718.0,4.88698839340258,0.8000000000000007,0.010385816910608537,4.8259010384850285,401130603.0
2024-04-02,17.06,16.98,17.12,16.84,2618237.0,45749285.0,-1.106581246359939,-0.19000000000000128,0.006527143480000204,1.6307513104251665,401130603.0
2024-04-03,16.88,16.84,17.02,16.54,2119295.0,36622676.0,-0.8244994110718551,-0.14000000000000057,0.005283304201050948,2.826855123674914,401130603.0
2024-04-08,16.79,15.91,16.84,15.91,4300170.0,71890178.0,-5.522565320665085,-0.9299999999999997,0.010720124487734484,5.522565320665081,401130603.0
2024-04-09,16.04,16.47,16.54,16.04,2871705.0,48269749.0,3.5197988686360704,0.5599999999999987,0.007159027455205157,3.142677561282212,401130603.0
2024-04-10,16.44,16.23,16.5,16.1,2559790.0,42824172.0,-1.4571948998178375,-0.23999999999999844,0.006381437818146226,2.4286581663630757,401130603.0
2024-04-11,16.02,16.07,16.49,15.94,2015446.0,33725494.0,-0.9858287122612497,-0.16000000000000014,0.00502441345767877,3.3887861983980216,401130603.0
2024-04-12,16.17,16.04,16.41,15.98,1708607.0,28472372.0,-0.18668326073429942,-0.030000000000001137,0.00425947805333616,2.6757934038581186,401130603.0
2024-04-15,16.12,15.64,16.21,15.43,4681254.0,75874832.0,-2.4937655860349017,-0.3999999999999986,0.01167014923565929,4.862842892768087,401130603.0
2024-04-16,15.39,14.92,15.61,14.91,3857451.0,60264531.0,-4.6035805626598485,-0.7200000000000006,0.009616446541726461,4.47570332480818,401130603.0
2024-04-17,15.07,15.55,15.58,15.07,3241610.0,51402187.0,4.222520107238603,0.6300000000000008,0.008081183474301012,3.41823056300268,401130603.0
2024-04-18,15.63,15.75,16.1,15.34,3118050.0,50662162.0,1.2861736334405016,0.1999999999999993,0.007773154121576708,4.887459807073965,401130603.0
2024-04-19,15.69,15.39,15.75,15.25,2655022.0,42280335.0,-2.28571428571428,-0.35999999999999943,0.006618846779935163,3.1746031746031744,401130603.0
2024-04-22,15.17,15.58,15.77,15.07,2984469.0,47621237.0,1.2345679012345734,0.1899999999999995,0.007440142880347626,4.548408057179982,401130603.0
2024-04-23,14.84,14.03,14.84,14.02,10411082.0,151179179.0,-9.948652118100132,-1.5500000000000007,0.025954344849624948,5.263157894736844,401130603.0
2024-04-24,13.88,14.4,14.41,13.87,8913026.0,129878858.0,2.6372059871703657,0.370000000000001,0.022219760679790368,3.8488952245188948,401130603.0
2024-04-25,14.29,14.51,14.68,14.04,6146630.0,91314638.0,0.7638888888888751,0.10999999999999943,0.015323263680283201,4.444444444444448,401130603.0
2024-04-26,14.5,14.78,14.84,14.38,5074548.0,76754472.0,1.8607856650585841,0.2699999999999996,0.012650612947623943,3.1702274293590564,401130603.0
2024-04-29,14.72,15.3,15.34,14.69,4671964.0,72883538.0,3.5182679296346553,0.5200000000000014,0.011646989696271067,4.3978349120433045,401130603.0
2024-04-30,14.94,14.42,14.94,14.28,8593137.0,128031603.0,-5.751633986928106,-0.8800000000000008,0.021422292230343743,4.313725490196079,401130603.0
2024-05-06,14.43,14.37,14.83,14.29,8896570.0,132668587.0,-0.34674063800277377,-0.05000000000000071,0.022178736634561887,3.744798890429965,401130603.0
2024-05-07,14.46,14.88,14.94,14.38,7559065.0,114926066.0,3.549060542797511,0.5100000000000016,0.01884439866583802,3.897007654836456,401130603.0
2024-05-08,14.95,14.38,14.96,14.33,6046929.0,90510309.0,-3.360215053763438,-0.5,0.01507471370864217,4.23387096774194,401130603.0
2024-05-09,14.42,14.74,14.81,14.38,5252743.0,79375806.0,2.5034770514603677,0.35999999999999943,0.013094844822896747,2.990264255910985,401130603.0
2024-05-10,14.81,14.46,14.83,14.37,5600658.0,83559842.0,-1.8995929443690551,-0.27999999999999936,0.013962180791277099,3.1207598371777534,401130603.0
2024-05-13,14.27,14.01,14.28,13.93,6144260.0,89147315.0,-3.112033195020758,-0.45000000000000107,0.015317355380137876,2.4204702627939114,401130603.0
2024-05-14,14.03,14.16,14.3,14.03,4087424.0,59666265.0,1.0706638115631772,0.15000000000000036,0.010189758570975947,1.9271948608137142,401130603.0
2024-05-15,14.09,14.01,14.26,13.99,3478700.0,50495003.0,-1.0593220338983023,-0.15000000000000036,0.008672237854662014,1.906779661016946,401130603.0
2024-05-16,14.1,13.98,14.23,13.93,3752705.0,54311305.0,-0.21413276231262435,-0.02999999999999936,0.009355319618932191,2.1413276231263434,401130603.0
2024-05-17,13.97,14.32,14.32,13.84,5610869.0,81310263.0,2.4320457796852546,0.33999999999999986,0.013987636340974961,3.433476394849788,401130603.0
2024-05-20,14.35,14.56,14.73,14.22,5521733.0,82519857.0,1.6759776536312776,0.2400000000000002,0.01376542442462312,3.5614525139664788,401130603.0
2024-05-21,14.54,14.45,14.61,14.37,2388429.0,35539699.0,-0.7554945054945139,-0.11000000000000121,0.005954242788102607,1.6483516483516498,401130603.0
2024-05-22,14.39,14.66,14.72,14.39,3892494.0,58477701.0,1.453287197231834,0.21000000000000085,0.009703807116406922,2.283737024221454,401130603.0
2024-05-23,14.62,14.3,14.65,14.26,3092400.0,45845719.0,-2.4556616643929052,-0.35999999999999943,0.007709209860510194,2.660300136425652,401130603.0
2024-05-24,14.23,13.9,14.39,13.88,3662638.0,53020488.0,-2.7972027972028024,-0.40000000000000036,0.009130786762734232,3.566433566433565,401130603.0
2024-05-27,13.94,13.91,13.99,13.48,4262844.0,60107476.0,0.07194244604316058,0.009999999999999787,0.010627072499876057,3.6690647482014374,401130603.0
2024-05-28,13.94,13.69,14.08,13.65,3539600.0,50410838.0,-1.581595974119343,-0.22000000000000064,0.008824058731814088,3.0913012221423415,401130603.0
2024-05-29,13.62,13.69,13.89,13.62,2332540.0,33069828.0,0.0,0.0,0.005814914101679746,1.9722425127830634,401130603.0
2024-05-30,13.69,13.78,13.85,13.52,2468200.0,34903733.0,0.6574141709276837,0.08999999999999986,0.00615310819354264,2.4105186267348437,401130603.0
2024-05-31,13.83,13.96,14.09,13.81,2976140.0,42891883.0,1.3062409288824517,0.1800000000000015,0.007419379069414956,2.0319303338171215,401130603.0
2024-06-03,13.92,13.84,14.06,13.69,4241340.0,60608052.0,-0.8595988538682042,-0.120000000000001,0.010573464024633394,2.650429799426941,401130603.0
2024-06-04,13.81,13.73,13.83,13.54,3716200.0,52296399.0,-0.7947976878612706,-0.10999999999999943,0.009264314346018621,2.095375722543359,401130603.0
2024-06-05,13.65,13.6,13.9,13.59,2654949.0,37569899.0,-0.9468317552804084,-0.13000000000000078,0.006618664794318872,2.257829570284053,401130603.0
2024-06-06,13.61,13.16,13.78,13.09,4702301.0,64619761.0,-3.2352941176470584,-0.4399999999999995,0.011722618431084901,5.073529411764702,401130603.0
2024-06-07,13.16,13.19,13.42,13.01,3723915.0,50706342.0,0.22796352583585033,0.02999999999999936,0.009283547483411531,3.11550151975684,401130603.0
2024-06-11,13.07,13.53,13.54,12.86,3606238.0,49202765.0,2.577710386656551,0.33999999999999986,0.008990184176997335,5.155420773313114,401130603.0
2024-06-12,13.53,13.53,13.73,13.46,2910524.0,40808636.0,0.0,0.0,0.007255801422859776,1.9955654101995532,401130603.0
2024-06-13,13.52,13.62,13.77,13.47,3322923.0,46647022.0,0.6651884700665134,0.08999999999999986,0.00828389301426598,2.2172949002217215,401130603.0
2024-06-14,13.62,13.69,13.75,13.38,2695899.0,37688195.0,0.513950073421432,0.07000000000000028,0.0067207512461969895,2.716593245227601,401130603.0
2024-06-17,13.6,13.97,14.07,13.56,4258801.0,61025239.0,2.045288531775036,0.28000000000000114,0.010616993488277932,3.7253469685902103,401130603.0
2024-06-18,14.01,14.38,14.78,13.9,8783808.0,130036032.0,2.9348604151753666,0.41000000000000014,0.021897626195326713,6.29921259842519,401130603.0
2024-06-19,14.33,14.08,14.43,14.02,4744905.0,69243234.0,-2.086230876216977,-0.3000000000000007,0.011828828228296508,2.8511821974965237,401130603.0
2024-06-20,14.03,13.95,14.4,13.95,4839591.0,70754424.0,-0.9232954545454586,-0.13000000000000078,0.012064876037393736,3.1960227272727346,401130603.0
2024-06-21,13.96,13.89,14.07,13.65,3023700.0,43133330.0,-0.4301075268817067,-0.05999999999999872,0.007537943944905146,3.0107526881720426,401130603.0
2024-06-24,13.74,13.18,13.84,13.13,4040949.0,55935935.0,-5.111591072714184,-0.7100000000000009,0.010073898550193638,5.111591072714176,401130603.0
2024-06-25,13.22,13.03,13.28,12.92,3105240.0,41798005.0,-1.1380880121396042,-0.15000000000000036,0.007741219385348168,2.7314112291350487,401130603.0
2024-06-26,13.01,13.62,13.63,12.86,3728775.0,50820919.0,4.528012279355331,0.5899999999999999,0.009295663238139924,5.9094397544129045,401130603.0
2024-06-27,13.54,13.32,13.6,13.3,2963300.0,41081358.0,-2.2026431718061623,-0.29999999999999893,0.007387369544576982,2.2026431718061596,401130603.0
2024-06-28,13.4,13.92,14.24,13.23,5492676.0,77188584.0,4.504504504504503,0.5999999999999996,0.013692986670478493,7.582582582582581,401130603.0
2024-07-01,13.86,13.69,13.99,13.32,5397656.0,73905170.0,-1.6522988505747183,-0.23000000000000043,0.013456106214862894,4.813218390804598,401130603.0
2024-07-02,13.59,13.51,13.66,13.4,3476564.0,47486911.0,-1.3148283418553675,-0.17999999999999972,0.008666912905670275,1.899196493791087,401130603.0
2024-07-03,13.51,13.43,13.65,13.35,2765818.0,37561055.0,-0.5921539600296066,-0.08000000000000007,0.006895056072298727,2.2205773501110344,401130603.0
2024-07-04,13.41,13.14,13.51,13.1,2667700.0,35798088.0,-2.159344750558445,-0.28999999999999915,0.00665045244628219,3.052866716306777,401130603.0
2024-07-05,13.01,13.0,13.12,12.83,3066000.0,40064489.0,-1.0654490106544956,-0.14000000000000057,0.007643395884207817,2.2070015220700085,401130603.0
2024-07-08,12.99,12.52,13.0,12.5,3118464.0,39984368.0,-3.6923076923076947,-0.4800000000000004,0.007774186204386904,3.8461538461538463,401130603.0
2024-07-09,12.5,13.02,13.11,12.46,5299082.0,68857863.0,3.9936102236421744,0.5,0.013210365801982952,5.191693290734813,401130603.0
2024-07-10,13.02,13.04,13.29,12.97,2698922.0,35806360.0,0.1536098310291889,0.019999999999999574,0.006728287445074341,2.4577572964669625,401130603.0
2024-07-11,13.28,13.45,13.46,13.17,2809300.0,37860452.0,3.144171779141103,0.41000000000000014,0.007003454682813119,2.2239263803681055,401130603.0
2024-07-12,13.44,13.35,13.44,13.23,2530900.0,34037198.0,-0.743494423791824,-0.09999999999999964,0.006309416387260784,1.5613382899628185,401130603.0
2024-07-15,13.25,13.04,13.42,12.98,2154100.0,28526850.0,-2.322097378277155,-0.3100000000000005,0.0053700714527632285,3.2958801498127306,401130603.0
2024-07-16,12.97,13.36,13.41,12.97,2767767.0,36984344.0,2.4539877300613577,0.3200000000000003,0.006899914838958323,3.3742331288343523,401130603.0
2024-07-17,13.4,13.38,13.72,13.35,3556500.0,48518867.0,0.14970059880241582,0.02000000000000135,0.008866189648462199,2.769461077844319,401130603.0
2024-07-18,13.19,13.14,13.26,12.91,2716250.0,35867808.0,-1.7937219730941756,-0.2400000000000002,0.00677148534588372,2.6158445440956624,401130603.0
2024-07-19,13.07,13.53,13.66,13.02,3395830.0,46126151.0,2.9680365296803624,0.3899999999999988,0.008465646785867396,4.870624048706245,401130603.0
2024-07-22,13.48,13.27,13.58,13.23,2496900.0,33701699.0,-1.9216555801921609,-0.2599999999999998,0.006224655963234997,2.586844050258682,401130603.0
2024-07-23,13.27,12.86,13.3,12.86,2802000.0,36903201.0,-3.0896759608138646,-0.41000000000000014,0.006985256121184052,3.3157498116051345,401130603.0
2024-07-24,12.86,12.8,13.16,12.72,2687046.0,35199011.0,-0.4665629860031051,-0.05999999999999872,0.006698681127552863,3.4214618973561395,401130603.0
2024-07-25,12.61,12.66,12.9,12.55,2958400.0,37865053.0,-1.0937500000000044,-0.14000000000000057,0.007375154071702677,2.7343749999999973,401130603.0
2024-07-26,12.67,13.01,13.09,12.65,2687220.0,35096861.0,2.7646129541864184,0.34999999999999964,0.006699114901487583,3.4755134281200593,401130603.0
2024-07-29,13.07,12.85,13.07,12.84,1532670.0,19979141.0,-1.2298232129131503,-0.16000000000000014,0.003820875267400129,1.7678708685626474,401130603.0
2024-07-30,12.85,12.88,12.98,12.65,1757416.0,22738336.0,0.23346303501945442,0.030000000000001137,0.004381156627932474,2.5680933852140084,401130603.0
2024-07-31,12.77,13.35,13.36,12.76,3531628.0,46995332.0,3.6490683229813525,0.46999999999999886,0.008804184905333688,4.658385093167698,401130603.0
2024-08-01,13.32,13.24,13.5,13.21,2306048.0,31057314.0,-0.8239700374531811,-0.10999999999999943,0.005748870773641771,2.1722846441947503,401130603.0
2024-08-02,13.17,12.87,13.25,12.83,2871528.0,37691003.0,-2.794561933534756,-0.370000000000001,0.0071585862024094934,3.1722054380664644,401130603.0
2024-08-05,12.74,12.51,13.0,12.51,3752914.0,48071354.0,-2.7972027972027913,-0.35999999999999943,0.009355840646244585,3.8073038073038092,401130603.0
2024-08-06,12.65,12.63,12.77,12.51,2745100.0,34911890.0,0.9592326139088891,0.120000000000001,0.006843407058623249,2.0783373301358896,401130603.0
2024-08-07,12.55,12.74,12.82,12.52,2537284.0,32524168.0,0.87094220110846,0.10999999999999943,0.00632533140334845,2.37529691211402,401130603.0
2024-08-08,12.68,12.74,12.86,12.5,2234100.0,28604405.0,0.0,0.0,0.005569507744588613,2.8257456828885354,401130603.0
2024-08-09,12.81,12.57,12.93,12.57,1745169.0,22409213.0,-1.3343799058084804,-0.16999999999999993,0.004350625424607656,2.8257456828885354,401130603.0
2024-08-12,12.57,12.24,12.62,12.18,3612471.0,45180198.0,-2.6252983293556076,-0.33000000000000007,0.00900572275708418,3.5003977724741406,401130603.0
2024-08-13,12.18,12.26,12.3,12.09,2252898.0,27733930.0,0.16339869281045694,0.019999999999999574,0.005616370287260281,1.715686274509811,401130603.0
2024-08-14,12.28,11.97,12.33,11.95,3154964.0,38500498.0,-2.3654159869494262,-0.28999999999999915,0.007865179012532236,3.0995106035889135,401130603.0
2024-08-15,11.94,12.01,12.26,11.9,3516452.0,42874318.0,0.3341687552213868,0.03999999999999915,0.008766351840774412,3.007518796992476,401130603.0
2024-08-16,12.08,11.67,12.09,11.65,4085100.0,48741858.0,-2.830974188176516,-0.33999999999999986,0.01018396494669842,3.6636136552872567,401130603.0
2024-08-19,11.64,11.44,11.79,11.42,3367956.0,39337898.0,-1.9708654670094305,-0.23000000000000043,0.008396158195888136,3.1705227077977653,401130603.0
2024-08-20,11.45,11.31,11.51,11.22,2508500.0,28733851.0,-1.1363636363636243,-0.129999999999999,0.0062535742255496775,2.5349650349650275,401130603.0
2024-08-21,11.29,11.38,11.49,11.24,1752720.0,20180540.0,0.6189213085764811,0.07000000000000028,0.004369449717602324,2.210433244916003,401130603.0
2024-08-22,11.45,11.19,11.45,11.16,1821050.0,20688743.0,-1.6695957820738294,-0.19000000000000128,0.004539793240357679,2.5483304042179187,401130603.0
2024-08-23,11.15,11.13,11.25,11.05,1623100.0,18250366.0,-0.5361930294906059,-0.05999999999999872,0.004046313065772246,1.7873100983020491,401130603.0
2024-08-26,11.13,11.42,11.46,11.13,1972800.0,22632722.0,2.605570530098822,0.28999999999999915,0.004918098956413954,2.964959568733154,401130603.0
2024-08-27,11.4,11.2,11.4,11.17,1307900.0,14866056.0,-1.9264448336252293,-0.22000000000000064,0.0032605340759802363,2.0140105078809145,401130603.0
2024-08-28,11.21,11.38,11.51,11.11,1587400.0,18185060.0,1.6071428571428736,0.1800000000000015,0.003957314620545169,3.5714285714285747,401130603.0
2024-08-29,11.35,11.73,11.74,11.31,2276690.0,26692919.0,3.075571177504388,0.34999999999999964,0.005675682640449151,3.7785588752196806,401130603.0
2024-08-30,11.72,11.88,12.02,11.65,3005250.0,36088199.0,1.278772378516635,0.15000000000000036,0.007491948950102917,3.154305200340999,401130603.0
2024-09-02,11.83,11.91,12.15,11.71,4128380.0,49956596.0,0.2525252525252375,0.02999999999999936,0.010291859980575952,3.7037037037036993,401130603.0
2024-09-03,11.78,12.17,12.21,11.77,3192556.0,38980142.0,2.183039462636449,0.2599999999999998,0.007958894126060982,3.694374475230909,401130603.0
2024-09-04,12.1,12.21,12.31,11.98,2551227.0,31426895.0,0.32867707477404196,0.040000000000000924,0.0063600906560599664,2.7115858668857853,401130603.0
2024-09-05,12.18,12.39,12.46,12.18,2679000.0,33412035.0,1.4742014742014753,0.17999999999999972,0.006678622822502526,2.2932022932023024,401130603.0
2024-09-06,12.37,11.95,12.37,11.94,2715100.0,33177265.0,-3.5512510088781424,-0.4400000000000013,0.006768618449188729,3.470540758676349,401130603.0
2024-09-09,11.95,11.9,12.12,11.89,2642060.0,31970501.0,-0.4184100418409997,-0.049999999999998934,0.006586533114752154,1.924686192468608,401130603.0
2024-09-10,11.9,12.06,12.1,11.7,2456800.0,29457029.0,1.3445378151260456,0.16000000000000014,0.006124688521957523,3.3613445378151288,401130603.0
2024-09-11,11.94,11.99,12.1,11.89,1579956.0,19132776.0,-0.5804311774461057,-0.07000000000000028,0.003938757073590818,1.741293532338301,401130603.0
2024-09-12,11.96,11.97,12.2,11.95,1502114.0,18311489.0,-0.16680567139282232,-0.019999999999999574,0.003744700575737424,2.0850708924103416,401130603.0
2024-09-13,11.98,11.77,12.05,11.76,1567400.0,18735898.0,-1.670843776106945,-0.20000000000000107,0.003907455547588824,2.422723475355062,401130603.0
2024-09-18,11.71,11.63,11.79,11.44,1507955.0,17642024.0,-1.189464740866597,-0.1399999999999988,0.0037592619179943245,2.973661852166522,401130603.0
2024-09-19,11.62,11.88,12.05,11.58,2126814.0,25445580.0,2.1496130696474713,0.25,0.005302048719528886,4.041272570937236,401130603.0
2024-09-20,11.84,11.72,11.97,11.62,1758650.0,20894165.0,-1.3468013468013518,-0.16000000000000014,0.004384232932733881,2.946127946127958,401130603.0
2024-09-23,11.72,11.97,12.04,11.63,2370814.0,28571236.0,2.1331058020477744,0.25,0.005910329409596305,3.498293515358348,401130603.0
2024-09-24,12.02,12.39,12.39,11.93,2989224.0,36877693.0,3.50877192982455,0.41999999999999993,0.007451996874942997,3.842940685045955,401130603.0
2024-09-25,12.42,12.65,13.07,12.42,7667179.0,99586121.0,2.098466505246166,0.2599999999999998,0.019113921856518137,5.246166263115418,401130603.0
2024-09-26,12.61,13.22,13.23,12.55,4962223.0,64803496.0,4.505928853754937,0.5700000000000003,0.012370591929132866,5.3754940711462424,401130603.0
2024-09-27,13.47,13.76,13.8,13.33,3900084.0,53411841.0,4.08472012102874,0.5399999999999991,0.009722728634593857,3.5552193645990973,401130603.0
2024-09-30,14.42,14.97,15.05,14.02,9800807.0,144841964.0,8.79360465116279,1.2100000000000009,0.02443295756220325,7.4854651162790775,401130603.0
2024-10-08,16.47,15.64,16.47,15.07,14922135.0,236321401.0,4.475617902471618,0.6699999999999999,0.03720019088147209,9.352037408149624,401130603.0
2024-10-09,15.3,14.15,15.37,14.13,12757722.0,189833205.0,-9.526854219948856,-1.4900000000000002,0.03180440959773892,7.9283887468030585,401130603.0
2024-10-10,14.3,14.06,14.64,13.89,6990400.0,100589220.0,-0.636042402826853,-0.08999999999999986,0.017426743179701998,5.30035335689046,401130603.0
2024-10-11,14.11,13.41,14.14,13.25,6548394.0,90023885.0,-4.623044096728313,-0.6500000000000004,0.01632484270964487,6.330014224751071,401130603.0
2024-10-14,13.51,13.68,13.93,13.2,5834830.0,79988335.0,2.0134228187919323,0.2699999999999996,0.01454596073289377,5.443698732289339,401130603.0
2024-10-15,13.59,13.35,13.86,13.33,5148821.0,70595384.0,-2.412280701754388,-0.33000000000000007,0.012835772093908277,3.8742690058479488,401130603.0
2024-10-16,13.11,13.37,13.56,13.11,3491052.0,47076732.0,0.1498127340823885,0.019999999999999574,0.008703030818119854,3.370786516853941,401130603.0
2024-10-17,13.51,13.38,13.66,13.37,4660321.0,63634980.0,0.07479431563202077,0.010000000000001563,0.011617964236949531,2.169035153328354,401130603.0
2024-10-18,13.39,13.72,14.04,13.36,8056496.0,111339375.0,2.5411061285500747,0.33999999999999986,0.020084471091825422,5.082212257100148,401130603.0
2024-10-21,13.81,13.66,14.03,13.59,9220106.0,128880911.0,-0.4373177842565634,-0.0600000000000005,0.0229852968859621,3.2069970845481013,401130603.0
2024-10-22,13.66,13.8,13.84,13.45,6109306.0,84207639.0,1.024890190336758,0.14000000000000057,0.015230216678332069,2.855051244509521,401130603.0
2024-10-23,13.81,13.62,13.89,13.53,13015934.0,179839931.0,-1.3043478260869712,-0.1800000000000015,0.032448120145049116,2.6086956521739215,401130603.0
2024-10-24,13.66,13.75,13.9,13.56,8158259.0,113083565.0,0.9544787077826689,0.13000000000000078,0.020338161533888253,2.4963289280469887,401130603.0
2024-10-25,13.85,14.22,14.29,13.76,9813213.0,139179730.0,3.4181818181818313,0.47000000000000064,0.02446388514515807,3.85454545454545,401130603.0
2024-10-28,14.26,14.31,14.34,14.06,8198716.0,117768521.0,0.6329113924050667,0.08999999999999986,0.020439018959617996,1.969057665260192,401130603.0
2024-10-29,14.35,14.03,14.39,13.95,7445395.0,106271201.0,-1.9566736547868668,-0.28000000000000114,0.018561024624690628,3.07477288609365,401130603.0
2024-10-30,13.92,13.81,14.19,13.68,6006400.0,84361851.0,-1.5680684248039811,-0.21999999999999886,0.014973676790249782,3.635067712045615,401130603.0
2024-10-31,13.76,14.38,14.51,13.76,10515716.0,151245356.0,4.127443881245485,0.5700000000000003,0.026215192561610662,5.430847212165098,401130603.0
2024-11-01,14.34,13.83,14.42,13.81,8056579.0,114232873.0,-3.8247566063977834,-0.5500000000000007,0.02008467800697819,4.242002781641164,401130603.0
2024-11-04,13.83,14.21,14.21,13.8,6187685.0,88144603.0,2.747650036153293,0.3800000000000008,0.015425611892294341,2.9645697758496032,401130603.0
2024-11-05,14.16,14.61,14.65,14.16,9080350.0,132736247.0,2.8149190710766936,0.3999999999999986,0.02263689165595775,3.448275862068967,401130603.0
2024-11-06,15.1,15.05,15.64,14.95,17660614.0,272314458.0,3.011635865845319,0.4400000000000013,0.044027092093993137,4.722792607802884,401130603.0
2024-11-07,15.08,15.43,15.45,14.86,10595795.0,163213998.0,2.5249169435215935,0.379999999999999,0.026414825796774226,3.9202657807308956,401130603.0
2024-11-08,15.55,15.35,15.71,15.22,11459611.0,179145535.0,-0.5184705119896327,-0.08000000000000007,0.028568279045017166,3.175631885936489,401130603.0
2024-11-11,15.25,15.68,15.81,15.24,9479085.0,149494815.0,2.1498371335504807,0.33000000000000007,0.023630919528720176,3.713355048859937,401130603.0
2024-11-12,15.66,15.53,15.95,15.41,8826050.0,139986315.0,-0.956632653061229,-0.15000000000000036,0.02200293354331781,3.443877551020403,401130603.0
2024-11-13,15.5,15.47,15.63,15.1,7641997.0,118434134.0,-0.3863490019317406,-0.05999999999999872,0.019051144297758803,3.412749517063755,401130603.0
2024-11-14,15.46,14.87,15.51,14.84,7021655.0,107090032.0,-3.8784744667097693,-0.6000000000000014,0.017504660445964527,4.330963154492565,401130603.0
2024-11-15,14.85,14.79,15.24,14.75,6325600.0,95995577.0,-0.5379959650302579,-0.08000000000000007,0.015769427594633064,3.2952252858103583,401130603.0
2024-11-18,14.85,14.51,14.98,14.44,6863565.0,101912142.0,-1.893171061528054,-0.27999999999999936,0.01711054940378109,3.651115618661264,401130603.0
2024-11-19,14.65,15.05,15.08,14.58,6399622.0,95975928.0,3.7215713301171682,0.5400000000000009,0.015953961009551796,3.445899379738112,401130603.0
2024-11-20,15.05,15.72,15.74,14.92,11206965.0,173380429.0,4.451827242524908,0.6699999999999999,0.02793844427771072,5.448504983388705,401130603.0
2024-11-21,15.52,15.58,15.78,15.37,10904888.0,171051542.0,-0.8905852417302795,-0.14000000000000057,0.027185380318639013,2.6081424936386775,401130603.0
2024-11-22,15.53,15.0,15.77,14.91,7665000.0,118695475.0,-3.7227214377406947,-0.5800000000000001,0.019108489710519545,5.5198973042361965,401130603.0
2024-11-25,15.01,14.98,15.06,14.68,4789200.0,71974588.0,-0.13333333333332975,-0.019999999999999574,0.011939253610126575,2.5333333333333385,401130603.0
2024-11-26,14.92,14.66,15.0,14.61,4258845.0,63459358.0,-2.1361815754339153,-0.3200000000000003,0.010617103178238435,2.603471295060084,401130603.0
2024-11-27,14.6,14.9,14.91,14.22,5177600.0,76157301.0,1.6371077762619368,0.2400000000000002,0.012907516806938812,4.706684856753066,401130603.0
2024-11-28,14.9,14.8,14.94,14.69,4528965.0,67725907.0,-0.6711409395973145,-0.09999999999999964,0.011290499817586843,1.6778523489932886,401130603.0
2024-11-29,14.77,14.84,15.05,14.55,4939539.0,74034649.0,0.2702702702702675,0.03999999999999915,0.01231404176858578,3.378378378378378,401130603.0
2024-12-02,14.83,14.94,15.04,14.83,5370141.0,81094154.0,0.6738544474393482,0.09999999999999964,0.013387512595243201,1.4150943396226352,401130603.0
2024-12-03,14.94,14.89,14.99,14.75,4201110.0,63046677.0,-0.33467202141900243,-0.049999999999998934,0.010473172499381704,1.6064257028112465,401130603.0
2024-12-04,14.9,14.5,14.94,14.44,5679225.0,83900598.0,-2.6192075218267385,-0.39000000000000057,0.01415804468052516,3.3579583613163195,401130603.0
2024-12-05,14.47,14.68,14.83,14.47,4316125.0,64090376.0,1.2413793103448256,0.17999999999999972,0.01075989956318541,2.4827586206896513,401130603.0
2024-12-06,14.67,14.85,14.89,14.55,4092665.0,61003255.0,1.1580381471389734,0.16999999999999993,0.010202824141044158,2.3160762942779285,401130603.0
2024-12-09,14.77,14.83,14.92,14.65,3933100.0,58805843.0,-0.13468013468013185,-0.019999999999999574,0.009805035992230192,1.8181818181818152,401130603.0
2024-12-10,15.23,14.84,15.28,14.82,5773600.0,87752260.0,0.06743088334457692,0.009999999999999787,0.014393317181037918,3.101820633850297,401130603.0
2024-12-11,14.8,15.11,15.19,14.8,4383505.0,66594545.0,1.819407008086249,0.2699999999999996,0.010927874779975338,2.628032345013469,401130603.0
2024-12-12,15.13,15.18,15.21,14.98,4061975.0,61982718.0,0.46326935804104075,0.07000000000000028,0.010126315393592645,1.5221707478491096,401130603.0
2024-12-13,15.18,14.97,15.23,14.92,4848340.0,73709219.0,-1.383399209486158,-0.20999999999999908,0.01208668688885849,2.042160737812915,401130603.0
2024-12-16,14.99,14.81,15.05,14.73,4434651.0,66757115.0,-1.0688042752171056,-0.16000000000000014,0.011055379387246602,2.1376085504342037,401130603.0
2024-12-17,14.75,14.47,14.88,14.41,5148580.0,75859336.0,-2.2957461174881844,-0.33999999999999986,0.012835171292079154,3.173531397704258,401130603.0
2024-12-18,14.51,14.66,14.81,14.35,4382030.0,64681140.0,1.313061506565294,0.1899999999999995,0.010924197673344809,3.178991015894961,401130603.0
2024-12-19,14.51,14.74,14.8,14.49,4122460.0,60986317.0,0.5457025920873049,0.08000000000000007,0.010277101694980873,2.114597544338339,401130603.0
2024-12-20,14.7,15.18,15.29,14.7,7122570.0,108998379.0,2.985074626865658,0.4399999999999995,0.01775623686333401,4.002713704206241,401130603.0
2024-12-23,15.28,14.78,15.35,14.76,5765600.0,87551840.0,-2.6350461133069825,-0.40000000000000036,0.01437337355185538,3.8866930171277985,401130603.0
2024-12-24,14.87,14.98,15.13,14.65,4381440.0,65989275.0,1.3531799729364025,0.20000000000000107,0.010922726830692597,3.2476319350473646,401130603.0
2024-12-25,15.03,14.95,15.13,14.79,4779100.0,72198951.0,-0.20026702269693164,-0.030000000000001137,0.01191407477828362,2.269692923898542,401130603.0
2024-12-26,14.85,15.56,15.68,14.85,11194811.0,173981623.0,4.080267558528439,0.6100000000000012,0.02790814491907515,5.551839464882944,401130603.0
2024-12-27,15.69,15.34,15.93,15.29,9150143.0,143263782.0,-1.4138817480719879,-0.22000000000000064,0.022810882369899862,4.113110539845763,401130603.0
2024-12-30,15.32,15.52,15.68,15.02,11994854.0,187512206.0,1.1734028683181297,0.17999999999999972,0.029902615034335837,4.302477183833117,401130603.0
2024-12-31,15.5,14.93,15.69,14.91,10236730.0,157848309.0,-3.801546391752575,-0.5899999999999999,0.02551969339522071,5.025773195876285,401130603.0
2025-01-02,14.85,14.51,15.0,14.33,7128994.0,105864832.0,-2.813127930341597,-0.41999999999999993,0.01777225159756759,4.48760884125921,401130603.0
2025-01-03,14.51,13.89,14.59,13.83,7386191.0,105509044.0,-4.272915230875252,-0.6199999999999992,0.018413431796925252,5.237767057201928,401130603.0
2025-01-06,13.89,13.93,14.24,13.63,4692362.0,66250272.0,0.28797696184303945,0.03999999999999915,0.011697840964779244,4.391648668106547,401130603.0
2025-01-07,13.94,14.76,14.77,13.87,9128437.0,132367721.0,5.958363244795417,0.8300000000000001,0.02275677031802034,6.4608758076094785,401130603.0
2025-01-08,14.4,15.15,15.57,14.27,16100698.0,245512950.0,2.6422764227642226,0.39000000000000057,0.04013829381150458,8.807588075880764,401130603.0
2025-01-09,15.1,15.67,15.92,15.03,23000830.0,362887490.0,3.4323432343234206,0.5199999999999996,0.0573400030513254,5.874587458745878,401130603.0
2025-01-10,15.5,14.85,15.54,14.83,15028871.0,230314592.0,-5.23292916400766,-0.8200000000000003,0.03746627878202551,4.53095086151882,401130603.0
2025-01-13,14.55,14.31,14.73,14.18,11193000.0,162319801.0,-3.6363636363636265,-0.5399999999999991,0.02790363018001895,3.703703703703708,401130603.0
2025-01-14,14.42,15.74,15.74,14.32,11815148.0,182373962.0,9.993011879804325,1.4299999999999997,0.029454616306101182,9.923130677847658,401130603.0
2025-01-15,16.34,16.01,16.87,15.96,33619387.0,552958064.0,1.715374841169015,0.27000000000000135,0.08381157345903124,5.781448538754766,401130603.0
2025-01-16,16.31,16.15,16.39,15.8,18674650.0,303899990.0,0.8744534665833692,0.13999999999999702,0.046555036839211195,3.6851967520299804,401130603.0
2025-01-17,16.09,16.37,16.68,15.9,22903240.0,377547083.0,1.3622291021671895,0.22000000000000242,0.05709671570483492,4.829721362229098,401130603.0
2025-01-20,16.52,16.51,16.77,16.29,18529678.0,308689335.0,0.8552229688454593,0.14000000000000057,0.04619362836297983,2.932193036041542,401130603.0
2025-01-21,16.44,16.32,16.49,16.12,13718361.0,225379176.0,-1.1508176862507602,-0.19000000000000128,0.03419923809702447,2.2410660205935637,401130603.0
2025-01-22,16.18,16.02,16.31,15.97,10338345.0,168398972.0,-1.8382352941176516,-0.3000000000000007,0.025773014880143663,2.0833333333333215,401130603.0
2025-01-23,16.23,15.84,16.43,15.84,12184570.0,198372501.0,-1.1235955056179803,-0.17999999999999972,0.030375568228585142,3.6828963795255922,401130603.0
2025-01-24,15.79,15.86,15.93,15.71,10211351.0,163282317.0,0.12626262626262985,0.019999999999999574,0.025456424724592752,1.3888888888888817,401130603.0
2025-01-27,15.85,15.26,15.89,15.26,9945211.0,155959054.0,-3.783102143757877,-0.5999999999999996,0.024792950040762658,3.9722572509457805,401130603.0
2025-02-05,15.34,15.62,15.82,15.15,12936479.0,202904046.0,2.3591087811271283,0.35999999999999943,0.0322500425129618,4.390563564875491,401130603.0
2025-02-06,15.57,16.08,16.08,15.5,14176161.0,227089255.0,2.944942381562088,0.4599999999999991,0.03534051227699523,3.713188220230463,401130603.0
2025-02-07,16.08,15.99,16.18,15.81,13427249.0,217343950.0,-0.5597014925373012,-0.08999999999999808,0.03347350937470109,2.3009950248756175,401130603.0
2025-02-10,16.02,15.99,16.12,15.94,8843423.0,143002012.0,0.0,0.0,0.02204624362704134,1.1257035647279643,401130603.0
2025-02-11,15.96,16.12,16.47,15.87,11696700.0,190589396.0,0.8130081300813163,0.13000000000000078,0.02915933093242452,3.7523452157598474,401130603.0
2025-02-12,16.12,16.24,16.24,16.03,9962535.0,162348818.0,0.7444168734491052,0.11999999999999744,0.024836137969757446,1.3027295285359632,401130603.0
2025-02-13,16.25,15.88,16.27,15.88,9354270.0,151266501.0,-2.216748768472887,-0.35999999999999766,0.02331976151916786,2.4014778325123083,401130603.0
2025-02-14,15.84,15.89,15.97,15.79,6246590.0,100269217.0,0.06297229219143219,0.009999999999999787,0.015572459326919018,1.1335012594458531,401130603.0
2025-02-17,15.86,16.28,16.31,15.85,9364538.0,152792133.0,2.4543738200125897,0.39000000000000057,0.023345359167223648,2.894902454373814,401130603.0
2025-02-18,16.29,15.84,16.38,15.72,9103772.0,148172072.0,-2.7027027027027084,-0.4400000000000013,0.022695281616296924,4.054054054054044,401130603.0
2025-02-19,15.83,16.78,16.87,15.77,18141828.0,301891008.0,5.934343434343448,0.9400000000000013,0.04522673629067389,6.9444444444444535,401130603.0
2025-02-20,16.7,17.16,17.18,16.55,17038953.0,291049519.0,2.264600715137055,0.379999999999999,0.04247732003633739,3.7544696066746064,401130603.0
2025-02-21,17.13,17.06,17.24,16.89,13197634.0,227127927.0,-0.5827505827505908,-0.10000000000000142,0.03290108982285752,2.0396270396270273,401130603.0
2025-02-24,17.06,16.73,17.06,16.59,9875144.0,166925368.0,-1.934349355216869,-0.3299999999999983,0.024618276257521044,2.7549824150058555,401130603.0
2025-02-25,16.52,16.54,16.76,16.44,6831924.0,114465492.0,-1.1356843992827326,-0.19000000000000128,0.017031669857410506,1.912731619844592,401130603.0
2025-02-26,16.54,16.7,16.93,16.51,7794677.0,131691719.0,0.96735187424426,0.16000000000000014,0.019431768460707547,2.5392986698911617,401130603.0
2025-02-27,16.56,16.36,16.76,16.12,9625762.0,159329035.0,-2.035928143712573,-0.33999999999999986,0.023996578490921072,3.832335329341321,401130603.0
2025-02-28,16.35,15.54,16.35,15.54,8281546.0,132782225.0,-5.01222493887531,-0.8200000000000003,0.020645510310266704,4.951100244498791,401130603.0
2025-03-03,15.57,15.82,16.06,15.46,6589236.0,105186666.0,1.8018018018018056,0.28000000000000114,0.01642665992252902,3.861003861003848,401130603.0
2025-03-04,15.7,15.9,15.99,15.64,4322738.0,69374509.0,0.5056890012642201,0.08000000000000007,0.010776385465658426,2.212389380530971,401130603.0
2025-03-05,15.87,15.88,15.96,15.67,3969736.0,63435755.0,-0.12578616352201255,-0.019999999999999574,0.009896367842071626,1.8238993710691882,401130603.0
2025-03-06,15.95,16.03,16.1,15.89,5647800.0,91431307.0,0.9445843828715494,0.15000000000000036,0.014079703612142502,1.3224181360201563,401130603.0
2025-03-07,16.03,15.89,16.17,15.81,5631430.0,90952192.0,-0.8733624454148492,-0.14000000000000057,0.014038893960927733,2.2457891453524716,401130603.0
2025-03-10,15.88,15.95,16.02,15.72,5014165.0,80400690.0,0.37759597230961894,0.05999999999999872,0.012500080927507793,1.8879798615481367,401130603.0
2025-03-11,15.74,16.06,16.2,15.66,4970822.0,80095525.0,0.6896551724137945,0.10999999999999943,0.012392028837550447,3.3855799373040703,401130603.0
2025-03-12,16.1,16.32,16.5,15.96,8183649.0,134146886.0,1.6189290161892966,0.26000000000000156,0.020401457627006334,3.362391033623905,401130603.0
2025-03-13,16.3,16.07,16.36,15.89,6401509.0,103888730.0,-1.5318627450980338,-0.25,0.015958665213085227,2.8799019607843066,401130603.0
2025-03-14,16.08,16.57,16.79,15.94,10045350.0,166334290.0,3.111387678904798,0.5,0.025042591926101435,5.289359054138143,401130603.0
2025-03-17,16.8,16.44,16.88,16.4,6629855.0,110669554.0,-0.7845503922751851,-0.129999999999999,0.016527921206749712,2.8968014484007267,401130603.0
2025-03-18,16.5,16.59,16.73,16.45,5524600.0,92529760.0,0.9124087591240837,0.14999999999999858,0.013772571722731412,1.7031630170316372,401130603.0
2025-03-19,16.54,16.19,16.54,16.07,6439400.0,105372863.0,-2.4110910186859513,-0.3999999999999986,0.01605312571975467,2.8330319469559906,401130603.0
2025-03-20,16.13,16.12,16.27,16.08,3757771.0,61379915.0,-0.4323656578134716,-0.07000000000000028,0.009367948922112034,1.1735639283508417,401130603.0
2025-03-21,16.04,15.82,16.19,15.76,5052729.0,81277601.0,-1.8610421836228297,-0.3000000000000007,0.012596219191982219,2.6674937965260637,401130603.0
2025-03-24,15.85,15.5,15.97,15.13,6744129.0,105722288.0,-2.0227560050568916,-0.3200000000000003,0.016812800991900387,5.309734513274336,401130603.0
2025-03-25,15.45,15.51,15.74,15.39,4163305.0,65351765.0,0.064516129032266,0.009999999999999787,0.01037892638672597,2.2580645161290303,401130603.0
2025-03-26,15.47,15.65,15.74,15.45,3238874.0,51152349.0,0.9026434558349505,0.14000000000000057,0.008074362753120585,1.8697614442295354,401130603.0
2025-03-27,15.54,15.51,15.73,15.35,3624515.0,56937444.0,-0.8945686900958538,-0.14000000000000057,0.009035747890818492,2.428115015974446,401130603.0
2025-03-28,15.51,15.31,15.62,15.3,3388276.0,52730997.0,-1.2894906511927706,-0.1999999999999993,0.008446815014011783,2.0631850419084365,401130603.0
2025-03-31,15.25,15.34,15.52,15.15,5101917.0,78937302.0,0.19595035924231397,0.02999999999999936,0.012718842596011056,2.4167210973220064,401130603.0
2025-04-01,15.34,15.56,15.67,15.34,3401250.0,53408904.0,1.4341590612777066,0.22000000000000064,0.008479158594638565,2.1512385919165586,401130603.0
2025-04-02,15.56,15.54,15.81,15.53,2792429.0,44131443.0,-0.12853470437018677,-0.02000000000000135,0.006961396061820793,1.7994858611825266,401130603.0
2025-04-03,15.35,15.25,15.54,15.1,3879651.0,59990786.0,-1.8661518661518661,-0.28999999999999915,0.009671790112708006,2.8314028314028286,401130603.0
2025-04-07,14.38,13.72,14.45,13.72,6239196.0,88162894.0,-10.032786885245892,-1.5299999999999994,0.015554026427647057,4.7868852459016304,401130603.0
2025-04-08,13.85,13.26,13.92,13.01,8288242.0,111220753.0,-3.3527696793002937,-0.46000000000000085,0.02066220312789249,6.63265306122449,401130603.0
2025-04-09,12.92,13.4,13.51,12.44,5722017.0,75518426.0,1.0558069381598756,0.14000000000000057,0.014264723153022558,8.069381598793365,401130603.0
2025-04-10,13.8,13.65,14.01,13.58,5799988.0,80895047.0,1.8656716417910557,0.25,0.01445910124189652,3.208955223880595,401130603.0
2025-04-11,13.53,13.82,13.91,13.5,3628302.0,50381499.0,1.245421245421241,0.16999999999999993,0.009045188706282776,3.003663003663005,401130603.0
2025-04-14,14.02,13.96,14.21,13.91,3310260.0,46868983.0,1.013024602026058,0.14000000000000057,0.00825232474222367,2.1707670043415392,401130603.0
2025-04-15,13.96,13.86,13.98,13.76,3027500.0,42277153.0,-0.7163323782235054,-0.10000000000000142,0.007547417168766852,1.575931232091695,401130603.0
2025-04-16,13.85,13.66,13.85,13.43,2784800.0,38324407.0,-1.4430014430014348,-0.1999999999999993,0.006942377318441595,3.03030303030303,401130603.0
2025-04-17,13.48,13.67,13.78,13.48,2200700.0,30444979.0,0.07320644216690653,0.009999999999999787,0.005486243092751515,2.1961932650073126,401130603.0
2025-04-18,13.67,13.73,13.83,13.59,2109580.0,29241970.0,0.4389173372348232,0.0600000000000005,0.005259085156362403,1.7556693489392847,401130603.0
2025-04-21,13.74,13.83,13.88,13.63,2335560.0,32552333.0,0.7283321194464731,0.09999999999999964,0.005822442821696154,1.820830298616169,401130603.0
2025-04-22,13.79,13.81,13.86,13.7,2532700.0,35254888.0,-0.1446131597975353,-0.019999999999999574,0.006313903703826855,1.1569052783803335,401130603.0
2025-04-23,13.83,14.08,14.16,13.83,4396214.0,62190150.0,1.955104996379431,0.2699999999999996,0.010959557727885448,2.3895727733526435,401130603.0
2025-04-24,14.09,13.97,14.16,13.85,3052303.0,43098506.0,-0.78125,-0.10999999999999943,0.007609249898093664,2.201704545454549,401130603.0
2025-04-25,14.02,14.18,14.32,13.88,3681218.0,52627991.0,1.5032211882605617,0.20999999999999908,0.009177105841510677,3.149606299212595,401130603.0
2025-04-28,14.15,13.98,14.19,13.92,3030900.0,42956463.0,-1.4104372355430161,-0.1999999999999993,0.00755589321116943,1.9040902679830718,401130603.0
2025-04-29,13.86,14.28,14.6,13.86,5832400.0,84304411.0,2.145922746781115,0.29999999999999893,0.014539902855529575,5.2932761087267535,401130603.0
2025-04-30,14.65,14.94,15.14,14.65,11589682.0,174670564.0,4.621848739495804,0.6600000000000001,0.028892540018942408,3.4313725490196094,401130603.0
2025-05-06,15.01,15.18,15.25,14.99,5942526.0,90788567.0,1.6064257028112428,0.2400000000000002,0.014814441868949101,1.7402945113788475,401130603.0
2025-05-07,15.28,14.96,15.31,14.82,5134245.0,78028335.0,-1.449275362318836,-0.21999999999999886,0.012799434801537692,3.2279314888010555,401130603.0
2025-05-08,14.94,15.1,15.15,14.87,3151594.0,47954460.0,0.9358288770053402,0.1399999999999988,0.007856777758739091,1.8716577540107027,401130603.0
2025-05-09,15.1,14.91,15.1,14.85,2322280.0,35099790.0,-1.2582781456953573,-0.1899999999999995,0.005789336397253141,1.6556291390728477,401130603.0
2025-05-12,15.01,15.18,15.2,15.01,3434685.0,52562144.0,1.810865191146882,0.2699999999999996,0.008562510499853336,1.2743125419181722,401130603.0
2025-05-13,15.27,15.3,15.35,15.11,3259300.0,50125692.0,0.7905138339921125,0.120000000000001,0.0081252838243309,1.581027667984191,401130603.0
2025-05-14,15.25,15.11,15.34,15.03,2990380.0,45703080.0,-1.2418300653594838,-0.19000000000000128,0.0074548787293598736,2.026143790849676,401130603.0
2025-05-15,15.05,14.91,15.17,14.9,2242943.0,33931646.0,-1.3236267372600863,-0.1999999999999993,0.0055915529336962606,1.7868960953011221,401130603.0
2025-05-16,14.9,14.98,15.08,14.87,1831191.0,27765503.0,0.46948356807512415,0.07000000000000028,0.004565074283300195,1.4084507042253578,401130603.0
2025-05-19,15.01,14.95,15.05,14.83,2396894.0,36091270.0,-0.20026702269693164,-0.030000000000001137,0.00597534564073138,1.4686248331108187,401130603.0
2025-05-20,14.95,15.08,15.08,14.88,2264026.0,34322583.0,0.8695652173912993,0.13000000000000078,0.005644111875453193,1.3377926421404636,401130603.0
2025-05-21,15.08,14.95,15.08,14.84,2186200.0,32974706.0,-0.8620689655172487,-0.13000000000000078,0.005450095264858164,1.591511936339524,401130603.0
2025-05-22,14.94,14.83,15.2,14.82,2600750.0,39344743.0,-0.8026755852842737,-0.11999999999999922,0.006483549199560823,2.541806020066883,401130603.0
2025-05-23,14.77,14.68,14.97,14.67,2336831.0,34954993.0,-1.011463250168576,-0.15000000000000036,0.005825611365782531,2.0229265003371593,401130603.0
2025-05-26,14.65,14.8,14.84,14.61,1798806.0,26839982.0,0.8174386920980936,0.120000000000001,0.0044843399794156314,1.566757493188014,401130603.0
2025-05-27,14.77,14.6,14.84,14.51,2797699.0,41235505.0,-1.3513513513513598,-0.20000000000000107,0.00697453392754479,2.2297297297297303,401130603.0
2025-05-28,14.57,14.57,14.74,14.54,2115661.0,31237412.0,-0.2054794520547909,-0.02999999999999936,0.00527424480749478,1.3698630136986376,401130603.0
2025-05-29,14.61,14.9,14.93,14.61,2907272.0,43595863.0,2.264927934111194,0.33000000000000007,0.007247694337597074,2.196293754289638,401130603.0
2025-05-30,14.82,14.66,14.87,14.63,2473100.0,36788443.0,-1.6107382550335614,-0.2400000000000002,0.006165323666416945,1.6107382550335465,401130603.0
2025-06-03,14.6,14.78,14.82,14.57,2994658.0,44574836.0,0.8185538881309684,0.11999999999999922,0.0074655435850652365,1.7053206002728514,401130603.0
2025-06-04,14.87,14.92,15.0,14.81,2701686.0,40731429.0,0.9472259810554773,0.14000000000000057,0.006735177968956909,1.2855209742895772,401130603.0
2025-06-05,14.97,15.1,15.13,14.86,3335485.0,50590867.0,1.206434316353877,0.17999999999999972,0.00831520949798986,1.8096514745308403,401130603.0
2025-06-06,15.15,15.07,15.15,14.96,2085152.0,31655903.0,-0.1986754966887383,-0.02999999999999936,0.005198187284653522,1.258278145695361,401130603.0
2025-06-09,15.07,15.08,15.15,15.02,2951651.0,44953142.0,0.06635700066357497,0.009999999999999787,0.007358329127533558,0.8626410086264154,401130603.0
2025-06-10,15.08,14.85,15.08,14.72,2915530.0,43866819.0,-1.525198938992045,-0.23000000000000043,0.00726828114882075,2.3872679045092804,401130603.0
2025-06-11,14.98,14.93,15.09,14.91,2741884.0,41577058.0,0.5387205387205496,0.08000000000000007,0.006835389719691868,1.2121212121212102,401130603.0
2025-06-12,14.95,14.85,15.01,14.78,3497595.0,52626644.0,-0.5358338914936422,-0.08000000000000007,0.008719342213837522,1.540522438044209,401130603.0
2025-06-13,14.8,14.55,14.91,14.52,5438807.0,80409242.0,-2.020202020202011,-0.29999999999999893,0.013558693750424223,2.62626262626263,401130603.0
2025-06-16,14.42,14.53,14.68,14.36,3087268.0,45483858.0,-0.13745704467355013,-0.02000000000000135,0.007696416022389596,2.1993127147766343,401130603.0
2025-06-17,14.53,14.39,14.65,14.37,2767246.0,40421169.0,-0.9635237439779676,-0.1399999999999988,0.00689861601010781,1.9270474879559611,401130603.0
2025-06-18,14.36,14.56,14.62,14.34,3056912.0,44724376.0,1.1813759555246772,0.16999999999999993,0.007620739921456454,1.945795691452393,401130603.0
2025-06-19,14.57,14.38,14.73,14.32,3438250.0,50298458.0,-1.2362637362637319,-0.17999999999999972,0.008571397879607805,2.8159340659340666,401130603.0
2025-06-20,14.4,14.34,14.59,14.34,2476749.0,36128664.0,-0.2781641168289384,-0.040000000000000924,0.0061744204542778305,1.7385257301808066,401130603.0
2025-06-23,14.27,14.54,14.57,14.22,2137146.0,31184746.0,1.3947001394700065,0.1999999999999993,0.005327805916618134,2.4407252440725222,401130603.0
2025-06-24,14.6,14.99,15.02,14.6,3538358.0,53117202.0,3.0949105914718,0.45000000000000107,0.008820962483383498,2.888583218707015,401130603.0
2025-06-25,15.0,15.09,15.12,14.93,3594650.0,54652127.0,0.6671114076050699,0.09999999999999964,0.008961295830126429,1.2675116744496298,401130603.0
2025-06-26,15.08,15.01,15.19,14.97,3410929.0,51937859.0,-0.5301524188204065,-0.08000000000000007,0.008503287892995788,1.4579191517561223,401130603.0
2025-06-27,15.08,15.2,15.3,15.05,3265303.0,49642360.0,1.2658227848101333,0.1899999999999995,0.008140249025078747,1.6655562958027983,401130603.0
2025-06-30,15.34,15.4,15.4,15.23,3146663.0,48203196.0,1.3157894736842257,0.20000000000000107,0.007844485004301703,1.1184210526315785,401130603.0
2025-07-01,15.35,15.51,15.64,15.29,4769151.0,73930079.0,0.7142857142857117,0.10999999999999943,0.011889272382441486,2.272727272727282,401130603.0
2025-07-02,15.46,15.33,15.51,15.23,3067124.0,46947519.0,-1.1605415860735047,-0.17999999999999972,0.007646197964107964,1.8052869116698862,401130603.0
2025-07-03,15.34,15.53,15.55,15.34,3001770.0,46454066.0,1.304631441617743,0.1999999999999993,0.007483273471408512,1.3698630136986356,401130603.0
2025-07-04,15.53,15.37,15.57,15.34,3221600.0,49718267.0,-1.0302640051513157,-0.16000000000000014,0.008031299471808188,1.4810045074050253,401130603.0
2025-07-07,15.45,15.4,15.57,15.33,2349300.0,36197712.0,0.19518542615486467,0.030000000000001137,0.005856696004817165,1.5614834092387782,401130603.0
2025-07-08,15.42,15.7,15.75,15.39,4746073.0,74271253.0,1.9480519480519431,0.29999999999999893,0.011831739998157158,2.337662337662334,401130603.0
2025-07-09,15.7,15.64,15.75,15.57,3120800.0,48830912.0,-0.3821656050955302,-0.05999999999999872,0.007780009744108205,1.1464968152866224,401130603.0
2025-07-10,15.55,15.7,15.75,15.55,2923140.0,45802072.0,0.38363171355497716,0.05999999999999872,0.007287252526080639,1.2787723785166194,401130603.0
2025-07-11,15.64,15.58,15.74,15.47,3686534.0,57375586.0,-0.7643312101910826,-0.11999999999999922,0.009190358383102473,1.7197452229299335,401130603.0
2025-07-14,15.56,15.62,15.73,15.52,4296003.0,67194602.0,0.25673940949935137,0.03999999999999915,0.01070973634988403,1.3478818998716358,401130603.0
2025-07-15,15.57,15.8,15.92,15.53,5297299.0,83504915.0,1.1523687580025754,0.1800000000000015,0.013205920865628893,2.4967989756722186,401130603.0
2025-07-16,15.75,15.68,15.83,15.63,3269390.0,51364562.0,-0.75949367088608,-0.120000000000001,0.008150437726637377,1.265822784810122,401130603.0
2025-07-17,15.7,16.03,16.07,15.64,5284206.0,84279928.0,2.2321428571428603,0.3500000000000014,0.013173280623518021,2.7423469387755084,401130603.0
2025-07-18,16.02,16.31,16.36,15.92,6602588.0,106619293.0,1.7467248908296762,0.2799999999999976,0.016459945839634678,2.7448533998752307,401130603.0
2025-07-21,16.22,16.06,16.22,15.8,7268281.0,116633910.0,-1.5328019619865074,-0.25,0.018119487632311117,2.575107296137328,401130603.0
2025-07-22,16.1,16.05,16.29,15.94,5492396.0,88396955.0,-0.06226650062265415,-0.00999999999999801,0.013692288643457104,2.1793275217932733,401130603.0
2025-07-23,16.08,15.95,16.2,15.92,4099191.0,65646406.0,-0.6230529595015688,-0.10000000000000142,0.010219093156549813,1.7445482866043571,401130603.0
2025-07-24,15.94,16.09,16.15,15.93,4883300.0,78384964.0,0.8777429467084596,0.14000000000000057,0.012173840548386182,1.379310344827579,401130603.0
2025-07-25,16.09,16.16,16.2,16.05,3423291.0,55234576.0,0.43505282784337407,0.07000000000000028,0.008534105785990105,0.9322560596643791,401130603.0
2025-07-28,16.17,16.27,16.33,16.09,4303952.0,69793484.0,0.6806930693069368,0.10999999999999943,0.01072955283843053,1.4851485148514756,401130603.0
2025-07-29,16.21,16.3,16.53,16.1,3513760.0,57088520.0,0.18438844499077955,0.030000000000001137,0.008759640809554489,2.642901044867853,401130603.0
2025-07-30,16.31,16.2,16.42,16.1,3726400.0,60548204.0,-0.613496932515345,-0.10000000000000142,0.009289742473226358,1.9631901840490813,401130603.0
2025-07-31,16.21,15.95,16.4,15.91,5197200.0,83839345.0,-1.5432098765432056,-0.25,0.01295637869843603,3.024691358024682,401130603.0
2025-08-01,15.9,16.08,16.28,15.9,5770700.0,92964829.0,0.8150470219435713,0.129999999999999,0.014386087615459247,2.3824451410658356,401130603.0
2025-08-04,16.02,16.31,16.32,15.99,3853472.0,62438722.0,1.4303482587064709,0.23000000000000043,0.009606527079161795,2.05223880597015,401130603.0
2025-08-05,16.4,16.33,16.45,16.28,4131868.0,67567329.0,0.12262415695891704,0.019999999999999574,0.01030055540289954,1.0423053341508166,401130603.0
2025-08-06,16.27,16.4,16.58,16.24,4126400.0,67892553.0,0.42865890998162737,0.07000000000000028,0.010286923932353274,2.082057562767911,401130603.0
2025-08-07,16.44,16.33,16.5,16.22,3666600.0,59926714.0,-0.4268292682926833,-0.07000000000000028,0.009140663845086883,1.7073170731707388,401130603.0
2025-08-08,16.32,16.3,16.4,16.15,3395096.0,55279423.0,-0.18371096142068,-0.029999999999997584,0.008463816957889897,1.5309246785058177,401130603.0
2025-08-11,16.37,16.6,16.84,16.25,5261885.0,87083832.0,1.8404907975460238,0.3000000000000007,0.013117635405145092,3.61963190184049,401130603.0
2025-08-12,16.75,16.66,16.75,16.49,3729972.0,61903052.0,0.3614457831325302,0.05999999999999872,0.00929864730365636,1.566265060240973,401130603.0
2025-08-13,16.6,17.31,17.55,16.57,12052655.0,206211006.0,3.901560624249689,0.6499999999999986,0.030046710248133324,5.882352941176474,401130603.0
2025-08-14,17.4,17.03,17.8,16.91,8925466.0,153265691.0,-1.6175621028307163,-0.2799999999999976,0.022250773023169215,5.141536683997693,401130603.0
2025-08-15,16.89,17.63,17.68,16.89,9685169.0,168436498.0,3.523194362889015,0.5999999999999979,0.024144677388276956,4.63887257780387,401130603.0
2025-08-18,17.8,17.43,17.8,17.25,11392838.0,198919478.0,-1.1344299489506438,-0.1999999999999993,0.028401817051091464,3.119682359614298,401130603.0
2025-08-19,17.47,17.57,18.13,17.12,11733335.0,205015123.0,0.8032128514056325,0.14000000000000057,0.029250660289312308,5.794606999426265,401130603.0
2025-08-20,17.39,17.52,17.55,17.26,7511678.0,130912020.0,-0.2845759817871385,-0.05000000000000071,0.0187262650713289,1.6505406943653904,401130603.0
2025-08-21,17.56,17.72,18.09,17.41,11164537.0,197664687.0,1.1415525114155223,0.1999999999999993,0.027832673240341128,3.8812785388127837,401130603.0
2025-08-22,17.65,17.8,17.93,17.65,6812495.0,121061802.0,0.4514672686230403,0.08000000000000185,0.01698323426098706,1.5801354401805936,401130603.0
2025-08-25,17.96,18.61,19.16,17.96,13188210.0,245089406.0,4.550561797752795,0.8099999999999987,0.03287759622768049,6.741573033707861,401130603.0
2025-08-26,18.5,19.49,19.62,18.36,16250620.0,313030483.0,4.72864051585169,0.879999999999999,0.04051204240829264,6.770553465878569,401130603.0
2025-08-27,19.4,18.27,19.4,18.21,15777020.0,296809333.0,-6.259620318111847,-1.2199999999999989,0.03933137956068637,6.1056952283222055,401130603.0
2025-08-28,18.22,18.37,18.52,17.76,13271184.0,240882227.0,0.547345374931596,0.10000000000000142,0.03308444656365448,4.159824849480011,401130603.0
2025-08-29,18.45,18.24,18.48,17.96,7480919.0,135603984.0,-0.7076755579749738,-0.13000000000000256,0.018649584310075688,2.830702231899834,401130603.0
2025-09-01,18.35,19.26,19.6,18.35,19814914.0,377881024.0,5.5921052631579204,1.0200000000000031,0.04939766213748593,6.853070175438597,401130603.0
2025-09-02,19.19,17.95,19.6,17.85,16753352.0,309651344.0,-6.801661474558685,-1.3100000000000023,0.04176532998156712,9.086188992731048,401130603.0
2025-09-03,18.12,18.12,19.01,18.03,14737741.0,272940552.0,0.9470752089136614,0.1700000000000017,0.036740505186536467,5.459610027855156,401130603.0
2025-09-04,18.2,18.16,19.44,17.85,19623099.0,367127504.0,0.22075055187638082,0.03999999999999915,0.04891947623352986,8.774834437086092,401130603.0
2025-09-05,18.01,19.02,19.04,17.63,15746896.0,292991773.0,4.735682819383258,0.8599999999999994,0.039256281824999524,7.76431718061674,401130603.0
2025-09-08,18.97,18.79,19.45,18.5,12553321.0,236002875.0,-1.2092534174553138,-0.23000000000000043,0.03129484737917142,4.994742376445843,401130603.0
2025-09-09,18.77,18.07,18.82,17.97,10114139.0,184496985.0,-3.83182543906333,-0.7199999999999989,0.025214079714581138,4.5236828100053295,401130603.0
2025-09-10,18.08,17.82,18.24,17.6,7218480.0,128984844.0,-1.3835085777531786,-0.25,0.017995336047696167,3.541781959048129,401130603.0
2025-09-11,17.65,19.6,19.6,17.52,11780502.0,222442628.0,9.988776655443331,1.7800000000000011,0.029368245434018905,11.672278338945016,401130603.0
2025-09-12,19.55,19.13,19.68,19.11,21111438.0,408217364.0,-2.3979591836734815,-0.4700000000000024,0.0526298363727686,2.908163265306124,401130603.0
2025-09-15,19.3,18.82,19.37,18.71,8746269.0,165260813.0,-1.6204913748039673,-0.3099999999999987,0.021804043208341298,3.450078410872975,401130603.0
2025-09-16,18.86,19.6,20.06,18.81,16351155.0,316200889.0,4.144527098831041,0.7800000000000011,0.040762671503275956,6.641870350690754,401130603.0
2025-09-17,19.63,19.8,20.64,19.45,24203581.0,482891376.0,1.0204081632652962,0.1999999999999993,0.0603384055441913,6.071428571428577,401130603.0
2025-09-18,20.0,19.49,20.32,19.25,15726503.0,312118708.0,-1.5656565656565813,-0.3100000000000023,0.039205443021259584,5.404040404040406,401130603.0
2025-09-19,19.46,19.23,20.01,19.13,10232111.0,199857116.0,-1.334017444843505,-0.259999999999998,0.02550817844232144,4.515135967162661,401130603.0
2025-09-22,19.25,19.06,19.32,18.8,7954202.0,151257499.0,-0.8840353614144703,-0.1700000000000017,0.0198294568913756,2.7041081643265708,401130603.0
2025-09-23,19.06,18.71,19.1,18.08,11611800.0,214244866.0,-1.836306400839438,-0.34999999999999787,0.02894767916772483,5.351521511017856,401130603.0
2025-09-24,18.6,19.18,19.3,18.4,9765824.0,185831532.0,2.5120256547300768,0.46999999999999886,0.024345746564741658,4.810261892036356,401130603.0
2025-09-25,18.98,19.3,19.43,18.93,7610943.0,145843215.0,0.6256517205422307,0.120000000000001,0.018973728115179483,2.6068821689259645,401130603.0
2025-09-26,19.14,18.87,19.14,18.6,6467900.0,122088022.0,-2.2279792746114024,-0.4299999999999997,0.016124174898717463,2.797927461139892,401130603.0
2025-09-29,18.85,18.7,18.98,18.51,5839157.0,109283397.0,-0.9009009009009139,-0.1700000000000017,0.014556747743327875,2.4907260201377786,401130603.0
2025-09-30,18.7,18.61,18.87,18.38,6565292.0,122259120.0,-0.4812834224598883,-0.08999999999999986,0.016366968640385685,2.620320855614984,401130603.0
2025-10-09,18.63,18.73,19.08,18.63,7589181.0,143076572.0,0.6448146157979728,0.120000000000001,0.018919476457895684,2.418054809242339,401130603.0
2025-10-10,18.62,18.5,18.67,18.0,8342730.0,152717732.0,-1.2279765082754968,-0.23000000000000043,0.020798039186254755,3.5771489588894907,401130603.0
2025-10-13,17.8,18.19,18.32,17.35,6548028.0,117697433.0,-1.6756756756756697,-0.3099999999999987,0.01632393028860977,5.243243243243237,401130603.0
2025-10-14,18.36,17.75,18.37,17.5,6782021.0,121556646.0,-2.4189114898295783,-0.4400000000000013,0.01690726399152348,4.782847718526668,401130603.0
2025-10-15,17.55,17.94,17.96,17.41,4629021.0,82058564.0,1.0704225352112795,0.19000000000000128,0.011539934787772849,3.0985915492957785,401130603.0
2025-10-16,17.83,18.05,18.38,17.78,6625760.0,120062678.0,0.6131549609810438,0.10999999999999943,0.0165177125615619,3.3444816053511586,401130603.0
2025-10-17,17.99,17.49,18.48,17.4,6311884.0,112266800.0,-3.1024930747922563,-0.5600000000000023,0.0157352342423996,5.983379501385051,401130603.0
2025-10-20,17.64,17.52,17.8,17.3,5251621.0,92119572.0,0.17152658662094034,0.030000000000001137,0.013092047728903895,2.858776443682104,401130603.0
2025-10-21,17.57,17.75,17.84,17.44,4646298.0,82235883.0,1.3127853881278462,0.23000000000000043,0.011583005547946189,2.2831050228310423,401130603.0
2025-10-22,17.67,17.48,17.68,17.42,3743826.0,65546278.0,-1.5211267605633738,-0.2699999999999996,0.009333184683493222,1.464788732394355,401130603.0
2025-10-23,17.4,17.46,17.52,17.06,4580826.0,79113919.0,-0.11441647597253413,-0.019999999999999574,0.011419786886716295,2.6315789473684257,401130603.0
2025-10-24,17.66,18.04,18.2,17.59,6639500.0,119385610.0,3.3218785796105266,0.5799999999999983,0.01655196574468291,3.4936998854524592,401130603.0
2025-10-27,18.17,18.43,18.53,18.06,6911440.0,126692908.0,2.1618625277161962,0.39000000000000057,0.017229899559670345,2.6053215077605456,401130603.0
2025-10-28,18.4,18.45,18.68,18.25,5129936.0,94755631.0,0.10851871947910041,0.019999999999999574,0.012788692664269248,2.3331524688008667,401130603.0
2025-10-29,18.45,18.54,18.6,18.3,3867644.0,71446047.0,0.4878048780487809,0.08999999999999986,0.009641857218258663,1.6260162601626056,401130603.0
2025-10-30,18.53,18.17,18.61,18.11,4103621.0,74974296.0,-1.9956850053937325,-0.36999999999999744,0.010230136941209644,2.696871628910464,401130603.0
2025-10-31,17.8,17.24,17.8,17.07,13851100.0,240065453.0,-5.118326912493143,-0.9300000000000033,0.034530150271282097,4.017611447440839,401130603.0
2025-11-03,17.22,17.05,17.22,16.68,8160595.0,138061569.0,-1.10208816705335,-0.18999999999999773,0.020343985073609554,3.132250580046399,401130603.0
2025-11-04,17.01,16.9,17.13,16.76,6591626.0,111680660.0,-0.8797653958944385,-0.15000000000000213,0.016432618081747306,2.170087976539574,401130603.0
2025-11-05,16.73,17.11,17.23,16.71,4276163.0,72873164.0,1.2426035502958621,0.21000000000000085,0.010660276149511335,3.076923076923075,401130603.0
2025-11-06,17.1,17.46,17.58,17.1,6071004.0,105396201.0,2.045587375803626,0.3500000000000014,0.015223948370913214,2.8053769725306656,398779860.0
2025-11-07,17.31,17.47,17.8,17.2,6041015.0,106198995.0,0.05727376861395239,0.00999999999999801,0.015148746478821674,3.4364261168384957,398779860.0
2025-11-10,17.56,17.4,17.6,17.24,4892304.0,84881060.0,-0.400686891814539,-0.07000000000000028,0.01226818224972545,2.0606754436176473,398779860.0
2025-11-11,17.47,17.24,17.47,17.13,4365100.0,75342372.0,-0.919540229885063,-0.16000000000000014,0.010946139556797076,1.9540229885057463,398779860.0
2025-11-12,17.25,17.0,17.37,16.94,3855300.0,65683720.0,-1.3921113689094988,-0.23999999999999844,0.009667739990680572,2.4941995359628755,398779860.0
2025-11-13,17.0,17.31,17.44,16.95,3940280.0,67779303.0,1.8235294117646905,0.3099999999999987,0.009880840020356094,2.8823529411764826,398779860.0
2025-11-14,17.16,17.05,17.27,17.02,3455232.0,59210635.0,-1.5020219526285294,-0.259999999999998,0.008664509787430087,1.4442518775274409,398779860.0
2025-11-17,17.09,17.02,17.23,16.96,3022521.0,51633913.0,-0.17595307917889214,-0.030000000000001137,0.007579422391090663,1.5835777126099682,398779860.0
2025-11-18,16.97,17.18,17.35,16.91,4032800.0,69295245.0,0.9400705052879044,0.16000000000000014,0.010112847725058131,2.5851938895417232,398779860.0
2025-11-19,17.09,16.72,17.29,16.66,4942278.0,83432499.0,-2.677532013969741,-0.46000000000000085,0.012393499511234094,3.6670547147846273,398779860.0
2025-11-20,16.81,16.83,17.18,16.72,3691990.0,62532040.0,0.6578947368421018,0.10999999999999943,0.009258215798561141,2.751196172248809,398779860.0
2025-11-21,16.6,16.08,16.77,16.05,6125759.0,99682481.0,-4.456327985739749,-0.75,0.015361254703284163,4.2780748663101535,398779860.0
2025-11-24,16.15,16.4,16.5,16.15,3030642.0,49501068.0,1.990049751243772,0.3200000000000003,0.007599787010306889,2.176616915422895,398779860.0
2025-11-25,16.38,16.35,16.76,16.32,5332326.0,88175887.0,-0.30487804878046587,-0.04999999999999716,0.013371603069422814,2.6829268292683004,398779860.0
2025-11-26,16.35,16.41,16.72,16.23,3962900.0,65472048.0,0.3669724770642091,0.05999999999999872,0.009937563045435645,2.996941896024455,398779860.0
2025-11-27,16.41,16.52,16.8,16.36,3815798.0,63499518.0,0.6703229737964556,0.10999999999999943,0.009568682831675602,2.68129189518587,398779860.0
2025-11-28,16.47,16.85,16.93,16.39,3125384.0,52033858.0,1.997578692493951,0.33000000000000185,0.007837366711548572,3.2687651331719083,398779860.0
2025-12-01,16.8,16.83,16.85,16.65,3005000.0,50357132.0,-0.1186943620178238,-0.020000000000003126,0.007535485869321485,1.1869436201780583,398779860.0
2025-12-02,17.03,16.62,17.03,16.59,2971035.0,49695878.0,-1.2477718360071166,-0.2099999999999973,0.007450313563979886,2.614379084967328,398779860.0
2025-12-03,16.62,16.57,16.7,16.42,2488623.0,41163381.0,-0.30084235860409203,-0.05000000000000071,0.006240593494365538,1.6847172081828974,398779860.0
2025-12-04,16.53,16.47,16.6,16.3,3359461.0,55231169.0,-0.6035003017501595,-0.10000000000000142,0.008424349715153618,1.8105009052504568,398779860.0
2025-12-05,16.47,16.74,16.74,16.33,3220615.0,53404096.0,1.6393442622950838,0.2699999999999996,0.00807617265325285,2.4893746205221627,398779860.0
2025-12-08,16.79,16.84,16.95,16.74,3319130.0,55954392.0,0.5973715651135025,0.10000000000000142,0.008323213714955414,1.2544802867383564,398779860.0
2025-12-09,16.79,16.82,16.99,16.71,3281160.0,55290944.0,-0.11876484560570111,-0.019999999999999574,0.008227998274536734,1.6627078384797958,398779860.0
2025-12-10,16.8,16.6,16.82,16.36,4068482.0,67253723.0,-1.3079667063020106,-0.21999999999999886,0.010202325664089455,2.7348394768133226,398779860.0
2025-12-11,16.61,16.27,16.63,16.22,3461446.0,56761100.0,-1.987951807228927,-0.33000000000000185,0.008680092319607114,2.4698795180722897,398779860.0
2025-12-12,16.28,16.35,16.46,16.13,2657100.0,43410267.0,0.49170251997543435,0.08000000000000185,0.00666307470994147,2.0282728948985977,398779860.0
2025-12-15,16.18,16.16,16.43,16.12,2877708.0,46719776.0,-1.1620795107033732,-0.19000000000000128,0.007216282186367185,1.8960244648317963,398779860.0
2025-12-16,16.1,15.88,16.17,15.73,3782210.0,60026275.0,-1.7326732673267342,-0.27999999999999936,0.00948445591008533,2.7227722772277305,398779860.0
2025-12-17,15.86,16.13,16.14,15.6,4368140.0,69251919.0,1.5743073047858935,0.24999999999999822,0.01095376281038867,3.400503778337537,398779860.0
2025-12-18,16.03,16.02,16.17,15.99,3041965.0,48893814.0,-0.6819590824550525,-0.10999999999999943,0.007628181122286366,1.1159330440173683,398779860.0
2025-12-19,16.11,16.11,16.25,16.03,2542214.0,40925286.0,0.561797752808979,0.08999999999999986,0.006374980923058652,1.3732833957552988,398779860.0
2025-12-22,16.11,16.39,16.52,16.1,3808955.0,62386849.0,1.7380509000620714,0.28000000000000114,0.009551522988146894,2.6070763500930982,398779860.0
2025-12-23,16.42,16.44,16.62,16.25,2472772.0,40700796.0,0.3050640634533197,0.05000000000000071,0.00620084474677332,2.2574740695546125,398779860.0
2025-12-24,16.49,16.88,16.94,16.4,4863408.0,81569975.0,2.676399026763976,0.4399999999999977,0.012195721218217992,3.2846715328467315,398779860.0
2025-12-25,16.84,16.91,17.21,16.69,5628203.0,94894643.0,0.17772511848341832,0.030000000000001137,0.014113558794067484,3.0805687203791448,398779860.0
2025-12-26,17.08,16.72,17.89,16.65,6821550.0,115615691.0,-1.1235955056179803,-0.19000000000000128,0.017106054453201323,7.3329390892962865,398779860.0
2025-12-29,16.67,16.68,16.9,16.54,4335349.0,72354881.0,-0.23923444976076125,-0.03999999999999915,0.010871534485216982,2.1531100478468868,398779860.0
2025-12-30,16.66,16.49,16.73,16.48,3514101.0,58203112.0,-1.1390887290167906,-0.19000000000000128,0.008812132588641764,1.498800959232614,398779860.0
2025-12-31,16.56,16.78,16.98,16.4,6315005.0,106020704.0,1.758641600970301,0.2900000000000027,0.01583581728525608,3.517283201940582,398779860.0
2026-01-05,16.88,16.92,17.09,16.8,4653101.0,78665045.0,0.8343265792610355,0.14000000000000057,0.01166834503628142,1.7282479141835467,398779860.0
2026-01-06,16.97,17.13,17.36,16.89,5311768.0,90919195.0,1.241134751773032,0.2099999999999973,0.013320050817009665,2.7777777777777706,398779860.0
2026-01-07,17.21,17.13,17.3,17.03,5087102.0,87249333.0,0.0,0.0,0.012756667300098857,1.5761821366024493,398779860.0
2026-01-08,17.12,17.1,17.2,16.95,4653400.0,79530737.0,-0.17513134851137035,-0.029999999999997584,0.011669094823394541,1.4594279042615295,398779860.0
2026-01-09,17.18,17.31,17.54,17.1,7635092.0,132161746.0,1.228070175438578,0.2099999999999973,0.019146132404981534,2.573099415204665,398779860.0
2026-01-12,17.27,17.51,17.51,17.09,7510687.0,129915242.0,1.1554015020219799,0.20000000000000284,0.01883416830529004,2.4263431542461107,398779860.0
2026-01-13,17.51,17.08,17.52,17.02,6779237.0,116868958.0,-2.455739577384375,-0.43000000000000327,0.016999948292273335,2.855511136493432,398779860.0
2026-01-14,17.06,17.14,17.31,16.85,7392267.0,126746388.0,0.3512880562061005,0.060000000000002274,0.018537212486106996,2.6932084309133337,398779860.0
2026-01-15,17.21,17.18,17.25,17.01,4140946.0,70892209.0,0.2333722287047868,0.03999999999999915,0.010384039956280641,1.4002333722286957,398779860.0
2026-01-16,17.32,17.5,17.71,17.22,7865483.0,137109792.0,1.86263096623982,0.3200000000000003,0.019723872213606775,2.8521536670547265,398779860.0
2026-01-19,17.55,17.95,18.13,17.4,9668362.0,172876466.0,2.571428571428558,0.4499999999999993,0.024244860309645528,4.1714285714285735,398779860.0
2026-01-20,17.95,17.93,18.07,17.63,6987632.0,124557652.0,-0.11142061281337323,-0.019999999999999574,0.01752252984892467,2.451253481894158,398779860.0
2026-01-21,17.8,18.14,18.2,17.76,5941152.0,107316926.0,1.171221416620205,0.21000000000000085,0.014898325105987048,2.453987730061337,398779860.0
2026-01-22,18.25,18.45,18.5,17.99,8019040.0,146584762.0,1.708930540242548,0.3099999999999987,0.020108939303002914,2.81146637265712,398779860.0
2026-01-23,18.46,18.72,19.04,18.4,8608110.0,160823622.0,1.4634146341463428,0.2699999999999996,0.021586120221818623,3.468834688346887,398779860.0
2026-01-26,18.72,18.34,18.72,18.13,6418840.0,117827669.0,-2.0299145299145227,-0.379999999999999,0.016096199040743935,3.1517094017094007,398779860.0
2026-01-27,18.21,18.58,18.65,17.92,6100024.0,111769672.0,1.3086150490730475,0.23999999999999844,0.015296720350922437,3.980370774263887,398779860.0
2026-01-28,18.52,18.48,18.68,18.33,4409901.0,81511155.0,-0.5382131324004225,-0.09999999999999787,0.011058484748953972,1.8837459634015148,398779860.0
2026-01-29,18.4,18.11,18.69,18.06,5906045.0,108345879.0,-2.002164502164505,-0.370000000000001,0.014810289065250186,3.4090909090909225,398779860.0
2026-01-30,18.02,18.19,18.35,17.62,5498791.0,99062109.0,0.4417448923246914,0.08000000000000185,0.013789038894792731,4.030922142462731,398779860.0
2026-02-02,18.15,17.69,18.34,17.69,5567321.0,100007399.0,-2.7487630566245147,-0.5,0.013960888095000585,3.5733919736118667,398779860.0
2026-02-03,17.85,18.01,18.15,17.67,3795220.0,67973523.0,1.8089315997738886,0.3200000000000003,0.009517080426278298,2.7133973996608076,398779860.0
2026-02-04,17.95,18.15,18.24,17.84,3615700.0,65342806.0,0.7773459189339027,0.13999999999999702,0.009066907240501063,2.220988339811208,398779860.0
2026-02-05,18.07,18.1,18.37,17.72,4693740.0,84501086.0,-0.2754820936638924,-0.04999999999999716,0.011770253392435617,3.5812672176308658,398779860.0
2026-02-06,17.97,17.81,18.08,17.73,4376129.0,78352604.0,-1.6022099447513982,-0.2900000000000027,0.010973796419909471,1.9337016574585517,398779860.0
2026-02-09,17.98,18.22,18.3,17.98,3879290.0,70507270.0,2.3020774845592396,0.41000000000000014,0.009727898495174756,1.7967434025828206,398779860.0
2026-02-10,18.15,18.39,18.58,18.1,3948720.0,72821318.0,0.933040614709113,0.1700000000000017,0.009902004579669594,2.634467618002178,398779860.0
2026-02-11,18.33,18.32,18.56,18.3,2849100.0,52506909.0,-0.38064165307232223,-0.07000000000000028,0.007144543357831562,1.4138118542686133,398779860.0
2026-02-12,18.32,18.49,18.75,18.32,3729162.0,69120240.0,0.9279475982532759,0.16999999999999815,0.009351430134912029,2.3471615720524004,398779860.0
2026-02-13,18.4,18.31,18.59,18.26,3230100.0,59510187.0,-0.9734991887506705,-0.17999999999999972,0.008099957705988462,1.7847485127095637,398779860.0
2026-02-24,18.45,19.0,19.23,18.43,8870273.0,168204819.0,3.768432550518841,0.6900000000000013,0.022243533061072844,4.369197160021851,398779860.0
2026-02-25,19.0,19.25,19.39,18.95,5931853.0,113484574.0,1.3157894736842035,0.25,0.01487500647600408,2.3157894736842173,398779860.0
2026-02-26,19.25,19.74,19.76,19.11,7208415.0,140675135.0,2.5454545454545396,0.48999999999999844,0.01807617616396174,3.3766233766233875,398779860.0
2026-02-27,19.55,19.19,19.55,19.05,6160446.0,118177441.0,-2.7862208713272385,-0.5499999999999972,0.015448237531353765,2.5329280648429586,398779860.0
2026-03-02,18.86,19.13,19.17,18.61,8641400.0,163356190.0,-0.3126628452319036,-0.060000000000002274,0.021669599863944986,2.9181865554976665,398779860.0
2026-03-03,19.07,19.06,20.08,19.0,16124891.0,314320093.0,-0.3659174072138005,-0.07000000000000028,0.04043557014138076,5.6455828541557675,398779860.0
2026-03-04,18.66,18.86,19.34,18.66,7619381.0,144619669.0,-1.049317943336825,-0.1999999999999993,0.019106734728278403,3.567681007345224,398779860.0
2026-03-05,19.15,18.88,19.38,18.73,5426508.0,103407208.0,0.10604453870626251,0.019999999999999574,0.01360777848710815,3.446447507953333,398779860.0
2026-03-06,18.71,18.84,19.02,18.59,4760902.0,89664153.0,-0.21186440677966045,-0.03999999999999915,0.011938672128527254,2.277542372881354,398779860.0
2026-03-09,18.51,18.18,18.59,17.52,7938078.0,142655700.0,-3.5031847133757954,-0.6600000000000001,0.019905915007844176,5.679405520169853,398779860.0
2026-03-10,18.29,18.84,18.87,18.29,6253669.0,116974408.0,3.630363036303641,0.6600000000000001,0.01568200811344886,3.1903190319032007,398779860.0
2026-03-11,18.84,18.84,19.35,18.8,5342300.0,101378313.0,0.0,0.0,0.013396614362621021,2.919320594479834,398779860.0
2026-03-12,18.8,18.28,18.88,18.1,4961930.0,91614237.0,-2.972399150743088,-0.5599999999999987,0.01244277983346501,4.140127388535019,398779860.0
2026-03-13,18.11,18.23,18.45,17.99,4511194.0,82417189.0,-0.2735229759299851,-0.05000000000000071,0.011312492060155697,2.5164113785558033,398779860.0
2026-03-16,18.24,18.48,18.49,17.72,5446923.0,98854576.0,1.371365880416886,0.25,0.01365897214568459,4.223806911684035,398779860.0
2026-03-17,18.49,17.44,18.58,17.44,6423915.0,114528407.0,-5.627705627705626,-1.0399999999999991,0.01610892536047332,6.168831168831153,398779860.0
2026-03-18,17.44,18.15,18.18,17.44,5234985.0,93555084.0,4.07110091743117,0.7099999999999973,0.013127505987890161,4.243119266055037,398779860.0
2026-03-19,17.86,17.5,17.99,17.45,4362750.0,77127547.0,-3.5812672176308458,-0.6499999999999986,0.010940246581158837,2.9752066115702434,398779860.0
2026-03-20,17.5,17.07,17.81,17.05,4876338.0,84863222.0,-2.4571428571428577,-0.4299999999999997,0.012228145122474339,4.342857142857132,398779860.0
2026-03-23,16.69,15.63,16.75,15.5,8595590.0,138245932.0,-8.435852372583474,-1.4399999999999995,0.021554724453737458,7.322788517867604,398779860.0
2026-03-24,15.99,16.36,16.4,15.69,6275691.0,100491820.0,4.670505438259753,0.7299999999999986,0.01573723156430217,4.542546385156744,398779860.0
2026-03-25,16.59,16.65,16.92,16.58,3620835.0,60652095.0,1.7726161369193028,0.28999999999999915,0.009079784019182914,2.0782396088019772,398779860.0
2026-03-26,16.65,17.07,17.61,16.48,9805064.0,167804378.0,2.522522522522541,0.4200000000000017,0.024587660971644856,6.786786786786782,398779860.0
2026-03-27,16.8,16.68,16.96,16.5,6200795.0,103477966.0,-2.284710017574698,-0.39000000000000057,0.01554941866923771,2.6947861745752832,398779860.0
2026-03-30,16.42,16.97,17.3,16.26,5565344.0,93298196.0,1.7386091127098213,0.28999999999999915,0.013955930472516842,6.235011990407669,398779860.0
2026-03-31,16.86,16.66,17.0,16.56,3043390.0,50966827.0,-1.826753093694744,-0.3099999999999987,0.007631754522407426,2.5928108426635315,398779860.0
2026-04-01,16.97,17.24,17.29,16.92,3948636.0,67715864.0,3.4813925570228,0.5799999999999983,0.009901793937136144,2.2208883553421215,398779860.0
2026-04-02,17.12,16.95,17.4,16.8,3429065.0,58655070.0,-1.6821345707656588,-0.28999999999999915,0.008598892130610608,3.48027842227377,398779860.0
2026-04-03,16.88,16.82,17.2,16.69,3599747.0,61008468.0,-0.7669616519173972,-0.129999999999999,0.009026902712689654,3.0088495575221126,398779860.0
2026-04-07,16.88,17.61,17.75,16.88,5229395.0,91146516.0,4.696789536266355,0.7899999999999991,0.013113488228818778,5.172413793103455,398779860.0
2026-04-08,17.89,19.2,19.35,17.64,12654679.0,236364213.0,9.028960817717202,1.5899999999999999,0.03173349576881841,9.710391822827944,398779860.0
2026-04-09,19.0,18.88,19.26,18.78,7367815.0,139801933.0,-1.6666666666666718,-0.3200000000000003,0.018475895447678827,2.500000000000002,398779860.0
2026-04-10,19.02,18.74,19.14,18.65,4781715.0,90293078.0,-0.7415254237288171,-0.14000000000000057,0.01199086383148838,2.5953389830508584,398779860.0
2026-04-13,18.72,18.9,19.27,18.62,4761330.0,90221197.0,0.8537886872998834,0.16000000000000014,0.011939745402388175,3.4685165421558093,398779860.0
2026-04-14,18.96,19.93,20.75,18.96,16809170.0,336574815.0,5.44973544973546,1.0300000000000011,0.042151501833618175,9.470899470899468,398779860.0
2026-04-15,19.94,19.56,20.31,19.48,8970123.0,178358618.0,-1.8564977420973405,-0.370000000000001,0.02249392183446777,4.164576016056188,398779860.0
2026-04-16,19.55,19.51,19.76,19.36,7518695.0,146836911.0,-0.2556237218813706,-0.04999999999999716,0.01885424956014579,2.0449897750511354,398779860.0
2026-04-17,19.48,19.5,19.71,19.23,6462591.0,125584066.0,-0.05125576627371675,-0.010000000000001563,0.01620591120123268,2.46027678113788,398779860.0
2026-04-20,19.49,19.37,19.76,19.28,6239700.0,121394923.0,-0.6666666666666599,-0.129999999999999,0.015646978761665646,2.4615384615384635,398779860.0
2026-04-21,19.3,19.41,19.83,18.98,6364330.0,123306551.0,0.20650490449147796,0.03999999999999915,0.015959507082428888,4.388229220443975,398779860.0
2026-04-22,19.4,19.91,20.15,19.26,8861344.0,175907620.0,2.575991756826368,0.5,0.022221142261296747,4.585265327150938,398779860.0
2026-04-23,20.06,19.46,20.06,19.34,6343910.0,124199932.0,-2.2601707684580585,-0.4499999999999993,0.015908300885606408,3.6162732295328923,398779860.0
2026-04-24,19.36,19.45,20.12,19.34,8195318.0,161742952.0,-0.05138746145940676,-0.010000000000001563,0.02055098269004859,4.00822199383351,398779860.0
2026-04-27,19.31,20.14,20.14,19.31,8719830.0,173631395.0,3.547557840616977,0.6900000000000013,0.021866274791309672,4.267352185089984,398779860.0
2026-04-28,20.0,19.78,20.52,19.72,12223553.0,244765234.0,-1.7874875868917561,-0.35999999999999943,0.03065238299647329,3.972194637537243,398779860.0
2026-04-29,19.76,19.7,19.9,19.3,8714170.0,171196867.0,-0.4044489383215444,-0.08000000000000185,0.021852081496793744,3.033367037411516,398779860.0
2026-04-30,19.65,19.86,20.43,19.5,8177637.0,163632821.0,0.8121827411167626,0.16000000000000014,0.02050664494440617,4.720812182741115,398779860.0
2026-05-06,20.08,20.28,20.58,20.05,10796724.0,219551071.0,2.114803625377659,0.4200000000000017,0.027074396385013026,2.6686807653574904,398779860.0
2026-05-07,20.31,21.23,21.55,20.31,16493546.0,346896237.0,4.684418145956615,0.9499999999999993,0.041360027560067854,6.11439842209074,398779860.0
2026-05-08,21.08,21.05,21.4,20.71,10423720.0,219229906.0,-0.8478568064060332,-0.17999999999999972,0.02613903319992138,3.2501177578897678,398779860.0
2026-05-11,21.26,21.32,21.39,21.04,10250136.0,217590614.0,1.282660332541563,0.2699999999999996,0.02570374541984141,1.6627078384798166,398779860.0
2026-05-12,21.4,21.05,21.69,20.98,11205712.0,238285602.0,-1.2664165103189462,-0.2699999999999996,0.028099994819196738,3.3302063789868703,398779860.0
2026-05-13,20.7,20.94,21.25,20.68,10926198.0,229744760.0,-0.5225653206650804,-0.10999999999999943,0.02739907175853866,2.7078384798099773,398779860.0
2026-05-14,21.01,20.5,21.05,20.5,7998441.0,165797244.0,-2.1012416427889313,-0.4400000000000013,0.02005728423697225,2.626552053486154,398779860.0
2026-05-15,20.48,20.0,20.78,19.85,8307141.0,167646641.0,-2.4390243902439046,-0.5,0.020831395547408035,4.536585365853657,398779860.0
2026-05-18,19.97,22.0,22.0,19.85,18768753.0,402492618.0,10.000000000000009,2.0,0.04706544859110989,10.749999999999993,398779860.0
2026-05-19,22.5,24.2,24.2,22.01,27086872.0,630597232.0,9.999999999999986,2.1999999999999993,0.06792437311152073,9.954545454545444,398779860.0
2026-05-20,24.76,25.71,26.32,24.36,44445651.0,1133737369.0,6.239669421487615,1.5100000000000016,0.11145410151856716,8.099173553719012,398779860.0
2026-05-21,25.6,25.84,27.25,24.62,40125312.0,1053721796.0,0.5056398288603603,0.129999999999999,0.10062020684795867,10.229482691559701,398779860.0
2026-05-22,26.36,28.42,28.42,26.31,15999364.0,445225143.0,9.984520123839014,2.580000000000002,0.04012079245927816,8.165634674922611,398779860.0
2026-05-25,31.26,30.7,31.26,29.0,46975836.0,1422328534.0,8.022519352568613,2.2799999999999976,0.11779891792930566,7.952146375791701,398779860.0
2026-05-26,29.82,31.75,33.1,29.01,46747157.0,1435722569.0,3.420195439739415,1.0500000000000007,0.1172254712161241,13.322475570032575,398779860.0
2026-05-27,31.8,34.93,34.93,31.8,39935164.0,1353985360.0,10.015748031496052,3.1799999999999997,0.10014338236640136,9.85826771653543,398779860.0
2026-05-28,35.13,38.42,38.42,35.13,43356468.0,1587710327.0,9.991411394217021,3.490000000000002,0.10872281263151053,9.4188376753507,398779860.0
2026-05-29,37.1,35.81,38.29,35.01,41430080.0,1503434828.0,-6.793336803748051,-2.6099999999999994,0.10389210728947043,8.53722019781364,398779860.0
2026-06-01,34.47,32.23,35.59,32.23,27694945.0,925063178.0,-9.997207483943049,-3.5800000000000054,0.06944920688823152,9.382853951410238,398779860.0
2026-06-02,30.49,31.74,33.36,30.31,40167729.0,1271473768.0,-1.5203226807322334,-0.48999999999999844,0.10072657380440427,9.46323301272107,398779860.0
2026-06-03,31.1,31.14,32.12,30.45,33686406.0,1050723569.0,-1.8903591682419618,-0.5999999999999979,0.08447368931821181,5.261499684940133,398779860.0
2026-06-04,30.69,34.25,34.25,30.5,30608232.0,1002617887.0,9.987154784842645,3.1099999999999994,0.07675470872576162,12.042389210019268,398779860.0
2026-06-05,34.2,35.5,37.29,34.02,41282118.0,1471397070.0,3.649635036496357,1.25,0.10352107049739172,9.54744525547444,398779860.0
2026-06-08,33.23,31.95,35.9,31.95,25626811.0,856351337.0,-9.999999999999998,-3.5500000000000007,0.06426305230158814,11.12676056338028,398779860.0
2026-06-09,32.38,33.08,34.1,31.28,28106839.0,915370307.0,3.5367762128325486,1.129999999999999,0.07048209255101298,8.826291079812208,398779860.0
2026-06-10,32.8,31.22,33.8,30.69,22987639.0,732035082.0,-5.622732769044736,-1.8599999999999994,0.057644934726643414,9.401451027811355,398779860.0
2026-06-11,30.5,30.59,31.88,29.5,21789556.0,666319728.0,-2.0179372197309364,-0.629999999999999,0.05464056284086162,7.623318385650221,398779860.0
2026-06-12,31.18,28.76,31.37,28.48,22410688.0,660679703.0,-5.982347172278512,-1.8299999999999983,0.05619814400857656,9.447531873161166,398779860.0
2026-06-15,29.41,31.18,31.64,29.17,22641270.0,698195835.0,8.414464534075105,2.419999999999998,0.05677636277820049,8.58831710709318,398779860.0
2026-06-16,31.0,34.3,34.3,30.99,20062448.0,657278210.0,10.006414368184725,3.1199999999999974,0.05030958183294412,10.615779345734442,398779860.0
2026-06-17,34.3,37.73,37.73,34.3,14820860.0,547646665.0,10.000000000000009,3.4299999999999997,0.03716551783733511,10.0,398779860.0
2026-06-18,40.06,41.5,41.5,39.62,5371723.0,220419394.0,9.99204876755897,3.770000000000003,0.01347039692526097,4.982772329711112,398779860.0
2026-06-22,44.88,45.65,45.65,40.81,32816052.0,1474790567.0,9.999999999999986,4.149999999999999,0.08229114679964028,11.66265060240963,398779860.0
2026-06-23,47.69,44.42,49.29,43.72,42620610.0,1963697721.0,-2.694414019715219,-1.2299999999999969,0.10687753890078601,12.201533406352684,398779860.0
