date,open,close,high,low,volume,amount,pct_chg,change,turnover,amplitude,outstanding_share
2023-06-26,11.45,11.44,11.57,11.41,741396.0,11364630.0,,,0.014850982982532554,,49922352.0
2023-06-27,11.43,11.71,11.75,11.41,924560.0,14411206.0,2.360139860139876,0.27000000000000135,0.018519960758259145,2.9720279720279708,49922352.0
2023-06-28,11.74,11.75,11.77,11.5,928800.0,14472107.0,0.3415883859948732,0.03999999999999915,0.018604892654096105,2.3057216054654104,49922352.0
2023-06-29,11.69,11.95,11.98,11.69,879660.0,13995391.0,1.7021276595744705,0.1999999999999993,0.017620564031117766,2.4680851063829867,49922352.0
2023-06-30,11.98,12.28,12.41,11.9,1667780.0,27247676.0,2.761506276150638,0.33000000000000007,0.03340705889724296,4.267782426778241,49922982.0
2023-07-03,12.31,12.39,12.48,12.28,1003000.0,16557891.0,0.8957654723127151,0.11000000000000121,0.020090947291570044,1.6286644951140152,49922982.0
2023-07-04,12.33,12.4,12.45,12.28,691006.0,11432392.0,0.08071025020177647,0.009999999999999787,0.01384144080175339,1.372074253430185,49922982.0
2023-07-05,12.46,12.41,12.49,12.28,597420.0,9912642.0,0.08064516129031585,0.009999999999999787,0.011966833231236066,1.693548387096781,49922982.0
2023-07-06,12.36,12.39,12.48,12.3,617740.0,10231334.0,-0.16116035455278066,-0.019999999999999574,0.012373860199296588,1.4504431909750177,49922982.0
2023-07-07,12.3,12.42,12.48,12.3,536320.0,8900747.0,0.2421307506053294,0.02999999999999936,0.010742948007392667,1.4527845036319589,49922982.0
2023-07-10,12.42,12.37,12.49,12.32,457300.0,7565459.0,-0.40257648953301306,-0.05000000000000071,0.009160109866834477,1.3687600644122377,49922982.0
2023-07-11,12.45,12.47,12.53,12.31,559720.0,9320982.0,0.8084074373484462,0.10000000000000142,0.011211670008013543,1.7784963621665226,49922982.0
2023-07-12,12.29,12.15,12.41,12.13,1463220.0,23923097.0,-2.566158781074579,-0.3200000000000003,0.029309547254208493,2.2453889334402515,49922982.0
2023-07-13,12.23,12.13,12.35,12.1,1022180.0,16662317.0,-0.16460905349794386,-0.019999999999999574,0.02047513908524134,2.05761316872428,49922982.0
2023-07-14,12.16,12.1,12.22,12.06,389340.0,6312208.0,-0.2473206924979432,-0.030000000000001137,0.0077988129795611965,1.3190436933223424,49922982.0
2023-07-17,11.87,12.05,12.13,11.6,1248840.0,19872262.0,-0.4132231404958553,-0.049999999999998934,0.02501533261775108,4.380165289256207,49922982.0
2023-07-18,12.05,12.07,12.15,11.97,562433.0,9065522.0,0.16597510373443924,0.019999999999999574,0.011266013716888948,1.4937759336099559,49922982.0
2023-07-19,12.13,12.25,12.25,11.98,586660.0,9528906.0,1.4913007456503813,0.17999999999999972,0.011751301234369373,2.2369511184755555,49922982.0
2023-07-20,12.22,12.14,12.37,12.1,688360.0,11236071.0,-0.897959183673469,-0.10999999999999943,0.01378843916014472,2.204081632653058,49922982.0
2023-07-21,12.22,12.13,12.25,12.02,562667.0,9104007.0,-0.08237232289950436,-0.009999999999999787,0.011270700936895155,1.894563426688636,49922982.0
2023-07-24,12.07,12.11,12.17,11.98,689040.0,11116858.0,-0.16488046166530657,-0.02000000000000135,0.013802060141359344,1.566364385820276,49922982.0
2023-07-25,12.13,12.28,12.29,12.13,622460.0,10162386.0,1.4037985136251097,0.16999999999999993,0.01246840583360986,1.321222130470672,49922982.0
2023-07-26,12.32,12.35,12.42,12.2,667053.0,10965532.0,0.5700325732899136,0.07000000000000028,0.013361641738468266,1.7915309446254124,49922982.0
2023-07-27,12.39,12.18,12.39,12.15,727560.0,11887962.0,-1.3765182186234792,-0.16999999999999993,0.014573648665458325,1.943319838056682,49922982.0
2023-07-28,12.13,12.39,12.48,12.1,998420.0,16480946.0,1.7241379310344973,0.21000000000000085,0.019999205976918608,3.119868637110023,49922982.0
2023-07-31,12.51,12.41,12.57,12.35,1025306.0,17032733.0,0.16142050040355294,0.019999999999999574,0.020537755537119156,1.7756255044390687,49922982.0
2023-08-01,12.49,12.35,12.53,12.34,672440.0,11153001.0,-0.483481063658342,-0.0600000000000005,0.013469547952884705,1.5310233682514063,49922982.0
2023-08-02,12.45,12.42,12.45,12.26,789120.0,13079240.0,0.5668016194332104,0.07000000000000028,0.015806748082476323,1.5384615384615346,49922982.0
2023-08-03,12.41,12.28,12.42,12.24,537520.0,8823507.0,-1.1272141706924366,-0.14000000000000057,0.010766985033065533,1.4492753623188384,49922982.0
2023-08-04,12.37,12.01,12.37,11.98,952460.0,15410429.0,-2.1986970684039098,-0.2699999999999996,0.019078587893647858,3.175895765472303,49922982.0
2023-08-07,11.93,11.79,11.98,11.74,972460.0,15349422.0,-1.831806827643634,-0.22000000000000064,0.019479204988195616,1.9983347210657803,49922982.0
2023-08-08,11.79,11.77,11.88,11.74,576760.0,9099203.0,-0.16963528413910245,-0.019999999999999574,0.011552995772568233,1.1874469889737114,49922982.0
2023-08-09,11.85,11.68,11.85,11.6,751726.0,11746133.0,-0.7646559048428148,-0.08999999999999986,0.015057714300800381,2.1240441801189465,49922982.0
2023-08-10,11.68,11.8,11.84,11.63,638480.0,10025280.0,1.0273972602739878,0.120000000000001,0.012789300126342613,1.7979452054794443,49922982.0
2023-08-11,11.8,11.74,11.93,11.69,787920.0,12419769.0,-0.5084745762711895,-0.0600000000000005,0.01578271105680346,2.0338983050847474,49922982.0
2023-08-14,11.66,11.78,11.86,11.52,839880.0,13123208.0,0.34071550255536653,0.03999999999999915,0.016823514268438533,2.896081771720612,49922982.0
2023-08-15,11.86,11.95,12.02,11.79,742800.0,11823715.0,1.4431239388794648,0.16999999999999993,0.014878918891503716,1.9524617996604452,49922982.0
2023-08-16,11.96,11.83,12.12,11.83,1072700.0,17172120.0,-1.0041841004184038,-0.11999999999999922,0.021487097866068977,2.4267782426778175,49922982.0
2023-08-17,11.82,11.96,11.98,11.72,845220.0,13383419.0,1.098901098901095,0.13000000000000078,0.016930479032682782,2.1978021978021958,49922982.0
2023-08-18,11.97,11.98,12.1,11.92,810466.0,13008178.0,0.16722408026754731,0.019999999999999574,0.016234326707487146,1.5050167224080242,49922982.0
2023-08-21,12.01,12.05,12.28,11.93,1780460.0,28899613.0,0.5843071786310494,0.07000000000000028,0.03566413560792502,2.921535893155256,49922982.0
2023-08-22,12.02,11.76,12.14,11.63,1163180.0,18344185.0,-2.40663900414938,-0.2900000000000009,0.023299489601803034,4.232365145228214,49922982.0
2023-08-23,11.69,11.54,11.75,11.54,780420.0,12108514.0,-1.8707482993197355,-0.22000000000000064,0.01563247964634805,1.785714285714293,49922982.0
2023-08-24,11.53,11.36,11.69,11.11,1301920.0,19637535.0,-1.559792027729634,-0.17999999999999972,0.02607857038668083,5.025996533795495,49922982.0
2023-08-25,11.38,11.09,11.45,11.08,780420.0,11716865.0,-2.3767605633802757,-0.2699999999999996,0.01563247964634805,3.2570422535211203,49922982.0
2023-08-28,11.6,11.21,11.68,11.17,1165406.0,17676233.0,1.082055906221835,0.120000000000001,0.0233440782844262,4.598737601442739,49922982.0
2023-08-29,11.26,11.79,11.86,11.21,1105900.0,17134699.0,5.1739518287243325,0.5799999999999983,0.022152122243018255,5.798394290811762,49922982.0
2023-08-30,11.79,12.04,12.13,11.79,1379160.0,22157673.0,2.120441051738764,0.25,0.02762575360582427,2.8837998303647296,49922982.0
2023-08-31,12.03,11.85,12.12,11.76,919120.0,14615559.0,-1.5780730897009931,-0.1899999999999995,0.018410759197036747,2.9900332225913577,49922982.0
2023-09-01,11.85,11.91,11.98,11.69,1039420.0,16486808.0,0.5063291139240533,0.0600000000000005,0.02082047102074151,2.4472573839662526,49922982.0
2023-09-04,11.91,12.01,12.04,11.87,932760.0,14897425.0,0.8396305625524736,0.09999999999999964,0.01868398005551832,1.42737195633921,49922982.0
2023-09-05,12.07,11.95,12.09,11.91,643280.0,10291740.0,-0.4995836802664466,-0.0600000000000005,0.012885448229034075,1.4987510407993314,49922982.0
2023-09-06,11.94,11.98,12.05,11.76,697960.0,11175073.0,0.2510460251046176,0.030000000000001137,0.013980735365527644,2.426778242677832,49922982.0
2023-09-07,12.05,11.83,12.05,11.82,669660.0,10680919.0,-1.2520868113522599,-0.15000000000000036,0.013413862176742567,1.9198664440734592,49922982.0
2023-09-08,11.8,11.8,11.99,11.76,632700.0,9999094.0,-0.2535925612848655,-0.02999999999999936,0.012673521786018311,1.9442096365173325,49922982.0
2023-09-11,11.87,11.82,11.96,11.72,876720.0,13858055.0,0.16949152542371504,0.019999999999999574,0.0175614509565955,2.0338983050847474,49922982.0
2023-09-12,11.89,11.79,11.89,11.69,489040.0,7688717.0,-0.2538071065989911,-0.030000000000001137,0.009795889195881768,1.692047377326574,49922982.0
2023-09-13,11.78,11.71,11.78,11.59,555956.0,8667877.0,-0.6785411365563876,-0.0799999999999983,0.011136273870819656,1.6115351993214548,49922982.0
2023-09-14,11.7,11.63,11.71,11.49,581780.0,9003505.0,-0.6831767719897575,-0.08000000000000007,0.011653550663299721,1.8787361229718242,49922982.0
2023-09-15,11.62,11.69,11.83,11.47,712920.0,11122040.0,0.5159071367153878,0.05999999999999872,0.014280396952249367,3.0954428202923423,49922982.0
2023-09-18,11.75,12.0,12.04,11.61,979480.0,15606192.0,2.651839178785287,0.3100000000000005,0.01961982158838188,3.6783575705731373,49922982.0
2023-09-19,12.02,11.84,12.03,11.77,725400.0,11501034.0,-1.3333333333333308,-0.16000000000000014,0.014530382019247168,2.166666666666665,49922982.0
2023-09-20,11.79,11.83,12.01,11.6,586360.0,9321844.0,-0.08445945945946276,-0.009999999999999787,0.011745291977951157,3.462837837837839,49922982.0
2023-09-21,11.84,11.65,11.9,11.6,679640.0,10613459.0,-1.5215553677092153,-0.17999999999999972,0.013613770106921897,2.5359256128486956,49922982.0
2023-09-22,11.6,11.76,11.76,11.53,539280.0,8411647.0,0.9442060085836923,0.10999999999999943,0.010802239337385736,1.9742489270386303,49922982.0
2023-09-25,11.77,11.73,11.9,11.65,682120.0,10706493.0,-0.25510204081632404,-0.02999999999999936,0.01366344662664582,2.1258503401360542,49922982.0
2023-09-26,11.73,11.59,11.77,11.58,486760.0,7561987.0,-1.1935208866155178,-0.14000000000000057,0.009750218847103325,1.6197783461210529,49922982.0
2023-09-27,11.62,11.68,11.72,11.5,524220.0,8151678.0,0.7765314926660993,0.08999999999999986,0.010500574665191274,1.8981880931837847,49922982.0
2023-09-28,11.68,11.91,11.93,11.53,683101.0,10795239.0,1.9691780821917915,0.23000000000000043,0.013683079627855232,3.424657534246579,49923045.0
2023-10-09,11.91,11.55,11.92,11.54,887666.0,13841157.0,-3.0226700251889116,-0.35999999999999943,0.017780686254213862,3.1905961376994187,49923045.0
2023-10-10,11.56,11.44,11.74,11.38,1053160.0,16144601.0,-0.9523809523809601,-0.11000000000000121,0.021095668343146936,3.1168831168831117,49923045.0
2023-10-11,11.55,11.41,11.55,11.31,814160.0,12402650.0,-0.2622377622377603,-0.02999999999999936,0.01630830010469113,2.0979020979020997,49923045.0
2023-10-12,11.47,11.36,11.47,11.23,689680.0,10451928.0,-0.4382120946538226,-0.05000000000000071,0.01381486245480419,2.1034180543383014,49923045.0
2023-10-13,11.36,11.06,11.36,11.0,1569280.0,23295052.0,-2.640845070422526,-0.29999999999999893,0.03143398003867753,3.169014084507037,49923045.0
2023-10-16,11.08,11.08,11.14,10.85,1142640.0,16804237.0,0.1808318264014508,0.019999999999999574,0.02288802696229767,2.622061482820985,49923045.0
2023-10-17,11.09,11.24,11.35,11.02,965773.0,14459723.0,1.4440433212996373,0.16000000000000014,0.01934523425003423,2.978339350180506,49923045.0
2023-10-18,11.29,10.95,11.29,10.93,784840.0,11571669.0,-2.5800711743772298,-0.2900000000000009,0.015720996185228684,3.2028469750889625,49923045.0
2023-10-19,10.97,10.92,11.14,10.81,651360.0,9558541.0,-0.2739726027397249,-0.02999999999999936,0.013047281070295291,3.0136986301369872,49923045.0
2023-10-20,10.84,10.93,11.07,10.84,581600.0,8528857.0,0.09157509157509125,0.009999999999999787,0.011649930407890785,2.1062271062271103,49923045.0
2023-10-23,10.91,10.64,10.97,10.55,960540.0,13761029.0,-2.653247941445558,-0.28999999999999915,0.01924041291952444,3.8426349496797796,49923045.0
2023-10-24,10.65,11.2,11.2,10.65,1444157.0,21304370.0,5.263157894736836,0.5599999999999987,0.028927662565454492,5.169172932330817,49923045.0
2023-10-25,11.27,11.3,11.38,11.08,833608.0,12521195.0,0.8928571428571619,0.10000000000000142,0.016697859675827067,2.678571428571435,49923045.0
2023-10-26,11.27,11.28,11.35,11.2,756060.0,11374516.0,-0.1769911504424848,-0.02000000000000135,0.015144508913669029,1.3274336283185872,49923045.0
2023-10-27,11.29,11.52,11.62,11.24,1638140.0,25202987.0,2.127659574468077,0.2400000000000002,0.03281330295457739,3.3687943262411264,49923045.0
2023-10-30,11.61,11.56,11.74,11.5,1360740.0,21118209.0,0.3472222222222321,0.040000000000000924,0.027256750865256717,2.0833333333333353,49923045.0
2023-10-31,11.77,11.94,12.0,11.59,3347531.0,53286707.0,3.287197231833905,0.379999999999999,0.06705382253826865,3.546712802768167,49923045.0
2023-11-01,11.89,11.96,12.01,11.77,1968480.0,31319401.0,0.16750418760469454,0.02000000000000135,0.0394302871549602,2.010050251256283,49923045.0
2023-11-02,11.98,11.94,12.12,11.92,1200480.0,19246772.0,-0.16722408026756952,-0.02000000000000135,0.024046610137662877,1.6722408026755793,49923045.0
2023-11-03,12.01,11.98,12.06,11.9,1001693.0,16044610.0,0.3350083752093891,0.040000000000000924,0.02006474164386407,1.3400335008375222,49923045.0
2023-11-06,11.98,12.22,12.22,11.9,1536593.0,24812329.0,2.003338898163598,0.2400000000000002,0.030779232316458262,2.67111853088481,49923045.0
2023-11-07,12.22,12.07,12.22,11.98,1027490.0,16576324.0,-1.227495908346976,-0.15000000000000036,0.020581476951175553,1.9639934533551573,49923045.0
2023-11-08,12.05,12.07,12.19,11.97,674150.0,10897388.0,0.0,0.0,0.01350378367345181,1.8227009113504462,49923045.0
2023-11-09,12.07,12.04,12.19,12.01,825420.0,13316335.0,-0.24855012427507095,-0.030000000000001137,0.016533847244293694,1.4913007456503704,49923045.0
2023-11-10,12.04,12.08,12.12,11.97,573740.0,9241573.0,0.33222591362127574,0.040000000000000924,0.011492488088416882,1.2458471760797225,49923045.0
2023-11-13,12.1,12.2,12.22,11.96,1037340.0,16852692.0,0.9933774834437026,0.11999999999999922,0.020778780621254173,2.1523178807947003,49923045.0
2023-11-14,12.28,12.38,12.48,12.13,1433200.0,23486301.0,1.4754098360655776,0.1800000000000015,0.028708184767175158,2.8688524590163906,49923045.0
2023-11-15,12.38,12.49,12.6,12.25,1155800.0,19141252.0,0.8885298869143687,0.10999999999999943,0.023151632677854486,2.8271405492730177,49923045.0
2023-11-16,12.45,12.39,12.5,12.29,731586.0,12107217.0,-0.8006405124099225,-0.09999999999999964,0.014654274393719373,1.6813450760608557,49923045.0
2023-11-17,12.33,12.36,12.44,12.3,539766.0,8921505.0,-0.2421307506053405,-0.030000000000001137,0.010811960688695972,1.129943502824849,49923045.0
2023-11-20,12.49,12.51,12.54,12.28,826020.0,13705693.0,1.2135922330097193,0.15000000000000036,0.016545865741963456,2.10355987055016,49923045.0
2023-11-21,12.43,12.47,12.55,12.35,618340.0,10311601.0,-0.3197442046362853,-0.03999999999999915,0.012385863081869305,1.5987210231814635,49923045.0
2023-11-22,12.4,12.44,12.54,12.36,589100.0,9800093.0,-0.24057738572574872,-0.030000000000001137,0.011800161628762828,1.4434643143544483,49923045.0
2023-11-23,12.48,12.53,12.58,12.33,541640.0,9049326.0,0.7234726688102988,0.08999999999999986,0.010849498463084533,2.009646302250804,49923045.0
2023-11-24,12.52,12.48,12.55,12.39,707440.0,11779788.0,-0.3990422984836317,-0.049999999999998934,0.01417060998582919,1.276935355147647,49923045.0
2023-11-27,12.48,12.39,12.56,12.28,914000.0,15104258.0,-0.7211538461538436,-0.08999999999999986,0.018308178116939782,2.2435897435897525,49923045.0
2023-11-28,12.29,12.53,12.54,12.29,879460.0,14639888.0,1.1299435028248483,0.1399999999999988,0.017616313267750396,2.0177562550443904,49923045.0
2023-11-29,12.53,12.48,12.6,12.37,698106.0,11656337.0,-0.3990422984836317,-0.049999999999998934,0.01398364222374657,1.835594573024744,49923045.0
2023-11-30,12.42,12.45,12.54,12.31,579880.0,9611239.0,-0.24038461538462563,-0.030000000000001137,0.011615477381237463,1.8429487179487072,49923045.0
2023-12-01,12.48,12.6,12.71,12.41,920040.0,15449402.0,1.2048192771084265,0.15000000000000036,0.018429164326815402,2.409638554216873,49923045.0
2023-12-04,12.56,12.5,12.66,12.39,968960.0,16180734.0,-0.7936507936507908,-0.09999999999999964,0.01940907250349012,2.1428571428571392,49923045.0
2023-12-05,12.54,12.4,12.6,12.4,791740.0,13229387.0,-0.8000000000000007,-0.09999999999999964,0.015859208908430966,1.5999999999999945,49923045.0
2023-12-06,12.39,12.6,12.65,12.35,859100.0,14426603.0,1.6129032258064502,0.1999999999999993,0.01720848558015642,2.4193548387096833,49923045.0
2023-12-07,12.59,12.54,12.67,12.51,808600.0,13585081.0,-0.4761904761904856,-0.0600000000000005,0.01619692869295132,1.269841269841271,49923045.0
2023-12-08,12.55,12.16,12.55,12.1,1149940.0,18800196.0,-3.0303030303030276,-0.379999999999999,0.023034252017279794,3.5885167464114924,49923045.0
2023-12-11,12.1,12.29,12.49,12.01,1290500.0,21194723.0,1.069078947368407,0.129999999999999,0.0258497854047164,3.947368421052635,49923045.0
2023-12-12,12.42,12.52,12.61,12.14,1079780.0,17918241.0,1.8714401952807158,0.23000000000000043,0.021628889023095448,3.824247355573628,49923045.0
2023-12-13,12.54,12.51,12.57,12.38,859740.0,14340915.0,-0.07987220447284171,-0.009999999999999787,0.017221305311004166,1.5175718849840216,49923045.0
2023-12-14,12.53,12.63,12.66,12.45,853140.0,14326149.0,0.9592326139088891,0.120000000000001,0.01708910183663677,1.6786570743405345,49923045.0
2023-12-15,12.63,12.66,12.69,12.5,842520.0,14216651.0,0.23752969121140222,0.02999999999999936,0.01687637442788195,1.5043547110055384,49923045.0
2023-12-18,12.57,12.38,12.67,12.37,880566.0,14710414.0,-2.211690363349128,-0.27999999999999936,0.01763846736512166,2.3696682464455034,49923045.0
2023-12-19,12.5,12.34,12.58,12.21,1383206.0,22747170.0,-0.3231017770597866,-0.040000000000000924,0.02770676347967156,2.9886914378029017,49923045.0
2023-12-20,12.39,12.23,12.5,12.22,957140.0,15817236.0,-0.8914100486223653,-0.10999999999999943,0.01917230809939578,2.2690437601296543,49923045.0
2023-12-21,12.22,12.5,12.51,12.12,903460.0,14873998.0,2.2076860179885527,0.2699999999999996,0.018097053174540936,3.1888798037612474,49923045.0
2023-12-22,12.56,12.36,12.65,12.27,1091500.0,18127430.0,-1.1200000000000099,-0.14000000000000057,0.02186365034424483,3.0400000000000063,49923045.0
2023-12-25,12.36,12.22,12.39,12.07,1182200.0,19285457.0,-1.132686084142387,-0.1399999999999988,0.02368044657532408,2.588996763754048,49923045.0
2023-12-26,12.23,12.04,12.25,11.98,827540.0,13340737.0,-1.4729950900163824,-0.1800000000000015,0.016576312602726857,2.2094926350245463,49923045.0
2023-12-27,12.04,11.98,12.13,11.89,856520.0,13719990.0,-0.4983388704318803,-0.05999999999999872,0.017156806040176435,1.9933554817275767,49923045.0
2023-12-28,12.01,12.12,12.19,11.89,1050920.0,16944003.0,1.1686143572620988,0.1399999999999988,0.02105079928517982,2.5041736227044984,49923045.0
2023-12-29,12.12,12.13,12.31,11.94,1379611.0,22325240.0,0.08250825082509738,0.010000000000001563,0.027634717774382155,3.0528052805280614,49923108.0
2024-01-02,12.13,12.52,12.63,12.13,2154373.0,36028191.0,3.215169002473206,0.3899999999999988,0.04315382367620221,4.122011541632316,49923108.0
2024-01-03,12.52,12.51,12.59,12.34,1220040.0,20359410.0,-0.07987220447284171,-0.009999999999999787,0.024438382321869866,1.996805111821086,49923108.0
2024-01-04,12.5,12.6,12.62,12.35,1228400.0,20462283.0,0.7194244604316502,0.08999999999999986,0.024605839844746846,2.158273381294961,49923108.0
2024-01-05,12.48,12.45,12.72,12.37,1435740.0,24030408.0,-1.1904761904761973,-0.15000000000000036,0.02875902678174604,2.7777777777777892,49923108.0
2024-01-08,12.34,12.39,12.55,12.34,1312540.0,21809885.0,-0.48192771084336616,-0.05999999999999872,0.026291231707769477,1.6867469879518142,49923108.0
2024-01-09,12.39,12.61,12.64,12.34,1316140.0,22077814.0,1.77562550443906,0.21999999999999886,0.026363342602788272,2.421307506053274,49923108.0
2024-01-10,12.51,12.51,12.71,12.37,1470620.0,24572810.0,-0.7930214115781098,-0.09999999999999964,0.02945770123126148,2.696272799365596,49923108.0
2024-01-11,12.37,12.46,12.57,12.37,931620.0,15528171.0,-0.3996802557953538,-0.049999999999998934,0.018661097782614017,1.5987210231814635,49923108.0
2024-01-12,12.46,12.43,12.62,12.41,976680.0,16319720.0,-0.24077046548957037,-0.030000000000001137,0.019563685818599276,1.6853932584269586,49923108.0
2024-01-15,12.43,12.48,12.58,12.37,1283000.0,21388685.0,0.4022526146419958,0.05000000000000071,0.025699521752531915,1.6894609814963866,49923108.0
2024-01-16,12.53,12.37,12.59,12.2,1100940.0,18151641.0,-0.8814102564102644,-0.11000000000000121,0.02205271354499804,3.125000000000004,49923108.0
2024-01-17,12.28,12.39,12.54,12.28,1268273.0,21132602.0,0.16168148746968924,0.02000000000000135,0.025404528099492524,2.1018593371059,49923108.0
2024-01-18,12.36,12.1,12.36,11.8,1693316.0,27275087.0,-2.3405972558514954,-0.2900000000000009,0.033918481197124185,4.5197740112994245,49923108.0
2024-01-19,12.14,12.06,12.46,11.98,1196960.0,19447774.0,-0.33057851239668423,-0.03999999999999915,0.023976071361582696,3.9669421487603342,49923108.0
2024-01-22,12.02,11.11,12.06,10.86,2225900.0,34285019.0,-7.877280265339969,-0.9500000000000011,0.04458656700620482,9.950248756218913,49923108.0
2024-01-23,11.12,10.83,11.23,10.64,1972100.0,28509736.0,-2.5202520252025185,-0.27999999999999936,0.039502748907379724,5.31053105310531,49923108.0
2024-01-24,10.83,11.06,11.28,10.62,1823180.0,26722813.0,2.123730378578026,0.23000000000000043,0.03651976155010221,6.094182825484766,49923108.0
2024-01-25,11.06,11.44,11.47,10.91,1412065.0,21115376.0,3.435804701627476,0.379999999999999,0.028284797492976597,5.06329113924051,49923108.0
2024-01-26,11.5,11.56,11.77,11.38,1376720.0,21348284.0,1.0489510489510634,0.120000000000001,0.02757680871952123,3.4090909090908985,49923108.0
2024-01-29,11.56,11.26,11.62,11.09,1710258.0,25772408.0,-2.595155709342567,-0.3000000000000007,0.03425784308140431,4.584775086505185,49923108.0
2024-01-30,11.26,10.76,11.26,10.69,1361240.0,19854937.0,-4.440497335701599,-0.5,0.027266731870940406,5.062166962699825,49923108.0
2024-01-31,10.79,9.81,10.79,9.69,2521460.0,33856420.0,-8.828996282527878,-0.9499999999999993,0.05050687148724795,10.223048327137544,49923108.0
2024-02-01,9.81,9.61,9.81,9.28,1948816.0,24924456.0,-2.038735983690121,-0.20000000000000107,0.039036351663041494,5.402650356778809,49923108.0
2024-02-02,9.66,9.04,9.96,8.67,2461287.0,30254051.0,-5.93132154006244,-0.5700000000000003,0.04930155790781295,13.423517169614996,49923108.0
2024-02-05,8.88,8.15,8.98,8.14,3772189.0,41894271.0,-9.845132743362816,-0.8899999999999988,0.07555997915834888,9.292035398230087,49923108.0
2024-02-06,7.6,8.67,8.82,7.34,5460950.0,58309804.0,6.380368098159495,0.5199999999999996,0.10938722004247012,18.15950920245399,49923108.0
2024-02-07,8.67,8.17,8.71,7.81,4612467.0,49533813.0,-5.767012687427908,-0.5,0.09239142322629433,10.380622837370257,49923108.0
2024-02-08,7.94,8.98,8.98,7.93,3127150.0,35503762.0,9.914320685434518,0.8100000000000005,0.0626393292661186,12.85189718482253,49923108.0
2024-02-19,9.2,9.08,9.36,8.84,1939777.0,23573334.0,1.1135857461024523,0.09999999999999964,0.038855293224131796,5.790645879732734,49923108.0
2024-02-20,9.12,9.21,9.39,9.01,1373468.0,16940996.0,1.4317180616740144,0.13000000000000078,0.02751166854435425,4.185022026431726,49923108.0
2024-02-21,9.1,9.66,9.84,9.06,1388751.0,17901476.0,4.885993485342022,0.4499999999999993,0.02781779932451321,8.469055374592827,49923108.0
2024-02-22,9.6,9.8,9.84,9.51,974300.0,12669626.0,1.449275362318847,0.14000000000000057,0.019516012504670183,3.4161490683229823,49923108.0
2024-02-23,9.79,10.1,10.11,9.79,965440.0,12841997.0,3.0612244897959107,0.29999999999999893,0.019338539579707256,3.265306122448982,49923108.0
2024-02-26,10.13,10.13,10.37,10.01,1189900.0,16201837.0,0.2970297029702973,0.030000000000001137,0.02383465388412917,3.564356435643559,49923108.0
2024-02-27,10.25,10.33,10.41,10.04,1131332.0,15566648.0,1.9743336623889274,0.1999999999999993,0.02266148974539005,3.6525172754195556,49923108.0
2024-02-28,10.3,9.42,10.5,9.36,3033846.0,39546687.0,-8.809293320425947,-0.9100000000000001,0.0607703751136648,11.03581800580833,49923108.0
2024-02-29,9.27,9.6,9.71,9.13,1721446.0,21900605.0,1.9108280254777066,0.17999999999999972,0.034481947718479386,6.1571125265392785,49923108.0
2024-03-01,9.62,9.78,9.94,9.61,1333100.0,17429115.0,1.8750000000000044,0.17999999999999972,0.02670306504154349,3.437500000000001,49923108.0
2024-03-04,9.78,9.53,9.79,9.39,1423480.0,18075645.0,-2.556237218813906,-0.25,0.0285134491225987,4.089979550102235,49923108.0
2024-03-05,9.53,9.5,9.63,9.39,1125760.0,14276809.0,-0.31479538300104304,-0.02999999999999936,0.022549878104544292,2.518363064008397,49923108.0
2024-03-06,9.53,9.42,9.58,9.27,1118562.0,14081827.0,-0.8421052631578996,-0.08000000000000007,0.022405696376115045,3.263157894736848,49923108.0
2024-03-07,9.47,9.49,9.63,9.42,806228.0,10245440.0,0.7430997876857859,0.07000000000000028,0.016149395185892673,2.229299363057334,49923108.0
2024-03-08,9.54,9.47,9.54,9.4,642620.0,8127577.0,-0.21074815595363283,-0.019999999999999574,0.012872195376938471,1.475237091675435,49923108.0
2024-03-11,9.48,9.81,9.81,9.41,970880.0,12513069.0,3.5902851108764455,0.33999999999999986,0.019447507154402327,4.223864836325241,49923108.0
2024-03-12,9.81,9.89,9.92,9.69,943200.0,12371135.0,0.815494393476035,0.08000000000000007,0.018893054494924476,2.3445463812436333,49923108.0
2024-03-13,9.95,9.98,10.01,9.78,740080.0,9805632.0,0.9100101112234471,0.08999999999999986,0.014824397551530645,2.3255813953488413,49923108.0
2024-03-14,10.02,10.07,10.07,9.88,809183.0,10785955.0,0.9018036072144353,0.08999999999999986,0.016208586212220603,1.903807615230456,49923108.0
2024-03-15,10.07,10.32,10.45,9.94,1090680.0,14832460.0,2.482621648460781,0.25,0.021847197494194472,5.064548162859977,49923108.0
2024-03-18,10.39,10.59,10.63,10.32,1063527.0,14879697.0,2.6162790697674465,0.2699999999999996,0.021303301068515204,3.0038759689922525,49923108.0
2024-03-19,10.66,10.6,10.67,10.46,696833.0,9818699.0,0.09442870632672129,0.009999999999999787,0.013958125363509018,1.983002832861181,49923108.0
2024-03-20,10.58,10.59,10.67,10.46,600220.0,8464111.0,-0.09433962264150386,-0.009999999999999787,0.012022889280050433,1.9811320754716895,49923108.0
2024-03-21,10.69,10.58,10.69,10.46,606980.0,8562292.0,-0.09442870632672129,-0.009999999999999787,0.012158297516252393,2.171860245514624,49923108.0
2024-03-22,10.74,10.37,10.74,10.33,1050879.0,14672285.0,-1.9848771266540721,-0.21000000000000085,0.02104995145734917,3.8752362948960317,49923108.0
2024-03-25,10.37,10.21,10.44,10.1,1336460.0,18360833.0,-1.5429122468659462,-0.15999999999999837,0.02677036854356103,3.2786885245901627,49923108.0
2024-03-26,10.1,10.13,10.23,9.92,1502880.0,20229362.0,-0.7835455435847183,-0.08000000000000007,0.03010389497384658,3.036238981390798,49923108.0
2024-03-27,10.15,9.82,10.44,9.82,1999780.0,26905544.0,-3.060217176702873,-0.3100000000000005,0.040057201566857575,6.1204343534057175,49923108.0
2024-03-28,9.78,9.95,10.07,9.75,1538195.0,20422921.0,1.323828920570258,0.129999999999999,0.030811282823176793,3.258655804480654,49923108.0
2024-03-29,9.95,10.15,10.21,9.95,1336680.0,18047558.0,2.01005025125629,0.20000000000000107,0.026773456037595806,2.6130653266331816,49925568.0
2024-04-01,10.29,10.43,10.43,10.14,1232660.0,16983809.0,2.7586206896551557,0.27999999999999936,0.024689954453798103,2.8571428571428488,49925568.0
2024-04-02,10.4,10.62,10.63,10.4,1215120.0,17146092.0,1.82166826462129,0.1899999999999995,0.024338631460337115,2.205177372962612,49925568.0
2024-04-03,10.77,10.58,10.9,10.37,2507740.0,35539046.0,-0.37664783427494575,-0.03999999999999915,0.050229573752671175,4.990583804143137,49925568.0
2024-04-08,10.59,10.01,10.67,9.99,1650920.0,22597025.0,-5.3875236294896105,-0.5700000000000003,0.0330676257904567,6.427221172022682,49925568.0
2024-04-09,9.94,10.26,10.38,9.94,1068630.0,14508710.0,2.4975024975024906,0.25,0.021404463540605087,4.395604395604408,49925568.0
2024-04-10,10.26,9.94,10.37,9.85,998910.0,13382677.0,-3.1189083820662766,-0.3200000000000003,0.02000798468632345,5.068226120857696,49925568.0
2024-04-11,9.94,9.82,10.13,9.78,1272600.0,16901728.0,-1.2072434607645843,-0.11999999999999922,0.02548994535224917,3.521126760563395,49925568.0
2024-04-12,9.83,9.83,10.01,9.78,1203260.0,15872025.0,0.10183299389001643,0.009999999999999787,0.024101077828498615,2.3421588594704725,49925568.0
2024-04-15,9.75,8.97,9.84,8.85,2948076.0,35893631.0,-8.748728382502534,-0.8599999999999994,0.05904942333355126,10.071210579857581,49925568.0
2024-04-16,8.99,8.41,8.99,8.41,2601300.0,29709579.0,-6.243032329988862,-0.5600000000000005,0.05210356344869226,6.465997770345597,49925568.0
2024-04-17,8.53,8.92,9.04,8.44,2246186.0,26621651.0,6.064209274673016,0.5099999999999998,0.04499069494812758,7.134363852556476,49925568.0
2024-04-18,8.93,8.97,9.1,8.69,1543326.0,18424986.0,0.5605381165919354,0.05000000000000071,0.030912537640032458,4.596412556053813,49925568.0
2024-04-19,8.87,8.8,8.98,8.71,1355440.0,15949075.0,-1.8952062430323324,-0.16999999999999993,0.027149215408025004,3.0100334448160484,49925568.0
2024-04-22,8.73,8.63,8.87,8.44,1500406.0,17293799.0,-1.931818181818179,-0.16999999999999993,0.030052857886363957,4.886363636363632,49925568.0
2024-04-23,8.79,8.9,8.97,8.63,1263360.0,14874659.0,3.1286210892236266,0.2699999999999996,0.02530486984144076,3.9397450753186543,49925568.0
2024-04-24,8.92,9.09,9.11,8.89,1016820.0,12252944.0,2.134831460674147,0.1899999999999995,0.020366718712143645,2.471910112359538,49925568.0
2024-04-25,9.03,9.26,9.37,9.03,1227560.0,15181266.0,1.8701870187018743,0.16999999999999993,0.02458780238614411,3.740374037403739,49925568.0
2024-04-26,9.21,9.33,9.37,9.04,1473105.0,18113262.0,0.7559395248380119,0.07000000000000028,0.029506023847340104,3.563714902807776,49925568.0
2024-04-29,9.33,9.63,9.84,9.21,3030769.0,38692302.0,3.2154340836012985,0.3000000000000007,0.06070574900620059,6.75241157556269,49925568.0
2024-04-30,9.8,9.54,9.88,9.43,2826160.0,35993277.0,-0.9345794392523588,-0.09000000000000163,0.056607468141373976,4.672897196261693,49925568.0
2024-05-06,9.61,10.03,10.06,9.58,2221720.0,29246186.0,5.136268343815509,0.4900000000000002,0.04450064544082904,5.031446540880508,49925568.0
2024-05-07,10.07,10.05,10.09,9.92,1161240.0,15509606.0,0.1994017946161719,0.02000000000000135,0.023259424910298466,1.6949152542372874,49925568.0
2024-05-08,9.97,9.84,10.04,9.78,1231235.0,16290830.0,-2.0895522388059806,-0.21000000000000085,0.024661411964306545,2.5870646766169134,49925568.0
2024-05-09,9.84,9.97,10.01,9.79,907200.0,12063202.0,1.3211382113821113,0.13000000000000078,0.01817105015209842,2.235772357723584,49925568.0
2024-05-10,10.13,10.02,10.28,9.9,1284680.0,17258265.0,0.5015045135406071,0.049999999999998934,0.025731905543868824,3.8114343029087157,49925568.0
2024-05-13,10.04,9.95,10.37,9.8,1737840.0,23347988.0,-0.698602794411185,-0.07000000000000028,0.03480861750035573,5.6886227544910035,49925568.0
2024-05-14,10.39,10.06,10.45,9.98,2571411.0,35021265.0,1.1055276381909618,0.11000000000000121,0.05150489224278831,4.72361809045225,49925568.0
2024-05-15,9.95,10.03,10.18,9.85,2217425.0,29652209.0,-0.29821073558649047,-0.030000000000001137,0.04441461737601062,3.2803180914512926,49925568.0
2024-05-16,10.0,9.96,10.21,9.94,1495473.0,20112703.0,-0.6979062811565129,-0.06999999999999851,0.029954050798180202,2.6919242273180597,49925568.0
2024-05-17,9.96,10.01,10.04,9.9,1095145.0,14578145.0,0.5020080321284981,0.049999999999998934,0.02193555414331991,1.405622489959827,49925568.0
2024-05-20,10.02,9.97,10.08,9.9,1197320.0,15950430.0,-0.39960039960038607,-0.03999999999999915,0.023982100714407494,1.7982017982017953,49925568.0
2024-05-21,9.97,9.92,10.04,9.84,986120.0,13056574.0,-0.5015045135406293,-0.05000000000000071,0.019751803324500983,2.00601805416248,49925568.0
2024-05-22,9.92,9.84,10.0,9.81,672420.0,8866723.0,-0.8064516129032251,-0.08000000000000007,0.013468449672921098,1.9153225806451561,49925568.0
2024-05-23,9.92,9.71,9.96,9.67,877040.0,11336519.0,-1.3211382113821002,-0.129999999999999,0.017566950865736772,2.947154471544725,49925568.0
2024-05-24,9.84,9.71,9.84,9.62,845420.0,10886059.0,0.0,0.0,0.016933608046282016,2.265705458290429,49925568.0
2024-05-27,9.7,9.72,9.84,9.52,917100.0,11661469.0,0.1029866117404632,0.009999999999999787,0.018369345342250286,3.2955715756951625,49925568.0
2024-05-28,9.67,9.5,9.68,9.49,667300.0,8430737.0,-2.263374485596714,-0.22000000000000064,0.013365897008923364,1.9547325102880608,49925568.0
2024-05-29,9.34,9.54,9.75,9.34,1143500.0,14477821.0,0.42105263157894424,0.03999999999999915,0.007635266338388274,4.3157894736842115,149765568.0
2024-05-30,9.55,9.4,9.59,9.37,1208300.0,15126018.0,-1.467505241090139,-0.1399999999999988,0.008067942559400569,2.3060796645702375,149765568.0
2024-05-31,9.41,9.47,9.61,9.34,1930223.0,24102264.0,0.7446808510638281,0.07000000000000028,0.012888296193688526,2.8723404255319105,149765568.0
2024-06-03,9.56,9.23,9.63,9.13,1647500.0,20326593.0,-2.5343189017951406,-0.2400000000000002,0.011000525835150574,5.279831045406547,149765568.0
2024-06-04,9.22,9.05,9.23,8.93,1500340.0,17871252.0,-1.950162513542797,-0.17999999999999972,0.010017923478913391,3.2502708559046662,149765568.0
2024-06-05,9.0,8.65,9.02,8.61,2479740.0,28694328.0,-4.41988950276243,-0.40000000000000036,0.01655747735020108,4.530386740331493,149765568.0
2024-06-06,8.62,8.23,8.67,8.05,2802150.0,30645873.0,-4.855491329479767,-0.41999999999999993,0.018710241862802537,7.167630057803459,149765568.0
2024-06-07,8.21,8.58,8.62,8.21,2115700.0,23786202.0,4.252733900364514,0.34999999999999964,0.014126745074007933,4.981773997569846,149765568.0
2024-06-11,8.55,8.42,8.55,8.25,1495800.0,16564263.0,-1.8648018648018683,-0.16000000000000014,0.009987609435033826,3.496503496503505,149765568.0
2024-06-12,8.43,8.53,8.53,8.39,1089020.0,12194646.0,1.306413301662701,0.10999999999999943,0.007271497811833492,1.6627078384797958,149765568.0
2024-06-13,8.51,8.4,8.53,8.34,1108320.0,12308705.0,-1.5240328253223745,-0.129999999999999,0.007400365883832524,2.2274325908557975,149765568.0
2024-06-14,8.4,8.36,8.42,8.25,895800.0,9849728.0,-0.4761904761904856,-0.040000000000000924,0.005981348129364421,2.023809523809523,149765568.0
2024-06-17,8.33,8.25,8.36,8.21,1050880.0,11487998.0,-1.3157894736842035,-0.10999999999999943,0.00701683313483644,1.7942583732057247,149765568.0
2024-06-18,8.25,8.28,8.32,8.15,910840.0,9938487.0,0.363636363636366,0.02999999999999936,0.006081771746093201,2.0606060606060597,149765568.0
2024-06-19,8.28,8.28,8.37,8.27,814120.0,8932370.0,0.0,0.0,0.005435962423619293,1.2077294685990296,149765568.0
2024-06-20,8.28,8.24,8.33,8.0,1586000.0,17037494.0,-0.48309178743960457,-0.03999999999999915,0.01058988405131946,3.9855072463768124,149765568.0
2024-06-21,8.44,8.05,8.53,7.95,2429300.0,25993750.0,-2.30582524271844,-0.1899999999999995,0.01622068431643781,7.038834951456301,149765568.0
2024-06-24,7.85,7.65,7.95,7.57,2407156.0,24606843.0,-4.968944099378891,-0.40000000000000036,0.016072826565849904,4.720496894409936,149765568.0
2024-06-25,7.67,7.84,7.91,7.65,1612460.0,16637920.0,2.4836601307189454,0.1899999999999995,0.01076656017489948,3.398692810457513,149765568.0
2024-06-26,7.85,8.07,8.09,7.75,1031140.0,10830563.0,2.933673469387754,0.23000000000000043,0.006885027137879917,4.33673469387755,149765568.0
2024-06-27,8.14,8.09,8.31,8.08,1761520.0,19039628.0,0.24783147459725985,0.019999999999999574,0.011761849025271283,2.8500619578686543,149765568.0
2024-06-28,8.02,8.07,8.18,7.94,974082.0,10417557.0,-0.24721878862793423,-0.019999999999999574,0.006504039526541776,2.9666254635352205,149765695.0
2024-07-01,8.09,8.22,8.23,8.03,967140.0,10389759.0,1.8587360594795488,0.15000000000000036,0.006457687122541647,2.4783147459727517,149765695.0
2024-07-02,8.06,8.25,8.32,8.06,905522.0,9864956.0,0.36496350364962904,0.02999999999999936,0.006046257789542525,3.1630170316301673,149765695.0
2024-07-03,8.25,8.17,8.33,8.14,753820.0,8172493.0,-0.9696969696969759,-0.08000000000000007,0.005033328894177001,2.303030303030297,149765695.0
2024-07-04,8.25,7.87,8.29,7.83,1169120.0,12312338.0,-3.671970624234999,-0.2999999999999998,0.0078063270764376315,5.630354957160331,149765695.0
2024-07-05,7.87,8.01,8.03,7.59,801310.0,8378013.0,1.7789072426937613,0.13999999999999968,0.005350424207626453,5.590851334180426,149765695.0
2024-07-08,7.96,7.75,7.99,7.7,770580.0,7934593.0,-3.2459425717852652,-0.2599999999999998,0.005145237031751497,3.6204744069912613,149765695.0
2024-07-09,7.65,7.92,7.93,7.63,1155878.0,11914155.0,2.1935483870967776,0.16999999999999993,0.007717908964399357,3.8709677419354813,149765695.0
2024-07-10,7.92,7.85,7.94,7.76,872968.0,9069013.0,-0.8838383838383868,-0.07000000000000028,0.005828891589626049,2.2727272727272805,149765695.0
2024-07-11,7.91,8.09,8.15,7.91,1364858.0,14496540.0,3.0573248407643305,0.2400000000000002,0.00911328859389328,3.057324840764334,149765695.0
2024-07-12,8.9,8.9,8.9,8.78,3440375.0,40447999.0,10.012360939431408,0.8100000000000005,0.02297171591932318,1.4833127317676267,149765695.0
2024-07-15,9.12,8.74,9.12,8.72,6924301.0,81413008.0,-1.7977528089887618,-0.16000000000000014,0.0462342260689272,4.4943820224718944,149765695.0
2024-07-16,8.74,8.56,8.78,8.5,3700478.0,42066925.0,-2.059496567505714,-0.17999999999999972,0.024708448753901886,3.2036613272311136,149765695.0
2024-07-17,8.56,8.42,8.61,8.34,2461798.0,27488632.0,-1.6355140186915973,-0.14000000000000057,0.016437662843951012,3.1542056074766305,149765695.0
2024-07-18,8.36,8.43,8.46,8.21,2353798.0,25926763.0,0.11876484560569,0.009999999999999787,0.01571653642043994,2.969121140142518,149765695.0
2024-07-19,8.4,8.44,8.55,8.39,1805860.0,20174816.0,0.11862396204032066,0.009999999999999787,0.012057901510756518,1.8979833926453162,149765695.0
2024-07-22,8.4,8.4,8.55,8.33,1780660.0,19791408.0,-0.4739336492890933,-0.03999999999999915,0.011889638678603934,2.6066350710900554,149765695.0
2024-07-23,8.38,8.31,8.5,8.31,1541260.0,17148578.0,-1.0714285714285676,-0.08999999999999986,0.010291141773154393,2.261904761904756,149765695.0
2024-07-24,8.28,8.25,8.39,8.18,1391520.0,15205859.0,-0.7220216606498298,-0.0600000000000005,0.00929131334114932,2.5270758122743784,149765695.0
2024-07-25,8.18,8.31,8.42,8.11,1541160.0,16805732.0,0.727272727272732,0.0600000000000005,0.010290474063502994,3.7575757575757636,149765695.0
2024-07-26,8.28,8.56,8.58,8.28,2299720.0,25741434.0,3.0084235860409203,0.25,0.015355452395156314,3.6101083032491057,149765695.0
2024-07-29,8.56,8.45,8.56,8.38,1500080.0,16738315.0,-1.2850467289719725,-0.11000000000000121,0.010016178938708226,2.1028037383177534,149765695.0
2024-07-30,8.4,8.44,8.49,8.37,1193320.0,13298456.0,-0.11834319526626835,-0.009999999999999787,0.007967912812076223,1.4201183431952782,149765695.0
2024-07-31,8.47,8.67,8.71,8.44,1821066.0,20694227.0,2.7251184834123254,0.23000000000000043,0.012159433440348272,3.1990521327014383,149765695.0
2024-08-01,8.64,8.59,8.71,8.56,1311140.0,14934820.0,-0.9227220299884653,-0.08000000000000007,0.00875460832335469,1.7301038062283776,149765695.0
2024-08-02,8.54,8.54,8.7,8.49,941780.0,10690070.0,-0.5820721769499548,-0.05000000000000071,0.006288355954946825,2.444703143189745,149765695.0
2024-08-05,8.51,8.35,8.67,8.35,1302700.0,14646422.0,-2.2248243559718883,-0.1899999999999995,0.008698253628776603,3.747072599531619,149765695.0
2024-08-06,8.42,8.51,8.57,8.37,928720.0,10388046.0,1.916167664670665,0.16000000000000014,0.006201153074474098,2.3952095808383365,149765695.0
2024-08-07,8.55,8.54,8.58,8.42,731500.0,8222870.0,0.3525264394829586,0.02999999999999936,0.004884296099984713,1.880141010575795,149765695.0
2024-08-08,8.47,8.57,8.58,8.39,960840.0,10792715.0,0.3512880562061005,0.030000000000001137,0.006415621414503502,2.2248243559718914,149765695.0
2024-08-09,8.55,8.53,8.62,8.5,1022080.0,11561556.0,-0.4667444574095736,-0.040000000000000924,0.006824526805020335,1.4002333722286957,149765695.0
2024-08-12,8.46,8.57,8.65,8.46,985280.0,11169000.0,0.4689331770222793,0.040000000000000924,0.006578809653305452,2.2274325908557975,149765695.0
2024-08-13,8.62,8.57,8.63,8.48,1107800.0,12488454.0,0.0,0.0,0.007396887518199679,1.750291715285885,149765695.0
2024-08-14,8.56,8.46,8.56,8.44,790260.0,8882652.0,-1.2835472578763052,-0.10999999999999943,0.005276642291146848,1.4002333722287164,149765695.0
2024-08-15,8.56,8.42,8.57,8.33,1057600.0,11812964.0,-0.47281323877069736,-0.040000000000000924,0.00706169727319731,2.836879432624116,149765695.0
2024-08-16,8.43,8.4,8.49,8.35,920000.0,10214253.0,-0.23752969121139111,-0.019999999999999574,0.006142928792872092,1.6627078384798168,149765695.0
2024-08-19,8.41,8.41,8.49,8.35,613220.0,6816834.0,0.11904761904761862,0.009999999999999787,0.004094529124309809,1.6666666666666732,149765695.0
2024-08-20,8.37,8.23,8.44,8.17,1081740.0,11859332.0,-2.1403091557669396,-0.17999999999999972,0.007222882383045063,3.210463733650411,149765695.0
2024-08-21,8.23,8.22,8.31,8.17,938300.0,10196537.0,-0.12150668286755595,-0.009999999999999787,0.006265119659078135,1.7010935601458148,149765695.0
2024-08-22,8.22,8.31,8.41,8.15,1130500.0,12425685.0,1.0948905109489093,0.08999999999999986,0.007548457609067283,3.1630170316301673,149765695.0
2024-08-23,8.24,8.15,8.31,8.09,994316.0,10721872.0,-1.9253910950661868,-0.16000000000000014,0.006639143897405878,2.6474127557160125,149765695.0
2024-08-26,8.12,8.34,8.37,8.12,847796.0,9314437.0,2.3312883435582687,0.1899999999999995,0.005660815716175857,3.067484662576687,149765695.0
2024-08-27,8.37,8.33,8.39,8.27,917309.0,10088724.0,-0.11990407673860837,-0.009999999999999787,0.006124960726152942,1.4388489208633213,149765695.0
2024-08-28,8.37,8.6,8.68,8.29,2504038.0,28219278.0,3.2412965186074283,0.2699999999999996,0.01671970340070201,4.681872749099647,149765695.0
2024-08-29,8.4,8.85,8.92,8.4,2534840.0,29302120.0,2.9069767441860517,0.25,0.016925371327525973,6.0465116279069715,149765695.0
2024-08-30,8.84,8.81,8.96,8.76,2508060.0,29268224.0,-0.4519774011299327,-0.03999999999999915,0.016746558682881284,2.2598870056497296,149765695.0
2024-09-02,8.78,8.9,8.92,8.77,2433619.0,28515121.0,1.0215664018161208,0.08999999999999986,0.01624950894128325,1.702610669693534,149765695.0
2024-09-03,8.93,8.85,8.99,8.82,1134805.0,13339951.0,-0.5617977528090012,-0.05000000000000071,0.0075772025095600165,1.9101123595505607,149765695.0
2024-09-04,8.84,8.85,8.92,8.8,1085526.0,12722472.0,0.0,0.0,0.007248161870447034,1.3559322033898218,149765695.0
2024-09-05,8.79,8.84,8.92,8.79,900960.0,10517403.0,-0.1129943502824804,-0.009999999999999787,0.006015796875245697,1.4689265536723253,149765695.0
2024-09-06,8.9,8.71,8.93,8.7,1139700.0,13231028.0,-1.4705882352941013,-0.129999999999999,0.007609886896996004,2.601809954751136,149765695.0
2024-09-09,8.67,8.71,8.78,8.57,875373.0,10045233.0,0.0,0.0,0.005844950006742199,2.4110218140068778,149765695.0
2024-09-10,8.73,8.72,8.73,8.57,627540.0,7174388.0,0.11481056257174327,0.009999999999999787,0.004190145146390167,1.836969001148107,149765695.0
2024-09-11,8.56,8.59,8.7,8.56,610920.0,6943882.0,-1.490825688073405,-0.13000000000000078,0.004079171802327629,1.6055045871559492,149765695.0
2024-09-12,8.68,8.62,8.74,8.55,898446.0,10285198.0,0.34924330616996624,0.02999999999999936,0.005999010654609522,2.211874272409773,149765695.0
2024-09-13,8.63,8.55,8.7,8.49,791092.0,8967025.0,-0.8120649651972012,-0.06999999999999851,0.005282197635446489,2.436194895591637,149765695.0
2024-09-18,8.53,8.43,8.54,8.24,911685.0,10094609.0,-1.40350877192984,-0.120000000000001,0.006087408735358254,3.5087719298245488,149765695.0
2024-09-19,8.41,8.7,8.72,8.4,970160.0,11005000.0,3.2028469750889688,0.2699999999999996,0.0064778519540139015,3.7959667852906325,149765695.0
2024-09-20,8.7,8.61,8.71,8.57,615000.0,7008740.0,-1.0344827586206917,-0.08999999999999986,0.004106414356104714,1.609195402298857,149765695.0
2024-09-23,8.49,8.62,8.66,8.49,451700.0,5141342.0,0.11614401858304202,0.009999999999999787,0.0030160444953699177,1.9744483159117299,149765695.0
2024-09-24,8.68,8.82,8.84,8.63,1444960.0,16724145.0,2.3201856148491906,0.20000000000000107,0.009648137378857021,2.436194895591637,149765695.0
2024-09-25,8.92,8.88,9.01,8.86,1433894.0,16939086.0,0.6802721088435382,0.0600000000000005,0.009574248628833193,1.7006802721088474,149765695.0
2024-09-26,8.87,9.11,9.12,8.84,1436374.0,17078827.0,2.5900900900900803,0.22999999999999865,0.00959080782818789,3.153153153153146,149765695.0
2024-09-27,9.25,9.42,9.44,9.11,1128718.0,13856059.0,3.4028540065861757,0.3100000000000005,0.007536559023079351,3.62239297475302,149765695.0
2024-09-30,9.78,10.08,10.21,9.41,4204730.0,54475845.0,7.006369426751591,0.6600000000000001,0.028075304604899345,8.49256900212315,149766140.0
2024-10-08,11.08,10.77,11.08,10.33,3631907.0,51295396.0,6.845238095238093,0.6899999999999995,0.02425052151307365,7.440476190476191,149766140.0
2024-10-09,10.62,10.07,10.73,10.05,2691544.0,36871652.0,-6.499535747446606,-0.6999999999999993,0.01797164566036088,6.313834726090992,149766140.0
2024-10-10,10.23,10.2,10.36,9.87,2136680.0,28627632.0,1.2909632571995955,0.129999999999999,0.014266776188529664,4.86593843098312,149766140.0
2024-10-11,10.2,9.8,10.2,9.66,1616940.0,21058914.0,-3.9215686274509665,-0.3999999999999986,0.01079643235780798,5.294117647058815,149766140.0
2024-10-14,9.84,10.02,10.03,9.71,1640145.0,21485292.0,2.244897959183656,0.21999999999999886,0.010951373922036049,3.265306122448964,149766140.0
2024-10-15,10.0,9.88,10.16,9.84,1676870.0,22052546.0,-1.3972055888223478,-0.1399999999999988,0.011196589562901201,3.193612774451101,149766140.0
2024-10-16,9.8,10.1,10.3,9.69,1688360.0,22428891.0,2.2267206477732726,0.21999999999999886,0.011273309173889372,6.174089068825923,149766140.0
2024-10-17,10.08,9.98,10.18,9.96,1092570.0,14560157.0,-1.188118811881178,-0.11999999999999922,0.0072951736620841,2.178217821782167,149766140.0
2024-10-18,9.68,10.24,10.58,9.68,2402255.0,32187834.0,2.605210420841675,0.2599999999999998,0.016040040826317617,9.018036072144293,149766140.0
2024-10-21,10.24,10.19,10.79,10.15,3384740.0,46032752.0,-0.4882812500000111,-0.05000000000000071,0.022600168502706953,6.2499999999999885,149766140.0
2024-10-22,10.3,10.18,10.3,10.04,1621049.0,21718109.0,-0.09813542688910104,-0.009999999999999787,0.010823868465862845,2.5515210991167967,149766140.0
2024-10-23,10.19,10.54,10.56,10.12,3274651.0,44646141.0,3.5363457760314354,0.35999999999999943,0.021865095808705493,4.3222003929273205,149766140.0
2024-10-24,10.36,10.3,10.37,10.21,1933240.0,26226457.0,-2.2770398481973264,-0.23999999999999844,0.01290839170990185,1.5180265654648801,149766140.0
2024-10-25,10.28,10.47,10.48,10.23,1601140.0,21966456.0,1.650485436893212,0.16999999999999993,0.010690934546353401,2.4271844660194173,149766140.0
2024-10-28,10.53,10.84,11.03,10.42,2558109.0,36327094.0,3.5339063992358977,0.3699999999999992,0.017080689934320267,5.826170009551093,149766140.0
2024-10-29,10.52,10.16,10.69,10.16,3509320.0,48112444.0,-6.273062730627299,-0.6799999999999997,0.02343199871479628,4.889298892988924,149766140.0
2024-10-30,10.12,10.07,10.23,9.96,1974374.0,26246584.0,-0.8858267716535417,-0.08999999999999986,0.013183046581824169,2.6574803149606256,149766140.0
2024-10-31,10.12,10.06,10.25,10.05,1576740.0,21095584.0,-0.09930486593843213,-0.009999999999999787,0.010528013875499495,1.9860973187686124,149766140.0
2024-11-01,10.06,9.89,10.08,9.81,1798530.0,23574334.0,-1.6898608349900535,-0.16999999999999993,0.012008922711101454,2.683896620278326,149766140.0
2024-11-04,9.9,9.99,10.01,9.84,1503860.0,19713518.0,1.0111223458038276,0.09999999999999964,0.010041388527473567,1.718907987866531,149766140.0
2024-11-05,10.01,10.13,10.13,9.96,1271540.0,16870149.0,1.4014014014014142,0.14000000000000057,0.008490170074490802,1.7017017017017009,149766140.0
2024-11-06,10.11,10.05,10.16,9.99,1595420.0,21194502.0,-0.7897334649555776,-0.08000000000000007,0.010652741667776175,1.6781836130306014,149766140.0
2024-11-07,9.97,10.22,10.24,9.97,1514240.0,20293417.0,1.691542288557213,0.16999999999999993,0.01011069658335322,2.6865671641791,149766140.0
2024-11-08,10.29,10.12,10.35,10.05,2371151.0,31738301.0,-0.9784735812133238,-0.10000000000000142,0.015832357033438934,2.935420743639911,149766140.0
2024-11-11,10.18,10.23,10.23,10.06,1534680.0,20573818.0,1.0869565217391353,0.11000000000000121,0.010247176030576738,1.679841897233201,149766140.0
2024-11-12,10.21,10.21,10.43,10.15,2409180.0,32788108.0,-0.19550342130987275,-0.019999999999999574,0.016086279582287425,2.7370478983382145,149766140.0
2024-11-13,10.21,10.24,10.33,10.01,1400580.0,18810248.0,0.2938295788442735,0.02999999999999936,0.009351780048547689,3.1341821743388856,149766140.0
2024-11-14,10.26,9.96,10.33,9.93,1642960.0,21918164.0,-2.734374999999989,-0.27999999999999936,0.010970169892874318,3.9062500000000036,149766140.0
2024-11-15,9.87,9.84,10.12,9.8,1163524.0,15296527.0,-1.2048192771084487,-0.120000000000001,0.007768938960435249,3.2128514056224744,149766140.0
2024-11-18,10.05,9.88,10.14,9.81,1697100.0,22340819.0,0.40650406504065817,0.040000000000000924,0.011331666824023107,3.3536585365853666,149766140.0
2024-11-19,9.88,9.99,9.99,9.78,1238267.0,16142706.0,1.1133603238866252,0.10999999999999943,0.008268003702305474,2.1255060728745026,149766140.0
2024-11-20,9.92,10.14,10.2,9.92,1518620.0,20231292.0,1.501501501501501,0.15000000000000036,0.010139942179186831,2.802802802802796,149766140.0
2024-11-21,10.09,10.18,10.22,10.05,1237500.0,16595515.0,0.39447731755424265,0.03999999999999915,0.008262882384496255,1.676528599605522,149766140.0
2024-11-22,10.18,9.84,10.22,9.83,1631020.0,21594165.0,-3.3398821218074692,-0.33999999999999986,0.010890445597382692,3.831041257367393,149766140.0
2024-11-25,9.92,10.1,10.12,9.77,1578200.0,20860016.0,2.6422764227642226,0.2599999999999998,0.010537762407444033,3.5569105691056877,149766140.0
2024-11-26,10.09,10.12,10.26,10.03,1398340.0,18769351.0,0.1980198019801982,0.019999999999999574,0.009336823396797167,2.2772277227722815,149766140.0
2024-11-27,10.18,10.18,10.19,9.89,1299840.0,17259495.0,0.5928853754940677,0.0600000000000005,0.008679131344374636,2.9644268774703457,149766140.0
2024-11-28,10.2,10.27,10.37,10.17,1572480.0,21325963.0,0.8840864440078589,0.08999999999999986,0.010499569528866805,1.9646365422396788,149766140.0
2024-11-29,10.3,10.32,10.47,10.23,1892834.0,25870328.0,0.48685491723468033,0.05000000000000071,0.012638597749798452,2.33690360272639,149766140.0
2024-12-02,10.33,10.53,10.61,10.31,2487940.0,34380576.0,2.034883720930214,0.20999999999999908,0.016612166141158475,2.906976744186036,149766140.0
2024-12-03,10.53,10.51,10.6,10.43,1200480.0,16664970.0,-0.18993352326684976,-0.019999999999999574,0.008015697006012174,1.6144349477682804,149766140.0
2024-12-04,10.54,10.25,10.57,10.15,1561020.0,21321335.0,-2.473834443387246,-0.2599999999999998,0.010423050230178863,3.996194100856327,149766140.0
2024-12-05,10.21,10.38,10.43,10.21,1170540.0,15983481.0,1.2682926829268304,0.13000000000000078,0.007815785330382422,2.146341463414623,149766140.0
2024-12-06,10.37,10.41,10.46,10.33,1077360.0,14827951.0,0.28901734104045396,0.02999999999999936,0.007193615325867382,1.2524084778420113,149766140.0
2024-12-09,10.5,10.47,10.55,10.34,1127307.0,15570563.0,0.5763688760807018,0.0600000000000005,0.007527115274520662,2.017291066282429,149766140.0
2024-12-10,10.66,10.34,10.81,10.33,1590120.0,22031921.0,-1.2416427889207382,-0.13000000000000078,0.01061735316140217,4.584527220630377,149766140.0
2024-12-11,10.34,10.49,10.49,10.34,1016580.0,14006109.0,1.4506769825918697,0.15000000000000036,0.006787782605600972,1.4506769825918797,149766140.0
2024-12-12,10.49,10.68,10.69,10.4,1866905.0,26118697.0,1.8112488083889433,0.1899999999999995,0.01246546782870948,2.764537654909429,149766140.0
2024-12-13,10.68,10.55,10.8,10.49,2517700.0,35311239.0,-1.217228464419462,-0.129999999999999,0.016810875942986848,2.9026217228464466,149766140.0
2024-12-16,10.56,10.62,10.75,10.48,2333280.0,32683040.0,0.6635071090047351,0.06999999999999851,0.015579489462704987,2.5592417061611332,149766140.0
2024-12-17,10.61,9.87,10.71,9.8,3863441.0,51485368.0,-7.062146892655363,-0.75,0.02579649178379038,8.568738229755182,149766140.0
2024-12-18,9.87,9.76,9.96,9.62,2470600.0,31919449.0,-1.1144883485308954,-0.10999999999999943,0.016496385631625414,3.4447821681864403,149766140.0
2024-12-19,9.62,9.71,9.77,9.53,1756076.0,22362969.0,-0.5122950819672067,-0.049999999999998934,0.011725454097969008,2.4590163934426252,149766140.0
2024-12-20,9.71,9.88,9.99,9.62,1605220.0,20940365.0,1.750772399588052,0.16999999999999993,0.01071817701918471,3.810504634397538,149766140.0
2024-12-23,9.97,9.43,9.97,9.35,2195820.0,27857568.0,-4.554655870445357,-0.45000000000000107,0.014661658503050155,6.275303643724706,149766140.0
2024-12-24,9.49,9.49,9.55,9.32,1546740.0,19300527.0,0.6362672322375529,0.0600000000000005,0.010327701575269283,2.439024390243907,149766140.0
2024-12-25,9.45,9.27,9.48,9.14,1837380.0,22493332.0,-2.3182297154899945,-0.22000000000000064,0.012268327139899579,3.5827186512118003,149766140.0
2024-12-26,9.24,9.32,9.44,9.24,1481480.0,18299336.0,0.5393743257821049,0.05000000000000071,0.009891955551501828,2.1574973031283635,149766140.0
2024-12-27,9.33,9.42,9.49,9.27,1149280.0,14316291.0,1.0729613733905463,0.09999999999999964,0.007673830680285944,2.3605150214592343,149766140.0
2024-12-30,9.33,9.35,9.44,9.19,1406067.0,17311847.0,-0.7430997876857748,-0.07000000000000028,0.009388417168259795,2.6539278131634823,149766140.0
2024-12-31,9.35,9.2,9.48,9.16,1176040.0,14497168.0,-1.6042780748663166,-0.15000000000000036,0.007852499290060723,3.4224598930481314,149766330.0
2025-01-02,9.16,9.14,9.42,9.01,1793060.0,21883893.0,-0.6521739130434634,-0.05999999999999872,0.011972383912992993,4.456521739130437,149766330.0
2025-01-03,9.12,8.74,9.18,8.74,2271740.0,26704072.0,-4.37636761487965,-0.40000000000000036,0.015168562920651123,4.814004376367609,149766330.0
2025-01-06,8.74,8.88,8.99,8.49,1777260.0,20696903.0,1.6018306636155666,0.14000000000000057,0.011866886235377471,5.720823798627002,149766330.0
2025-01-07,8.92,9.04,9.05,8.78,1412000.0,16644231.0,1.8018018018017834,0.15999999999999837,0.00942802030336191,3.0405405405405554,149766330.0
2025-01-08,8.99,9.07,9.1,8.78,1386100.0,16433314.0,0.33185840707965486,0.030000000000001137,0.009255084236890896,3.539823008849561,149766330.0
2025-01-09,9.02,9.0,9.08,8.93,1096700.0,13053170.0,-0.7717750826901959,-0.07000000000000028,0.0073227406987939146,1.6538037486218342,149766330.0
2025-01-10,9.01,8.84,9.02,8.79,886800.0,10441400.0,-1.7777777777777781,-0.16000000000000014,0.005921224082876305,2.5555555555555602,149766330.0
2025-01-13,8.78,8.9,8.93,8.65,826240.0,9615654.0,0.6787330316742057,0.0600000000000005,0.00551686083247149,3.1674208144796308,149766330.0
2025-01-14,8.95,9.24,9.24,8.94,1608200.0,19368424.0,3.8202247191011285,0.33999999999999986,0.010738061084891377,3.37078651685394,149766330.0
2025-01-15,9.25,9.27,9.38,9.21,1204120.0,14764684.0,0.32467532467532756,0.02999999999999936,0.0080399913652154,1.839826839826839,149766330.0
2025-01-16,9.31,9.35,9.42,9.23,1398200.0,17213730.0,0.8629989212513456,0.08000000000000007,0.009335876762153417,2.049622437971947,149766330.0
2025-01-17,9.38,9.35,9.38,9.21,1015160.0,12456945.0,0.0,0.0,0.006778292557479374,1.8181818181818175,149766330.0
2025-01-20,9.34,9.54,9.58,9.28,1674941.0,20953834.0,2.032085561497321,0.1899999999999995,0.011183695293862112,3.2085561497326283,149766330.0
2025-01-21,9.61,9.5,9.62,9.4,1028300.0,12883450.0,-0.41928721174003813,-0.03999999999999915,0.00686602923367355,2.306079664570219,149766330.0
2025-01-22,9.54,9.4,9.55,9.36,926357.0,11546546.0,-1.0526315789473606,-0.09999999999999964,0.006185348869802712,2.0000000000000138,149766330.0
2025-01-23,9.54,9.5,9.55,9.43,1123740.0,14116732.0,1.0638297872340496,0.09999999999999964,0.007503288623016936,1.2765957446808616,149766330.0
2025-01-24,9.42,9.59,9.62,9.42,1087940.0,13726808.0,0.9473684210526301,0.08999999999999986,0.007264249581331131,2.1052631578947296,149766330.0
2025-01-27,9.5,9.65,9.82,9.5,1230120.0,15751499.0,0.6256517205422307,0.0600000000000005,0.008213595138506766,3.3368091762252376,149766330.0
2025-02-05,9.49,9.5,9.65,9.45,1741368.0,21878641.0,-1.5544041450777257,-0.15000000000000036,0.011627232903416943,2.072538860103638,149766330.0
2025-02-06,9.49,9.58,9.61,9.46,1320980.0,16614225.0,0.8421052631578885,0.08000000000000007,0.008820273555478058,1.5789473684210378,149766330.0
2025-02-07,9.58,9.64,9.73,9.54,1132060.0,14409429.0,0.6263048016701411,0.0600000000000005,0.007558841830470173,1.9832985386221427,149766330.0
2025-02-10,9.65,9.62,9.67,9.55,1105820.0,14041896.0,-0.20746887966806016,-0.02000000000000135,0.007383635560809963,1.2448132780082906,149766330.0
2025-02-11,9.62,9.64,9.68,9.56,1020480.0,12950563.0,0.20790020790022457,0.02000000000000135,0.00681381456032207,1.2474012474012393,149766330.0
2025-02-12,9.63,9.55,9.64,9.47,1214960.0,15325311.0,-0.9336099585062207,-0.08999999999999986,0.008112370784541491,1.7634854771784225,149766330.0
2025-02-13,9.51,9.38,9.57,9.37,1175880.0,14665048.0,-1.7801047120418856,-0.16999999999999993,0.007851430959148161,2.094240837696346,149766330.0
2025-02-14,9.4,9.41,9.46,9.34,1058348.0,13142633.0,0.31982942430703876,0.02999999999999936,0.007066661779052742,1.2793176972281555,149766330.0
2025-02-17,9.41,9.58,9.68,9.37,1472620.0,18567931.0,1.8065887353878818,0.16999999999999993,0.009832784177858935,3.2943676939426196,149766330.0
2025-02-18,9.56,9.37,9.65,9.37,1373620.0,17283891.0,-2.192066805845516,-0.21000000000000085,0.00917175442571104,2.9227557411273604,149766330.0
2025-02-19,9.37,9.53,9.59,9.35,1373000.0,17253967.0,1.707577374599789,0.16000000000000014,0.009167614643424861,2.5613660618996823,149766330.0
2025-02-20,9.52,9.63,9.65,9.49,1015520.0,12842400.0,1.0493179433368471,0.10000000000000142,0.0067806963020326395,1.6789087093389312,149766330.0
2025-02-21,9.63,9.52,9.68,9.46,1073700.0,13491322.0,-1.142263759086204,-0.11000000000000121,0.0071691681301130905,2.2845275181723657,149766330.0
2025-02-24,9.52,9.72,9.77,9.43,1796348.0,22812235.0,2.1008403361344685,0.20000000000000107,0.011994338113246149,3.57142857142857,149766330.0
2025-02-25,9.68,9.64,9.72,9.59,868508.0,11064240.0,-0.8230452674897082,-0.08000000000000007,0.005799087151297625,1.33744855967079,149766330.0
2025-02-26,9.59,9.68,9.76,9.59,761000.0,9752163.0,0.4149377593360981,0.03999999999999915,0.005081248902874231,1.7634854771784225,149766330.0
2025-02-27,9.66,9.74,9.77,9.56,1096500.0,14004216.0,0.6198347107438051,0.0600000000000005,0.007321405285153211,2.1694214876032967,149766330.0
2025-02-28,9.73,9.62,9.77,9.58,997600.0,12729395.0,-1.2320328542094527,-0.120000000000001,0.006661043239825667,1.950718685831617,149766330.0
2025-03-03,9.65,9.68,9.75,9.59,1546340.0,19788191.0,0.6237006237006293,0.0600000000000005,0.010325017645821995,1.6632016632016646,149766330.0
2025-03-04,9.68,9.77,9.8,9.62,1735372.0,22308366.0,0.9297520661156966,0.08999999999999986,0.011587197202468673,1.8595041322314203,149766330.0
2025-03-05,9.71,9.59,9.79,9.49,1880040.0,23765927.0,-1.842374616171949,-0.17999999999999972,0.01255315530533465,3.0706243602865806,149766330.0
2025-03-06,9.59,9.76,9.78,9.54,1757680.0,22504781.0,1.7726798748696648,0.16999999999999993,0.011736149239952665,2.5026068821689282,149766330.0
2025-03-07,9.74,9.74,9.79,9.65,821900.0,10557689.0,-0.2049180327868827,-0.019999999999999574,0.00548788235646824,1.4344262295081844,149766330.0
2025-03-10,9.74,9.81,9.84,9.71,1146140.0,14816216.0,0.7186858316221789,0.07000000000000028,0.0076528549507756515,1.334702258726889,149766330.0
2025-03-11,9.77,9.86,9.86,9.7,938600.0,12103902.0,0.5096839959225274,0.049999999999998934,0.006267096215818335,1.6309887869520912,149766330.0
2025-03-12,9.83,9.84,9.88,9.8,796620.0,10343707.0,-0.20283975659228792,-0.019999999999999574,0.005319086072283403,0.811359026369169,149766330.0
2025-03-13,9.85,9.96,9.96,9.69,1768180.0,22929880.0,1.2195121951219523,0.120000000000001,0.011806258456089564,2.7439024390244042,149766330.0
2025-03-14,9.93,10.14,10.14,9.92,2310726.0,30660213.0,1.8072289156626509,0.17999999999999972,0.015428875101633325,2.208835341365468,149766330.0
2025-03-17,10.24,10.13,10.24,10.04,1660520.0,22159676.0,-0.09861932938856066,-0.009999999999999787,0.011087405293299235,1.9723865877712137,149766330.0
2025-03-18,10.15,10.18,10.21,10.08,1185328.0,15881143.0,0.49358341559722074,0.049999999999998934,0.007914515899534963,1.283316880552821,149766330.0
2025-03-19,10.18,10.15,10.26,10.08,1521360.0,20393517.0,-0.29469548133594925,-0.02999999999999936,0.010158224482098212,1.7681728880157142,149766330.0
2025-03-20,10.2,10.16,10.21,10.08,1481528.0,19839598.0,0.09852216748769127,0.009999999999999787,0.00989226350141584,1.2807881773399092,149766330.0
2025-03-21,10.16,9.99,10.18,9.94,1529360.0,20256471.0,-1.67322834645669,-0.16999999999999993,0.010211641027726325,2.362204724409451,149766330.0
2025-03-24,10.03,9.82,10.03,9.63,2231160.0,28940478.0,-1.7017017017016967,-0.16999999999999993,0.014897607492952521,4.004004004003989,149766330.0
2025-03-25,9.73,9.86,9.91,9.65,1942500.0,25034689.0,0.40733197556006573,0.03999999999999915,0.012970204985326141,2.647657841140527,149766330.0
2025-03-26,9.81,10.04,10.12,9.77,1781987.0,23580929.0,1.8255578093306246,0.17999999999999972,0.011898448736775482,3.549695740365108,149766330.0
2025-03-27,10.0,10.02,10.07,9.86,1244280.0,16393676.0,-0.19920318725099584,-0.019999999999999574,0.008308142424268526,2.0916334661354665,149766330.0
2025-03-28,9.96,9.89,10.01,9.8,1833520.0,23895801.0,-1.2974051896207484,-0.129999999999999,0.012242538092507175,2.095808383233524,149766330.0
2025-03-31,9.88,9.8,9.89,9.62,1699940.0,21787079.0,-0.9100101112234582,-0.08999999999999986,0.01135061532188176,2.7300303336703875,149766330.0
2025-04-01,9.75,9.95,10.05,9.75,1304000.0,17125213.0,1.5306122448979442,0.14999999999999858,0.008706896937382387,3.0612244897959253,149766330.0
2025-04-02,9.94,10.08,10.12,9.93,1152700.0,15317466.0,1.3065326633165952,0.13000000000000078,0.007696656518190704,1.9095477386934627,149766330.0
2025-04-03,10.03,10.08,10.11,9.9,1456000.0,19246120.0,0.0,0.0,0.00972181130431653,2.083333333333324,149766330.0
2025-04-07,9.47,9.08,9.55,9.08,2043200.0,24876816.0,-9.92063492063492,-1.0,0.013642585753420011,4.662698412698419,149766330.0
2025-04-08,9.29,8.87,9.42,8.76,3964772.0,47546400.0,-2.312775330396488,-0.21000000000000085,0.02647305305538301,7.268722466960353,149766330.0
2025-04-09,8.79,8.87,8.93,8.37,2110260.0,24091853.0,0.0,0.0,0.014090349947147666,6.313416009019172,149766330.0
2025-04-10,9.04,9.2,9.29,8.98,2193100.0,26619592.0,3.7204058624577208,0.33000000000000007,0.014643478277126774,3.4949267192784523,149766330.0
2025-04-11,9.13,9.17,9.34,9.09,1973040.0,24090224.0,-0.3260869565217317,-0.02999999999999936,0.013174122648261462,2.717391304347826,149766330.0
2025-04-14,9.24,9.25,9.31,9.18,2915440.0,35538189.0,0.8724100327153872,0.08000000000000007,0.01946659172325315,1.4176663031624948,149766330.0
2025-04-15,9.24,9.38,9.43,9.18,1703800.0,20985571.0,1.4054054054054133,0.13000000000000078,0.011376388805147325,2.7027027027027026,149766330.0
2025-04-16,9.37,9.24,9.41,9.1,1332380.0,16254297.0,-1.4925373134328401,-0.14000000000000057,0.008896392132998117,3.304904051172713,149766330.0
2025-04-17,9.23,9.58,9.68,9.16,2922980.0,36679287.0,3.6796536796536827,0.33999999999999986,0.019516936817507647,5.627705627705623,149766330.0
2025-04-18,9.54,9.44,9.62,9.34,1862700.0,23205645.0,-1.4613778705636848,-0.14000000000000057,0.012437374942685715,2.922755741127342,149766330.0
2025-04-21,9.42,9.46,9.51,9.35,1248000.0,15554044.0,0.21186440677967155,0.02000000000000135,0.008332981117985598,1.6949152542372898,149766330.0
2025-04-22,9.49,9.65,9.69,9.47,2073220.0,26337734.0,2.0084566596194398,0.1899999999999995,0.013843031340889505,2.325581395348825,149766330.0
2025-04-23,9.73,10.05,10.62,9.63,11247315.0,153766191.0,4.145077720207246,0.40000000000000036,0.0750990893614072,10.259067357512937,149766330.0
2025-04-24,9.65,9.94,10.21,9.64,9637738.0,126686215.0,-1.0945273631840946,-0.11000000000000121,0.06435183395359959,5.671641791044778,149766330.0
2025-04-25,9.99,9.9,10.11,9.86,4154747.0,54669476.0,-0.4024144869215207,-0.03999999999999915,0.0277415290873456,2.5150905432595576,149766330.0
2025-04-28,9.9,9.69,9.96,9.59,3045600.0,39086074.0,-2.121212121212135,-0.21000000000000085,0.020335678920622546,3.7373737373737477,149766330.0
2025-04-29,9.64,9.9,10.02,9.62,2630740.0,34320744.0,2.1671826625387025,0.21000000000000085,0.017565630405712684,4.127966976264194,149766330.0
2025-04-30,9.62,9.27,9.62,9.24,6804327.0,83811025.0,-6.363636363636371,-0.6300000000000008,0.04543295545801249,3.8383838383838285,149766330.0
2025-05-06,9.27,9.5,9.52,9.27,4264127.0,52980900.0,2.481121898597638,0.23000000000000043,0.028471866807445973,2.696871628910464,149766330.0
2025-05-07,9.61,9.74,9.84,9.61,3118240.0,40073651.0,2.5263157894736876,0.2400000000000002,0.02082070115492581,2.421052631578952,149766330.0
2025-05-08,9.68,9.92,10.18,9.61,3288740.0,43090388.0,1.848049281314168,0.17999999999999972,0.021959141283624965,5.852156057494869,149766330.0
2025-05-09,9.92,10.05,10.54,9.92,4099585.0,55045770.0,1.310483870967749,0.13000000000000078,0.027373208651103355,6.249999999999992,149766330.0
2025-05-12,10.41,10.02,10.51,9.9,3825720.0,51183469.0,-0.29850746268658135,-0.030000000000001137,0.025544593367547965,6.0696517412935265,149766330.0
2025-05-13,10.05,10.11,10.33,10.01,3029667.0,40547438.0,0.8982035928143617,0.08999999999999986,0.020229293192935954,3.193612774451101,149766330.0
2025-05-14,10.11,10.34,10.58,9.87,8453440.0,114911964.0,2.2749752720079064,0.23000000000000043,0.05644419543431424,7.022749752720088,149766330.0
2025-05-15,10.26,10.4,10.53,10.15,6692683.0,91796513.0,0.5802707930367523,0.0600000000000005,0.044687500855499364,3.6750483558994103,149766330.0
2025-05-16,10.27,10.22,10.36,10.13,4624953.0,62571601.0,-1.7307692307692246,-0.17999999999999972,0.030881126619047152,2.2115384615384484,149766330.0
2025-05-19,10.29,10.22,10.31,10.08,2556480.0,34526559.0,0.0,0.0,0.01706979132091973,2.2504892367906106,149766330.0
2025-05-20,10.22,10.42,10.46,10.13,3167960.0,43021867.0,1.9569471624266033,0.1999999999999993,0.02115268498600453,3.2289628180039145,149766330.0
2025-05-21,10.48,10.22,10.49,10.15,2569600.0,34813137.0,-1.9193857965451033,-0.1999999999999993,0.017157394455749833,3.2629558541266785,149766330.0
2025-05-22,10.15,10.1,10.36,9.99,2219560.0,29668999.0,-1.1741682974559797,-0.120000000000001,0.014820153501791758,3.620352250489229,149766330.0
2025-05-23,10.05,10.05,10.27,9.99,2006000.0,26840601.0,-0.4950495049504844,-0.049999999999998934,0.013394198816249286,2.772277227722766,149766330.0
2025-05-26,10.02,10.12,10.18,10.0,1698123.0,22637603.0,0.6965174129353047,0.06999999999999851,0.011338483088955976,1.7910447761194,149766330.0
2025-05-27,10.08,10.16,10.21,9.97,1712140.0,22879212.0,0.39525691699606735,0.040000000000000924,0.011432075553964633,2.371541501976287,149766330.0
2025-05-28,10.21,10.18,10.24,10.08,1653120.0,22206223.0,0.19685039370078705,0.019999999999999574,0.01103799498859323,1.5748031496063006,149766330.0
2025-05-29,10.15,10.27,10.3,10.12,1933100.0,26163889.0,0.8840864440078589,0.08999999999999986,0.012907440544213108,1.768172888015732,149766330.0
2025-05-30,10.34,10.47,10.49,10.22,3566500.0,48883233.0,1.947419668938677,0.20000000000000107,0.02381376374783304,2.629016553067182,149766330.0
2025-06-03,10.33,10.89,11.04,10.31,5560553.0,79164925.0,4.011461318051568,0.41999999999999993,0.03712819163025494,6.972301814708678,149766330.0
2025-06-04,11.05,11.08,11.49,10.78,4552980.0,66463482.0,1.7447199265381075,0.1899999999999995,0.030400557989235633,6.519742883379255,149766330.0
2025-06-05,11.08,10.99,11.2,10.8,3785900.0,55127965.0,-0.8122743682310474,-0.08999999999999986,0.025278712511684034,3.610108303249085,149766330.0
2025-06-06,10.96,11.52,11.55,10.93,4627684.0,69059875.0,4.8225659690627865,0.5299999999999994,0.03089936169231095,5.641492265696097,149766330.0
2025-06-09,11.49,11.4,11.49,11.21,3443300.0,51457241.0,-1.041666666666663,-0.11999999999999922,0.022991148945160102,2.43055555555555,149766330.0
2025-06-10,11.42,11.24,11.95,11.09,3504480.0,52603269.0,-1.403508771929829,-0.16000000000000014,0.023399651977851096,7.543859649122801,149766330.0
2025-06-11,11.25,11.75,11.77,11.25,3942840.0,60017624.0,4.5373665480427094,0.5099999999999998,0.026326611595543538,4.62633451957295,149766330.0
2025-06-12,11.73,11.77,12.02,11.52,3577860.0,55690530.0,0.17021276595743373,0.019999999999999574,0.02388961524262496,4.25531914893617,149766330.0
2025-06-13,11.77,11.74,11.81,11.35,3061660.0,46623295.0,-0.2548853016142716,-0.02999999999999936,0.02044291263597098,3.908241291418869,149766330.0
2025-06-16,11.74,11.58,11.89,11.47,2558620.0,39419050.0,-1.3628620102214661,-0.16000000000000014,0.017084080246875247,3.577512776831345,149766330.0
2025-06-17,11.7,11.53,11.7,11.38,1316400.0,19963934.0,-0.43177892918826455,-0.05000000000000071,0.008789692583105963,2.763385146804823,149766330.0
2025-06-18,11.53,11.37,11.53,11.13,2050300.0,30547947.0,-1.3876843018213347,-0.16000000000000014,0.013689992937664961,3.4692107545533273,149766330.0
2025-06-19,11.37,11.11,11.58,10.87,2944820.0,43046365.0,-2.2867194371152144,-0.2599999999999998,0.019662763987072396,6.244503078276174,149766330.0
2025-06-20,11.08,11.08,11.24,10.97,1366120.0,19998289.0,-0.27002700270026825,-0.02999999999999936,0.009121676414184684,2.4302430243024262,149766330.0
2025-06-23,11.01,11.49,11.56,10.83,3216120.0,48339203.0,3.700361010830333,0.41000000000000014,0.02147425259068577,6.588447653429606,149766330.0
2025-06-24,11.5,11.97,12.0,11.47,3970220.0,61891616.0,4.177545691906004,0.4800000000000004,0.026509429722955755,4.612706701479541,149766330.0
2025-06-25,12.07,11.92,12.15,11.83,2309620.0,36481872.0,-0.41771094402673903,-0.05000000000000071,0.015421490264200238,2.6733500417710965,149766330.0
2025-06-26,11.98,11.99,12.19,11.62,4501604.0,53697142.0,0.5872483221476488,0.07000000000000028,0.023195045057195475,4.781879194630875,194076105.0
2025-06-27,11.91,12.0,12.14,11.83,3182440.0,38481895.0,0.08340283569641116,0.009999999999999787,0.01639789710330388,2.585487906588828,194076105.0
2025-06-30,12.0,12.32,12.79,11.93,4977448.0,62013205.0,2.6666666666666616,0.3200000000000003,0.025646887338345956,7.166666666666662,194076105.0
2025-07-01,12.32,12.97,13.15,12.32,6765614.0,87075697.0,5.2759740259740395,0.6500000000000004,0.034860623362159913,6.737012987012987,194076105.0
2025-07-02,12.95,12.85,13.3,12.77,4701722.0,61633898.0,-0.9252120277563725,-0.120000000000001,0.024226176633130595,4.0863531225906025,194076105.0
2025-07-03,12.8,12.86,13.13,12.76,3013272.0,39023318.0,0.07782101167315147,0.009999999999999787,0.015526239049366742,2.8793774319066228,194076105.0
2025-07-04,12.86,12.44,12.86,12.34,4296510.0,54315462.0,-3.265940902021769,-0.41999999999999993,0.022138274054912633,4.04354587869362,194076105.0
2025-07-07,12.44,12.55,12.84,12.23,5278014.0,66760696.0,0.8842443729903726,0.11000000000000121,0.02719558907058651,4.903536977491957,194076105.0
2025-07-08,12.5,12.65,12.68,12.31,3149210.0,39659094.0,0.7968127490039834,0.09999999999999964,0.016226675612641753,2.9482071713147344,194076105.0
2025-07-09,12.66,12.29,12.69,12.15,4225582.0,52612277.0,-2.8458498023715473,-0.3600000000000012,0.02177280917710091,4.268774703557305,194076105.0
2025-07-10,12.24,12.5,12.53,12.2,2490414.0,31081975.0,1.7087062652563212,0.21000000000000085,0.012832151593314385,2.6851098454027675,194076105.0
2025-07-11,12.41,12.51,12.65,12.37,3061094.0,38555483.0,0.07999999999999119,0.009999999999999787,0.015772647539479424,2.240000000000009,194076105.0
2025-07-14,12.51,13.22,13.59,12.51,8129364.0,107197806.0,5.675459632294166,0.7100000000000009,0.041887505934849634,8.633093525179856,194076105.0
2025-07-15,13.26,13.38,13.45,13.04,4445777.0,59334803.0,1.210287443267788,0.16000000000000014,0.022907389861312397,3.1013615733736772,194076105.0
2025-07-16,13.37,13.77,14.03,13.12,6098620.0,83934733.0,2.914798206278024,0.3899999999999988,0.03142385818181996,6.801195814648731,194076105.0
2025-07-17,13.89,13.67,14.22,13.49,8511322.0,118452273.0,-0.726216412490921,-0.09999999999999964,0.043855589537928945,5.301379811183736,194076105.0
2025-07-18,13.69,13.4,13.75,13.29,5186422.0,70161505.0,-1.9751280175566932,-0.2699999999999996,0.02672365049782919,3.3650329188002988,194076105.0
2025-07-21,13.4,13.88,14.64,13.39,9356072.0,132084204.0,3.5820895522387985,0.4800000000000004,0.04820826345417433,9.328358208955223,194076105.0
2025-07-22,13.94,14.17,14.36,13.46,11723840.0,164196383.0,2.089337175792494,0.28999999999999915,0.060408467080478555,6.48414985590777,194076105.0
2025-07-23,14.28,14.28,14.76,13.93,11729723.0,170640232.0,0.7762879322512406,0.10999999999999943,0.06043877993120276,5.857445306986592,194076105.0
2025-07-24,14.29,14.47,14.67,14.09,5137030.0,74631751.0,1.3305322128851715,0.19000000000000128,0.02646915239771532,4.061624649859945,194076105.0
2025-07-25,14.52,15.45,15.54,14.4,11086706.0,167954006.0,6.772633033863151,0.9799999999999986,0.05712555906869627,7.878369039391836,194076105.0
2025-07-28,15.44,14.98,15.75,14.19,14060269.0,212650140.0,-3.0420711974110004,-0.46999999999999886,0.07244719281644693,10.097087378640781,194076105.0
2025-07-29,14.98,14.42,14.98,14.26,8450488.0,123527850.0,-3.738317757009346,-0.5600000000000005,0.04354213518454526,4.806408544726306,194076105.0
2025-07-30,14.42,14.0,14.88,13.96,8754810.0,126277939.0,-2.9126213592232997,-0.41999999999999993,0.045110190149374646,6.38002773925104,194076105.0
2025-07-31,13.87,14.03,14.14,13.79,5422410.0,76288574.0,0.2142857142857002,0.02999999999999936,0.027939606475511244,2.50000000000001,194076105.0
2025-08-01,13.99,14.73,14.98,13.99,8940772.0,131765560.0,4.989308624376343,0.7000000000000011,0.046068381267235343,7.056307911617964,194076105.0
2025-08-04,14.74,14.8,14.93,14.49,4575782.0,67742566.0,0.4752206381534396,0.07000000000000028,0.023577255942971446,2.9871011541072607,194076105.0
2025-08-05,14.8,16.27,16.27,14.8,11061244.0,175595658.0,9.932432432432424,1.4699999999999989,0.05699436311337761,9.932432432432424,194076105.0
2025-08-06,16.35,17.05,17.42,15.96,17823117.0,302706742.0,4.794099569760313,0.7800000000000011,0.09183571053221622,8.973570989551327,194076105.0
2025-08-07,16.57,17.4,17.86,16.37,14123722.0,239452358.0,2.052785923753664,0.34999999999999787,0.07277414187594089,8.73900293255131,194076105.0
2025-08-08,17.07,16.9,17.15,16.57,8749129.0,148854902.0,-2.8735632183908066,-0.5,0.04508091812745314,3.3333333333333237,194076105.0
2025-08-11,16.9,16.83,17.32,16.67,8816207.0,150876723.0,-0.41420118343195034,-0.07000000000000028,0.04542654542659953,3.846153846153838,194076105.0
2025-08-12,16.76,16.52,16.84,16.38,5322506.0,88610792.0,-1.8419489007724277,-0.3099999999999987,0.02742483934330813,2.7332144979203856,194076105.0
2025-08-13,16.53,16.59,16.76,16.2,5821846.0,96951874.0,0.4237288135593209,0.07000000000000028,0.029997747533113364,3.3898305084745903,194076105.0
2025-08-14,16.52,15.93,16.67,15.93,5551482.0,90389491.0,-3.9783001808318286,-0.6600000000000001,0.028604665164730095,4.4605183845690295,194076105.0
2025-08-15,15.88,16.51,17.07,15.76,6081306.0,100772782.0,3.640929064657894,0.5800000000000018,0.03133464575662213,8.223477715003142,194076105.0
2025-08-18,16.67,16.2,16.75,16.13,5816526.0,95466738.0,-1.8776499091459842,-0.3100000000000023,0.02997033560623035,3.7552998182919497,194076105.0
2025-08-19,16.21,16.37,16.59,15.93,5593913.0,91618366.0,1.0493827160493963,0.1700000000000017,0.028823295892093464,4.074074074074075,194076105.0
2025-08-20,16.38,16.12,16.65,16.0,6070870.0,99700216.0,-1.527183872938298,-0.25,0.03128087303689447,3.970678069639576,194076105.0
2025-08-21,16.18,15.66,16.19,15.6,5769474.0,92180810.0,-2.8535980148883477,-0.46000000000000085,0.029727894631850736,3.6600496277915737,194076105.0
2025-08-22,15.65,15.49,15.67,15.28,4866934.0,75705159.0,-1.085568326947639,-0.16999999999999993,0.02507745093091187,2.490421455938701,194076105.0
2025-08-25,15.68,15.44,15.75,15.31,4512674.0,70462602.0,-0.32278889606197625,-0.05000000000000071,0.023252084536630618,2.840542285345381,194076105.0
2025-08-26,15.38,15.16,15.4,15.08,4300482.0,65979383.0,-1.813471502590669,-0.27999999999999936,0.02215874025295386,2.072538860103629,194076105.0
2025-08-27,15.14,14.58,15.26,14.49,5192268.0,78076615.0,-3.825857519788922,-0.5800000000000001,0.026753772701693494,5.079155672823217,194076105.0
2025-08-28,14.58,14.37,14.74,13.9,4587460.0,66091450.0,-1.440329218107006,-0.21000000000000085,0.02363742821405036,5.761316872427982,194076105.0
2025-08-29,14.48,14.02,14.48,13.98,5333116.0,76083982.0,-2.435629784272786,-0.34999999999999964,0.027479508618539105,3.479471120389701,194076105.0
2025-09-01,14.04,14.67,15.07,13.98,7914964.0,116779821.0,4.636233951497859,0.6500000000000004,0.040782784670992854,7.774607703281027,194076105.0
2025-09-02,14.61,14.69,14.81,14.25,4302202.0,63017026.0,0.13633265167007913,0.019999999999999574,0.022167602755630324,3.8173142467621033,194076105.0
2025-09-03,14.79,14.14,14.87,14.04,3970741.0,57937943.0,-3.744043567052413,-0.5499999999999989,0.02045971089537272,5.650102110279103,194076105.0
2025-09-04,14.07,14.02,14.52,13.79,4767054.0,68278098.0,-0.8486562942008558,-0.120000000000001,0.024562807461536804,5.162659123055166,194076105.0
2025-09-05,14.15,14.41,14.47,13.89,4153110.0,59602077.0,2.781740370898711,0.39000000000000057,0.021399388657351713,4.13694721825963,194076105.0
2025-09-08,14.38,14.87,14.87,14.3,5687957.0,83798750.0,3.192227619708521,0.4599999999999991,0.02930786868378258,3.95558639833448,194076105.0
2025-09-09,14.65,14.43,14.82,14.39,3465854.0,50944891.0,-2.958977807666441,-0.4399999999999995,0.017858221134435897,2.891728312037658,194076105.0
2025-09-10,14.57,14.39,14.57,14.24,2864162.0,41554194.0,-0.2772002772002735,-0.03999999999999915,0.014757932203967098,2.2869022869022873,194076105.0
2025-09-11,14.43,14.53,14.61,14.22,3081484.0,44703484.0,0.9728978457261839,0.1399999999999988,0.01587770941713819,2.7102154273801164,194076105.0
2025-09-12,14.6,15.17,15.36,14.48,6906916.0,104287510.0,4.40467997247076,0.6400000000000006,0.03558869856750268,6.056434962147275,194076105.0
2025-09-15,15.04,14.61,15.06,13.9,9439866.0,137120943.0,-3.6914963744232088,-0.5600000000000005,0.04864002191305313,7.6466710613052085,194076105.0
2025-09-16,14.55,14.77,14.9,14.53,4549284.0,67562878.0,1.0951403148528494,0.16000000000000014,0.023440721875575565,2.5325119780972005,194076105.0
2025-09-17,14.77,14.84,15.38,14.75,6905070.0,104769237.0,0.4739336492890933,0.07000000000000028,0.03557918683497899,4.265402843601901,194076105.0
2025-09-18,15.03,14.85,15.05,14.44,5064574.0,75338797.0,0.06738544474393926,0.009999999999999787,0.026095814319851484,4.110512129380062,194076105.0
2025-09-19,14.55,14.93,15.46,14.55,5232022.0,79607500.0,0.5387205387205496,0.08000000000000007,0.02695860987111216,6.127946127946129,194076105.0
2025-09-22,14.96,15.04,15.27,14.81,4579924.0,69636114.0,0.7367716008037428,0.10999999999999943,0.02359859808604465,3.0810448760884066,194076105.0
2025-09-23,15.06,14.6,15.13,14.19,4311142.0,63047975.0,-2.9255319148936088,-0.4399999999999995,0.02221366715907659,6.250000000000008,194076105.0
2025-09-24,14.58,14.94,14.97,14.27,4159314.0,61722723.0,2.328767123287667,0.33999999999999986,0.021431355498401,4.794520547945213,194076105.0
2025-09-25,15.32,15.69,15.83,15.19,9320322.0,146409670.0,5.020080321285136,0.75,0.04802405736656762,4.283801874163324,194076105.0
2025-09-26,15.66,16.24,16.82,15.45,9498104.0,155748386.0,3.505417463352445,0.5499999999999989,0.048940100070536764,8.73167622689612,194076105.0
2025-09-29,16.24,16.28,16.5,16.08,7386601.0,120900845.0,0.24630541871923928,0.0400000000000027,0.038060332053757986,2.586206896551735,194076105.0
2025-09-30,16.22,15.73,16.36,15.5,6566456.0,104512335.0,-3.378378378378377,-0.5500000000000007,0.033834293252474404,5.282555282555278,194076937.0
2025-10-09,15.71,16.17,16.28,15.63,6050144.0,98089485.0,2.7972027972028135,0.4400000000000013,0.03117394623762019,4.13223140495868,194076937.0
2025-10-10,16.09,16.2,16.43,16.06,3643930.0,59578803.0,0.18552875695732052,0.029999999999997584,0.018775698217042655,2.2881880024737224,194076937.0
2025-10-13,15.86,16.95,17.02,15.38,6822808.0,112111408.0,4.629629629629628,0.75,0.03515517147717557,10.12345679012345,194076937.0
2025-10-14,17.15,17.18,18.01,16.95,7983098.0,139225716.0,1.3569321533923429,0.23000000000000043,0.041133676795404084,6.253687315634232,194076937.0
2025-10-15,17.18,17.84,18.13,16.81,6851614.0,121926215.0,3.8416763678696064,0.6600000000000001,0.035303597150237384,7.683352735739233,194076937.0
2025-10-16,17.75,16.94,17.76,16.88,5318824.0,92012546.0,-5.044843049327341,-0.8999999999999986,0.027405749916591067,4.932735426008983,194076937.0
2025-10-17,16.95,17.47,18.16,16.95,7510414.0,134362288.0,3.1286894923258313,0.5299999999999976,0.03869812722776019,7.142857142857148,194076937.0
2025-10-20,17.37,17.23,17.84,17.01,4871063.0,84596218.0,-1.3737836290784067,-0.23999999999999844,0.025098618492726932,4.751001717229527,194076937.0
2025-10-21,17.23,17.52,17.57,17.07,3861393.0,67565198.0,1.6831108531630834,0.28999999999999915,0.019896197145774203,2.901915264074289,194076937.0
2025-10-22,17.49,17.54,17.69,17.21,3062554.0,53975891.0,0.11415525114155667,0.019999999999999574,0.015780102712564966,2.739726027397263,194076937.0
2025-10-23,17.44,17.47,17.63,16.75,3488014.0,60647937.0,-0.3990877993158559,-0.07000000000000028,0.01797232609869559,5.017103762827817,194076937.0
2025-10-24,17.62,17.64,17.84,17.13,4559775.0,80208048.0,0.9730967372638899,0.1700000000000017,0.023494677268118675,4.064109902690332,194076937.0
2025-10-27,17.75,18.96,19.15,17.65,9870994.0,184234617.0,7.48299319727892,1.3200000000000003,0.05086124169406074,8.503401360544217,194076937.0
2025-10-28,18.79,19.05,19.35,18.54,6572680.0,126245361.0,0.4746835443038,0.08999999999999986,0.03386636300839806,4.272151898734188,194076937.0
2025-10-29,18.97,18.7,18.99,18.42,4474147.0,84210516.0,-1.8372703412073532,-0.3500000000000014,0.023053470799572647,2.992125984251951,194076937.0
2025-10-30,18.7,18.5,19.33,18.14,4036741.0,75820375.0,-1.0695187165775333,-0.1999999999999993,0.020799694504659252,6.363636363636352,194076937.0
2025-10-31,18.5,18.61,18.66,18.16,3384136.0,62733641.0,0.5945945945945885,0.10999999999999943,0.017437084757783456,2.7027027027027026,194076937.0
2025-11-03,18.83,19.8,20.3,18.46,8491253.0,166606739.0,6.394411606663097,1.1900000000000013,0.04375199408675746,9.887157442235358,194076937.0
2025-11-04,19.99,19.0,19.99,18.31,9173601.0,174410767.0,-4.040404040404044,-0.8000000000000007,0.04726785748890915,8.484848484848483,194076937.0
2025-11-05,18.48,18.84,19.14,18.4,4130380.0,78354464.0,-0.8421052631578996,-0.16000000000000014,0.021282178417727192,3.894736842105274,194076937.0
2025-11-06,18.9,18.49,18.9,18.12,4532298.0,83998817.0,-1.8577494692144425,-0.3500000000000014,0.02335309939480341,4.140127388535019,194076937.0
2025-11-07,18.36,17.84,18.46,17.59,4503784.0,81214577.0,-3.515413737155215,-0.6499999999999986,0.02320617827969946,4.705246078961607,194076937.0
2025-11-10,17.75,17.52,17.86,17.0,4637426.0,81807881.0,-1.7937219730941756,-0.3200000000000003,0.02389478148039816,4.82062780269058,194076937.0
2025-11-11,17.5,17.32,17.54,17.13,3243342.0,56559021.0,-1.1415525114155223,-0.1999999999999993,0.016711630192308733,2.3401826484018273,194076937.0
2025-11-12,17.33,17.28,17.84,17.17,3834828.0,67335322.0,-0.2309468822170868,-0.03999999999999915,0.019759318439779374,3.8683602771362477,194076937.0
2025-11-13,17.37,17.41,17.82,17.13,3345180.0,58759398.0,0.752314814814814,0.129999999999999,0.01723636023789885,3.993055555555563,194076937.0
2025-11-14,17.96,17.36,18.06,17.13,4934801.0,86608167.0,-0.28719126938541173,-0.05000000000000071,0.025427034640391095,5.341757610568637,194076937.0
2025-11-17,17.09,17.07,17.36,16.75,4243772.0,72601661.0,-1.6705069124423932,-0.28999999999999915,0.02186644155456761,3.5138248847926232,194076937.0
2025-11-18,17.16,16.93,17.16,16.64,2852840.0,48481967.0,-0.8201523140011768,-0.14000000000000057,0.014699531248269854,3.046280023432921,194076937.0
2025-11-19,16.92,16.49,16.98,16.33,2378560.0,39668914.0,-2.5989367985824074,-0.4400000000000013,0.012255758137815211,3.8393384524512824,194076937.0
2025-11-20,16.58,16.48,16.58,16.13,2181808.0,35970864.0,-0.060642813826550235,-0.00999999999999801,0.011241974619580894,2.7289266221952655,194076937.0
2025-11-21,16.55,15.77,16.55,15.53,3378892.0,54124351.0,-4.308252427184467,-0.7100000000000009,0.01741006454569097,6.189320388349523,194076937.0
2025-11-24,15.93,15.96,16.06,15.48,2949598.0,47087855.0,1.2048192771084487,0.19000000000000128,0.015198086107469843,3.6778693722257345,194076937.0
2025-11-25,16.08,16.06,16.11,15.63,4058166.0,64903464.0,0.6265664160400863,0.09999999999999787,0.02091008886851919,3.0075187969924726,194076937.0
2025-11-26,16.04,16.09,16.44,15.91,4189210.0,68164311.0,0.18679950186799577,0.030000000000001137,0.021585305625469554,3.300124533001253,194076937.0
2025-11-27,15.98,16.1,16.23,15.94,3951192.0,64164494.0,0.06215040397763438,0.010000000000001563,0.020358895091177165,1.8023617153511555,194076937.0
2025-11-28,16.05,15.92,16.11,15.57,3453783.0,55325798.0,-1.1180124223602594,-0.1800000000000015,0.01779594759371125,3.3540372670807397,194076937.0
2025-12-01,15.92,15.76,16.16,15.66,3406260.0,54668129.0,-1.005025125628145,-0.16000000000000014,0.017551080786069907,3.1407035175879394,194076937.0
2025-12-02,15.75,15.46,15.88,15.41,2775874.0,43749605.0,-1.9035532994923776,-0.29999999999999893,0.014302956564076442,2.982233502538075,194076937.0
2025-12-03,15.51,15.27,15.66,15.18,3084838.0,47768950.0,-1.2289780077619716,-0.19000000000000128,0.015894923156170793,3.10478654592497,194076937.0
2025-12-04,15.37,15.63,16.27,15.08,6157338.0,97442198.0,2.3575638506876384,0.3600000000000012,0.03172627358602635,7.793058284217416,194076937.0
2025-12-05,15.63,15.95,15.95,15.28,3551180.0,55621204.0,2.047344849648103,0.3199999999999985,0.01829779496159299,4.286628278950736,194076937.0
2025-12-08,15.91,15.98,16.53,15.91,6530740.0,106524325.0,0.18808777429468737,0.030000000000001137,0.03365026314280712,3.8871473354232036,194076937.0
2025-12-09,15.96,16.08,16.56,15.88,6205296.0,101435415.0,0.6257822277847103,0.09999999999999787,0.03197338177281724,4.255319148936157,194076937.0
2025-12-10,16.01,15.92,16.18,15.63,3648410.0,58182450.0,-0.995024875621886,-0.15999999999999837,0.01879878184598513,3.420398009950242,194076937.0
2025-12-11,15.88,15.32,16.13,15.28,3668090.0,57487398.0,-3.7688442211055273,-0.5999999999999996,0.018900184930268144,5.339195979899496,194076937.0
2025-12-12,15.33,15.95,16.83,15.33,9202226.0,149093957.0,4.112271540469958,0.629999999999999,0.047415350542140924,9.791122715404688,194076937.0
2025-12-15,15.63,15.53,16.06,15.45,4614926.0,73167982.0,-2.63322884012539,-0.41999999999999993,0.023778848076111178,3.824451410658304,194076937.0
2025-12-16,15.46,14.97,15.75,14.79,3674113.0,55543920.0,-3.605924018029616,-0.5599999999999987,0.018931219014446832,6.181584030907926,194076937.0
2025-12-17,14.97,14.77,15.12,14.48,2846416.0,42097910.0,-1.3360053440213848,-0.20000000000000107,0.014666430973196986,4.275217100868396,194076937.0
2025-12-18,14.84,14.67,14.94,14.54,2656482.0,39421880.0,-0.677048070413,-0.09999999999999964,0.013687777852759497,2.708192281652,194076937.0
2025-12-19,14.84,15.11,15.27,14.7,3233860.0,49089772.0,2.999318336741652,0.4399999999999995,0.016662773279444328,3.885480572597139,194076937.0
2025-12-22,15.08,15.02,15.23,14.94,2042680.0,30943748.0,-0.595632031767046,-0.08999999999999986,0.010525104278619154,1.9192587690271408,194076937.0
2025-12-23,14.99,14.9,15.04,14.75,1640606.0,24582405.0,-0.7989347536617841,-0.11999999999999922,0.008453379496606545,1.930758988015973,194076937.0
2025-12-24,15.1,15.01,15.1,14.89,1424276.0,21525383.0,0.7382550335570448,0.10999999999999943,0.007338718458855315,1.4093959731543562,194076937.0
2025-12-25,14.96,15.42,15.55,14.93,4073850.0,62911884.0,2.731512325116592,0.41000000000000014,0.020990902180200836,4.130579613590946,194076937.0
2025-12-26,15.41,15.03,15.46,14.93,3341294.0,51086056.0,-2.529182879377434,-0.39000000000000057,0.01721633725082955,3.4370946822308763,194076937.0
2025-12-29,15.14,15.55,15.78,14.91,5850343.0,90785291.0,3.459747172322025,0.5200000000000014,0.030144452454956047,5.78842315369261,194076937.0
2025-12-30,15.36,15.95,16.23,15.03,7751535.0,122321455.0,2.5723472668810254,0.3999999999999986,0.0399405262666527,7.717041800643093,194076937.0
2025-12-31,16.18,15.55,16.26,15.5,7000716.0,111259263.0,-2.507836990595602,-0.3999999999999986,0.03607173569636471,4.764890282131671,194077603.00000003
2026-01-05,15.55,15.8,16.03,15.28,5792704.0,91797404.0,1.6077170418006492,0.25,0.029847359563689578,4.823151125401941,194077603.00000003
2026-01-06,15.8,15.69,16.02,15.61,4816356.0,76411678.0,-0.6962025316455733,-0.11000000000000121,0.024816650275714707,2.59493670886076,194077603.00000003
2026-01-07,15.61,15.24,15.76,15.17,4312534.0,66809105.0,-2.8680688336520044,-0.4499999999999993,0.022220668090176275,3.7603569152326313,194077603.00000003
2026-01-08,15.2,15.48,15.58,15.13,3284706.0,51018472.0,1.5748031496062964,0.2400000000000002,0.016924704083448514,2.9527559055118067,194077603.00000003
2026-01-09,15.53,15.46,15.66,15.2,3946087.0,61315781.0,-0.12919896640826156,-0.019999999999999574,0.02033252131622833,2.9715762273901865,194077603.00000003
2026-01-12,15.48,15.39,15.7,15.13,5959480.0,92525495.0,-0.4527813712807305,-0.07000000000000028,0.030706685922950106,3.686934023285889,194077603.00000003
2026-01-13,15.4,15.18,15.57,15.18,3981814.0,61716575.0,-1.3645224171540016,-0.21000000000000085,0.02051660747273347,2.5341130604288535,194077603.00000003
2026-01-14,15.27,15.36,15.75,15.18,4716562.0,73566120.0,1.1857707509881354,0.17999999999999972,0.02430245390036067,3.7549407114624525,194077603.00000003
2026-01-15,15.33,14.99,15.33,14.92,3096440.0,47171906.0,-2.408854166666663,-0.3699999999999992,0.01595464882158504,2.6692708333333344,194077603.00000003
2026-01-16,15.09,15.19,15.31,14.88,3408595.0,51914081.0,1.3342228152101399,0.1999999999999993,0.017563051827263136,2.868579052701799,194077603.00000003
2026-01-19,15.26,16.13,16.16,15.16,8963713.0,142542587.0,6.188281764318626,0.9399999999999995,0.046186230978955356,6.583278472679395,194077603.00000003
2026-01-20,16.24,16.03,16.37,15.66,6622777.0,107007080.0,-0.6199628022318548,-0.09999999999999787,0.03412437549530122,4.4017358958462545,194077603.00000003
2026-01-21,16.04,16.12,16.36,15.91,3531940.0,57243137.0,0.5614472863381126,0.08999999999999986,0.01819859656861075,2.8072364316905754,194077603.00000003
2026-01-22,16.13,15.76,16.14,15.68,3704313.0,59117585.0,-2.2332506203474045,-0.3600000000000012,0.01908676190729746,2.8535980148883424,194077603.00000003
2026-01-23,15.79,15.79,15.86,15.55,3471092.0,54883694.0,0.1903553299492433,0.02999999999999936,0.017885072498551,1.967005076142124,194077603.00000003
2026-01-26,15.87,15.49,16.16,15.39,4077442.0,64436366.0,-1.899936668777702,-0.29999999999999893,0.021009338207871413,4.876504116529447,194077603.00000003
2026-01-27,15.46,15.63,15.68,14.99,4138022.0,63998706.0,0.9038089089735246,0.14000000000000057,0.021321481387009913,4.4544867656552585,194077603.00000003
2026-01-28,15.78,15.38,15.78,15.36,2609202.0,40808957.0,-1.599488163787588,-0.25,0.01344411699066584,2.687140115163147,194077603.00000003
2026-01-29,15.38,15.02,15.57,14.97,2997268.0,45942804.0,-2.3407022106632036,-0.3600000000000012,0.01544365734978703,3.9011703511053293,194077603.00000003
2026-01-30,15.02,15.28,15.43,14.9,3544995.0,54431221.0,1.7310252996005415,0.2599999999999998,0.018265863475240878,3.5286284953395435,194077603.00000003
2026-02-02,15.36,14.99,15.45,14.98,3001948.0,46097816.0,-1.8979057591622994,-0.28999999999999915,0.015467771415128203,3.075916230366485,194077603.00000003
2026-02-03,15.2,15.26,15.34,14.94,2816065.0,42976767.0,1.8012008005336755,0.2699999999999996,0.014509994746792083,2.6684456304202824,194077603.00000003
2026-02-04,15.25,15.27,15.53,15.14,2438600.0,37682292.0,0.0655307994757548,0.009999999999999787,0.012565076867731098,2.5557011795543825,194077603.00000003
2026-02-05,15.21,15.18,15.35,15.13,1898190.0,29070839.0,-0.5893909626719096,-0.08999999999999986,0.009780572155974122,1.4407334643090954,194077603.00000003
2026-02-06,15.15,15.22,15.46,14.99,2821970.0,43517208.0,0.26350461133071157,0.040000000000000924,0.014540420720262088,3.096179183135709,194077603.00000003
2026-02-09,15.38,15.64,15.83,15.24,3716758.0,58466906.0,2.759526938239154,0.41999999999999993,0.019150885741308334,3.876478318002627,194077603.00000003
2026-02-10,15.64,15.57,15.65,15.43,2102586.0,32947798.0,-0.4475703324808178,-0.07000000000000028,0.010833738502015607,1.4066496163682904,194077603.00000003
2026-02-11,15.56,15.58,15.68,15.41,1576750.0,24781025.0,0.06422607578677741,0.009999999999999787,0.00812432746296851,1.734104046242772,194077603.00000003
2026-02-12,15.54,15.41,15.58,15.22,1919440.0,29878822.0,-1.0911424903722766,-0.16999999999999993,0.009890064439841622,2.3106546854942196,194077603.00000003
2026-02-13,15.36,15.29,15.58,15.23,2356124.0,36602768.0,-0.7787151200519205,-0.120000000000001,0.012140112839295525,2.2712524334847477,194077603.00000003
2026-02-24,15.37,15.75,15.85,15.37,2841318.0,44927705.0,3.00850228907783,0.46000000000000085,0.014640112800651188,3.1393067364290412,194077603.00000003
2026-02-25,15.82,15.61,15.82,15.54,2284760.0,35979225.0,-0.8888888888888946,-0.14000000000000057,0.011772404258311041,1.777777777777785,194077603.00000003
2026-02-26,15.61,15.58,15.67,15.41,2549800.0,39960929.0,-0.1921844971172315,-0.02999999999999936,0.013138043548487147,1.6655989750160143,194077603.00000003
2026-02-27,15.58,15.56,15.61,15.41,2314950.0,36131573.0,-0.12836970474967568,-0.019999999999999574,0.011927960590073856,1.2836970474967861,194077603.00000003
2026-03-02,15.38,15.33,15.7,15.28,3367870.0,52375252.0,-1.4781491002570757,-0.23000000000000043,0.017353213085592362,2.6992287917737787,194077603.00000003
2026-03-03,15.33,14.52,15.47,14.4,3969386.0,59826862.0,-5.283757338551864,-0.8100000000000005,0.02045257123254969,6.979778212654927,194077603.00000003
2026-03-04,14.23,14.11,14.5,13.91,2976992.0,42616989.0,-2.8236914600551,-0.41000000000000014,0.01533918367695421,4.0633608815427,194077603.00000003
2026-03-05,14.51,14.44,14.6,14.3,2521736.0,36774334.0,2.3387668320340227,0.33000000000000007,0.012993441597689144,2.1261516654854637,194077603.00000003
2026-03-06,14.43,15.2,15.33,14.31,3568386.0,53538153.0,5.263157894736836,0.7599999999999998,0.01838638742874416,7.063711911357339,194077603.00000003
2026-03-09,15.07,14.98,15.33,14.68,3823756.0,57462767.0,-1.4473684210526194,-0.21999999999999886,0.01970220128903797,4.276315789473687,194077603.00000003
2026-03-10,15.21,15.21,15.28,15.06,3036108.0,46418603.0,1.5353805073431204,0.23000000000000043,0.0156437834818065,1.4686248331108067,194077603.00000003
2026-03-11,15.28,15.02,15.4,14.93,3479872.0,53012843.0,-1.2491781722551054,-0.19000000000000128,0.01793031213395602,3.0900723208415557,194077603.00000003
2026-03-12,15.02,14.75,15.07,14.66,3181554.0,47569249.0,-1.797603195739017,-0.2699999999999996,0.016393205350954378,2.7296937416777642,194077603.00000003
2026-03-13,14.71,14.47,14.93,14.35,3073105.0,45276282.0,-1.898305084745755,-0.27999999999999936,0.015834413412453365,3.932203389830509,194077603.00000003
2026-03-16,14.48,14.5,14.65,14.35,2953658.0,43136041.0,0.20732550103661485,0.02999999999999936,0.015218953420400598,2.07325501036628,194077603.00000003
2026-03-17,14.55,13.95,14.6,13.9,2923312.0,41861343.0,-3.7931034482758696,-0.5500000000000007,0.015062593286459744,4.827586206896547,194077603.00000003
2026-03-18,13.95,14.18,14.19,13.92,2460878.0,34886735.0,1.6487455197132572,0.23000000000000043,0.012679866001848753,1.9354838709677389,194077603.00000003
2026-03-19,14.09,13.8,14.13,13.7,2305720.0,32303700.0,-2.6798307475317307,-0.379999999999999,0.011880402294539879,3.0324400564175,194077603.00000003
2026-03-20,13.8,13.19,13.97,13.16,3043032.0,41178275.0,-4.420289855072468,-0.6100000000000012,0.01567945993232408,5.869565217391308,194077603.00000003
2026-03-23,12.92,12.59,13.25,12.39,3454536.0,44501052.0,-4.5489006823351,-0.5999999999999996,0.017799766416117576,6.520090978013643,194077603.00000003
2026-03-24,12.69,13.32,13.34,12.62,3775694.0,49446331.0,5.798252581413821,0.7300000000000004,0.01945455808210904,5.718824463860211,194077603.00000003
2026-03-25,13.34,13.72,13.72,13.34,2652462.0,36319898.0,3.003003003003002,0.40000000000000036,0.013667017517729748,2.8528528528528585,194077603.00000003
2026-03-26,13.69,13.44,13.84,13.31,2549968.0,34740518.0,-2.0408163265306256,-0.28000000000000114,0.013138909181601958,3.8629737609329395,194077603.00000003
2026-03-27,13.38,13.75,13.79,13.28,2113240.0,28983913.0,2.3065476190476275,0.3100000000000005,0.010888634068713224,3.7946428571428554,194077603.00000003
2026-03-30,13.67,14.39,14.49,13.49,5735850.0,81638864.0,4.654545454545467,0.6400000000000006,0.029554414890418854,7.2727272727272725,194077603.00000003
2026-03-31,14.57,14.12,15.16,13.9,8732547.0,126016734.0,-1.8763029881862514,-0.27000000000000135,0.04499511087534298,8.756080611535786,194077686.0
2026-04-01,14.33,14.65,14.77,14.33,6095549.0,89799272.0,3.7535410764872656,0.5300000000000011,0.031407778635612955,3.1161473087818665,194077686.0
2026-04-02,14.65,14.38,14.67,14.15,4469912.0,64793660.0,-1.8430034129692796,-0.2699999999999996,0.02303156067101913,3.5494880546075054,194077686.0
2026-04-03,14.45,13.89,14.45,13.87,2857034.0,40487993.0,-3.4075104311543813,-0.4900000000000002,0.014721084421833019,4.033379694019472,194077686.0
2026-04-07,13.93,14.34,14.39,13.83,3762664.0,53912316.0,3.239740820734327,0.4499999999999993,0.019387411698632888,4.031677465802739,194077686.0
2026-04-08,14.7,14.45,14.7,14.24,3548862.0,51526855.0,0.7670850767085069,0.10999999999999943,0.018285780674446004,3.207810320781026,194077686.0
2026-04-09,15.9,15.9,15.9,15.78,8875601.0,142117965.0,10.034602076124566,1.450000000000001,0.04573220746253127,0.8304498269896263,194077686.0
2026-04-10,16.36,16.68,17.33,16.14,26911169.0,450382015.0,4.9056603773584895,0.7799999999999994,0.13866183977482088,7.484276729559734,194077686.0
2026-04-13,16.23,17.71,18.35,16.06,25868300.0,451027940.0,6.175059952038375,1.0300000000000011,0.13328837813946318,13.72901678657076,194077686.0
2026-04-14,17.16,16.93,17.27,16.48,19124173.0,323603634.0,-4.404291360813106,-0.7800000000000011,0.09853875215721605,4.460756634669673,194077686.0
2026-04-15,16.77,16.42,16.83,16.37,13241558.0,220123704.0,-3.0124040165386723,-0.509999999999998,0.06822813210994282,2.7170702894270367,194077686.0
2026-04-16,16.5,17.5,17.65,16.43,18081245.0,312548868.0,6.577344701583421,1.0799999999999983,0.09316498651988256,7.429963459196094,194077686.0
2026-04-17,17.37,17.74,18.35,17.05,15561793.0,279392863.0,1.3714285714285568,0.23999999999999844,0.080183318962284,7.428571428571433,194077686.0
2026-04-20,17.74,17.81,18.1,17.61,10074719.0,181100285.0,0.3945885005637084,0.07000000000000028,0.05191075392356028,2.7621195039458963,194077686.0
2026-04-21,17.86,18.11,18.93,17.86,11044032.0,204032240.0,1.6844469399214024,0.3000000000000007,0.05690521268890232,6.007860752386303,194077686.0
2026-04-22,17.97,17.93,18.4,17.71,8204014.0,148267958.0,-0.993926007730539,-0.17999999999999972,0.042271804497916364,3.8100496963003745,194077686.0
2026-04-23,17.8,17.63,18.16,17.54,6955916.0,124649692.0,-1.673173452314558,-0.3000000000000007,0.035840884871226254,3.4578918014500895,194077686.0
2026-04-24,17.74,17.86,18.0,17.47,5539986.0,99271654.0,1.3045944412932498,0.23000000000000043,0.02854519813266941,3.006239364719235,194077686.0
2026-04-27,17.76,17.71,17.84,17.37,5402200.0,95805405.0,-0.8398656215005573,-0.14999999999999858,0.02783524531511572,2.6315789473684146,194077686.0
2026-04-28,17.45,17.29,17.76,17.15,6164654.0,108201971.0,-2.371541501976293,-0.4200000000000017,0.031763847390472284,3.444381705251287,194077686.0
2026-04-29,16.95,17.67,17.82,16.95,6369099.0,112626147.0,2.197802197802212,0.38000000000000256,0.032817265762329836,5.031810294968196,194077686.0
2026-04-30,17.56,16.82,17.56,16.47,10283500.0,174788417.0,-4.810413129598201,-0.8500000000000014,0.052986513864350174,6.1686474250141465,194077686.0
2026-05-06,16.65,16.28,16.68,16.2,17845570.0,294535249.0,-3.210463733650415,-0.5399999999999991,0.0919506532038928,2.8537455410225947,194077686.0
2026-05-07,16.08,16.37,16.61,15.93,13129906.0,215902503.0,0.5528255528255421,0.08999999999999986,0.0676528367099348,4.176904176904174,194077686.0
2026-05-08,16.27,18.01,18.01,16.19,15356494.0,265244894.0,10.018326206475269,1.6400000000000006,0.07912550029064135,11.117898594990837,194077686.0
2026-05-11,18.84,19.82,19.82,18.48,20715451.0,407892236.0,10.049972237645743,1.8099999999999987,0.10673793276780928,7.440310938367572,194077686.0
2026-05-12,19.82,19.3,20.65,18.87,27851429.0,545360236.0,-2.6236125126135157,-0.5199999999999996,0.14350660075367963,8.980827447023197,194077686.0
2026-05-13,18.85,18.92,19.1,18.55,22735883.0,432578631.0,-1.968911917098437,-0.379999999999999,0.11714836191936048,2.8497409326424905,194077686.0
2026-05-14,18.96,18.26,19.44,18.21,20295690.0,383703965.0,-3.488372093023251,-0.6600000000000001,0.10457508237191163,6.501057082452433,194077686.0
2026-05-15,18.59,18.68,19.18,18.24,22258944.0,419954086.0,2.300109529025174,0.41999999999999815,0.11469089754089504,5.147864184008768,194077686.0
2026-05-18,18.11,17.53,18.55,17.33,20670691.0,368538416.0,-6.156316916488214,-1.1499999999999986,0.10650730347228068,6.531049250535345,194077686.0
2026-05-19,17.37,17.3,18.06,16.96,15002266.0,263072615.0,-1.312036508841985,-0.23000000000000043,0.07730031364862831,6.274957216200786,194077686.0
2026-05-20,17.12,17.59,17.86,16.72,14566711.0,252246996.0,1.676300578034673,0.28999999999999915,0.06472006656306778,6.589595375722547,225072559.0
2026-05-21,17.55,16.69,17.84,16.69,13295445.0,230490457.0,-5.116543490619662,-0.8999999999999986,0.059071816924603414,6.537805571347348,225072559.0
2026-05-22,16.86,16.88,17.35,16.81,14080888.0,241069464.0,1.13840623127619,0.18999999999999773,0.06256154931796906,3.2354703415218853,225072559.0
2026-05-25,16.91,16.23,17.04,16.16,11621242.0,191859726.0,-3.8507109004739304,-0.6499999999999986,0.051633313504024274,5.213270142180089,225072559.0
2026-05-26,16.09,15.38,16.19,15.26,12057986.0,188891314.0,-5.237215033887854,-0.8499999999999996,0.053573772180730395,5.730129390018494,225072559.0
2026-05-27,15.28,14.98,15.41,14.83,7720072.0,117079961.0,-2.6007802340702213,-0.40000000000000036,0.034300369775419844,3.771131339401821,225072559.0
2026-05-28,15.01,14.99,15.31,14.73,6992546.0,105587815.0,0.06675567423231055,0.009999999999999787,0.029351471406131573,3.871829105473966,238234939.0
2026-05-29,15.0,14.63,15.17,14.5,6855270.0,102447543.0,-2.401601067378245,-0.35999999999999943,0.028775250300292855,4.469646430953969,238234939.0
2026-06-01,14.63,14.54,14.84,14.35,6830148.0,100492531.0,-0.6151742993848353,-0.09000000000000163,0.028669799772736107,3.349282296650719,238234939.0
2026-06-02,14.59,14.3,14.66,14.0,6314323.0,90309581.0,-1.6506189821182793,-0.23999999999999844,0.026504605187234943,4.5392022008253115,238234939.0
2026-06-03,14.17,13.98,14.28,13.94,5975932.0,84914637.0,-2.237762237762242,-0.3200000000000003,0.025084196403282393,2.3776223776223766,238234939.0
2026-06-04,13.95,13.7,14.05,13.57,7638221.0,105758920.0,-2.002861230329045,-0.28000000000000114,0.03206171618681003,3.433476394849788,238234939.0
2026-06-05,13.7,13.9,14.12,13.38,7792499.0,108268128.0,1.4598540145985384,0.20000000000000107,0.032709303818782016,5.401459854014588,238234939.0
2026-06-08,13.55,13.31,13.78,13.06,6159476.0,83208566.0,-4.244604316546763,-0.5899999999999999,0.02585462915664104,5.1798561151079054,238234939.0
2026-06-09,13.37,13.34,13.45,13.13,5109678.0,68451672.0,0.22539444027047661,0.02999999999999936,0.021448063081964647,2.4042073628850376,238234939.0
2026-06-10,13.22,13.03,13.34,12.92,4827538.0,63529049.0,-2.3238380809595283,-0.3100000000000005,0.02026376995861216,3.1484257871064467,238234939.0
2026-06-11,13.04,12.99,13.09,12.8,4340983.0,56657296.0,-0.3069838833461125,-0.03999999999999915,0.018221437284646144,2.225633154259395,238234939.0
2026-06-12,13.18,13.24,13.37,12.91,5427487.0,72158843.0,1.9245573518090753,0.25,0.022782078156890328,3.5411855273287074,238234939.0
2026-06-15,13.27,13.61,13.7,13.27,6263570.0,85442587.0,2.794561933534734,0.3699999999999992,0.026291567585726795,3.247734138972808,238234939.0
2026-06-16,13.61,13.55,13.71,13.35,5459118.0,74382990.0,-0.4408523144746379,-0.05999999999999872,0.02291485045356844,2.645113886847915,238234939.0
2026-06-17,13.42,13.32,13.56,13.24,4632928.0,62445389.0,-1.697416974169741,-0.23000000000000043,0.019446887259471208,2.3616236162361646,238234939.0
2026-06-18,13.16,13.35,13.4,13.06,4971213.0,66554118.0,0.22522522522521182,0.02999999999999936,0.020866851104488916,2.5525525525525516,238234939.0
2026-06-22,13.27,13.56,13.6,13.01,5708918.0,76054240.0,1.573033707865168,0.21000000000000085,0.023963395226423947,4.419475655430711,238234939.0
2026-06-23,13.47,13.75,13.99,13.47,5908592.0,81567591.0,1.4011799410029502,0.1899999999999995,0.024801534253546243,3.834808259587017,238234939.0
